epoch,train_loss,train_nll,train_nll_nonctx,train_kl,beta,train_var_min,train_var_mean,train_var_max,train_mae,val_loss,val_nll,val_nll_nonctx,val_kl,val_var_min,val_var_mean,val_var_max,val_mae
1,2.405085991013725,2.405085991013725,2.3994772884080993,8.340932956281698,0.0,0.3858094645558663,2.017066092985981,4.593327414314702,137.8715025703862,7.889150497648453,1.571317850218879,1.5731594112184313,6.3178326500786675,0.7457522994942135,2.4124537812338933,4.634912199444241,109.61392415364585
2,1.4766966464384548,1.460874152633379,1.4599513197844882,7.911249064049631,0.002,0.3514868274049939,1.8566498733916372,4.313013666080979,100.63789338885613,7.344663143157959,1.416160273551941,1.4195212046305339,5.928502877553304,0.4617902566989263,1.7680381218592325,3.648237048255073,97.83439297146268
3,1.3064111291237597,1.2789306370717175,1.2789750773951691,6.870120651317093,0.004,0.22510175484250178,1.265461875582641,3.158293089776669,89.20364480648401,6.60400385591719,1.218568460146586,1.2242649157842,5.38543543153339,0.20310857138699956,1.062346269024743,2.416049679120382,85.7030012342665
4,1.1561230072435342,1.1168953596421007,1.1232835796644103,6.537942602949323,0.006,0.10472779394180146,0.8285197840546662,2.5012433214007683,84.34857048178618,5.729729003376432,1.0746257821718852,1.0818216681480408,4.655103132459852,0.10755195460385747,0.7344806366496616,1.7642443219820658,78.65482364230687
5,1.045253947096051,1.008336530541474,1.0176158356216718,4.614676824155843,0.008,0.07957420751171292,0.6236991055731503,1.8577985381180386,78.1261884581368,5.09789929654863,0.9367639727062649,0.9431336548593309,4.161135258939531,0.10676439884636137,0.5863876952065362,1.3858738236957127,74.43028013441297
6,0.9736727835997095,0.9073938884825077,0.9200992168120619,6.627889626431015,0.01,0.05873002498498503,0.5034583362768281,1.4786684220691897,76.35868007731888,4.341426128811306,0.8124026682641771,0.8190044456058079,3.5290234320693545,0.07317102899154028,0.48055890070067514,1.1650945583979289,70.63516769409179
7,0.9018747525395088,0.8347511415211659,0.8334851568599917,5.593634085835151,0.012,0.04017963538051776,0.46492850218179094,1.3599239430337582,71.8267743812417,3.9415675083796184,0.747576195663876,0.753479360209571,3.1939912994702655,0.047569507194889914,0.44342342813809715,1.0946244186825222,68.84660491943359
8,0.7932272767120937,0.7429503787238643,0.7481948305975716,3.591206620324333,0.014,0.029274226974625634,0.410992904654089,1.228250576640075,71.02933991630123,3.7599935968716944,0.7468095964855618,0.754024201631546,3.0131840080022814,0.030450513089696565,0.35985110468334625,0.9432789789305793,66.8190791659885
9,0.8085377036400561,0.7235849814594917,0.7419767649668567,5.309544772472021,0.016,0.029772725131995272,0.38246608792610887,1.1447884451668218,71.13060112719266,3.3112994617886016,0.6442703511979845,0.6521806928846571,2.6670291347636117,0.042723947804835107,0.3726411872439914,0.9146571503745184,65.46917775472005
10,0.7362986769316331,0.6334220412767159,0.6358485756055364,5.715368693729617,0.018,0.01962724760315328,0.36774751262844735,1.1273023632337462,69.14290921193249,2.6135323921839397,0.5770927468935648,0.5846399075455135,2.0364396557211877,0.019601579424407746,0.36199421021673417,0.8810120185216268,63.95042334662541
11,0.7012457690148983,0.6121820188918203,0.6216505113637673,4.453187323966116,0.02,0.016651358402703167,0.3532277334411189,1.0076962855626952,68.89513094920032,2.1938543624348115,0.5375388350751665,0.5464609993828667,1.6563155396117104,0.020692461563481226,0.3184701124827067,0.7992929312917921,63.276712883843324
12,0.6250438707054786,0.544003574353344,0.5439160938532848,3.6836498211014947,0.022,0.012896236295829405,0.3207613932636549,0.913188174085797,67.00885153716465,1.9704983717865412,0.47611224253972373,0.4848923881848653,1.49438613222705,0.014370747055444453,0.32439327438672383,0.837400754292806,63.00580317179362
13,0.5642958587070681,0.5008369245619144,0.5106138845659652,2.6441222418029353,0.024,0.010625283558905687,0.3170423575167386,0.9424220109885594,65.83264174551334,1.880005696747038,0.39273391366004945,0.40116202467017703,1.4872718003061083,0.0099809432712694,0.3045530570877923,0.772005910343594,61.72110375298394
14,0.5714944556074323,0.47217462197789606,0.47612170003495125,3.8199935690411984,0.026,0.008216160744920655,0.2935698369763932,0.8264208840874007,65.84568671460421,1.634819491042031,0.4024088809887568,0.41099684006638,1.232410614689191,0.010726372018042538,0.31284355454974705,0.8236633512708876,60.53832083808051
15,0.4853016149322942,0.4013368166842551,0.4149156851026247,2.9987426321461514,0.028,0.007008747250403998,0.29419025132116283,0.857599268544395,65.02598219097786,1.4079400281111398,0.2811485704448488,0.2919413712289598,1.1267914596531126,0.0066776288569801385,0.27102040946483613,0.727899412314097,60.12703764173719
16,0.3966339030918085,0.32113001903273025,0.3344826318745343,2.5167961907836625,0.03,0.004712994025914736,0.26965552821474253,0.8003123290133927,63.34581367924528,1.3522262604700193,0.24055895018908713,0.25179955884814265,1.1116673014230198,0.0049427365159822835,0.26154679126209684,0.7229375733269585,59.398457505967876
17,0.40222366182309277,0.29807980442946813,0.2945085125711729,3.2544953598166413,0.032,0.004623744909141986,0.2702328084774737,0.8056780347284281,60.851838093883586,1.2581490076250503,0.22708982096778021,0.23890757660071055,1.0310591881473858,0.005380578463276228,0.25540052321222095,0.6767306950357225,57.543484751383474
18,0.3215584378197508,0.25046199953780984,0.26668895960275857,2.0910715966854454,0.034,0.0038503120117381498,0.25828064162776154,0.7815674880765519,61.34986373613466,1.1755476449926694,0.20561619655539592,0.2162375589625703,0.9699314584334692,0.003314315113756392,0.23885498676035138,0.6888728035820855,56.76195136176216
19,0.27038058905668977,0.18049850736586553,0.18893673060075292,2.4967245380833463,0.036,0.0028528036540901324,0.23581356794204353,0.7335950192415489,59.354786854869914,0.9663898563219442,0.06059150168051322,0.07024186159251258,0.9057983439829614,0.002574804389021463,0.22173392474651338,0.7032906081941392,55.86716910468206
20,0.22099589338561273,0.1038754273135707,0.10594753233961901,3.0821176722364605,0.038,0.002158580073331184,0.22752588903004267,0.7781348239700749,59.0601004834445,0.8104730036109687,0.05716950035033127,0.06895286777936337,0.753303505314721,0.001868596830819216,0.2152243266503016,0.7369423164261713,54.97004199557834
21,0.1682065872229495,0.08158905721897751,0.0851833238771607,2.16543828203993,0.04,0.0021886989421580198,0.22150462191059905,0.7439369761718894,55.83209725146024,0.5960875616305403,-0.06090159283097212,-0.04928009983979993,0.656989155544175,0.001741774538014498,0.18938576645321317,0.7038395285606385,53.2041741265191
22,0.06381317491660703,-0.017321260383502,-0.012155063929176837,1.9317723186510913,0.042,0.0015134067287809164,0.19861452281475067,0.7914388292240646,54.798896069796584,0.49172676040066615,-0.14263248116605812,-0.1310381766822603,0.6343592485205994,0.001389171245197455,0.19312650163968403,0.7925247576501634,52.74319534301757
23,-0.017347718958022458,-0.1111869474626937,-0.09758102201487658,2.1327097550877987,0.044,0.0012400130200955384,0.19053034709309632,0.8114591083436642,54.16221186799823,0.442250880599022,-0.1490887365407414,-0.13841322534200218,0.5913396208236615,0.0011417606845498085,0.1765783644384808,0.8496071457862854,50.29704844156901
24,0.03734121830114778,-0.0445231676874858,-0.03793296191889687,1.779660606721662,0.046,0.0013257609131166114,0.19671314898526893,0.894462949824783,52.45165159117501,0.2846738757358657,-0.22849215997589958,-0.21659161067671245,0.5131660380711158,0.0012531351298093797,0.1644456452793545,0.8953906801011827,49.71822136773004
25,-0.11698281153474215,-0.2012525276755387,-0.18200146203930928,1.7556190906830553,0.048,0.0011231941324746553,0.16342624572088132,0.8772186119601412,51.689786587121354,0.3045506758822335,-0.23489362268915606,-0.2226489444780681,0.5394442992905776,0.0010719091734952397,0.15504107707076603,0.9614280210600958,47.55523427327474
26,-0.1546471543469519,-0.23882210324957687,-0.23521897674731487,1.683498942627097,0.05,0.0010763234964062303,0.16291638955755053,1.0226595356779278,48.960513132923055,0.17565806541177958,-0.31677516135904527,-0.3051700271252129,0.49243321981694965,0.0010522071194524567,0.15320172243648106,1.0419484429889254,47.25540347629123
27,-0.18885490607540562,-0.29356766379666777,-0.28978922597642215,2.0137067965741426,0.052,0.00103730747458648,0.1654970513762168,1.0965326574613463,48.88121399789486,0.15909600522783077,-0.22938981084670457,-0.21754937511351374,0.3884858187288046,0.0010207682175354825,0.1522174338499705,1.145566585328844,46.852910698784726
28,-0.20189023446643128,-0.2724277123562851,-0.26474900678116475,1.3062495667979401,0.054,0.0010275940832523804,0.1609477128060359,1.067212793062318,47.50692561887345,-0.030839049816131583,-0.36089523765775894,-0.3490925626622306,0.33005618535810044,0.0010241188005440764,0.14539293530914518,1.0757138795322843,46.058816358778216
29,-0.2514395834702366,-0.3508628698874195,-0.3355026373393693,1.7754157770354793,0.056,0.001017132046948767,0.15384477278533973,1.1244797751588642,47.61895118569428,-0.1172899415095647,-0.41744793150573967,-0.4102656978699896,0.300157989644342,0.0010115885201634632,0.16205906669298809,1.2804630478223165,45.015891435411234
30,-0.2749615618080463,-0.36058715907066075,-0.3493872771285615,1.4763034852045887,0.058,0.001010954990666711,0.15448804284041784,1.209409792468233,46.81742103144808,-0.19640092849731447,-0.42665661722421644,-0.4163772663515475,0.23025569162435003,0.0010084371134224865,0.15635459423065184,1.3244260205162897,44.795427280002166
31,-0.3203061543545633,-0.3994259811797232,-0.38940394711944293,1.318663811908578,0.06,0.00100723801417944,0.15289946504921284,1.2449134037179768,45.29928840781158,-0.1783976121081246,-0.39910207088622784,-0.3877911612391472,0.22070446014404296,0.0010054501937702299,0.13469685994916492,1.2088129295243157,43.804832458496094
32,-0.3162912234382809,-0.3927784489010865,-0.3657656598765895,1.2336650040914428,0.062,0.0010056519322975907,0.1598125177453149,1.3140063477012347,46.57745724803996,-0.30910077955987714,-0.4780328020453453,-0.4685707584023476,0.1689320200847255,0.0010043648071587086,0.1481086096829838,1.3514067265722487,42.457080078124996
33,-0.3728188786585376,-0.4348398790044605,-0.42241160206074985,0.9690780909556262,0.064,0.0010038343091266898,0.14711475864333926,1.3114053741940912,44.32980800124834,-0.2742534101009369,-0.4264565305577384,-0.4152067548698849,0.15220311863554847,0.0010030509878156913,0.13423133608367707,1.3263716008928088,43.92155643039279
34,-0.38607086381822264,-0.45720284052614896,-0.46607562224819976,1.0777572213478808,0.066,0.0010029909504085499,0.14294459769185983,1.308117709069882,41.83449982697109,-0.32814935942490897,-0.47070300086504885,-0.4593650179604689,0.1425536365972625,0.0010025841934192513,0.12781709548499848,1.3323180860943264,43.05477998521594
35,-0.417255218861238,-0.48421173050718486,-0.4806899057244355,0.9846545199178299,0.068,0.0010021983136264782,0.13845613022457878,1.3600232185057874,42.436098674558245,-0.3719096816248364,-0.4985055211517546,-0.4893421808878581,0.12659583803680208,0.0010017497723715174,0.13577707873450384,1.4452227354049683,41.448248926798506
36,-0.42052869920460684,-0.4942027687112678,-0.48233084432464446,1.0524867491902046,0.07,0.0010018438201854533,0.13952755815577958,1.3538136617192682,42.389288200522365,-0.3694767648975055,-0.48468866298596064,-0.4731607095234924,0.1152118975089656,0.0010015566626356707,0.13068085047933792,1.4156155824661254,43.109442096286344
37,-0.45225722806633645,-0.5162260678579222,-0.5013129621181848,0.8884561539820905,0.072,0.0010015738684297452,0.13874147241970278,1.4262876949220333,41.34862669458929,-0.3769094574782583,-0.4837668923868073,-0.4716942972607083,0.10685743341843287,0.0010011451862131555,0.11106556289725833,1.373438180817498,40.60956637064616
38,-0.4420790059386559,-0.5110403985347388,-0.5046673186545102,0.9319107206362598,0.074,0.0010011853092297348,0.14001403341315827,1.496663677242567,41.650794119205116,-0.4443745146195094,-0.5342578185929192,-0.5239635278781255,0.08988330562909444,0.001000935656742917,0.12352321379714543,1.5266901082462734,40.38811793857151
39,-0.460221603512764,-0.534562422981802,-0.5162427849927038,0.9781686691743023,0.076,0.001001044657555813,0.1317819393468353,1.4788640298933353,41.36864791726166,-0.46656801700592043,-0.5479667542709244,-0.5408195172746976,0.08139874074194166,0.0010009186057787802,0.12825284865167405,1.6450103945202297,39.541882748074
40,-0.46621471249832297,-0.5433118413641768,-0.541475958419296,0.988424687453036,0.078,0.0010009152103074878,0.13198548217989364,1.4846449584331152,38.99603336262253,-0.4927313910590278,-0.5647084511816501,-0.5545031544235017,0.07197706119881736,0.001000717709151407,0.10757102751069599,1.461246989832984,38.69384121365018
41,-0.4657869265889222,-0.5486263606064724,-0.5247087834297486,1.0354929515775644,0.08,0.001000915271809922,0.12637314467497593,1.5104890679413419,40.594982471106185,-0.5143220371670193,-0.5880865273790227,-0.5809603933244943,0.07376448942555322,0.0010007542273443605,0.12243086480432086,1.6074554019504124,37.67443033854167
42,-0.4642366862521981,-0.5385490675579827,-0.5243299122688905,0.9062484913277176,0.082,0.0010009424163485473,0.13561538381958907,1.5476237411768932,40.433001824145045,-0.5204145799080531,-0.5879897528224521,-0.5799631878733635,0.06757517457008362,0.001000645166883866,0.11776406202051375,1.6847727987501355,37.331659359402124
43,-0.5380456447601318,-0.6043433642612314,-0.6056371488661136,0.7892585728528365,0.084,0.0010006308713752144,0.11549076859681111,1.572564201534919,37.02114979725964,-0.48924742605951094,-0.5506323319342401,-0.54564069426722,0.06138490637143453,0.0010005600983276964,0.12437797867589527,1.7429196649127536,37.69914995829265
44,-0.5319714821734518,-0.6036363238433622,-0.6033420472774865,0.8333120773423393,0.086,0.0010006337619896204,0.11857608143451079,1.5642299989484392,36.570201405939066,-0.5563233143753477,-0.6166783773236805,-0.6119175564083789,0.06035506717032856,0.0010005211043688986,0.10934707522392273,1.6798667563332452,35.60572480095757
45,-0.584463358768877,-0.6407212454755351,-0.6285629435530249,0.6392941826357031,0.088,0.0010004634485703031,0.11222343188974093,1.542591488586282,35.715612591437576,-0.5680534213781356,-0.630221545116769,-0.6201188110849923,0.06216812547710207,0.0010003988165408373,0.0942429362071885,1.5802752561039395,35.003484429253476
46,-0.5177547335624695,-0.5988055608182583,-0.5952851614862118,0.9005647304485429,0.09,0.0010005519110357986,0.12017850015523299,1.6069424950851585,37.32789899718087,-0.5493338816695743,-0.6059947474135293,-0.5972953422202004,0.056660866489013036,0.0010004153785606225,0.09915989223453733,1.7405641502804226,35.86084747314453
47,-0.6187133401070001,-0.6721081373826513,-0.6698623884398982,0.5803782473195274,0.092,0.0010004280143821576,0.1039923757033528,1.5568691345880616,33.691027875216506,-0.5717481050226424,-0.6235922160247962,-0.6149928291638692,0.051844108601411185,0.0010003502170244853,0.08821539729833602,1.6175990210639106,34.13272336324056
48,-0.6191498201410726,-0.6660668737483475,-0.6476104279171746,0.4991175512660225,0.094,0.001000544561494915,0.10070115594931368,1.5239108913349655,34.53613299243855,-0.6009341945250828,-0.6550187223901351,-0.6442136994666523,0.05408452914820777,0.0010003360195292366,0.07781085206402673,1.587226100762685,33.24649942186144
49,-0.6510323359156555,-0.7061712089574562,-0.6998315616598669,0.5743632535889464,0.096,0.0010004045555965517,0.09358226676594536,1.463880680642038,32.32909339328982,-0.6217161950137879,-0.6714800006813473,-0.6598258563213878,0.04976380674375428,0.0010002614309390387,0.07298101269536549,1.464973595407274,32.77425744798448
50,-0.6859800303882023,-0.7336069874043735,-0.7413916554091111,0.4859893785895042,0.098,0.0010003080538843038,0.08992204772976209,1.4876529540655747,30.528479522129274,-0.5423578355047439,-0.5924501561456257,-0.5778346740537219,0.05009232122037146,0.001000226477885412,0.07046637013554573,1.4178947369257608,33.81766980489095
51,-0.6440531633934885,-0.7090647087766314,-0.6924153444058491,0.6501154514416209,0.1,0.0010003408808085435,0.09452373337633205,1.48441595963712,32.49454912149681,-0.589656005634202,-0.6418479717440075,-0.6313691870205932,0.05219196718600061,0.0010002451250329613,0.0782879601750109,1.667802521917555,32.60454402499729
52,-0.600161332847937,-0.6837386590129925,-0.6693130135536194,0.8193855549929276,0.102,0.0010003677529792458,0.10151721860440273,1.4798023487037082,32.7133953886212,-0.6628730757368935,-0.714169056672189,-0.7076337962514825,0.05129598238401943,0.0010002811128894489,0.09009075595272911,1.506560840871599,31.46605072021484
53,-0.6880152973363984,-0.7467249423827765,-0.743665595099611,0.5645158167155284,0.104,0.0010002996082821825,0.08704274344556737,1.4146369279555555,30.816437703258586,-0.6497367542650966,-0.6959261286589834,-0.6855037463208039,0.04618937199314435,0.0010001948517229821,0.06687871192892393,1.4076281242900424,30.668174574110243
54,-0.6693324930263016,-0.7475646053845028,-0.7344062238369348,0.738038790394675,0.106,0.0010002690723236159,0.0847885770336637,1.3288364354169593,30.382944970760704,-0.6664979512492816,-0.7123861910568343,-0.702592803703414,0.04588824080096351,0.001000203324171404,0.06514270603656769,1.3654613176981607,29.998369810316305
55,-0.7151645033989312,-0.7706407794974884,-0.7434565365876792,0.5136692394625466,0.108,0.001000276601978771,0.08095653186429222,1.264696256169733,30.205290164587634,-0.6872744937737783,-0.7265707274278005,-0.7180005252361298,0.03929623100492689,0.0010002391231763695,0.0772101999157005,1.2627380344602797,29.651397832234696
56,-0.7077614386688988,-0.7714911089190897,-0.7705412293380162,0.5793606371812101,0.11,0.0010002740430382062,0.08083250134621027,1.2469672088353139,29.088205193573575,-0.6969417661428453,-0.7348628951443567,-0.7255742036634021,0.037921129332648386,0.0010002137368751896,0.061272905932532415,1.0487026426527235,28.58011673821343
57,-0.6670537883380674,-0.7387562933957802,-0.7298926778559415,0.6402009011439558,0.112,0.0010003020947377355,0.08464985994516679,1.2097197973503258,30.190287895922392,-0.6639125843842825,-0.6996102374460962,-0.6964788238207499,0.03569765148891343,0.0010003398405387998,0.09053801645835241,1.2235853526327345,30.392568800184453
58,-0.6474368954604527,-0.7173354953861321,-0.7034510525892366,0.6131456359377447,0.114,0.001000338165915378,0.09017351044798796,1.2176119179095861,30.580414250211895,-0.7063000076346927,-0.7377615869045258,-0.7341858559184604,0.031461579269833034,0.0010001969420247608,0.06596048300464948,1.1671716252962747,28.696709357367627
59,-0.7728145246235829,-0.8228371424495049,-0.7950848239772724,0.43122948734265454,0.116,0.0010002539449213248,0.06975782395533796,1.0554681217895363,28.19375120918706,-0.7353343715270358,-0.7653979887564977,-0.7635531836085849,0.03006361433201366,0.001000200646619002,0.06256214785907004,1.1095479130744934,27.735775502522777
60,-0.6894929279696267,-0.7530381465857884,-0.7504030044348735,0.5385187763088154,0.118,0.0010003097100569954,0.08336529936992897,1.1788010574736685,28.796005860814507,-0.751743819978502,-0.7832886207434866,-0.7779107857288585,0.031544792900482815,0.0010002034535217617,0.06088296530975236,1.096145792802175,27.426110755072692
61,-0.7106597100226384,-0.7764916836090807,-0.7673445855671505,0.5485998164370375,0.12,0.0010003104722478761,0.0758795477449894,1.0584557933627434,28.499432149923074,-0.7865738073984783,-0.8135945889684889,-0.8087903649442726,0.027020781570010716,0.0010002891921127835,0.07291052589813868,1.164667750729455,26.71823098924425
62,-0.8198522318084285,-0.8664373013208497,-0.8673065743356381,0.3818448419278523,0.122,0.001000206787929923,0.06370391830239656,1.0135276441304188,25.3191512125843,-0.8082929137680266,-0.8330968267801735,-0.8264883057938681,0.02480391611655553,0.0010001360645724667,0.05064162520898713,0.9649328894085354,25.53719906277126
63,-0.7911320370885561,-0.8522840038223086,-0.8469546738098253,0.4931610161965748,0.124,0.0010002078312747883,0.06398286389292411,0.9776839782606881,25.986827562440116,-0.7132152822282579,-0.7404446327024036,-0.7379718487461407,0.0272293488184611,0.0010001337802451517,0.050787614368730125,0.9172449906667074,27.223322847154407
64,-0.8339516475515546,-0.8828221919401636,-0.8666715194594186,0.387861430644989,0.126,0.001000183676193767,0.05921478956094328,0.9296703068715222,25.140789679761202,-0.7668528225686816,-0.7928894956906637,-0.7895411446121418,0.026036669645044537,0.001000104503085216,0.04627964124083519,0.8537798444430034,25.977639685736765
65,-0.8530065344189698,-0.8964858010130109,-0.8891071598484831,0.33968172826856935,0.128,0.0010001623194735006,0.054817757657114066,0.8226408834727306,24.125671962522112,-0.7934073471360736,-0.8186797241369883,-0.8147295333031151,0.025272381140126123,0.0010001282854419616,0.046336738351318574,0.9116256952285766,24.984178246392148
66,-0.8238623704550401,-0.8825401450103184,-0.8815593528297713,0.4513674982876148,0.13,0.0010001805747138722,0.05799501311947715,0.8455702555629442,24.3008628701264,-0.7641495085424849,-0.7872240452095867,-0.7803587650259336,0.023074538343482547,0.0010001194689215885,0.04929128098818991,0.8572080850601196,25.47457864549425
67,-0.8237076919033842,-0.880857212363549,-0.8688600203900967,0.4329509071584018,0.132,0.0010001543439256977,0.059474552436819615,0.8193490977557201,24.457303820915943,-0.8571678049034545,-0.8832892017232047,-0.8790885120630264,0.02612139872378773,0.0010001216911607318,0.05968181788921356,0.8096596108542549,23.1194415834215
68,-0.7704675529363021,-0.836599699731143,-0.8262071885027975,0.49352349087877095,0.134,0.0010002000775750516,0.06418665758562538,0.8055085095594514,25.4822908437477,-0.8699846499496035,-0.8944881610572338,-0.8900762292659945,0.024503514336215126,0.0010001057603706916,0.04703815827767054,0.7052913281652663,22.818505308363175
69,-0.9171082579864646,-0.9560673034416055,-0.9608298213976734,0.2864635232484566,0.136,0.0010001469504545039,0.04921755525019934,0.6619757498210331,21.878798322857552,-0.8879541271262702,-0.9108885160750813,-0.9043990062342749,0.022934390521711773,0.0010000850410304136,0.03694967813789844,0.625675027900272,22.120205455356178
70,-0.8960949407433564,-0.9411848811608441,-0.9414309876145057,0.3267387101110422,0.138,0.0010001561780161453,0.0496501717365013,0.6860878152667351,22.230532952074736,-0.8360385159651439,-0.8577032211754058,-0.8515866074297164,0.02166470554139879,0.0010000778801946175,0.03600403633382585,0.6481446656915877,22.202617602878153
71,-0.8986973042758006,-0.9515423785965398,-0.949840597948938,0.3774647988238425,0.14,0.0010001491887038046,0.0462732546312629,0.6612322358590252,22.01536570854907,-0.8756301025549571,-0.900071169435978,-0.8928061194717885,0.024441066881020865,0.00100006439930035,0.034586532579527964,0.570239833328459,22.034144104851617
72,-0.7940364671203325,-0.854491983944515,-0.8562279219897289,0.4257430467965468,0.142,0.0010002242480316814,0.061403392199075445,0.7798144159451971,24.05724717985909,-0.8738006293773652,-0.8950174828370412,-0.8894418623712328,0.02121684956881735,0.0010002398113202718,0.06368682442439927,0.8091172205077277,23.280249214172365
73,-0.8557733286101863,-0.899810624572466,-0.8970894706699083,0.3058145857363377,0.144,0.0010002674688672963,0.055244982312872726,0.6868143480903698,23.04815848368519,-0.9116785973310471,-0.9360266122553084,-0.9329661130905151,0.02434801235795021,0.001000127320488294,0.03574806008901861,0.5579013850953843,21.493955506218803
74,-0.8983675713809032,-0.9497233027557157,-0.9482987360009607,0.3517515819590047,0.146,0.0010001787801607038,0.04722497134276156,0.6207096587936833,21.950825133413638,-0.9370478891664081,-0.9540912419557571,-0.9510247545109854,0.017043342275751962,0.001000099693838921,0.036986560912595855,0.5820899526278178,20.764979489644368
75,-0.9391910411276907,-0.9819488840283088,-0.986260969683809,0.28890434034028145,0.148,0.0010001576365024415,0.04104293974221877,0.5547349795980273,20.45722344236554,-0.9364757857388921,-0.9540270025531451,-0.9512956726882192,0.017551215241352718,0.0010001216885737246,0.03925662524998188,0.5507729682657454,20.820167011684838
76,-0.897367850789484,-0.9571339802921943,-0.9621258552344341,0.3984408426397252,0.15,0.0010001601207614789,0.04259139921445892,0.5357885647494838,21.021229258123434,-0.8768588741620384,-0.8954068945513831,-0.8920332425170474,0.018548020140992272,0.0010001087638859948,0.03895382781823476,0.5620188964737787,21.759555011325414
77,-0.8867830516032453,-0.9464054868187545,-0.948903759414295,0.39225290026867166,0.152,0.0010002277844216464,0.048341989517211914,0.5811641058831845,21.957202317579736,-0.905686718887753,-0.9207143684228262,-0.9155482394827736,0.015027647051546309,0.001000118436705735,0.035191649612453246,0.5031510710716247,21.729126336839464
78,-0.9520336788780285,-0.9941440753217013,-0.9827944509825617,0.2734441012144089,0.154,0.0010001498520514876,0.04095860328173862,0.5240594182374343,20.92839356188504,-0.979823722441991,-0.9929928726620144,-0.9904217620690664,0.013169148729907142,0.0010001183125293916,0.04407275269428889,0.6148734344376459,20.285426055060494
79,-0.9425693227435058,-0.9927090646804504,-0.9879995240250005,0.32140856222161707,0.156,0.0010001296045715517,0.039599958666653,0.4809288365660973,20.451173170557563,-0.9432279421223535,-0.9552359918753306,-0.9531471000777351,0.01200805190536711,0.0010000839182693097,0.03753676012986236,0.5246970739629534,20.191075049506296
80,-0.9678081701386649,-1.0109481080523077,-1.0026493319925271,0.2730375406033588,0.158,0.0010001263010122304,0.03808239355402173,0.4848158978066354,19.423425458512217,-1.0010865585671531,-1.0141494671503704,-1.0089199013180203,0.013062906596395705,0.0010000853592322932,0.02911523998611503,0.40550832549730936,19.163886833190922
81,-1.0468875675831202,-1.0789650127572834,-1.0643990680856525,0.2004839780758012,0.16,0.00100011766431326,0.03183335188846543,0.40381980729552935,18.613426100532962,-1.0332062363624575,-1.0449414471164347,-1.0419330189625422,0.011735209822654724,0.0010000960849639443,0.031557393239604103,0.4289694130420685,18.559399138556593
82,-0.9954227282191223,-1.0422347820780453,-1.0332614268299263,0.28896326585760657,0.162,0.0010001357548149689,0.03611139179962986,0.4309250290663737,19.246411953332288,-1.0284096519152324,-1.039628862341245,-1.0369256724913916,0.011219218787219789,0.0010001118113804194,0.03279668171372679,0.4217009746366077,18.949061012268068
83,-0.9150873461984238,-0.9562923702288348,-0.9439368758280322,0.2512501168925807,0.164,0.0010001738489833923,0.04362293863493317,0.513700119729312,20.433332101354058,-0.9883385202950901,-1.0005353702956603,-0.9981681318746672,0.012196847216950522,0.0010000738341154323,0.03549956099854575,0.488898589875963,19.52955877516005
84,-0.9786752406156288,-1.018756481836427,-1.0228881391714204,0.24145326032391135,0.166,0.001000127111526452,0.038853103294968605,0.4511778306848598,19.35225834036773,-0.9877933654520245,-1.000844759411282,-0.9929931256506178,0.013051390730672413,0.0010000577377569345,0.031014652964141635,0.4014910141626994,19.56176874372694
85,-1.0393032960171968,-1.074486845506812,-1.069206396926124,0.2094258983742516,0.168,0.0010000797436695616,0.03224581339449253,0.38895135218242427,18.372507959041954,-0.966309303045273,-0.9765907458133167,-0.9750342879030439,0.010281447900666131,0.0010000632920612893,0.02992690255244573,0.4146298431687885,20.0471783320109
86,-0.9941042076866582,-1.038350252821198,-1.0389493271567911,0.2602708156941072,0.17,0.0010001192721626106,0.034414796228959876,0.4251369074830469,18.918937665111613,-1.0185757782724167,-1.0289260149002075,-1.0265856424967448,0.010350234972106086,0.0010000942921679881,0.03465040379928218,0.4513478861914741,18.46597027248806
87,-1.0004220722981219,-1.0475009634809673,-1.0528874712170295,0.27371443850251864,0.172,0.0010001105410134736,0.035190779715776443,0.4186045971681487,18.615212080613624,-1.059992863734563,-1.0700816167725458,-1.0685438940922418,0.010088757673899332,0.0010000588682790598,0.030820424937539632,0.4428183979458279,18.41453637017144
88,-0.9688982704900345,-1.005762462346059,-0.9988703682737531,0.21186317798663984,0.174,0.0010001029015325432,0.040938564242338236,0.49759533214119245,19.012382597293495,-1.0524295416143203,-1.0651399579313066,-1.061975884437561,0.012710417641533746,0.0010000415922453007,0.02470539559920629,0.35385916299290127,17.799363602532278
89,-1.0721849866633146,-1.1060817770238192,-1.1093322567220003,0.19259543998061485,0.176,0.001000073261752303,0.028568100992519902,0.3639926592696388,17.24548915647111,-1.041810135708915,-1.0501653479205237,-1.0468859116236369,0.008355215440193813,0.0010000495033131705,0.025968510326411988,0.383549075656467,18.20705360836453
90,-1.0275461270280604,-1.0575570797301688,-1.0633240755436555,0.16860084017773844,0.178,0.0010000944976642165,0.034315024098416545,0.40872500415118235,18.263227750670236,-1.029264994462331,-1.0369308306939071,-1.0357727229595184,0.007665840453571744,0.0010000562062487007,0.023868259166677792,0.3270290854904387,18.35660512712267
91,-1.0155761565239925,-1.0533202026250228,-1.0516669963890652,0.2096891260512595,0.18,0.0010000989983244887,0.03287775013244377,0.377053383948668,18.344969263616598,-1.0615723682774438,-1.0713059776359135,-1.0685841825273301,0.009733600583341386,0.0010001057267395987,0.03735778017176522,0.44020611643791197,17.529178661770292
92,-1.1006784096079052,-1.1307406284899082,-1.1274660735760096,0.1651770369905346,0.182,0.0010000772528209775,0.028574062476180634,0.37400594662945225,16.769158957139503,-1.0346206929948594,-1.04312824010849,-1.045027646753523,0.008507541484302945,0.0010000463756215242,0.030034716634286775,0.4631578634182612,18.74394844902886
93,-1.1059703568242631,-1.1321776588008088,-1.1286772377086136,0.14243095768791325,0.184,0.0010000800226270309,0.028775346834423406,0.3644647092189429,16.67148820409235,-1.0786233921845754,-1.0863407737678952,-1.086610417895847,0.007717387874921163,0.0010000408756443196,0.021918733045458792,0.34573398066891564,16.90479498969184
94,-1.1515794924969942,-1.1791381543537356,-1.178109327577195,0.14816487798432135,0.186,0.0010000519687309861,0.023310729724196892,0.33062230725333375,15.604902087517505,-1.1283906934989822,-1.1353578632490502,-1.1304632206757863,0.006967173351181878,0.0010000446475007469,0.021894800662994384,0.3117408312029309,16.383634291754827
95,-1.0768985450267792,-1.1158448263721645,-1.1162353692189702,0.20716111186259198,0.188,0.001000078144606273,0.02896627017630721,0.3691568962245617,16.941034892819964,-1.0994568566481273,-1.1068369613753424,-1.1040867865085602,0.007380111101600859,0.0010000641147295635,0.029629420240720114,0.4200244088967641,16.972511842515736
96,-1.061294289130085,-1.0924310841650333,-1.086414412507471,0.16387789478560663,0.19,0.0010000732595557874,0.027023329171088507,0.3498052271469584,17.14437288608191,-1.0043494486146505,-1.0120246940188937,-1.0088895176847776,0.007675244245264265,0.0010000878582812017,0.03848530397646957,0.5078911668724484,19.553449885050455
97,-1.0975037801940486,-1.1288847304740042,-1.1141787958594989,0.1634424072251005,0.192,0.0010000720273105885,0.03349673909679899,0.395913580116236,16.841065928621113,-1.0842878287865056,-1.0929634831017918,-1.0889015614158577,0.008675654646423128,0.0010000401823264029,0.023368638133009274,0.34098809758822124,16.914800453186036
98,-1.0977396762595986,-1.1322660904447988,-1.1242072430421721,0.17797116569752963,0.194,0.0010000614093546316,0.02703537879828012,0.369853139485953,17.07113276787524,-1.1185124331050451,-1.1275845977995131,-1.1265597899754842,0.009072174049086041,0.0010000566667359735,0.029532144963741302,0.4726927975813548,16.905676714579265
99,-1.0959915979853216,-1.1232499955397732,-1.1162084625014719,0.13907347359466102,0.196,0.0010000671115088856,0.029287434376354487,0.3917445231158778,16.707765273328096,-1.102049443456862,-1.1108015404807197,-1.10808657473988,0.008752094705899556,0.0010000542142531937,0.027117989046706092,0.3904907200071547,16.571202935112847
100,-1.1358687405316334,-1.1599084720858988,-1.1387436581107806,0.12141278407202577,0.198,0.0010000616773295234,0.023785845991575492,0.31101530171790215,16.175374318968576,-1.0371596131059857,-1.0446038865380818,-1.03734987369842,0.007444272769822014,0.0010000591916549536,0.03156784880492422,0.40879076255692376,18.721573532952206
101,-1.099933462885191,-1.131867475385936,-1.1315992137171187,0.159670085347486,0.2,0.0010000809188053575,0.027907609201545985,0.3384924983640887,16.607463944633054,-1.0750361505481931,-1.0821385542551676,-1.0783550398217308,0.007102409667438931,0.0010000466058651607,0.021384629358847936,0.3294960853126314,16.74261360168457
102,-1.1236851541501172,-1.1487070653798446,-1.1489092094718285,0.1238708571302441,0.202,0.0010000672103520835,0.02682244055465145,0.38327118923079295,16.143742399395638,-1.0904793944623736,-1.0965470095475516,-1.0914926999145085,0.006067614671256807,0.001000037062395778,0.019764702663653426,0.3189189791679382,16.837720192803275
103,-1.185886614727524,-1.2086472837430127,-1.1973975683158298,0.11157192592069788,0.204,0.0010000502049290346,0.02207794521917712,0.30898290478958274,15.16347874335523,-1.0923328836758932,-1.0981681757503086,-1.1003095719549392,0.005835287438498603,0.0010000290659566721,0.017163808312680988,0.2874222646156947,16.424801190694172
104,-1.2106175869703293,-1.2300639866657976,-1.2305288719681073,0.09439999792935713,0.206,0.001000046987033818,0.020314977258303255,0.3133872559048095,14.571257915136949,-1.1621955725881787,-1.1688154949082268,-1.1682348251342773,0.00661992116106881,0.0010000369459804562,0.020045083947479725,0.33984222677018905,15.55044233534071
105,-1.209774337849527,-1.2292632449348018,-1.2019445457548465,0.09369670086592999,0.208,0.0010000516963630634,0.0204619502051259,0.3080825828156381,15.031075981428039,-1.1245894571145376,-1.131043408314387,-1.130158860153622,0.006453954180081685,0.0010000435635447503,0.01890912531978554,0.2957532710499234,15.695801035563154
106,-1.2116123460373789,-1.2326482973008785,-1.2389479200795013,0.10017117471346315,0.21,0.0010000515052662143,0.01961652326555747,0.29127160023968174,14.359554722624004,-1.1164900261494848,-1.1221511574255096,-1.11855030912492,0.005661138395468394,0.0010000423916305104,0.019455649124251472,0.3127575139204661,15.892799038357204
107,-1.2212320195054107,-1.240430457412072,-1.2438784489091836,0.0905587044105215,0.212,0.0010000570075375573,0.020053699753194484,0.3100717748111149,14.169142992991322,-1.1445086048709021,-1.1497337440649669,-1.1453350433872806,0.005225141925944222,0.0010000395097045434,0.01804967891010973,0.31677334705988563,15.67830753326416
108,-1.1553858664800536,-1.1839921406276945,-1.1929618867535918,0.13367415507728198,0.214,0.0010000646558045497,0.02235105284050388,0.33438063202039253,15.238940166977217,-1.1645359767807857,-1.1700896633995903,-1.171572544839647,0.005553687777784136,0.0010000512288469408,0.023274699226021767,0.4020708994732963,16.015132098727758
109,-1.1769663624043734,-1.196706495195065,-1.1869792938232422,0.0913894661473778,0.216,0.0010000579893799885,0.021124383153499297,0.3222514312222319,14.912979665792212,-1.092132176293267,-1.0985120097796122,-1.0963945696751276,0.006379827443096373,0.0010000776551249955,0.034623128010167016,0.45325194663471646,16.26459329393175
110,-1.1504538835219618,-1.170816828619759,-1.1767685278406683,0.09340801849117819,0.218,0.001000080431178915,0.02566508983947196,0.3381196766529443,15.102708474645075,-1.1263530163301363,-1.131694550688068,-1.1301856454875734,0.0053415384557512074,0.0010000372874654,0.01717670957247416,0.302786832385593,15.651593928866918
111,-1.2444552340597477,-1.2596158216584403,-1.2602987997936752,0.06891178902027742,0.22,0.0010000499127924723,0.018790177544051746,0.30402621205122965,13.776371434049786,-1.1562563932604257,-1.1612128040856786,-1.160796551571952,0.004956407513883379,0.0010000336734164092,0.016526811507840952,0.29486235479513806,15.083617146809898
112,-1.2439726264971607,-1.262187882414404,-1.2668407053317663,0.08205073825874419,0.222,0.0010000456405698129,0.017174221680692908,0.27782796351414807,13.400470067869943,-1.1766214812795321,-1.1810905463165706,-1.177764873413576,0.004469072901540332,0.0010000358956555526,0.017797597145868673,0.3046730054749383,14.862553257412381
113,-1.1422717366016135,-1.1688520419147779,-1.1610510099046636,0.11866208812538183,0.224,0.0010000532317274021,0.02464209219335385,0.36945265953270895,15.848824734957713,-1.1517527672979566,-1.1584304806258943,-1.1600374367502,0.006677717963854472,0.0010000304577665196,0.017822398617863656,0.3264285448524687,15.263511212666831
114,-1.183416099480863,-1.2012730058071748,-1.2024290547618326,0.07901288681435135,0.226,0.0010000593512196024,0.021039510110639176,0.3400511331153366,14.582191467285156,-1.1670251157548692,-1.1721112372974554,-1.1695441723697715,0.005086124605602689,0.0010000528095083104,0.02046499475836754,0.3512680315309101,14.975476752387154
115,-1.2685797821800664,-1.282021368449589,-1.2827676950760607,0.05895435852262209,0.228,0.0010000544837412406,0.0174494349696445,0.29674664758286384,13.202211685900417,-1.1042246660010684,-1.1085186433047056,-1.1098218623134826,0.0042939769725004835,0.001000030312894119,0.015077799579335584,0.296232474843661,15.299112510681148
116,-1.2256056165920113,-1.2439163883901991,-1.2332133650779724,0.07961206960509408,0.23,0.0010000587691429933,0.019111339705732634,0.2852090554979612,14.28651932050597,-1.1576642940441766,-1.1621320399973127,-1.1583713819583257,0.0044677476088205974,0.0010000422183010314,0.017417870565421052,0.3168707364135318,15.551785892910427
117,-1.2293106733628039,-1.2468771273797412,-1.2388056392939586,0.07571749241565759,0.232,0.0010000530362375222,0.021039912670429022,0.3251177317128991,14.271780841755417,-1.1576027588711844,-1.1625436070892545,-1.165684328145451,0.004940845568974813,0.0010000231701673733,0.01363779529929161,0.2700857213801808,14.677145067850748
118,-1.2853180766105652,-1.2998771903649815,-1.2939689080670196,0.0622184212618279,0.234,0.0010000368347391486,0.016121207138980336,0.27155146579135137,13.089861329996362,-1.1234060383505289,-1.1268791427214941,-1.1244573989676105,0.0034730985760688783,0.0010000304732885625,0.015685268491506577,0.28307730456193286,15.367845153808593
119,-1.2727321734968222,-1.2878123240650825,-1.2878276312126304,0.06389892832288202,0.236,0.0010000468091160622,0.017014756148575613,0.2768267342504465,13.205687127023372,-1.2226973606480493,-1.2257877886295319,-1.2249517374568515,0.0030904307961463926,0.0010000311174533432,0.01624215512226025,0.3437252958615621,14.333541679382325
120,-1.330257238082166,-1.3414280661996805,-1.3257974453692167,0.04693625312087671,0.238,0.0010000316575521006,0.01484004724419342,0.2734475265134056,12.479727709068442,-1.1340908732679158,-1.1369507511456807,-1.1357448647419612,0.00285988234811359,0.0010000236151326033,0.013268736460142665,0.2536545743544896,14.596379979451497
121,-1.2972406132041283,-1.3095174341831568,-1.3132948521173224,0.051153410436972135,0.24,0.0010000391257048216,0.01660561276916063,0.2752683774199126,12.565003188151234,-1.2140242709053886,-1.2171240535047319,-1.2193571678259307,0.003099784255027771,0.001000020114911927,0.012409089505672455,0.23975709511174095,13.825296274820964
122,-1.2884825254386325,-1.3002007986014743,-1.2921408189917511,0.04842261147667777,0.242,0.0010000349655044528,0.016488079315508313,0.30385395181628894,13.231358150266251,-1.1863460381825766,-1.1891291975975036,-1.191492681370841,0.0027831599944167667,0.0010000307423373063,0.016395024106734327,0.3444494588507546,14.550869623819986
123,-1.2201615496064133,-1.2381842953135382,-1.2371896309953816,0.07386369736127134,0.244,0.0010000459392959216,0.019928007404196937,0.35282578192791847,14.258487701416016,-1.2399973432223,-1.2434624234835308,-1.244286266962687,0.0034650896986325582,0.0010000342115138968,0.017307670849064986,0.33423780699570976,13.822353617350261
124,-1.254402294473828,-1.2744630198433715,-1.275574099342778,0.08154771666762964,0.246,0.001000040151477563,0.01700962308513106,0.30080724156127786,13.36808863225973,-1.2514726181825002,-1.2543645163377126,-1.2564286751879585,0.0028919020460711586,0.0010000334043676654,0.017634795440567865,0.3395588351620568,13.472090000576442
125,-1.3153145650647722,-1.3262051208963934,-1.322586456559739,0.043913528604327505,0.248,0.0010000379637481187,0.01591716176074631,0.2875306396833006,12.438051475668853,-1.2551403144995374,-1.257925237549676,-1.258076975080702,0.0027849297556612226,0.0010000269109797146,0.014503627974126075,0.2884672347042296,13.127588611178927
126,-1.3113326092935957,-1.3259851820064041,-1.3182309955920812,0.05861029668517832,0.25,0.001000033656381211,0.015106821467853943,0.2752733350081264,12.726272115167582,-1.2158166527748109,-1.2187886065906948,-1.221796660953098,0.0029719441301292843,0.00100002724211663,0.014645269368257788,0.2814830736981498,14.196481662326391
127,-1.3714909980881889,-1.3800211380112846,-1.3727068293769404,0.033849785209826705,0.252,0.0010000298959466647,0.013322162916356663,0.25150401482604584,11.928032326248458,-1.2349227322472465,-1.2375975595580206,-1.2420986874236002,0.0026748283041848077,0.0010000171605497599,0.011849058916171391,0.2552769930826293,13.268824895222982
128,-1.2749879467037488,-1.2909333289794203,-1.2816629443528518,0.06277707858749156,0.254,0.0010000374299948508,0.017127712573504674,0.3193418269730964,13.35927362262078,-1.233089600669013,-1.2359610974788666,-1.236983217133416,0.0028714976376957363,0.0010000189429976874,0.013541777701013618,0.28722686999373964,13.76956049601237
129,-1.2621722659974728,-1.279226700863186,-1.2726454716000073,0.066618884158022,0.256,0.0010000363141649737,0.017875459941350064,0.30548165148159245,13.545685804115152,-1.218542363246282,-1.2227604349454244,-1.225299108028412,0.004218076831764645,0.00100002512594478,0.01672350563522842,0.34512965546713936,13.715410359700522
130,-1.3539187537049346,-1.36524919968731,-1.342664138326105,0.043916458439714506,0.258,0.0010000299772177383,0.01464259627995626,0.3103021445139399,12.373794519676352,-1.2092619407508107,-1.2132400315668848,-1.2152938335720036,0.003978088663683997,0.0010000152384034462,0.013101657707658079,0.29024605568912293,13.676115163167319
131,-1.316126047440295,-1.329822505420109,-1.3228483863596647,0.05267868879831062,0.26,0.0010000290327160707,0.01452664639097902,0.2885843185040186,12.62766940638704,-1.270952970451779,-1.2743474980195364,-1.2748618993494245,0.003394523759682973,0.001000034793590506,0.01918408146335019,0.36182231571939255,13.277520942687989
132,-1.2997467051137168,-1.3115426488220692,-1.3032188757129435,0.04502270180942877,0.262,0.0010000386117201931,0.01661482377786119,0.28359963421551687,12.68866889881638,-1.1609582079781426,-1.1633716397815281,-1.1595456398195692,0.0024134302304850684,0.0010000282200053334,0.016956477363904317,0.3288815180460612,14.63349437713623
133,-1.272789995625334,-1.2853657760710087,-1.2824477654583049,0.047635503745866274,0.264,0.001000033994644599,0.0159494696923022,0.3075974981458682,13.077016515551874,-1.2050021158324349,-1.2077103224065568,-1.2043886969486872,0.0027082021865579816,0.001000034982442028,0.020496552044318782,0.41942106220457287,14.58171337975396
134,-1.2019789241394907,-1.2115388816257693,-1.2237510231305968,0.03593970835208893,0.266,0.0010000610974494298,0.022124255497781735,0.3810082859588119,13.039683899789486,-1.2239884224202897,-1.226806358496348,-1.2249877042240567,0.0028179403808381823,0.001000045061421891,0.020556039135489198,0.31689380009969076,13.93427488538954
135,-1.2608262390460607,-1.2771696915041726,-1.2726204732678972,0.06098303669747317,0.268,0.0010000572315821388,0.017884889617562294,0.2862698594635388,13.278596050334427,-1.266933686203427,-1.2703464892175462,-1.27169918484158,0.0034128023518456355,0.0010000235194133388,0.01390129230502579,0.2646693115433057,13.041707589891221
136,-1.3718599081039429,-1.3842248174379457,-1.3874184230588518,0.04579595673196721,0.27,0.0010000298476233235,0.01318012397595734,0.24321921015123152,11.511639136188435,-1.2029724876913759,-1.2061782552964158,-1.2023984930581517,0.003205767273902893,0.0010000158101320267,0.011348490127258831,0.2421518064207501,13.434428193834094
137,-1.3685513577371273,-1.3779346931655452,-1.3855673457091708,0.03449754480202243,0.272,0.0010000266538897776,0.012341892733326499,0.23140430970574324,11.354236485823145,-1.2466680698924597,-1.2490292502774132,-1.2510382367504969,0.0023611807160907323,0.0010000173752713535,0.01248569805175066,0.27250708589951195,13.060802692837187
138,-1.3444731527904294,-1.3550671473988947,-1.3548835785883777,0.03866425690785894,0.274,0.0010000323692231246,0.01377448798069414,0.2465564042048634,11.976075478319851,-1.3060692495769923,-1.3079394459724427,-1.3112830917040508,0.001870201031366984,0.0010000221741696198,0.01290081317226092,0.2700975666443507,12.378646024068198
139,-1.3850498705540064,-1.3966300959857005,-1.4039383856755383,0.041957342118587135,0.276,0.001000026082795746,0.012629379975205322,0.22890132384480172,11.0390428147226,-1.2750445740090477,-1.2768778736496138,-1.2807725012302398,0.0018333017826080323,0.0010000140535541707,0.011878574887911478,0.2703896620207363,12.736638704935709
140,-1.3769784940863556,-1.388562170964367,-1.3911046824365292,0.04166791145250483,0.278,0.0010000219884908424,0.01269174009596683,0.24585150111958665,11.475981991246062,-1.2706744929154712,-1.2720987717310588,-1.2694321165482203,0.001424267225795322,0.0010000145916516582,0.012485837274127536,0.25237933844327926,12.708588303460015
141,-1.405512458873245,-1.4155809137056459,-1.4076157234749704,0.035958754496192034,0.28,0.001000019361458297,0.0120785002122229,0.23228704718486318,11.082343065513754,-1.2699030965566636,-1.271323068936666,-1.2736457457145056,0.0014199781748983596,0.0010000121365818712,0.010680212722056442,0.2375435546040535,12.521174324883352
142,-1.3760524324651033,-1.386739727461113,-1.3903023443132076,0.037898215271954264,0.282,0.0010000207891933761,0.012849976484365058,0.2329557680015294,11.437532388939047,-1.2796901212798224,-1.2810986287064023,-1.2802020139164394,0.0014085100756751168,0.0010000129282060597,0.010835986129111713,0.2400211465027597,12.634286647372777
143,-1.306389867134814,-1.3160435366180707,-1.3124798272015914,0.033991767831568445,0.284,0.0010000280289084844,0.015202886934550304,0.29769374837852874,12.452773957882288,-1.2417993969387477,-1.2429308282004463,-1.247211554315355,0.001131436311536365,0.0010000223397380777,0.015611522706846397,0.3168885683019956,13.638868289523653
144,-1.4070662709901918,-1.4149364840309575,-1.412776326233486,0.027518220597280645,0.286,0.0010000237017729371,0.012224387851947884,0.23327165026709717,10.996793306098795,-1.3104758958021803,-1.3115591271056068,-1.3139593382676442,0.0010832351115014818,0.0010000135697838333,0.01035993429314759,0.22721335689226788,12.030168109469944
145,-1.4076326033979092,-1.4151378493264037,-1.422881595930963,0.0260598693956744,0.288,0.001000021661210032,0.01214626297917006,0.2225866806956957,10.952376788517213,-1.3051319632265301,-1.306513927380244,-1.3098260674211715,0.001381962580813302,0.001000009728078213,0.008632832765579223,0.17931969530052608,11.717215453253852
146,-1.3509872545189452,-1.3620501561968956,-1.3544570798722078,0.03814790868815386,0.29,0.0010000187178792537,0.01252642950429669,0.25438886796528437,12.010565613800624,-1.2090815636846755,-1.2105739381578233,-1.2092506965001424,0.0014923677676253848,0.0010000257442394891,0.017534984172218375,0.3678858568271001,14.038779301113552
147,-1.330466941842493,-1.3418458284072157,-1.3376760527772724,0.03896879777312279,0.292,0.0010000304318964481,0.015672515216722804,0.27377223504601783,12.107702093304328,-1.0044713881280685,-1.0062579035758972,-1.012993076774809,0.0017865171862973107,0.001000016275793314,0.013004215682546299,0.2613433296481768,16.912761412726507
148,-1.2484251665619184,-1.2614546958005652,-1.2615359504267853,0.04431815051807547,0.294,0.0010000405995667261,0.018601884292262904,0.32841782201573533,12.859797288786691,-1.3080581115351784,-1.310467604133818,-1.3102436827288733,0.0024094969862037234,0.00100001925861256,0.013957564512060748,0.2569388440913624,11.931507364908855
149,-1.3854881491301194,-1.3957119269191094,-1.3962784342046053,0.03453980210535931,0.296,0.0010000201785620654,0.011936966698827609,0.21915649960063538,11.159816427050897,-1.2973777519332037,-1.299066670735677,-1.301103827688429,0.0016889066331916384,0.0010000124185656509,0.012060114679237207,0.23922203928232194,12.713371382819282
150,-1.4203328074149366,-1.4273131062399667,-1.4202623704694353,0.02342380976901864,0.298,0.00100001859267787,0.011819664178029547,0.21679248787322133,10.797112491895568,-1.2986540251308019,-1.3000502202245925,-1.3050212211079069,0.0013961954249276055,0.0010000111043660176,0.009878808818757533,0.2002170503139496,11.94792520734999
151,-1.4125096685481522,-1.4191379119765084,-1.428525132952996,0.022094164184241923,0.3,0.001000017529564365,0.010661182696667482,0.19194143448235854,10.47660884317362,-1.2696428391668533,-1.2709910498725043,-1.2738831175698175,0.0013482128580411276,0.0010000115726143122,0.010607644191218747,0.21996043175458907,12.654536056518555
152,-1.414930299767908,-1.4227005367009145,-1.4213647853653386,0.02572924756216553,0.302,0.001000019335100111,0.011827182912109595,0.21650688308027555,10.872738703241888,-1.36982053120931,-1.3713199032677545,-1.3738440725538466,0.0014993797573778363,0.0010000106723358235,0.009434421971026395,0.2015015299121539,10.944053448571099
153,-1.4477060909541148,-1.4550482327083372,-1.447117879705609,0.02415178006268897,0.304,0.001000014313865664,0.010292442989939789,0.20170964441209469,10.421487907193741,-1.3231497214900123,-1.3241692476802402,-1.3261095434427261,0.0010195244517591264,0.001000010374830001,0.010703094106995397,0.21217883378267288,11.67644837697347
154,-1.4200915519921284,-1.4282539267584962,-1.4282612002120827,0.026674430606500158,0.306,0.0010000160930432238,0.011203144237680256,0.22088009821918775,10.526283579052619,-1.3449770980411107,-1.3462149090237088,-1.3474827110767365,0.00123781379726198,0.0010000110784959462,0.010546829830855132,0.21897351957029768,11.689297103881836
155,-1.3826774696134172,-1.393422009247654,-1.3918501532302712,0.03488487293416599,0.308,0.0010000188760283702,0.012431197114429384,0.21721796635186896,11.270385760181355,-1.314552426338196,-1.3159794251124064,-1.3158795515696207,0.0014270045691066318,0.0010000143614080218,0.014850794565346506,0.2752388619714313,12.196232838100856
156,-1.4059254414630387,-1.4177271510070224,-1.4099510357065022,0.038070007315221824,0.31,0.001000017569101644,0.012713842937406504,0.2909125292076255,11.071773115194068,-1.3524602161513435,-1.3536439273092482,-1.3557106183634864,0.0011837051974402533,0.001000009252068897,0.010017448301530547,0.23341997613509496,11.210906410217286
157,-1.44138765335083,-1.4510560620505855,-1.4409474505568451,0.030988500646825106,0.312,0.00100001522981263,0.010922297993499154,0.2109973278810393,10.54357295666101,-1.3363651699490018,-1.3375918613539801,-1.3420694549878438,0.0012266894181569418,0.001000007239377333,0.008987859915941953,0.21606436289019054,11.286829227871364
158,-1.4426699421315823,-1.4505102218322035,-1.458582952337445,0.024969022439898184,0.314,0.001000012027293022,0.010306745688518826,0.21628288826290168,10.177303080288869,-1.3360364582803514,-1.337367292245229,-1.3377509686681959,0.00133082734213935,0.0010000072781824404,0.009920056578185824,0.22267227636443243,11.603437614440915
159,-1.4605220241366692,-1.4665417198864918,-1.4630089717091255,0.01904966597849468,0.316,0.001000012161280468,0.010167681910800483,0.2158088634880084,10.123024274718087,-1.3864694092008802,-1.3873857233259412,-1.3904699987835354,0.0009163080818123287,0.0010000107525330452,0.010076243864993254,0.2016873096426328,10.821715354919435
160,-1.464766486635748,-1.4712644039459948,-1.4812515490459945,0.020433713664423744,0.318,0.0010000140832315356,0.00979495950851519,0.19745900341362324,9.964936121454778,-1.3322912070486281,-1.3331134690178765,-1.3369212362501357,0.0008222602307796478,0.001000009474551512,0.010062397364526987,0.20407360651426845,11.811578538682728
161,-1.4765783885739885,-1.4826631118666451,-1.473353014802033,0.019014781446389434,0.32,0.0010000127543396545,0.00976614990570354,0.2008721243660405,9.988566425611388,-1.333636124928792,-1.3343724793857998,-1.3386961817741394,0.0007363595068454742,0.0010000071798761687,0.010268777081122001,0.2320788679851426,11.34113801320394
162,-1.4571310360476655,-1.4643531705973283,-1.452910233781023,0.022428975633855135,0.322,0.0010000122557306346,0.010527953127715385,0.22738679484376367,10.405601618424901,-1.18908494843377,-1.1900550289286507,-1.1890722986724642,0.0009700856275028653,0.0010000078136929208,0.010231875617884927,0.27032242135869133,12.966756799485948
163,-1.4240238239180367,-1.4303154360573247,-1.4316383555250347,0.019418569808860996,0.324,0.0010000154999840372,0.010961929529483588,0.227154145263276,10.23199133603078,-1.3479021767775217,-1.3489505377080706,-1.3494021673997243,0.0010483515759309133,0.0010000081784609291,0.00866685819087757,0.16967910884155168,11.090263832939995
164,-1.3441196669877138,-1.3534569593743895,-1.36172818366157,0.028641993566504063,0.326,0.0010000186761454592,0.012966296802503321,0.22239238037815634,11.366004907859946,-1.35663272274865,-1.3577368921703763,-1.3575555006663005,0.0011041752994060516,0.0010000198665592406,0.014547510196765263,0.2703404082192315,11.329521730211045
165,-1.3930813542233322,-1.4034567295380358,-1.4152297743086546,0.03163226363512705,0.328,0.0010000178238974426,0.012343806864799193,0.2105531522406722,10.56870272474469,-1.2559591505262588,-1.2576195319493613,-1.2584063371022542,0.0016603829960028331,0.0010000089856071605,0.010370217481007178,0.2098795344432195,12.813910802205406
166,-1.4093691251187954,-1.4170257106142223,-1.4111554656388625,0.023201791604734817,0.33,0.001000016839858496,0.011348495189592524,0.21857058341210744,10.816759802260488,-1.259844981299506,-1.2613706972863938,-1.2647093971570333,0.0015257204572359721,0.0010000111043660176,0.01273291820867194,0.2870388771096865,12.693866560194229
167,-1.4849995498387318,-1.4912116448834258,-1.4863014569822348,0.018711105621648284,0.332,0.0010000121788525918,0.009713289565143158,0.1900389942358125,9.8072519572276,-1.3617533299658033,-1.362874976793925,-1.3623581780327692,0.0011216447585158879,0.0010000075368831556,0.009024572693225411,0.19027816090318891,10.96082813474867
168,-1.4990614360233523,-1.5049470235716622,-1.504353550245177,0.017621517743704455,0.334,0.0010000097473099265,0.00903219892204089,0.191280825028442,9.600469724187311,-1.321696404616038,-1.3226103040907118,-1.3240365849600897,0.0009138919413089752,0.0010000056742380063,0.008772399597283867,0.2121418888370196,11.560114987691245
169,-1.4744261251235347,-1.4816136274065048,-1.4748191556207977,0.021391357242498757,0.336,0.0010000097385238645,0.00946546744836389,0.19289024771665628,10.050815348355275,-1.3846702562438118,-1.3855059133635628,-1.3857181774245368,0.0008356548845767975,0.0010000077593657706,0.010551715590473678,0.23402374734481177,10.90785814921061
170,-1.525792954103002,-1.5307840491240878,-1.5286224788089968,0.014766542979006498,0.338,0.0010000095078897364,0.00888395912172097,0.18727075744350002,9.170083000974834,-1.3799408766958448,-1.3808350920677186,-1.3833012209998237,0.0008942143784628974,0.0010000046368481385,0.007956199772242043,0.18094134570823775,10.66326002544827
171,-1.4848110765781042,-1.4904441563588269,-1.4879522211146805,0.016567884540220477,0.34,0.0010000100460360354,0.009491627113366465,0.19209775644934401,9.78467328593416,-1.387509102291531,-1.3882502449883356,-1.395659171210395,0.0007411462565263112,0.0010000062795976798,0.008291528560221195,0.19057193754447832,10.475341404808892
172,-1.4776848205980264,-1.4847500799399502,-1.490899751771171,0.020658628979943833,0.342,0.0010000106852220477,0.008717209408235437,0.1813431182559931,9.588989347781775,-1.2284055087301466,-1.2292730424139235,-1.235435136159261,0.0008675252397855123,0.0010000086311871806,0.012743835999733872,0.2776408500141568,12.625527275933157
173,-1.4113383259413377,-1.4208435595808726,-1.4127725397921957,0.027631508502757775,0.344,0.0010000154362850874,0.012249012424979569,0.23702350385346502,10.719922821476775,-1.3462016562620798,-1.3474681562847561,-1.3505421406692928,0.0012664917442533705,0.0010000059536347786,0.0073810916187034715,0.14935526293185022,10.90661154852973
174,-1.5096336625656992,-1.517250192615221,-1.5169261007938746,0.022013103483982804,0.346,0.0010000091806089259,0.008524530971387648,0.17558947268803166,9.362139845794102,-1.2481263505087958,-1.2492462621794806,-1.255626016192966,0.0011199014054404364,0.0010000051516625616,0.00812612156280213,0.18134095892310143,11.807036039564345
175,-1.5002091403277416,-1.5050193701150283,-1.515335222460189,0.013822514704375897,0.348,0.0010000102590980394,0.008709028398372093,0.17189208193207686,9.241472874047622,-1.3745678166548414,-1.375687505139245,-1.3757023182180192,0.001119680619902081,0.0010000063416858514,0.008859863235718675,0.1855324092010657,10.932605107625326
176,-1.3781151704068453,-1.3855326940428536,-1.3739035984255232,0.021192940198025614,0.35,0.0010000130618518254,0.01368978457033353,0.23755967912246595,11.121229909500986,-1.3621910664770338,-1.3630821612146167,-1.3650138987435234,0.000891088197628657,0.0010000061605953507,0.008952760313534074,0.17242607333593898,11.014269532097712
177,-1.4411825920050998,-1.4495711697722382,-1.4456293425470028,0.023831189733068896,0.352,0.0010000118252135955,0.01061127876933172,0.20603058838619376,10.325239190515482,-1.359438099463781,-1.3602555460400052,-1.3672424250178867,0.0008174457483821445,0.0010000054414073627,0.007908139740013413,0.14947504351536434,10.826319185892741
178,-1.5043296791472525,-1.5101863516951508,-1.503850814306511,0.016544290308682423,0.354,0.001000008126281483,0.008646137476459427,0.15362055740266475,9.550478521383033,-1.363948436578115,-1.3647168934345246,-1.3669179432921938,0.0007684628996584151,0.0010000049265929394,0.007959396267930666,0.16496382628877956,10.838459830813937
179,-1.53104571126542,-1.537855566672559,-1.528691626944632,0.019128819048967002,0.356,0.0010000080581895024,0.00825440581395941,0.1805057186844214,9.282007631265893,-1.380889610449473,-1.3816180308659871,-1.388723772101932,0.0007284186780452728,0.0010000039849223361,0.008059945609420537,0.1796330193678538,10.751126596662733
180,-1.5106368379772834,-1.5168234211093974,-1.509831430777064,0.017280938771535765,0.358,0.0010000068523024893,0.008784454228040183,0.18254686526532443,9.58621550506016,-1.3788644658194646,-1.3795269515779283,-1.3825776192877028,0.0006624823643101586,0.0010000039952703648,0.008018559931466976,0.17928408144248856,10.749160067240398
181,-1.4547175431870065,-1.4610465659566645,-1.4589120517924148,0.017580605199876823,0.36,0.0010000085831567082,0.011286997904052149,0.22284549137331405,10.295323344896424,-1.3980642517407733,-1.398806138833364,-1.4017493473158942,0.0007418877548641628,0.001000003928008179,0.007369744456890557,0.1548790018591616,10.019063176049125
182,-1.5269635151017387,-1.5312453508377075,-1.5172594290859294,0.01182829553507409,0.362,0.001000005617860775,0.007590858415120615,0.1691967155432926,9.108166082850042,-1.3314971254931556,-1.3321519335110983,-1.3351909432146285,0.0006548046237892575,0.0010000042927761873,0.008652774513595633,0.2041774243944221,10.919856558905709
183,-1.5451941062819283,-1.549267757613704,-1.5575607317798543,0.011191355169944043,0.364,0.001000006937966594,0.008342910540413181,0.18872190013809023,8.596215491024953,-1.3987351583109957,-1.3992962373627558,-1.405362539158927,0.0005610803763071696,0.0010000030432517329,0.0065490049103067985,0.1399822548859649,10.120362091064454
184,-1.5299793616780695,-1.536127360361927,-1.5202251987637214,0.016797786894834268,0.366,0.0010000063800516556,0.008346128145689672,0.1818750739659903,9.51969727930033,-1.393668627738953,-1.3942360248830583,-1.4016935706138611,0.0005673949917157491,0.0010000040651195578,0.007587225455790758,0.16455237045884133,10.225829050276017
185,-1.4727935352415409,-1.4899857539050985,-1.480237567199851,0.04671798449642253,0.368,0.0010000066743847335,0.009017185633123483,0.191504059746018,9.89278630490573,-1.2825899587737188,-1.2838175415992736,-1.2875779231389364,0.0012275880409611595,0.0010000050300732256,0.009902279689494106,0.19006225516398748,12.093458302815755
186,-1.4452220628846366,-1.4562436117316193,-1.4615446014224358,0.029787963502249628,0.37,0.0010000113793209476,0.010584125014127425,0.20355552125651882,10.029589832953686,-1.3473515209224485,-1.3484666460090213,-1.349557413491938,0.001115129639705022,0.0010000045695859525,0.007444399253775676,0.14358326800995402,10.860556454128687
187,-1.543403887523795,-1.550137536705665,-1.5425169839049286,0.018101215854568302,0.372,0.001000006481091369,0.00792109153567339,0.17563300375949661,9.103115783547455,-1.3747059828705257,-1.3754234241114722,-1.380565079715517,0.0007174370189507802,0.001000004134968751,0.007566324849095609,0.1780593833161725,10.574168099297417
188,-1.5131825343617853,-1.5200477624839206,-1.5250484313604966,0.018356258155040023,0.374,0.0010000070016655438,0.009013974116587976,0.2105135941561663,9.160877155807784,-1.3398311244116887,-1.340498450729582,-1.3469482713275485,0.0006673301259676616,0.0010000033200614983,0.0066748290840122435,0.15194920301437378,10.68825919893053
189,-1.5280882659948096,-1.5342834749311771,-1.530850815323164,0.01647662413570116,0.376,0.0010000065491833495,0.008681527356494148,0.1878973698981528,9.229443442146733,-1.3626930435498552,-1.3633679933018155,-1.367485526866383,0.0006749628318680657,0.0010000034235417843,0.007708846291320191,0.18543083146214484,10.673684544033476
190,-1.548910455883674,-1.5548397302627563,-1.5613796216137004,0.015685932324180064,0.378,0.0010000059539276474,0.008307508017235208,0.18090681380258417,8.818748222207123,-1.3041353820926613,-1.3048846252223787,-1.3107026411427392,0.0007492391599549187,0.0010000021248641941,0.005760971363633871,0.1292944277326266,10.655891089969211
191,-1.5038077313944977,-1.5100501061610456,-1.4929658062053177,0.016427337912456045,0.38,0.001000005813350655,0.008869367273840701,0.20256344847521693,9.656184313432226,-1.3603323366906905,-1.3609085145923827,-1.3659596386882993,0.0005761694577005174,0.0010000030639477902,0.007168070175167587,0.1658757742908266,10.322713449266223
192,-1.5953636664264608,-1.5987656881224435,-1.5936937197199408,0.008905817455840561,0.382,0.0010000044624936188,0.006838378487682005,0.14168450278493594,8.31380937684257,-1.3630208904544512,-1.3634814565380415,-1.3713591327269872,0.00046056947774357265,0.0010000029992726113,0.006922184344795015,0.17726478055119516,10.132167530059814
193,-1.573278804994979,-1.5777703692328255,-1.5817398946240264,0.011696764883005395,0.384,0.001000004611856673,0.0072985576061567045,0.15444976330365776,8.428195143645665,-1.375832924577925,-1.3762871053483752,-1.3845167133543226,0.00045418201221360103,0.0010000023344117735,0.00604733619838953,0.12272618280516731,9.944666322072347
194,-1.556188941001892,-1.5601091947195664,-1.5659552250268325,0.01015611470870252,0.386,0.001000004879831565,0.0072527583776358165,0.1658674863008958,8.488209301570677,-1.3757563511530557,-1.3761305328872468,-1.3804481347401938,0.0003741854594813453,0.0010000036201543278,0.007197501137852669,0.14494735035631393,10.130525207519531
195,-1.5626857798054534,-1.5671175583353583,-1.5779304077040475,0.011422104219783027,0.388,0.0010000065316112254,0.007728151678336116,0.15753440446448777,8.53376466823074,-1.381734310918384,-1.3822098440594144,-1.3862527244620853,0.0004755395982000563,0.001000003007033633,0.006085755117237568,0.13865565947360461,9.848372586568196
196,-1.5666028441123243,-1.5714452581585578,-1.5679209412268873,0.012416458495382993,0.39,0.0010000050753214448,0.007250794464335689,0.16386981990258648,8.609999944578927,-1.422003142701255,-1.4223921014202965,-1.4267016732030444,0.000388962361547682,0.0010000031027528975,0.006495165110876163,0.13925788477063178,9.677160803476971
197,-1.6145982359940152,-1.6176816382498111,-1.626861018954583,0.007865817971387,0.392,0.0010000044910483204,0.0066035733874535785,0.15058181589504457,7.920399863764925,-1.3118231064743469,-1.3122792452573777,-1.316625506668869,0.0004561317463715871,0.001000002189539373,0.0056286510235319534,0.1194227406134208,10.43225137922499
198,-1.5804641201811016,-1.58436555457565,-1.5991007516968925,0.009902112256243543,0.394,0.0010000046799486539,0.006936752237379551,0.14465115535652862,8.271514919568908,-1.4272715455955927,-1.427660861942503,-1.4311289088593588,0.0003893232180012597,0.0010000027560939392,0.006836120525581969,0.14339448006616698,9.729243257310657
199,-1.5936653951428972,-1.5975171844914275,-1.5878846757816818,0.009726747940733747,0.396,0.001000004260414192,0.00689828878198311,0.14679142825727193,8.431736496259582,-1.3378855751620398,-1.3382951226499347,-1.3431169182062148,0.0004095482329527537,0.0010000023137157162,0.005797257853878869,0.12856196678347057,10.294967524210614
200,-1.538761535343134,-1.5457640720425911,-1.5445636822929922,0.017594320523851324,0.398,0.0010000055805200114,0.008128972451712162,0.1737903468310833,8.987220827138648,-1.4365078687667847,-1.436940344174703,-1.4417234208848742,0.0004324769808186425,0.0010000035994582705,0.008352931982113256,0.19853882524702285,9.914570490519203
201,-1.5374673503749776,-1.5429431334981378,-1.545275959766136,0.013689467226559261,0.4,0.001000004923761875,0.007765863354335416,0.17305914396947286,8.905977779964232,-1.2888023204273649,-1.2892201946841346,-1.292214219768842,0.0004178797205289205,0.0010000026474396388,0.0071931898697382875,0.16600174862477515,11.246603022681342
202,-1.4888588426248082,-1.493491329112143,-1.4779900143731315,0.011523581549244107,0.402,0.0010000048886176268,0.008822547025837988,0.17420035860729668,9.560593200179765,-1.1995840072631836,-1.199956632985009,-1.2023200591405232,0.00037262141704559327,0.0010000039073121217,0.010086990385833714,0.22535722702741623,13.304046016269261
203,-1.5766640631657727,-1.5802585043997135,-1.562806727751246,0.00889713907579206,0.404,0.001000006311959675,0.008915649542479583,0.18984504838315946,8.496837678945289,-1.3904986864990658,-1.390906944539812,-1.3963298393620385,0.0004082630905840132,0.001000001954121722,0.0053915483100960655,0.10294543355703353,9.769137054019504
204,-1.6038452656763904,-1.6070450274449475,-1.5899587239859239,0.007881169752129968,0.406,0.0010000038145215444,0.006352206841462625,0.13752377918868694,8.322272768560445,-1.3716890030437048,-1.3719898339774874,-1.3793906705247032,0.00030083093378278946,0.001000002241279516,0.006534005215184556,0.14037027516298825,10.12464328342014
205,-1.5887209716832862,-1.59250607805432,-1.5966129944009602,0.009277212169935118,0.408,0.001000004420759824,0.006818957591675363,0.13731306397689963,8.27058255897378,-1.363246539566252,-1.3636256908377011,-1.3708675324399437,0.0003791520165072547,0.0010000022852586375,0.0064188922755420205,0.13360665440559388,10.248983022901747
206,-1.5636915654506323,-1.567757822432608,-1.5586259848666641,0.00991769957373727,0.41,0.0010000045305855994,0.007881918386116906,0.16284712150974093,8.727537784936294,-1.3786376661724515,-1.3789646254645453,-1.391040450334549,0.0003269584642516242,0.0010000020627760225,0.007060808512485689,0.14013386658496327,10.033482021755644
207,-1.5336736541874003,-1.5380123066452314,-1.534121240085026,0.010530714086204205,0.412,0.001000004719485933,0.007992634057717503,0.1789019689807352,8.834537551088154,-1.365408366587427,-1.365743437078264,-1.3704235994153553,0.0003350690835052066,0.001000002701766789,0.006706449120408959,0.12127322140667174,10.14852138095432
208,-1.591561940481078,-1.5954899180610225,-1.5797637948450052,0.009487860467074052,0.414,0.0010000042450385837,0.0066700146252394845,0.12813616494806307,8.472797780666712,-1.4115829732682967,-1.4119331373108759,-1.4167730225457085,0.000350164125363032,0.0010000030432517329,0.0070804716708759464,0.14109571600953738,9.690530776977539
209,-1.4313605776372946,-1.4359074594839565,-1.4340793400440577,0.010929998853858912,0.416,0.0010000075002745638,0.011068672943368272,0.22636983782615303,9.787079289274395,-1.335171104139752,-1.3355401780870226,-1.3360009306006961,0.00036907494068145753,0.0010000037313956354,0.008354588608360953,0.17466737512085173,10.228151194254558
210,-1.5477865596987166,-1.5525942613493722,-1.5487838128827653,0.011501671711228928,0.418,0.0010000054135848328,0.007676197910013626,0.1563370201104092,8.85896867176272,-1.362835803296831,-1.3632638706101312,-1.3697439233462017,0.0004280623462465074,0.0010000026629616817,0.006744483506513966,0.1377393428650167,10.35746840371026
211,-1.5309968264597766,-1.5354542496069423,-1.5265575681092605,0.010612907696445033,0.42,0.0010000065975066907,0.008688836639641592,0.18687292090002097,9.028207347078144,-1.3908933513694341,-1.3914191252655452,-1.3990620116392771,0.0005257791115178002,0.0010000033045394552,0.00758706188450257,0.15516481465763515,10.160987854003906
212,-1.6206565735475071,-1.623444877705484,-1.6212698738529998,0.006607385738840643,0.422,0.0010000037903598739,0.006193273235112429,0.12335844703440396,7.975818634033203,-1.4259965048895944,-1.4264708081881206,-1.431822935740153,0.0004743015600575341,0.0010000028078340822,0.006705553395052751,0.13615730471081203,9.68542341656155
213,-1.636280915647183,-1.63994492562312,-1.637094885673163,0.008641520550228515,0.424,0.0010000034279348154,0.006528182227586238,0.13214288919039494,7.858291760930475,-1.3489243924617766,-1.3494630303647783,-1.3583337830172644,0.0005386362473169963,0.0010000016488548782,0.0047476271426098214,0.09006873526506953,9.735052818722197
214,-1.5940291274268672,-1.5984900526280672,-1.5842444671774811,0.010471659167757575,0.426,0.0010000038013424513,0.006707334073857879,0.13896061711997357,8.620291520964425,-1.4226211296187505,-1.4229979038238525,-1.4344217591815525,0.0003767686585585276,0.0010000023033676876,0.007347170263528824,0.15325368982222345,9.51412001715766
215,-1.5911366309759751,-1.5950324265462048,-1.5817732574804775,0.00910231295340466,0.428,0.0010000041066581067,0.007349426682405877,0.1451555834907406,8.63068307120845,-1.414267439312405,-1.4146748516294692,-1.4249960554970635,0.00040740412142541675,0.00100000256465541,0.006285587905181779,0.13716655232840114,9.570276864369708
216,-1.6076399672706172,-1.6112307804935384,-1.6091201057973898,0.008350728747417342,0.43,0.0010000035531361991,0.0066807285425657375,0.14295706377839143,8.119341121529633,-1.420226362016466,-1.4206863403320313,-1.4279507637023925,0.00045996937486860487,0.0010000021326252155,0.0059410167651043995,0.11243161244524849,9.521924283769396
217,-1.6624430822876264,-1.6656589912918378,-1.6629576008274871,0.007444212529456841,0.432,0.0010000027514080394,0.0056871512623609234,0.11768305034569974,7.484205407916375,-1.372265111075507,-1.3726598646905688,-1.380149875746833,0.00039474947584999934,0.001000001560896635,0.0052928062207582924,0.11233946308493614,9.674793794420031
218,-1.425921823618547,-1.4299730692269668,-1.42757996073309,0.009334667743939274,0.434,0.0010000062965840664,0.010919216264671874,0.2171095075472346,10.186264748843211,-1.3721102039019268,-1.3724957346916198,-1.3727996349334717,0.00038551870319578383,0.0010000052447948192,0.01633121913505925,0.2599316058887376,10.684872786204021
219,-1.5635876824271004,-1.5674401859067522,-1.5720744369164952,0.008836003125838513,0.436,0.0010000061252558568,0.009260979226245632,0.16454193994121732,8.319729858974242,-1.4513989223374264,-1.4517637583944532,-1.4566829800605774,0.0003648387889067332,0.0010000021740173301,0.005655944440513849,0.09333463025589785,9.163216887580026
220,-1.570655640566124,-1.577232541340702,-1.5753403722115282,0.015015767641224951,0.438,0.0010000034894372494,0.006756157913016823,0.1284450707289408,8.541572084966695,-1.4609525521596274,-1.461417826016744,-1.4656775169902378,0.00046527327762709724,0.0010000030665347974,0.008057473920699623,0.15689931958913803,9.567070727878145
221,-1.6481220002444286,-1.6518779970564932,-1.6534535187595296,0.00853634590529046,0.44,0.0010000032390344818,0.006354075689571646,0.1299263984667805,7.616440494105501,-1.3538143608305189,-1.354246535566118,-1.361000567012363,0.00043217846088939243,0.0010000014962214562,0.0051605953369289635,0.0941291171229548,9.90111486646864
222,-1.643205554980152,-1.6463397673840792,-1.6499880799707376,0.007090974528834505,0.442,0.0010000024614679926,0.005881736169235324,0.12817909540432804,7.729453518705548,-1.4035504341125489,-1.4038614153862,-1.4125721242692735,0.0003109898004266951,0.0010000014988084634,0.005689229417799248,0.11236808862951067,9.293804677327474
223,-1.603635868936215,-1.6088310030271422,-1.5991159947413318,0.01170077252219308,0.444,0.001000002788748803,0.006830680034703242,0.14238183544772975,8.381329140573177,-1.425385945373111,-1.4257621950573391,-1.4324446068869696,0.00037624802854326035,0.0010000017756182286,0.006258069444447756,0.14162442452377744,9.386343722873262
224,-1.5794014458386403,-1.5842516096133106,-1.5857597027184829,0.010874791597982622,0.446,0.0010000029029676094,0.006875422748051725,0.14272293343015438,8.258075444203502,-1.352334894074334,-1.3527832190195719,-1.3566199660301208,0.0004483190675576528,0.0010000017626831928,0.006494974117312167,0.13676311059130564,10.129768922593858
225,-1.6234411406067182,-1.6259794122767899,-1.640334354256684,0.00566578080069344,0.448,0.0010000030479376328,0.006327373827895466,0.13220470237000934,7.498605242315328,-1.3973959922790526,-1.3977617111470964,-1.4067283537652757,0.0003657147288322449,0.0010000013642840915,0.005275593035750919,0.11062840405437681,9.231995974646674
226,-1.6682043840300362,-1.6706692407715995,-1.6640079021453857,0.005477447062730789,0.45,0.0010000024702540547,0.005663337528635308,0.12199580398792366,7.514036583450605,-1.4200197339057923,-1.4203233944045173,-1.4285510275099012,0.0003036646379364861,0.001000001253042784,0.004958950552261538,0.10296041493614515,9.18611871931288
227,-1.6224670376417771,-1.625904843492328,-1.632544145269214,0.0076057558773823504,0.452,0.0010000024658610236,0.006207654287792601,0.1376851113196814,8.013671137251944,-1.4601923147837321,-1.4605139838324652,-1.4691698326004876,0.00032166681355900236,0.0010000016203977995,0.006249879952520132,0.12302184055248896,9.171608479817706
228,-1.6339364434188266,-1.6372352905993193,-1.6408932692599747,0.007266196158697021,0.454,0.0010000025449355817,0.006127635192758632,0.12843521958533324,7.618467641326617,-1.4086949977609844,-1.4089754607942369,-1.4157124333911473,0.00028045492039786445,0.0010000017549221714,0.006133556728147798,0.12015254770716031,9.546709865993924
229,-1.4746581585902088,-1.4791537568254292,-1.4830252854329236,0.009858760069001396,0.456,0.001000007627672463,0.0100917806761023,0.18830296017651288,9.253662991073897,-1.3467357565959295,-1.3471010075675116,-1.3521307834527558,0.00036525155107180275,0.0010000021843653585,0.0053917251682529845,0.09687427795595593,9.734661398993598
230,-1.5837063935567748,-1.588494802420994,-1.5925079674090978,0.01045502687119088,0.458,0.0010000039221508042,0.00705729196515848,0.14498046532554446,8.199569999047046,-1.365360786517461,-1.365686055024465,-1.3765692974130312,0.00032526825865109764,0.0010000014806994134,0.005009428784251213,0.10325560039944119,9.56150467130873
231,-1.603613871448445,-1.607204945582264,-1.5957081070486105,0.007806667601162533,0.46,0.0010000040144044554,0.006606093335475,0.1434970976046796,8.18498044643762,-1.408671083715227,-1.4089382158385382,-1.4156869292259215,0.00026712980535295274,0.001000001884272529,0.005317599109063546,0.10266408258014255,9.43293709225125
232,-1.631367933075383,-1.635280802564801,-1.6219173872245933,0.008469412560170551,0.462,0.0010000030259724776,0.0061329163672437645,0.14026428309251676,8.033363108365041,-1.4237543132570056,-1.4239824619558124,-1.4353932208485074,0.0002281435661845737,0.0010000015039824776,0.005693542822781537,0.12838261913922097,9.338748857710097
233,-1.654826841264401,-1.6580911537386336,-1.658077451418031,0.007035171929395424,0.464,0.001000002410948136,0.005769532129941684,0.1316165086233391,7.473232764118123,-1.379014174805747,-1.3792443093326356,-1.3887872758838866,0.00023013063602977328,0.001000001423785256,0.005717429482481546,0.109141479846504,9.775680298275416
234,-1.5857061597536195,-1.5897273646210723,-1.5790409220839448,0.00862918864443617,0.466,0.0010000031116365823,0.007496577476696024,0.15501295578367305,8.774992528951392,-1.2052429040273032,-1.2054593741893769,-1.2079963564872742,0.00021645964847670661,0.0010000012556297911,0.005621285741734836,0.12455524727702141,11.048440912034776
235,-1.61841744746802,-1.6212125375585735,-1.6097873550540995,0.005972426595552912,0.468,0.0010000028810024542,0.007518037485907662,0.16489254409131013,8.23070030392341,-1.4024392478995853,-1.4027563333511353,-1.4161375284194946,0.0003170765108532376,0.0010000010331471761,0.004773498766331209,0.09383898729251491,9.06965249379476
236,-1.6496420356462587,-1.6528452544842127,-1.6528830078412902,0.006815351475522203,0.47,0.00100000208147081,0.005302218909217221,0.1257431535928879,7.468398463051274,-1.3772175599303509,-1.3774756907588905,-1.3839111275970937,0.0002581281794442071,0.0010000013125439485,0.005616849624655313,0.12463344029254383,9.486405679914688
237,-1.6453565494069513,-1.6478103253076661,-1.6363814248228974,0.005198659621319681,0.472,0.0010000024526819306,0.00608772928562929,0.13347137044623214,7.626179812089452,-1.3190012521213956,-1.3192733115620083,-1.3313132921854656,0.00027205381128523085,0.00100000130219592,0.005251424842410617,0.12013159915804864,9.883271068996853
238,-1.600960004723297,-1.6034926339140478,-1.618471181617593,0.005343111056201863,0.474,0.0010000029227362488,0.006991076414947802,0.15720896211997518,7.700118271809704,-1.3735401411851245,-1.3737819850444795,-1.3816720311840376,0.00024184427327579922,0.0010000010538432334,0.00433311040720178,0.08342734347614977,9.13559479183621
239,-1.6719450973114878,-1.6746397063417255,-1.6806781539377176,0.005660931035032812,0.476,0.0010000023450526707,0.005450291787537764,0.11336098948739609,7.407178311977747,-1.444043923748864,-1.4442584878868527,-1.4524697846836514,0.00021455643905533684,0.0010000012478687697,0.0046762691086365115,0.09626318075590663,8.782741483052572
240,-1.5144989344308961,-1.5177144441964492,-1.518087164411005,0.006727019570908457,0.478,0.001000004506423929,0.008447518739146445,0.1920144646516386,8.798567223099043,-1.4385252820120917,-1.4387891127003565,-1.4409548276000552,0.0002638320955965254,0.0010000030639477902,0.009375639766868617,0.18832178380754258,9.91118165122138
241,-1.6336574498212562,-1.636915088824506,-1.644147996632558,0.006786750313246025,0.48,0.001000003326895102,0.006885009255471095,0.13765070538194674,7.720092710459007,-1.4255320847034456,-1.4257744855350918,-1.4353840788205465,0.00024239983823564316,0.0010000012944348985,0.005225051479000185,0.10835717572934098,9.197330549028186
242,-1.661943887764553,-1.6648767466815013,-1.6602379803387624,0.00608474943997725,0.482,0.0010000023780004034,0.0056905723352617815,0.1300557775176921,7.515468471455124,-1.2984526442156898,-1.298642200231552,-1.3035683029227787,0.00018955551915698582,0.00100000130219592,0.004980465298932459,0.10803479945494068,10.183339564005534
243,-1.6558473295760605,-1.6583934853661735,-1.649188351518703,0.0052606575191020966,0.484,0.0010000027228533378,0.0059403504271341384,0.13805313183451598,7.564859795120527,-1.3971027665668065,-1.397323187854555,-1.4037316229608323,0.0002204136715994941,0.0010000013047829271,0.0052911992236557934,0.10235609105891652,9.490716881222196
244,-1.673805904838274,-1.677226520934195,-1.6684657537712242,0.007038294355262001,0.486,0.0010000021495627908,0.005498906716106916,0.12221955543137947,7.478646044461232,-1.3276126490698923,-1.3278614951504601,-1.3390233006742265,0.0002488403684563107,0.0010000012426947555,0.0050493242477791175,0.10254119303491381,9.606733904944527
245,-1.6893676811794065,-1.6936346000095583,-1.7035579501457934,0.008743693946667437,0.488,0.0010000019167321472,0.0054270973174288025,0.12751519658936644,7.01380400387746,-1.3488998028967114,-1.3492029825846354,-1.3562058538198472,0.0003031827509403229,0.0010000009400149186,0.004495933817492591,0.08637667294177744,9.397713883717854
246,-1.6486903668012258,-1.6520417027597158,-1.647703877316331,0.006839468091163995,0.49,0.001000001534538449,0.005598655119889749,0.1142104935463307,7.861383015254758,-1.351494991779327,-1.351704466342926,-1.3634466846783957,0.0002094707555241055,0.001000001237520741,0.0061488947831094265,0.1266767052312692,10.212259366777205
247,-1.565038061366891,-1.5675940232456855,-1.568760282026147,0.005195037655110629,0.492,0.0010000035179919512,0.007636211232616092,0.16416829726043738,8.235888094272253,-1.4887147545814516,-1.4889737844467164,-1.4927654478285048,0.0002590306931071811,0.001000002512915267,0.009204644968526231,0.17787480793065494,9.13872677485148
248,-1.64700278471101,-1.6505526113060285,-1.6498910008736376,0.007185889794579092,0.494,0.0010000031731390165,0.0069712606952789255,0.14394170144256554,7.825610772618708,-1.4350744790501067,-1.435317591826121,-1.4416664130157895,0.00024310118622250027,0.0010000012737388412,0.005630279539359941,0.11389691829681396,9.223483064439561
249,-1.6845991948865495,-1.6872689386583724,-1.681913195915942,0.005382545714108449,0.496,0.0010000020199683757,0.005551253269725251,0.11945522021291391,7.4137445035970435,-1.3525042666329279,-1.3527314156293868,-1.360060907734765,0.0002271477546956804,0.0010000010253861547,0.004977170559060242,0.10519459086159864,9.753367201487224
250,-1.6453416493703734,-1.648680546373691,-1.6331913088852505,0.006704618275727866,0.498,0.0010000023406596397,0.006462872810310351,0.14061670293504336,7.922242020660976,-1.3551185718841021,-1.3553988036182192,-1.360094537999895,0.0002802347971333398,0.0010000009814070331,0.004558268629221453,0.09031400469442209,9.434627681308323
251,-1.7007736484959441,-1.7038072077733166,-1.702226182199874,0.006067120803976958,0.5,0.0010000018969635075,0.005072434850142531,0.1085596390349685,7.0359880339424565,-1.408122890525394,-1.4083659870756997,-1.4127588033676148,0.0002431022624174754,0.0010000009012098114,0.004466240708198812,0.08576980038649507,8.921001307169597
252,-1.5898812643761904,-1.5933673027551398,-1.5875443341034763,0.006944304648435341,0.502,0.0010000024966122407,0.0077728804877414456,0.16569883474763833,8.679501992351604,-1.36671497159534,-1.3668966756926642,-1.3745502909024556,0.0001817035178343455,0.0010000012219986982,0.005566908858923449,0.11868782349758678,9.809459071689181
253,-1.6606621247417521,-1.6629570925010826,-1.6682102612729341,0.004553510965603702,0.504,0.0010000021869035543,0.0061590911398799915,0.15101313127099342,7.301152292287575,-1.4372573296229043,-1.4375061459011502,-1.4453701032532587,0.00024882273541556465,0.001000001048669219,0.004714515903550718,0.09530238165623611,8.763133504655627
254,-1.6584476693621222,-1.6617441278583598,-1.6562768659501705,0.006514752881144578,0.506,0.0010000018398541044,0.006249374771525837,0.12876594825735632,7.804714337834772,-1.4226317670610213,-1.4228296743498907,-1.4302941971355014,0.00019791126251220704,0.001000001015038126,0.004939333230463995,0.09807019465499454,8.95736967722575
255,-1.6797092219568648,-1.682353397585311,-1.675148091226254,0.005205061075822363,0.508,0.001000002028754438,0.005448843198740539,0.11742759383511993,7.361425993577489,-1.34727932744556,-1.3474687536557515,-1.3621351811620923,0.000189428362581465,0.0010000011211054192,0.0051355748747785885,0.10607470141516792,9.462052122751869
256,-1.6526926351043414,-1.655340905459422,-1.6558898349977889,0.005192695150397859,0.51,0.0010000024746470856,0.0058697306788262895,0.12073347211446402,7.5728632099223585,-1.4636560943391586,-1.4638339598973593,-1.469143901930915,0.00017787027690145703,0.0010000015557226208,0.0049929334368142815,0.09895322488413917,8.602406766679552
257,-1.712482342180216,-1.7143242066761233,-1.7087583451900843,0.0035974003093422586,0.512,0.0010000024878261786,0.005028577802597352,0.10390697897605176,7.019875940286888,-1.4186816268497042,-1.4188547253608703,-1.4248277253574795,0.00017309536536534628,0.0010000010616042548,0.004200600884440873,0.07572713010013103,8.64930321375529
258,-1.6780408564603553,-1.6805088992388744,-1.6845382643195819,0.004801645382957638,0.514,0.0010000023604282793,0.005292200399914159,0.11843879872335578,7.1755414908786985,-1.3449404663509792,-1.3451276183128358,-1.3552690731154549,0.000187143517865075,0.0010000013306529986,0.005453596491780546,0.1283079089389907,9.587790732913549
259,-1.6601609733869445,-1.6629111949565276,-1.6638141105759818,0.005329873834578496,0.516,0.0010000025317564887,0.005859486319405853,0.1295777883310363,7.483297743887271,-1.28735611571206,-1.2875790503289966,-1.2925028959910074,0.00022292849090364245,0.0010000009193188615,0.004595718465538488,0.09550474935935603,9.881734593709309
260,-1.6597528232718415,-1.662361225991879,-1.6588650334556148,0.0050355412487713795,0.518,0.0010000023296770622,0.005682671504130341,0.11787689807561208,7.502036400561063,-1.3467688441276549,-1.3470146324899461,-1.3584986488024393,0.000245782732963562,0.0010000010460822118,0.004712485894560814,0.09415925795005428,9.420802052815755
261,-1.540291429690595,-1.5433034863112107,-1.536183441584965,0.005792410868518757,0.52,0.0010000037574121412,0.008422122987092665,0.17266675604964202,8.7019566499962,-1.461197327242957,-1.461509562863244,-1.474626186158922,0.00031223719318707787,0.0010000010383211903,0.0045578076607651185,0.07512540904184183,8.409034612443714
262,-1.713168018269089,-1.7152968780049738,-1.7055501791666139,0.004078288193581239,0.522,0.0010000018881774456,0.00538863910731139,0.09832224014373321,7.315012203072602,-1.414605368508233,-1.4148157252205742,-1.4328602830568948,0.0002103488478395674,0.0010000008029035397,0.004350466188043356,0.0769397855632835,8.733482318454318
263,-1.6721735208664301,-1.6745984790460118,-1.6647945861771423,0.004627783413765565,0.524,0.0010000017981203098,0.005498793837175054,0.11431526231034747,7.413391419176786,-1.4105846961339312,-1.410843108759986,-1.423708536889818,0.0002584041820632087,0.0010000007382283608,0.004276819516801172,0.0808246422972944,8.883667522006563
264,-1.6525303946351104,-1.6552441004874572,-1.6413262815407987,0.00515916866232764,0.526,0.0010000018376575888,0.005550281759702934,0.11645487119566719,7.723893165588379,-1.466057042280833,-1.466268503665924,-1.474204749531216,0.00021146461367607116,0.0010000012659778198,0.006283420091494918,0.12259790524840355,8.98486762576633
265,-1.6878910379589729,-1.6898773301322505,-1.6944668675368686,0.0037619266307578896,0.528,0.0010000021232046046,0.005725432802343143,0.11453957377739672,7.1725446053271025,-1.3051220337549847,-1.3052985005908542,-1.3178804145918952,0.000176468077633116,0.001000000896035797,0.004336553258407447,0.07927107848227025,9.61979922188653
266,-1.6758857538115304,-1.6780723378343403,-1.6846738885033805,0.0041256154061488385,0.53,0.0010000022747641746,0.005375428564565361,0.1063677044409626,7.219170093536377,-1.4655634178055659,-1.4657531632317438,-1.4760971228281656,0.00018974906868404813,0.0010000009943420688,0.004432524005985922,0.07893108162615034,8.520210605197482
267,-1.7102187669502114,-1.7122077177155692,-1.718722735935787,0.0037386290166737898,0.532,0.0010000017278318136,0.004722620474772071,0.10426178827600659,6.907739837214632,-1.4331102212270102,-1.4332463529374864,-1.4406105518341064,0.00013613419400321111,0.001000000963297983,0.004801053719388114,0.1013646028108067,8.813185564676921
268,-1.7150357736731476,-1.716841794409842,-1.7083453839679934,0.0033820690411441733,0.534,0.0010000017937272787,0.005087795074291105,0.11035767345214789,7.043958430020314,-1.479619532161289,-1.4797474834654065,-1.4903437733650207,0.00012796330783102248,0.0010000011262794337,0.004728805113376843,0.09315489414665434,8.328942351871067
269,-1.6774980796957917,-1.6792407733089518,-1.6753370334517281,0.003251302917048616,0.536,0.0010000019848241278,0.005328054992341489,0.12173835567708285,7.326147898188177,-1.4173506061236063,-1.4174689690272013,-1.4214658114645216,0.0001183619929684533,0.001000001097822355,0.005184411536902189,0.11110863097839885,8.934177409278021
270,-1.6830061381717898,-1.685947541920644,-1.6854020424608915,0.005467300215419734,0.538,0.00100000184205062,0.005435004830360413,0.11702995199077534,7.155110260225692,-1.4349523822466532,-1.4351111888885497,-1.4431243022282918,0.00015880664189656576,0.001000000927079883,0.004407121634317769,0.0859496542563041,8.552289634280735
271,-1.677442897040889,-1.6807086591450673,-1.6735726600548007,0.006047707964789192,0.54,0.0010000020155753449,0.005258873750824692,0.11566278978057627,7.074758268752188,-1.4536141051186455,-1.4540303164058261,-1.4595909436543784,0.0004162145985497369,0.001000001015038126,0.005140148191195395,0.09872704566352897,8.881141948699952
272,-1.6711389467401325,-1.6742667926932282,-1.6752735376358032,0.0057709330236012085,0.542,0.0010000022945328142,0.00549571064986148,0.11946232753963966,7.44550106660375,-1.4896305097473996,-1.4898899780379402,-1.499368064933353,0.000259462661213345,0.0010000017005950212,0.007465168937212891,0.14863486902581322,9.058384111192492
273,-1.718488965394362,-1.720400724770888,-1.725551243098277,0.00351425808555675,0.544,0.0010000017497969686,0.005319864932834258,0.12145949218351886,6.810992285890399,-1.4635478430324131,-1.4637354016304016,-1.470679309633043,0.00018756522072686089,0.0010000008468826612,0.004265006693700949,0.08839147674540679,8.408975866105822
274,-1.6683175766243126,-1.6710972628503475,-1.6643860385103046,0.005091010540161493,0.546,0.0010000021978861318,0.0057818667154829455,0.1264941282570362,7.547754377689001,-1.4564002699322172,-1.4565550433264838,-1.4635302305221558,0.00015477091073989868,0.001000001268564827,0.005363016958451933,0.10423390563163493,8.964233652750652
275,-1.739480952046952,-1.7409988146907878,-1.7391780412422035,0.002769823133383157,0.548,0.001000001921125178,0.004727330520081351,0.10399131568254165,6.657560060609062,-1.4849375168482462,-1.4851178182495965,-1.494626357820299,0.0001802953581015269,0.0010000008727527327,0.003955090175279312,0.07989862751629617,8.102556165059408
276,-1.680187814640549,-1.6827866581251036,-1.678069973891636,0.004725168336112544,0.55,0.0010000020111823138,0.0052874202813672005,0.11126243716703271,7.285401011412999,-1.371703925397661,-1.3718506508403354,-1.3826125727759466,0.0001467280089855194,0.0010000008572306899,0.00408213523009585,0.08556956930292978,9.051791869269477
277,-1.7718934855371151,-1.7733148876226172,-1.7643639006704654,0.0025749923485629965,0.552,0.001000001560896635,0.004222314853115745,0.09662296640563686,6.507964521084192,-1.4220234950383506,-1.422153611977895,-1.4362584392229716,0.00013011437323358325,0.0010000007589244181,0.0037917720878289807,0.0769640641907851,8.418068451351589
278,-1.6880129418283139,-1.69021083161516,-1.68435522857702,0.00396729865164127,0.554,0.0010000022220478025,0.0054182203328412655,0.11289747101518344,7.3347528745543285,-1.4688852296935189,-1.4690633204248216,-1.4770068261358473,0.00017808187339040968,0.0010000012478687697,0.00453777022452818,0.09459202898045381,8.450635729895698
279,-1.671725184287665,-1.6745705042245254,-1.678669496527258,0.005117492152834838,0.556,0.0010000022703711435,0.006101148629139336,0.13417114001118913,7.54013396209141,-1.4985624684227836,-1.4987224817276001,-1.5092946317460803,0.00016001280811097886,0.0010000012401077483,0.005136452775655521,0.10083113416201539,8.346435769399006
280,-1.7446086721600227,-1.7463989865105107,-1.744981030248246,0.0032084358610072225,0.558,0.0010000017959237942,0.004661008131356453,0.10546962839533698,6.65077163588326,-1.3927431053585475,-1.392868603600396,-1.405679632557763,0.0001254965861638387,0.0010000007977295253,0.004016983907462822,0.1033815453449885,8.56140341228909
281,-1.7500444200803649,-1.7518377866385118,-1.7479917643205174,0.0032024416580515086,0.56,0.0010000015147698094,0.00470855547431505,0.11517848468051767,6.61222487575603,-1.3799733440081279,-1.380126080248091,-1.3908123705122206,0.00015273897184265984,0.0010000007589244181,0.0037864762927509016,0.08295626822445128,8.653767024146184
282,-1.768043020986161,-1.7694339999612771,-1.7579974116019483,0.0024750604522678086,0.562,0.001000001409337065,0.004153408382509677,0.10009042904624399,6.404064052509812,-1.2919026599989998,-1.2920222931438021,-1.3021082970831128,0.00011963165468639798,0.0010000007666854395,0.004389468921969334,0.10403400477435853,9.624496385786268
283,-1.7177392154369715,-1.7195988241231666,-1.7214030004897207,0.0032971776881307925,0.564,0.0010000016773119569,0.005020625722366122,0.12665289457676546,6.931496287291905,-1.3710511883099876,-1.3711959812376233,-1.37970019976298,0.00014478945069842868,0.0010000009684719973,0.004711051952714721,0.09264367119305664,9.197650708092585
284,-1.7142598651490122,-1.7159170564615502,-1.7144912998631316,0.0029279009070036547,0.566,0.0010000017278318136,0.005211958701212732,0.11693461569693853,7.029935359954834,-1.485982306798299,-1.4861025280422635,-1.5039936423301696,0.0001202147040102217,0.0010000011288664407,0.004455237882211804,0.08939418324993717,8.07826435301039
285,-1.7204888136881702,-1.723179889175127,-1.719547521393254,0.004737805012824401,0.568,0.0010000019277147246,0.0047458478398972525,0.09778068081106779,6.870375930138354,-1.4444536368052163,-1.444612095091078,-1.4534600920147367,0.00015846590201059978,0.0010000010512562262,0.004254598408523533,0.08315946691566044,8.49233136706882
286,-1.7872826220854274,-1.788660222629331,-1.7823897982543369,0.0024168425292338965,0.57,0.0010000016092199763,0.004121585217532965,0.0948024461010717,6.274694073874995,-1.4142486625247535,-1.4143647697236803,-1.4275671813223096,0.00011609883772002326,0.0010000008417086468,0.0036953257758998207,0.07642388232052326,8.331822935740153
287,-1.7618612320917957,-1.7636222614432282,-1.77404152897169,0.003078722025988237,0.572,0.0010000014642499529,0.004353144113853012,0.0999898447321271,6.410601741862747,-1.4390514108869763,-1.4391851941744487,-1.4524282693862915,0.00013377302222781712,0.0010000008029035397,0.003825887359885706,0.07624724842607974,8.142986647288005
288,-1.7698225457713288,-1.771634670923341,-1.7731207586684317,0.0031570118834387583,0.574,0.0010000016026304296,0.004293516084973542,0.09972628515284017,6.325367450714111,-1.4097925583521524,-1.4099068933063084,-1.4249974674648709,0.00011434240473641289,0.001000000792555511,0.003416537421031131,0.06621768346263303,8.253845744662815
289,-1.7335678159065966,-1.735505999259229,-1.7397975066922746,0.003364912322107351,0.576,0.0010000016926875654,0.004494490708171759,0.09465428030575221,6.56588392437629,-1.3339498625861277,-1.3341180364290872,-1.3471873097949558,0.0001681826180881924,0.0010000009426019258,0.004058675907759203,0.07589325221876303,9.126831245422363
290,-1.6804842600282632,-1.6832043134941246,-1.690312330452901,0.004705973602128479,0.578,0.0010000024395028376,0.005221207850208541,0.10930155744811273,7.322564188039528,-1.470840758747525,-1.4710408104790582,-1.4825200372272067,0.00020005570517645942,0.001000001832532386,0.00584497719278766,0.12190983436173863,8.774385526445178
291,-1.634501556180558,-1.638129564951051,-1.6419966187117234,0.006255172333627377,0.58,0.0010000035597257457,0.006840895624163578,0.15250361752959918,7.573378859825854,-1.4940905610720314,-1.4945908188819885,-1.5056608213318718,0.0005002560714880626,0.0010000009348409044,0.004319292094765438,0.0770415777547492,8.188077926635744
292,-1.6715282994621206,-1.6737938264630876,-1.6700940210864228,0.0038926578214708366,0.582,0.0010000022879432676,0.005384954724917715,0.12651204627077534,7.467349205376967,-1.4586600767241582,-1.4588271021842956,-1.4669303006596035,0.00016702421837382845,0.0010000014134372273,0.00671201752912667,0.13502019867300988,9.045289029015436
293,-1.7070055480273265,-1.7090580575871017,-1.7143585254561227,0.0035145612398408493,0.584,0.001000002837072144,0.005822644318576972,0.12656137037951992,6.840593045612551,-1.4076603757010566,-1.4079071640968324,-1.4235894269413418,0.0002467907965183258,0.0010000007822074824,0.004099228310709199,0.0781930495881372,8.579526392618815
294,-1.7156078478075423,-1.7173210180030678,-1.719399997648203,0.002923497403005384,0.586,0.0010000018749983523,0.004674575581514048,0.10246204627010058,6.771695739818069,-1.4215647207366096,-1.4217108752992418,-1.433336361249288,0.00014616250991821288,0.0010000011443884837,0.005073581077158451,0.1029564773870839,8.827459367116292
295,-1.67024379603143,-1.6722882827216725,-1.6613542611868877,0.0034770264799864788,0.588,0.0010000024680575392,0.007323264807708702,0.13690850504164426,7.669784204015192,-1.5128179444207086,-1.5129524442884656,-1.5245462629530164,0.00013450384140014648,0.0010000008882747756,0.004605525535427862,0.08121899283594555,8.173397625817193
296,-1.7593096494674683,-1.7605560973005474,-1.7714126964785017,0.002112629840958793,0.59,0.001000001712456205,0.004307638063042794,0.09304583100777752,6.314526458956161,-1.4654637800322636,-1.465575314892663,-1.4798922154638503,0.00011152997612953185,0.0010000007304673394,0.0036705931182950736,0.06847130635546314,8.10239715576172
297,-1.756070760061156,-1.757435733417295,-1.7666956411217742,0.0023056879499048556,0.592,0.0010000016465607398,0.004271652742798599,0.09511603892974134,6.373784955942406,-1.4131408320532906,-1.4132366644011602,-1.4244136638111538,9.583110610644023e-05,0.001000000808077554,0.0036037969454709028,0.0658487993809912,8.434022023942736
298,-1.7419977660449046,-1.7434746971670187,-1.7403331117809944,0.0024863958780495625,0.594,0.0010000018464436508,0.004479794872854397,0.09773912540865394,6.678618548051366,-1.4205798983573914,-1.4206660668055215,-1.4304559508959451,8.617788553237915e-05,0.0010000008986228042,0.003813067730516195,0.0748374675710996,8.473671531677248
299,-1.732510747774592,-1.733836201845475,-1.740672175895493,0.0022239239429527858,0.596,0.0010000019277147246,0.0048323990777134895,0.11348420135536284,6.652300069916923,-1.3030334300465054,-1.3031993057992723,-1.318014066749149,0.0001658813820944892,0.0010000007511633965,0.0036726498355468115,0.06620983986390962,8.86998069551256
300,-1.7745753751610809,-1.7760258373224511,-1.782434789639599,0.0024255148644717235,0.598,0.0010000016267921001,0.004186413264042645,0.09023877893978695,6.212381299936546,-1.43816466861301,-1.4382897324032253,-1.4546219150225321,0.00012506172060966492,0.0010000007382283608,0.003651320277195838,0.07075651014844576,8.135151990254721
301,-1.700318067703607,-1.702231598350237,-1.7108934195536487,0.0031892043661396457,0.6,0.0010000021100255115,0.004832272224549977,0.10959011484991829,6.940930960313329,-1.5262079808447095,-1.5263863643010458,-1.5335079007678563,0.00017837931712468466,0.0010000017937272787,0.006549297542207771,0.12274557078878084,8.272300540076362
302,-1.5741314348184838,-1.576544129623557,-1.5713712899190075,0.0040078126596954635,0.602,0.0010000042494316146,0.007391347027085019,0.14012497185536152,7.884504480182,-1.4397122316890294,-1.4399805492824977,-1.4515027907159594,0.00026830343736542595,0.0010000010098641118,0.004526449351881941,0.07432944629755285,8.58098669052124
303,-1.7921794360538699,-1.7936313512190334,-1.7948273150426037,0.0024038170165610762,0.604,0.0010000015191628405,0.004031608096446912,0.07817133435241456,6.100645645609442,-1.4073096169365777,-1.4074559198485481,-1.4200777769088746,0.00014630663726064895,0.0010000006580311391,0.003662464710780316,0.06365168682403034,8.328371058570015
304,-1.736833760198557,-1.7385524578814238,-1.7502498424278115,0.0028361422976232926,0.606,0.0010000017541899997,0.0046767290145650784,0.09415613649026403,6.702917098999023,-1.4293937590387131,-1.4295272164874606,-1.4353966659969755,0.00013345521357324388,0.0010000008339476254,0.00408124420274463,0.07503846950001186,8.42921192381117
305,-1.7826233382494945,-1.784226174624461,-1.7805362220080394,0.0026362451882857196,0.608,0.0010000016399711934,0.004144647597985447,0.09498802706036928,6.287191417981994,-1.3084560500250924,-1.308629157808092,-1.3206254376305475,0.0001731106804476844,0.0010000006942492393,0.003549714039804207,0.06470929682254792,8.787219503190782
306,-1.7519245350135948,-1.7533833598190884,-1.7460050762824293,0.0023915156159760816,0.61,0.001000001521359356,0.004476354800094411,0.08604748041000006,6.602985233630774,-1.4153184003300139,-1.4154402759340075,-1.4332283112737867,0.00012187734246253968,0.0010000007847944896,0.0036657580691907142,0.05926642583476172,8.22792952855428
307,-1.7775127550341048,-1.7785757397705655,-1.7844665297922098,0.0017368991701108105,0.612,0.001000001587254821,0.003988960573344298,0.08781690354335983,6.214423440537363,-1.375632495350308,-1.3757317185401916,-1.3910344653659397,9.922285874684652e-05,0.0010000008054905467,0.003940003137621615,0.06602113168272707,8.719513024224174
308,-1.7705818369703472,-1.7717899803845387,-1.7676470302185923,0.001967655529953399,0.614,0.0010000015103767783,0.004578130442719415,0.10216846696610721,6.510684044855945,-1.4532350725597807,-1.4533508817354839,-1.4653985089725918,0.00011581099695629544,0.001000000844295654,0.003684495042802559,0.06911243328617679,8.057335302564834
309,-1.7216730826305893,-1.7232178415892259,-1.717595101527448,0.0025077473442509488,0.616,0.0010000017893342476,0.0048451003627324445,0.11223178796189011,6.928739061895406,-1.3418506834242079,-1.341991080178155,-1.3570227026939392,0.00014041206902927822,0.0010000007951425183,0.003990354927049743,0.07989311892953184,8.96633996963501
310,-1.732824614025512,-1.7344356094891171,-1.720284399558913,0.0026068007046321654,0.618,0.0010000018925704764,0.00558878719929676,0.11146048537262206,7.022945017184851,-1.483819399939643,-1.4839872307247586,-1.494394384490119,0.0001678336825635698,0.0010000007951425183,0.004101707926020026,0.07635436902443568,8.021611573961048
311,-1.8163374662399292,-1.8173140917184218,-1.8155666319829113,0.0015751997817237422,0.62,0.00100000149500117,0.0038428986269348074,0.08671837370350675,5.919560279486315,-1.4110488388273452,-1.4112254871262444,-1.4244765559832255,0.00017665218975808884,0.0010000006606181464,0.003336460655555129,0.06451515745785501,8.096164586808946
312,-1.819921169640883,-1.8209089940448977,-1.8188930952324058,0.00158813328675504,0.622,0.0010000014334987358,0.00349904772526813,0.0763073835592225,5.860826645257338,-1.38809740808275,-1.388226850827535,-1.404594936635759,0.0001294397645526462,0.001000000704597268,0.0034627481311973597,0.06439303167992168,8.296572960747612
313,-1.7864814884257767,-1.7874169507116642,-1.7899390301614437,0.0014991417948929768,0.624,0.0010000014730360148,0.003967487973705778,0.0957951805782768,6.188394393561022,-1.467272777027554,-1.4673676411310832,-1.4802048828866747,9.486236506038242e-05,0.0010000008649917113,0.0038288554383648764,0.07119796706570519,7.971242343054877
314,-1.7508505447855536,-1.7522013018716056,-1.7529472888640638,0.0021577592728272924,0.626,0.0010000019321077555,0.004470428254209318,0.0962236411166641,6.550856437323229,-1.4435582333140902,-1.4437767412927416,-1.4523796425925362,0.00021850673688782586,0.0010000010926483405,0.004311534586466021,0.08300518215530449,8.492792966630724
315,-1.8117370470514838,-1.8127915071991254,-1.8140104649201878,0.0016790840704486055,0.628,0.00100000169049105,0.003963491765184785,0.09640141558956425,5.904155713207317,-1.3744458039601644,-1.3745928194787767,-1.3905746711624993,0.00014701328343815273,0.0010000007149452963,0.003001259950300058,0.04968097729401456,8.116196346282958
316,-1.7157454929261837,-1.7169677289027088,-1.7146436695782643,0.0019400533780736743,0.63,0.001000002254995535,0.004943563976272379,0.10647506590159435,6.807855732036087,-1.4986948251724241,-1.498852785428365,-1.5134925458166335,0.00015795330206553143,0.0010000009012098114,0.003465782447407643,0.056874177108208336,7.603645049201118
317,-1.7763333478063907,-1.7778277734540544,-1.7810695148863882,0.0023646027130900687,0.632,0.0010000018266750114,0.004039146023679455,0.09246956627323942,6.308429736011433,-1.4499882737795509,-1.4501516434881423,-1.4674526572227478,0.0001633683012591468,0.0010000009063838257,0.0038564659758574434,0.06480256385273403,8.17316238615248
318,-1.8072488487891432,-1.8082326628127188,-1.8079471813057952,0.0015517593414153693,0.634,0.0010000015806652747,0.0038134413112376657,0.08329631444418205,5.940864338065094,-1.4555837180879379,-1.4557197756237454,-1.4669987546073067,0.00013606159223450556,0.0010000007977295253,0.003389913412845797,0.06821006337801615,7.893769391377767
319,-1.7483741652290776,-1.749715859035276,-1.758542297021398,0.0021095715884892445,0.636,0.0010000021232046046,0.004643591261416112,0.10989913316267841,6.566485072081944,-1.5151986307568022,-1.5154078112708198,-1.527991267045339,0.00020917769935395981,0.0010000009814070331,0.0037059433033896816,0.07668296363618639,7.6481142997741705
320,-1.8068474958527763,-1.8078766049079176,-1.8075694138149045,0.0016130324242249975,0.638,0.0010000017014736274,0.003766439736486887,0.09184783226195371,5.976345880976263,-1.4242940068244934,-1.424464432398478,-1.438724191983541,0.00017041431532965765,0.001000000844295654,0.0036266138880617087,0.06291091214451525,8.264585940043132
321,-1.826014997824183,-1.8270156675914548,-1.8305316173805382,0.0015635373738576781,0.64,0.0010000017410109066,0.003572004038910821,0.07550769794802621,5.84096186565903,-1.32645742893219,-1.3265521181954278,-1.3354890724023183,9.468884931670294e-05,0.0010000006839012106,0.0032060976554122234,0.05897818807926443,8.670230568779838
322,-1.8075550682139847,-1.808700808938944,-1.8016587788203977,0.0017846371486501874,0.642,0.0010000015894513366,0.0037042617463981208,0.08317730329790206,6.093727048837914,-1.427593531873491,-1.427725953525967,-1.4433004246817696,0.0001324281096458435,0.001000000896035797,0.0033923096075240107,0.061841202485892505,7.996254762013753
323,-1.7631992191638586,-1.765002576810009,-1.7659335631244588,0.0028002367548222813,0.644,0.0010000020880603566,0.004353731470885423,0.10388533711292834,6.420770456206124,-1.4685957564247978,-1.4688020785649618,-1.4798943996429443,0.0002063294251759847,0.0010000009219058685,0.0037298278313957984,0.06874978186355697,8.07655439376831
324,-1.8044344546659938,-1.805544599047247,-1.7987907405169505,0.00171849602517092,0.646,0.001000001921125178,0.003887552135395554,0.08779839700404203,6.0754312929117456,-1.4548069238662718,-1.4549364474084643,-1.461012057463328,0.0001295182440016005,0.0010000007899685038,0.0031211363876031506,0.054106499296095636,7.890241156684027
325,-1.7322042449465338,-1.7334232948861032,-1.7165463533041612,0.001881251498213354,0.648,0.0010000024395028376,0.005031160676394994,0.10966940350689978,6.87512333887928,-1.3580057952139115,-1.358168351650238,-1.3696355793211195,0.00016255751252174376,0.0010000008287736112,0.003833881594861547,0.07641094641553031,8.616536225212945
326,-1.7898723831716574,-1.790676107946432,-1.7828965929319274,0.0012364975124035242,0.65,0.001000001938697302,0.00411065331361485,0.08926176589052633,6.1353592962588905,-1.4389558593432106,-1.4391020298004151,-1.4461374984847175,0.00014617318908373514,0.001000000774446461,0.0033161732005990213,0.06094779065913624,7.946739112006293
327,-1.8010057728245574,-1.8019078733786098,-1.803394856317988,0.001383603814075578,0.652,0.0010000015499140576,0.005220314219840012,0.09444552902483715,6.447500831675979,-1.3737742212083606,-1.3738965882195366,-1.3912513216336568,0.00012236858407656351,0.0010000007822074824,0.003421687489996354,0.06526432153251437,8.25032499101427
328,-1.8153182425588932,-1.8160482937434934,-1.819437177676075,0.0011162782474508825,0.654,0.0010000017454039375,0.003887042627265712,0.09078047972805095,5.992709407266581,-1.4530433469348485,-1.4531486723158094,-1.4681755211618213,0.00010532612601915995,0.001000000756337411,0.0032034147996455433,0.06140965186059475,7.784146955278185
329,-1.8057287459103566,-1.8070005965682696,-1.8088725625344042,0.0019388013993794063,0.656,0.0010000014356952513,0.0036285671423066336,0.0799866684905763,5.957783842986485,-1.3589148508177866,-1.3590232902103,-1.3721133761935764,0.00010844071706136067,0.0010000007304673394,0.003335359361436632,0.0667358848783705,8.284250672658285
330,-1.8032951489934381,-1.8040726432260477,-1.8176951790755649,0.0011815934108113343,0.658,0.0010000018310680422,0.0038191000667383086,0.08212083627311688,5.931369462103214,-1.4291131681866116,-1.4292302780681185,-1.441613205273946,0.00011711195111274719,0.0010000009193188615,0.0034578947660823664,0.0744410127815273,8.027507633633084
331,-1.7547798336676832,-1.7560546533116754,-1.7547767634661693,0.0019315424955116127,0.66,0.0010000018771948679,0.003914237861468826,0.08938283037464574,6.273052530468635,-1.4156330360306633,-1.4157455060217115,-1.424961837132772,0.00011247578594419691,0.0010000011288664407,0.004905126104131341,0.10975479545692603,8.634983211093479
332,-1.7697720662602838,-1.7707803924128693,-1.7776918231316332,0.0015231468626913036,0.662,0.0010000023626247948,0.004981115649296147,0.114073043302545,6.325059359928347,-1.4761284377839832,-1.4763316485616895,-1.491162167655097,0.0002032107777065701,0.001000000722706318,0.0032703002707825768,0.061829416495230466,7.595659192403158
333,-1.8193846165009264,-1.8205775056245193,-1.8208988949937641,0.0017965004410383837,0.664,0.001000001503787232,0.0037009427367867727,0.0828176684115293,5.986278012113751,-1.433086020416684,-1.4332300980885824,-1.4507219579484727,0.00014408048656251696,0.0010000009839940401,0.003920046447051896,0.07422968240247832,7.968298202090792
334,-1.7596958735079136,-1.760933350841954,-1.7694673262677103,0.0018580803331339135,0.666,0.0010000022264408334,0.005857917524101037,0.15708026557036167,6.518232057679374,-1.4537011755837335,-1.4539866738849216,-1.4655426210827298,0.00028550707631640963,0.0010000008417086468,0.003522097003749675,0.08328049522307183,7.859203667110866
335,-1.82241645848976,-1.823358931631412,-1.8227046503210969,0.0014108891757029407,0.668,0.001000001721242267,0.00358956744279361,0.08906340324934924,5.900268037364168,-1.4633519715732997,-1.4634969843758476,-1.4730239258872138,0.0001450191769335005,0.0010000009943420688,0.0039845133148547675,0.09085331795116265,8.007707330915663
336,-1.6823416386010512,-1.6834761691543292,-1.6814764603128973,0.0016933340087251843,0.67,0.0010000027997313806,0.0060787018353365505,0.15263328145978586,7.393545762547907,-1.4323701673083833,-1.432630878024631,-1.4398785220252144,0.00026070939169989694,0.0010000016152237853,0.00847250373206205,0.16944224453634685,9.538803545633952
337,-1.7608224063549403,-1.7617899089489344,-1.7676415398435772,0.0014397267884803267,0.672,0.0010000022703711435,0.004931154849780899,0.11367185470068229,6.384928532366483,-1.529863010512458,-1.529971750577291,-1.5405896623929343,0.00010874105824364556,0.001000000756337411,0.004133761394768953,0.07573314371208349,7.604652404785156
338,-1.7585009831302572,-1.7599164067574267,-1.762755366991151,0.002100030276572929,0.674,0.0010000018618192593,0.004944119334466896,0.10766872672258683,6.585839613428655,-1.4797473112742106,-1.4798536883460152,-1.4915841195318433,0.00010638568136427138,0.0010000007459893823,0.0040769426462550955,0.07485538038114707,7.921444161732992
339,-1.7428601541609134,-1.7442528549230323,-1.7443082298872605,0.0020602066421283867,0.676,0.0010000018310680422,0.005509216962206476,0.11509779085106445,6.839557323815687,-1.4203083329730566,-1.4204714828067355,-1.4300154315100775,0.00016314561168352762,0.0010000007459893823,0.004458994599473146,0.08132436403797733,8.464864518907337
340,-1.7833417271668057,-1.784426896077282,-1.7690909268721096,0.0016005370976789942,0.678,0.001000001365406755,0.0037873035411016558,0.08143247368763078,6.2694791218019885,-1.4723712894651628,-1.4725069443384806,-1.4827722271283468,0.00013565197587013246,0.0010000007692724465,0.003997075723277198,0.07214511119657092,8.008161936865912
341,-1.827097159511638,-1.8280684025782459,-1.8290005404994172,0.0014282931696693853,0.68,0.00100000158286179,0.003749169075404698,0.08490178017121441,5.770157175244026,-1.3526209659046597,-1.352699887752533,-1.3662253220876057,7.89194471306271e-05,0.001000000603703989,0.003107691633825501,0.05907205748889181,8.172469064924453
342,-1.8127970493064736,-1.8137406785533112,-1.8054824437735215,0.0013836193478332375,0.682,0.0010000016839015035,0.0038775995786670806,0.08781881988892015,6.115980517189458,-1.473025902112325,-1.4731447087393867,-1.4897662427690295,0.00011880315012402005,0.0010000008391216398,0.0032991924426621863,0.05833977007617553,7.62423407236735
343,-1.838468018567787,-1.8393182642055008,-1.8352545432324678,0.0012430453778437848,0.684,0.0010000015367349646,0.0034163892620577003,0.07411812396966061,5.763270432094358,-1.4427645378642608,-1.4428617729081048,-1.4539593497912089,9.724158379766676e-05,0.0010000006606181464,0.0033781705941590997,0.06314712551732858,7.879863293965658
344,-1.6380478410788302,-1.6393270799011554,-1.6367422044277191,0.001864785855671145,0.686,0.0010000027382289463,0.006766476549805616,0.157549640409789,7.670440475895719,-1.4447351349724662,-1.4448770019743178,-1.4592904700173273,0.00014187660482194687,0.001000001015038126,0.004517910427724322,0.0859365382956134,8.406089973449706
345,-1.7962201665032584,-1.797175280328067,-1.801367607881438,0.001388238918668819,0.688,0.0010000014862151078,0.0044019770641582755,0.09439922443960073,6.110644403493629,-1.5165765444437664,-1.5167042599784004,-1.5269167807367112,0.00012771387894948324,0.001000000621813039,0.003917078544489212,0.07304595729543104,7.681299813588462
346,-1.8471016973819372,-1.8480724321221405,-1.8490725868153122,0.001406877248916986,0.69,0.0010000013412450844,0.0035495612559453497,0.07943171470092153,5.697811810475476,-1.3958926770422193,-1.395988400777181,-1.4182482891612582,9.572572178310819e-05,0.001000000572659903,0.0030009453805784386,0.05319016592370139,7.929051102532281
347,-1.8003365971007437,-1.801245389119634,-1.7956857006504852,0.00131328635901775,0.692,0.0010000014993942008,0.003885937815110357,0.09194537663375432,6.108153703077784,-1.4223232547442117,-1.4225023084216648,-1.4345583028263516,0.00017905500200059678,0.0010000006839012106,0.0034097345649368232,0.06459899209439754,8.103425545162624
348,-1.854539155960083,-1.8553745589166317,-1.8516008831420034,0.0012037511563526009,0.694,0.0010000013324590225,0.003380729083217821,0.07294248564625685,5.674811804069663,-1.4535958660973445,-1.4537133283085293,-1.4670310801929898,0.00011744764116075303,0.001000000725293325,0.0030818121714724436,0.05500761179460419,7.660025299919976
349,-1.853091689775575,-1.8536415077605337,-1.8405850968270931,0.0007899647473164325,0.696,0.0010000014686429837,0.003234538218920242,0.07158962837508265,5.787659600095929,-1.381613822778066,-1.3816881087091235,-1.3994803746541342,7.429603073332045e-05,0.0010000008417086468,0.003217170470290714,0.060600867908861905,8.051932695176868
350,-1.7281740853246652,-1.7292855561904188,-1.719219036822049,0.0015923501045074103,0.698,0.0010000025097913338,0.005174478239221674,0.11772180496240561,6.90026873462605,-1.2967951231532628,-1.2969085613886515,-1.3092632598347134,0.00011344154675801595,0.0010000013513490557,0.005338962458901935,0.09620771983431445,9.950702116224504
351,-1.7567132627064328,-1.7576621540312498,-1.7538070487526227,0.0013555605315937187,0.7,0.0010000023538387329,0.0051913050460225,0.1101239044570698,6.753866492577319,-1.4018787993325126,-1.4019874705208673,-1.410610897011227,0.00010867632097668118,0.0010000007097712821,0.0035707456525415184,0.06674932084149784,8.355051432715522
352,-1.8125049415624366,-1.8133883273826454,-1.8080509338738784,0.00125837579088391,0.702,0.0010000014510708598,0.003958337720624119,0.09062379345578968,5.977236158442947,-1.329253657658895,-1.3293899178504944,-1.3516558461719088,0.00013625795642534892,0.0010000007304673394,0.003327019533349408,0.0614120966858334,8.550673145718045
353,-1.805752988131541,-1.8065949779636454,-1.814428485789389,0.0011960083161884883,0.704,0.0010000016663293794,0.003863180877711132,0.08432275858127845,5.988416365857394,-1.4833211607403227,-1.4834345075819226,-1.4992364697986178,0.00011334394415219625,0.00100000096588499,0.003699553550945388,0.07531478036608961,7.642488394843208
354,-1.856625516459627,-1.8571695404232673,-1.8498033262648672,0.000770564911500463,0.706,0.0010000016311851312,0.0035374445691353307,0.08799064233196231,5.690713050230494,-1.4043857547971936,-1.4044631401697794,-1.4200263341267905,7.739125026596917e-05,0.001000000621813039,0.002832518711996575,0.05390780775083436,7.58811109330919
355,-1.821942981683983,-1.8225158363018397,-1.8268662038839087,0.0008091222283975134,0.708,0.0010000017563865152,0.0038331958623427265,0.09174852786620832,5.853316828889667,-1.4208646919992236,-1.4209443582428827,-1.439065843158298,7.966260115305583e-05,0.0010000008287736112,0.003362840134650469,0.059641874581575396,7.924386702643501
356,-1.8132854610119227,-1.8142161279354456,-1.8093084344324075,0.001310803699043562,0.71,0.0010000018442471355,0.003763665533009565,0.08128097308975346,5.967055559158325,-1.5196810589896308,-1.5197817855411107,-1.5348249859280056,0.00010072597199016148,0.0010000008054905467,0.0034616660688900286,0.06638017565839821,7.38134208255344
357,-1.8661062470022238,-1.8667691586152562,-1.8648068612476565,0.0009310608202556394,0.712,0.0010000016333816468,0.0033729759985053876,0.07914093551489543,5.53350929494174,-1.4582448442776996,-1.458373577064938,-1.477384008301629,0.00012873063484827678,0.0010000006528571247,0.002766162397650381,0.05102533441450861,7.252452659606933
358,-1.8065990251752566,-1.807249051501166,-1.7956370573561147,0.000910406897090516,0.714,0.0010000016839015035,0.0038286280501985325,0.09427538851522049,6.059700588010392,-1.450704746776157,-1.4508175412813822,-1.4608086466789245,0.00011279674039946663,0.0010000007020102607,0.0028723264423509438,0.04958699993375275,7.547839991251627
359,-1.8575824611591842,-1.8582290928318816,-1.865082027777186,0.0009031115837816922,0.716,0.0010000015938443677,0.0033357256830160347,0.07406984979532799,5.546592096112809,-1.4404883888032702,-1.4405621422661676,-1.4570097499423558,7.375395960277982e-05,0.0010000006864882179,0.00296059952945345,0.05406557064917353,7.621321148342556
360,-1.7971503284742247,-1.798005020843362,-1.7977800234308783,0.0011903833387032995,0.718,0.0010000020507195929,0.004080229157687358,0.1028992364991386,6.178613833661349,-1.4294402175479466,-1.429524952835507,-1.4402546419037714,8.474340041478476e-05,0.0010000007537504037,0.0035005828210463124,0.0640375410930978,8.057473044925265
361,-1.8428813174085796,-1.8435060415627822,-1.8310036974133186,0.000867664321975888,0.72,0.0010000019540729107,0.0036351313805734775,0.0820537877251517,5.921739546757824,-1.4616411394543116,-1.4617064317067465,-1.4784995132022434,6.529813011487325e-05,0.0010000007692724465,0.003182893479242921,0.06412688448197312,7.545753934648301
362,-1.8223594742001228,-1.823108122033893,-1.8285794235625357,0.0010369149440864348,0.722,0.0010000018508366819,0.0038625893033689485,0.08564463233188638,5.802653335175425,-1.513316755824619,-1.5134285145335726,-1.5276866383022731,0.00011176251702838474,0.0010000008572306899,0.003422719167752398,0.06335528828203678,7.326236131456164
363,-1.8448851018581751,-1.8455825414297715,-1.8435986109499662,0.0009633074953870953,0.724,0.0010000016575433172,0.003728355057010392,0.09129351409117006,5.874008151720155,-1.452661299705506,-1.4527518113454183,-1.4678133010864258,9.050543109575907e-05,0.001000000808077554,0.0033427093281514116,0.06293344791564677,7.746007219950357
364,-1.8391491557067294,-1.839955190442643,-1.8384207104736905,0.0011102529769798494,0.726,0.0010000019013565386,0.0036254866039907596,0.08760291334452494,5.714129407450838,-1.3797298789024355,-1.3798260622554355,-1.3974203560087415,9.618740942743089e-05,0.001000000691662232,0.002915815051852001,0.05374910934931702,7.966651884714762
365,-1.8296841810334403,-1.830246979335569,-1.8221492969764854,0.0007730697826394495,0.728,0.0010000017651725771,0.003657452507331124,0.08617867058459318,5.91310460612459,-1.39090219868554,-1.3909890717930264,-1.4068789561589559,8.686996168560452e-05,0.0010000007847944896,0.002941140806716349,0.05302176316165262,7.873024219936794
366,-1.8168160881636277,-1.818054423017322,-1.815988393324726,0.001696351704732427,0.73,0.0010000017849412168,0.004400621418718179,0.1055935893980962,6.103085023052287,-1.4650369829601713,-1.4651510251892939,-1.479403723610772,0.00011405108703507317,0.001000000725293325,0.003154653553954429,0.06623541162245804,7.61742623647054
367,-1.8584591172776133,-1.8592521210886397,-1.8526701258038574,0.0010833381763044392,0.732,0.001000001743207422,0.004602559569801362,0.10016421667950333,5.888536084373042,-1.441722897688548,-1.4418915854560004,-1.4534167872534858,0.00016869049933221605,0.001000000554550853,0.0029000645451661613,0.05262538128428989,7.612628195020887
368,-1.8455701256698032,-1.8462046339826763,-1.843471277434871,0.0008644427190411765,0.734,0.0010000014598569218,0.0033589695703308536,0.07551999239005008,5.690161412616946,-1.5348015599780613,-1.5349007659488254,-1.5503979709413316,9.920357002152337e-05,0.0010000007097712821,0.0032606541437821255,0.059913576145966846,7.205617809295654
369,-1.8672281773585193,-1.8679760087211177,-1.86881892411214,0.0010160783411196942,0.736,0.0010000014115335806,0.0031268518980381624,0.07200167686590608,5.437835630380882,-1.3865789718098112,-1.3866815712716845,-1.4031258993678624,0.00010258894827630785,0.0010000008054905467,0.0033145501950962676,0.0638462721887562,8.08646763695611
370,-1.800990494354716,-1.8017871357359976,-1.8020829369999327,0.0010794680214153145,0.738,0.0010000019782345812,0.0037790309365417036,0.08351783064317028,6.032072454128626,-1.4374049345652262,-1.4375322262446086,-1.4522981617185804,0.00012729217608769733,0.0010000009503629472,0.004105231921292014,0.07514495423270597,8.143163511488174
371,-1.8568877566535518,-1.8575853221821335,-1.8527864105296585,0.000942641834043107,0.74,0.0010000016641328639,0.003399796955252312,0.07223460292619355,5.483389242640081,-1.461926531791687,-1.4619845615492926,-1.475664734840393,5.801957514550951e-05,0.001000000691662232,0.0027910715848621396,0.051856579838527574,7.237617047627768
372,-1.887226257684096,-1.887736142806287,-1.8847591224706397,0.0006871867292332199,0.742,0.0010000016333816468,0.0030356060652027153,0.06925479832263488,5.308757089219004,-1.430063913928138,-1.4301126148965624,-1.4519013312127855,4.8706928888956703e-05,0.0010000006994232535,0.0026120827378084263,0.04967558733705017,7.272012000613742
373,-1.836243265080002,-1.836935837313814,-1.8375659528768287,0.0009308803896859007,0.744,0.0010000018530331974,0.0036568135805076585,0.08547884145013566,5.824275106753943,-1.423902051978641,-1.423964966668023,-1.4404381328158908,6.292230553097195e-05,0.0010000007822074824,0.002939708691297306,0.053114251668254536,7.670542960696751
374,-1.8589547557650872,-1.8595138270899934,-1.860455944853009,0.0007494285983859368,0.746,0.0010000016487572553,0.0033125622189199588,0.07265525564270199,5.553685674127543,-1.312651997142368,-1.3127160323990716,-1.327233616511027,6.403144862916734e-05,0.0010000006890752249,0.0027688325331028966,0.05189297360678514,8.208309491475422
375,-1.8164855230529353,-1.817165531077475,-1.799212579457265,0.0009090975629833509,0.748,0.0010000019365007866,0.0035192345901620837,0.08057168090962014,6.039163382548206,-1.4234402047263253,-1.4235365390777588,-1.4449425644344753,9.632954994837443e-05,0.0010000009012098114,0.0033494708231753775,0.05931769448022048,8.034096686045329
376,-1.8788826892960746,-1.8794919364857223,-1.8943693862771087,0.0008123263997851678,0.75,0.0010000015762722436,0.003250562823113968,0.07142824995911347,5.268628201394711,-1.4195742819044326,-1.4196453664037916,-1.4383558710416158,7.108044293191698e-05,0.001000000740815368,0.0028343813493847845,0.05277958948993021,7.558936140272352
377,-1.8247655765065607,-1.8268506976793397,-1.8205805904460404,0.002772769205412775,0.752,0.001000002254995535,0.004573327291510858,0.10038912746141541,6.217891540167467,-1.5114100880093042,-1.511631147066752,-1.523810711171892,0.00022105856074227227,0.0010000008391216398,0.0030472242635571295,0.06222756244242191,7.313807890150282
378,-1.8538031218186863,-1.8558129589512664,-1.8522076606750488,0.0026655748205364877,0.754,0.0010000016202025537,0.003578757094043606,0.08721386570975466,5.662567273625788,-1.369100977314843,-1.369229867723253,-1.3885612302356296,0.00012889148460494147,0.0010000006864882179,0.0027848074290280542,0.05480910247812668,7.727053684658474
379,-1.886160303961556,-1.88687250524197,-1.890657366446729,0.0009420687719336096,0.756,0.0010000015630931506,0.0030300000700045305,0.06892020550538909,5.31218203508629,-1.3616291324297585,-1.3617207209269206,-1.382709703180525,9.158949057261148e-05,0.0010000006709661748,0.0028159240829861826,0.05357403215020895,7.898603418138291
380,-1.8060965848700055,-1.806947981411556,-1.805108102354801,0.0011232170575069932,0.758,0.0010000020001997363,0.00389949154143907,0.08448803850080606,5.93628351193554,-1.4305094189114043,-1.430588173866272,-1.4529143704308405,7.874328229162428e-05,0.0010000007537504037,0.003036511270329356,0.05912098201612632,7.657290151384142
381,-1.8710816311386396,-1.8718526835711498,-1.8642485006800238,0.0010145373361290626,0.76,0.0010000014971976853,0.003103895499458853,0.07212283174103161,5.478164852790113,-1.4485763721995883,-1.4486395994822183,-1.4647598107655844,6.322902109887865e-05,0.0010000007615114251,0.0028322021528664563,0.05298229429043001,7.427761448754206
382,-1.8233707940803383,-1.824156621717057,-1.8154424901278514,0.0010312681771674245,0.762,0.0010000018376575888,0.004066671640172882,0.10018317401409149,6.017085003402998,-1.3405624548594157,-1.3406186037593417,-1.3568421774440342,5.6145754125383165e-05,0.0010000007201193108,0.003039128954211871,0.05954531050390667,8.181912019517688
383,-1.8608631030568537,-1.8615065880541533,-1.8517108076023605,0.0008422594587757902,0.764,0.001000001600433914,0.0035400912429223645,0.08431669282463361,5.777186294771591,-1.4292330503463746,-1.4292764888869391,-1.4485595544179282,4.3437712722354467e-05,0.0010000007149452963,0.003036037744540307,0.05704002516965071,7.620750363667805
384,-1.8842254809613497,-1.8847487062778112,-1.8769629339002214,0.0006830548199842561,0.766,0.0010000015147698094,0.0031644490784701875,0.07399125664301638,5.480021463250214,-1.4593988590770297,-1.4594514886538188,-1.4796675629085965,5.262808667288886e-05,0.0010000008365346326,0.003088838881295588,0.06444519714762767,7.374430720011393
385,-1.8750313902800937,-1.8754996522417609,-1.8786723939877636,0.0006097106719916721,0.768,0.001000001716849236,0.0032565004614023667,0.07018543294859382,5.325746815159635,-1.4000827842288543,-1.400144890944163,-1.4249678015708924,6.210588746600681e-05,0.0010000006994232535,0.002590380916889343,0.0421835050607721,7.377087169223361
386,-1.7586387553304996,-1.7592017763065841,-1.7535366269777406,0.0007312112962299923,0.77,0.001000001655346802,0.0033731567629454833,0.07601371172042388,5.986662675749581,-1.2539698666996426,-1.2540517118242052,-1.2660724613401624,8.184909820556641e-05,0.0010000019748177794,0.013333262720455727,0.31991185421744983,10.775630452897815
387,-1.6596993432854705,-1.6606544008794821,-1.652061808784053,0.0012371205496338178,0.772,0.001000002446092384,0.01087033579055712,0.2458716204987382,7.3423812254419865,-1.3992793467309739,-1.399387130472395,-1.418364241388109,0.00010778390698962741,0.0010000003087851737,0.003730621711454458,0.06902598850429058,7.907722610897489
388,-1.805180753177067,-1.8059043681846474,-1.8041729094847194,0.0009349055307091407,0.774,0.0010000008118848473,0.004451529518261833,0.09121911828669738,6.249017567004797,-1.378106072213915,-1.3781745804680718,-1.3976302835676404,6.851587030622694e-05,0.0010000004277875027,0.0039085897513561774,0.07822296470403671,8.423433388604058
389,-1.8639425714060944,-1.8644227801628832,-1.8658071621409003,0.000618828425429902,0.776,0.0010000009261036539,0.0036494024317571014,0.08562351703503222,5.505363019007556,-1.448459201388889,-1.448533338970608,-1.4661052889294095,7.415223452779981e-05,0.0010000004226134883,0.0030225158979495367,0.05605106190260914,7.6142621358235685
390,-1.877877804468263,-1.878432959880469,-1.8772996461616371,0.0007135608707958798,0.778,0.001000000978820026,0.003114782308913627,0.06656209027992105,5.48670407061307,-1.4756450547112359,-1.4756962776184082,-1.495753484302097,5.122754308912489e-05,0.0010000005312677887,0.002892075225503908,0.05913202712933222,7.335037496354846
391,-1.8172910528362922,-1.818014457540692,-1.8108369910492088,0.0009274406815474888,0.78,0.0010000014071405497,0.004103482634988877,0.08990908934260314,6.210047676878156,-1.4620483875274661,-1.4621035642094082,-1.4776243289311728,5.517138375176324e-05,0.0010000005855949389,0.0033059556658069293,0.06562407302359739,7.536959425608317
392,-1.8644878526903548,-1.864991712120344,-1.857213411691054,0.0006443136283811533,0.782,0.0010000012797426502,0.003567775663093857,0.0843080961901062,5.578510041506785,-1.353476493888431,-1.3535340706507364,-1.3724301523632474,5.757916304800245e-05,0.0010000005648988816,0.0028515560966398982,0.052896423306730056,7.94944101969401
393,-1.8856567234363195,-1.8864899108994682,-1.8864557360703091,0.0010627481453823594,0.784,0.0010000012445984022,0.0031149814713676022,0.07036931039589756,5.310058391319131,-1.4682919356558057,-1.4683466421233282,-1.48790129688051,5.4704646269480385e-05,0.0010000006244000462,0.0027705309964302515,0.0520632565435436,7.2334055264790855
394,-1.9034078683493272,-1.9039723130891908,-1.8928723875081763,0.0007181137378485697,0.786,0.0010000012424018867,0.0029478113865479827,0.06226697528980813,5.370183418381889,-1.374982604715559,-1.3750388397110833,-1.3982735315958659,5.6235575013690525e-05,0.0010000006657921606,0.002773772273212671,0.05291990141073863,7.756683275434707
395,-1.8773132832545154,-1.8779814535716794,-1.8726166981571126,0.0008479295614755378,0.788,0.0010000017322248445,0.003354655451334591,0.07931038969249096,5.508356296791221,-1.2598862277136904,-1.2599466416570875,-1.2815037581655715,6.040632724761963e-05,0.0010000006140520176,0.002581612802007132,0.043585140858259465,8.128787517547607
396,-1.8585057078667406,-1.8590215826934238,-1.858350247707007,0.0006530128841130239,0.79,0.0010000016509537708,0.0031562403969044956,0.07238489768977435,5.5716363978835775,-1.4910150157080757,-1.4910581284099156,-1.5130470620261298,4.312064912584093e-05,0.0010000007977295253,0.0027514274671880737,0.0489415293559432,7.024461322360567
397,-1.8819295887677174,-1.8824806573256008,-1.8821950746032428,0.0006958026930970966,0.792,0.0010000017805481857,0.003196052591896282,0.07181298778445092,5.397878772807571,-1.4706268548965453,-1.4706762578752306,-1.4904760678609212,4.940984977616204e-05,0.0010000008158385753,0.0026910098476542366,0.045521039039724404,7.284690041012236
398,-1.8256854898524735,-1.8263972120464973,-1.8323235129410367,0.0008963823740212423,0.794,0.0010000021473662753,0.0034000662173021513,0.07795905588932757,5.724491002424708,-1.4443848477469552,-1.444433621565501,-1.4603112141291301,4.8772162861294214e-05,0.0010000010021030902,0.0031696538596103587,0.06103946761124664,7.672109572092691
399,-1.8788551699440434,-1.8793582241490203,-1.8727428485762398,0.0006319737799887387,0.796,0.001000002028754438,0.0032121960143997983,0.07554538892406337,5.449341184688064,-1.442208115259806,-1.4422666827837627,-1.4650785234239367,5.8574146694607205e-05,0.0010000008417086468,0.0027509063766855335,0.05314416258285443,7.423150136735703
400,-1.7985762076557807,-1.799333394698377,-1.808598870376371,0.0009488541422025213,0.798,0.0010000020902568721,0.005190798380183724,0.11870291772878395,6.408496298879947,-1.4833324948946633,-1.4834048350652058,-1.5071044656965467,7.234679328070747e-05,0.0010000008391216398,0.003278036244834463,0.05718730092048645,7.477443642086454
401,-1.8379770905341741,-1.8387854099273682,-1.8326240260646027,0.0010103990306269447,0.8,0.0010000016992771118,0.005645459820955711,0.10950824038459445,6.398257363517329,-1.4409285200966728,-1.4410128116607666,-1.4577700747383966,8.428684539265102e-05,0.0010000005416158173,0.0029768044801635873,0.05353773863365253,7.6391134156121145
402,-1.9029027785895005,-1.9037503453920472,-1.906377468469008,0.0010568243012113391,0.802,0.0010000009744269948,0.002897493941006514,0.0628579548155924,5.16802092318265,-1.2494749142063988,-1.2495451238420274,-1.2796640925937228,7.021120852894254e-05,0.0010000004898756743,0.0026273516446558964,0.04626671394540204,8.101729085710314
403,-1.867548258799427,-1.8680232403413304,-1.8639983950920824,0.0005907660947655732,0.804,0.0010000012907252279,0.003212379550842463,0.07427208462976059,5.567834489750412,-1.2375112771987915,-1.2375580814149645,-1.258175836669074,4.680173264609443e-05,0.0010000006425090963,0.0027820844151493574,0.051519085632430184,8.321299775441487
404,-1.8750101777742494,-1.8754542953563187,-1.8801065795826462,0.0005510076177570055,0.806,0.0010000016399711934,0.003995785502857476,0.09053334720292182,5.633795216398419,-1.438771955172221,-1.438831537299686,-1.4574266446961297,5.9579230017132226e-05,0.0010000005752469102,0.0025539188257729015,0.04761939245379633,7.164189730750189
405,-1.7713021242393638,-1.7722070487040393,-1.7732985019683838,0.0011199664957118483,0.808,0.0010000018200854647,0.004765505406056654,0.12013399593953816,6.263422723086375,-1.4211867650349934,-1.4212908572620815,-1.4414806220266554,0.00010410373409589132,0.0010000005752469102,0.002963819121941924,0.05938898496743705,7.572091229756674
406,-1.8808406096584391,-1.881532592593499,-1.8801650528637868,0.0008543076099089856,0.81,0.0010000011765064214,0.0031496368366170603,0.07228948144277311,5.435060006267619,-1.4930561741193134,-1.4931374059783087,-1.5124052021238539,8.123517036437989e-05,0.001000000554550853,0.003084715895561708,0.05985955074429512,7.299522590637206
407,-1.92221356113002,-1.9226525909495804,-1.9184894449305985,0.0005406704291982471,0.812,0.0010000011611308128,0.0028842712339576123,0.06187951905688025,5.08319180416611,-1.4411501049995423,-1.4412015994389853,-1.4624711871147156,5.149824751747979e-05,0.0010000005416158173,0.002622979752615922,0.05041628084662888,7.203775321112739
408,-1.8799640277646623,-1.880441333887712,-1.8705366827406973,0.000586372360868274,0.814,0.001000001600433914,0.0030077278464681135,0.06274751169642187,5.453803102925138,-1.4115426090028553,-1.4115859031677247,-1.4328944550620184,4.329441322220696e-05,0.00100000092966689,0.003128989190898008,0.05709136662383874,7.768848196665446
409,-1.8660938998438277,-1.866678368370488,-1.856960116692309,0.0007162515144303159,0.816,0.0010000018574262285,0.0038701969480036563,0.08668230298273968,5.793974552514418,-1.4813672423362731,-1.4814290828175014,-1.5022584054205153,6.184718675083584e-05,0.0010000007097712821,0.0033701400220808057,0.07330823875963688,7.431781546274821
410,-1.8990512591487956,-1.8996430185605895,-1.8994502234009076,0.0007234208004654578,0.818,0.0010000015806652747,0.00311341030382604,0.07289260956195165,5.1670264163107245,-1.3849011725849576,-1.3849577877256605,-1.4062088105413648,5.661638246642219e-05,0.0010000005778339175,0.0026352749982227882,0.05152202176137103,7.511273670196533
411,-1.9133903327977881,-1.9138819294155769,-1.9130793787398428,0.0005995123735013998,0.82,0.0010000014291057047,0.0027819795595517135,0.06656137723827137,5.131957917843225,-1.3842376351356507,-1.3842804630597432,-1.4070606576071845,4.283239444096883e-05,0.0010000008339476254,0.002870273440041476,0.05825096915165583,7.630891556209988
412,-1.828626592766564,-1.8291014269837793,-1.8341195752035897,0.0005776572902247591,0.822,0.0010000022022791629,0.0035335450907641986,0.09042084420908172,5.702177047729492,-1.4480090379714965,-1.4480493757459851,-1.4626996000607808,4.033901625209384e-05,0.0010000010227991475,0.0040287768675221335,0.08380618376864327,7.982745170593262
413,-1.8625326859501172,-1.8631851043341294,-1.8630634765580016,0.0007917721457076523,0.824,0.001000001747600453,0.003604651086102679,0.08623387411517917,5.608222039240711,-1.3348158425754972,-1.3348640388912625,-1.3434782803058625,4.818886518478394e-05,0.0010000006192260318,0.003168650349188182,0.06513957079086038,8.227878761291503
414,-1.8363351956853327,-1.8369398679373399,-1.8373191019274153,0.0007320456206798553,0.826,0.001000001890373961,0.004208576821563941,0.11110698463360094,5.7708843519102855,-1.4840976052814059,-1.4841406226158143,-1.4989444904857212,4.3025861183802285e-05,0.0010000006890752249,0.0031130705546173784,0.061461811885237694,7.287546401553682
415,-1.8945276512289948,-1.8950617740739066,-1.8980375460858614,0.000645077664334819,0.828,0.0010000014115335806,0.0032043871777307875,0.07838668941326861,5.218767445042448,-1.4387093371815152,-1.4387466404173108,-1.4533563322491116,3.7299924426608616e-05,0.0010000006580311391,0.0026577465650108123,0.04858237978898817,7.300881756676569
416,-1.9193423694034792,-1.9197549842438608,-1.9140532916446902,0.0004971237536871209,0.83,0.0010000012995112898,0.0028165752410818385,0.06043195193809158,5.162426314263974,-1.480112844043308,-1.480141282081604,-1.5001811424891154,2.844673064019945e-05,0.0010000007589244181,0.002519322067706121,0.045681869983673094,6.976500013139513
417,-1.901283805100423,-1.9016276148130309,-1.9006384847299107,0.00041322649087546006,0.832,0.0010000016729189258,0.0029628501967790552,0.06845595220209293,5.3101592153873085,-1.1942320002449882,-1.19426216284434,-1.2213476445939806,3.0164668957392374e-05,0.0010000008003165325,0.0026565536339249875,0.053683775808248256,8.318835099538168
418,-1.8719065661700267,-1.8724687886687945,-1.8693822959683977,0.0006741206600980939,0.834,0.0010000019452868487,0.0033735496185298237,0.08713400768080973,5.510971681127009,-1.4648562166425918,-1.4648957305484347,-1.4881913317574396,3.9512829648123846e-05,0.001000000740815368,0.00283876691893157,0.05820847809728649,7.112221262190077
419,-1.898924175298439,-1.8995394459310568,-1.8944784357862652,0.0007359612522260198,0.836,0.0010000014642499529,0.0032249063710277936,0.08353530844005774,5.256810885555339,-1.3918246030807495,-1.3918762869305081,-1.4066861444049412,5.16874094804128e-05,0.0010000005985299745,0.002632508385512564,0.05141578080753485,7.637312666575115
420,-1.914911758224919,-1.9153709816482831,-1.903330364317264,0.0005480026439675745,0.838,0.0010000014554638907,0.00302453148003035,0.07086689183312767,5.254532220228663,-1.4697714183065629,-1.4698167814148797,-1.4880156424310473,4.5365840196609494e-05,0.001000000722706318,0.002742853483909534,0.05691356843130456,7.133404922485353
421,-1.9089467210589715,-1.9094032454040815,-1.9068738671968568,0.0005434710743292322,0.84,0.001000001721242267,0.0028640443924814463,0.06968154171306007,5.125859076122068,-1.4443614217970107,-1.444396436214447,-1.4637790163358053,3.502584165996975e-05,0.001000000945188933,0.0028198925597179266,0.05241149682551623,7.2698662228054465
422,-1.9251945738522511,-1.9256950909236692,-1.9203671936718922,0.0005944416208087274,0.842,0.00100000173442136,0.002882286682197789,0.06432723484160204,5.098557148339613,-1.4359387172593008,-1.435996823840671,-1.450950108634101,5.811403195063273e-05,0.0010000007796204752,0.0027265922244017323,0.05213123458541102,7.271215703752306
423,-1.6962879783702347,-1.6972680316781097,-1.6986001325103472,0.001161206302777776,0.844,0.0010000020836673255,0.00859388312816901,0.2543846287255017,6.602741776772265,-1.4668259859085082,-1.466976527372996,-1.4753748072518242,0.00015054651432567172,0.0010000003967434168,0.006249164443256127,0.16147189173433515,8.268135314517552
424,-1.9266499213452608,-1.9272034213228046,-1.9110508999734555,0.0006542566390532367,0.846,0.0010000005702681418,0.003199493798058269,0.07444055483869787,5.109560111783585,-1.4225305524137286,-1.4226108027829065,-1.4444549096955193,8.024788565105863e-05,0.001000000249284009,0.0026949755045481854,0.053419726238482526,7.146279684702555
425,-1.8992511011519522,-1.8997741611498706,-1.8968256273359623,0.0006168093180881356,0.848,0.0010000008909594057,0.003995795540933339,0.08672811906292753,5.565362457959157,-1.1173144433233473,-1.117377233505249,-1.1398457156287298,6.279167201783922e-05,0.001000000451070567,0.003150964140271147,0.07280628136876556,8.974923716651068
426,-1.8837498988745347,-1.8841622505547866,-1.8746740053284843,0.0004851322550818605,0.85,0.0010000010908423167,0.003306663836756686,0.07829109326286136,5.4294147041608705,-1.3832248714235091,-1.3832812772856817,-1.4048413647545708,5.640428927209642e-05,0.0010000004614185956,0.0026799089120080073,0.05360567917426427,7.486509111192491
427,-1.903209074488226,-1.9037442454751932,-1.904536096554882,0.0006281333571335055,0.852,0.001000001248991433,0.002926453328603562,0.06584426433832016,5.16807059521945,-1.4382593486044144,-1.4383296635415819,-1.4580298317803277,7.031642728381687e-05,0.001000000554550853,0.002715602830155856,0.053253307338390087,7.208364380730523
428,-1.9414196554219947,-1.9419140095980663,-1.9426974103135883,0.0005788685015912326,0.854,0.0010000012775461347,0.002797623793155236,0.06152354170269561,4.964687563338369,-1.4611044764518735,-1.4611653990215725,-1.4818728791342841,6.0926791694429184e-05,0.0010000006813142034,0.0026547404161343974,0.05288787844280402,7.143409909142388
429,-1.8850484074286695,-1.8856726210072356,-1.8857795944753684,0.0007292133457255813,0.856,0.0010000015015907164,0.003506070943022112,0.08081067859564188,5.4310374394902645,-1.4532756129900617,-1.4533449252446493,-1.47754934363895,6.931374470392863e-05,0.0010000005467898315,0.002934688803118964,0.060303138424124984,7.257640075683593
430,-1.933558997118248,-1.9339869337261848,-1.943801814655088,0.0004987666067087426,0.858,0.001000001222633247,0.002733227480554356,0.06515110108368802,4.87164150993779,-1.3985599332385594,-1.3985971146159701,-1.4254328237639533,3.7180384000142414e-05,0.0010000006011169817,0.0023925945395603778,0.043006769940257074,7.108107545640733
431,-1.9280281516740907,-1.9286130171901774,-1.9354067501032128,0.0006800815463066101,0.86,0.0010000014862151078,0.002732553132721838,0.062260029345469654,4.971137721583529,-1.4677470869488187,-1.4677970753775702,-1.4853360758887397,4.999339580535889e-05,0.0010000007330543464,0.0026554144013466105,0.05257600901855363,7.0467186927795415
432,-1.9317248519861474,-1.932247375542263,-1.9446031552440715,0.0006061698889957284,0.862,0.0010000017322248445,0.0029901079482065056,0.06973150913726608,4.888145923614502,-1.4623289995723303,-1.4623867670694988,-1.4856453829341465,5.7767828305562334e-05,0.0010000007123582893,0.002538067443917195,0.049135832612713176,6.982127030690511
433,-1.8998507789845736,-1.9003282526753984,-1.8931582232691206,0.0005526289624987908,0.864,0.0010000016333816468,0.0039348749329669854,0.09126187621984842,5.561121261344765,-1.3697026782565649,-1.3697556495666503,-1.3936438361803691,5.2976608276367185e-05,0.0010000006942492393,0.00286480366355843,0.057464963756501675,7.737023226420084
434,-1.8601368800649103,-1.8606108916255664,-1.8573957057494037,0.0005473486797989539,0.866,0.0010000017058666585,0.0040742968261804225,0.0975728283091536,5.584507838735041,-1.431981913248698,-1.4320567634370591,-1.4540324714448718,7.485465870963203e-05,0.0010000007382283608,0.003921148672492968,0.07941554134918584,7.8350083139207625
435,-1.9417994832092862,-1.9423214354605045,-1.943312775413945,0.0006013235674714142,0.868,0.001000001248991433,0.0028761319886401013,0.06475749439647738,4.915891845271273,-1.4677738401624896,-1.4678173502286276,-1.4883420255449082,4.351428813404507e-05,0.0010000005312677887,0.002576718243977262,0.04859011285007,7.094480323791505
436,-1.9306478792766355,-1.9310784519843336,-1.9248858442846335,0.0004949233020251652,0.87,0.0010000012863321968,0.0027193522810022223,0.06557538736400739,5.0497474445486965,-1.5180874149004617,-1.5181267632378472,-1.538678843445248,3.934784068001641e-05,0.001000000725293325,0.002662077015783224,0.051924952906039025,6.796661800808377
437,-1.9248067972795018,-1.9252398014068604,-1.9337656115585904,0.0004965610942750607,0.872,0.0010000015499140576,0.0027664859388199336,0.06482206882452066,4.951873639844498,-1.3653553869989181,-1.365385393301646,-1.3867060237460667,3.0010193586349488e-05,0.0010000006632051534,0.002425858117122617,0.047365248389542106,7.488328880733914
438,-1.8891795373187874,-1.8897926256341755,-1.8815111439183074,0.0007014838310907471,0.874,0.001000001912339116,0.00365222491903828,0.08561701861754903,5.480310925897562,-1.4525939226150513,-1.4526531325446235,-1.4703989519013299,5.921233031484816e-05,0.0010000007175323036,0.0025298744103767804,0.050925249523586694,6.992482768164741
439,-1.8664982476324405,-1.8671126478123214,-1.849980185616691,0.0007013809990208105,0.876,0.0010000018112994028,0.0033304324672328977,0.07926170137833874,5.617680684575495,-1.5178455286555819,-1.517885853184594,-1.5356070306566028,4.032469458050198e-05,0.0010000008598176969,0.003155803892554508,0.06376458286411232,7.074356916215683
440,-1.8975760436282967,-1.8980942728384487,-1.887044406724426,0.0005902341514263513,0.878,0.0010000018376575888,0.004192705512187391,0.08768426401997512,5.595146147709973,-1.4205462588204278,-1.42058820327123,-1.4401419268714057,4.1945195860332915e-05,0.0010000005442028245,0.0025426790868449544,0.05167884495523241,7.164085409376357
441,-1.8929702279702671,-1.8935526294528313,-1.8877730628229537,0.0006618219304759547,0.88,0.0010000013851753945,0.0030440440585942203,0.07319827746810778,5.315703544976576,-1.495423750082652,-1.4954643156793384,-1.5181503242916532,4.057048095597161e-05,0.0010000008184255825,0.002900068275630474,0.0564914440529214,6.94428759680854
442,-1.9294449180926916,-1.9298430973628782,-1.9342689176775374,0.0004514455795288086,0.882,0.0010000013939614565,0.0027843894665393063,0.05991578720650583,4.874789107520625,-1.3627868188752068,-1.3628255155351428,-1.3843572232458325,3.8692934645546804e-05,0.0010000006890752249,0.002466553100384772,0.0455288583619727,7.273634794023303
443,-1.9032574442197692,-1.9038070440292358,-1.9036212912145651,0.0006217257875316547,0.884,0.00100000149500117,0.002938161867688287,0.06658710570970797,5.299425183602099,-1.4708996971448263,-1.4709511001904805,-1.4918993088934156,5.140296287006802e-05,0.0010000007201193108,0.0026971306393129956,0.05718550626188516,7.067358875274659
444,-1.9531850207526729,-1.9536297658704362,-1.9628951324606843,0.00050197183242384,0.886,0.0010000013676032705,0.0027912140402169723,0.07128390761197738,4.790813940875935,-1.4382170240084329,-1.4382577803399827,-1.4566049072477552,4.074937767452664e-05,0.0010000007175323036,0.0025133812360258567,0.05373703870508406,7.062318642934163
445,-1.9277028969998629,-1.9283453968335997,-1.9257984071407679,0.0007235303802310296,0.888,0.0010000016509537708,0.003009617368181078,0.08132440879730121,5.130155455391362,-1.5203020294507346,-1.5203428321414523,-1.544728253947364,4.080550538169013e-05,0.0010000008235995967,0.002599468697897262,0.05014487033089002,6.675690809885662
446,-1.957744690607179,-1.9581006517950095,-1.9676336724803132,0.00039995159461813154,0.89,0.0010000014203196427,0.0025911135071853423,0.06883070132923576,4.692524248698972,-1.4015920758247373,-1.401632312933604,-1.4211903836992053,4.02371088663737e-05,0.0010000007822074824,0.0025021921946770617,0.04913426525890827,7.278795740339491
447,-1.9779265961557064,-1.9783424206499785,-1.9794721603393555,0.0004661801569866684,0.892,0.0010000014862151078,0.002426194035852293,0.056377582726472954,4.599029127156959,-1.380245073636373,-1.3802767197291057,-1.4047581566704643,3.164460261662801e-05,0.0010000007718594538,0.0022218345457481014,0.044970966316759585,7.060427665710448
448,-1.9630390090762444,-1.9635773222401458,-1.962275966158453,0.0006021514956681234,0.894,0.0010000017278318136,0.002626162674717324,0.06736148001169259,4.812918559560236,-1.4504188378651937,-1.4504744331041972,-1.4756262090471055,5.5600123273001774e-05,0.001000000810664561,0.002339975202145676,0.046825934160086846,6.800558715396457
449,-1.9058977365493774,-1.9065416691438206,-1.8901084998868547,0.0007186694386995063,0.896,0.0010000019145356316,0.0030235473620090283,0.081055911960748,5.331305584817563,-1.4372845278845894,-1.4373318195343017,-1.4648009498914083,4.7293222612804834e-05,0.0010000009219058685,0.002497415190252165,0.04952495276100106,7.037165715959336
450,-1.8383532695050508,-1.8389265627231237,-1.8341667809576359,0.0006384012412350133,0.898,0.001000002072684748,0.003611332886272444,0.08584496340239947,5.57775102921252,-1.4575162490208944,-1.4575691832436455,-1.4776642706659104,5.294067992104424e-05,0.0010000006761401892,0.002991530599279536,0.06031438486857547,7.199898984697129
451,-1.8864103893064104,-1.887268475766452,-1.8889638185501099,0.000953427533496101,0.9,0.0010000014796255614,0.003518976872997745,0.09789038853684687,5.352086112184344,-1.330676594045427,-1.330717256334093,-1.3529494404792786,4.066651066144308e-05,0.0010000004924626813,0.002620015709867908,0.049554757380651106,7.571461645762127
452,-1.873393883682647,-1.874435636794792,-1.8768602828934509,0.0011549365689169685,0.902,0.0010000012731531038,0.0031984195657917915,0.07508078361597825,5.45793724509905,-1.4201083421707152,-1.4201718873447842,-1.4415997213787504,6.353871689902411e-05,0.0010000006890752249,0.0029598048629446163,0.05458684356676208,7.4801342328389495
453,-1.8457689184062887,-1.8465621910005245,-1.8442139248802978,0.0008775120917356239,0.904,0.0010000016092199763,0.004994333427364253,0.10761050704234051,6.1219351021748665,-1.4767579012446936,-1.4769305613305834,-1.4995140790939332,0.00017266240384843613,0.0010000005778339175,0.003017621008782751,0.057401236043208174,7.147976896497939
454,-1.9523573686491769,-1.9528622199904244,-1.9537238309968192,0.0005572281496704749,0.906,0.0010000009041384987,0.0025640576968039824,0.05879972530704624,4.71765887512351,-1.4162737501992118,-1.416336433092753,-1.43990003267924,6.268901957405938e-05,0.001000000551963846,0.0024514447406141296,0.052497332667311034,7.15560417175293
455,-1.9283045282903708,-1.9289259393260163,-1.9391963639349308,0.0006843668953427728,0.908,0.0010000012775461347,0.0027550234731708494,0.07155725106878101,4.9359532617173105,-1.4059288250075446,-1.4059713893466526,-1.4279726796680026,4.255440500047472e-05,0.0010000006450961033,0.0026694988055775562,0.05464429820163382,7.454019917382135
456,-1.948565125465393,-1.9489810714181863,-1.9574838449370187,0.00045707744528662486,0.91,0.0010000014642499529,0.002734799390518159,0.07136413050850607,4.718305074943687,-1.458762704001533,-1.4587935500674778,-1.4831305106480916,3.08374563852946e-05,0.0010000006269870532,0.0022874229898055395,0.040028582078715166,6.743816492292617
457,-1.9693825784719214,-1.969853234740923,-1.9788259627684108,0.0005160776792832141,0.912,0.0010000014708394993,0.002445402693548152,0.05365509659333049,4.58173209766172,-1.4583292232619387,-1.4583618230289883,-1.4862679455015395,3.259264760547214e-05,0.0010000007537504037,0.002309489004417426,0.040634785054458514,6.792743767632379
458,-1.9816073336691227,-1.981963522029373,-1.992218755326181,0.0003897161135133707,0.914,0.0010000016136130071,0.0024447026179295105,0.06152713920850799,4.527802147955264,-1.2326540682050913,-1.2326776173379685,-1.2569668306244743,2.3550871345731946e-05,0.001000000722706318,0.0021931510987795062,0.04373991899192333,7.73016153971354
459,-1.8418604158005625,-1.8423794935334403,-1.8471235036849976,0.0005666755561558706,0.916,0.0010000019562694262,0.0033996183258252887,0.09242281616436986,5.293711851227958,-1.4521214776568943,-1.4521674063470629,-1.467661698659261,4.5925047662523056e-05,0.001000000722706318,0.002525742683145735,0.04482288341969252,7.158810721503365
460,-1.938309278128282,-1.9387144052757408,-1.9413582963763543,0.00044131131385857206,0.918,0.0010000014049440342,0.0026233692539258387,0.05947639128931288,4.915469695936959,-1.362349086337619,-1.3623827377955118,-1.3915480931599935,3.3657501141230266e-05,0.001000000725293325,0.0024606214370578527,0.04437897215700812,7.439070426093207
461,-1.94190336848205,-1.9424454671032023,-1.9383583136324614,0.0005892275498723084,0.92,0.0010000015982373986,0.002791552958166543,0.06329410329882829,5.031552121324359,-1.3341303269068399,-1.3341595623228284,-1.358451317416297,2.9238065083821616e-05,0.001000000704597268,0.0025073122491853107,0.047571719396445486,7.5486660639444985
462,-1.9090020769047287,-1.9099684638797112,-1.903398889415669,0.0010481395249096852,0.922,0.0010000016048269452,0.0030796626749676915,0.07777503167964378,5.321451083669123,-1.251916746298472,-1.2519683559735617,-1.2835266285472446,5.1606777641508316e-05,0.0010000006709661748,0.0024395634601306585,0.05089445275564988,7.949907716115316
463,-1.9486852299492314,-1.9491680005811296,-1.9541841363007169,0.0005224828590761941,0.924,0.0010000017717621238,0.002665002342700115,0.06469716651822036,4.8283208586135,-1.3647353914048936,-1.3647669196128844,-1.3854332791434394,3.153102265463935e-05,0.0010000008391216398,0.002316124587216311,0.04065730029510127,7.3165868547227655
464,-1.9463042425659467,-1.946696495110134,-1.9485050102449812,0.0004236055010894559,0.926,0.0010000017563865152,0.002536719875796786,0.056417801505270995,4.821770447605061,-1.4486933059162566,-1.4487199385960896,-1.4716921461953056,2.6632265912161934e-05,0.0010000008572306899,0.002484546715600623,0.047649121946758695,7.065541585286458
465,-1.914460447599303,-1.9150944408380761,-1.913562367547233,0.000683187594953573,0.928,0.00100000212540112,0.0027405276920927585,0.06543952439261495,5.20091282646611,-1.4593585199779935,-1.459384352631039,-1.4821661021974353,2.5832653045654296e-05,0.0010000008494696682,0.002623644810066455,0.052141911908984186,7.064196162753636
466,-1.9449766514436253,-1.945490007130605,-1.9532926150088041,0.0005519969283409839,0.93,0.0010000017915307632,0.002921392168094105,0.06956450989083299,4.860123553366031,-1.4905555446942644,-1.4905977196163602,-1.5106500837537977,4.216523634062873e-05,0.0010000007640984323,0.0024458989449259306,0.050680520261327425,6.653872394561769
467,-1.8885004812816404,-1.8893301127091893,-1.8969923527735584,0.0008901711904777671,0.932,0.0010000017827447012,0.003087441388623051,0.0814623289372561,5.293154707494772,-1.4302963376045226,-1.4303543236520555,-1.4496027072270712,5.7984722985161674e-05,0.00100000094777594,0.0028877749444089,0.06013860445883539,7.461421457926432
468,-1.8516931500074998,-1.852517177473824,-1.8555164292173565,0.0008822573384024063,0.934,0.0010000018793913834,0.0036634796799845854,0.09117581976472207,5.603919537562244,-1.4887708001666597,-1.4888251172171698,-1.509584829542372,5.431936846839057e-05,0.001000000743402375,0.0028824729793187646,0.050819100398156375,7.079664675394694
469,-1.905824879430375,-1.9063523378012315,-1.9087491012969107,0.0005635224142164554,0.936,0.0010000014730360148,0.003364944773427439,0.0753723587489353,5.333982188746615,-1.3438693576388887,-1.3439083536465963,-1.3668597287601896,3.8993524180518257e-05,0.0010000005571378602,0.0026247336658545665,0.050110440970295,7.705847867329916
470,-2.0017902311289086,-2.002124700906142,-1.995395062104711,0.00035658935612102724,0.938,0.0010000010820562547,0.002371973228500277,0.05176104577082508,4.510720324966143,-1.4402874443266127,-1.4403184758292304,-1.464958577685886,3.1041850646336874e-05,0.0010000006088780032,0.0021612374318970575,0.039538936213486725,6.766751003265381
471,-1.9235557317733765,-1.9242368790338624,-1.9275369115595549,0.000724631168369977,0.94,0.0010000016311851312,0.0029946468673857315,0.0735929343357401,5.058569827169742,-1.3472887648476497,-1.3473284946547615,-1.3698144144482083,3.973096609115601e-05,0.001000000808077554,0.002394615266368621,0.04959053390969833,7.365575991736518
472,-1.9290752692042656,-1.9295558130966042,-1.914212427049313,0.0005101295855810058,0.942,0.0010000018793913834,0.003549200091686732,0.07750258067587637,5.243293564274626,-1.2995034350289238,-1.2995394971635608,-1.3253419637680053,3.606991635428535e-05,0.0010000006295740604,0.0022631175505618256,0.039936032435960236,7.5225859853956445
473,-1.952041304336404,-1.9524697650153682,-1.951496513384693,0.00045387749120874224,0.944,0.001000001534538449,0.0026107159342159923,0.06107658604687115,4.772214673600107,-1.4061213718520271,-1.4061578419473437,-1.4254623413085938,3.646744622124566e-05,0.0010000006683791678,0.0023132312163296675,0.041056712137328255,7.044614950815838
474,-1.9224578367089324,-1.9229038841319535,-1.9285625916606974,0.00047151667048346324,0.946,0.0010000016707224103,0.003026990090356261,0.08603668416727264,5.068699278921451,-1.4597056865692137,-1.4597517914242215,-1.485463219218784,4.6105765634112885e-05,0.0010000007356413536,0.002534749889228907,0.049945023552411136,6.931474844614666
475,-1.91009251464088,-1.9105383591761567,-1.909878111778284,0.0004702897144938415,0.948,0.0010000018332645578,0.00342691956386673,0.08639260595840104,5.143961452088266,-1.438088247511122,-1.4381415989663866,-1.4639764414893257,5.334474974208408e-05,0.0010000005442028245,0.002363677729024655,0.043196618122359115,7.023536300659178
476,-1.8946492210874017,-1.895143690536607,-1.897380382666048,0.0005204983336745568,0.95,0.0010000012995112898,0.003217213088646531,0.07592622027293129,5.283745720701398,-1.4913024822870893,-1.4913563993242052,-1.5147014300028483,5.3918444448047214e-05,0.0010000008235995967,0.003411428573437863,0.06495870370417833,7.312831709120008
477,-1.979865701693409,-1.9801975196262576,-1.9844263657084051,0.0003485465949436404,0.952,0.0010000012885287124,0.0026604969972604006,0.06373359723332918,4.650625143411024,-1.429346681965722,-1.4293906145625643,-1.4523553993966845,4.393276241090563e-05,0.0010000006192260318,0.0023241404469849336,0.04169085855699248,7.033496867285834
478,-1.8989040840346858,-1.899401473549177,-1.8877610485508758,0.0005213693487194349,0.954,0.001000001503787232,0.0029757911238362487,0.07123314873930418,5.3869565792803495,-1.4294518113136292,-1.4294817964235942,-1.4533662107255725,2.999297446674771e-05,0.001000000996929076,0.003345354025562604,0.06511566624459293,7.482181941138373
479,-1.981366269993332,-1.9816924086156882,-1.984774834704849,0.0003411509096622467,0.956,0.0010000015191628405,0.0025249342653759807,0.06023767934936398,4.495309420351712,-1.414513393243154,-1.4145441585116916,-1.447055568959978,3.077147735489739e-05,0.0010000008054905467,0.002412096268704368,0.044449049399958716,6.957398509979248
480,-1.9407918745616697,-1.9412467772105955,-1.9389691735213657,0.00047483499038894223,0.958,0.001000001760779546,0.002609164399130024,0.05226929278446818,4.93082860730729,-1.3463622649510703,-1.3463983337084453,-1.3710826529396904,3.607248266537984e-05,0.0010000008365346326,0.0027912592463609246,0.06121701037304269,7.590516895718044
481,-1.9073376914240279,-1.9077956867667865,-1.9088835052724153,0.00047706496321930073,0.96,0.00100000173442136,0.004732867041690591,0.1032496545252935,5.5179335756121946,-1.4697949899567497,-1.4698467320866055,-1.4946630173259312,5.174502730369568e-05,0.0010000005933559603,0.0023387485701176856,0.04226371631440189,6.645806312561036
482,-1.9843740508241474,-1.9848228288146685,-1.9791150925294407,0.0004664935733912126,0.962,0.001000001503787232,0.0024139841355137388,0.051592492270019816,4.687152750087234,-1.4309174259503685,-1.430977421336704,-1.4539753754933675,5.9998366567823625e-05,0.001000000756337411,0.0022660297160554265,0.04185806800507837,6.8928678406609425
483,-1.9004588492636412,-1.9009690138528932,-1.9046150805815212,0.0005292053914295053,0.964,0.0010000016223990693,0.0030410129682354207,0.07347110391787763,5.086492300033569,-1.4515673213534888,-1.4516186979081895,-1.4725334313180711,5.1379866070217554e-05,0.0010000006011169817,0.002622519456781447,0.05383801770706972,7.092205206553142
484,-1.9926021548936952,-1.9934578841587283,-1.9863985844378202,0.0008858537898873383,0.966,0.001000001205061123,0.0024188279617964378,0.05857815112004865,4.585803130887589,-1.3136533631218803,-1.313696395026313,-1.3431898633639017,4.303645756509569e-05,0.001000000707184275,0.002116995452282329,0.039192918046481076,7.1854375309414324
485,-1.9465517300479818,-1.9471562088660475,-1.9401230024841596,0.0006244384314654008,0.968,0.0010000016663293794,0.0025056575903809578,0.05560825466406795,4.840178183789523,-1.4060720986790127,-1.4061381061871847,-1.4346327318085565,6.601098510954115e-05,0.0010000008210125897,0.0024184363583723703,0.04479762189504173,7.1109637260437015
486,-1.9673203904673737,-1.967804490395312,-1.961300325843523,0.0004990740485911099,0.97,0.0010000016223990693,0.0025328306946903467,0.06348813107272364,4.8306556962571054,-1.4483716739548576,-1.448411598470476,-1.470508677429623,3.9930227730009294e-05,0.0010000009219058685,0.0022427675805778966,0.04503102221836646,6.8405212826199
487,-1.9546369246716768,-1.9550043029605217,-1.9537520701030515,0.00037796282262172337,0.972,0.001000001938697302,0.0028818347710975497,0.07144551718045238,4.922116864402339,-1.4440356400277878,-1.4440689828660753,-1.4675343063142565,3.334267271889581e-05,0.0010000007873814966,0.0023266096806360617,0.046602150549491246,6.8493912484910755
488,-1.9279743185583151,-1.9284919410381678,-1.9315598798248004,0.0005314320607005426,0.974,0.0010000018310680422,0.002862539876006403,0.07244618075355044,5.0206588889068025,-1.4205574406517878,-1.420593516031901,-1.4428348554505241,3.6067267258961996e-05,0.0010000007459893823,0.0023494419486572347,0.04095945027139452,6.931593979729545
489,-1.9811016096259064,-1.9820824906511127,-1.9807385341176447,0.0010050017878694354,0.976,0.0010000018222819803,0.002561240615147465,0.06345106854613097,4.663174624712962,-1.3531646476851564,-1.3532198548316956,-1.3792827751901415,5.5198288626141015e-05,0.0010000007822074824,0.0023168399904130235,0.04435855286816756,7.217127450307209
490,-1.9623050374804802,-1.9629575306514524,-1.9676556632203877,0.0006671801631180746,0.978,0.0010000017102596895,0.002409206584693407,0.05478534056752358,4.663129676063106,-1.407760038640764,-1.4078089740541246,-1.4335314975844489,4.893168807029724e-05,0.0010000009917550618,0.0025064344310926066,0.04962752889841795,7.141479852464466
491,-1.914647030380537,-1.915230856751496,-1.9117936930566464,0.0005957300089440256,0.98,0.0010000018749983523,0.0032920238412565217,0.09097742124126768,5.2202698644602075,-1.4575200955073035,-1.4575977881749471,-1.4768196582794189,7.768794894218445e-05,0.0010000008313606182,0.002658992265868518,0.05231260504159663,6.928436300489637
492,-1.9570328199638511,-1.957543544049533,-1.9682610484789003,0.0005200851778939085,0.982,0.001000001738814391,0.002871675968152594,0.07752658092891271,4.701698640607438,-1.455559810002645,-1.4556045611699422,-1.478147534529368,4.475919736756219e-05,0.0010000006968362463,0.0022753130153028503,0.049243621735109225,6.698668352762858
493,-1.904836208190558,-1.9053276214959487,-1.9017939443858165,0.0004994110819303765,0.984,0.0010000019167321472,0.004227941908504603,0.09888630388480313,5.4084257629682435,-1.4668659978442724,-1.4669269217385186,-1.493182400862376,6.093564960691664e-05,0.001000000691662232,0.0026193045338408815,0.051325907972123885,6.998190519544813
494,-1.9558406168559812,-1.9567367918086502,-1.9564828951403779,0.0009089039884648233,0.986,0.001000001205061123,0.0029334056472300357,0.07117940756088158,4.944235342853474,-1.401550184355842,-1.4016397092077466,-1.4236847546365525,8.952783213721382e-05,0.0010000006502701177,0.002594149658559925,0.05700213925706016,7.245732932620578
495,-1.9627992769457259,-1.9635044763673026,-1.9537756667946868,0.0007137710333995099,0.988,0.0010000013368520533,0.003257899042131063,0.09019689775019321,4.99738395439004,-1.4904509199990166,-1.4905106094148424,-1.5162047651078967,5.968080626593696e-05,0.0010000005959429675,0.0022013682872056963,0.03965578770471944,6.499782922532825
496,-1.9894574813123018,-1.9900143663838226,-2.0010486256401494,0.0005625190459332376,0.99,0.0010000012753496193,0.002445832698799248,0.059023959562182426,4.498343085342983,-1.4291630440288121,-1.429212466875712,-1.4563658992449442,4.9409932560390896e-05,0.001000000740815368,0.0022872262556726734,0.04688146190924777,6.802830251057942
497,-1.9802028458073455,-1.9807304368828826,-1.9677691009809386,0.0005318365709961585,0.992,0.0010000014730360148,0.002452481581987637,0.06077938902912275,4.771343878979953,-1.374789736005995,-1.3748240775532192,-1.4030176573329503,3.433624903361003e-05,0.0010000009089708329,0.0023971780591333907,0.0490320579873191,7.150810538397895
498,-1.902802844092531,-1.903244100651651,-1.9153640292725473,0.0004439325827472615,0.994,0.0010000022615850816,0.003890162524942941,0.08660028338924332,5.373349657598531,-1.3812518027093679,-1.3812872197892931,-1.4010135584407382,3.541409969329834e-05,0.0010000008805137542,0.0026111120254629187,0.05279994025412533,7.415365833706326
499,-2.0009571313858032,-2.0012596710672916,-2.0082986444797157,0.0003037515957400484,0.996,0.0010000014027475186,0.0023351949507827464,0.05330630402379441,4.381562534368263,-1.4343922058741254,-1.4344208810064527,-1.4564964559343125,2.8666522767808703e-05,0.001000000722706318,0.0021466733913661704,0.03842667846216096,6.6168318536546495
500,-2.0195066748924977,-2.0198031461463786,-2.004933901552884,0.00029706111494100316,0.998,0.0010000013588172085,0.0021834406377923376,0.050405568355378114,4.449605869797041,-1.432106248537699,-1.4321271538734437,-1.456585211224026,2.0908315976460776e-05,0.0010000007692724465,0.002073622471652925,0.038164741877052516,6.707758045196534
501,-1.991484576801084,-1.991797388724561,-2.002195549461077,0.000312810869149442,1.0,0.0010000015455210265,0.0022397512407481388,0.054775135415904924,4.469330508753939,-1.4195111023055182,-1.4195318937301635,-1.4445343123541938,2.0788030491934883e-05,0.0010000009555369616,0.0022832384462364848,0.052179270341164534,6.794639990064833
502,-1.9803350129217472,-1.980775090883363,-1.9756960396496754,0.0004400662937254276,1.0,0.0010000019452868487,0.002413523552570281,0.060441792960155685,4.658199431761256,-1.403397481971317,-1.4034221000141567,-1.4259049389097425,2.461920181910197e-05,0.0010000011547365122,0.002428314180320336,0.04582516495138407,7.027501296997071
503,-1.9382008988902253,-1.9387130658581573,-1.940624770128502,0.0005121784952451598,1.0,0.0010000021781174924,0.0027037502051208097,0.06388700623416675,4.820864209588969,-1.4590291606055363,-1.4590875413682727,-1.4773787644174363,5.837910705142551e-05,0.0010000010538432334,0.0023122424699573052,0.044549074686235854,6.784231026967367
504,-2.0169901825347036,-2.017397939034228,-2.009117344640336,0.0004077552343314549,1.0,0.0010000018134959183,0.0021452973992124483,0.04817711129644007,4.418015938884807,-1.440889781051212,-1.440926002131568,-1.4644926773177254,3.6218265692392984e-05,0.0010000010693652763,0.002174213052623802,0.03947368293172783,6.611814848581949
505,-1.899264080906814,-1.8997492677760575,-1.9019091798449463,0.0004851820193371683,1.0,0.0010000022308338644,0.0033544403992874445,0.08408997281682941,5.239852990744249,-1.4923435038990442,-1.4923855503400167,-1.5096032592985364,4.205273257361518e-05,0.001000001100409362,0.0030590697890147565,0.05877120198888911,6.986603991190592
506,-1.9660687649025108,-1.9664092693688735,-1.9671525415384545,0.0003405031308812915,1.0,0.0010000015257523869,0.002874751390783854,0.08329439324871549,4.771141920449598,-1.404073968198564,-1.4041043983565435,-1.4343246632152133,3.042634990480211e-05,0.001000000673553182,0.00231075729502158,0.04430375846309794,6.977924134996203
507,-1.9960360549530893,-1.9963964178877056,-1.9983110607794996,0.000360367643945622,1.0,0.0010000013082973518,0.002364680715748724,0.05374575792899672,4.500057656809969,-1.3441854437192278,-1.3442099279827542,-1.3770926144387987,2.4485008584128485e-05,0.0010000007304673394,0.0021787234271566074,0.03955660758333074,7.10539460712009
508,-1.948186048921549,-1.9485888368678543,-1.948491150478147,0.0004027942722698428,1.0,0.0010000018596227438,0.002650278044934824,0.06709070227829353,4.871825982939522,-1.468760331471761,-1.4687901245223152,-1.4927429662810432,2.979346447520786e-05,0.0010000010046900974,0.0027449102761844795,0.05960670763419734,6.830221600002713
509,-1.9616671418243985,-1.962008017414021,-1.949261390937949,0.0003408766439500845,1.0,0.0010000016487572553,0.002810728448478259,0.06551919972418614,4.969637371459097,-1.424098927444882,-1.4241309894455805,-1.4492432382371692,3.206299410925971e-05,0.0010000008882747756,0.002665587281808257,0.05747634985794624,6.9791836420695
510,-1.9864625638385989,-1.9868135474762827,-1.9822964465843056,0.0003509867303776291,1.0,0.0010000014313022202,0.0025286734112942555,0.05423962342429836,4.591746978040011,-1.3454439640045164,-1.3454834659894308,-1.3764604025416904,3.950132264031304e-05,0.0010000006321610677,0.0022343682332171336,0.042439535425768955,7.061433739132352
511,-2.006700356051607,-2.007130708334581,-2.011131207897978,0.00043036092845898756,1.0,0.0010000016180060382,0.002533500218974813,0.05898446037943633,4.546456820559952,-1.3774641818470428,-1.3774949789047242,-1.40488910012775,3.0789938237931994e-05,0.0010000007796204752,0.002210236395088335,0.041180954304420286,6.843433952331543
512,-1.9421600688178584,-1.9425121748222496,-1.9422393227523227,0.0003521040363131829,1.0,0.0010000016114164918,0.002631674621711081,0.06793215157429003,4.835054123176719,-1.4132323265075681,-1.4132634573512608,-1.4430518203311495,3.112761510743035e-05,0.0010000009012098114,0.0023140885065206225,0.044837789527244036,6.636783038245307
513,-1.9902066622140273,-1.9906804246722527,-1.9808888682779275,0.0004737809440999661,1.0,0.0010000015784687591,0.0023050258937731103,0.05272358086592746,4.5852494329776405,-1.4129192153612775,-1.4129509316550362,-1.4420554094844393,3.170991937319438e-05,0.0010000008805137542,0.0023461737437173724,0.047019623406231406,6.743949476877848
514,-1.939678727455859,-1.9402437007652138,-1.9419219358912054,0.0005649763317602985,1.0,0.0010000017497969686,0.0032830680676577788,0.07762388902593334,5.024125211643723,-1.328073483043247,-1.3281375103526645,-1.358354589674208,6.403111749225193e-05,0.001000000707184275,0.002369709579377539,0.04336984863297807,7.199092621273464
515,-1.9289025956729673,-1.9295060387197531,-1.926071192858354,0.0006034459989025907,1.0,0.001000002094649903,0.004899474337503736,0.09245721900941066,5.453895002041223,-1.5180994285477531,-1.518159063657125,-1.5467116355895996,5.963337090280321e-05,0.0010000008235995967,0.002892814985372954,0.05991979050967428,6.486221154530843
516,-1.760457088362496,-1.7610180962760493,-1.7492141543694262,0.0005610056643216116,1.0,0.0010000014488743443,0.004596276582165991,0.13465876413403816,5.943436784564324,-1.4617189950413172,-1.4617757757504781,-1.4833855364057753,5.6778391202290855e-05,0.0010000004536575742,0.002880217546286682,0.05224976024279992,6.943933826022677
517,-1.9942589930768282,-1.9946781374373526,-2.007136146977263,0.0004191283347471705,1.0,0.0010000007569719597,0.0027339961116184604,0.07690267001261127,4.492984618780748,-1.3079740405082703,-1.3080081396632723,-1.334377638498942,3.409460186958313e-05,0.0010000003553513024,0.0021238097481222616,0.03823014630211724,7.090358829498291
518,-1.9924808403231062,-1.99286051516263,-1.98387400159296,0.00037965529932166046,1.0,0.0010000008799768282,0.0023013425613138475,0.05505810171928046,4.576983685763377,-1.3426924718750848,-1.3427174197302925,-1.3727898571226331,2.49563819832272e-05,0.0010000005002237028,0.002185576015876399,0.04242227551423841,7.017029179467095
519,-1.953241821167604,-1.9538120402480073,-1.9452677835833352,0.0005702132464579816,1.0,0.0010000015652896661,0.0036172357207726476,0.0810386829851371,5.308592359974699,-1.4181435545285543,-1.4181854830847846,-1.4408838113149007,4.1928473446104264e-05,0.0010000006295740604,0.0030313284834846852,0.06320389836198753,7.169991832309298
520,-1.9922073562190217,-1.992640178158598,-1.9833410742147914,0.00043282067438341537,1.0,0.0010000012621705263,0.003451904574110401,0.09123502141040452,4.7725732146569015,-1.357971286773682,-1.358013719982571,-1.3856038146548801,4.2437927590476144e-05,0.0010000005493768387,0.002370020842904018,0.0472059210555421,7.040158621470135
521,-2.0306434631347656,-2.0309443743723743,-2.0287011546908684,0.00030091925049727816,1.0,0.0010000012907252279,0.0022208090335622713,0.051723122069577,4.28856157356838,-1.3051911142137316,-1.3052305976549785,-1.3289722045262655,3.94759906662835e-05,0.001000000603703989,0.002256506821140647,0.044362067534691754,7.177611414591471
522,-2.0291763679036556,-2.0295473989450707,-2.025112138604218,0.0003710335718010956,1.0,0.001000001317083414,0.002104093513961108,0.04764445934374378,4.294775575961706,-1.422398776478237,-1.4224300172593858,-1.444940906100803,3.124417530165778e-05,0.0010000008003165325,0.002166495001357463,0.04051023011820184,6.6424243609110505
523,-1.9408220997396506,-1.9412956698885504,-1.9450573505095716,0.0004735541231227371,1.0,0.0010000017278318136,0.0024820114046616376,0.06114407161356143,4.785208225250244,-1.539290690422058,-1.5393184714847141,-1.5557592842313979,2.7783794535530936e-05,0.0010000015712446637,0.004779795521042413,0.12789251854022343,7.025146770477295
524,-1.9663867365639165,-1.966755970469061,-1.9690989368366745,0.0003692406528400925,1.0,0.00100000184205062,0.003128045084798392,0.0859338364932897,4.7407964850371735,-1.3937125603357952,-1.3937386724683973,-1.4189984520276389,2.611378828684489e-05,0.0010000006580311391,0.0022907942145441967,0.048923554830253124,6.868781068589953
525,-1.9747270255718592,-1.9751629379560363,-1.972701760957826,0.00043592932370473754,1.0,0.0010000014071405497,0.0024326166559783917,0.05523428250596209,4.652650639695941,-1.484673203362359,-1.4847103714942933,-1.5122462431589763,3.716713852352566e-05,0.0010000009865810473,0.0025146657238817875,0.048834149911999705,6.5992820633782285
526,-2.002874785999082,-2.003214716911316,-2.0147993362174845,0.00033994033089223896,1.0,0.0010000016026304296,0.002268007530321209,0.04557982213654608,4.387037574120288,-1.4417841169569228,-1.4418032036887274,-1.4713120275073581,1.9097990459865993e-05,0.0010000007822074824,0.002244529252250989,0.046023883794744806,6.660640917883979
527,-1.9781561010288742,-1.978642169034706,-1.9744626800968963,0.00048608185266548734,1.0,0.001000001694884081,0.003052887322275706,0.08527433092020592,4.709928269656199,-1.476393972502814,-1.4764309061898127,-1.5037970807817247,3.693376978238424e-05,0.0010000007356413536,0.00207521029903243,0.041708004536728065,6.36793778207567
528,-2.0068955893786447,-2.007387602104331,-1.993952049399322,0.0004920127256861273,1.0,0.0010000016136130071,0.002272587067465175,0.054115782298569406,4.5494745542418285,-1.4044590870539346,-1.4044919689496358,-1.4405554546250237,3.2882557974921334e-05,0.0010000008417086468,0.0021417661207831567,0.04861079891108804,6.660917589399549
529,-1.994812270380416,-1.9954181999530431,-2.0024582687413917,0.000605930134935199,1.0,0.001000001787137732,0.0036751289021680657,0.0872899245576195,4.664174210350469,-1.3270140674379136,-1.327077763610416,-1.3596700933244494,6.36906259589725e-05,0.0010000006425090963,0.002039847898090051,0.04664188391632504,6.96449490653144
530,-1.9062776621782556,-1.906677690317046,-1.9022399873103735,0.000400030809753346,1.0,0.0010000018178889492,0.0029802604112774134,0.09604686252632232,4.998126272885305,-1.3249650637308756,-1.3250080903371175,-1.3444359660148621,4.302395714653863e-05,0.00100000132030497,0.0033054766374536687,0.0706710257463985,7.8952085812886565
531,-1.9538956228292212,-1.95432156211925,-1.9649917584545207,0.0004259430856074927,1.0,0.00100000169049105,0.003056368964091646,0.08757782010537274,4.610923128307991,-1.354020396868388,-1.3540589385562474,-1.3810581697358026,3.854483366012573e-05,0.001000000810664561,0.002206695563573804,0.040704811095363565,7.239748764038085
532,-1.9314931451149706,-1.9319094149571545,-1.9303813497975189,0.0004162658357395316,1.0,0.0010000019760380656,0.0028607666597894902,0.0749250303532155,4.933888633296175,-1.467052784230974,-1.4670754154523213,-1.4903617289331224,2.2626171509424847e-05,0.00100000087533974,0.0023694867216464545,0.04552550847745604,6.778773742251927
533,-1.9847736448611852,-1.9851384893903192,-1.9893723006518382,0.0003648376408612953,1.0,0.001000001330262507,0.0024650845136317723,0.05589466049986066,4.508427727897212,-1.4886600799030727,-1.4886834263801574,-1.5061181730694242,2.33425862259335e-05,0.001000000813251568,0.002342092359645499,0.043010237088633906,6.665194426642523
534,-1.9570048890023861,-1.957426982105903,-1.9548858584098097,0.0004220986563079762,1.0,0.0010000013895684256,0.003048232264535607,0.09036127940031155,4.938600463687249,-1.3921299232376945,-1.3921794533729552,-1.4194797039031983,4.9533612198299834e-05,0.0010000005778339175,0.0022509922713248266,0.04426488588667578,6.815917735629611
535,-2.0134306291364275,-2.014138453411606,-2.0152585618900805,0.0007078253295061723,1.0,0.0010000011721133905,0.0022073246885688518,0.04524381395499661,4.330113428943562,-1.3664560278256732,-1.3665000677108765,-1.3892175396283468,4.40342558754815e-05,0.0010000006683791678,0.001993328485534423,0.034054732301996814,6.906765323215061
536,-1.9533527279799838,-1.9540341035375055,-1.9560681761435743,0.0006813795639658874,1.0,0.0010000016487572553,0.002727429461577591,0.06563704752556558,4.87015338663785,-1.47707023885515,-1.477119607395596,-1.5042709800932141,4.9363573392232256e-05,0.001000001167671548,0.0025659508847941954,0.05036670050273339,6.633553907606338
537,-1.9887722978052103,-1.9894839232822634,-1.9876854959523902,0.000711612122238807,1.0,0.0010000016663293794,0.0028525498862606736,0.07667324999523051,4.653363533739774,-1.4268745581309001,-1.426955102549659,-1.453325743145413,8.053970005777147e-05,0.0010000006657921606,0.0021304750504593053,0.042683214342428576,6.624803574879964
538,-2.0029597439855897,-2.0034468848750278,-2.00725508860822,0.0004871503080961839,1.0,0.0010000013807823635,0.0024433444486930966,0.05887048842631421,4.52076101752947,-1.4296888881259495,-1.4297574679056804,-1.457885323630439,6.857489546140035e-05,0.001000000877926747,0.0023789751938440734,0.0487236538488004,6.750544420878092
539,-2.047510506971827,-2.047851121650552,-2.041081484758629,0.0003405927487139432,1.0,0.0010000014598569218,0.0029002246842280313,0.07252559661513792,4.303601489876801,-1.3853549997011823,-1.3853885451952617,-1.4116589625676472,3.354615635342068e-05,0.0010000007692724465,0.0019732255229933395,0.03549909128083123,6.5889774004618324
540,-2.0318088419032545,-2.032098981569398,-2.039513014397531,0.00029014493778066816,1.0,0.0010000013104938673,0.002024225989479642,0.0454435051717567,4.1847364722557785,-1.300483519501156,-1.3005086594157749,-1.3248471882608202,2.513585819138421e-05,0.0010000008235995967,0.002004594992225369,0.03968030742059151,7.125059678819444
541,-1.9517838415109887,-1.9522112810386802,-1.9496463964570243,0.0004274457833676968,1.0,0.0010000019452868487,0.0027415496692553445,0.07589150181497042,4.878712915024668,-1.379678898387485,-1.3797098928027682,-1.397854255305396,3.100244535340203e-05,0.00100000091155784,0.0021891140146180986,0.04170567068374819,7.01332490709093
542,-2.020609538510161,-2.0210098950368054,-2.0170689641304738,0.00040036995174749844,1.0,0.0010000016048269452,0.002206670320241378,0.0535549933512537,4.367908365321609,-1.4712467206848991,-1.4712758474879795,-1.4913877407709757,2.9127630922529432e-05,0.0010000009710590045,0.00210326558444649,0.04317856507582797,6.481617334153916
543,-2.02769916012602,-2.027989351524497,-2.027813884447206,0.0002901862674164322,1.0,0.00100000169049105,0.002296922308884842,0.06633676723840665,4.302180407182226,-1.4422776169247098,-1.442301004462772,-1.4735787961218092,2.33891937467787e-05,0.0010000008391216398,0.0019378849951964285,0.0342592300226291,6.336139943864611
544,-2.0523032624766513,-2.05257068040236,-2.0573794909243315,0.0002674301559070371,1.0,0.0010000015191628405,0.0020001273852650004,0.0473190718769746,4.079435600424713,-1.405092035399543,-1.405110439989302,-1.4339578853713142,1.8406411012013753e-05,0.0010000009581239686,0.001906263610968987,0.03602643364833461,6.503357262081571
545,-1.956018404015955,-1.956515907116656,-1.953619679190078,0.0004974917139647141,1.0,0.0010000019848241278,0.004036204805949105,0.08390939358692125,5.126329260052375,-1.3476523783471848,-1.347708609369066,-1.3862519330448575,5.6237561835183036e-05,0.0010000010098641118,0.0022243595863175062,0.04390493467864063,6.9186311721801745
546,-2.0083819762715756,-2.0087906369623147,-2.00622144285238,0.0004086748890157016,1.0,0.0010000017673690927,0.002272222303117643,0.05329365409770102,4.416099170468888,-1.387791758113437,-1.3878237234221564,-1.4235370755195618,3.196381860309177e-05,0.0010000008882747756,0.0020159262956844434,0.03912262918634547,6.687313853369818
547,-1.6410407997527212,-1.6418614185081337,-1.6257739078323796,0.0008206248002232245,1.0,0.00100000331810904,0.011639273778166412,0.34311813565919985,7.473347110568352,-1.4613277726703222,-1.4614562723371718,-1.4850396143065558,0.00012849635548061795,0.001000000603703989,0.003406655465045737,0.08408841590086619,7.28106123606364
548,-2.0047758727703453,-2.0052274757961057,-2.005552984633536,0.000451606329319612,1.0,0.0010000007591684753,0.0025448641533313216,0.05569890714338366,4.399661648948237,-1.4846397863494023,-1.4847028560108608,-1.5087139421039157,6.305947899818421e-05,0.0010000004743536313,0.002341030672606495,0.05005648446579774,6.605809455447727
549,-1.9734493156649031,-1.9738727526844673,-1.9821246041441865,0.00042344728168451564,1.0,0.0010000011765064214,0.0042957229438712295,0.0877247404588281,5.1054400677950875,-1.4420104728804695,-1.4420730180210537,-1.4700302852524652,6.255085269610086e-05,0.0010000006192260318,0.002386531088915136,0.049799533664352365,6.747472190856933
550,-1.9999428582641314,-2.0003357765809544,-2.0018314910384842,0.0003929268920196677,1.0,0.001000001169916875,0.0022477929805458153,0.05131238558382358,4.424064037934789,-1.4567547718683875,-1.4567873901791042,-1.487800457742479,3.2619304127163354e-05,0.0010000008054905467,0.002385070161997444,0.05322602680987782,6.726745594872369
551,-1.961999481579043,-1.9625224482338384,-1.9625761014110636,0.0005229672873919865,1.0,0.0010000014993942008,0.0027618602770468534,0.07629363033217641,4.801638450262682,-1.4887034641371832,-1.4887321220503913,-1.5094007783465915,2.866139014561971e-05,0.0010000008908617828,0.0024037513881921767,0.05071036434835858,6.678218862745496
552,-1.9919783146876209,-1.9922863177533419,-1.9949550921062253,0.00030799912956525695,1.0,0.001000001600433914,0.002719616190143773,0.06532463728327234,4.60088094675316,-1.4828434520297582,-1.4828627546628317,-1.5081274443202548,1.930304699473911e-05,0.0010000008805137542,0.0023546648160037067,0.04629130363464355,6.636377101474339
553,-1.9943925367211395,-1.9946571026208266,-1.9963693236404996,0.00026456962497729174,1.0,0.001000001356620693,0.002436269478837274,0.05532463413294194,4.5113179638700664,-1.460245370864868,-1.4602641820907594,-1.48373234934277,1.8812219301859538e-05,0.0010000008882747756,0.0023468120670359994,0.044136709885464774,6.77554751502143
554,-2.024721899122562,-2.0250060310903586,-2.016775313413368,0.0002841335844318822,1.0,0.0010000014928046544,0.002288570278324187,0.0511842076930235,4.350839228000281,-1.4585670418209498,-1.4585842688878377,-1.4862266884909736,1.7223672734366523e-05,0.0010000008572306899,0.0020567109627235266,0.03825674975911776,6.424908235337998
555,-1.9379182480416208,-1.9382533037437584,-1.9333894072838549,0.0003350618875251626,1.0,0.0010000017893342476,0.00285449012332016,0.07293426691782924,5.060037671395068,-1.5125566376580128,-1.5125834385553996,-1.5366469966040717,2.6805284950468276e-05,0.001000001100409362,0.002659653463504381,0.06815444187571605,6.527756341298422
556,-1.984825390689778,-1.9852456203046835,-1.9871358376628947,0.00042022715480822436,1.0,0.0010000015630931506,0.002736811477796368,0.06806159799672523,4.501271877648695,-1.4075597683588663,-1.4075838751263088,-1.441432253519694,2.410925096935696e-05,0.0010000006787271964,0.002176832896657288,0.045462827301687665,6.743124135335285
557,-2.037229855105562,-2.037590802840467,-2.039478556165155,0.0003609563101012752,1.0,0.0010000012336158245,0.0020669098012149334,0.04528823196185085,4.196938663158777,-1.4794286370277407,-1.4794509980413648,-1.5126602199342516,2.2360599703258938e-05,0.0010000007977295253,0.002120683544004957,0.0429887598587407,6.35906966527303
558,-1.9456483665502295,-1.9460388152104504,-1.9541239985879861,0.00039044894137472475,1.0,0.0010000019057495695,0.003067854809451778,0.07663992997961787,4.964354587051104,-1.4476748559210035,-1.4477047416898938,-1.472012174129486,2.9884941048092313e-05,0.0010000008365346326,0.0024113296893321806,0.04755281418975857,6.796686363220215
559,-1.9853688680900718,-1.9858454915712465,-1.991784712053695,0.00047662256742423434,1.0,0.001000001352227662,0.003806420823752458,0.086397121326541,4.750386966849273,-1.5003838631841868,-1.5004340132077536,-1.524507353040907,5.0157722499635485e-05,0.0010000005933559603,0.0020766428930477964,0.043996682328482466,6.290485042995877
560,-2.0398085319770956,-2.0402574336753703,-2.0461960873513854,0.0004488957940407519,1.0,0.0010000012182402162,0.0021586180554773165,0.050152284585220634,4.175241263407581,-1.51511109802458,-1.5151424527168273,-1.5368765433629354,3.13517947991689e-05,0.0010000007847944896,0.0020522497051085036,0.04175356852097644,6.174619346194798
561,-2.0499223493180185,-2.0502073562370158,-2.0602429790316887,0.000284996305434209,1.0,0.0010000014356952513,0.0019968659485215846,0.040968051109954995,4.0414366137306645,-1.4380720959769355,-1.4380935072898864,-1.4630832658873665,2.1412637498643665e-05,0.0010000008572306899,0.0020227729342877864,0.0398743758805924,6.521536011166043
562,-2.006003310095589,-2.006278894982248,-2.00084177503046,0.0002755800367526288,1.0,0.00100000188598093,0.0022902250913727396,0.05782066412129492,4.469442403541421,-1.4253961245218914,-1.425422837999132,-1.450737632645501,2.6716374688678318e-05,0.0010000009503629472,0.002157242262425522,0.048529954171843,6.547100936041938
563,-2.042570278329669,-2.0428469675891803,-2.029681093287918,0.00027669108701202104,1.0,0.0010000015784687591,0.002518294493333911,0.06944666221245842,4.368385170990566,-1.44244943857193,-1.4424703081448873,-1.4686665429009331,2.086990409427219e-05,0.0010000008339476254,0.001937129105337792,0.03936389721930027,6.412583478291828
564,-2.0290378624538206,-2.0293779035784163,-2.0278609541227235,0.0003400293864169211,1.0,0.00100000173442136,0.002135226118624351,0.04753279745719343,4.313361824683423,-1.4374427636464437,-1.4374678545527988,-1.4609935283660889,2.5096784035364787e-05,0.0010000009865810473,0.002047821623273194,0.044638632362087566,6.518057049645319
565,-1.983693741402536,-1.9840446890525099,-1.986216886988226,0.00035094026968164263,1.0,0.0010000022396199264,0.0025929783774047807,0.07192149287406004,4.609523381827013,-1.4395567668808833,-1.4395867043071322,-1.4608741694026524,2.9929147826300728e-05,0.0010000010124511188,0.0021713479266812405,0.043223310862150456,6.6924541049533435
566,-1.9697993094066404,-1.9702053632376328,-1.9731242094399795,0.00040604855935528594,1.0,0.0010000019101426005,0.002655559026126592,0.07290444215583913,4.656580389670606,-1.417509710788727,-1.4175387766626146,-1.4507624639405146,2.906943360964457e-05,0.0010000009193188615,0.0020279811850438517,0.03810081411566999,6.499038494957818
567,-2.076805161979963,-2.0770618713126994,-2.0759131571031966,0.0002567101761979877,1.0,0.00100000138737191,0.0019946773909910952,0.05332471702669589,3.9696290448026836,-1.460992475350698,-1.4610194815529718,-1.4895321501625909,2.6999910672505698e-05,0.0010000009193188615,0.0018494070067794786,0.037327883020043376,6.183193524678548
568,-2.0225771553111525,-2.0229028058501908,-2.033353492898761,0.0003256580599074094,1.0,0.0010000019496798796,0.002380333570675608,0.058288689035008535,4.369905467303294,-1.3584064510133531,-1.3584311167399088,-1.3864048706160652,2.4666637182235716e-05,0.0010000012659778198,0.0025380857495798004,0.05487360670748684,7.056475247277153
569,-1.959523490015066,-1.9600834115496222,-1.9625484392328083,0.0005599256112890424,1.0,0.001000001743207422,0.004144249760703939,0.09382876632559412,5.06978259446486,-1.316738647884793,-1.3167863368988038,-1.3438236289554173,4.7690918048222857e-05,0.0010000007123582893,0.002084983497237166,0.03971377377294832,6.9572388225131565
570,-2.026011736887806,-2.0263735888139256,-2.036055675092733,0.0003618495363109517,1.0,0.00100000138737191,0.002086451538522148,0.04727945515429074,4.194654370253941,-1.3405463907453745,-1.3405733466148377,-1.3671241097980076,2.6954130993949042e-05,0.0010000008494696682,0.002038648634010719,0.04113509336279498,6.956747945149739
571,-1.9830719614928622,-1.9835110025585823,-1.9868231067117654,0.0004390301710029818,1.0,0.001000001938697302,0.00282002189020925,0.0797818151636506,4.657659296719533,-1.4564559208022225,-1.4565025925636292,-1.4849605056974622,4.667167862256368e-05,0.0010000009891680546,0.0022538000071007343,0.04425570776479112,6.495865694681803
572,-1.9490198706680875,-1.9495306588568777,-1.9537097271883264,0.0005107928278311243,1.0,0.0010000015652896661,0.002808120681570386,0.07101391060804983,4.762979952794201,-1.4202697502242194,-1.4203254209624396,-1.4420645435651143,5.5676698684692384e-05,0.0010000011573235194,0.0033030748419049715,0.07945449050101969,7.3384456634521475
573,-1.9425752005487118,-1.942861408557532,-1.9468953137127858,0.00028620611103075854,1.0,0.001000001708063174,0.0031949897309905798,0.07628385575031335,4.706555398005359,-1.4781559917661877,-1.4782049669159782,-1.5053279373380872,4.898193809721205e-05,0.0010000006968362463,0.0022724256876649127,0.047078079730272296,6.449953842163086
574,-1.9735816942071014,-1.9740196174045779,-1.9697817867656924,0.0004379126542019394,1.0,0.00100000158286179,0.004023385029901171,0.10704594657246796,4.883139844210643,-1.3826302197244433,-1.3826763285530939,-1.4108324249585469,4.611048433515761e-05,0.001000000603703989,0.002090796680810551,0.03940766337845061,6.677873643239338
575,-2.009858446301154,-2.010325809694686,-2.012662556936156,0.0004673683840148854,1.0,0.0010000014203196427,0.002541957963433749,0.057119380647562584,4.528388252798116,-1.4980623801549275,-1.4981184005737305,-1.5249486684799194,5.6011312537723115e-05,0.001000000808077554,0.0022443431455435024,0.03984152219361729,6.325982072618272
576,-2.007791375214199,-2.008223871015153,-1.998982089870381,0.00043248378162114124,1.0,0.001000001317083414,0.00325464241356009,0.09613293333787401,4.5882970387080935,-1.4579062938690186,-1.4579645660188463,-1.4870092140303717,5.8264947599834866e-05,0.0010000006709661748,0.0020131608341924017,0.03571864478290081,6.369178210364447
577,-1.9919581975577012,-1.9925801956428673,-2.0006596434791133,0.0006219926026632201,1.0,0.0010000016180060382,0.002803508295537025,0.08390798177218663,4.544010337793602,-1.3623297135035197,-1.3623919791645474,-1.3916393081347147,6.226367420620388e-05,0.0010000007873814966,0.0020734821860161094,0.04249729004999002,6.928098265329996
578,-2.00189020386282,-2.0022944335667594,-2.001402940390245,0.000404239333463165,1.0,0.001000001530145418,0.0027167642102488934,0.06353045574758413,4.5395812313511685,-1.4302084379725986,-1.4302404284477235,-1.4471788989173042,3.19924619462755e-05,0.0010000009374279116,0.0022282874341019326,0.043827483368416624,6.822761164771186
579,-1.977512118143012,-1.9780780322638885,-1.9848624170441531,0.0005659146128960376,1.0,0.0010000016267921001,0.0027474866881263705,0.07235651241861424,4.520048663301288,-1.4897531045807735,-1.4897960133022732,-1.514056420326233,4.291087388992309e-05,0.00100000087533974,0.002241499264103671,0.04144070999075969,6.398563215467664
580,-2.0542698041448055,-2.0546628529170774,-2.0593125032928756,0.00039304708534816527,1.0,0.001000001156737782,0.002099555313042453,0.05126761761054678,4.082625078705122,-1.4658561375406052,-1.4659008569187588,-1.4935483667585585,4.471763968467712e-05,0.001000000810664561,0.0020200300651292006,0.03966126655124956,6.4006281958686
581,-2.066102585702572,-2.0664257890773268,-2.0824071573761276,0.00032319543215463746,1.0,0.0010000014444813132,0.002369316198142632,0.05616333182760567,3.9808971679435587,-1.3983544071515404,-1.3983884188863966,-1.4260858244366117,3.400585717625088e-05,0.0010000008210125897,0.0018485665942231813,0.0356967437081039,6.59190051820543
582,-2.045652171350875,-2.0459376888455085,-2.030289152883134,0.0002855150345361458,1.0,0.0010000017981203098,0.0020202795693756276,0.044300582927634134,4.199061506199387,-1.4218742145432368,-1.4218967278798422,-1.4549076212777032,2.250861790445116e-05,0.0010000010900613335,0.0019600775506761338,0.037254866378174885,6.443807941012914
583,-2.0224729326536073,-2.0228936289841273,-2.020400144019217,0.00042069134003711197,1.0,0.0010000017783516702,0.0021295671522582197,0.050830556888063,4.4291134645354076,-1.434644243452284,-1.4346771054797702,-1.4639668650097317,3.286293811268277e-05,0.0010000012452817625,0.0023362997013868557,0.04734405453006427,6.738306501176622
584,-1.9810450836172644,-1.9814017510639046,-1.9717647967473515,0.00035665163172865814,1.0,0.0010000018925704764,0.0027398459156447986,0.07176999522829955,4.77283423801638,-1.4159533050325182,-1.4159782436158923,-1.4460423853662279,2.4934692515267267e-05,0.0010000009193188615,0.00202164554502815,0.04020191520038578,6.490788269042969
585,-2.037685553982573,-2.0379348206070236,-2.0307779087210602,0.00024926795993211135,1.0,0.001000001543324511,0.0020512871154285263,0.050839480434386235,4.2754091001906485,-1.3108464386728076,-1.3108683824539185,-1.3433119257291157,2.1944608953264023e-05,0.0010000009348409044,0.002102389745414257,0.04396311270280017,6.906174151102702
586,-2.005178984606041,-2.0054275787101603,-1.9987117996755637,0.0002485988134483121,1.0,0.001000001868408806,0.0025074833801965106,0.06577215382372434,4.605042223660451,-1.4407385177082486,-1.4407587223582798,-1.4735384000672234,2.0208706458409628e-05,0.0010000012789128554,0.0022393699243871703,0.04432063636680444,6.603014511532253
587,-2.0295910587850607,-2.029894801805604,-2.0313815980587364,0.0003037383112142671,1.0,0.0010000018530331974,0.0023061112865348753,0.06510008774908646,4.26065398162266,-1.3531971785757275,-1.3532185130649144,-1.3834679749276904,2.1333744128545126e-05,0.0010000008184255825,0.001869869480530421,0.036692281522684625,6.638479550679524
588,-2.029975133122138,-2.030267117158422,-2.028564214706421,0.0002919827008022452,1.0,0.0010000016926875654,0.0020906446163349275,0.04770857259139137,4.275456338558557,-1.421513941552904,-1.4215367370181613,-1.457073289818234,2.279430627822876e-05,0.0010000011236924265,0.002023943710244364,0.03938958668667409,6.498438496059841
589,-2.0641739233484806,-2.0644141638054037,-2.056406747620061,0.00024024622057968714,1.0,0.0010000017454039375,0.001996249116447596,0.04511375377341261,4.1022941571361615,-1.4300267616907756,-1.4300443079736498,-1.464864092402988,1.7551001575258043e-05,0.0010000012219986982,0.0020012284913617706,0.039670950474424496,6.4012029965718575
590,-2.0473182088923902,-2.04764893819701,-2.042849502473507,0.0003307316241399297,1.0,0.0010000017410109066,0.0020324552084653165,0.05048224697205818,4.1546232835301815,-1.4692829118834605,-1.469309115409851,-1.4948163933224148,2.620642383893331e-05,0.001000001253042784,0.0021323604716195,0.0468438145187166,6.41717971165975
591,-2.019269918495754,-2.0195734433408052,-2.006405776401736,0.00030351549668132137,1.0,0.0010000019628589726,0.0023672534350551804,0.06150299310684204,4.5488164289942326,-1.2638424396514893,-1.2638745466868082,-1.2823366655243769,3.2100826501846313e-05,0.0010000011961286267,0.0023039955619929566,0.05211607484767834,7.41167974472046
592,-2.0204404682483315,-2.0207246294561423,-2.0207789101690614,0.000284170204738401,1.0,0.0010000019694485192,0.0022481532508226215,0.059602038196797644,4.322898977207688,-1.3022444221708507,-1.3022683090633815,-1.328728230794271,2.388705809911092e-05,0.001000001136627462,0.001930485916737881,0.03870542728238636,6.878443823920356
593,-1.999852790022796,-2.0001412810019725,-2.0036982185435743,0.0002884843720580047,1.0,0.0010000019584659417,0.0030941206496208906,0.07962904568269567,4.439117481123726,-1.2782617118623525,-1.2782992760340373,-1.3018531269497342,3.7563426627053156e-05,0.0010000010874743263,0.0019497913722362782,0.036757476234601606,7.035628467135959
594,-2.0406517712575085,-2.0410425078194097,-2.0323919102830708,0.0003907454885401816,1.0,0.0010000019540729107,0.0021273919253803368,0.051785399328987555,4.234253474001615,-1.4045548068152534,-1.4045912954542372,-1.4359949125183953,3.64830924404992e-05,0.0010000010616042548,0.001910137987902595,0.03538846221442024,6.3976685100131565
595,-2.0727695743992642,-2.073093837162234,-2.068381185801524,0.0003242661368172124,1.0,0.0010000018112994028,0.0018977721085561053,0.041937681125863546,3.98486653813776,-1.2893511520491707,-1.289371305041843,-1.3186416069666544,2.015233039855957e-05,0.0010000010564302404,0.0018850770158072314,0.03653194463501374,6.882082769605848
596,-2.0741191337693414,-2.0743562230524026,-2.0847305059432983,0.00023708984536944695,1.0,0.0010000018332645578,0.0018633828269985487,0.04230787460955809,3.878118434042301,-1.333370215362973,-1.333390646510654,-1.364706536134084,2.0425021648406983e-05,0.0010000011469754907,0.0018357154758026203,0.03440246572718024,6.541674709320068
597,-2.036661184058999,-2.0369408423045896,-2.0322880677457125,0.0002796439770257698,1.0,0.0010000022088687093,0.002173170785612936,0.04932080251428316,4.2786404771624875,-1.4158492459191216,-1.4158791528807746,-1.4445180747244093,2.990182903077867e-05,0.0010000010719522835,0.002175790415559378,0.05087861983726422,6.711367734273276
598,-2.0790518994601266,-2.0792671329570265,-2.0836303031669474,0.00021524425103979292,1.0,0.0010000017519934841,0.0018837225210483906,0.043587229161892296,3.8553667608297095,-1.2788382662667168,-1.2788623438941107,-1.314591450161404,2.407141857677036e-05,0.001000001082300312,0.0018638228506056799,0.03671975288954046,6.993650436401366
599,-2.0622248267227747,-2.0624658679062464,-2.061724743753109,0.00024103738789288504,1.0,0.0010000019694485192,0.001972738853304313,0.04739198339927309,4.047156900729773,-1.1449186603228252,-1.1449422121047974,-1.1668575975630018,2.3552444246080187e-05,0.00100000096588499,0.001899007780270444,0.03882557228207588,7.618429904513889
600,-2.060794279260455,-2.0610482220379813,-2.0582288638600765,0.00025394151233277233,1.0,0.001000002028754438,0.002098413597230079,0.054644954531400836,4.121597928820916,-1.4325538953145343,-1.4325757053163317,-1.4682901157273187,2.1803296274609034e-05,0.0010000010383211903,0.0018280785582545731,0.034052931682931054,6.203376060061985
601,-2.0095143610576414,-2.0098458640980272,-2.0169683402439333,0.00033151028010080445,1.0,0.0010000023516422173,0.0023467361175824168,0.0700917022197314,4.398994981117968,-1.3782337572839523,-1.3782589382595487,-1.4097593002849156,2.518966794013977e-05,0.0010000013565230701,0.002250726619321439,0.051486718447672,6.951909679836698
602,-2.045735197247199,-2.0460401436067976,-2.0440084124511144,0.0003049360974779669,1.0,0.0010000016970805965,0.0022379454677783936,0.054913558101035514,4.193223980237853,-1.5193631582789953,-1.5193959673245747,-1.5456013705995348,3.281128075387743e-05,0.001000001079713305,0.0019577822958429655,0.037547853423489465,6.093450726403131
603,-2.062441054380165,-2.062698139334625,-2.072837915060655,0.00025709121013587374,1.0,0.0010000017497969686,0.001986907625939908,0.04555688700023687,3.959500789642334,-1.416135181321038,-1.416159619225396,-1.4415493620766533,2.4443533685472276e-05,0.001000001134040455,0.001909701976304253,0.04242778081032965,6.455067740546332
604,-2.107027753344122,-2.107232408703498,-2.107838288793024,0.00020463877129104903,1.0,0.001000001760779546,0.001848067321709164,0.04259074690206995,3.7572534264258617,-1.3932613253593442,-1.3932847830984327,-1.4230115718311733,2.346320284737481e-05,0.0010000010900613335,0.0017065864082218872,0.03277931495880087,6.275078264872233
605,-1.993627611196266,-1.9939467479597848,-1.981022537879224,0.00031913887217359724,1.0,0.001000002450485415,0.0026148275784128963,0.06683250825922445,4.707027183388764,-1.3518269962734648,-1.3518580039342245,-1.3872103850046793,3.1001120805740354e-05,0.0010000015298525491,0.0022984917767138943,0.05189603552636173,6.86127322514852
606,-2.0288462908762805,-2.029132253718826,-2.027665729792613,0.0002859757053402235,1.0,0.001000002041933531,0.002252656296510601,0.05816954184534415,4.250996058841921,-1.2118934207492407,-1.2119154228104485,-1.244892746872372,2.200818724102444e-05,0.0010000009839940401,0.0020132330582580634,0.040803885128762984,7.273925442165799
607,-1.9816350547139936,-1.9819754852368585,-1.977664635499131,0.00034044331537102753,1.0,0.0010000017563865152,0.0036007178626638256,0.08823897622806846,4.894018483611773,-1.4499279061953225,-1.449975723690457,-1.4751929336123997,4.781625337070889e-05,0.0010000009426019258,0.002100676556842195,0.04422317275570498,6.411096572875977
608,-1.9621112189202938,-1.962434617978222,-1.9525799571343188,0.0003233928022519597,1.0,0.001000001925518209,0.0024643009352796484,0.05957507057431734,4.744259874775724,-1.4001797503895228,-1.4002132164107428,-1.4208355572488574,3.346105416615804e-05,0.0010000011055833764,0.0023697013914999033,0.05179654324634208,6.883897039625379
609,-2.065378094619175,-2.0657183426731036,-2.058885799264008,0.00034026000297294475,1.0,0.0010000013807823635,0.0020903955512451677,0.049964326873140515,4.0809180826511025,-1.4960791601075065,-1.4961102962493897,-1.523839897579617,3.1144585874345564e-05,0.0010000009555369616,0.002029980217210121,0.0454226666647527,6.251214875115289
610,-2.0441905350055336,-2.044579672363569,-2.0373321209313735,0.0003891322972639552,1.0,0.0010000018332645578,0.00219389501045335,0.055977577097573374,4.219045378127188,-1.4797424316406251,-1.479799579249488,-1.5081464780701532,5.715919865502251e-05,0.0010000009012098114,0.002041916934669846,0.04224794784353839,6.287562825944689
611,-1.990492025073969,-1.990962489314799,-1.9833960049557235,0.000470460445251105,1.0,0.0010000018003168253,0.002322542623897909,0.05542466320308312,4.433527204225648,-1.439488738112979,-1.4395311660236783,-1.4661185450024075,4.2418142159779865e-05,0.001000000963297983,0.0020666084019467235,0.04432605707810985,6.366230297088624
612,-2.060176559214322,-2.06048403146132,-2.0628793082147276,0.00030746219574280504,1.0,0.001000001681704988,0.002049270988758302,0.04478941112756729,4.063450259982415,-1.4726246449682445,-1.4726477265357971,-1.5013751559787327,2.3074282540215385e-05,0.0010000009529499544,0.0019096081222717961,0.03471105316032966,6.111329216427273
613,-1.9862864382283867,-1.986554925312411,-1.9947690051400437,0.00026849284768104553,1.0,0.0010000018156924337,0.002515746702281934,0.06832330779365774,4.449254004460461,-1.5370088749461706,-1.5370415382915072,-1.5537458896636962,3.266723619567023e-05,0.0010000016022887494,0.003156245135081311,0.06913830124669605,6.635288683573404
614,-1.9860048136621151,-1.9864472353233482,-1.9819342122887664,0.000442419060558643,1.0,0.0010000018178889492,0.00328573343379177,0.08851484757549358,4.756735590268981,-1.396458327770233,-1.3965090009901258,-1.4246097551451788,5.067495836151971e-05,0.001000000877926747,0.0026264410000294445,0.06243865785913335,6.99680060280694
615,-2.036479119984609,-2.036848675529912,-2.035655914612536,0.00036955976261282867,1.0,0.001000001303904321,0.002323390474490259,0.059240884885613646,4.1774936352136,-1.2597638408343,-1.2597971306906806,-1.276281193892161,3.328348199526469e-05,0.001000000740815368,0.0019113686116826202,0.03654575527956088,7.146417999267578
616,-2.009903979751299,-2.0102411980898873,-2.004212936140456,0.00033721426185571925,1.0,0.001000001743207422,0.002529998490024569,0.07788497875532452,4.508462838406833,-1.529038925965627,-1.5290775683191087,-1.5586959600448609,3.8637386427985296e-05,0.0010000010693652763,0.0022553132536510625,0.04920825912720627,6.122327295939127
617,-2.093876789200981,-2.094066302731352,-2.0962417980410017,0.0001895209106634248,1.0,0.001000001330262507,0.0019108550732885048,0.041520778687213954,3.783034068233562,-1.3493227971924677,-1.3493413832452563,-1.3704293900065951,1.859126819504632e-05,0.0010000008727527327,0.0018825457845297125,0.03827518499973748,6.667583497365316
618,-2.0399612908093436,-2.040185035399671,-2.0448041097173153,0.00022373594484239256,1.0,0.0010000017366178756,0.0019715462288520526,0.04333104918939325,4.135282826873492,-1.4475618415408664,-1.4475795321994358,-1.473794530497657,1.769454942809211e-05,0.0010000012401077483,0.002012164078445898,0.0397653338395887,6.293887011210123
619,-1.8843899762855385,-1.8846540046188067,-1.8720940368355445,0.0002640376816380699,1.0,0.0010000022044756784,0.00384765274972075,0.09180630956126272,5.260186438290578,-1.2972173704041374,-1.297257501549191,-1.3141046312120226,4.013114505343967e-05,0.0010000025103282597,0.012905264118065437,0.37084306677182516,9.437439293331572
620,-1.8935769638925228,-1.8939817536551997,-1.8827977090511683,0.00040479081700432973,1.0,0.001000001907946085,0.006076672878819254,0.1981682890569264,5.321199655532837,-1.4154974513583716,-1.4155376540289986,-1.4471443268987867,4.020647870169746e-05,0.001000000350177288,0.002098990648260547,0.043653603974315856,6.476716158125137
621,-2.0127266825370067,-2.0129833603804967,-2.015740248392213,0.0002566804441640962,1.0,0.0010000008558151575,0.003512226455880083,0.08706225507523653,4.487155747863482,-1.5312546147240533,-1.53129893011517,-1.5576262050204808,4.431356986363729e-05,0.0010000005442028245,0.0021464423612794943,0.042738449118203584,6.0797369639078775
622,-1.9707233759592164,-1.9709835940936826,-1.9720841466255907,0.00026022354668041444,1.0,0.0010000010161607894,0.003005670203458307,0.07895216184123507,4.833127768534534,-1.4476817846298216,-1.4477157195409138,-1.4696948064698114,3.3934745523664684e-05,0.0010000010098641118,0.0033453392951438825,0.07874102751827902,7.043296199374729
623,-2.018455518866485,-2.018747529893551,-2.0127777963314415,0.00029200364677411207,1.0,0.0010000012380088556,0.002460786473129015,0.07197795353197264,4.414381544545011,-1.5473497708638504,-1.547381375895606,-1.5754942960209317,3.159799509578281e-05,0.0010000010227991475,0.002616751274197466,0.06291235730879836,6.200665993160672
624,-2.0731269526031784,-2.0733892445294364,-2.068702924926326,0.0002622894661606483,1.0,0.0010000013258694759,0.0020362671908377757,0.049733942954467154,3.9853948242259474,-1.4823295791943865,-1.482349885834588,-1.5140039443969726,2.031284901830885e-05,0.0010000009193188615,0.0021870433404627774,0.05260289039255844,6.133847194247776
625,-2.047883636546585,-2.0481587423468537,-2.043238689314644,0.00027509954459262344,1.0,0.0010000016465607398,0.002670135652154403,0.08314161320691402,4.252148655225646,-1.363637457953559,-1.3636692961057026,-1.3970482812987433,3.184485766622755e-05,0.0010000008727527327,0.002059480154679881,0.04514277583609025,6.72605635325114
626,-2.052277663968644,-2.0525070653771453,-2.0557284670056037,0.00022940105705891015,1.0,0.0010000017234387825,0.002295008225735488,0.056718472145357225,4.11134169236669,-1.4988747927877635,-1.4988936728901334,-1.5254214339786105,1.887712213728163e-05,0.0010000010383211903,0.0020318244609774817,0.043420329959028295,6.124109840393067
627,-2.0830569042349762,-2.083340012802268,-2.089379180152461,0.0002831044905590561,1.0,0.0010000015630931506,0.00190851350429134,0.04395414261533966,3.858464259021687,-1.3836327764723038,-1.3836611204677158,-1.4147868871688842,2.834283643298679e-05,0.0010000010952353477,0.0019219248581470714,0.0415628287423816,6.463207160101997
628,-2.0422794391524115,-2.0425841133549527,-2.0484520894176557,0.00030467856042789963,1.0,0.001000002107828996,0.0028593733441084623,0.06758564183453344,4.289687674000578,-1.5127107673221163,-1.5127332594659593,-1.5520727475484213,2.249338560634189e-05,0.001000001390154163,0.002047569012372858,0.041627638259281716,5.939875888824463
629,-2.104084455742026,-2.104341241548646,-2.1031691128352903,0.00025679620931733327,1.0,0.0010000016311851312,0.00184928251535825,0.03901054544971799,3.7776139097393684,-1.3588010364108614,-1.3588398178418477,-1.3847493357128566,3.87797753016154e-05,0.0010000009400149186,0.0019091766870891055,0.03657384226098657,6.469125949011909
630,-2.0869278457929505,-2.0872593038486986,-2.0819199062743277,0.0003314500428595633,1.0,0.0010000017629760616,0.0018419053159513562,0.04006352862518913,3.9390930184778177,-1.4727770937813651,-1.47284461789661,-1.4989055726263258,6.752188007036845e-05,0.0010000011987156337,0.0018159953204707968,0.03878862641544806,6.089172532823351
631,-2.1083603467581407,-2.108582127769038,-2.117358976939939,0.00022179042955614486,1.0,0.0010000018244784958,0.0018790671975299153,0.05025082389068491,3.7480402802521326,-1.34314323398802,-1.3431823584768507,-1.368015824423896,3.9113726880815293e-05,0.0010000010460822118,0.0018470235763945514,0.03750873953104019,6.527347373962403
632,-2.054473834217719,-2.054780953335312,-2.0585831538686215,0.00030711447855211654,1.0,0.0010000020199683757,0.0022096566653828013,0.059864495178016855,4.128872466537188,-1.4620138406753542,-1.4620512207349141,-1.4871369494332207,3.738047348128425e-05,0.0010000012064766554,0.001885239808406267,0.03978832254393233,6.204427644941543
633,-2.0692763733413986,-2.0695277744869016,-2.072536333551947,0.0002514065577174133,1.0,0.0010000022835502365,0.0022511144041277046,0.06289991088000671,4.027138147714003,-1.5019564006063673,-1.5019842717382643,-1.5323583470450508,2.7870221270455256e-05,0.0010000012840868698,0.001953893874047531,0.03833805694141322,6.023830975426567
634,-2.0675178844973727,-2.067849504497816,-2.0691044088804498,0.00033163173862223356,1.0,0.0010000022571920505,0.003073443882694503,0.07267863990492979,4.253304625457188,-1.4688849329948426,-1.4689918941921658,-1.4957733498679266,0.00010695954163869222,0.0010000010383211903,0.0020769142856200537,0.0411887453455064,6.093200789557562
635,-1.648015024527064,-1.6483957182686284,-1.6551005435439776,0.00038068340915553973,1.0,0.001000003304929947,0.006420118053320725,0.21865604114982318,6.163954730303782,-1.4618037422498067,-1.461855987707774,-1.4804967761039733,5.224446455637614e-05,0.0010000005442028245,0.0026097917308410008,0.05225435892740885,6.68481478161282
636,-2.00956743168381,-2.010176623767277,-2.007328801559952,0.0006091956681800339,1.0,0.0010000008074918165,0.0034834296543608013,0.08381897140786333,4.698921662456584,-1.520228836271498,-1.5202831798129612,-1.5487395962079367,5.4345114363564384e-05,0.0010000005752469102,0.0023450345473570956,0.0505594627931714,6.253249390920003
637,-2.062456436876981,-2.0627946111391173,-2.062494887495941,0.0003381714505969353,1.0,0.0010000007591684753,0.002091877265692741,0.05994163335845718,4.023610407451414,-1.3684712635146246,-1.3685174783070881,-1.4002186934153238,4.6211149957444935e-05,0.001000000572659903,0.0020854774759047562,0.043429519412004285,6.7387158923678925
638,-2.117173026192863,-2.1174427945658847,-2.119054211760467,0.00026977701850657194,1.0,0.0010000009766235104,0.001800116533764972,0.04154036413737625,3.6362280710688175,-1.218413253625234,-1.2184387339486016,-1.2526934173372057,2.5479412741131252e-05,0.0010000006321610677,0.0017934308102768328,0.037566616086082326,6.98114988538954
639,-2.0777113685068094,-2.0779401266349935,-2.0777346255644313,0.0002287523645275044,1.0,0.001000001369799786,0.0019166238676264602,0.04704906868765939,3.9887924959074774,-1.4096676694022283,-1.4096987154748706,-1.4354074954986573,3.104110558827718e-05,0.0010000009995160832,0.002073155884217057,0.04588334086454577,6.455979781680636
640,-2.0808958017601156,-2.081114024486182,-2.085648280269695,0.00021823776780434374,1.0,0.0010000015850583055,0.0018742184444629358,0.04441543273135738,3.8919003864504256,-1.4651579909854464,-1.4651845110787285,-1.4962515354156494,2.6512394348780315e-05,0.0010000013823931416,0.002123757200832996,0.04957350221359068,6.2637613084581165
641,-2.0671323965180597,-2.067356082628358,-2.0720417072188178,0.0002236834393357331,1.0,0.0010000018706053215,0.0022056500980946817,0.0535410469187037,3.9886066958589375,-1.4292600128385757,-1.4292804492844475,-1.4534552269511753,2.043834990925259e-05,0.0010000011055833764,0.001917346088319189,0.03799646552652121,6.276038063897027
642,-2.060249294874803,-2.0605094320369215,-2.0581902310533344,0.00026014461269918476,1.0,0.0010000018025133406,0.0019948863433146813,0.0502436664658335,4.065172946678017,-1.4740190267562867,-1.4740494357215033,-1.5015772183736165,3.0407475100623236e-05,0.0010000013047829271,0.002030967553663585,0.04253033326110906,6.187395551469591
643,-2.105933832672407,-2.1061702336905137,-2.102386366646245,0.00023640397022355278,1.0,0.0010000018200854647,0.0018181808156681792,0.04403047982322158,3.760711391017122,-1.4264323115348818,-1.4264508141411676,-1.462484602133433,1.8510884708828397e-05,0.0010000010926483405,0.0017543117101821634,0.03429024952153365,6.157798120710584
644,-2.105275975083405,-2.1054594246846325,-2.1026610136032104,0.00018343786304851747,1.0,0.0010000018376575888,0.0017562635937037896,0.040947347150166645,3.800336810777772,-1.406293925974104,-1.4063148114416335,-1.435220472017924,2.088116274939643e-05,0.00100000133841402,0.0018315643874100512,0.03977797819922368,6.3926163885328515
645,-2.051452357813997,-2.051670015982862,-2.0619161803767367,0.00021764706328230085,1.0,0.0010000023758038878,0.0019198180163138598,0.04724683886710203,4.018562420359197,-1.41010908153322,-1.4101292888323467,-1.4442755699157714,2.0208872026867335e-05,0.0010000016747249497,0.0019084560038107965,0.03836813630122277,6.353304047054715
646,-2.010061220178064,-2.01046241004512,-2.020599553045237,0.00040118965619015244,1.0,0.0010000024922192097,0.006543644517220838,0.13662495975435343,4.7303398780103,-1.4264526340696548,-1.4265320950084261,-1.4583617515034146,7.946126990848118e-05,0.001000000945188933,0.0017988495425217681,0.03361652031954792,6.066696389516194
647,-2.080598675979758,-2.0808725671948127,-2.0761126009923108,0.00027391244218034563,1.0,0.0010000017893342476,0.0018380090994057508,0.03820455880870797,3.865208823725862,-1.4314479947090148,-1.4314785414271884,-1.4551047205924987,3.054870499504937e-05,0.0010000012245857054,0.0017908199560931987,0.035413566945741576,6.249505276150174
648,-2.0823719861372463,-2.0826739815046205,-2.086290791349591,0.0003019976166059386,1.0,0.0010000018200854647,0.0020136267654070595,0.052215452938569044,3.90764597676835,-1.4287261909908717,-1.428762854470147,-1.4548349168565538,3.6663893196317884e-05,0.0010000011029963692,0.0018924777706464133,0.04220954084561931,6.254809697469076
649,-2.075031854071707,-2.075258623878911,-2.069093346595764,0.00022677964759322831,1.0,0.0010000019628589726,0.0019125656822239453,0.04440252228095284,3.9985855480410017,-1.3800718598895603,-1.380101584063636,-1.4099282171991137,2.9722187254163955e-05,0.0010000014134372273,0.0018433649558573962,0.03719817586243153,6.504722340901694
650,-2.0992536882184587,-2.0995755263094633,-2.0934724920200853,0.00032185573341711514,1.0,0.0010000019694485192,0.0018800914217278642,0.04445307183448436,3.865522969443843,-1.411897591749827,-1.4119260642263625,-1.4406348758273655,2.846957908736335e-05,0.0010000012582167983,0.001740739031487869,0.03502957246576746,6.143895191616481
651,-2.061050850265431,-2.061374507985025,-2.059452340287982,0.0003236401474700784,1.0,0.001000002268174628,0.001986863649502959,0.04457371838320539,4.093544280753945,-1.396360802650452,-1.396390888426039,-1.433580493927002,3.0083788765801324e-05,0.0010000018765115076,0.002261076515747441,0.04800458670490318,6.758996645609538
652,-2.031534359140216,-2.031768065578533,-2.0320282522237525,0.00023371487293603286,1.0,0.001000002281353721,0.0020246214852756204,0.045796261819184954,4.222006509888847,-1.410203456878662,-1.4102299213409424,-1.4405958069695366,2.6467276944054497e-05,0.0010000015971147352,0.0020675120073267157,0.04326950427558687,6.505714405907526
653,-2.0835327044972836,-2.083767276889873,-2.0756856540464006,0.000234584833653468,1.0,0.0010000021869035543,0.0019911677919257926,0.05484766764390581,3.9534823669577546,-1.487341120507982,-1.4873658776283265,-1.5150074866082934,2.476755115720961e-05,0.0010000012582167983,0.0017455762769613,0.03157857363629672,5.9709596316019695
654,-2.088747256207016,-2.0889864372757248,-2.0946011205889143,0.00023916764360553812,1.0,0.0010000018003168253,0.0018721677666037994,0.04690812145061088,3.8766238149606957,-1.3990104542838204,-1.3990387161572775,-1.4246361321873136,2.826361192597283e-05,0.0010000013513490557,0.0019389472824210923,0.04023279382122887,6.429961405860053
655,-2.066032104897049,-2.066243455095111,-2.0667912262790606,0.00021135054950444204,1.0,0.001000002801927896,0.004355627114287103,0.09480836998038697,4.283011958284198,-1.4229607542355855,-1.422998599211375,-1.443563579188453,3.784621755282084e-05,0.0010000009839940401,0.0018742712887210979,0.03892975752759311,6.298485385047064
656,-2.082091396709658,-2.0823283150510967,-2.083555223806849,0.00023693057163706366,1.0,0.0010000014378917666,0.003651125975972358,0.08628677519670916,4.0695792594045965,-1.446309110853407,-1.4463354839218987,-1.4758454230096605,2.6383250951766967e-05,0.0010000008210125897,0.0017569818870267935,0.03559404667466879,6.097573555840386
657,-2.114847367664553,-2.1150811505767533,-2.1169561462582283,0.00023377468844629684,1.0,0.0010000012775461347,0.002001652766440837,0.04984131871880788,3.7635337136826426,-1.394213619497087,-1.394243257575565,-1.4164337793986002,2.963898910416497e-05,0.0010000007899685038,0.001617386334368752,0.029067391788380012,6.131805631849502
658,-2.0940951041455538,-2.0946732781968027,-2.091925857202062,0.000578179252597521,1.0,0.0010000014752325303,0.0017760272603482008,0.04118125163510723,3.8250046945967764,-1.3867974718411764,-1.3868443343374464,-1.4224113384882608,4.686017831166585e-05,0.0010000010693652763,0.0018021173231924574,0.034852156539758046,6.22653440899319
659,-1.9766593209977419,-1.977094626932774,-1.976612848774442,0.00043530755166737537,1.0,0.0010000023780004034,0.0037562397906099852,0.11532967783651261,4.700528959058365,-1.5263750924004449,-1.526424052980211,-1.5478596104515923,4.896803034676446e-05,0.0010000012038896481,0.002060783230182197,0.03850324059733086,6.014775530497233
660,-2.0621302082853497,-2.0624220078846194,-2.060193032588599,0.0002917980529227347,1.0,0.0010000015652896661,0.002003104696138147,0.04486507541095873,4.080769804288757,-1.3868964764806957,-1.3869502094056871,-1.4201144218444823,5.37239842944675e-05,0.0010000011314534479,0.0019153359449572034,0.04039304413729244,6.5003987206353075
661,-2.074096621207471,-2.074390098733722,-2.0750884514934613,0.00029346339826313953,1.0,0.001000001907946085,0.0020407898755708956,0.049178325096672436,3.9701114780498,-1.345072611172994,-1.3451416810353598,-1.3734386086463928,6.9072511461046e-05,0.0010000011443884837,0.0018107766182058388,0.034385411420630084,6.54171511332194
662,-2.0170722963675014,-2.0174314795799977,-2.020320733763137,0.00035917618364657994,1.0,0.0010000020199683757,0.002197096332960393,0.05876431129169914,4.212887269146037,-1.4560513297716777,-1.4560849520895216,-1.4764938592910766,3.3627781603071424e-05,0.0010000012944348985,0.002068177752921151,0.04248661771416664,6.41735954284668
663,-2.025251469522152,-2.0258768234612807,-2.0185572853628195,0.0006253586484576172,1.0,0.0010000019848241278,0.0022227080771699548,0.05770892087581023,4.305958167561945,-1.3832523849275375,-1.383309292793274,-1.4139155586560568,5.6907782951990767e-05,0.0010000012090636624,0.002058324652413527,0.04402276910841465,6.517199336157905
664,-2.09473366332504,-2.0949929727698273,-2.0918992150504634,0.0002593020644952666,1.0,0.001000001587254821,0.0018951842245065941,0.0453907859880688,3.8139870886532767,-1.4612698025173612,-1.4612955080138312,-1.4929265472624036,2.570839391814338e-05,0.0010000011055833764,0.0018112472025677562,0.03927204535446233,6.048133118947347
665,-2.032388300265906,-2.0327321178508253,-2.0325852767476498,0.0003438159682840671,1.0,0.001000001773958639,0.0020987314176482133,0.050874276104260166,4.229661730100524,-1.519755854871538,-1.5197840068075392,-1.5476717313130697,2.8152184353934395e-05,0.0010000013798061344,0.001976957746470968,0.03903359078491728,5.9433895005120165
666,-2.0928682898575404,-2.0930847604319736,-2.0957682919952103,0.00021648702194105904,1.0,0.0010000018749983523,0.0020112351729657573,0.05335082839471551,3.829475164413452,-1.3163917276594377,-1.3164156079292297,-1.3487213995721605,2.387579944398668e-05,0.0010000009839940401,0.0017108566050107281,0.030998125310159393,6.416780704922146
667,-2.0948218197192787,-2.0950099072366393,-2.09378786356944,0.00018807064812138396,1.0,0.0010000017322248445,0.0017162188821700664,0.03614019265152373,3.8318424269838154,-1.4064614137013753,-1.406485378742218,-1.4374397675196329,2.394873234960768e-05,0.0010000012608038056,0.0018812229003136356,0.04419821080648237,6.409059323204887
668,-2.060833213464269,-2.0610539260900245,-2.0552322976994066,0.00022071382065988937,1.0,0.001000002237423411,0.0021103116406900983,0.061144688693841674,4.121977576669657,-1.3523177954885697,-1.3523489753405253,-1.380986550119188,3.117256694369846e-05,0.0010000013358270128,0.001810546928188867,0.03793209662867917,6.52406317392985
669,-2.044854035917318,-2.0451119733306595,-2.047771541577465,0.0002579481674815124,1.0,0.0010000022044756784,0.0030690633981787373,0.07729674383716763,4.316535382900598,-1.4836116883489818,-1.4836412482791477,-1.5060960504743788,2.956531114048428e-05,0.0010000010616042548,0.0017588514782902267,0.036018518389513095,6.074509917365181
670,-2.1196222080374665,-2.1198421289336005,-2.121820865936999,0.00021992279392368387,1.0,0.001000001530145418,0.0017801330069009706,0.03856686855894777,3.64994984752727,-1.4117043972015382,-1.4117261913087633,-1.4380467732747395,2.1794852283265855e-05,0.0010000009814070331,0.001723544118512008,0.03389783694098393,6.350013404422337
671,-2.0822641680825433,-2.082476651893472,-2.0785498765279664,0.0002124869036224653,1.0,0.0010000021341871823,0.0027313845469352773,0.06961490068022373,4.216658380796325,-1.3877390397919547,-1.387788224220276,-1.4157148361206056,4.9179130130343964e-05,0.0010000011909546123,0.0019680979040761788,0.04059372053792079,6.62593928443061
672,-2.0933061433288285,-2.093563831077432,-2.0963133933409206,0.00025767748648265624,1.0,0.0010000019189286625,0.0022118657405646343,0.06065658200532198,3.8576072476944834,-1.4086866961585152,-1.4087073869175382,-1.4469032486279805,2.0702679951985676e-05,0.0010000012142376768,0.0018428500974550844,0.0345433323437141,6.1955721537272135
673,-2.0494461576893643,-2.049743465657504,-2.042261910888384,0.0002972894822651485,1.0,0.0010000019958067053,0.002731362917847088,0.07749291969779527,4.23731241136227,-1.4286873512797884,-1.4287233736779954,-1.4594993246926202,3.601635495821635e-05,0.0010000011624975336,0.001870923554007378,0.03807242201227281,6.218989827897815
674,-2.0390840273983075,-2.039303721122022,-2.0401320614904725,0.00021969505919600433,1.0,0.0010000019299112402,0.0021052428341101644,0.0623534042563922,4.213165526120168,-1.331102442741394,-1.3311267667346531,-1.3609503653314379,2.4319605694876777e-05,0.0010000013979151845,0.001999515799495081,0.04142248731934362,6.711309305826822
675,-2.0804426445151276,-2.080647034465142,-2.0886909849238844,0.00020439290213135054,1.0,0.0010000019782345812,0.001966089607690865,0.048076482085546234,3.8738833373447634,-1.461125527487861,-1.4611496448516845,-1.4848984214994643,2.4119185076819525e-05,0.001000001253042784,0.0016875412910141879,0.03082632569389211,5.949914667341444
676,-1.930723860016409,-1.9310419520117201,-1.939792978594888,0.000318103311759121,1.0,0.0010000024812366322,0.003251014885773777,0.09931566921185772,4.896901567027254,-1.5510344081454808,-1.5510729259914822,-1.5765981568230523,3.8516769806543985e-05,0.0010000011107573906,0.0021815726611142355,0.045201176404953004,5.892513105604383
677,-2.1179080706722333,-2.118105762409714,-2.1172845161186076,0.00019769960979245743,1.0,0.0010000013324590225,0.0017840476236569713,0.040772460910649795,3.6291478804822237,-1.418373163541158,-1.4183952384524876,-1.4445596588982477,2.2070523765352037e-05,0.0010000009348409044,0.0017272326655478941,0.03158576522643367,6.069969971974691
678,-2.0590122825694532,-2.0596434462745234,-2.061278417425336,0.0006311882357552366,1.0,0.0010000016355781623,0.002331180612222766,0.05653063371285515,4.1057715011092855,-1.4888003375795154,-1.4888340817557442,-1.5187266720665826,3.3750136693318686e-05,0.0010000010227991475,0.001852975283852882,0.035259582971533136,6.071035681830511
679,-2.1169883237694793,-2.11724513431765,-2.123938389544217,0.0002568338136627989,1.0,0.001000001356620693,0.001848089218772245,0.04162231460213661,3.6222660721472972,-1.3831239965226916,-1.3831429481506348,-1.4078112721443177,1.895659499698215e-05,0.001000000914144847,0.001599049133559068,0.027106545120477676,6.1387495676676425
680,-2.057564323803164,-2.0578437323840157,-2.051247756436186,0.000279416874894556,1.0,0.0010000018178889492,0.0021667530110000438,0.05746859419247452,4.202075724331838,-1.4406262411011592,-1.4406489319271512,-1.470337618721856,2.26860245068868e-05,0.001000001421198249,0.0017785489041772153,0.031029294524341822,6.241762850019667
681,-1.9674074987195573,-1.9677102543273062,-1.9606717869920551,0.0003027520933241214,1.0,0.001000002619617109,0.0027788350674903617,0.07945498549994433,4.777012802519888,-1.3856160269843205,-1.3856497685114542,-1.413228698571523,3.374425901307e-05,0.0010000018894465433,0.0022035004855650996,0.044402981963422565,6.7261808501349565
682,-2.0688117697553814,-2.069120726495419,-2.06645442404837,0.00030896053561624493,1.0,0.001000001894766992,0.0021326369056829586,0.05252682173378625,4.031155581744212,-1.4012842310799494,-1.4013135698106554,-1.4268382125430636,2.934767140282525e-05,0.0010000011211054192,0.00185612461840113,0.032655495870858434,6.411533239152697
683,-2.092940236037632,-2.0931794710879057,-2.0849428716695533,0.00023923898642917848,1.0,0.0010000020067892827,0.0021343971251176212,0.05485163855735423,4.040549872056493,-1.446993381447262,-1.4470230314466688,-1.4797974003685845,2.9660016298294068e-05,0.0010000012297597196,0.001927664656088584,0.04006233444023463,6.160132439931233
684,-2.124883190640863,-2.125098505110111,-2.12630761569401,0.0002153250125219237,1.0,0.0010000016136130071,0.002118407935343402,0.06013924744472189,3.6317552125678874,-1.3547509961658055,-1.3547752128707038,-1.3812847283151415,2.4217615524927776e-05,0.0010000009917550618,0.0016068966748813789,0.029903769120574,6.283206611209445
685,-2.0417739220385283,-2.042024922820757,-2.037531706522096,0.00025099670549608627,1.0,0.0010000019606624573,0.002339883661336916,0.06570472756295272,4.284989451462367,-1.3552192197905648,-1.3552419967121547,-1.3919952154159545,2.2777335511313545e-05,0.0010000013979151845,0.0020177633889640373,0.04838928696182039,6.674227725134956
686,-2.101382464732764,-2.1015719647677438,-2.1018753861481287,0.00018948885910915878,1.0,0.001000001912339116,0.001945084712099073,0.04893111933093026,3.7795869359430276,-1.4750014940897624,-1.4750277227825588,-1.5070814583036634,2.6235315534803603e-05,0.001000001253042784,0.0016463368768907256,0.028487943237026532,5.761631923251682
687,-2.108120511162956,-2.108433136400187,-2.105939417515161,0.00031263339069654357,1.0,0.0010000018618192593,0.0017133374426092178,0.040162677033189334,3.7398139755680875,-1.3128795517815486,-1.31289824379815,-1.3383227798673842,1.869234773847792e-05,0.0010000012763258484,0.0016484204679727554,0.03143636769511633,6.583226172129312
688,-2.0445890269189513,-2.044883617814982,-2.03525285001071,0.00029459307497402406,1.0,0.0010000024790401167,0.0019693962904571926,0.04537438780491082,4.197271823883057,-1.3804282069206235,-1.3804703129662408,-1.4053883406851027,4.2116062508689036e-05,0.0010000018428804147,0.0021870229807164935,0.05019118965913852,6.781355349222818
689,-2.084497143637459,-2.085938704463671,-2.080894079973113,0.0014415594204416815,1.0,0.0010000023538387329,0.0025682346060661213,0.0657369966952587,3.965642848104801,-1.2682714660962424,-1.2683871746063233,-1.3057671149571737,0.00011570387416415744,0.0010000011573235194,0.0016546300690000256,0.03250355805373854,6.5417877621120875
690,-2.014820600455662,-2.0153969436321617,-2.0241020355584487,0.0005763390997670731,1.0,0.001000001934304271,0.002392562459890713,0.06484127698360749,4.305009841918945,-1.4402461595005458,-1.4403326988220215,-1.4657859789000618,8.65371690856086e-05,0.0010000010538432334,0.0018379319769640764,0.03566775081886186,6.344769838121203
691,-2.0056845191514716,-2.0059992333628096,-2.006948915292632,0.0003147063390263971,1.0,0.0010000018464436508,0.0022517072436628194,0.06007849693930936,4.274036605403109,-1.5813759803771972,-1.581427001953125,-1.6008401340908474,5.102347996499803e-05,0.0010000015893537138,0.002500183383623759,0.059813721001976065,6.074296781751844
692,-2.116225687962658,-2.1164515063447773,-2.1264327944449657,0.00022583785203267944,1.0,0.0010000015257523869,0.0018711194488272634,0.0429303682989107,3.6129104101432943,-1.4829220679071213,-1.4829580320252314,-1.5148371696472167,3.596113787757026e-05,0.0010000011236924265,0.0017799188279443317,0.03485553367063403,5.984044869740804
693,-2.0702451872375778,-2.070587290907806,-2.0737831390128947,0.0003421085904229362,1.0,0.0010000016026304296,0.0020519747258216704,0.05312831719177512,3.944148729432304,-1.3956928544574312,-1.3957253177960713,-1.4212860054439969,3.246135181850857e-05,0.0010000011392144693,0.001846409495919943,0.038063051375663945,6.389536910586886
694,-2.046801913459346,-2.047267868833722,-2.0490932756999753,0.0004659408246571163,1.0,0.0010000018925704764,0.00262833780714504,0.07513619655356654,4.194981368082874,-1.4159960428873701,-1.4160385807355245,-1.438845650355021,4.253859321276347e-05,0.001000001066778269,0.0019495192216709256,0.04157295969004433,6.405680974324543
695,-2.1240725292349762,-2.12447493256263,-2.1243964928501056,0.0004023884967812952,1.0,0.0010000014884116234,0.0017659386690213996,0.039198277061277965,3.632814848198081,-1.4218522866566976,-1.4218894256485832,-1.4464785933494568,3.7133279773924085e-05,0.0010000011418014765,0.0017409353361775477,0.036127987348785,6.010392920176188
696,-2.149598733434137,-2.1498148666237884,-2.151024694712657,0.00021613290849721657,1.0,0.0010000016575433172,0.0016141190690006006,0.03248526461703597,3.4552168216345445,-1.3813835859298706,-1.3814086039861044,-1.4193444437450833,2.501209576924642e-05,0.0010000012271727124,0.0016736971757685146,0.03537935083732009,6.277332697974312
697,-2.0980166984054276,-2.0983705295706696,-2.099522556898729,0.000353827158797462,1.0,0.0010000022176547714,0.0017962068745444686,0.044689791171618226,3.820823889858318,-1.310643332534366,-1.3106774979167515,-1.3417423208554586,3.4159587489234076e-05,0.0010000013772191274,0.0016549350874912408,0.030144913194494114,6.429634390936957
698,-2.0832691597488693,-2.0835331430974997,-2.084960750813754,0.0002639935404624579,1.0,0.0010000024175376824,0.0018818492008337998,0.04241493353093008,3.8819152814037396,-1.4377459539307493,-1.4377682248751322,-1.4705470495753818,2.2265232271618312e-05,0.0010000017031820284,0.0020596802364000015,0.0460355534321732,6.201545153723823
699,-2.0495517253875732,-2.0498139093507013,-2.051624979612962,0.00026218248706943585,1.0,0.0010000023845899498,0.0025494621675637252,0.06564296374343476,4.137883721657519,-1.4891609562767876,-1.4891907705201044,-1.5166844566663107,2.981267041630215e-05,0.0010000012401077483,0.0018959665903821588,0.03577964304842883,5.906292671627469
700,-2.108974083414618,-2.1092627408369533,-2.1122002174269476,0.00028864940944707616,1.0,0.001000001721242267,0.0017723421772660793,0.04431132246511725,3.7125614274222896,-1.4095295641157364,-1.4095758424864875,-1.4394661876890393,4.6284000078837076e-05,0.0010000012090636624,0.001807525898847315,0.0353521133462588,6.188920434315999
701,-2.0344247806747005,-2.034657193804687,-2.0273340940475464,0.00023243056153351405,1.0,0.0010000019606624573,0.002359738336208294,0.057210048010467356,4.1585412700221225,-1.4405611369344922,-1.4405937751134237,-1.4734305620193482,3.264041410552131e-05,0.0010000010383211903,0.0018750193192520075,0.036557528945720855,6.101402134365506
702,-2.120969495683346,-2.1211692657110826,-2.1193405029908665,0.00019977333129576918,1.0,0.0010000014840185923,0.0016943391715615707,0.037604814518313365,3.658561126241144,-1.4111030287212794,-1.4111205604341295,-1.4476182010438707,1.752790477540758e-05,0.0010000011806065837,0.001692330495764812,0.030758297929747238,6.074252955118814
703,-2.1241912661858326,-2.124395010606298,-2.141726936934129,0.00020374111690611208,1.0,0.0010000018793913834,0.0017484315091146614,0.04165794382328695,3.517586307705573,-1.4024717847506207,-1.4024901164902581,-1.4379948616027831,1.833322975370619e-05,0.001000001353936063,0.0016676878220298224,0.030509297922253608,6.1303900294833715
704,-2.078832374428803,-2.079144781490542,-2.073808530591569,0.0003124005249086416,1.0,0.0010000022352268955,0.0032587617675264207,0.08315927514208937,4.249120676292564,-1.3619370169109766,-1.3619615210427178,-1.3935110833909776,2.4498750766118366e-05,0.0010000010176251333,0.0018520406524961193,0.037094949641161494,6.4878082805209685
705,-2.036780575536332,-2.036982740996019,-2.0375122562894283,0.00020216363218595397,1.0,0.0010000017827447012,0.0025721625359026046,0.06798602522895583,4.259666897215933,-1.406544078720941,-1.4065595322185092,-1.433383255534702,1.5453580352995132e-05,0.001000001118518412,0.0020419667242094876,0.04740531478698055,6.468731583489312
706,-2.0832345013348563,-2.083421230316162,-2.0823478743715107,0.00018673158198032739,1.0,0.0010000016882945344,0.002034343636313559,0.05756968367001358,3.895520376709272,-1.4048672795295718,-1.4048796600765652,-1.4368749737739563,1.2371440728505453e-05,0.0010000010176251333,0.0018365381595989068,0.0385919679577152,6.199914063347711
707,-2.156802721743314,-2.156934621199122,-2.164974613009759,0.00013190029927019804,1.0,0.0010000015499140576,0.0016345124898197235,0.036378729693099576,3.3515564855539575,-1.4072829551166957,-1.4072955263985527,-1.4311385697788663,1.2566811508602566e-05,0.0010000011521495052,0.0016400391365297966,0.029296579098121986,6.045684496561686
708,-2.131087408875519,-2.1312822688300654,-2.125838115530194,0.00019487696436216247,1.0,0.0010000019145356316,0.0016010551304855155,0.03392477472365465,3.631711851875737,-1.3585691981845431,-1.3585808634757996,-1.396972323788537,1.166769199901157e-05,0.001000001560896635,0.0018039221435578333,0.037562489395754205,6.332293404473199
709,-2.122825249186102,-2.1229713952766276,-2.1166298546881044,0.00014615248677865515,1.0,0.0010000023428561552,0.0017352362980468656,0.04102202541774736,3.6743240671337776,-1.3789514806535508,-1.3789656307962206,-1.4053707838058471,1.4144182205200196e-05,0.0010000017264650929,0.0018938180524855851,0.03879541111075216,6.401721572875976
710,-2.020115020140162,-2.0205084737741723,-2.0175408102431387,0.00039345454776062153,1.0,0.0010000024131446514,0.0028019948084926547,0.07824130636587176,4.479290836262253,-1.4339774568875632,-1.4340011596679687,-1.462987600432502,2.371105882856581e-05,0.0010000015298525491,0.002070748855152892,0.04398276135325432,6.403586514790854
711,-2.113658736336906,-2.1139254974869064,-2.111924261417029,0.0002667655078869946,1.0,0.0010000019672520037,0.0017543556190640578,0.03770805193322166,3.6691001046378657,-1.4450487626923456,-1.4450649552875094,-1.4763465642929077,1.6195492611991034e-05,0.0010000014263722632,0.0017759328009560704,0.03275691421909465,6.07063781950209
712,-2.1357700149967984,-2.136018559617816,-2.1322568385106213,0.000248532531396398,1.0,0.0010000019013565386,0.0016954717235112527,0.03791719857814177,3.5890887638307967,-1.4751340879334345,-1.4751614345444573,-1.508873360686832,2.734876341289944e-05,0.0010000014496553274,0.0016756717426081498,0.028995478608542017,5.735433271196154
713,-2.137307693373482,-2.1374826858628473,-2.138387776770682,0.00017497231656650328,1.0,0.0010000019145356316,0.0016245344271531926,0.03364278112520587,3.535962955007013,-1.340206331676907,-1.3402248620986938,-1.3744848555988736,1.852942837609185e-05,0.0010000014781124061,0.0016160340746864676,0.030286614617539776,6.2337390899658205
714,-2.116384839111904,-2.1165588374407784,-2.1198410582992264,0.00017399853974018456,1.0,0.0010000022901397831,0.0016320795106332538,0.03186841225602998,3.64789339281478,-1.4112374809053212,-1.4112545662456089,-1.440477352672153,1.7087409893671672e-05,0.0010000017678572072,0.0018667397218652898,0.038833571432365314,6.1878305329216845
715,-2.129986450357257,-2.130133473648215,-2.130983721535161,0.00014702111201466255,1.0,0.0010000023494457018,0.0017016541041468955,0.039632823353387275,3.568159319319815,-1.427928427855174,-1.4279424402448866,-1.4587625066439311,1.4014956023957995e-05,0.0010000016566158996,0.0015829866570937965,0.03029084132156438,5.881052695380316
716,-2.1604967454694353,-2.1606552285968132,-2.156288981437683,0.0001584797535302504,1.0,0.0010000022615850816,0.0015822115995622469,0.03417748534384201,3.426916090947277,-1.3582063688172237,-1.3582192699114481,-1.3910438312424553,1.2897948424021404e-05,0.0010000014160242345,0.0015803610052292545,0.030186686437163088,6.202314726511637
717,-2.1194775441907487,-2.1196867879831567,-2.1318219720192677,0.00020925103212302587,1.0,0.001000002367017826,0.0016098739293772938,0.03526196969708182,3.582219974049982,-1.4244079258706834,-1.4244295822249518,-1.45728413661321,2.1665791670481364e-05,0.0010000017549221714,0.0017056724729223383,0.03423656870921453,5.974157820807562
718,-2.0949462944606565,-2.0952116138530226,-2.0916454949468934,0.0002653289516017122,1.0,0.0010000025339530043,0.002413655325928527,0.06200241262339196,3.959933231461723,-1.4399003174569873,-1.4399381399154663,-1.4723941140704684,3.782775666978624e-05,0.0010000012737388412,0.0016323678117866316,0.029645029093242355,5.865418921576605
719,-2.059464402918546,-2.0596252927240335,-2.04264589975465,0.0001608893134683933,1.0,0.0010000023889829809,0.001797338984994534,0.0477695295868336,4.073285093847311,-1.4985976219177244,-1.4986220531993442,-1.5226927757263184,2.4426314565870496e-05,0.0010000017652702,0.002073738056545456,0.039534007902774546,6.171542930603026
720,-2.116447106847223,-2.1166348007490052,-2.1066213238914058,0.00018769242572334578,1.0,0.0010000020836673255,0.0018198899046148894,0.043328339919307325,3.7515413806123554,-1.4425837132665846,-1.442603353659312,-1.467032363679674,1.964378688070509e-05,0.0010000013772191274,0.0018055843241098855,0.03387942510760493,6.075824250115288
721,-2.1446793799130424,-2.1449466943740845,-2.1433348678193003,0.0002672961860332849,1.0,0.0010000019958067053,0.0015964958122667839,0.03516516558615104,3.4960152698013016,-1.4281320889790856,-1.4281470855077107,-1.4515184733602735,1.4998184310065375e-05,0.001000001630745828,0.0017171876013485922,0.03103488232526514,6.0244883219401055
722,-2.0802215697630397,-2.0805593211695834,-2.086671028497084,0.00033774522115599437,1.0,0.0010000026569578727,0.0019482173847104863,0.044310022602384945,3.8701850873119428,-1.4655473020341663,-1.4655830767419604,-1.4992997686068217,3.577528728379144e-05,0.0010000018195973502,0.0018212773578448428,0.03466583529694213,5.868260362413193
723,-2.1194186930386527,-2.119656211925003,-2.1204112813157856,0.00023752394712196206,1.0,0.0010000019936101897,0.0017003688548322556,0.0385508273886341,3.6513286626563883,-1.2770463347434997,-1.2770739528867934,-1.306067086590661,2.7619219488567777e-05,0.0010000014548293419,0.0017532298936405117,0.036687092969401015,6.7514833980136455
724,-2.1079872644172526,-2.108145718304616,-2.1055369489597826,0.00015845698005748245,1.0,0.0010000023736073723,0.0017371865138762965,0.04198431615489272,3.7496818956339135,-1.4482026815414428,-1.4482277366850111,-1.4831392195489672,2.5054232941733466e-05,0.001000001682485971,0.0017858581876175272,0.037593035586178304,6.03484231101142
725,-2.0765747461678847,-2.076864191945994,-2.067942596831412,0.0002894506983037265,1.0,0.0010000027294428844,0.0032487587282820692,0.08554591345688645,4.197489000716299,-1.2094898833168877,-1.209539568424225,-1.2266899989710913,4.9700505203670925e-05,0.0010000008520566755,0.0018273326904616422,0.041651314817782906,7.026168791453044
726,-2.1134583882565767,-2.1137202460810824,-2.1146681893546626,0.0002618467892115971,1.0,0.0010000016860980188,0.0017448901484351394,0.04271408140589044,3.665351521294072,-1.4059147278467814,-1.4059625705083212,-1.4287268307473924,4.7845393419265746e-05,0.0010000013513490557,0.0016897728951233957,0.03225597927553786,6.128350798288981
727,-2.0962887147687517,-2.096559571770002,-2.0867032464945092,0.0002708685285640213,1.0,0.001000001938697302,0.0018705601764421136,0.04997195537149344,3.8763095027995558,-1.4376509441269767,-1.437691691186693,-1.471285507414076,4.0750536653730604e-05,0.001000001509156492,0.0017620362755325105,0.03769476509963473,6.01613278918796
728,-2.0795817037798323,-2.0798380982201055,-2.092755288447974,0.00025638930921284656,1.0,0.001000002193493101,0.0019658273942592852,0.05171975695510518,3.862239158378457,-1.4996922453244528,-1.4997299936082629,-1.5288151290681626,3.77461314201355e-05,0.0010000014962214562,0.001929921348993149,0.04160723057058122,6.009946537017822
729,-2.1302227704030163,-2.1303935590780005,-2.1181404298206545,0.00017077180574525078,1.0,0.0010000018486401663,0.002031667535808289,0.048408343544546165,3.7610535711612343,-1.4302634835243224,-1.4302926143010457,-1.4558042195108203,2.91384756565094e-05,0.0010000012737388412,0.0016175051452592016,0.03067211860583888,5.948767810397678
730,-2.111359081178341,-2.111570162593194,-2.113876907330639,0.00021108499956580827,1.0,0.0010000020441300465,0.0017425875016927439,0.03651007642653191,3.74378468855372,-1.4991446481810677,-1.4991809381379022,-1.5232293155458239,3.630038764741685e-05,0.0010000018014883001,0.001892959856842127,0.040097547912349304,5.982047769758437
731,-2.0433110949003472,-2.043623193817319,-2.0484256581315456,0.0003120982843749928,1.0,0.0010000022264408334,0.0022255486263981403,0.06843125640924247,4.116392684432696,-1.357615730497572,-1.3576402929094102,-1.3892602642377219,2.455818984243605e-05,0.0010000011547365122,0.0018037139489832852,0.03530583212979966,6.430621242523193
732,-2.093979257457661,-2.0941770751521274,-2.0942050623443893,0.00019782697254756712,1.0,0.00100000188598093,0.001926200600551828,0.0497341620437098,3.8699276717203968,-1.424524960252974,-1.4245506313112046,-1.4546558923191495,2.5666505098342896e-05,0.0010000013953281772,0.0018490163376554847,0.0375131617507173,6.128679275512696
733,-2.1738390900054068,-2.173958436498102,-2.1738393509163045,0.00011933707403686811,1.0,0.0010000018244784958,0.0015899070696729534,0.03381468605179832,3.2960553978973963,-1.4309320145183142,-1.4309504906336465,-1.4621225741174486,1.847777101728651e-05,0.0010000013668710987,0.0015636534455956684,0.027605143365346724,5.766518423292371
734,-2.0461857779970707,-2.0463630467090965,-2.044107419139934,0.00017726301865757637,1.0,0.0010000027426219774,0.002481776311607012,0.07789623347234051,4.1047655726378816,-1.4249666995472379,-1.42499397860633,-1.463579421573215,2.7281542619069416e-05,0.0010000011521495052,0.0017812492015461126,0.035218349606212646,6.032322332594129
735,-2.1029662051290834,-2.103169558183202,-2.111112806032289,0.00020334911796281922,1.0,0.0010000020111823138,0.002026606882693914,0.0521162341366399,3.791406806909813,-1.2902158472273084,-1.2902422640058728,-1.3209034270710416,2.6413384411070083e-05,0.001000001511743499,0.002087403456163075,0.043043342377576566,6.857816049787733
736,-2.07664754705609,-2.0768609069428354,-2.0639123421794965,0.00021335735635937385,1.0,0.001000002068291717,0.0027489550499561824,0.06406876128518356,4.160305032190287,-1.444882682959239,-1.4449103607071772,-1.4765449457698399,2.767294645309448e-05,0.0010000013798061344,0.0017528203005592027,0.031624814371267955,5.953249242570665
737,-2.116727743508681,-2.117049385916512,-2.115257935703925,0.0003216435324470952,1.0,0.0010000018200854647,0.0018045181158121745,0.04577361941689028,3.7376712628130644,-1.442428175608317,-1.4424691677093506,-1.4650383922788832,4.099276330735948e-05,0.0010000013332400056,0.0017704582152267298,0.034552238043397666,6.092008442348903
738,-2.0528535932864784,-2.0531414792222797,-2.066559508161725,0.00028787672800837825,1.0,0.0010000021583488527,0.002638014371700163,0.0941437822327299,4.08161033774322,-1.1428554647498659,-1.1428868346744114,-1.1838542699813843,3.136768937110901e-05,0.0010000013823931416,0.0019087847011784711,0.038479315841363534,7.141274144914416
739,-2.1211866072888643,-2.121405857913899,-2.1247250224059484,0.00021925252282394553,1.0,0.001000001868408806,0.0017208646047192644,0.035025674621310995,3.6176329603735007,-1.4531148380703394,-1.4531438059277004,-1.4851829210917156,2.8973321119944253e-05,0.0010000013849801488,0.0015717051586964063,0.026561188345981968,5.815864419937133
740,-2.059344510424812,-2.0595751607193136,-2.05687811071018,0.0002306299108379292,1.0,0.0010000022571920505,0.002016941797128826,0.05100371439080193,3.9439149127816253,-1.4624894685215422,-1.4625201357735529,-1.4929528832435608,3.0663940641615124e-05,0.0010000013513490557,0.0017521274069117175,0.03194880001246929,5.96635823779636
741,-2.0949639261893505,-2.0951368988684886,-2.0945850003440425,0.0001729726088496874,1.0,0.0010000019892171589,0.0018942016594217352,0.04391868205143595,3.8368153797005706,-1.4148024837176,-1.4148216525713602,-1.4491658051808676,1.9163224432203503e-05,0.001000001441894306,0.0018954289689039191,0.03588247594113151,6.279827361636693
742,-2.074636290658195,-2.075521487110066,-2.0733550269648715,0.0008851916722531589,1.0,0.0010000021912965854,0.0019914324500791307,0.05174581412190817,3.9949526112034635,-1.463682248857286,-1.4637664053175183,-1.497008388572269,8.416076501210531e-05,0.0010000016359198425,0.0018595096163658632,0.03853303925651643,5.933559301164414
743,-2.125385599316291,-2.125640297835728,-2.1149504814507827,0.00025469331808809965,1.0,0.0010000021012394496,0.001762734319715989,0.04243305894844937,3.709032121694313,-1.4031356400913662,-1.4031880988015069,-1.4338102314207288,5.2447120348612465e-05,0.001000001509156492,0.0016860464717158013,0.03757888455357816,6.0840352800157325
744,-2.107383075750099,-2.1076357994439467,-2.108089899117092,0.00025273676750794895,1.0,0.0010000021956896163,0.001737685588557484,0.04234830592319651,3.7762702051198707,-1.3350080132484434,-1.3350494331783718,-1.3625082890192668,4.142531090312534e-05,0.001000001625571814,0.00173254970771571,0.03340350874803132,6.464614158206516
745,-2.1498089646393397,-2.1499578480450614,-2.154674532278529,0.00014887476023638023,1.0,0.0010000021605453683,0.0016553405988610015,0.0352392726806256,3.441882178468524,-1.448470793830024,-1.4484932833247715,-1.478655453523,2.2491481569078233e-05,0.0010000014781124061,0.0016274952795356512,0.03052711042885979,5.861153337690565
746,-2.1335797962152734,-2.133847182651736,-2.1246898399209075,0.0002673706215507579,1.0,0.0010000022901397831,0.0018360671249024992,0.048375860190475885,3.693611851278341,-1.3767901102701825,-1.3768501294983757,-1.4022128767437405,6.001624796125624e-05,0.0010000014832864206,0.0015929107657737202,0.02718849168676469,6.152018324534098
747,-2.0445891708697914,-2.044803542910882,-2.038040429916022,0.00021437358743739578,1.0,0.0010000026086345315,0.002045643502705783,0.04488591148676175,4.124756772563143,-1.4375216139687435,-1.4375571740998163,-1.459205985069275,3.556013107299805e-05,0.0010000027742029893,0.0029846243663794463,0.06913803861373001,6.706339920891655
748,-2.0605619898382224,-2.06077578382672,-2.0591845759805643,0.00021379426965173685,1.0,0.001000002593258923,0.002467958507005055,0.07256135977101776,4.087394457943034,-1.5060087535116407,-1.5060549921459623,-1.5346995247734918,4.623946216371324e-05,0.0010000014832864206,0.0022447609161544177,0.04538245057273242,5.957665771908229
749,-2.1153049581455736,-2.1154811832140075,-2.1136350294329085,0.00017621670410318194,1.0,0.0010000017959237942,0.0018076365022867355,0.040658582001924515,3.671286438995937,-1.3124761753612095,-1.3124975522359212,-1.3447597834799025,2.1383663018544515e-05,0.0010000014548293419,0.001875655873057743,0.03636783893323607,6.561978636847601
750,-2.0432866564336813,-2.0435392991551815,-2.0427648998656363,0.0002526634566064151,1.0,0.0010000022835502365,0.0025359546361526228,0.07132795012011281,4.306195191617282,-1.4249773979187015,-1.425000462267134,-1.4514145029915704,2.3062941100862293e-05,0.0010000014625903633,0.002228238604341944,0.04284816425707605,6.434941874610053
751,-2.1137287661714375,-2.113904849538263,-2.109438547548258,0.00017608442115333846,1.0,0.0010000016729189258,0.0027909366049329344,0.06828075951351872,3.795718404481996,-1.283339175913069,-1.2833696948157416,-1.3073481520016987,3.0525359842512345e-05,0.0010000010874743263,0.0017838001147740417,0.032713250753780204,6.568644788530138
752,-2.063267429482262,-2.063420577150471,-2.060254712430936,0.00015315821148314567,1.0,0.0010000018222819803,0.0020480327975918662,0.05150186486612513,3.9638736472939544,-1.473781263828277,-1.4738082024786208,-1.4918190174632602,2.6937905285093518e-05,0.0010000014677643775,0.0022274989815842775,0.048458578220258154,6.30431613922119
753,-2.164307693265519,-2.1644859134026295,-2.1568770228691823,0.00017820586854556822,1.0,0.001000001516966325,0.0016975146169194355,0.038837859354350926,3.418297682168349,-1.4756956073972916,-1.475722144709693,-1.4983459975984361,2.6537643538581e-05,0.001000001167671548,0.0016695056886722643,0.027660369593650102,5.802710172865125
754,-2.132594162563108,-2.132897763882043,-2.131422717616243,0.0003036003348962316,1.0,0.0010000019782345812,0.002662886685322759,0.09303411189466715,3.708088128071911,-1.4016076299879285,-1.401659721798367,-1.431721572081248,5.208742287423876e-05,0.0010000011831935909,0.001661291304561827,0.03128057105673684,6.0444122950236
755,-2.061842642865091,-2.062091699186361,-2.054954672197126,0.00024906517762058185,1.0,0.0010000022659781126,0.0030996803598443293,0.08830945877323174,4.339650810889478,-1.4875863525602555,-1.4876244213845995,-1.5263859881295099,3.80696521864997e-05,0.0010000030303166972,0.004065483428227405,0.1350751413239373,6.457259707980686
756,-2.0739980036357664,-2.0742124881384507,-2.0898763413699166,0.00021447508402590483,1.0,0.0010000021956896163,0.0023135652058353683,0.06464682410488713,3.857030508653173,-1.3214240550994876,-1.3214732646942138,-1.3487362411287096,4.9211084842681885e-05,0.0010000013746321202,0.0020770379316268697,0.04011542120327552,6.622183005015055
757,-2.0729477832902155,-2.0731582439170695,-2.0640848897538095,0.00021046885060814192,1.0,0.001000002237423411,0.00285034692617801,0.08463961790965975,4.120771048203954,-1.4733533634079827,-1.4733919911914402,-1.5097515914175246,3.861867719226413e-05,0.0010000014056762059,0.0018384208592275779,0.037886263554294905,5.920168219672309
758,-2.097974518560014,-2.0982155260050073,-2.0906016781645,0.00024099844806599167,1.0,0.001000002250602504,0.0021488233096018995,0.05225545788218953,3.902654341931613,-1.4217605233192443,-1.4217893719673156,-1.4641973402765063,2.8848316934373645e-05,0.0010000013073699341,0.0018156119984471136,0.03199780893822511,6.054608217875164
759,-2.147644913421487,-2.1478248789625347,-2.147965867564363,0.00017996596277884718,1.0,0.001000001725635298,0.0016964543830462783,0.03519674341352481,3.4919014651820346,-1.4652646064758301,-1.4652907954321968,-1.5005459547042848,2.619061205122206e-05,0.0010000011418014765,0.0017262818628094262,0.03314629392698407,5.982272783915201
760,-2.125623361119684,-2.1257719341314063,-2.129303567814377,0.00014858060287979415,1.0,0.0010000020353439843,0.001703386779277111,0.03892940620206437,3.6015436019537583,-1.463943080107371,-1.4639649815029567,-1.489636610613929,2.1903630759980942e-05,0.0010000016540288926,0.0018057324639004137,0.035129811118046445,6.048549154069688
761,-2.1286808589719377,-2.128850716464924,-2.122552257663799,0.00016986058568054774,1.0,0.001000002241816442,0.0017181957636977423,0.04143882418965113,3.6714541597186394,-1.4815193189515008,-1.4815365804566278,-1.506898562113444,1.7266389396455554e-05,0.0010000018532284431,0.0017273482866585256,0.029691992431051202,5.817732217576768
762,-2.1480334569823065,-2.1481996639719547,-2.1446642425825013,0.0001662060056092604,1.0,0.0010000023977690428,0.0016065575424054602,0.033405399740726316,3.512518770289871,-1.3404813461833531,-1.3405017269982231,-1.367550539970398,2.0380732085969714e-05,0.00100000174716115,0.001768069747938878,0.036882498405045934,6.38951890733507
763,-2.158335717219227,-2.1585132288482956,-2.158277412630477,0.00017751085589516838,1.0,0.0010000026393857486,0.001677202906477142,0.0405831788754407,3.42764616912266,-1.4224901027149623,-1.4225056754218208,-1.4584958023495145,1.5575687090555827e-05,0.0010000016773119569,0.0015551256015896796,0.02772531035459704,5.825012811024984
764,-2.1250566604002468,-2.125230714959918,-2.1326145585977807,0.00017405378649819572,1.0,0.0010000023538387329,0.001667320901826727,0.04422020098581066,3.587527967848868,-1.4301081750128004,-1.4301280246840582,-1.4557082507345411,1.9854141606224908e-05,0.0010000018558154503,0.0017215664757208693,0.03120629077570306,5.990944364335801
765,-2.0701849708017313,-2.070338013037196,-2.0703159829355635,0.00015302276555097328,1.0,0.0010000024482888995,0.002082988501192545,0.06605161912739277,4.046367856691468,-1.37692838244968,-1.3769681109322442,-1.4113806777530247,3.9728813701205784e-05,0.0010000020265579224,0.0025317433988675474,0.07410831848780314,6.376348029242622
766,-2.084734122708159,-2.0849420147122077,-2.0819679071318427,0.00020789066856762147,1.0,0.0010000022000826473,0.0024232961026565084,0.07873752607770686,3.98418930791459,-1.3976256781154208,-1.397672294245826,-1.4235869063271416,4.661472307311164e-05,0.0010000013668710987,0.0018867769226845767,0.03786026452564531,6.344569990370007
767,-2.066993830338964,-2.067211387292394,-2.0652272791232704,0.0002175479565026625,1.0,0.0010000023033188761,0.003102569572873554,0.088574671221651,4.1143709218726965,-1.4527309589915804,-1.4527680502997504,-1.480050551891327,3.708857629034254e-05,0.0010000013177179628,0.001743695468434857,0.03579719301520123,6.037979284922281
768,-2.1325613417715394,-2.1327453154437945,-2.129976551487761,0.00018398337206750547,1.0,0.0010000019606624573,0.001836732260548984,0.04829081555582442,3.604782999686475,-1.442040597067939,-1.4420700907707213,-1.4757416870858935,2.9495110114415488e-05,0.0010000013151309555,0.001651512445985443,0.02983575945513116,5.859962537553575
769,-2.1797653841522506,-2.1799186153231926,-2.173126013773792,0.00015322786738287728,1.0,0.001000001934304271,0.0016008954745594342,0.03754649766422105,3.313462608265427,-1.3594121257464091,-1.3594409743944804,-1.3928450531429715,2.884856528706021e-05,0.0010000013228919772,0.001582586325498091,0.027245810514109,6.1645938661363395
770,-2.14712577720858,-2.1473063073068297,-2.150178535929266,0.00018052405343865448,1.0,0.0010000022396199264,0.0016858471416920987,0.03997265684576529,3.470413342961725,-1.4493552605311073,-1.4493735247188144,-1.4885550340016682,1.8264436059527926e-05,0.0010000015971147352,0.0015755590387723512,0.026948654899994533,5.702643765343561
771,-2.1038190733711675,-2.1041495934972225,-2.0970085431944647,0.00033051141028134326,1.0,0.001000002424127229,0.0016829444332716037,0.0478475157628363,3.772189050350549,-1.4638323002391391,-1.463888622654809,-1.4962262246343825,5.631852481100294e-05,0.0010000021688433157,0.0018346985620963905,0.04212218405057987,6.000308916303846
772,-2.116210253733509,-2.1163626796794386,-2.116428791352038,0.00015242179890848556,1.0,0.0010000022659781126,0.001745621763819934,0.046555757592871505,3.6945802580635503,-1.416316094663408,-1.416342720720503,-1.4567847185664706,2.662820948494805e-05,0.0010000018428804147,0.0017228447030194932,0.03462420572630233,5.99881149927775
773,-2.1691059706346043,-2.1692272919528888,-2.175317755285299,0.0001213229349199331,1.0,0.0010000024548784462,0.0016642606922618623,0.04131237071288644,3.307691110754913,-1.3418688389990063,-1.341903677251604,-1.3762141320440504,3.483866651852925e-05,0.0010000015531356136,0.001555521835366057,0.02960056962652339,6.166361861758762
774,-2.155737582242714,-2.1559474333277286,-2.1493097318793244,0.00020986626733024164,1.0,0.0010000025493286128,0.0016402332507565898,0.037970193275162635,3.5013643705619955,-1.300248146057129,-1.3002700037426418,-1.3367949141396416,2.186083131366306e-05,0.0010000017678572072,0.0015669732716762357,0.029604198980248637,6.2832283020019535
775,-2.157310368879786,-2.157450068671748,-2.1613794767631673,0.00013970281436758222,1.0,0.0010000025295599732,0.0016920608424423438,0.04259401305033913,3.4164737665428304,-1.3624637378586664,-1.3624851001633538,-1.39736743900511,2.135899331834581e-05,0.0010000016747249497,0.0015479924312482277,0.026480024597711035,6.071301163567438
776,-2.0531009823646187,-2.0532834348532387,-2.0512789175757824,0.00018246471881866455,1.0,0.0010000043350957193,0.0035341349737894423,0.06508586759556015,4.3158424260481345,-1.431787223286099,-1.431856475936042,-1.4614586591720582,6.924437152014839e-05,0.0010000019489477079,0.004069925585968627,0.11978141924159394,6.793732876247831
777,-2.0704531186031847,-2.070637417289446,-2.0695003844657034,0.00018429713991453063,1.0,0.001000002059505655,0.0037067220260758164,0.10806840584384945,4.13620854323765,-1.4638961858219572,-1.4639654795328776,-1.4917746742566427,6.929288307825725e-05,0.0010000009426019258,0.0020199293477667704,0.04309799564588401,5.940519905090333
778,-2.1816470712985634,-2.1817851426466457,-2.1852279519135096,0.00013805686865212783,1.0,0.00100000119188203,0.0015440692593571993,0.031915901316646136,3.20694552277619,-1.4734444247351752,-1.4734643313619826,-1.501342985365126,1.9915981425179374e-05,0.001000001015038126,0.0017540605505928398,0.035001976053333946,5.721580886840821
779,-2.1227237413514337,-2.122889739162517,-2.117068733809129,0.0001660013255083336,1.0,0.0010000017014736274,0.0017083965984331269,0.04513011350876318,3.6927517360111453,-1.2582223912080128,-1.2582405295636918,-1.288840001159244,1.8136617210176255e-05,0.0010000016695509355,0.002034919222609864,0.042768976351039274,6.834272914462619
780,-2.098790317211511,-2.0989526037899955,-2.0943235361351156,0.0001622702715531835,1.0,0.001000002237423411,0.0020435484003205346,0.05953658795651962,3.800567611208502,-1.4323380854394698,-1.4323556396696302,-1.4608191119299994,1.7564081483417087e-05,0.0010000015195045207,0.0019057791964668367,0.03688812723590268,6.100169404347737
781,-2.1898930072784424,-2.1900336697416485,-2.18491874101027,0.00014065445031759873,1.0,0.0010000017915307632,0.0015179667960114355,0.028975782810517076,3.2431810756899275,-1.4546173082457647,-1.4546342704031203,-1.4803245981534323,1.6966379351086087e-05,0.0010000013487620487,0.0016609413212993079,0.03059039291822248,5.704917430877686
782,-2.171622046884501,-2.171806960735681,-2.17742416993627,0.0001849125156987388,1.0,0.0010000020199683757,0.0021030888914675364,0.044184256696476125,3.372768775472101,-1.4156592024697197,-1.4156831701596577,-1.44509633647071,2.3965620332294042e-05,0.0010000013616970843,0.0015763406460690829,0.029560648204965723,5.880996073616875
783,-2.153006893283916,-2.153149388871103,-2.1476339934007176,0.0001424951654560161,1.0,0.0010000021473662753,0.0016900091497930435,0.039726232494807466,3.4709801224042787,-1.4211174501313102,-1.4211701644791497,-1.4525624699062771,5.271898375617133e-05,0.0010000015195045207,0.001756921788263652,0.033849281652106177,5.9495557890998
784,-2.1433404481635905,-2.143503652428681,-2.1393810128265955,0.00016321396490312972,1.0,0.0010000022484059885,0.001702655058459572,0.03967448566460385,3.5356134873516156,-1.3984260612063937,-1.3984623339441087,-1.4277148485183715,3.6271413167317707e-05,0.0010000017937272787,0.0017635628917357987,0.03823884888034728,6.04358213212755
785,-2.143880880103921,-2.1440214256070695,-2.1411538978792586,0.00014053629535549093,1.0,0.0010000026086345315,0.0016248460204498667,0.03532293169179334,3.4543977638460555,-1.4722812798288134,-1.4723033918274773,-1.5078153729438781,2.2119118107689752e-05,0.0010000019282516506,0.001726933788611657,0.03595243873488572,5.718511443667942
786,-2.141270446327497,-2.141416682387298,-2.142671715538457,0.00014623409172274032,1.0,0.0010000025449355817,0.0015909932421977228,0.03690267795310268,3.5214374785153373,-1.1339310288429263,-1.13395610054334,-1.1637771394517686,2.5077992015414767e-05,0.001000001936012672,0.0017618508440338902,0.0430556568213635,6.886013380686441
787,-2.10167170920462,-2.1018758809791422,-2.105249197977894,0.0002041722665417869,1.0,0.0010000030764923343,0.001734482768026866,0.04236558671900124,3.7427557909263753,-1.3466812796062895,-1.346708643436432,-1.3696564449204338,2.7366562022103202e-05,0.0010000018894465433,0.0017822969678996338,0.036929621030059125,6.398368877834744
788,-2.1060886877887652,-2.106238947724396,-2.0998934125000575,0.00015024784600959634,1.0,0.0010000029227362488,0.002035530167631805,0.05200214692795614,3.786846268851802,-1.4891624291737875,-1.4891850656933254,-1.5213543110423617,2.2641486591762965e-05,0.0010000023033676876,0.001985077396966517,0.036277483848647936,5.850641250610351
789,-2.1203951858124643,-2.1205291185738906,-2.1130135779110892,0.00013394471047059546,1.0,0.0010000021210080892,0.0019212046348191095,0.050864151362681166,3.733804369872471,-1.4471744497617085,-1.447197639942169,-1.4794423394733005,2.318595846494039e-05,0.0010000018635764718,0.0018427280864367881,0.03693296294659376,5.97518261803521
790,-2.1422037650954047,-2.142319933423456,-2.1394330847938106,0.00011617106930264886,1.0,0.0010000024548784462,0.0017174975463312189,0.043049013180623076,3.502814859714148,-1.4330255097813074,-1.4330494337611728,-1.4655785428153143,2.3916446500354342e-05,0.0010000018221843574,0.0017919468926265835,0.03394417036324739,5.95196091334025
791,-2.1507973805913387,-2.1509476562715926,-2.148305488082598,0.00015026345005575217,1.0,0.001000002250602504,0.0015668294036690637,0.03435920352854256,3.480313049172455,-1.4596036553382876,-1.4596257633633083,-1.4914914117919074,2.2107611099878945e-05,0.0010000021455602514,0.0017997657699096534,0.03291161584978302,5.903636370764839
792,-2.017947511852912,-2.0181706513998643,-2.0151548790481857,0.00022314411570441048,1.0,0.001000002744818493,0.001886511133667433,0.06253995885193911,3.99394643081809,-1.3786941713756986,-1.3787251075108846,-1.3961177203390334,3.0938784281412764e-05,0.0010000030665347974,0.002902637535913123,0.06804722286760807,6.946477550930448
793,-1.988844059548288,-1.989081546945392,-1.9907098131359748,0.0002374668025745536,1.0,0.0010000032675891834,0.004907758091576397,0.17472717865317497,4.521434235122968,-1.4437673489252727,-1.4438484019703335,-1.4769664857122633,8.105569415622287e-05,0.0010000011883676053,0.0024765049521293906,0.05613175928592682,6.318017758263481
794,-2.149741933030902,-2.149913234530755,-2.153090920088426,0.0001713050142774042,1.0,0.001000001317083414,0.0018672311638991506,0.04193729005824282,3.4462276674666494,-1.4383821209271752,-1.43841818968455,-1.4695644074016148,3.607405556572808e-05,0.0010000011081703836,0.0019602326650379432,0.042430269656081994,6.089430809020996
795,-2.164924994954523,-2.1650590716667897,-2.1703623330818034,0.00013409836112328295,1.0,0.0010000013983544876,0.0016482661429898075,0.03705682872601275,3.335329037792278,-1.459948061572181,-1.459976397620307,-1.493486487865448,2.833911114268833e-05,0.0010000014108502203,0.0017472393345087766,0.03179054835604297,5.821536440319485
796,-2.0911503940258385,-2.0913164953015886,-2.091382622718811,0.0001660937548808332,1.0,0.0010000021341871823,0.0020785496179190166,0.05767346611070746,3.8451867733361587,-1.4911981476677787,-1.4912210358513727,-1.5215491718716092,2.2882968187332155e-05,0.0010000017730312214,0.0022054035164829756,0.04636339612512125,6.125986141628689
797,-2.163561946940872,-2.163671725201157,-2.164001941680908,0.00010979407519664405,1.0,0.0010000019452868487,0.0025265366256342465,0.06311603096085337,3.4413648888749897,-1.4431266943613685,-1.4431502633624607,-1.477003718747033,2.3576700025134616e-05,0.001000001250455777,0.0016419114958908822,0.02699036832071013,5.765710004170736
798,-2.077885499540365,-2.0780902628628715,-2.083675074127485,0.00020476655577713587,1.0,0.0010000021385802131,0.0018305651940194504,0.04812473160618881,3.8468155141146676,-1.3202941020329793,-1.3203119291199579,-1.3467853903770446,1.78314745426178e-05,0.001000001798901293,0.0018373128285424577,0.03690984400196208,6.583276165856256
799,-2.0968334135019555,-2.0970433410608544,-2.0979289243806085,0.00020994730996635726,1.0,0.0010000023582317637,0.0023277453783864402,0.0677035071904648,3.946270713266337,-1.4084506935543486,-1.4084931453069052,-1.4443270444869996,4.245357380972968e-05,0.001000001594527728,0.001993216525038911,0.04284728050438894,6.315105109744602
800,-2.1355100712686217,-2.1356884803412095,-2.1354502394514263,0.000178421935382879,1.0,0.0010000020243614068,0.0024337750169852713,0.07675153651397745,3.621765393131184,-1.4108671691682604,-1.4108916481335958,-1.4384645912382337,2.447259094980028e-05,0.0010000010952353477,0.0015713663150866827,0.028766292457779247,5.9351798375447595
801,-2.1462463500364772,-2.1464788508865067,-2.1508630109283158,0.00023251673522985207,1.0,0.0010000017497969686,0.0016117345537322591,0.032990958963362675,3.4809160659898004,-1.5137212687068518,-1.5137520511945088,-1.5467767463790045,3.077876236703661e-05,0.0010000016928339997,0.0016818059660080407,0.03434080856127871,5.606682289971245
802,-2.156150739147978,-2.15627761381977,-2.156124375901132,0.0001268744609265957,1.0,0.001000002072684748,0.0015542159748773248,0.03046679545967084,3.4320088377538718,-1.2804269949595133,-1.2804495798216926,-1.3126188304689195,2.2587262921863134e-05,0.001000002055015001,0.0016477793455123902,0.031937426111350455,6.552784601847331
803,-2.1540114699669606,-2.1541568468201837,-2.1657269450853454,0.00014537495543371956,1.0,0.0010000025998484696,0.0016329201588512591,0.03743839443151681,3.387736365480243,-1.4300921943452625,-1.430109147230784,-1.45756453010771,1.695536904864841e-05,0.0010000018273583716,0.0016508024263506135,0.029608252696279022,5.878111759821574
804,-2.1695803471331327,-2.1697353439510993,-2.175468388593422,0.00015497566112932168,1.0,0.001000002446092384,0.0017643915379490212,0.03964538846762394,3.3174591424330226,-1.4273547463946874,-1.4273753682772319,-1.4568299214045206,2.0618819528155856e-05,0.0010000019515347149,0.0017277418946226438,0.03318461562610335,5.8770775689019095
805,-2.1777000742138557,-2.177822176015602,-2.1782482884964853,0.00012208275356382693,1.0,0.0010000024922192097,0.0015032328950803516,0.03009326017971309,3.2949830810978726,-1.3804214013947378,-1.3804384615686205,-1.406431531906128,1.7068617873721652e-05,0.0010000021248641941,0.0016403090907260776,0.029663619150718055,6.07254327138265
806,-2.202649602350199,-2.2027533076844126,-2.211461404584489,0.00010371285508263786,1.0,0.00100000247245057,0.0014641411330129177,0.02664185638697642,3.075517083114048,-1.3976340598530244,-1.3976507822672526,-1.4328337828318278,1.672133803367615e-05,0.0010000020265579224,0.001498005686638256,0.02312904643929667,5.79619713889228
807,-2.1227175379699132,-2.1228337940180078,-2.1205126182088314,0.00011625169020778728,1.0,0.0010000028568407837,0.001570485358759058,0.03394972418768788,3.5832926192373598,-1.450897443294525,-1.4509173446231418,-1.4744347797499762,1.9904226064682007e-05,0.001000002805247075,0.0018654105201777484,0.03585474760168129,5.974446731143528
808,-2.1216980511287473,-2.121931314468384,-2.119023422025285,0.00023326615117630868,1.0,0.0010000027272463689,0.0024110320933549752,0.05991927056380038,3.791627730963365,-1.3998975422647268,-1.399923488828871,-1.4279548194673326,2.594292163848877e-05,0.0010000019153166147,0.0016642026344521178,0.0305349241838687,5.983456389109293
809,-2.1551279751759655,-2.1552380255933077,-2.163830730150331,0.00011005400205558201,1.0,0.001000002610831047,0.0015475534952579524,0.029211702387569087,3.3905611712977572,-1.5235751138793099,-1.5236007107628717,-1.5529082973798116,2.5601685047149657e-05,0.0010000023576948378,0.0016915428271103237,0.033057293047507604,5.517298009660509
810,-2.1825593012683795,-2.1826974265980272,-2.1856984619824393,0.00013812631368637085,1.0,0.0010000023472491863,0.0015780179726205908,0.03637901338625629,3.2417253818152085,-1.3517232497533163,-1.351745969719357,-1.3759706656138102,2.2716406318876478e-05,0.001000001817010343,0.0015279408414951628,0.0275484141583244,6.071003829108344
811,-2.1591165852996537,-2.1592487771556064,-2.1653452324417404,0.00013217702507972717,1.0,0.0010000024614679926,0.0015897917306437245,0.03578701810384134,3.400101360285057,-1.4262868642807007,-1.4263023893038431,-1.455232854684194,1.5533467133839926e-05,0.0010000022361055017,0.001592602249648836,0.027861275772253672,5.8603838178846575
812,-2.154528204000221,-2.1546435895955787,-2.1567132383022667,0.00011538144833636734,1.0,0.00100000247245057,0.0015641821412158744,0.03380848729174654,3.3993358612060547,-1.4232330401738484,-1.4232535892062717,-1.4549190613958571,2.0556317435370552e-05,0.0010000022852586375,0.0015742673305794597,0.028171928206251726,5.957315487331814
813,-2.1587186377003507,-2.1588482339427157,-2.1526189750095583,0.0001295864019753798,1.0,0.0010000026569578727,0.0016824624694462091,0.0465137493568209,3.4690295030485907,-1.4783058868514167,-1.478329971101549,-1.5022266811794704,2.4077296257019042e-05,0.0010000018765115076,0.0015818965388461948,0.03038446010193891,5.726838843027751
814,-2.2014736656872733,-2.20162910560392,-2.191622664343636,0.00015543822972279676,1.0,0.0010000022835502365,0.0014786700946542452,0.029373851341177832,3.1692795123694077,-1.4013154082828096,-1.4013317598236932,-1.4355518301328023,1.634152399169074e-05,0.0010000019049685863,0.0014963088712344568,0.02197711548457543,5.889318752288818
815,-2.1882081819030472,-2.188323248107478,-2.1954327371885194,0.00011507850491775657,1.0,0.0010000025581146748,0.0014891992301135411,0.02895935072194574,3.1745218735820844,-1.4247052351633707,-1.424720737669203,-1.4595244354671901,1.550085014767117e-05,0.0010000020627760225,0.0015139813043384088,0.025324864147437943,5.748876020643447
816,-2.187348433260648,-2.187511480079507,-2.1876647045027533,0.0001630366973157199,1.0,0.0010000026042415004,0.001508695429261282,0.03332825286208459,3.2184129728461213,-1.434113191233741,-1.4341366158591375,-1.4580656607945761,2.342363198598226e-05,0.0010000021766043371,0.0016201820716054904,0.035410441075348194,5.861707539028591
817,-2.138886473651202,-2.1390500383557014,-2.139062643894609,0.00016355605901412245,1.0,0.0010000029644700436,0.002178945826840991,0.0539377120868215,3.667648967706932,-1.4380668573909334,-1.438134985499912,-1.4685157418251038,6.813017858399285e-05,0.0010000028699222539,0.0030798005561033883,0.08099357738263077,6.550747595893012
818,-2.14961390900162,-2.1497688765795724,-2.143750878999818,0.00015497397420541296,1.0,0.0010000023845899498,0.0018368393999858286,0.04891648623248879,3.5247300570865847,-1.4226257072554693,-1.422652128007677,-1.4546722677018908,2.642580204539829e-05,0.0010000016695509355,0.001700245485537582,0.033460570230252215,5.786074765523273
819,-2.161403959652163,-2.1615714936886192,-2.1615572605492934,0.00016753256039799385,1.0,0.0010000023560352482,0.001525406231488681,0.03323376816609558,3.399826445669498,-1.2620780891842316,-1.262097454071045,-1.2962984694374933,1.9370102220111423e-05,0.001000001814423336,0.0017080061396376955,0.03561909959341089,6.580116049448649
820,-2.163380744322291,-2.163507641486402,-2.170536032262838,0.00012689280622410324,1.0,0.0010000026964951518,0.0016433050601198426,0.04068669309523308,3.3562198674903727,-1.3790065712398953,-1.379023626115587,-1.4067255033387078,1.7055620749791462e-05,0.0010000018739245004,0.001632397896092799,0.03204872996235887,5.987794791327583
821,-2.1877111174025625,-2.187833648807598,-2.1812383813678093,0.00012251727704731924,1.0,0.0010000023143014536,0.0015266912831169255,0.03739064911661564,3.292168183146783,-1.3724025196499297,-1.372432494163513,-1.402423984474606,2.99752586417728e-05,0.0010000017652702,0.0015662603571804034,0.0304359983238909,5.975843249426948
822,-2.1592126769839592,-2.1593508427997805,-2.152734491060365,0.00013816665928318816,1.0,0.0010000028348756285,0.0015463230533982223,0.03354824414336175,3.4238231272067665,-1.345496021376716,-1.3455106298128763,-1.3743737551901076,1.4619198110368517e-05,0.00100000221023543,0.0017525541932425564,0.035630033972362675,6.198747984568278
823,-2.1529369354248047,-2.15305173172141,-2.161360245830608,0.0001147837149647047,1.0,0.001000002753604555,0.0017757869439797018,0.04525828542504108,3.361084893064679,-1.4331928173700965,-1.4332131875885858,-1.4663256658448114,2.036798331472609e-05,0.0010000015790056851,0.0015565152616343564,0.02762410132628348,5.6811505529615625
824,-2.1977808295555836,-2.1978839365941174,-2.2119131245703065,0.00010310942834278323,1.0,0.0010000022571920505,0.0014495677666141178,0.028685427815565524,3.0573024479848034,-1.4744828078481882,-1.4744989766014946,-1.4983526123894586,1.617272694905599e-05,0.0010000018454674217,0.001500770077109337,0.025393152226590446,5.574548737208048
825,-2.1887426353850454,-2.188864330075822,-2.1868141844587505,0.00012168534240632687,1.0,0.001000002584472861,0.0014494444937708806,0.028902863767349494,3.252616544939437,-1.3627463314268327,-1.3627600338723924,-1.3924468729231092,1.37012865808275e-05,0.0010000020110358795,0.0014942380185756418,0.025709418931769,5.998548338148328
826,-2.184765377134647,-2.184882937737231,-2.204545351694215,0.00011756432787427362,1.0,0.0010000024526819306,0.0014965199219625232,0.031521729158483586,3.079031249262252,-1.4066891736454434,-1.4067096538013881,-1.4369918915960525,2.048263947168986e-05,0.0010000018765115076,0.0015181102945158878,0.026981017428139846,5.821838029225668
827,-2.177924113453559,-2.1780252141772576,-2.1725951005827704,0.00010110177802589704,1.0,0.0010000026899056051,0.0014685180877282652,0.02717618517718225,3.3299143314361572,-1.3801307049062514,-1.3801510632038116,-1.412992180718316,2.0356145169999864e-05,0.0010000024249570238,0.0015965805052676136,0.027382983681228427,6.080117162068684
828,-1.8583857045983367,-1.8586686669655565,-1.859237623664568,0.00028295864192944654,1.0,0.0010000041769466029,0.007901123004420748,0.22576462349169096,5.463439891923149,-1.4773780663808185,-1.4774690084987216,-1.5089397324456109,9.094940291510688e-05,0.0010000010745392905,0.0018111567840807968,0.03807320417836309,5.87293586730957
829,-2.1838075282438747,-2.1839669515501776,-2.1884176843571215,0.00015942668015102171,1.0,0.0010000011237900493,0.001595506139257747,0.03512047577368201,3.1986902434870883,-1.4035466141170927,-1.4035667737325033,-1.4305078201823764,2.016656928592258e-05,0.001000000963297983,0.0015170324723132783,0.025355506336523427,5.824739509158665
830,-2.213634522456043,-2.2137601937887803,-2.2124815099644213,0.00012566838062034463,1.0,0.0010000012577774952,0.0014343286341688825,0.026360885240137577,3.0366291999816895,-1.4127579318152537,-1.4127810504701404,-1.4340477413601345,2.312370472484165e-05,0.0010000012659778198,0.001468664925131533,0.02309112317032284,5.74555942217509
831,-2.184274156138582,-2.184383855675751,-2.1795861406146355,0.00010969152428069205,1.0,0.0010000016377746778,0.0014951785736418558,0.030641327972330573,3.245628500884434,-1.3285610848002962,-1.3285896526442633,-1.3608250922626919,2.8572893804974027e-05,0.001000001679898964,0.001515388160219623,0.02597410606427325,6.090028423733182
832,-2.166258013473367,-2.1663928639213994,-2.1706546949890426,0.0001348526972644734,1.0,0.0010000025163808802,0.0016538428147059847,0.041456867940723896,3.3974784005363032,-1.3950144449869795,-1.395042367776235,-1.4333902027871874,2.7924031019210816e-05,0.001000001848054429,0.001491637297699021,0.02842124890949991,5.845096757676868
833,-2.186490245585172,-2.1865968614254356,-2.1883126137391575,0.00010662701613498184,1.0,0.0010000024900226941,0.0014787292973366829,0.030117081812108464,3.226544776052799,-1.3899699966112775,-1.3899874183866712,-1.4177070326275296,1.741862959331936e-05,0.0010000019592957365,0.0015138768513376514,0.027720772609528568,5.9055199517144095
834,-2.15459154911761,-2.154702991809485,-2.1561902716474712,0.00011144873668562691,1.0,0.0010000029139501869,0.0015201697956313783,0.03197515787521623,3.407991607234163,-1.4151327755716112,-1.4151540358861288,-1.4427449623743693,2.1260066164864433e-05,0.0010000022128224372,0.0015351919974717829,0.02745082684689098,5.935305447048612
835,-2.18527393521003,-2.1853922583022207,-2.192756029794801,0.00011833560354304764,1.0,0.0010000028524477526,0.0014941672825272072,0.032695400379246696,3.184624285068152,-1.5061007314258148,-1.5061167412334018,-1.5352728101942275,1.601063542895847e-05,0.001000002412021988,0.0015879777958616615,0.029322973618076908,5.597864304648505
836,-2.19134229309154,-2.1914493947658897,-2.1781799073489205,0.00010710793002596442,1.0,0.0010000030699027877,0.0015362939327287506,0.03268650681975315,3.3081476193554,-1.4673340201377867,-1.4673576884799533,-1.4966398530536227,2.367032898796929e-05,0.0010000020317319366,0.0014929518025989335,0.026157392168210614,5.574804009331597
837,-2.1908595292073376,-2.1909501035258456,-2.1909553554822816,9.057530254687904e-05,1.0,0.0010000026679404502,0.001496796619217351,0.033469925493985975,3.195122111518428,-1.350566131538815,-1.3505842169125875,-1.3827573008007474,1.8085787693659465e-05,0.0010000020938201082,0.001449463837262657,0.02321027342437042,6.024816099802653
838,-2.1294530967496477,-2.1295684081203534,-2.1327945826188572,0.0001153231791730197,1.0,0.0010000033159125244,0.0015758270340672923,0.031809151119921567,3.5384260978338853,-1.4003929999139573,-1.4004179000854493,-1.4263356844584147,2.489892972840203e-05,0.001000002771615982,0.001618029102165666,0.0300861832478808,6.031896622975667
839,-2.1657266346913464,-2.165857488254331,-2.168535147073134,0.0001308435820183664,1.0,0.001000003309322978,0.001547811884556036,0.033139782395424706,3.346399100321644,-1.4150768280029298,-1.4150996539327834,-1.4434183067745632,2.282717161708408e-05,0.0010000023007806804,0.0015089179544399182,0.027195315156131983,5.808420096503363
840,-2.2028276920318604,-2.2029558959996924,-2.207689793604725,0.00012821015321983482,1.0,0.001000002632796202,0.0014264986340729695,0.027569052763283253,3.0911440219519273,-1.3524113496144614,-1.3524369716644287,-1.3730250305599636,2.561948365635342e-05,0.001000002344759802,0.0015236966544762253,0.027255052742030886,6.044530910915798
841,-2.18949648569215,-2.189600168534045,-2.1872120375903146,0.00010368080352837185,1.0,0.001000002823893051,0.001483151298192031,0.02918910934537087,3.2541379793634952,-1.3110345774226717,-1.3110568457179599,-1.3421304861704508,2.2265066703160605e-05,0.0010000024404790667,0.0014766247063461278,0.026010120525542232,6.177796851264105
842,-2.1883363633785606,-2.188475986696639,-2.1923839078759246,0.00013962683250319283,1.0,0.0010000029293257954,0.0015222973339611067,0.03301513597439482,3.2217971491363815,-1.4530409309599137,-1.45306502978007,-1.4789036207728916,2.4102048741446603e-05,0.0010000022619755732,0.0014524914246673386,0.027142336312681436,5.559931331210666
843,-2.194795453323508,-2.194907195163223,-2.1911932252488047,0.00011175624885649051,1.0,0.0010000027250498533,0.0014696613279224005,0.02861455306937953,3.20507890323423,-1.3844030843840707,-1.3844229698181152,-1.4187322497367858,1.9890980588065253e-05,0.0010000020938201082,0.0014105997746810318,0.02177110688967837,5.76474683549669
844,-2.1484492106257744,-2.14856725818706,-2.144050312492083,0.00011804404686082084,1.0,0.0010000032104797803,0.0015638036113056653,0.03401901855853931,3.4850085006569915,-1.3036819219589233,-1.303704441918267,-1.3337213622199164,2.2523105144500732e-05,0.0010000023369987805,0.001564645340355734,0.029518080109523403,6.298317029741075
845,-2.1467519458734765,-2.146918071890777,-2.150373679287029,0.00016612756364750412,1.0,0.0010000029293257954,0.0022590280453375767,0.06240433767297358,3.565437321392995,-1.415563842985365,-1.4156230847040812,-1.4390303863419427,5.924585792753432e-05,0.0010000017057690356,0.001545529548699657,0.026977676567104127,5.875936232672797
846,-2.187763657210008,-2.1878943375821382,-2.1840868086185097,0.00013067763087884436,1.0,0.0010000022396199264,0.0015020529247539223,0.027753276100276777,3.1984141772648074,-1.4835293465190462,-1.48358174694909,-1.5071303102705214,5.2405893802642824e-05,0.0010000019230776364,0.0015745876538049844,0.028037358696262043,5.676042048136393
847,-2.202123320327615,-2.202255660632871,-2.194962245113445,0.00013235330862819024,1.0,0.0010000021781174924,0.0015031891009541897,0.030861249175977032,3.188542946329657,-1.3882374789979723,-1.3882684919569228,-1.4107057518429227,3.10142007138994e-05,0.0010000018558154503,0.0014396263131250938,0.023655418389373354,5.720997672610812
848,-2.208018514345277,-2.2081379395610883,-2.1991403485244176,0.00011942837879342853,1.0,0.0010000025647042214,0.0014255830583180177,0.027058972116067725,3.111153206735287,-1.4201357073254057,-1.420155359639062,-1.4450396498044331,1.965239644050598e-05,0.00100000213779923,0.001399451496803926,0.02373396475902862,5.6744515313042525
849,-2.209416483933071,-2.209544339269962,-2.210239477877347,0.00012786145199019953,1.0,0.001000002593258923,0.0013919686393390567,0.030183919670306286,3.087947611538869,-1.4471477389335634,-1.4471730987230937,-1.4735275016890632,2.5361527999242147e-05,0.0010000023887389237,0.0014598553353506658,0.02597798596446713,5.536588568157621
850,-2.162147097992447,-2.1622760082190893,-2.1498525806193083,0.00012889862904008829,1.0,0.0010000029337188265,0.0020561499437668695,0.054347461528794945,3.567650516078157,-1.3866040031115217,-1.3866350849469502,-1.4139768997828166,3.107711672782898e-05,0.001000002070537044,0.0016152055882331397,0.03232150504158603,6.007482782999674
851,-2.1185092296240464,-2.1187374355658046,-2.112859943003025,0.0002282075583934784,1.0,0.0010000030940644584,0.002413507239049617,0.06908261916547451,3.7637052356072194,-1.3403639025158354,-1.3404158234596253,-1.3734517534573873,5.1919619242350264e-05,0.0010000025025672383,0.002172477589920163,0.04835143850909339,6.357211049397787
852,-2.053046669600145,-2.053258612470807,-2.049258533513771,0.0002119553820142206,1.0,0.0010000029644700436,0.0019905008199923445,0.0479948746110752,3.9875240505866283,-1.398701908853319,-1.3987586087650723,-1.427561268541548,5.670562386512756e-05,0.001000002515502274,0.002246714251426359,0.05001673927116725,6.194109821319581
853,-2.12956617688233,-2.129706841594768,-2.126613931835822,0.00014067117897969373,1.0,0.0010000024834331477,0.0017526892479509115,0.04238029021137166,3.5963068728177054,-1.4834482471148174,-1.4834796852535672,-1.5067454814910888,3.144443035125732e-05,0.0010000018584024576,0.0017332870927121904,0.03269925394819843,5.737077887852986
854,-2.1412254976776413,-2.141780326951225,-2.141545390183071,0.0005548169028084234,1.0,0.00100000223303038,0.0018702678443899131,0.05135583394330065,3.5703632831573486,-1.2929079201486375,-1.2930102639728123,-1.32740697728263,0.00010234241684277852,0.0010000016695509355,0.0017389778203020492,0.031529499290304054,6.457131576538085
855,-2.163380463168306,-2.163571164293109,-2.16973547665578,0.00019069859441721214,1.0,0.0010000020638986859,0.0016573901103704043,0.04328367818709252,3.3618323937901913,-1.402574234538608,-1.4026132928000556,-1.4270102633370294,3.9053625530666775e-05,0.0010000017057690356,0.0016530381619102425,0.033030178397893906,5.932335419125026
856,-2.161358502675902,-2.1615443184690655,-2.16556039396322,0.00018583427903787146,1.0,0.0010000025032017871,0.0035902223053370726,0.07918332840474147,3.5271300077438354,-1.3504809074931674,-1.3505107389556037,-1.3772200438711377,2.9823846287197535e-05,0.0010000012608038056,0.0014160706480551098,0.02242389970148603,5.867694976594712
857,-2.1445165096588856,-2.144661983229079,-2.1375750809345604,0.00014546731451772294,1.0,0.0010000019299112402,0.0016243361740566368,0.03498218018772467,3.5442443343828307,-1.5028269118732875,-1.5028615686628553,-1.5272052341037325,3.4659190310372246e-05,0.0010000025620684027,0.0026685315701696606,0.07416956253970662,6.076832834879557
858,-2.1972586523811772,-2.197368561096911,-2.199696518340201,0.00010989374428425195,1.0,0.001000002099042934,0.0015593058174862614,0.034013462015691234,3.1341174863419443,-1.36900110244751,-1.3690219309594895,-1.387872376706865,2.0825283394919502e-05,0.0010000015790056851,0.0016217217004547517,0.029063168675121334,5.964645947350395
859,-2.180316889061118,-2.180541738024298,-2.17555696334479,0.00022486941713207174,1.0,0.0010000025383460353,0.0016829418260076979,0.038570456567027095,3.332072235503287,-1.4708277834786307,-1.4708731797006396,-1.5006198247273763,4.539539416631063e-05,0.0010000018195973502,0.0016551632537610001,0.031324895709339114,5.706481658087836
860,-2.1818512588177086,-2.182009418055696,-2.1782862960167653,0.0001581425093254953,1.0,0.0010000023077119072,0.0014602919526503614,0.02867644388263799,3.278660184932205,-1.4284249067306518,-1.4284497843848334,-1.458784532546997,2.4877074691984388e-05,0.0010000023137157162,0.0016670447981192006,0.029506038005153338,5.8967649035983625
861,-2.214930775030604,-2.215206780523624,-2.2148815483417152,0.0002759936845527505,1.0,0.0010000025866693765,0.0014383992298840072,0.02810069596184031,3.0293160699448496,-1.3532321201430426,-1.35327654282252,-1.385070804754893,4.44235901037852e-05,0.0010000019101426005,0.0014862660008172193,0.025351139458103314,5.856612703535292
862,-2.1682166176022224,-2.1683805483692096,-2.1677325514127626,0.000163934421989153,1.0,0.001000002744818493,0.0016595784087120643,0.03978368030193279,3.42935926059507,-1.4678297029601202,-1.4678611556688945,-1.4925953573650783,3.145370218488905e-05,0.0010000024482400881,0.00163158447895613,0.028733462581617963,5.6805624008178714
863,-2.1759166807498573,-2.176072154404982,-2.1718333577210047,0.0001554663451212757,1.0,0.0010000026613509036,0.0015067782622041567,0.03548062894985361,3.331242993192853,-1.2969971378644307,-1.2970143847995335,-1.3139845450719199,1.7243044243918524e-05,0.0010000020162098937,0.0015867211105715898,0.02853367254137993,6.2914095772637255
864,-2.13773442776698,-2.1378989422096395,-2.1442728222541088,0.0001644986277481295,1.0,0.001000003304929947,0.0034777815277986933,0.08328271593090217,3.6762783167497166,-1.4161947886149089,-1.4162298758824667,-1.4470007684495714,3.509198625882466e-05,0.0010000016980080142,0.0015325127117749718,0.023304193673862352,5.639610242843628
865,-2.1361276878500886,-2.1362411008690887,-2.1338421949800455,0.00011339432226037079,1.0,0.0010000021847070388,0.0018005964394553371,0.04448285718220023,3.5897762010682306,-1.344113728735182,-1.3441324181026884,-1.3625843776596918,1.868655284245809e-05,0.001000001695421007,0.0017606209627249174,0.028740250039845705,6.244786410861544
866,-2.1308062413953386,-2.1310223543419027,-2.125753692860873,0.00021610753435008932,1.0,0.0010000022923362987,0.0018627958082295252,0.05325667721764097,3.633070446410269,-1.35750518573655,-1.3575278884834714,-1.3832089477115208,2.2709286875194975e-05,0.0010000023033676876,0.0017133334858549965,0.029391060614337525,6.150118753645153
867,-2.127604713979757,-2.1277383858302854,-2.117073914914761,0.00013367494322218985,1.0,0.0010000025427390664,0.004122055781442883,0.08116748168150771,3.911183420217262,-1.4094113257196215,-1.4094405147764417,-1.436670450369517,2.9190960857603284e-05,0.0010000014496553274,0.0015512478046326174,0.02756232681373755,5.8757015122307665
868,-2.184942088037167,-2.1850275116146736,-2.1968080345189795,8.54287788553058e-05,1.0,0.0010000018222819803,0.0014350464290781122,0.027579945933846932,3.1294747973388097,-1.4385893371370102,-1.4386042674382529,-1.4620917081832885,1.493584778573778e-05,0.0010000020162098937,0.0016603089299880797,0.03048760820594099,5.830478466881646
869,-2.1681510344991146,-2.1682586849860424,-2.176567518486167,0.00010765210356352464,1.0,0.0010000029732561055,0.0021412273636087775,0.05519101276712598,3.317641309972079,-1.387114694383409,-1.3871279690000746,-1.4142014728652106,1.3275030586454604e-05,0.0010000016850729783,0.0015171023732465175,0.023981771473255423,5.864756446414523
870,-2.167183626372859,-2.167313872643237,-2.1699387217467687,0.00013024521605023797,1.0,0.0010000026152240781,0.001890603745057476,0.03870438550651636,3.452599246546907,-1.4186416281594172,-1.4186609890725879,-1.4427094048923916,1.9362982776429917e-05,0.001000002003274858,0.0014627383685567312,0.02297104371504651,5.784959761301676
871,-2.174295128516431,-2.1744123179957553,-2.1754595985952414,0.00011718976047803771,1.0,0.0010000026020449849,0.0015766780190872697,0.037647787376113656,3.3057557299452007,-1.367837013138665,-1.367862057685852,-1.394744352499644,2.5052742825614082e-05,0.001000001866163479,0.001481363578285608,0.025534892175346612,5.940087901221383
872,-2.166630580740155,-2.166735786312031,-2.1678784860754914,0.00010520704793480207,1.0,0.0010000025515251284,0.0030505699654689656,0.07670854230604644,3.6126386354554376,-1.360960696803199,-1.3609878473811678,-1.3929754005538093,2.7148425579071046e-05,0.0010000015479615992,0.0014112627159597146,0.02256991027130021,5.874103758070204
873,-2.1755203480990426,-2.17564738471553,-2.178356037949616,0.00012702185590312165,1.0,0.0010000023428561552,0.0015201089565448885,0.033770232320815885,3.2877104417333065,-1.4226883477634857,-1.4227152718438043,-1.454987441168891,2.692507372962104e-05,0.0010000024896322025,0.001619653186450402,0.026512726561890708,5.8192413542005745
874,-2.1782182837432287,-2.1783593533174046,-2.1699731012560286,0.00014107554869831733,1.0,0.0010000027272463689,0.0015803966231925308,0.03342338473940233,3.306790144938343,-1.3822074664963617,-1.3822337455219693,-1.4073247287008497,2.6281260781817966e-05,0.0010000020110358795,0.0015496182126096554,0.026383707392960788,5.9571486155192055
875,-2.1973438982693656,-2.197452054833466,-2.1858666640407636,0.00010816274948839871,1.0,0.001000002553721644,0.0015668096877458804,0.03736444687435649,3.241873520725178,-1.3557792868879102,-1.355796261628469,-1.3846205923292372,1.6977969143125747e-05,0.0010000021015811298,0.0014542054462557037,0.024731774607466325,6.042128382788763
876,-2.224745107146929,-2.2248264843562864,-2.224134899535269,8.137271089373894e-05,1.0,0.0010000025493286128,0.0013617581846016758,0.025257149658534886,2.988643043446091,-1.3567332784334818,-1.3567429847187467,-1.3848417043685912,9.709182712766859e-06,0.0010000020576020083,0.0013684196397662162,0.021045950707048178,5.814205000135633
877,-2.204489804663748,-2.2045926507913842,-2.1997917148302184,0.00010284296465369891,1.0,0.0010000026481718105,0.0014450379475986338,0.031236999158589344,3.1814197684234045,-1.4737992193963794,-1.473817675643497,-1.4989095436202156,1.8463283777236938e-05,0.0010000027742029893,0.0014373858536904057,0.023847211866329113,5.506919532352024
878,-2.1845420553999126,-2.184633916279055,-2.1824856636659153,9.18684000114225e-05,1.0,0.0010000032280519041,0.001526298010194639,0.0331112764213445,3.272241196542416,-1.4903623382250468,-1.4903935194015503,-1.5128584583600362,3.118506736225552e-05,0.0010000025956994956,0.0013967847580918008,0.022702039757536516,5.454885355631512
879,-2.186108964794087,-2.1862537770901085,-2.1897049287580095,0.00014478186110280594,1.0,0.0010000029007710938,0.0014414365473642665,0.028118957229450625,3.2168974606495984,-1.401661584112379,-1.4016953282886082,-1.4339750674035814,3.374069929122925e-05,0.001000002360281845,0.0013955220295530227,0.02285903866092364,5.805665556589763
880,-2.159519283276684,-2.15965613779032,-2.1502743329641953,0.00013685774690700027,1.0,0.0010000035157954356,0.0016174374240503278,0.03988483795052711,3.50784828078072,-1.4214508891105655,-1.421484767066108,-1.4476743857065837,3.3879694011476304e-05,0.001000002380977902,0.0015461906945953767,0.02561507149496012,5.762643167707655
881,-2.1766750880007475,-2.1767908559655242,-2.1771668825509414,0.0001157814601682267,1.0,0.001000002944701404,0.0015071045436000205,0.036323538849587146,3.32019131588486,-1.4119615356127422,-1.4119820303387112,-1.4503601339128283,2.0499775807062785e-05,0.0010000026293305888,0.001526138240781923,0.027988750311649508,5.826322025722928
882,-2.1611714340605825,-2.161259021399156,-2.162036673077997,8.758178578232819e-05,1.0,0.001000003023775962,0.0015355279550553773,0.0348791832912643,3.3951005350868657,-1.441128710905711,-1.441147259871165,-1.4645426551500955,1.8546481927235923e-05,0.0010000023395857877,0.0014708265455232726,0.024794290814962653,5.641687054104276
883,-2.1978542939671932,-2.1979853769518294,-2.19079097711815,0.00013106927837965623,1.0,0.001000002957880497,0.001495086842761287,0.0336341645814619,3.208773136138916,-1.3012939121988085,-1.301312976413303,-1.3288117541207207,1.9069015979766846e-05,0.0010000020757110584,0.0013530064736389453,0.020906195862011777,5.956497679816352
884,-2.13846891556146,-2.1386470749693096,-2.135206919796062,0.00017816116506198668,1.0,0.0010000030699027877,0.0015715450105556058,0.03571975915604886,3.5145357509828963,-1.3526261422369217,-1.35267862478892,-1.3819584237204658,5.247642596562703e-05,0.0010000026474396388,0.0015353699344106846,0.028771983200891152,6.137624274359809
885,-2.167671462274947,-2.16780904329048,-2.1679783542201205,0.00013758122639836006,1.0,0.001000002957880497,0.0016019594776531998,0.03789784406083373,3.36062783115315,-1.2559547768698798,-1.255993898709615,-1.2717023624314203,3.911935620837741e-05,0.0010000022361055017,0.0015203937732925017,0.029474501301430995,6.659529410468207
886,-2.1774707245376876,-2.1775736426407435,-2.172682816127561,0.00010292442902079169,1.0,0.001000002788748803,0.0016097914963468629,0.04020307722659606,3.3503354945272767,-1.4221982982423569,-1.4222180472479926,-1.4491859250598484,1.9751406378216215e-05,0.001000002342172795,0.0014978011319827702,0.027875413776685794,5.742512093649969
887,-2.199931450609891,-2.2000122385204963,-2.196635797338666,8.078952724078916e-05,1.0,0.0010000027360324308,0.001472084339321503,0.03049413257120353,3.1684172378396087,-1.438177486260732,-1.4382008128696018,-1.4602609581417507,2.33294235335456e-05,0.0010000023990869521,0.0014681684551760554,0.02502239007088873,5.673439280192057
888,-2.0713130797979966,-2.071443943482525,-2.059974304909976,0.00013086389539376746,1.0,0.0010000036673550054,0.0025446639980523373,0.06193663638506858,4.086859059783648,-1.4521669838163587,-1.4521999597549438,-1.471396283308665,3.2980574501885307e-05,0.0010000022361055017,0.0028962813447126084,0.08809482589777973,6.178349293602838
889,-2.1967264053956517,-2.196828214627392,-2.195464656038104,0.00010180114856306111,1.0,0.0010000021451697597,0.001580856632845441,0.03401660081877742,3.142931027232476,-1.4271992299291822,-1.4272237446573046,-1.4447480678558349,2.4510837263531154e-05,0.0010000015065694849,0.001533855042523808,0.030986519168234535,5.85343689388699
890,-2.159882792886698,-2.1599742039194645,-2.1661348005510725,9.142487960041694e-05,1.0,0.0010000026855125743,0.00147887303072186,0.03267301394129699,3.361639387202713,-1.2580191943380568,-1.2580412917666965,-1.2833816435601977,2.2098422050476074e-05,0.0010000025775904456,0.0016319003188982606,0.032461670403265294,6.589609114329021
891,-2.0509332204764745,-2.051086091770316,-2.06115193974297,0.00015287839297978384,1.0,0.0010000040890859826,0.0023817819310352206,0.07097840263455543,3.905314081120041,-1.4213074088096618,-1.4213540289137099,-1.4349770771132575,4.661960734261407e-05,0.001000001679898964,0.0015703804532272948,0.030714529607858924,5.905948395199246
892,-2.2045392607742884,-2.2046284270736405,-2.199710675005643,8.918274686021625e-05,1.0,0.0010000022703711435,0.0014706765749614755,0.028990239862633764,3.1546953669134177,-1.4005501415994428,-1.4005700561735366,-1.4143399437268576,1.9913994603686863e-05,0.0010000017730312214,0.001449679019343522,0.026950734284602932,5.838464376661512
893,-2.206869312052457,-2.2069540653588637,-2.2060281758038505,8.473376620490596e-05,1.0,0.0010000025097913338,0.0014323116947879207,0.03137022017870309,3.105346193853414,-1.428893374072181,-1.4289101772838169,-1.4476914485295613,1.6801059246063232e-05,0.001000002259388566,0.0014779829756460256,0.02507408477572931,5.735879802703858
894,-2.2415843729702933,-2.2416579228527143,-2.251462659745846,7.355965252192516e-05,1.0,0.0010000027250498533,0.0013751088430718431,0.028064974618829647,2.8068480401668907,-1.3475078026453653,-1.3475273397233751,-1.3738249209192064,1.953831977314419e-05,0.0010000020653630297,0.0014187445579510597,0.02178437627024121,6.006487083435059
895,-2.211023501630099,-2.2111158573402547,-2.203662008609412,9.23592948688651e-05,1.0,0.001000002979845652,0.0014127482537109896,0.029025899808643,3.110139734340164,-1.2891075915760466,-1.2891311287879943,-1.3074398438135784,2.3542427354388767e-05,0.0010000024016739593,0.0014383573498990801,0.024147425343592963,6.052634991539849
896,-2.1838524656475715,-2.183975916988445,-2.189273609305328,0.00012344951337238527,1.0,0.0010000031929076562,0.0014979245189471909,0.03587386969758092,3.2446527346125187,-1.4092090792126124,-1.4092365874184503,-1.4387434363365172,2.751805716090732e-05,0.0010000025077412525,0.0014566728974589043,0.024759725615796115,5.769790840148926
897,-2.238211802716525,-2.2382813129784926,-2.2429179537971065,6.950007013554843e-05,1.0,0.0010000028326791132,0.0013656561737352946,0.02367792149373102,2.881440137917141,-1.4090497414271037,-1.4090741634368897,-1.4383851475185818,2.442316876517402e-05,0.0010000023214767376,0.0013671337471654018,0.021682756011270815,5.555202023188273
898,-2.165177399257444,-2.1653443597397715,-2.166897454351749,0.00016696603511864283,1.0,0.001000003478454672,0.002066545047849979,0.05717234334574556,3.4450434108950057,-1.3606818344857956,-1.3607420444488525,-1.381442493862576,6.021468175782098e-05,0.0010000022309314873,0.0014616122753876779,0.025179611570719216,6.004328616460166
899,-2.222547823528074,-2.2226449768498258,-2.226365804672241,9.714446540148753e-05,1.0,0.001000002753604555,0.0013726917249238435,0.02428392835734588,2.9893913921320214,-1.4446617431110804,-1.4446863465838962,-1.4726456986533272,2.4603638384077285e-05,0.0010000022024744086,0.0013633812312036752,0.022130421880218718,5.480420653025309
900,-2.191916623205509,-2.1920406166112647,-2.1944230322567924,0.00012399178912054817,1.0,0.0010000028612338148,0.00156142489483826,0.03857426444630859,3.203480171707441,-1.4474015169673495,-1.447421179877387,-1.472960638999939,1.9665890269809298e-05,0.0010000023163027234,0.0014769608801644709,0.02731775963265035,5.653849379221598
901,-2.1389555661183484,-2.139056585869699,-2.1407453451516494,0.00010101180875076438,1.0,0.0010000032807682764,0.0015627644464092435,0.038458088483169395,3.462487558148942,-1.3001457466019524,-1.300177284081777,-1.3328343643082512,3.1546254952748616e-05,0.0010000029837505685,0.0016907450173878008,0.034657867149346405,6.365769894917806
902,-2.1949679086793146,-2.19507165225047,-2.188527822494507,0.00010371594777647054,1.0,0.0010000032653926679,0.0015544811821595398,0.03388592063115453,3.1793431830856034,-1.187472082508935,-1.1874963614675733,-1.2203764544592963,2.427324652671814e-05,0.00100000213779923,0.0013784857673777473,0.020562967968483767,6.406891960567898
903,-2.1928084728852757,-2.19288443394427,-2.1792916869217493,7.595852860864604e-05,1.0,0.0010000027953383495,0.0014521005137313932,0.02947228076815043,3.2173297067858138,-1.4547673609521652,-1.454800702465905,-1.4701395538118152,3.3340851465861e-05,0.0010000026629616817,0.0015297303209081293,0.026278701641907296,5.651947927474975
904,-2.1976494834108173,-2.197727340572285,-2.1862978800287785,7.784823482891299e-05,1.0,0.0010000031511738616,0.0023422147068282904,0.05564382837487841,3.3517586600105718,-1.2999166912502713,-1.2999637762705485,-1.320860907766554,4.708675874604119e-05,0.001000002003274858,0.0013991823678629267,0.021380535202721755,5.981286324395074
905,-2.0309481620788574,-2.0310696970741704,-2.0277506922775843,0.00012154813926174956,1.0,0.0010000027206568222,0.0023407507204573673,0.07442090986296535,4.042422753460002,-1.4340332878960502,-1.4340869082344903,-1.4597358451949225,5.3623070319493614e-05,0.001000001511743499,0.0017635209925679696,0.035790420985884135,5.847931914859347
906,-2.1726563111791073,-2.1727602436857403,-2.170439654926084,0.00010393770798197333,1.0,0.0010000017102596895,0.0016542242901434875,0.042448410079023745,3.3676394561551652,-1.4280497815873887,-1.4280823720826044,-1.4518321739302742,3.2584948672188655e-05,0.0010000013642840915,0.0015462028017888467,0.02848991354306539,5.781258402930366
907,-2.2037715304572627,-2.2038636724903897,-2.204314593998891,9.214224399260754e-05,1.0,0.0010000019452868487,0.001532484931027833,0.03638457672951637,3.1501034430737764,-1.3653374433517456,-1.365362396505144,-1.3825108104281956,2.4963915348052978e-05,0.0010000019230776364,0.0014633649597979254,0.026045041324363815,5.870089297824436
908,-2.1456408748086893,-2.1457632150290147,-2.1444179651872166,0.00012232777926157105,1.0,0.00100000262401014,0.0015809446032914632,0.037756141978052424,3.5064241346323266,-1.4371368474430508,-1.4371576031049094,-1.4656071583429973,2.075740032725864e-05,0.0010000022335184945,0.0014796615448883837,0.027034591459151772,5.729327657487657
909,-2.1765651253034486,-2.1766867322741814,-2.1757078935515204,0.00012160675986757819,1.0,0.0010000028744129078,0.0017900419210628519,0.046665760091031495,3.389437545020625,-1.4506493356492784,-1.450672235753801,-1.4807651347584194,2.2906313339869182e-05,0.0010000021145161655,0.0013999140510956446,0.022428206043938796,5.505861017439101
910,-2.243745785839153,-2.243831755980006,-2.2371559502943508,8.596866479459798e-05,1.0,0.001000002099042934,0.001361802938605114,0.024576034880120237,2.8815555572509766,-1.4714578270912173,-1.4714772409862942,-1.4995738479826186,1.940627892812093e-05,0.0010000021507342656,0.0013525787404634886,0.019688387484186224,5.374994421005249
911,-2.176621032211016,-2.176807180890497,-2.1733798868251295,0.00018614411072910957,1.0,0.001000002784355772,0.001720452498873028,0.04225344075557758,3.3809536358095564,-1.3950396988126967,-1.3950821346706814,-1.4175295048289829,4.243354002634684e-05,0.0010000025077412525,0.0014880292169335816,0.025665459802581204,5.805011992984348
912,-2.1976539526345595,-2.197827876738782,-2.1985636072338752,0.0001739083595995633,1.0,0.0010000028151069891,0.0023324704676304223,0.07522473709200914,3.3056549036277914,-1.440437890423669,-1.4404626078075833,-1.4652201255162558,2.4711423450046116e-05,0.0010000021015811298,0.0013336436641919944,0.020825312100350858,5.462946414947511
913,-2.2406074281008737,-2.240698904361365,-2.236610322628381,9.1476893087603e-05,1.0,0.0010000022242443178,0.0013888207580542789,0.02662909275166831,2.8871558769693912,-1.4379969676335653,-1.4380177232954237,-1.4544754028320312,2.0748625199000042e-05,0.0010000019981008437,0.0013148953646628394,0.01978749893605709,5.522340112262302
914,-2.1813436960274317,-2.181442188766767,-2.1811169352171556,9.84726368256335e-05,1.0,0.0010000025383460353,0.0013742652339509354,0.024288554860384396,3.190872034936581,-1.3142635570632086,-1.3142941726578607,-1.3270718004968431,3.061360783047146e-05,0.0010000028259431323,0.0015263553553571303,0.030126415348301332,6.206501568688286
915,-2.1778274572120524,-2.1779231642777064,-2.178479361084272,9.570453526838771e-05,1.0,0.001000003282964792,0.0014937113583931383,0.03540585414980942,3.297083166410338,-1.376133506827884,-1.3761585977342394,-1.3956846290164524,2.509843971994188e-05,0.0010000024482400881,0.001537843335730334,0.030033588709516657,5.890637260013156
916,-2.176325708065393,-2.176399197218553,-2.1707480538566157,7.348444383099395e-05,1.0,0.001000003023775962,0.0015524745114885692,0.03231395700208421,3.350710000631944,-1.206486014525096,-1.2065095080269708,-1.2298646489779155,2.3498386144638062e-05,0.0010000023163027234,0.0014169610183065136,0.022274544245253006,6.383440430959065
917,-2.122426350161714,-2.1225223901136867,-2.1200453695261254,9.60443801475021e-05,1.0,0.001000003682730614,0.002646554494276643,0.07219789927509034,3.857059123381129,-1.4289221194055346,-1.4289798498153687,-1.454373182190789,5.773181716601054e-05,0.0010000023576948378,0.0016382588746233118,0.03381019142559833,5.989195028940836
918,-2.1330628822434625,-2.1331994735969686,-2.1247967031766786,0.000136595922258665,1.0,0.00100000262401014,0.0021858053624559688,0.0730474425374337,3.6607894177706735,-1.4173234608438279,-1.4173566195699903,-1.4502258472972447,3.315889173083835e-05,0.0010000016928339997,0.0015063000015086599,0.0280750986499091,5.7938196818033845
919,-2.21517802409406,-2.2152755575359993,-2.2246582215687014,9.752620222433559e-05,1.0,0.0010000020660952014,0.0014442180498626153,0.027977526258185226,2.990883579793966,-1.4357704692416724,-1.435797517829471,-1.455596219168769,2.7055458890067205e-05,0.001000001848054429,0.0014036653615120385,0.022171269429640636,5.636642519632975
920,-2.2161567166166485,-2.216278962369235,-2.2107801212454743,0.00012222044872787764,1.0,0.0010000022747641746,0.0014122077022274992,0.02510103915449021,3.0561935721703297,-1.4034593688117134,-1.4034894214736091,-1.4244205673535666,3.0053655306498208e-05,0.0010000021248641941,0.0014090897179105215,0.02292457234321369,5.738685946994358
921,-2.236537625204842,-2.236616849899292,-2.2369957824922957,7.921379973303597e-05,1.0,0.001000002584472861,0.0013359495930654823,0.02339430042665522,2.877542554207568,-1.4064040316475763,-1.4064290099673802,-1.4266805926958719,2.497202820248074e-05,0.0010000025620684027,0.0016999619495537547,0.03714570227182574,6.034227805667453
922,-2.1386257545003353,-2.138803194153984,-2.132695584926965,0.00017743620951220674,1.0,0.0010000032631961523,0.0022735439464977047,0.09040285959699244,3.636981541255735,-1.4362643705474005,-1.43629602988561,-1.4633304251564874,3.166223565737406e-05,0.0010000018092493216,0.0015769240549869008,0.030589443745298518,5.783340719011095
923,-2.172341117319071,-2.1724717976912014,-2.161945248549839,0.00013068283222756295,1.0,0.0010000028897885164,0.003404306221472205,0.07825273500298555,3.634998622930275,-1.4425964024331832,-1.442647151152293,-1.4696739064322577,5.0753023889329696e-05,0.001000001695421007,0.0015377832317931784,0.029693951509479018,5.710998386806911
924,-2.206482804046487,-2.2065640103142217,-2.219231666259046,8.119741138422264e-05,1.0,0.0010000023208910002,0.0014932171402077348,0.0335759443652658,2.9935185122040084,-1.4207597401407028,-1.4207975811428495,-1.447722359498342,3.7837028503417966e-05,0.001000002380977902,0.001505117188207805,0.026796525385644702,5.776593346065946
925,-2.1538113895452247,-2.153895951666922,-2.16674941215875,8.455888842636684e-05,1.0,0.001000002979845652,0.0022315986845466607,0.06267039502426139,3.4610464887798957,-1.3372929559813609,-1.3373303453127543,-1.3583552347289192,3.739471236864726e-05,0.001000002717288832,0.001717650282403661,0.03559390859057506,6.297156916724311
926,-2.2223087751640462,-2.222391717838791,-2.226349068137835,8.294450224570508e-05,1.0,0.001000002593258923,0.0014359069645475105,0.031520111003082316,2.9523269320433996,-1.4070281545321146,-1.4070413390795389,-1.4307533674769932,1.3184050718943278e-05,0.0010000023758038878,0.0014719110266822907,0.02452621346132623,5.8324399418301045
927,-2.20705246925354,-2.2071501713878705,-2.197610450240801,9.770733567903626e-05,1.0,0.001000003010596869,0.0015685824448910524,0.03770574892185769,3.169498218680328,-1.347212024529775,-1.347236124674479,-1.3735203623771668,2.409815788269043e-05,0.0010000019929268294,0.0013502182464839685,0.022367976295451324,5.809595987531874
928,-2.2029723491308824,-2.203056072289089,-2.2162288247414357,8.371486416402852e-05,1.0,0.0010000027777662254,0.0014872694880051433,0.03292069691321198,3.0443395016328343,-1.4446629378530715,-1.4446819530593025,-1.4699109805954826,1.9019759363598293e-05,0.0010000024223700166,0.0014508823191540109,0.024623157777306108,5.584543530146282
929,-2.1957554333614855,-2.195843015076979,-2.1995057463645935,8.759113415232245e-05,1.0,0.0010000029952212605,0.0017792423110771572,0.05103983969058631,3.153654103009206,-1.4016420722007752,-1.4016859981748793,-1.4249896301163567,4.392738143603007e-05,0.0010000025698294242,0.001860744286225074,0.042081785657339624,5.920013735029433
930,-2.1912281985552804,-2.1913277045735775,-2.1966411347659127,9.949273377094628e-05,1.0,0.0010000025954554385,0.0017409587459076407,0.04936231388095415,3.1911655574474693,-1.260724776983261,-1.260744967063268,-1.2907373050848643,2.0192315181096394e-05,0.0010000024197830094,0.001636522436617977,0.030821821103907295,6.414595858256022
931,-2.144370137520556,-2.1444979838605196,-2.135321560895668,0.0001278485189068992,1.0,0.0010000031994972026,0.001697167437875046,0.04476406739778676,3.6202645391788124,-1.4476013488239707,-1.447651908132765,-1.4786676790979174,5.05526860555013e-05,0.0010000025413723457,0.0017542913737189439,0.03949088249355555,5.964950529734293
932,-2.2259211045391156,-2.225999782670219,-2.2291120493187093,7.868558168411255e-05,1.0,0.0010000025998484696,0.0014096877959398728,0.027205495524026874,2.9236034717199937,-1.4176238762007816,-1.4176521314515007,-1.44082061847051,2.8251194291644626e-05,0.001000002293019659,0.001436966132476098,0.022646868539353212,5.676429483625624
933,-2.040139319761744,-2.0404192186751455,-2.0406182352102027,0.0002798951178226831,1.0,0.0010000032631961523,0.0055364420338762255,0.23504037524239635,4.2755901948460995,-1.161141312122345,-1.1612543741861978,-1.1882633401287928,0.00011306520965364244,0.0010000016410938567,0.0034512757659993236,0.14073075279593467,7.027427217695448
934,-2.1684899779985534,-2.1688301698216854,-2.172255682495405,0.0003401904173617093,1.0,0.001000001903553054,0.0017757731608449008,0.047902204623481014,3.3257616061084674,-1.4012022005187141,-1.4013010170724658,-1.4211252239015368,9.882069296307034e-05,0.001000001643680864,0.00214629920406474,0.06802875900434123,5.915124617682563
935,-2.1944238037433266,-2.19462432501451,-2.2015288730837264,0.0002005146640651631,1.0,0.001000002046326562,0.0020013042497185043,0.06068827552756049,3.147682932187926,-1.3339696910646228,-1.3340158502260844,-1.3512505147192213,4.616239004664951e-05,0.0010000019618827435,0.002015525123311414,0.06398101253435015,6.067751015557183
936,-2.1898607825333216,-2.189955639389326,-2.1875709880073115,9.487618534070141e-05,1.0,0.0010000022571920505,0.0014481931169218613,0.03082841209504964,3.212476716851288,-1.3885269456439546,-1.3885480973455642,-1.4125443683730232,2.1144416597154407e-05,0.0010000023137157162,0.0021866788699602085,0.07369982719214427,5.805747853385079
937,-2.1824829241014876,-2.1826658361362963,-2.1828779926839865,0.00018292187519793242,1.0,0.0010000028744129078,0.0016166760502734556,0.0400738088976381,3.251050931102825,-1.3666048791673449,-1.3666307740741306,-1.3875154429011876,2.589614854918586e-05,0.00100000211969018,0.0018202772493370704,0.048385875754886204,6.019593344794379
938,-2.204974444407337,-2.2050650434673957,-2.208872334012445,9.0592031208974e-05,1.0,0.0010000026284031711,0.001448348269991155,0.029005577945906035,3.1047207679388658,-1.390642311837938,-1.3906653920809429,-1.4159191515710619,2.3083719942304824e-05,0.0010000024404790667,0.0017312762612063024,0.04611396155216628,5.79567902882894
939,-2.1494185992006987,-2.1495386378945045,-2.14750200791179,0.00012002646360757216,1.0,0.0010000032763752453,0.0018280091660343252,0.05820683318735013,3.491021070840224,-1.505604871114095,-1.5056312084197998,-1.5294257879257203,2.6329937908384534e-05,0.0010000029009663396,0.002505705311583976,0.07724150997690028,5.633245001898871
940,-2.2050586916365713,-2.2051732495145977,-2.201946989545282,0.00011456385254859924,1.0,0.0010000024702540547,0.0026287929778742902,0.07277779003499814,3.262828102651632,-1.4602957010269164,-1.4603228502803378,-1.4863193962309096,2.7151654163996377e-05,0.0010000020912331012,0.0017391772707924247,0.04584758521782027,5.495409011840821
941,-2.1815547043422483,-2.181681025702998,-2.1843877333515094,0.00012632607007926366,1.0,0.0010000020902568721,0.002523445429825136,0.08045743824035492,3.361637200949327,-1.3707070165210302,-1.3707495437728034,-1.3857467651367188,4.2522946993509926e-05,0.0010000017730312214,0.0016778491928966508,0.04176039576737417,5.896748659345838
942,-2.205481432518869,-2.2055452634703436,-2.202568346599363,6.383776945887871e-05,1.0,0.0010000019518763951,0.0014296698533350005,0.028606201539624412,3.1274160933944413,-1.3971156252755064,-1.3971406883663602,-1.418518645233578,2.506151795387268e-05,0.0010000020782980653,0.001781583261779613,0.051703580706897706,5.813467587365045
943,-2.2103818340121575,-2.2104417557986276,-2.212765484485986,5.99319080136857e-05,1.0,0.0010000024526819306,0.0013600510219990644,0.024144535295594977,3.0629644528874813,-1.4218821194436813,-1.4219035943349203,-1.4402251839637756,2.147588464948866e-05,0.0010000026552006603,0.0017592043408917056,0.0472705415243076,5.743414137098525
944,-2.195324994483084,-2.1954142417547837,-2.1985753617196715,8.9243546409427e-05,1.0,0.0010000033774149586,0.0022697938136088678,0.04972707108541761,3.2813668138576,-1.3931623737017311,-1.3931813346015083,-1.4135955611864726,1.8957753976186117e-05,0.0010000022956066662,0.0016463970817211602,0.03774765844767292,5.87521022160848
945,-2.2128322079496563,-2.2129109490592525,-2.2111058864953383,7.873703286332904e-05,1.0,0.0010000026855125743,0.001452928879034688,0.03142839183433438,3.091410848329652,-1.3588729010687932,-1.3588874419530232,-1.379961703883277,1.4533682001961601e-05,0.0010000022205834587,0.0016446931649827295,0.03803745555794901,5.9130092408921975
946,-2.189282433041986,-2.189397193350882,-2.187028374312059,0.00011476044947246335,1.0,0.0010000030501341483,0.0015808349180931472,0.04239267447330761,3.2685020734679022,-1.4153442965613467,-1.4153623819351195,-1.4425008866522047,1.8083635303709243e-05,0.0010000028078340822,0.0016041365271020267,0.03551230177076326,5.853788095050387
947,-2.1486675829257607,-2.1487486924765244,-2.1562597594171202,8.10961959496984e-05,1.0,0.0010000035026163426,0.0031211158647289814,0.09638711849649279,3.59333949493912,-1.4453443143102855,-1.4453628023465475,-1.4615389559004042,1.8488201830122205e-05,0.0010000025750034386,0.0017180197121989397,0.04120877342712548,5.739364178975422
948,-2.193383853390532,-2.193479398511491,-2.190304209601204,9.553050095180295e-05,1.0,0.0010000028700198767,0.0016618724517032224,0.050251681823283434,3.2317581176757812,-1.3532393415768942,-1.353254168563419,-1.3740992585817973,1.4820446570714315e-05,0.0010000022542145518,0.001587747873014046,0.03460219470370147,6.024482758839925
949,-2.217864801298897,-2.2180120607592024,-2.2194472506361187,0.0001472650130964675,1.0,0.0010000027558010704,0.0015517471046274844,0.04601420982266372,3.0340778265359267,-1.4472992102305093,-1.4473480529255338,-1.4672859814431933,4.883284370104472e-05,0.0010000023266507519,0.0015766074182465672,0.035060260662188134,5.5538040055168985
950,-2.2047901513441555,-2.204904358342009,-2.2068142508560755,0.00011418858226740135,1.0,0.001000002823893051,0.0016537579105956094,0.04376035149402495,3.1142516586015807,-1.398731627729204,-1.398752224445343,-1.420499148633745,2.059812347094218e-05,0.0010000021352122228,0.0014761678020780286,0.030116108142667346,5.506557438108657
951,-2.2198080116847776,-2.21993103117313,-2.2210361642657586,0.00012301049142513635,1.0,0.001000002424127229,0.0015073479416797745,0.03167756582733314,2.999329000149133,-1.4307863897747461,-1.4308160132831997,-1.4471423519982232,2.9620279868443807e-05,0.001000002329237759,0.0015032594402631125,0.030781155172735452,5.604869794845581
952,-2.188688093761228,-2.188788173333654,-2.1858695498052634,0.00010008139992659947,1.0,0.0010000030677062722,0.0014208299788769404,0.027552654290185222,3.1985656765272035,-1.3732868446244133,-1.3733253876368205,-1.3959122512075637,3.8549469576941594e-05,0.0010000023913259307,0.0016013104132273131,0.03863311699695057,5.920382277170817
953,-2.200283408164978,-2.200392729831192,-2.207555393003068,0.00010932904650580208,1.0,0.0010000027470150083,0.002992450360665625,0.08644806319531405,3.1571071822688266,-1.3995794680383469,-1.3996168282296924,-1.4196872949600219,3.736399941974216e-05,0.0010000018972075647,0.0014328709493080774,0.03029347602277994,5.725023629930285
954,-2.1959786662515604,-2.196097160285374,-2.194895805052991,0.0001184929794860336,1.0,0.0010000028568407837,0.0015834925634751343,0.03929117685711046,3.189190129064164,-1.4346357199880813,-1.4346605327394273,-1.4552577389611139,2.4805300765567356e-05,0.0010000023007806804,0.001408429221353597,0.024902035089002714,5.527192285325793
955,-2.251285804892486,-2.2513563857888275,-2.254200040169482,7.05665574883515e-05,1.0,0.0010000024900226941,0.001313983590148811,0.020731122698634863,2.796806906754116,-1.3428623636563617,-1.3428738368882074,-1.3575938754611545,1.1476708783043755e-05,0.0010000020834720798,0.0013326143535474936,0.022012509923014376,5.852141846550837
956,-2.1715876696244725,-2.1716645303762183,-2.16309673831148,7.685843222546128e-05,1.0,0.001000003269785699,0.0014279819387977696,0.03191058268278556,3.374972460404882,-1.4392631610234579,-1.4392873803774515,-1.4623260233137343,2.42162909772661e-05,0.0010000037908967998,0.0015802685533546738,0.03436950538307428,5.764140934414334
957,-2.2207732245607197,-2.220843101447483,-2.215352341813861,6.987808166809802e-05,1.0,0.0010000034279348154,0.0014025882053417416,0.02828967232116551,3.007040649090173,-1.388115125232273,-1.3881332476933796,-1.4086345897780523,1.812759372923109e-05,0.0010000026603746745,0.0013983531596346035,0.023347560005883377,5.781582599216037
958,-2.1773609372804748,-2.177452557491806,-2.1831581412621266,9.162449892961754e-05,1.0,0.0010000038386832149,0.001903578801572604,0.050982851587798236,3.313536227874036,-1.3696894089380898,-1.3697138547897338,-1.397977390554216,2.4445106585820516e-05,0.001000002823356125,0.0015295091550797224,0.03172827083617449,6.000933572981093
959,-2.044764021657548,-2.0448703900823055,-2.039551903616707,0.00010636392629371499,1.0,0.0010000035289745286,0.002207405882764537,0.06305042896771205,4.037916844745852,-1.3398281772931417,-1.339898415406545,-1.3605306691593595,7.023223572307162e-05,0.0010000067064538597,0.006825219819115268,0.19070978057053353,7.7909775310092515
960,-2.11007773651267,-2.1101832524785458,-2.1118847739021733,0.00010551547385611625,1.0,0.0010000029139501869,0.002440797050817395,0.07187729298998162,3.623049371647385,-1.4489568246735467,-1.4489853686756557,-1.462509740723504,2.8543505403730603e-05,0.0010000016980080142,0.00173722045082185,0.036333768545753424,5.74866525861952
961,-2.1968732307542047,-2.1969433854211053,-2.202483222169696,7.01590950758952e-05,1.0,0.001000002250602504,0.001770067439449705,0.041491928369790876,3.1412275467278823,-1.4646759284867181,-1.4647167205810547,-1.4893633604049683,4.078456097178989e-05,0.0010000022309314873,0.0017602965934202075,0.03235607008553214,5.5893899069892035
962,-2.1944111563124746,-2.194487173602266,-2.205802022286181,7.60243186410868e-05,1.0,0.001000002281353721,0.0016195249045267701,0.031015791631532164,3.11383318901062,-1.3491605069902208,-1.3491782757971023,-1.3673098895284865,1.777120762401157e-05,0.0010000020498409866,0.0016203102008957003,0.03254777479192449,5.973618486192492
963,-2.1414451554136456,-2.1415678026541225,-2.1396387601798437,0.00012264618614934525,1.0,0.0010000042230734285,0.00395334873981071,0.096282406815521,3.782556232416405,-1.4650544352001613,-1.4650869223806593,-1.4849520550833808,3.248925010363261e-05,0.0010000017575091786,0.0015611863539864619,0.027333651296794416,5.562094910939535
964,-2.1742532185788424,-2.1743655249757587,-2.1751104705738573,0.00011229135517804127,1.0,0.0010000023582317637,0.002516281285832794,0.06542609161082304,3.4092390492277325,-1.4058975285953943,-1.4059232433636983,-1.4341112507714167,2.5714106029934352e-05,0.001000001796314286,0.0015145118658741316,0.022754355282005336,5.759812312655979
965,-2.2295971703979203,-2.229698804189574,-2.2287542909946083,0.00010163062867128624,1.0,0.0010000019167321472,0.001458140997268822,0.028865581694638955,2.946224295868064,-1.3498026874330307,-1.3498175607787237,-1.3628598676787482,1.4885680543051826e-05,0.0010000017626831928,0.0014336236907790104,0.02195288619130022,5.893140972985162
966,-2.1653273735406264,-2.165408143457377,-2.160971166952601,8.078186579470364e-05,1.0,0.001000002744818493,0.0014774810790769614,0.03154214214146981,3.386897473965051,-1.4493309789233735,-1.4493530458874173,-1.467823953098721,2.2071931097242567e-05,0.001000002908727361,0.0016272733764102062,0.028947483261840212,5.635733885235257
967,-2.1981396495171315,-2.198219852627448,-2.19967224462977,8.020788993475572e-05,1.0,0.0010000029556839814,0.0014651663280707205,0.030424427750678558,3.1492295715044127,-1.4428452703687882,-1.4428736050923665,-1.4637002600563898,2.8328349192937214e-05,0.00100000256465541,0.001488880784664717,0.02473777544995149,5.568761560651991
968,-2.2469214313435106,-2.2469762563705444,-2.2531500627409735,5.482776828531949e-05,1.0,0.0010000026745299966,0.0013609474199771318,0.02838804978736729,2.821573365409419,-1.4249066723717583,-1.4249235457844205,-1.439591692553626,1.6880035400390624e-05,0.0010000026810707318,0.0015178883836294214,0.02766893624017636,5.638376267751059
969,-2.2363398772365644,-2.236417406010178,-2.2394479333229786,7.751808976227383e-05,1.0,0.0010000028941815472,0.001373321149621229,0.028552757707898908,2.878061735405112,-1.3708095126681858,-1.370837887128194,-1.3858552681075202,2.8378599219852023e-05,0.001000002515502274,0.0014252472203224898,0.02381291700940993,5.682163821326361
970,-2.2191745065293222,-2.2192769567921475,-2.2189394617980382,0.00010243093348898978,1.0,0.0010000030896714274,0.0018394005480485986,0.046107356981286464,3.079993709078375,-1.4110999200079175,-1.4111194332440695,-1.4223780009481641,1.9511000977622138e-05,0.0010000024922192097,0.0014170492766425013,0.022006721034025154,5.583442274729411
971,-2.17977356235936,-2.179890565152438,-2.1866338050590373,0.00011699688884447205,1.0,0.0010000031731390165,0.0016714801994275371,0.049030025489628315,3.2868365746624066,-1.4115107496579486,-1.4115368631150988,-1.4246127393510606,2.6113374365700615e-05,0.0010000023499338164,0.0014252412779670622,0.023745910740560955,5.601662625206842
972,-2.2452242981712773,-2.245345457544867,-2.247690929556793,0.000121147705698913,1.0,0.0010000025954554385,0.0015444076106057695,0.039817882605107886,2.8604555669820533,-1.361531995402442,-1.361557212140825,-1.3760851091808743,2.5214254856109618e-05,0.0010000023344117735,0.001403550012037158,0.022071251045498584,5.772474659813777
973,-2.248220790107295,-2.248282068180588,-2.234455835144475,6.128116598669088e-05,1.0,0.0010000027008881828,0.001456197256767103,0.02992885551889831,2.966755453145729,-1.2418610652287798,-1.2418836335341135,-1.2590917905171712,2.2571865055296155e-05,0.0010000022568015588,0.0012943832074395485,0.01681402309073342,6.033080175187852
974,-2.2204069798847414,-2.2205209102270738,-2.220186521422188,0.00011393723060499947,1.0,0.0010000030171864157,0.0026859893850138725,0.06961392772050118,3.140091878063274,-1.3899074806107414,-1.389961924817827,-1.4149332457118564,5.443882611062791e-05,0.0010000022335184945,0.0013458026314361227,0.02246371775658594,5.5866978645324705
975,-2.2214955383876585,-2.221601474959895,-2.224721332765975,0.00010593910262269794,1.0,0.001000002393376012,0.0013399244580453015,0.022796336939242087,2.951171744544551,-1.2947874294386967,-1.294811487197876,-1.308006717099084,2.405494451522827e-05,0.0010000023576948378,0.0013207394888417588,0.018554321412617963,5.849867227342393
976,-2.165303185301007,-2.1654105703785733,-2.16982380174241,0.00010738050881421791,1.0,0.0010000040056183934,0.0029738760302897614,0.0649724330331357,3.605940521888013,-1.4239105926619635,-1.4239544643296136,-1.441277527809143,4.3870011965433756e-05,0.001000002616395553,0.001527148658513195,0.027860130348967182,5.696546936035157
977,-2.219873212418466,-2.219992363227988,-2.2200859312741263,0.00011913450259082722,1.0,0.0010000025998484696,0.0014052518669797002,0.027098314212810882,3.015095888443713,-1.4092361715104846,-1.4092595418294271,-1.4258359273274739,2.3361129893196953e-05,0.0010000020627760225,0.0013685521747296054,0.019936015746659704,5.548873111936781
978,-2.2102533893765144,-2.2103356617801593,-2.203007477634358,8.226017344672725e-05,1.0,0.0010000025449355817,0.0013653028268753638,0.026964136671696632,3.08669709259609,-1.2301755852169458,-1.230194287829929,-1.2432172722286647,1.870253019862705e-05,0.0010000023007806804,0.0014273737505492237,0.02449265638780263,6.39846232732137
979,-2.1628090098219097,-2.1628938530975916,-2.1661887956115433,8.483104548364315e-05,1.0,0.0010000033927905672,0.0014530474096009472,0.028057126301990927,3.364357161072065,-1.4124228596687316,-1.4124561733669705,-1.4351477358076308,3.330864840083652e-05,0.0010000030898178617,0.0015127530580179558,0.02631538361310959,5.825454966227213
980,-2.267409662030778,-2.2674693341525094,-2.2674493699703575,5.96646711511432e-05,1.0,0.001000002935915342,0.0013175141637406821,0.023705699762224027,2.715162826034258,-1.4342991325590346,-1.4343219346470304,-1.4464262578222487,2.2801260153452556e-05,0.001000002652613653,0.0013516832919170459,0.02065884838294652,5.448446199629042
981,-2.192704675332555,-2.1927937269210815,-2.1884872755914366,8.906051516532898e-05,1.0,0.0010000031994972026,0.0013771646673668106,0.02774522084531919,3.1972465964983092,-1.196129443910387,-1.1961599747339884,-1.2189511954784393,3.053148587544759e-05,0.0010000030044466258,0.0015033436861510078,0.0324274138133559,6.600746568044027
982,-2.2086968849290094,-2.2087771060331813,-2.213387711992804,8.02246888853469e-05,1.0,0.0010000036805340984,0.002233648775936157,0.06620358728434679,3.144338477332637,-1.3226758347617256,-1.322698065969679,-1.340317267841763,2.2226158115598892e-05,0.0010000022335184945,0.0013705803935105602,0.02205911423597071,5.819994714525011
983,-2.267166148941472,-2.2672187022443087,-2.268154079059385,5.2566376497160716e-05,1.0,0.0010000025339530043,0.001304062447985107,0.02259076015039716,2.688955783843994,-1.4146539992756313,-1.4146689772605896,-1.4258030745718213,1.4982206953896416e-05,0.0010000024249570238,0.0012960365947542918,0.019283338118758465,5.471193642086453
984,-2.2696747105076627,-2.269734989922002,-2.2727276896530726,6.0273931836182215e-05,1.0,0.0010000029512909504,0.0012871641468010701,0.021581422168550628,2.6705033284313275,-1.3568605436219106,-1.356870307524999,-1.3724578804439969,9.76282689306471e-06,0.001000002277497616,0.0012705032041089403,0.0175731572529508,5.601184495290122
985,-2.2036131395483918,-2.2037170608088656,-2.1983848585272736,0.0001039358804810722,1.0,0.0010000034345243618,0.0013658293228561305,0.025984446026103676,3.131359023867913,-1.4127248353428312,-1.4127590086725024,-1.421097497145335,3.4172336260477705e-05,0.0010000027147018247,0.0014402886257610388,0.02556393113401201,5.741299862331814
986,-2.270303150392928,-2.2703765653214365,-2.2751282700952493,7.340628302322243e-05,1.0,0.00100000346966861,0.001316287405437456,0.02364644880037544,2.6690335116296446,-1.3259759373135038,-1.325997437371148,-1.3434435248374939,2.1496415138244628e-05,0.0010000025775904456,0.001249436702993181,0.014867581297746964,5.702270979351467
987,-2.182167244407366,-2.1822840537665025,-2.1721646628289855,0.00011680493096135697,1.0,0.001000003869434432,0.0014366334488720826,0.031251692371267195,3.2957024169418045,-1.4399617261356779,-1.4399793399704828,-1.454254322581821,1.7615904410680136e-05,0.0010000031777761048,0.0014799013656253616,0.026825256024797756,5.495749266942343
988,-2.248563492073203,-2.248645822956877,-2.2482795130531743,8.232877501901591e-05,1.0,0.0010000029512909504,0.0013465044936516657,0.02419133327971652,2.819604666727894,-1.2993735975689356,-1.2994003348880343,-1.3132378511958651,2.673715353012085e-05,0.0010000026112215387,0.0013714962457824084,0.021921878007964954,5.948036649492051
989,-2.13957893623496,-2.139701208978329,-2.1368134179205263,0.0001222837786629515,1.0,0.0010000040846929517,0.0015297017855358855,0.03104758938282447,3.482214720744007,-1.3977596362431843,-1.3978077822261386,-1.4254860308435229,4.814374778005812e-05,0.0010000042281010084,0.0016635089543544585,0.03614688106916017,5.874048762851291
990,-2.253883278594827,-2.25395171822242,-2.2497696224248633,6.843147412785943e-05,1.0,0.0010000030720993033,0.0014374815630462934,0.03016738699889689,2.8579882495808153,-1.4141610132323372,-1.414195806450314,-1.4305050492286682,3.479777110947503e-05,0.001000002634504603,0.0014000270308719741,0.02352633886039257,5.496208402845594
991,-2.176342601202569,-2.17642507196035,-2.1763621259410426,8.247406134065593e-05,1.0,0.0010000029864351986,0.0014734515779704419,0.033853117736794475,3.1841876799205564,-1.4041132463349233,-1.404164073202345,-1.4271169635984633,5.082951651679145e-05,0.0010000046161520813,0.0025331817644958696,0.054994641285803586,6.473241456349689
992,-2.2337414948445447,-2.2338185625256233,-2.2335950833446576,7.70737961778101e-05,1.0,0.0010000028810024542,0.0014405262805872931,0.028919981511415175,2.925488773381935,-1.3678903275065954,-1.3679114633136324,-1.3921589255332947,2.1134896410836115e-05,0.001000002652613653,0.001518813075704707,0.02846546746376488,5.806969939337836
993,-2.185384012618155,-2.185455799102783,-2.186791134330462,7.179998001962338e-05,1.0,0.0010000032192658422,0.001684782795941914,0.0415178078209173,3.2148597510355823,-1.408906670411428,-1.4089309414227804,-1.4249128805266487,2.4268941746817694e-05,0.0010000022697365947,0.001475754292267892,0.026560951810744075,5.624099657270643
994,-2.226629954464031,-2.2267052407534615,-2.2199474663104652,7.528825750890767e-05,1.0,0.001000002966666559,0.0015739109454992806,0.026973052433568914,3.0879166621082232,-1.3406787541177536,-1.3407019350263807,-1.3551439722379048,2.316964997185601e-05,0.0010000031932981478,0.0015202440476665894,0.025401277338258095,5.9422820197211355
995,-2.245489736772933,-2.2455495573439688,-2.2475204625219667,5.9818602957815494e-05,1.0,0.001000002610831047,0.001358245694921967,0.025031157892267657,2.859538213262018,-1.4091206391652427,-1.409147114223904,-1.4225772142410278,2.6468601491716174e-05,0.001000002342172795,0.0014213483858232696,0.026553132488495775,5.567741457621256
996,-2.2648678815589762,-2.264930594642207,-2.2673413528586335,6.271223976926983e-05,1.0,0.0010000026745299966,0.0012823995993525353,0.022811650562117685,2.728824399552255,-1.2781597759988574,-1.2781759526994494,-1.2911047789785597,1.617959804005093e-05,0.0010000028337041537,0.0013516513423787223,0.02230761859876414,5.906584633721246
997,-2.1850051722436583,-2.1851105959910266,-2.193133203488476,0.0001054250125615102,1.0,0.001000004064924312,0.0015544793019422664,0.04270360805094242,3.1419696942815243,-1.3569763461748758,-1.3570133500629,-1.3694323049651251,3.700157006581624e-05,0.001000002939771447,0.0014710210315469238,0.029380152069239152,5.866845501793756
998,-2.2291245932848947,-2.2293203461844966,-2.2386020399489492,0.0001957362412281756,1.0,0.0010000032390344818,0.0014493643099723278,0.03743105149775181,2.9382851843564017,-1.4147310574849448,-1.414767865339915,-1.4320335215992397,3.6806282069947985e-05,0.0010000030018596185,0.0014706858614873554,0.027313826253844632,5.604550382826064
999,-2.225120443218159,-2.2252148839662658,-2.223252289700058,9.444102926074334e-05,1.0,0.0010000031929076562,0.0013382615244789224,0.027215902939579397,2.925870809914931,-1.314630769358741,-1.3146475222375658,-1.3214719043837653,1.6749733024173314e-05,0.0010000025853514672,0.0013464603754174379,0.020774598264445863,5.756383609771729
1000,-2.1205517031111807,-2.1206643480174945,-2.113431450330986,0.00011263141092264427,1.0,0.001000005270811325,0.0045108031942772695,0.09557863494451597,4.0753467082977295,-1.3825297925207352,-1.3825721780459086,-1.4070818146069846,4.2385194036695696e-05,0.001000002277497616,0.0017799596146990855,0.03964421699444453,5.931691593594023
1001,-2.19058680759286,-2.190663364698302,-2.1905598055641606,7.655457505639995e-05,1.0,0.0010000028963780628,0.0014234716973249924,0.02724008122459054,3.1376247675913684,-1.4340403768751357,-1.4340580768055387,-1.4599015553792318,1.7702496714062162e-05,0.0010000032165812121,0.001652200985699892,0.031976733998292026,5.723559199439154
1002,-2.22487514198951,-2.224951204263939,-2.224414991882612,7.606037663963605e-05,1.0,0.0010000031336017375,0.001443769057931484,0.03070650250598226,2.987739216606572,-1.4398121264245773,-1.4398381617334155,-1.4537313554022047,2.6032990879482694e-05,0.0010000026034605173,0.0014324251872797806,0.023629175861262612,5.485712258021037
1003,-2.1948238521252037,-2.1949408279274993,-2.194469834273716,0.00011697334219824593,1.0,0.001000003430131331,0.0024420326193443165,0.07181113299404113,3.2660124571818225,-1.4252912190225389,-1.4253261619144015,-1.4365406764878168,3.4937842024697195e-05,0.0010000024223700166,0.0014073856795827548,0.023184563607598345,5.464670186572604
1004,-2.2003196320443785,-2.2004095338425547,-2.1883971646146954,8.989329326827571e-05,1.0,0.0010000025339530043,0.0014315590323915458,0.030082958328695793,3.1899616808261513,-1.3683159881167943,-1.368351197242737,-1.386326217651367,3.519861234558953e-05,0.0010000026914187604,0.001457994501106441,0.027670478934629095,5.753145811292859
1005,-2.1780749936148807,-2.178181767744838,-2.1829017108341433,0.00010677947188323399,1.0,0.0010000028831989697,0.0032655395136900107,0.07525636385774838,3.3417427269917614,-1.3841713388760888,-1.3842107441690232,-1.3972070667478773,3.940222991837396e-05,0.0010000023913259307,0.0015733704928101765,0.029970626243286662,5.895479657914904
1006,-2.196903062316607,-2.1970018103437603,-2.1950640498467213,9.876461523883747e-05,1.0,0.0010000026218136245,0.0017957523408047152,0.056295555541818997,3.148963658314831,-1.4266066908836366,-1.426628459824456,-1.4469926741388108,2.1765712234708998e-05,0.0010000023395857877,0.0014583022721732656,0.02214784619087974,5.704092174106174
1007,-2.2658760457668663,-2.265938513683823,-2.266900213259571,6.248478619557507e-05,1.0,0.001000002107828996,0.0013276767710504948,0.02580985462925625,2.7151345554387794,-1.3882876846525403,-1.388311125172509,-1.403192208872901,2.344159616364373e-05,0.0010000021688433157,0.0013548609024534623,0.018389273672882053,5.593390454186334
1008,-2.2488220975084126,-2.248886193869249,-2.2481703915685975,6.410549834089459e-05,1.0,0.0010000025954554385,0.001518151804119489,0.030048945250938524,2.8641216507497824,-1.40200936794281,-1.4020309580696955,-1.4134475946426392,2.1598488092422486e-05,0.0010000021171031727,0.0013035558759131366,0.016433810820389125,5.588870689604018
1009,-2.2426579718319877,-2.2427168994579674,-2.236651605030276,5.89145523197246e-05,1.0,0.001000002784355772,0.0012985771073836764,0.02151652687352221,2.9127511573287674,-1.3157207753923204,-1.3157349361313715,-1.3284057908587985,1.4166451162762112e-05,0.0010000024948062169,0.0013189525136517153,0.0168869373595549,5.847059345245361
1010,-2.2195097073069157,-2.219582249533455,-2.2191694862437696,7.254075048104772e-05,1.0,0.0010000034498999703,0.0014459059358451446,0.030122670142928947,3.032422567313572,-1.4475599567095436,-1.4475823720296224,-1.4706151260270013,2.2409111261367796e-05,0.0010000027767899963,0.0013778899459996156,0.020205058147095972,5.487139828999838
1011,-2.2594089957903014,-2.259470671977637,-2.2621609062518715,6.168061551058067e-05,1.0,0.0010000031973006872,0.001291620632949865,0.020506055252450816,2.749420053554031,-1.422775199678209,-1.4227866662873163,-1.4436836944686042,1.1477039919959174e-05,0.0010000028647482394,0.0012986336058626571,0.017361253779381514,5.407918246587117
1012,-2.2151157001279436,-2.2151860358580104,-2.2066032549120345,7.036539181223456e-05,1.0,0.0010000032653926679,0.0014118472298712663,0.029538792127497354,3.1543725931419515,-1.3152859634823268,-1.3153065853648715,-1.3256358914905124,2.061906788084242e-05,0.001000002823356125,0.001416564166235427,0.025262492574337457,5.942987134721544
1013,-2.2458601357801906,-2.24592543323085,-2.253071474579145,6.531727201533768e-05,1.0,0.0010000036212281798,0.0014841601401918902,0.03502136755312951,2.85299551486969,-1.3522804949018692,-1.3523009419441223,-1.364682632022434,2.0448284016715157e-05,0.001000002875096268,0.0013772196860777008,0.022855056351464655,5.7432964960734045
1014,-2.2747353832676724,-2.2748067918813453,-2.268548994694116,7.138555904604354e-05,1.0,0.0010000029029676094,0.001262339693054838,0.02191001300717581,2.7001562028560997,-1.4395871188905505,-1.439605700969696,-1.4533057239320544,1.85821619298723e-05,0.0010000031648410691,0.0013652916894190841,0.021440843896319468,5.320626248253716
1015,-2.248241755197633,-2.2483148484859825,-2.248417190785678,7.310734604889492e-05,1.0,0.0010000035399571061,0.0013145296087593965,0.023652775116475684,2.823562945959703,-1.336662264664968,-1.3366734478208753,-1.353724267747667,1.1187874608569675e-05,0.00100000300962064,0.0013908605298234356,0.024922946819828616,5.724614355299208
1016,-2.2006965403286918,-2.200754572760384,-2.2015263202055446,5.803130707650814e-05,1.0,0.001000003647586366,0.0013346384007061989,0.02520007829902307,3.128464158975853,-1.4289861109521658,-1.4290161967277526,-1.447692170408037,3.0084699392318726e-05,0.0010000042798411514,0.0016382229876601034,0.037427745438698264,5.720662095811631
1017,-2.2595334772793754,-2.2595849509509103,-2.2633188760505534,5.1474866439711375e-05,1.0,0.0010000039067751957,0.001670078176759043,0.04460836757185324,2.742258317065689,-1.4026111920674642,-1.4026406778229608,-1.4168340682983398,2.94892324341668e-05,0.0010000028104210892,0.0013710151426494122,0.019840252704711424,5.471878178914387
1018,-2.269076835434392,-2.269167180331248,-2.270192967270905,9.03466540687489e-05,1.0,0.0010000030369550553,0.0012453759620669035,0.018633080918763607,2.660469889640808,-1.4195223397678798,-1.4195411602656047,-1.4368577904171413,1.8811805380715264e-05,0.0010000033381705484,0.0014367937860596512,0.026907003050049148,5.460017638736301
1019,-2.160197343466417,-2.160268614876945,-2.1667213552403,7.127281629814292e-05,1.0,0.0010000045130134753,0.0016089816828135331,0.040555250874878664,3.3641182049265446,-1.4747663113805987,-1.4747917744848462,-1.4913095421261258,2.545987566312154e-05,0.00100000380900585,0.001553643295644886,0.030540556812451946,5.456538883845011
1020,-2.2448353654933424,-2.244906380491437,-2.2404218934616953,7.103538175798812e-05,1.0,0.0010000033334846485,0.0013502147048711777,0.023993287832950645,2.871347431866628,-1.4450247950024075,-1.4450425505638123,-1.4680984656016032,1.775961783197191e-05,0.001000003128622969,0.0014221681281924247,0.021749718952924012,5.496910821066963
1021,-2.234834167192567,-2.2349016036627427,-2.2298195834429757,6.744349902530887e-05,1.0,0.0010000032939473694,0.0015705932164564729,0.040366087521795394,2.9873166534135924,-1.3540979981422423,-1.3541271819008722,-1.376515887843238,2.9183013571633233e-05,0.001000002701766789,0.0014237314152220884,0.02418786207627919,5.515082422892252
1022,-2.2642832881999464,-2.2643268738152846,-2.260926561535529,4.358969207079905e-05,1.0,0.0010000027316394,0.0012544571127707385,0.018431572305073717,2.733089937354034,-1.3861233340369332,-1.3861439850595263,-1.3902444177203708,2.0651850435468886e-05,0.0010000034752819273,0.0014569400059473183,0.029704547921816506,5.656214920679727
1023,-2.148236099279152,-2.1483017363638246,-2.14368607413094,6.563286736326397e-05,1.0,0.0010000039902427849,0.0013731556311952619,0.02662416507999571,3.268282989286027,-1.4389494061470032,-1.4389886299769084,-1.4484630134370593,3.923078378041585e-05,0.001000005583692756,0.0030526520632621315,0.10815874526484145,6.207759994930692
1024,-2.1250386035667277,-2.1251203249085626,-2.1205096177335054,8.171466442773927e-05,1.0,0.0010000042428420682,0.0022265703377823505,0.07472143550666999,3.6762068406590878,-1.4235900402069095,-1.4236239910125732,-1.4440855026245116,3.39595807923211e-05,0.0010000024792841738,0.0019339155198799239,0.053299497274888884,5.796681616041396
1025,-2.257581153005924,-2.257647604312537,-2.259948451563997,6.644006045359486e-05,1.0,0.0010000024570749615,0.0013831433167962252,0.026752473970980576,2.744400204352613,-1.3122189190652633,-1.3122440112961664,-1.3408477279875013,2.509330709775289e-05,0.0010000020524279939,0.0015088214927042524,0.03027009835673703,5.786702622307671
1026,-2.202613023092162,-2.2026897916254007,-2.1950386425234236,7.67578493874028e-05,1.0,0.0010000027909453184,0.0015617768864481236,0.04669698428819483,3.1443562552614033,-1.447395122051239,-1.4474246939023336,-1.4678121315108406,2.9568539725409614e-05,0.0010000042306880156,0.0017580406248776448,0.036142919729981154,5.74461285273234
1027,-2.2321453949190535,-2.232204207834208,-2.2303244572765424,5.882999525879914e-05,1.0,0.0010000030808853654,0.001383137513602258,0.027429074497085135,2.9373138355758956,-1.4205153187115986,-1.4205379168192545,-1.4451619784037273,2.260530988375346e-05,0.001000002856987218,0.0015921775406847398,0.031510506497903004,5.532535595364041
1028,-2.2772031505152865,-2.2772552787132985,-2.2736450546192675,5.212278579765896e-05,1.0,0.001000002793141834,0.0012477805666660643,0.01787326678211959,2.676114226287266,-1.431856920984056,-1.431878764099545,-1.4489300635125901,2.18360788292355e-05,0.0010000030380777187,0.0014463824815013342,0.026351985402612223,5.4897983868916835
1029,-2.241517235647957,-2.241565560394863,-2.2404385467745223,4.832362228969358e-05,1.0,0.0010000037969494203,0.0015255599941636593,0.035429562099348264,2.9259746794430717,-1.2261733637915715,-1.2261943883366055,-1.2467707488271924,2.1032989025115967e-05,0.0010000034131937556,0.0015431184554472565,0.027070044902049832,6.160377608405218
1030,-2.202215205948308,-2.202302262468158,-2.2049724605848207,8.705314600242759e-05,1.0,0.0010000038540588234,0.0013730759064684499,0.026190139933155394,3.0775573748462604,-1.4887983944680956,-1.4888311015235054,-1.5125199251704746,3.2712601953082616e-05,0.0010000034390638271,0.0015976074462135633,0.0314604821201,5.355760558446248
1031,-2.207867827055589,-2.207924767485205,-2.206303154522518,5.694928596604545e-05,1.0,0.0010000035179919512,0.0015459286514669657,0.03323248067413861,3.1208549602976383,-1.4189979606204566,-1.4190357327461243,-1.4503089984258015,3.777287072605557e-05,0.001000004287602173,0.002186807180340919,0.054146211728867556,5.819209829966228
1032,-2.2214897466155716,-2.221597916675064,-2.2271173315228157,0.0001081847497877085,1.0,0.0010000031423877994,0.0015703802401164793,0.038231881423238315,2.9894749016131996,-1.4562715305222405,-1.456337234708998,-1.4797761056158278,6.570170323053996e-05,0.0010000026965927746,0.0015833918729590045,0.02976373571695553,5.451248137156169
1033,-2.217947187288752,-2.2180651133915164,-2.209173840171886,0.00011792982805450008,1.0,0.0010000040012253623,0.0016278372418557137,0.05535260768044951,3.0111145051020496,-1.4283374441994565,-1.4283996595276727,-1.4561561293072172,6.22173978222741e-05,0.0010000030018596185,0.001654673918771247,0.03608013026209341,5.433907768461438
1034,-2.274613861767751,-2.2746818875366785,-2.2631370841332203,6.802120017555524e-05,1.0,0.0010000025317564887,0.0012339149197598672,0.015975541786624574,2.7199925769050166,-1.3784160441822477,-1.3784447312355042,-1.3969253963894315,2.8687963883082072e-05,0.001000003007033633,0.0015019240608024928,0.029492514373527633,5.5568615913391115
1035,-2.2430515401768236,-2.2431063629546255,-2.251140873387175,5.4852158393499986e-05,1.0,0.0010000035509396836,0.0012978501354326617,0.021978338187525294,2.8106871191060767,-1.264841866493225,-1.2648629950152503,-1.2851662741767036,2.112728026178148e-05,0.0010000031648410691,0.0014878471330222157,0.02803448385869463,6.019472122192383
1036,-2.05460856883031,-2.0548091733230733,-2.0457538664340973,0.00020059893997210375,1.0,0.0010000055673409184,0.004374723558595299,0.13360427949085552,4.185065723815054,-1.5199361801147466,-1.5201166616545783,-1.5456878079308405,0.00018047657277848986,0.001000002329237759,0.0015908136420572797,0.03027272502788239,5.465266312493219
1037,-2.232741011763519,-2.2328509542177306,-2.2325659675418206,0.00010993184064919094,1.0,0.0010000022484059885,0.0014837679918855429,0.03316051527014319,2.914516750371681,-1.452007207605574,-1.4520686758889092,-1.475275609228346,6.146737270885044e-05,0.0010000023525208236,0.0015288060893201166,0.026395617860058944,5.610392517513699
1038,-2.2445846278712436,-2.244687896854473,-2.2463096717618547,0.00010327017813358666,1.0,0.0010000030171864157,0.0022092991451434086,0.06433620239730994,2.9583090408793034,-1.4163391616609364,-1.4163839671346876,-1.4389897439214918,4.4790407021840416e-05,0.0010000023473468091,0.001398478471674025,0.0204094587566538,5.517830912272135
1039,-2.2391627419669673,-2.239249006757196,-2.244619947559429,8.625874541840463e-05,1.0,0.0010000027492115238,0.0013210237496268918,0.023285844082118205,2.8410164747598037,-1.4519473393758138,-1.4519639915890163,-1.4723842951986525,1.6650391949547662e-05,0.0010000028311171465,0.0014746397578467925,0.027109713500572577,5.555854733784994
1040,-2.2478872942474655,-2.2480071625619567,-2.243892087126678,0.00011987534334074776,1.0,0.0010000030720993033,0.00238766543619897,0.06342040048033562,2.93920909233813,-1.4461417701509265,-1.446178929011027,-1.462858834531572,3.7153893046908906e-05,0.0010000020989941226,0.0013050123842226135,0.01554309162311256,5.408961857689752
1041,-2.2503864270336225,-2.250467057497996,-2.251665614685922,8.061626609766258e-05,1.0,0.0010000024922192097,0.0012499651572895499,0.01726211727825257,2.830642133388879,-1.38317883544498,-1.3832110073831347,-1.4030635409884982,3.218071328269111e-05,0.0010000028776832753,0.0013237053088636863,0.017921782202190824,5.760238054063584
1042,-2.23816146715632,-2.2382368051780843,-2.2369366186969684,7.533120378008429e-05,1.0,0.0010000035399571061,0.0017721671193732687,0.044960098727694096,3.010701739563132,-1.3767295731438531,-1.376741725868649,-1.397121090359158,1.2151234679751925e-05,0.0010000031027528975,0.0012900201267459326,0.016640372895118265,5.609470759497748
1043,-2.234463041683413,-2.2345483887870357,-2.237621673997843,8.536151276444489e-05,1.0,0.0010000030742958188,0.0023601759018657626,0.06279823712055695,3.0288444082691983,-1.4056666360961068,-1.4056942065556843,-1.4230478286743165,2.75712874200609e-05,0.001000002362868852,0.0013808572043975194,0.021154019102040265,5.594088130527073
1044,-2.2639335596336507,-2.263989821919855,-2.2661580342166827,5.6268260726388895e-05,1.0,0.0010000026899056051,0.00126078128067882,0.020448908816039,2.7174069386608197,-1.4581080887052746,-1.4581224772665236,-1.4735647678375243,1.4385912153455946e-05,0.0010000026707227031,0.0013446704484522342,0.01912645741055409,5.3715479903750945
1045,-2.2059037392994143,-2.2059832698893995,-2.2039823329673625,7.952574007916e-05,1.0,0.0010000035970665093,0.0016057358435267266,0.047045656312959934,3.050620247732918,-1.3087360501289367,-1.3087788303693135,-1.3332000017166137,4.2786200841267906e-05,0.0010000026784837246,0.0013801606294388572,0.021298801076288024,5.931306531694201
1046,-2.2523799347427658,-2.2524400612093367,-2.245070066092149,6.0128294072061215e-05,1.0,0.0010000030786888499,0.0013365091114603685,0.02711943600256488,2.8687561997827493,-1.4323399066925049,-1.4323621975051033,-1.4341559158431159,2.2288991345299613e-05,0.0010000028259431323,0.0012943572364747524,0.01943340612989333,5.447147311104668
1047,-2.1536045524309264,-2.1536713613654084,-2.1431748057311437,6.680724755773004e-05,1.0,0.0010000043658469364,0.0016927455446489577,0.04250654179321708,3.571297641070384,-1.4346976399421691,-1.4347230712572734,-1.4535228583547803,2.542767259809706e-05,0.0010000046782402529,0.0016966196372070247,0.040020975780983764,5.772279930114746
1048,-2.285798675609085,-2.285846804672817,-2.285529667476438,4.8138904121686825e-05,1.0,0.0010000033400741951,0.0013123884432474679,0.024254373406534486,2.58610634308941,-1.42788780397839,-1.4279020574357775,-1.4386577049891154,1.4250477155049642e-05,0.0010000026215695674,0.0013722627708274457,0.024528049118816852,5.376173883014255
1049,-2.281094838988106,-2.28115251379193,-2.281202662665889,5.765877804666195e-05,1.0,0.001000002949094435,0.0012371179226012725,0.018786185886710882,2.6148482898496233,-1.4123664047982956,-1.4123819046550328,-1.4300107810232374,1.549431019359165e-05,0.001000002753506932,0.0013355367635894152,0.020819032719979685,5.435568629370795
1050,-2.273721787164796,-2.2737829527764952,-2.271907496002485,6.116518996796517e-05,1.0,0.001000003118226129,0.0012563379977847326,0.02115139018146778,2.6595382218090995,-1.3418585260709126,-1.3418829772207472,-1.3543547564082676,2.4454626772138808e-05,0.0010000031493190263,0.001332105465957688,0.023665933010892735,5.584507295820447
1051,-2.1420521511221833,-2.1422058118964142,-2.142219880841813,0.00015366759221508818,1.0,0.0010000046074636422,0.001652685268606358,0.046022953685232494,3.4274506928785793,-1.349573145972358,-1.3496302167574565,-1.3590802179442512,5.70692949824863e-05,0.0010000037469176783,0.0017503295973357227,0.04022557582292292,6.085378254784478
1052,-2.217174566017007,-2.217244582356147,-2.2136631124424486,7.001662029410308e-05,1.0,0.0010000031204226445,0.001386320055901723,0.02702685779417461,3.0242376215053053,-1.4380293660693697,-1.4380615856912402,-1.4563263085153368,3.221448924806383e-05,0.0010000028466391894,0.0014591021256314383,0.02822187463235524,5.498114151424831
1053,-2.221954599866327,-2.2220397422898492,-2.212608647796343,8.512703034113038e-05,1.0,0.0010000033774149586,0.0016979995416477323,0.05502074498261483,3.106839769291428,-1.4873819033304847,-1.487411348025004,-1.5081534412172106,2.945032384660509e-05,0.0010000027897250322,0.0014658800274547604,0.02375491749909189,5.438239585028755
1054,-2.2544794937349715,-2.254538522576386,-2.2455238711159184,5.901148015598081e-05,1.0,0.001000002931522311,0.0013089938888783163,0.02300442171827802,2.857870727215173,-1.45902013513777,-1.4590407252311706,-1.4816009084383646,2.0598702960544163e-05,0.001000002924249404,0.0013360368139627907,0.01976002661200861,5.319940614700317
1055,-2.2025533262288794,-2.2026167658140077,-2.198985898269797,6.34362815685992e-05,1.0,0.0010000034652755789,0.0015549509004109873,0.037777915034654004,3.116829478515769,-1.453616911835141,-1.4536397470368279,-1.471721363067627,2.2832883728875053e-05,0.0010000035451311203,0.0015259972075000404,0.030756955842177074,5.617823113335503
1056,-2.2423546179285587,-2.2424291349806875,-2.2341951176805317,7.452183174637128e-05,1.0,0.0010000037947529047,0.001616882195450225,0.04330957640524743,2.947264180993134,-1.3666039334403144,-1.3666314204533896,-1.3905532187885707,2.748709585931566e-05,0.0010000026448526316,0.0013962432949079407,0.0206170251696474,5.56971796883477
1057,-2.26072256070263,-2.2607726600934877,-2.2684681280603947,5.009032364161509e-05,1.0,0.0010000033862010208,0.0013835590622686552,0.02570821173524238,2.7436468623719126,-1.4708304458194308,-1.4708512504895528,-1.4945768978860643,2.0810961723327635e-05,0.0010000032864304052,0.0014327101952706775,0.02429280839860439,5.294347153769598
1058,-2.2539015963392437,-2.2539820086281255,-2.2486561266881115,8.040476801260463e-05,1.0,0.0010000030962609738,0.0023983788856674197,0.05087483757755385,2.950415260386917,-1.4033083213700188,-1.4033381276660495,-1.4200667222340901,2.9811097515953913e-05,0.0010000023033676876,0.0014160857510028613,0.026829640484518476,5.450155819786919
1059,-2.249916908875951,-2.249985820842239,-2.255917234240838,6.891899513748456e-05,1.0,0.0010000026789230277,0.0012538095382657254,0.01833069492307193,2.732304719259154,-1.4459215985404121,-1.4459744466675652,-1.4674944361050923,5.284779601626926e-05,0.0010000035321960847,0.001616249111894932,0.03366847816440794,5.602087741427951
1060,-2.2523266167010902,-2.252407060479218,-2.258164959133796,8.045910102016521e-05,1.0,0.001000003162156439,0.0013278828349561904,0.025430677854016703,2.7903358441478803,-1.349180891778734,-1.349206527074178,-1.368885428375668,2.564249767197503e-05,0.0010000031312099762,0.0014812167345856627,0.028724304415906468,5.77686774995592
1061,-2.2615582515608588,-2.2616225683464193,-2.2675416964404986,6.43132008471579e-05,1.0,0.001000003561922261,0.0013801555109719903,0.028275987678119598,2.714945325311625,-1.3785548395580716,-1.3785693671968249,-1.3941181394788953,1.452540357907613e-05,0.00100000304583874,0.0013262542094000511,0.021222403267812398,5.448067363103231
1062,-2.2016280214741544,-2.201706238512723,-2.20143704369383,7.821858491537705e-05,1.0,0.001000003669551521,0.002394052286070051,0.06890510434706537,3.3355240192053452,-1.4621762712796527,-1.4622032483418783,-1.479576415485806,2.697938018374973e-05,0.0010000029604675042,0.0015642779568831127,0.03408442319681247,5.462012767791748
1063,-2.2805103558414386,-2.280563966283258,-2.2823644111741266,5.3604397009003835e-05,1.0,0.0010000027360324308,0.0012619098569354359,0.02238412447414308,2.600978950284562,-1.3730533361434938,-1.3730792747603522,-1.3957954234547085,2.5940934816996255e-05,0.0010000028000730608,0.0013609066709048218,0.021433123516746692,5.512241787380644
1064,-2.2560650402644895,-2.2561324137561725,-2.258264177250412,6.737004754678258e-05,1.0,0.0010000032082832647,0.002036676370925358,0.04660882444103372,2.8127090616046257,-1.3960998468928871,-1.3961187932226393,-1.4150051487816704,1.8941528267330593e-05,0.0010000024146089952,0.0012500797372518315,0.01463978905748162,5.3639240052964965
1065,-2.281233531124187,-2.2812708188902655,-2.272866966589442,3.7264711451980304e-05,1.0,0.0010000024944157252,0.0012429075025654627,0.020974074358577437,2.662152776178324,-1.428279491265615,-1.4282916373676724,-1.4464962787098354,1.2140307161543104e-05,0.001000002531024317,0.0012740300476758017,0.014892655507557922,5.294783189561631
1066,-2.264645239092269,-2.2647069535165465,-2.2676699476422004,6.17014911939513e-05,1.0,0.001000002935915342,0.0012407762499280133,0.02092011294872412,2.72216830388555,-1.3963243722915648,-1.3963422987196181,-1.4217408299446106,1.792626248465644e-05,0.0010000029527064828,0.0013788138878428275,0.021735869937886794,5.663478575812446
1067,-2.206439065483381,-2.2065005055013693,-2.2136724737455262,6.143066961810273e-05,1.0,0.0010000040824964362,0.0014806102789973593,0.03325991767441046,3.0892356229278275,-1.4537407053841485,-1.453768006960551,-1.4666271527608237,2.7299920717875162e-05,0.0010000032916044196,0.0014804581568265954,0.029623070918023586,5.403116904364691
1068,-2.2055570089592123,-2.205619413897676,-2.1983656343424096,6.241393539140809e-05,1.0,0.0010000037859668428,0.0032149464515793436,0.06628812669407365,3.4462324313397676,-1.3410974886682299,-1.341130136118995,-1.3690015514691671,3.2646457354227704e-05,0.0010000027379848892,0.0016524979767079155,0.03577979590950741,5.9765243848164875
1069,-2.244934322699061,-2.245020234359885,-2.243786078579021,8.591854909680924e-05,1.0,0.0010000028041244116,0.001440554556331404,0.03636366998741649,2.85823304248306,-1.3148313581943514,-1.3148563034004634,-1.337035756640964,2.4947358502282036e-05,0.0010000021998874016,0.0013610243926652603,0.018892892258655695,5.904878584543862
1070,-2.112999252553256,-2.1131649500918837,-2.1032421937528647,0.0001656992255516772,1.0,0.0010000031467808305,0.0049600392703037215,0.10761857145237473,3.9388853738892755,-1.4192397634188332,-1.4194113267792596,-1.4428038318951926,0.00017155913843048943,0.001000002393912938,0.0016043821608440743,0.027725064216388595,5.753669081793891
1071,-2.2766263282523966,-2.276701861957334,-2.276080990737339,7.55521205236327e-05,1.0,0.0010000019299112402,0.0012887545733905907,0.021153112407773733,2.6425415547388904,-1.4361743185255262,-1.4362029883596632,-1.4481335719426474,2.8663790888256497e-05,0.0010000019722307722,0.0013511809054762125,0.019436529051098557,5.40618486934238
1072,-2.2488958363263114,-2.248956468870055,-2.2506545579658366,6.063247345528513e-05,1.0,0.0010000025119878493,0.0019597671618509405,0.05190315053640109,2.8726537047692067,-1.417960290114085,-1.417986559867859,-1.438295680946774,2.6266773541768392e-05,0.0010000020524279939,0.001351775580810176,0.020551494736638334,5.466179349687365
1073,-2.28089562002218,-2.28094741083541,-2.2846233934726357,5.179664717530304e-05,1.0,0.001000002272567659,0.0012471198108714987,0.01960218961368192,2.597220594028257,-1.419775618447198,-1.4197901288668315,-1.4382079005241395,1.4517207940419515e-05,0.0010000023318247663,0.001319976091488368,0.018413407246892652,5.299087789323595
1074,-2.2268244860307225,-2.2268758427422,-2.2384913529989854,5.1357695516550315e-05,1.0,0.0010000031379947686,0.0013491480242250101,0.02973404851794805,2.926695189386044,-1.39980665312873,-1.3998262736532423,-1.4216294765472413,1.9618868827819823e-05,0.0010000031648410691,0.0013519837210575739,0.020896399145325026,5.604198508792453
1075,-2.2822244932066718,-2.282272410842608,-2.283931034915852,4.791728449317644e-05,1.0,0.0010000032609996368,0.0012498007349248201,0.02088531721734776,2.606124886926615,-1.3923061913914148,-1.39231841829088,-1.418728354242113,1.2226982249153985e-05,0.0010000030380777187,0.0012954186104858914,0.01600594195123348,5.461289305157132
1076,-2.28570715886242,-2.2857532096358963,-2.2843659441426114,4.6045150396958834e-05,1.0,0.001000003109440067,0.0012312389927793225,0.01907827019832044,2.601626751557836,-1.406456176439921,-1.4064710047509936,-1.429875942071279,1.482425464524163e-05,0.001000003470107913,0.0012862574464331071,0.01703983169669906,5.326346100701227
1077,-2.257060129687471,-2.2570978200660563,-2.255410176403118,3.770085157088514e-05,1.0,0.0010000036388003038,0.0012528801859655189,0.022005787646433093,2.779045451362178,-1.4844712999131946,-1.4844976663589478,-1.504965160952674,2.6372240649329292e-05,0.0010000042798411514,0.0014221975114196538,0.0251153573497302,5.359963030285305
1078,-2.284268268999064,-2.2843227633890115,-2.2852441567295,5.4503105721383724e-05,1.0,0.0010000035245814976,0.0012909130979645645,0.0243353556296876,2.579893224644211,-1.4329528543684213,-1.4329723212454053,-1.4548755963643392,1.946232385105557e-05,0.0010000032346902622,0.0014173634686610766,0.023727772628060646,5.4163437207539875
1079,-2.2722389720520884,-2.2723000004606426,-2.2691298745713144,6.103529682699239e-05,1.0,0.0010000034147557223,0.0014468948642354248,0.033289637434173305,2.728945147316411,-1.4336358613438074,-1.4336526023017035,-1.4520065678490532,1.6738888290193346e-05,0.0010000029139013754,0.0013066579380797015,0.017552072001207206,5.281766827901205
1080,-2.246168183830549,-2.2462406225924223,-2.2424163660913146,7.245577168914508e-05,1.0,0.0010000036322107574,0.0015411707506743522,0.0421910263281667,2.9542852887567483,-1.363683517773946,-1.3637097054057652,-1.3886698457929822,2.6188294092814128e-05,0.001000002512915267,0.00145739765268647,0.026682678672174612,5.606693914201526
1081,-2.274246539709703,-2.2743072869642726,-2.2780554002186038,6.075674351656212e-05,1.0,0.0010000029512909504,0.0012904535320077866,0.021565835264001815,2.645366796907389,-1.376922051111857,-1.376947025458018,-1.3955848654111227,2.496482597457038e-05,0.0010000029630545112,0.0013237748398549026,0.019858449055916733,5.535078080495198
1082,-2.198984978333959,-2.199070435649944,-2.1985448643846333,8.54533095404787e-05,1.0,0.0010000049808712782,0.002960115341680511,0.07054565590367003,3.3033545871950545,-1.394467418723636,-1.3945236179563734,-1.4131335404184129,5.620809064971076e-05,0.0010000025853514672,0.0015201207431447174,0.02995735201984644,5.606394407484266
1083,-2.2945281829474107,-2.2945794879265553,-2.287626437421115,5.1305892894852834e-05,1.0,0.0010000024438958685,0.0012331813934065823,0.019195444389896572,2.57432758808136,-1.419984251923031,-1.4199943754408095,-1.4305478043026394,1.012194487783644e-05,0.001000002668135696,0.0013080823261083828,0.017431984774561392,5.289891375435723
1084,-2.269691546008272,-2.2697603859991395,-2.272751167135419,6.884596538993548e-05,1.0,0.0010000032390344818,0.0014847461068299862,0.03411015420097788,2.7073531893064393,-1.392191991541121,-1.3922080000241597,-1.4147081984413994,1.5998631715774537e-05,0.0010000028957923254,0.0014070090372115373,0.02362081139969329,5.450464714898004
1085,-2.2668364362896614,-2.2668880381674135,-2.264568972137739,5.161417823917461e-05,1.0,0.0010000032082832647,0.0012511172472446594,0.022129456126043258,2.7462763651362003,-1.258653617567486,-1.2586677657233345,-1.2748453391922845,1.4151218864652846e-05,0.0010000034752819273,0.0014466810195396345,0.024878734650297298,5.970850721995036
1086,-2.2624936216282396,-2.2625502572869354,-2.2635472270677672,5.6628137826919556e-05,1.0,0.0010000038935961027,0.0012581865303218365,0.021426420201951603,2.73201478202388,-1.3016801648669774,-1.3016936302185058,-1.310444129837884,1.345831486913893e-05,0.0010000034830429487,0.0013354497314948175,0.019148700032383205,5.799508698781333
1087,-2.2739285320605873,-2.273970127105713,-2.274489697420372,4.158070627248512e-05,1.0,0.0010000039155612576,0.0013020719348822,0.025800180656589428,2.714024804673105,-1.3831462687916227,-1.383165509170956,-1.3984587430953979,1.92440218395657e-05,0.0010000033640406199,0.001357420166540477,0.02139853255616294,5.456444925732083
1088,-2.266366373817876,-2.2664295772336565,-2.263646215762732,6.320847655242344e-05,1.0,0.0010000038189145754,0.0012224318310266958,0.01786877654211701,2.710557654218854,-1.3833211157057024,-1.3833380301793416,-1.3985102679994372,1.6921758651733397e-05,0.001000004189295901,0.0014339611943190297,0.02384810810391274,5.568250020345052
1089,-2.2996503272146547,-2.299700570556353,-2.2986304894933163,5.023708602167526e-05,1.0,0.001000003829897153,0.0012305630019532059,0.01826225096394993,2.50845823647841,-1.3050444033410815,-1.3050570527712504,-1.310106290711297,1.2644794252183702e-05,0.001000003079469833,0.0012514604540127846,0.015626475546095107,5.65237954457601
1090,-2.2613409982537322,-2.2613902406872444,-2.2601104030069314,4.9243768993413675e-05,1.0,0.001000004029780064,0.001281076842339112,0.025670914102415992,2.7790694956509574,-1.3444151467747156,-1.344431738058726,-1.359218966960907,1.6585075192981295e-05,0.0010000044324745734,0.0013087396044284105,0.01945680642190079,5.647631274329291
1091,-2.224147430006063,-2.2241976328615873,-2.229201024433352,5.01980056177895e-05,1.0,0.001000004220876913,0.0012784019587034324,0.02385960292633412,2.9273453253620074,-1.2538656592369077,-1.2538928548494974,-1.2774896661440531,2.7199172311358983e-05,0.0010000041453167795,0.0013892679940909146,0.022791741695255042,6.012614197201198
1092,-2.283750574543791,-2.283787140306437,-2.2854739697474353,3.655226725452351e-05,1.0,0.0010000041571779634,0.001287397129004294,0.023383085071197095,2.6065251377393617,-1.4205146816041734,-1.4205273045433893,-1.429293900065952,1.2617144319746229e-05,0.0010000034442378416,0.0014596372816918625,0.030791280635943014,5.358747704823811
1093,-2.305334898660768,-2.305372676759396,-2.3047972107833288,3.778505718932962e-05,1.0,0.0010000036629619746,0.0012265402595248987,0.01866514081100248,2.4906651096523933,-1.3735355695088707,-1.3735495275921292,-1.3992541048261855,1.3966858386993408e-05,0.0010000032967784338,0.0012973504761854807,0.01988054740553101,5.380925056669446
1094,-2.289817414193783,-2.2898603677749634,-2.2953614018998056,4.294205386683626e-05,1.0,0.0010000034938302804,0.001190506143688734,0.017141003763514025,2.5220344943820305,-1.3485788424809777,-1.3485932694541083,-1.36489394903183,1.4428794384002685e-05,0.001000003796070814,0.0013482933113765385,0.021317551253984372,5.615706464979384
1095,-2.2988839149475098,-2.2989217605230943,-2.3056198381028086,3.78476139509453e-05,1.0,0.0010000040781034051,0.0011853053880293133,0.016605544281807147,2.4841915796387872,-1.4121093458599516,-1.412121660179562,-1.4319529785050287,1.2318624390496148e-05,0.0010000039021381074,0.0013008801576991876,0.020057131588045094,5.1966302977667915
1096,-2.2626164116949403,-2.26266987818592,-2.2690470083704533,5.34570723209741e-05,1.0,0.0010000042055013044,0.0012828356625933974,0.025630771990795182,2.6878640021917954,-1.3978072749243844,-1.3978301193979052,-1.4065123995145161,2.285142739613851e-05,0.001000003622741335,0.001375343386704723,0.022444985051535898,5.379829163021512
1097,-2.2695829935793608,-2.2696376296709166,-2.2688351757121534,5.4636583575662576e-05,1.0,0.0010000040693173432,0.0012437624852436613,0.02137832596616925,2.7121341340946703,-1.3983354541990491,-1.3983513951301574,-1.4132469760047064,1.5937454170650907e-05,0.001000003643437392,0.0012979051020617287,0.01868884035696586,5.559638256496854
1098,-2.220963993162479,-2.2210129544420063,-2.2106335365547323,4.895607817847774e-05,1.0,0.0010000042406455526,0.0013163236479433078,0.02499779850631109,3.059728093867032,-1.3371765534083049,-1.3371897750430637,-1.3508485396703085,1.3216502136654324e-05,0.0010000039409432146,0.0014164658030495047,0.024201947264373302,5.854944981469048
1099,-2.2827721901659697,-2.28285554669938,-2.281275029452342,8.334774734838954e-05,1.0,0.0010000039111682265,0.0013003464028204107,0.02283356820215594,2.6231286413264723,-1.3560783677630956,-1.3561027857992385,-1.3751887559890748,2.4426231781641643e-05,0.0010000030044466258,0.0013274021808885865,0.020621886109519337,5.553601800070869
1100,-2.3231316827378183,-2.323170670923197,-2.3190102532224834,3.898923970618338e-05,1.0,0.001000003184121594,0.0011755453031685836,0.016085212417649774,2.3767271739132,-1.3099113239182365,-1.3099269535806444,-1.3271035432815552,1.562916570239597e-05,0.0010000029475324683,0.0012632965265462796,0.01705192925874144,5.495426559448243
1101,-2.252475230198986,-2.2525370525863937,-2.2570701455170252,6.18282916410914e-05,1.0,0.0010000040451556725,0.0015690669940151977,0.04437078440667323,2.777888705145638,-1.1208737313747406,-1.1209121816688115,-1.1296098311742147,3.8449052307340836e-05,0.0010000025698294242,0.0014205696216473976,0.025392381945211026,6.378004360198974
1102,-2.2248214168368645,-2.22490168967337,-2.225732191553656,8.027241477426494e-05,1.0,0.0010000042011082736,0.00132613709714826,0.027226801698078524,2.9520844558499895,-1.2852477682961359,-1.2852827270825704,-1.3064382778273689,3.495754467116462e-05,0.0010000037469176783,0.0013267423000393641,0.01956221063931783,5.903973356882731
1103,-2.180316353743931,-2.1803906931067414,-2.185149629161043,7.43246022260414e-05,1.0,0.0010000048359012548,0.0015571255166575593,0.04335633848951954,3.141222004620534,-1.4255887468655903,-1.4256198392974007,-1.448917457792494,3.1097233295440675e-05,0.001000003555479149,0.0013989287118117014,0.025981814910968144,5.361946164237128
1104,-2.2641201334179573,-2.264218073970867,-2.2628848237811394,9.791995838003338e-05,1.0,0.0010000035904769629,0.0013498636665490438,0.035795870693927666,2.7206393255377717,-1.3722767088148329,-1.3723040130403308,-1.3833109696706136,2.729694048563639e-05,0.0010000030535997615,0.001277272064342267,0.017903142287913294,5.479208983315362
1105,-2.2646760423228427,-2.26473864294448,-2.2654825561451464,6.260926712234065e-05,1.0,0.001000003313716009,0.0024795237124704246,0.059052519025808235,2.8464019006153323,-1.2762212620841131,-1.276250966389974,-1.2837848093774584,2.969677249590556e-05,0.0010000020601890153,0.001197097070204715,0.013408842434485754,5.728542974260119
1106,-2.2425672738057263,-2.2426287273191057,-2.2428020733707354,6.146574357770524e-05,1.0,0.0010000032588031213,0.0014243303965074273,0.0295372376622597,2.8698105272257104,-1.4168043706152174,-1.4168298602104188,-1.433876265419854,2.5483303599887424e-05,0.0010000027638549607,0.0016765116713941097,0.04580402713682916,5.472138012780084
1107,-2.2575608829282365,-2.257626972108517,-2.2599260604606486,6.608791508764591e-05,1.0,0.0010000035685118077,0.0013775956346916984,0.030328663197820478,2.708666799203405,-1.3530841694937814,-1.353107092115614,-1.3585514240794712,2.2924111949072943e-05,0.0010000030122076472,0.0013084921080412136,0.018866655111519828,5.457982593112521
1108,-2.2085241945284717,-2.208597536356944,-2.207175809257435,7.333374529514672e-05,1.0,0.001000004260414192,0.0019730819094890975,0.05525054548041157,3.1490302670676753,-1.360884564452701,-1.360939351717631,-1.3723261555035908,5.478734771410624e-05,0.001000003420954777,0.0016193698160350324,0.03130393551869525,5.68162415822347
1109,-2.237821581228724,-2.2380443361570252,-2.2376306101960957,0.00022275450656998832,1.0,0.00100000331810904,0.0018828744837522226,0.03643380574671165,2.9204603726009153,-1.3638088968065047,-1.363881735006968,-1.3791200704044766,7.283588250478109e-05,0.0010000025931124886,0.0013929565644098653,0.022572099603712557,5.618097390068902
1110,-2.284947539275547,-2.2850200095266664,-2.283588967233334,7.247320323620202e-05,1.0,0.001000002793141834,0.001245353030445019,0.019935091500574688,2.6080505915407866,-1.3543077972200186,-1.3543537696202597,-1.374582212501102,4.5957499080234104e-05,0.0010000028518132038,0.0013434663699525926,0.01995261852732963,5.543854109446207
1111,-2.271533540959628,-2.2716061978969933,-2.2622595890513004,7.263219581460053e-05,1.0,0.0010000030962609738,0.001247259144636117,0.01936463418609972,2.7182335628653473,-1.3330999665790135,-1.3331186917093065,-1.3450077361530728,1.872736546728346e-05,0.001000003966813286,0.001420252418352498,0.022599520089311733,5.754347377353245
1112,-2.266503869362597,-2.26655253824198,-2.2595920832651966,4.868054727338395e-05,1.0,0.0010000036278177264,0.0012932633585735875,0.021657659575553996,2.7616939049846723,-1.3160300466749402,-1.3160420205858019,-1.3334971401426527,1.1976311604181926e-05,0.0010000029708155328,0.001282760534538991,0.019804128140418067,5.505907005733914
1113,-2.295864865464984,-2.2959104933828676,-2.2987769999594057,4.563227577029534e-05,1.0,0.0010000032851613075,0.0012451599479459648,0.021313987768975633,2.496055398347243,-1.3643176582124499,-1.3643362667825487,-1.374737803141276,1.861486170026991e-05,0.0010000031544930405,0.001314242135009004,0.01952733646871315,5.4263612747192385
1114,-2.3063707981469497,-2.306426835509966,-2.3103127929399596,5.6041369460663704e-05,1.0,0.0010000036102456023,0.0012104869139257749,0.018308098902398685,2.4411077521881968,-1.3762696107228594,-1.3762833542293973,-1.3865201698409186,1.3740691873762343e-05,0.001000003247625298,0.0012773524297194348,0.017895629862323403,5.381310235129462
1115,-2.230105276377696,-2.2301702701820516,-2.2293787025055796,6.49819255999799e-05,1.0,0.001000004332899204,0.0022173818609378527,0.049196818808339676,3.0113311421196416,-1.3897046605745953,-1.3897413770357767,-1.4084374480777317,3.6716792318556046e-05,0.0010000040004443792,0.0013953593378472659,0.02704293099232018,5.660207864973279
1116,-2.0297088128215863,-2.029818357161756,-2.033912669937566,0.0001095309853553772,1.0,0.0010000058023680776,0.0030826503599835735,0.1262462532393775,3.949542724861289,-1.4609066353903877,-1.4609552449650234,-1.4771832307179769,4.8608664009306164e-05,0.001000002189539373,0.0020492712889487543,0.04967164067137572,5.751981173621283
1117,-2.252476447033432,-2.2525747632080653,-2.2559900283813477,9.830296039581299e-05,1.0,0.0010000014971976853,0.001883739976757118,0.04163053899757423,2.8385001375990093,-1.3703506178326077,-1.3703896522521972,-1.3838805357615154,3.9042035738627115e-05,0.001000001511743499,0.0013711841414786048,0.021687563125871948,5.535512140062121
1118,-2.2553223596428924,-2.255371831498056,-2.259983440615096,4.9461452466137006e-05,1.0,0.0010000019672520037,0.0014056401669908806,0.025427689371665695,2.787290375187712,-1.156153573592504,-1.1561704244878557,-1.1669072760476007,1.6852468252182008e-05,0.0010000020420799652,0.0014153053570124838,0.02350210528820753,6.267113007439507
1119,-2.2796103054622434,-2.2796496287831722,-2.28242013364468,3.933449679950498e-05,1.0,0.0010000022945328142,0.0012309355661273003,0.0175782645578092,2.598548751957012,-1.4061730345090233,-1.406192992793189,-1.4203045222494337,1.9958615303039552e-05,0.0010000026707227031,0.0013455057490823997,0.020321999955922366,5.426799148983425
1120,-2.288229654420097,-2.2882759840983264,-2.2917708675816373,4.632300082242714e-05,1.0,0.0010000027360324308,0.0013174207942595459,0.02939405388040644,2.546346477742465,-1.4234902408387926,-1.4235028187433878,-1.442421117093828,1.2576580047607422e-05,0.0010000027948990464,0.0012872282053447432,0.01844182706748446,5.278618913226657
1121,-2.1376078286260927,-2.137714586167965,-2.142546048704183,0.00010675529264054208,1.0,0.001000004238449037,0.002787932366976198,0.0755713550672638,3.475994683661551,-1.3904066032833522,-1.3904649323887295,-1.404511370923784,5.833150611983405e-05,0.00100000222834448,0.0015087579842656851,0.029668808940591082,5.539875560336642
1122,-2.2603827220089032,-2.2604638630489133,-2.260118637444838,8.112852865794919e-05,1.0,0.0010000021605453683,0.0012800483019881933,0.023597974031460734,2.71780459610921,-1.424188064204322,-1.4242144624392192,-1.4398096177313062,2.6394426822662353e-05,0.0010000022878456447,0.0013922540677918328,0.02192919050446815,5.414847617679173
1123,-2.244019773771178,-2.244088076195627,-2.2384918793192448,6.829947233200073e-05,1.0,0.001000002571293768,0.0013721738766246246,0.028135353954122314,2.8859117840820887,-1.39753288825353,-1.3975471218427022,-1.4134529895252652,1.4241205321417914e-05,0.0010000026293305888,0.001442712672158248,0.02524825215546621,5.527470842997232
1124,-2.1983390776616223,-2.1984149487513416,-2.1940372417557916,7.58788214539582e-05,1.0,0.0010000036278177264,0.002658517756675071,0.07453998077203924,3.357921744292637,-1.4023749563429093,-1.4024051056967841,-1.413798627588484,3.0144883526696098e-05,0.0010000026189825601,0.0015480209555890825,0.031163194744537274,5.750947591993545
1125,-2.255467133701972,-2.255530402345477,-2.2518566891832172,6.326393417592319e-05,1.0,0.0010000028568407837,0.0014711639202498602,0.03647419135525541,2.8181147755316966,-1.3377115329106648,-1.3377344396379258,-1.359392323758867,2.2909541924794516e-05,0.0010000024327180453,0.0013413738278258177,0.020540003509571154,5.677664682600234
1126,-2.296171300816086,-2.296210765838623,-2.2929425419501537,3.945729080236183e-05,1.0,0.001000002046326562,0.0012100618859788156,0.017900689724692196,2.5561626249889158,-1.3190671205520632,-1.3190796083874172,-1.3258817884657117,1.2490484449598524e-05,0.0010000022749106089,0.0012889811096505987,0.016991661344137456,5.6806330256991915
1127,-2.2600078155409613,-2.2600539157975397,-2.269168147500956,4.6096531287679134e-05,1.0,0.001000002788748803,0.0013164975636480551,0.025828007432930875,2.6922732681598305,-1.3314929074711268,-1.3315075265036689,-1.3455102403958639,1.4633188645044962e-05,0.0010000027560939392,0.0013055945901821056,0.01934331628597445,5.578476646211413
1128,-2.2461259207635558,-2.246199628092208,-2.2488021895570576,7.370198672672488e-05,1.0,0.001000003118226129,0.00261887679983563,0.06484849989976522,2.966239630051379,-1.3101143452856276,-1.310133081012302,-1.3223428765932719,1.873191859987047e-05,0.0010000020989941226,0.0012858221643707818,0.018504453274524876,5.828044425116644
1129,-2.27412615407188,-2.274167881821686,-2.2738611743135273,4.172261874630766e-05,1.0,0.0010000026921021207,0.0012788329260283201,0.02378615972427827,2.6897265843625338,-1.374857903851403,-1.3748691492610507,-1.3913039167722066,1.1241270436180963e-05,0.0010000026060475243,0.0013017640656067266,0.019832215137365793,5.44393850962321
1130,-2.3160214739025764,-2.3160542856972173,-2.316326730656174,3.2809756274493236e-05,1.0,0.0010000026437787797,0.0011897794990185296,0.016251531868891896,2.4084604393761113,-1.383475114239587,-1.3834833449787565,-1.3972819328308106,8.233388264973958e-06,0.0010000026577876675,0.0012228438734180396,0.016534156631678343,5.309616465038724
1131,-2.205103046489212,-2.2052124896139467,-2.195251950677836,0.00010945626868391937,1.0,0.0010000036673550054,0.0014979232735228987,0.03510532695097181,3.187957563490238,-1.2495143718189667,-1.2495725923114354,-1.2684592458936903,5.822347270117866e-05,0.0010000038219408858,0.0016054461968855725,0.03573589497763249,6.24190845489502
1132,-2.244891546807199,-2.244989957449571,-2.245200903910511,9.843074488189985e-05,1.0,0.0010000043768295139,0.0013774321436495433,0.029014673822049825,2.880959980892685,-1.323019493950738,-1.3230478710598417,-1.3334890047709147,2.8373135460747614e-05,0.0010000027302238675,0.0014021036447957158,0.02223039671468238,5.596585427390205
1133,-2.284191855844462,-2.2842443169287914,-2.284073404546054,5.243690508716511e-05,1.0,0.0010000027997313806,0.0012411430174976868,0.01963509986493385,2.616820364628198,-1.3646872215800814,-1.3647067560089958,-1.3747311035792034,1.9529792997572158e-05,0.0010000027664419677,0.0013378541140506666,0.019200027842695516,5.466036658816868
1134,-2.2408942546484605,-2.240937005798772,-2.2325427532196045,4.2746862712896097e-05,1.0,0.0010000033840045052,0.001273735720699407,0.023231771379217225,2.8599815908467994,-1.30724626382192,-1.3072620862060123,-1.3168712622589536,1.5824619266721937e-05,0.001000003571001192,0.001384870195761323,0.022271483795096476,5.820271767510308
1135,-2.2820275212233923,-2.2820700699428342,-2.2826605540401532,4.2546681075725916e-05,1.0,0.0010000032895543384,0.0013654390196228083,0.029117431886986178,2.6307345088922753,-1.371214826901754,-1.3712298485967849,-1.3788069446881612,1.5017224682701959e-05,0.0010000031208619476,0.0012817993087487088,0.017013788062872157,5.437708430820041
1136,-2.291907530910564,-2.291961391017122,-2.2988538067295865,5.386383184846842e-05,1.0,0.0010000032368379663,0.001230250896868419,0.019093437278467528,2.490410824991622,-1.370443562666575,-1.3704627659585742,-1.3995346612400479,1.919973227712843e-05,0.0010000038271149,0.0013590030035831862,0.02014149216314157,5.526990456051296
1137,-2.24993278620378,-2.2499829350777394,-2.243188851284531,5.0156957136010225e-05,1.0,0.0010000033005369158,0.0014769547039045479,0.039412339428826326,2.9030248151635223,-1.3625110162629024,-1.3625316182772318,-1.3808303038279215,2.0606815814971925e-05,0.00100000341836777,0.0013283429693223701,0.01828400306403637,5.565095700158013
1138,-2.301138200849857,-2.301179420273259,-2.2992792466901384,4.1207122915195966e-05,1.0,0.001000002850251237,0.0012158439406808818,0.017876789386753203,2.4994400672192842,-1.3842700627115037,-1.3842940900060865,-1.3998227450582716,2.4035655789905123e-05,0.0010000032217552266,0.0012922044015592998,0.01817248666452037,5.396501392788358
1139,-2.2843379794426686,-2.284396715883939,-2.2862747277853623,5.8732645691565746e-05,1.0,0.0010000036541759124,0.0013720888363302878,0.02277167318037377,2.5962867197000756,-1.3936038772265116,-1.3936184260580275,-1.4086421052614848,1.4542291561762491e-05,0.0010000033899106914,0.0012634657995982301,0.01708846427500248,5.3386278046502005
1140,-2.282513146130544,-2.282550726296767,-2.2799040416501604,3.756920121750742e-05,1.0,0.0010000038320936685,0.0016481403617258623,0.039596296152767704,2.714408537126937,-1.3562519510587054,-1.3562634309132895,-1.3695388979381986,1.1478612820307415e-05,0.0010000028983793326,0.001250069769513276,0.016597413416537973,5.47021713256836
1141,-2.3213860943632305,-2.321422864805977,-2.323031447968393,3.6759056010336246e-05,1.0,0.0010000030589202103,0.0012082552739401471,0.02139613729075722,2.353815218187728,-1.264294617043601,-1.2643092307779524,-1.2678491804334853,1.4613320430119832e-05,0.0010000028492261966,0.0012032802759980163,0.014546699195893274,5.672923872205946
1142,-2.282058409924777,-2.2821034440454446,-2.2805596230165013,4.503475326412129e-05,1.0,0.0010000036915166761,0.0011734736683550028,0.015311606114132787,2.6238515107136853,-1.1428600735134549,-1.1428755362828573,-1.1618390904532538,1.5465252929263646e-05,0.0010000035658271776,0.0012859622120029396,0.020429788188387952,6.063607703314887
1143,-2.28008760146375,-2.280130624771118,-2.285335221380558,4.3009319957697165e-05,1.0,0.0010000037596086568,0.001226938665703923,0.019285549919279117,2.5954454799868025,-1.2867592374483747,-1.286776782406701,-1.2973376313845317,1.7547690206103856e-05,0.001000003351105584,0.0012630136605973044,0.018389536978469956,5.53523236380683
1144,-2.3122839657765515,-2.3123527967704915,-2.3131099916853994,6.883429749956671e-05,1.0,0.001000003548743168,0.001184926414422972,0.016463788955489982,2.402426838874817,-1.2552341706222956,-1.255255921681722,-1.2590797974003687,2.1753129031923082e-05,0.0010000029190753896,0.0012168804882094265,0.01589893459652861,5.695902029673259
1145,-2.2926350584569968,-2.2926904795304783,-2.292279594349411,5.541805107638521e-05,1.0,0.0010000039529020214,0.0012164048077362888,0.01817945318894004,2.5599614876621173,-1.3305990563498602,-1.3306165721681382,-1.3401674018965828,1.7512341340382894e-05,0.0010000032217552266,0.001265644183796313,0.019041484635737207,5.562904569837782
1146,-2.2477122230349846,-2.2478044662835464,-2.252579873462893,9.222940172789231e-05,1.0,0.0010000045042274134,0.0012789610026509694,0.022900445044110967,2.792360487973915,-1.3976847317483692,-1.3977144334051343,-1.4165612909528944,2.9699918296602037e-05,0.0010000039357692004,0.0014175849190602699,0.028543086091263426,5.448527018229167
1147,-2.24429884721648,-2.244381360287936,-2.2494772155329867,8.252171694107776e-05,1.0,0.001000004194518727,0.0024851158212975794,0.06121628308879598,3.0086341938882506,-1.383729684352875,-1.3837714791297913,-1.3965918183326722,4.1791796684265135e-05,0.0010000028854442967,0.0013808063567719525,0.02468237957606713,5.467076460520427
1148,-2.253643681418221,-2.253689466782336,-2.2499498781168237,4.5778124399904936e-05,1.0,0.001000002850251237,0.001285320081976506,0.027607341340901155,2.8090236321935116,-1.3518611364894442,-1.3518852326605055,-1.377407193183899,2.4109002616670395e-05,0.0010000035994582705,0.0013781062715376416,0.022578198183327913,5.7438489596049
1149,-2.2931265965947567,-2.2931662235619887,-2.2914464833601467,3.961972751707401e-05,1.0,0.001000003504812858,0.0012425388701541244,0.020576240046758135,2.567801740934264,-1.3349309590127734,-1.33494191037284,-1.3411493407355415,1.0948131481806438e-05,0.0010000030044466258,0.0012440251859111918,0.015294458023789856,5.460125133726332
1150,-2.2595923441760943,-2.2596384241895855,-2.2535021485022777,4.60920328239225e-05,1.0,0.0010000037859668428,0.0012308073049973486,0.017243620473891497,2.769651707613243,-1.3854978389210169,-1.3855157613754272,-1.3972414082951017,1.7916990651024713e-05,0.0010000044479966165,0.0014174438573213088,0.02701283705731233,5.649707481596205
1151,-2.241578628432076,-2.241639663588326,-2.2375889679171004,6.105061971916343e-05,1.0,0.001000003873827463,0.0021578650240663367,0.0685628885754718,2.9789104394192965,-1.3535109480222067,-1.3535324017206827,-1.3654127717018127,2.144666181670295e-05,0.0010000025051542455,0.0013928962690341804,0.022539297191219197,5.466795063018799
1152,-2.272339069618369,-2.2723910021332077,-2.2700801930337584,5.1925064257855684e-05,1.0,0.0010000027316394,0.0012183168349471296,0.019274074162514705,2.6723387736194537,-1.3566563804944354,-1.356671671072642,-1.3665910800298056,1.5293641222847834e-05,0.0010000029682285256,0.0013941402365970942,0.02470851091461049,5.626414214240181
1153,-2.2989500378662684,-2.2989944759404883,-2.302715870569337,4.444229152967345e-05,1.0,0.0010000033708254122,0.0012039616066997624,0.018145353911128245,2.5137789271912485,-1.371072236696879,-1.3710888147354126,-1.3869840039147272,1.6587889856762355e-05,0.0010000032786693838,0.0013148805876779888,0.020134505515711176,5.439247014787463
1154,-2.2765646880527712,-2.276609051902339,-2.2845578148679913,4.4355766390854456e-05,1.0,0.0010000037596086568,0.001254980054789416,0.02159089287567251,2.612323173936808,-1.3633594036102292,-1.36337202390035,-1.378324071566264,1.2617309888203939e-05,0.0010000035451311203,0.0013359545005692376,0.02318087148273157,5.490762397978041
1155,-2.2986775479226744,-2.298716572095763,-2.2969482259930305,3.902705491713758e-05,1.0,0.0010000035816909007,0.001198208897444859,0.016540646280671627,2.5211998224258423,-1.3470832705497742,-1.3470941848225064,-1.3557799518108369,1.091460386912028e-05,0.0010000031570800477,0.001272506067632801,0.018678386975079776,5.459274959564208
1156,-2.2659205198287964,-2.265970673201219,-2.2639153228615814,5.016096358029348e-05,1.0,0.001000003630014242,0.0018184337598043231,0.06648109645038,2.7626324509674647,-1.3611587166786194,-1.361180149184333,-1.3716797841919792,2.143664492501153e-05,0.0010000030717088116,0.001259636056299011,0.018009714782238007,5.519701978895399
1157,-2.251925227777013,-2.251977155793388,-2.2628685573361955,5.1944253017317577e-05,1.0,0.0010000033664323811,0.0013048478889823804,0.028821142205863067,2.7183463708409725,-1.3251988079812793,-1.325224710835351,-1.344960269663069,2.5905254814359876e-05,0.0010000031751890978,0.0013392417639907863,0.020223581744357944,5.633221345477635
1158,-2.3231241882971996,-2.3231679493526243,-2.3273453757448017,4.374798176423559e-05,1.0,0.0010000030830818807,0.0011854219878584427,0.015041034747758563,2.315829295032429,-1.3602285027503969,-1.3602408700519137,-1.374990815586514,1.2356870704227024e-05,0.0010000031932981478,0.0012577731291660004,0.01712602441613045,5.351681094699435
1159,-2.3049567690435446,-2.3050181145937936,-2.3090558097047627,6.136087314137872e-05,1.0,0.0010000037046957691,0.001172469961808397,0.015925659780513565,2.4484479854691705,-1.368088768588172,-1.3681123693784079,-1.3829604731665717,2.3601949214935304e-05,0.0010000038581589857,0.0012527918779394692,0.01629797279731267,5.311927519904242
1160,-2.3187084850275292,-2.3187613307305104,-2.3182912727571883,5.284303201819366e-05,1.0,0.0010000036058525712,0.001156674772676713,0.014102216291610362,2.3691240346656657,-1.3345922880702548,-1.3346102211210462,-1.3484096646308898,1.793098118570116e-05,0.0010000039409432146,0.0012477459437731239,0.01639518953549365,5.423940647972954
1161,-2.217737708451613,-2.2178104733521082,-2.2123719633750194,7.275548183693076e-05,1.0,0.0010000048578664097,0.0015210188499142259,0.0355999060502311,3.082220439640981,-1.4083346313900416,-1.4083760288026599,-1.4302016139030456,4.13974126180013e-05,0.0010000048231126534,0.0017326031190653642,0.0330686003383663,5.755157301161024
1162,-2.254289334675051,-2.2543379608190284,-2.2479046853083484,4.862101291710476e-05,1.0,0.0010000031138330979,0.002190088150355051,0.053722695798947,2.914685694676525,-1.472169170114729,-1.4721969233618841,-1.4965218861897787,2.7751674254735312e-05,0.0010000029940985971,0.0015198356109774776,0.032603642468651134,5.436478063795302
1163,-2.2216750360884756,-2.221788266919694,-2.218223787703604,0.00011324727872632584,1.0,0.0010000034806511874,0.0019224450883965165,0.04820154830461965,3.0333007484112144,-1.4281187468104892,-1.4281661139594184,-1.4448645220862495,4.737046029832628e-05,0.001000002875096268,0.0013866170335354077,0.02657027630549338,5.5681603749593105
1164,-2.2347851024483734,-2.2348856026271604,-2.2305844752293713,0.00010051613427558036,1.0,0.0010000030523306639,0.0018682380905374885,0.0689510024715004,3.020531451927041,-1.356195440557268,-1.3562225355042352,-1.37468384636773,2.7098837825987075e-05,0.0010000032165812121,0.0014629205637094048,0.027344623011433415,5.721001741621229
1165,-2.267771788363187,-2.267825243608007,-2.268049788924883,5.345208183774408e-05,1.0,0.0010000030479376328,0.0012819043180536268,0.022420664405766524,2.7158108792215025,-1.330818345811632,-1.330842763847775,-1.3449721018473306,2.4410088857014976e-05,0.0010000026293305888,0.001380770860446824,0.023283930624731712,5.618449730343289
1166,-2.2761560644743577,-2.276199514011167,-2.277292936478021,4.346022066080345e-05,1.0,0.001000003304929947,0.0036291004035551595,0.05340093925138408,2.9526798162820205,-1.3705040189954971,-1.3705176856782701,-1.3771073765224882,1.3666765557395088e-05,0.0010000025025672383,0.001246911196762489,0.0163003506216531,5.329055939780341
1167,-2.3190116072600744,-2.3190572261810303,-2.319819135485955,4.5640077793373255e-05,1.0,0.0010000022352268955,0.0011408153684142064,0.012915874901666955,2.3724817105059355,-1.372091601954566,-1.3721172743373447,-1.3785897466871473,2.567643920580546e-05,0.0010000027224628461,0.0012669942108914257,0.018941064753259223,5.386021253797742
1168,-2.2625563729484126,-2.2626096212638998,-2.261392312229804,5.324557423591614e-05,1.0,0.001000003682730614,0.001757222853759128,0.039694623485699576,2.8107973112250275,-1.368913945886824,-1.3689303994178772,-1.3792089925871955,1.6456676854027643e-05,0.0010000030251426828,0.0012093269085097643,0.01439596741563744,5.4182519912719735
1169,-2.325317292843225,-2.3253450258722843,-2.3207306591969616,2.773260732866683e-05,1.0,0.00100000297105959,0.00115499249000524,0.013605850212768002,2.369198002905216,-1.3145381887753804,-1.314551207754347,-1.3244808899031746,1.3017323282029894e-05,0.0010000029035533468,0.0011829001725547844,0.013825893412447637,5.506286303202312
1170,-2.144569368857258,-2.1447647523205235,-2.147678515258825,0.00019538233864982172,1.0,0.0010000045174065064,0.002156993233651485,0.05486598055598871,3.531986654929395,-1.4447700513733757,-1.4448558807373046,-1.465911767217848,8.582563863860237e-05,0.0010000031881241334,0.0014736846736114887,0.025264945916003652,5.446084202660455
1171,-2.302428317519854,-2.3024825375035123,-2.3039944306859432,5.422406039148007e-05,1.0,0.0010000023955725275,0.0012218376362415136,0.01936961712210246,2.4610205641332663,-1.4518965668148467,-1.451924126678043,-1.468559299574958,2.7557462453842162e-05,0.0010000025439593527,0.001268869961818887,0.01730361199006438,5.264360078175864
1172,-2.2520562432846933,-2.2521048559332795,-2.2550334120696447,4.861391377898882e-05,1.0,0.0010000030413480862,0.0012589212581691034,0.022151455081085552,2.789780416578617,-1.4455823911560903,-1.4456204427613153,-1.4592697011099922,3.804978397157457e-05,0.001000003555479149,0.001397893282895287,0.02456706220077144,5.375464147991606
1173,-2.3125927943103717,-2.312629366820713,-2.3054754239208295,3.6573353803382727e-05,1.0,0.001000002918343218,0.0011834162243483763,0.014291353268935433,2.4583738502466455,-1.3460876226425171,-1.3460995104577806,-1.3593714303440518,1.1891954474978977e-05,0.0010000026733097103,0.0012673293162758152,0.017607423435482713,5.443317990832857
1174,-2.3167994562185035,-2.316837765135855,-2.3090201008994624,3.831018254442035e-05,1.0,0.0010000030084003537,0.0011667785309430845,0.014959829446490644,2.444529061047536,-1.3783410655127633,-1.3783509797520108,-1.3904335896174114,9.910265604654949e-06,0.0010000029552934898,0.0012752209945271413,0.01997450231574476,5.264236895243327
1175,-2.243812803952199,-2.2438547971113674,-2.2383620244152143,4.198620060704789e-05,1.0,0.001000003443310424,0.0015556700329981603,0.04556777903739855,2.9131039875858233,-1.381684097978804,-1.3817088696691724,-1.3968605611059401,2.47682962152693e-05,0.0010000030691218046,0.0014492305435447228,0.033181182160559625,5.661222987704807
1176,-2.2322573931712024,-2.2322959832425386,-2.2332415333334006,3.85839562371092e-05,1.0,0.001000004181339634,0.0014028777763739509,0.033026300968145426,2.9140535975402257,-1.4405235038863287,-1.4405442833900453,-1.4552907718552484,2.0775612857606677e-05,0.0010000033459315698,0.0012839156151231792,0.02076578000560403,5.36724132961697
1177,-2.284457472135436,-2.2844955403849765,-2.284936639497865,3.807239656178457e-05,1.0,0.0010000037442330482,0.0013137096099836646,0.02631362958125911,2.6443433446704216,-1.4111146926879883,-1.4111256003379822,-1.4257597777578566,1.0906987720065646e-05,0.001000003094991876,0.0013087493626193869,0.021993500899730456,5.280597866906061
1178,-2.162059870530974,-2.1621203478777185,-2.1606028012509615,6.047334029989422e-05,1.0,0.00100000459867758,0.0017738030138337668,0.05176728548271195,3.2204183452534227,-1.4720890892876521,-1.4721290071805317,-1.4926903287569682,3.9912180768118966e-05,0.001000003299365441,0.0015674459075348244,0.03073125284475585,5.416180404027303
1179,-2.2771355993342848,-2.2771856829805195,-2.276610257490626,5.0086738928309025e-05,1.0,0.001000002918343218,0.0016298686584703766,0.04518410176882204,2.707151172296056,-1.3945904837714302,-1.39460179011027,-1.4171911835670472,1.1309070719612969e-05,0.0010000024663491382,0.0013336678294257986,0.021014529099274013,5.52820201449924
1180,-2.263465701409106,-2.2635181849857546,-2.2548821174873495,5.248125712826567e-05,1.0,0.001000003188514625,0.002528926553116795,0.07589268272320898,2.828365634072502,-1.3815618342823455,-1.381604297955831,-1.3990627302063836,4.2465080817540486e-05,0.0010000020938201082,0.001239469223138359,0.01669808968177272,5.4798740069071465
1181,-2.307202860994159,-2.3072468604681626,-2.3044938141444944,4.4005167371821856e-05,1.0,0.0010000023955725275,0.0011867562765782735,0.015035637030553705,2.4619756014841907,-1.4377871804767186,-1.4378004219796923,-1.4523788703812492,1.3235376940833198e-05,0.0010000026215695674,0.001229103949541847,0.017005445218334594,5.306390555699666
1182,-2.30182010497687,-2.3018513018230222,-2.304121330099286,3.1211395870964485e-05,1.0,0.0010000029029676094,0.0013311965114278894,0.031371769249298666,2.486419720469781,-1.380339741706848,-1.3803595648871527,-1.4015687161021761,1.982359422577752e-05,0.0010000025025672383,0.0012182785301572746,0.016122830348710218,5.332148620817396
1183,-2.2719257575161054,-2.271972417831421,-2.27353902133006,4.66478742518515e-05,1.0,0.0010000034125592068,0.0023133623554318582,0.0612090163389748,2.8001272048590318,-1.3997586184077793,-1.3997840642929078,-1.4171713497903613,2.5439014037450156e-05,0.0010000025025672383,0.0012308739203338822,0.01667203470133245,5.29003537495931
1184,-2.3142661486031875,-2.314305049068523,-2.3129431301692747,3.888781340617054e-05,1.0,0.0010000028875920008,0.0012022845275735236,0.015590030814187144,2.410992773074024,-1.386547840966119,-1.386561221546597,-1.4014570395151773,1.3385713100433349e-05,0.0010000027147018247,0.0011807739010287655,0.012583928213765224,5.215909332699246
1185,-2.2987484796991886,-2.298805668668927,-2.296930580768945,5.7195295702736335e-05,1.0,0.00100000336203935,0.0016758133160864126,0.036553754111013886,2.582706757311551,-1.3294472363260057,-1.3294634752803378,-1.3484733674261304,1.6234483983781604e-05,0.0010000026422656244,0.0011744064097810123,0.01373132496761779,5.417622025807698
1186,-2.3167959114290633,-2.3168320835761302,-2.314632091882094,3.61830417839986e-05,1.0,0.0010000030720993033,0.0011539315554436366,0.015131522585057988,2.4116383521062024,-1.4073374470074973,-1.407351893848843,-1.424505607287089,1.4443529976738824e-05,0.001000003211407198,0.001237452581214408,0.017045321450051335,5.322702243593004
1187,-2.3208061164280154,-2.320846341690927,-2.3289041181780257,4.0211767520544663e-05,1.0,0.0010000034081661757,0.0012301641828292664,0.020748266010141035,2.329131580748648,-1.3552910049756368,-1.355304315355089,-1.3645225962003071,1.3305991888046265e-05,0.0010000029863375757,0.0011872675528542863,0.014339180963320864,5.287088134553697
1188,-2.3346286404807612,-2.3346535709669007,-2.328512097304722,2.4933297679109393e-05,1.0,0.0010000030040073226,0.0011306171995183489,0.012283452127550571,2.3077108410169496,-1.347301557328966,-1.347308960225847,-1.3574987795617846,7.396936416625976e-06,0.001000003247625298,0.0011789069795567128,0.013940298081272178,5.318451595306397
1189,-2.2947590553535604,-2.2947877105676904,-2.300369143486023,2.8664913942229072e-05,1.0,0.0010000039089717112,0.0011898989674969103,0.016834631658879655,2.482535182305102,-1.3847049223052132,-1.3847134285502964,-1.3935065163506402,8.501360813776652e-06,0.0010000037391566568,0.0012538390544553598,0.018148274067789315,5.283726660410563
1190,-2.292594905169505,-2.2926342104965785,-2.292851430065227,3.928754408404512e-05,1.0,0.0010000041044615912,0.0017752320756081422,0.04155096696373427,2.64963590648939,-1.3061865919166142,-1.3062250627411736,-1.3218400882350074,3.847463263405694e-05,0.0010000027379848892,0.0011713920678529475,0.01388086597693877,5.524050357606677
1191,-2.2741017409090727,-2.274162769317627,-2.274866722664743,6.101167989227007e-05,1.0,0.0010000036014595403,0.0013523937998128669,0.03315683916421994,2.6997298924428113,-1.4039048857159082,-1.4039308971828885,-1.4113483349482219,2.6009645726945667e-05,0.0010000028440521824,0.0012060344038117264,0.015082408762019541,5.325928709242078
1192,-2.3247684217848867,-2.3247952506227314,-2.3271338084958635,2.6820192359528453e-05,1.0,0.0010000034498999703,0.0011668119684986348,0.015072346339880858,2.336130585310594,-1.3513947168986,-1.351406787501441,-1.3680463876989153,1.2070685625076293e-05,0.0010000032864304052,0.0011956059348045124,0.014647548019679057,5.412699201371936
1193,-2.324901238927301,-2.3249311852005294,-2.3207092172694654,2.9948944190763076e-05,1.0,0.0010000034411139084,0.0011518480901975396,0.012784073252301171,2.376981517054,-1.3434799498981898,-1.3434907767507764,-1.3508451660474141,1.0823789570066665e-05,0.0010000035115000274,0.0012138937496476703,0.014721515459111996,5.380253140131632
1194,-2.2607597427548103,-2.2608273771573915,-2.26038621506601,6.765225585901512e-05,1.0,0.00100000396827763,0.0012916606995892132,0.028568458866398288,2.762195274514972,-1.3186421672503152,-1.3186651428540548,-1.3305396609836155,2.297783891359965e-05,0.0010000032838433982,0.0013298303949543172,0.020613066396779484,5.708563401963976
1195,-2.250980451421918,-2.2510340011344767,-2.248047907397432,5.356299708474357e-05,1.0,0.0010000039748671763,0.0022605383057006686,0.05407701144522091,2.8988327890072227,-1.3241140007972718,-1.3241615454355875,-1.334596504105462,4.754786690076192e-05,0.0010000032088201907,0.0012424590143685539,0.016404151347362332,5.5635249243842235
1196,-2.3249520085892588,-2.3249884686380065,-2.324643562424858,3.645604230322928e-05,1.0,0.0010000028568407837,0.0011562065875930887,0.01272864871271798,2.3384488821029663,-1.247535528739293,-1.2475503742694856,-1.2584515545103285,1.4842963880962796e-05,0.001000003007033633,0.001242883875966072,0.016526230393598476,5.8053815523783365
1197,-2.2659890426779694,-2.2660238023074166,-2.2820523774848795,3.476806406704885e-05,1.0,0.0010000039968323315,0.0012126093146057342,0.018284517261287513,2.635716215619501,-1.3571494321028392,-1.3571669061978657,-1.363819694519043,1.7470369736353557e-05,0.0010000040366624793,0.0013089550038178762,0.024450405904402336,5.56900028652615
1198,-2.2732037620724372,-2.273241382724834,-2.2628567353734432,3.763253115258127e-05,1.0,0.001000004225269944,0.0013813793588921708,0.034040074435256,2.728611748173552,-1.4251363462871975,-1.4251659830411276,-1.4389821966489156,2.9637416203816733e-05,0.0010000034442378416,0.0012918731352935234,0.021216515161924892,5.26592878235711
1199,-2.2784510243613765,-2.2784993783482967,-2.279690789726545,4.8362280962602144e-05,1.0,0.0010000039550985367,0.0016734818005407193,0.042197821442178395,2.6447489441565746,-1.4032327810923255,-1.403271946642134,-1.4214515619807773,3.9170268509123064e-05,0.0010000037469176783,0.0013699468690901995,0.02561178923998442,5.40390812555949
1200,-2.319769058587416,-2.3198219065396293,-2.317719380810576,5.2844016057140424e-05,1.0,0.001000003375218443,0.00122338232918168,0.020630740305795422,2.3708050903284326,-1.4126336667272779,-1.4126658995946249,-1.4252024345927767,3.2228810919655695e-05,0.0010000030924048689,0.0012014954428498945,0.014304372541502946,5.210050778918796
1201,-2.266146626112596,-2.2662099577345938,-2.265970419038017,6.333752623144185e-05,1.0,0.0010000036190316644,0.0013051150665390043,0.024539784651319934,2.6896154903016,-1.346272661950853,-1.3462930374675326,-1.3648668713039822,2.0376178953382704e-05,0.0010000028259431323,0.001222181886744996,0.016256791229049366,5.55494082238939
1202,-2.298165604753314,-2.298204237560056,-2.300999533455327,3.863449366587513e-05,1.0,0.0010000035729048388,0.0012185220312292003,0.019152451227506938,2.488344876271374,-1.3918606069352895,-1.3918765796555412,-1.4145949920018515,1.5976031621297202e-05,0.0010000031777761048,0.0011811419079701105,0.014032800736216208,5.154026990466649
1203,-2.2994206896368063,-2.2994604605548785,-2.301932640795438,3.975812556608668e-05,1.0,0.0010000033159125244,0.0011514879077813536,0.014174394766395947,2.5026302742508224,-1.3152097927199469,-1.3152237017949422,-1.3212293671237099,1.3907005389531453e-05,0.001000004116859701,0.0012309690006077289,0.0180349621300896,5.60324444240994
1204,-2.330946099083379,-2.3309756045071586,-2.3269308468080916,2.9494177620365934e-05,1.0,0.00100000401220794,0.0011573045663887038,0.01435786884559213,2.3204919774577304,-1.3688859330283267,-1.3688951320118374,-1.3768684923648835,9.197327825758192e-06,0.0010000031829501192,0.0011391143806071746,0.011151708962602747,5.190702051586574
1205,-2.309280382012421,-2.3093069589362956,-2.3058058270868265,2.659140330440593e-05,1.0,0.0010000042011082736,0.0011469625345132543,0.014331587493630513,2.4711652904186607,-1.3537361370192635,-1.3537440922525195,-1.36138207382626,7.953577571445042e-06,0.001000004098750651,0.0012019895172367494,0.01598000187530286,5.266289562649197
1206,-2.267735978342452,-2.267775497346554,-2.2592483489018567,3.951506794623609e-05,1.0,0.0010000045108169598,0.0012378752152523342,0.020176728343907394,2.752393182718529,-1.3986857573191325,-1.3987026068899366,-1.4138210786713494,1.6857186953226725e-05,0.0010000039952703648,0.001197769089291493,0.014999015373177826,5.218341800901625
1207,-2.2833666846437275,-2.283405247724281,-2.279783602030772,3.855408362622531e-05,1.0,0.0010000039770636918,0.0011632564930104702,0.013924473220095882,2.5986180417942553,-1.3464263968997527,-1.3464457114537558,-1.357023294766744,1.931960384051005e-05,0.001000004303124216,0.0012160579130674402,0.015682728386794527,5.5475450303819445
1208,-1.800782176683534,-1.8013239401691366,-1.7972912810883432,0.0005417617283902078,1.0,0.0010000051434134257,0.00885631409166205,0.34152723853212763,5.547981581597958,-1.3710433893733556,-1.3713248133659364,-1.3932523475752936,0.0002814246548546685,0.0010000016928339997,0.003278925955399043,0.10377112198621034,6.745959303114149
1209,-2.18919205215742,-2.1895408045570806,-2.1923990137172193,0.0003487398883081832,1.0,0.0010000012138471851,0.002096639577088491,0.060040077238501806,3.2169960129935786,-1.4426222973399692,-1.4426981382899815,-1.4620833688312107,7.584070165952046e-05,0.0010000013927411702,0.0014961885469448235,0.02971903896994061,5.580091275109186
1210,-2.3050032561680056,-2.305113691203999,-2.306406518198409,0.00011043658234038443,1.0,0.001000001130379596,0.0012852785239031292,0.018679465720746316,2.430601756527739,-1.3714022596677145,-1.3714500480228,-1.3913732012112936,4.7793487707773846e-05,0.001000001509156492,0.001324278827653163,0.020961039772050247,5.583660327063667
1211,-2.2436535695813737,-2.243756946527733,-2.2483705777042315,0.00010337842241773065,1.0,0.0010000017783516702,0.00408888699811936,0.11753973406124509,3.1591747999191284,-1.4708773917622036,-1.4709203057818943,-1.4863434142536587,4.291128781106737e-05,0.0010000021973003944,0.002035545053270956,0.05294222331916292,5.459771256976658
1212,-2.315581051808483,-2.315646270536027,-2.316060763485027,6.523173091546544e-05,1.0,0.001000001503787232,0.0012016460839834697,0.016536704106432088,2.370888829231262,-1.3937967406378853,-1.3938160816828409,-1.4138675530751545,1.933806472354465e-05,0.0010000018609894645,0.0014436714609877932,0.021874739379725523,5.564340315924751
1213,-2.302592734120927,-2.3026429797118566,-2.3024373774258597,5.0248051027082046e-05,1.0,0.0010000018969635075,0.0011875756273819309,0.01566223007679548,2.4574018176996484,-1.4129573755794103,-1.4129676898320516,-1.4311495529280769,1.030829217698839e-05,0.0010000022568015588,0.0014059198425254889,0.02181995064020157,5.462595706515843
1214,-2.3010546261409544,-2.3010936997971445,-2.3016532951930784,3.9073375036131663e-05,1.0,0.0010000023538387329,0.001187976544178179,0.016811812788529217,2.496302085102729,-1.380541729927063,-1.3805518494711981,-1.3990650415420531,1.0119212998284233e-05,0.0010000028802702825,0.0013085408705390163,0.01710439064126048,5.3672405189938015
1215,-2.268417144721409,-2.268466778521268,-2.2653949058280802,4.96504582324118e-05,1.0,0.0010000029425048884,0.001675888403968991,0.04560768758913256,2.7887107561219415,-1.365419137477875,-1.365432588259379,-1.3819810893800524,1.3445648882124159e-05,0.001000003097578883,0.001363335102279153,0.021745318215754296,5.512050512101914
1216,-2.3317442705046454,-2.3317710363639974,-2.326600524614442,2.67595333873101e-05,1.0,0.0010000026811195432,0.0011671967365128814,0.015409646309771628,2.3082844626228765,-1.3946993218527899,-1.394708960586124,-1.4147347701920403,9.634594122568767e-06,0.0010000028595742252,0.0013080769477205145,0.01902608462712831,5.315526543723212
1217,-2.313972093024344,-2.3140145630206703,-2.310547448554129,4.246767680600004e-05,1.0,0.0010000029095571558,0.0013327401214859114,0.02196937091297136,2.4578907354822697,-1.3686542815632288,-1.368664899137285,-1.3868456721305846,1.0610785749223497e-05,0.001000003250212305,0.0012728891283687617,0.01736311310540057,5.374522097905477
1218,-2.3107860155825346,-2.310824122069017,-2.3093154947712735,3.810191773018747e-05,1.0,0.00100000346966861,0.001302610153666223,0.021520048520475062,2.4432262834512963,-1.4371901445918618,-1.4372055040465461,-1.4572615557246738,1.5365249580807155e-05,0.0010000032838433982,0.0012591750697336264,0.015455406034986179,5.15527572631836
1219,-2.2759982729857824,-2.276041138846919,-2.277426888357918,4.285489613155149e-05,1.0,0.0010000033905940516,0.0012300271883536622,0.018563885066025663,2.6294903800172627,-1.3563094430499605,-1.3563203016916912,-1.3680412769317627,1.0858476161956788e-05,0.0010000032579733265,0.0014139613705790705,0.023040412997619972,5.5363140000237365
1220,-2.1723822748885966,-2.1724580222705625,-2.174659293777538,7.574421898374017e-05,1.0,0.001000004332899204,0.0019490281515315456,0.06586885693008607,3.2412018101170377,-1.4025445130136276,-1.4025749233033922,-1.418301730685764,3.0407806237538657e-05,0.0010000042410360443,0.0015925767055402198,0.033278512602878944,5.525215074751111
1221,-2.2916162598807857,-2.2916551176107154,-2.2879679382971996,3.886293127851666e-05,1.0,0.0010000029073606402,0.0012104651728152948,0.01564459141589842,2.5810902028713585,-1.400189220905304,-1.4001969933509826,-1.4207044932577344,7.765160666571723e-06,0.0010000034106067484,0.0013513312209397555,0.02017387815544175,5.385363573498196
1222,-2.3060544391848006,-2.3060844686796083,-2.3113413576809867,3.0034555579131506e-05,1.0,0.001000002823893051,0.0012068531853761876,0.015635030317770422,2.4151578534324214,-1.360333722167545,-1.3603431555959913,-1.3796736465560064,9.439968400531345e-06,0.0010000031777761048,0.0012598688377895289,0.01662606678696142,5.441889365514119
1223,-2.1236304269646697,-2.123692953361655,-2.1274950594272255,6.251824351976502e-05,1.0,0.0010000049479235455,0.0016552099435291482,0.043849989683982335,3.2574153756195643,-1.3214124533865186,-1.3214412662718031,-1.3522285011079576,2.8816031085120307e-05,0.0010000028078340822,0.0016173405417551597,0.034431997526230086,5.796403312683105
1224,-2.2860912714364394,-2.286127857442172,-2.2814179613905132,3.6593596890287576e-05,1.0,0.0010000022110652248,0.0012776188284404717,0.024057457495902507,2.6168956846561073,-1.3746640536520216,-1.374678491221534,-1.4034653478198582,1.443500320116679e-05,0.0010000024844581882,0.0015960243608181676,0.03288128677652114,5.586985619862874
1225,-2.3572846898492776,-2.3573061520198606,-2.3574642145408773,2.1472573280334473e-05,1.0,0.0010000019760380656,0.0011731709665530976,0.014675078070107496,2.0888612630232326,-1.3538438585069446,-1.3538607862260608,-1.3731470889515347,1.693442463874817e-05,0.0010000025724164314,0.0013925288933225805,0.02382394312880933,5.362013551923964
1226,-2.2668342950209133,-2.2668789085352197,-2.2690381553937806,4.462497133129048e-05,1.0,0.001000003474061641,0.0013285567500751535,0.021179979921863327,2.67367348356067,-1.336736375755734,-1.3367565592130026,-1.365346035692427,2.0185609658559165e-05,0.0010000027483329176,0.0013392197045808036,0.019856750851290093,5.413773160510593
1227,-2.2823759204936476,-2.282435806292408,-2.279701106953171,5.987975394950723e-05,1.0,0.0010000025229704268,0.0012468140383409161,0.020941068093239697,2.6313861720966845,-1.4415761550267534,-1.441614067554474,-1.4671152273813883,3.7911865446302625e-05,0.0010000032864304052,0.0013301443334461913,0.020681324699479673,5.274114825990466
1228,-2.194925492664553,-2.1949854864264435,-2.1982333232771674,5.9983570058390776e-05,1.0,0.0010000034345243618,0.0018161468247373431,0.04665304693164972,3.1920002653913677,-1.3925375673505995,-1.3925607244173686,-1.4116898549927606,2.316170268588596e-05,0.0010000033019524482,0.0015998743836664491,0.03576829452067613,5.601348135206434
1229,-2.299042098927048,-2.2990798005517923,-2.2913507538021736,3.770499859216078e-05,1.0,0.0010000028282860821,0.0012786509974350064,0.02461017260573945,2.5454521269168495,-1.3319312347306143,-1.331941302617391,-1.3497139427396987,1.0063333643807305e-05,0.0010000026138085457,0.0013119625134600534,0.01835408533612887,5.558042314317492
1230,-2.3408090303528986,-2.3408334255218506,-2.3397642216592467,2.4411265017851344e-05,1.0,0.0010000021583488527,0.0011445772504644854,0.013071070354923888,2.225042905447618,-1.352421998315387,-1.3524302078617945,-1.372856044769287,8.210953738954333e-06,0.0010000025853514672,0.001280730983449353,0.017013210997295875,5.370183102289835
1231,-2.3131214222818053,-2.3131522502539292,-2.3165938944186806,3.0826004046314166e-05,1.0,0.0010000028590372992,0.0015795193239167896,0.03535494279063676,2.4709922142748564,-1.2926535778575472,-1.2926743043793572,-1.2986153145631154,2.0729170905219184e-05,0.0010000026603746745,0.0012418629110066428,0.01718138792914235,5.464603106180827
1232,-2.254270708785867,-2.254310558427055,-2.2536933883181156,3.98410659915996e-05,1.0,0.0010000031665494701,0.0015073032623578637,0.038619878025338894,2.7788374356503756,-1.3752141873041788,-1.3752436108059354,-1.3877612736490037,2.942027317153083e-05,0.0010000028699222539,0.0014278625733115608,0.024291159704120623,5.553018861346774
1233,-2.292959651857052,-2.293008134050189,-2.2934769616936737,4.8484231503504624e-05,1.0,0.0010000027821592565,0.0012062513928438694,0.018239673314932384,2.523577539425976,-1.4066792726516721,-1.4066963341501024,-1.4306794550683763,1.706207791964213e-05,0.0010000034494118558,0.0013594491821196345,0.023319911095313728,5.312406216727363
1234,-2.3365607621534816,-2.336590294568044,-2.3395213900872,2.9531360234854356e-05,1.0,0.001000002650368326,0.0011594440317976306,0.013931096557808935,2.248557644070319,-1.3397612942589656,-1.3397719542185464,-1.3586234099335142,1.06539163324568e-05,0.0010000031079269117,0.0012719532086824378,0.018109920564004116,5.488310395346748
1235,-2.335449461667043,-2.3354782113489114,-2.3364934201510446,2.87640207218674e-05,1.0,0.0010000028897885164,0.0011513799402581633,0.013354935059499628,2.2655142545700073,-1.3680997941229078,-1.3681099401579964,-1.3820466107792324,1.0145041677686903e-05,0.0010000031570800477,0.0012421411177557377,0.016562228034146958,5.318262820773654
1236,-2.2841528901514017,-2.2842044492937483,-2.2821796592676415,5.1551902631543716e-05,1.0,0.0010000034257382998,0.0026523804595201925,0.06652060715165341,2.765610206801936,-1.3275813632541233,-1.3276116516855028,-1.3521039750840929,3.02881830268436e-05,0.0010000026552006603,0.0013082822914131814,0.024633264598540133,5.581930605570475
1237,-2.2872143871379347,-2.2872625836786233,-2.284050167731519,4.8179179430007935e-05,1.0,0.0010000028458582062,0.001228562422219734,0.020887804569079065,2.6112289473695576,-1.3137962751918366,-1.313810039891137,-1.3256611651844448,1.3760477304458619e-05,0.0010000027483329176,0.0012401150099726186,0.017704713427358205,5.617172336578369
1238,-2.2578029520106764,-2.257859955981093,-2.263061243408131,5.7006641378942526e-05,1.0,0.001000003144584315,0.0021600910607409082,0.037326725015311306,2.9739685823332587,-1.3457719047864278,-1.3458090994093153,-1.3547058370378282,3.719776868820191e-05,0.001000003299365441,0.0014565999800753263,0.022886892170127897,5.712694369422065
1239,-2.289385089334452,-2.289434352011051,-2.2865129866690004,4.9259373039569494e-05,1.0,0.0010000031511738616,0.0015187894503744144,0.041010229426594276,2.6226611317328685,-1.3404375910758972,-1.3404526379373338,-1.3539677447742886,1.5042639440960354e-05,0.0010000023990869521,0.0012940448320781191,0.019567969601808323,5.386869160334269
1240,-2.314074255385489,-2.314100395958379,-2.306137537056545,2.613769106145175e-05,1.0,0.0010000024988087563,0.0012761591011131146,0.023374035954475403,2.4660984052802033,-1.351387169626024,-1.3513981845643785,-1.3615463005171882,1.1020733250512017e-05,0.0010000027612679535,0.0012588546740719014,0.018002964954616296,5.345168659422132
1241,-2.303721531382147,-2.303755892897552,-2.2989871097060868,3.437993099104683e-05,1.0,0.001000003856255339,0.0026799856469843465,0.05683884916405352,2.65856903678966,-1.3529809713363647,-1.353011507458157,-1.3654693020714654,3.053463167614407e-05,0.001000002463762131,0.0011888821919759116,0.013939551005346908,5.297617345386081
1242,-2.1799449638094544,-2.180033894642344,-2.1770158609691657,8.892324173225547e-05,1.0,0.0010000042450385837,0.0028636328796943964,0.08364438109170154,3.3178945937246644,-1.3087482757038542,-1.3088211509916516,-1.3107436590724522,7.287859916687012e-05,0.0010000021352122228,0.0018187810563378864,0.04819974873421921,5.668043295542399
1243,-2.281466211912767,-2.2815211021675252,-2.2780104920549213,5.487633763619189e-05,1.0,0.0010000021034359651,0.0013717147653465563,0.026049625787462265,2.595849871635437,-1.3627616988288032,-1.3627867725160387,-1.3792353332042695,2.5073190530141196e-05,0.001000002106755144,0.0014512833802857333,0.03086784959046377,5.372976536220974
1244,-2.319933144551403,-2.3199674813252575,-2.3194532124501355,3.434127231813827e-05,1.0,0.0010000021539558217,0.0011986297520123564,0.019640613312147698,2.3711557725690446,-1.318609427081214,-1.3186232566833496,-1.3313581824302674,1.383365856276618e-05,0.0010000022309314873,0.0013782608581499921,0.026899234774625965,5.508046934339735
1245,-2.3420941087434874,-2.342112734632672,-2.336776171090468,1.862272620201111e-05,1.0,0.0010000023560352482,0.0011429095021361169,0.013050460867267454,2.2410412442009404,-1.3403827865918478,-1.3403912676705254,-1.3451866083674962,8.487370279100206e-06,0.0010000022852586375,0.0013392032331062688,0.02442744025029242,5.314814239078097
1246,-2.2962471696565734,-2.2962968596872293,-2.2956077805105246,4.968855459735079e-05,1.0,0.0010000027623906168,0.001219403367700442,0.01764622853436279,2.5314011528806866,-1.2896502415339155,-1.2896584630012513,-1.2989899900224473,8.228007290098402e-06,0.0010000030199686686,0.0014695708225998614,0.03298119223780102,5.676990964677598
1247,-2.297165042949173,-2.297197402648206,-2.2932285542758004,3.236876624935078e-05,1.0,0.0010000032280519041,0.0012087623505273237,0.01777809677329266,2.5494084875538663,-1.3613935126198664,-1.3614048878351848,-1.3796701947848002,1.137571202384101e-05,0.0010000031337969832,0.0013560099061578513,0.024811929324641824,5.29680084122552
1248,-2.3377494856996357,-2.3377762155712776,-2.333484429233479,2.6724389139211404e-05,1.0,0.0010000027514080394,0.0011314616301360558,0.011610192281879345,2.2757887525378533,-1.3553438133663602,-1.3553526679674783,-1.3760481039683023,8.848226732677884e-06,0.0010000036667204566,0.0013182276238997777,0.021079734071261354,5.279317352506848
1249,-2.2900818586349487,-2.2901152484821825,-2.2910203821254225,3.339645435225289e-05,1.0,0.001000003913364742,0.0011950290920037143,0.01461383554522159,2.5645719136831895,-1.3079370260238647,-1.3079519430796305,-1.3297392580244276,1.4928066068225437e-05,0.0010000032269292408,0.00133605288186421,0.024815912772383954,5.576506752438016
1250,-2.2705600081749684,-2.270601306321486,-2.2780011150072204,4.130911152317839e-05,1.0,0.0010000038057354824,0.0011953845167673141,0.01772614957694456,2.6321863138450765,-1.292336965931787,-1.2923655311266582,-1.3077893018722535,2.8567098908954197e-05,0.0010000034597598844,0.001423424653088053,0.029059448522619075,5.725305165184868
1251,-2.285255382645805,-2.2853185523231074,-2.289944698225777,6.317347288131714e-05,1.0,0.0010000034894372494,0.0013390841854314477,0.02729843132953458,2.570127986512094,-1.3889459398057724,-1.3890007111761304,-1.4038360873858133,5.47804766231113e-05,0.001000002838878168,0.0013343493816339307,0.023913279491373233,5.331645022498237
1252,-2.3295362805420496,-2.329570081998717,-2.3271431428081586,3.379175685486704e-05,1.0,0.001000002979845652,0.0011436266029464467,0.012582743197749808,2.3374074135186538,-1.349258836110433,-1.3492739372783238,-1.3738255196147495,1.510091953807407e-05,0.0010000032709083623,0.0012654275426434145,0.019830309578941926,5.356308756934271
1253,-2.3366466018388854,-2.3366717437528215,-2.337355721671626,2.5125255562224477e-05,1.0,0.0010000029732561055,0.0011281219073834847,0.011449302410496012,2.253825198929265,-1.3429446326361765,-1.3429534806145562,-1.3536399298244053,8.854601118299695e-06,0.0010000033278225197,0.0012255438396500218,0.016244028446575007,5.323591576682196
1254,-2.3401946571638,-2.340220829225936,-2.3389233733123205,2.615905876429576e-05,1.0,0.0010000031951041717,0.0011265497470169135,0.01264983495117499,2.2564055379831567,-1.278441798686981,-1.2784612880812751,-1.285654267999861,1.9491795036527847e-05,0.00100000340025872,0.001219939929433167,0.015998447220772503,5.475356112586128
1255,-2.33781839316746,-2.3378457168363176,-2.336583582860119,2.7323247126813204e-05,1.0,0.0010000034037731447,0.0011196514626718916,0.01204897074099138,2.2505870630156317,-1.2968463983800675,-1.2968598902225494,-1.3058161563343471,1.3483895195855035e-05,0.001000003402845727,0.0012310828729015257,0.016349306273170643,5.463901768790351
1256,-2.279056924693989,-2.2790894710792684,-2.280410262773622,3.254708816420357e-05,1.0,0.0010000040583347655,0.0015391000274147064,0.03905014049718684,2.700969212460068,-1.2217387583520674,-1.2217560556199816,-1.2373306592305502,1.7299254735310873e-05,0.0010000035658271776,0.001301090504663686,0.020946763755960596,5.838765218522814
1257,-2.3244563588556253,-2.3244818111635603,-2.3289343501037023,2.5448442067740098e-05,1.0,0.001000003322502071,0.0011399947853653499,0.013636830921794445,2.3188909584621213,-1.3636719862620035,-1.363686920536889,-1.383011774222056,1.4935185511906941e-05,0.0010000035011519988,0.0012442413019016386,0.018785756438349684,5.282815747790867
1258,-2.2993124476018942,-2.2993493844877997,-2.290045531290882,3.6949256681046394e-05,1.0,0.0010000038804170097,0.0016121412407747418,0.04215863943627139,2.55931008986707,-1.2985296342107984,-1.2985519660843743,-1.315411816040675,2.2328148285547893e-05,0.0010000032579733265,0.0013266995497461821,0.025576084883262715,5.552255407969157
1259,-2.3162916966204374,-2.3163185119628906,-2.311254915201439,2.6807188987731934e-05,1.0,0.0010000029227362488,0.0011570686079069691,0.015187606066113935,2.4353207844608233,-1.325947702593273,-1.3259626123640271,-1.3440038873089684,1.4914075533548991e-05,0.001000003571001192,0.0013174758215124408,0.024428753487558828,5.3642867194281685
1260,-2.352861462898974,-2.3528835953406566,-2.3577615315059446,2.214389870751579e-05,1.0,0.001000003344467226,0.0011168527636536449,0.011065955036583374,2.136092446885019,-1.2765937228997546,-1.2766034411059486,-1.294929266638226,9.708437654707167e-06,0.0010000037210476068,0.0012824561938436494,0.023425759447531568,5.433213435278998
1261,-2.3305596135697275,-2.330580360484573,-2.3308867868387475,2.0750640135891034e-05,1.0,0.0010000035816909007,0.0011186552440466465,0.01037836471519802,2.3149327489565,-1.3432970338397558,-1.3433075017399259,-1.3571611629592049,1.046036680539449e-05,0.0010000039512912432,0.0013367943284619186,0.027437656465917826,5.375791883468627
1262,-2.223215157130979,-2.2232419454826498,-2.223722091260946,2.6790179171652164e-05,1.0,0.001000004154981448,0.0011532773430687638,0.013031974276703483,2.6423485796406583,-1.212712887922923,-1.212772908475664,-1.214529854721493,6.001798643006219e-05,0.001000010462788244,0.003227349877771404,0.11252116931395398,6.891572316487629
1263,-2.17469678284987,-2.1748069547257334,-2.165822537440174,0.00011017918586730957,1.0,0.0010000060286091746,0.0023234982047897748,0.07557389190209643,3.3121323518033297,-1.374935362736384,-1.374995485941569,-1.400440940592024,6.011335386170281e-05,0.001000002070537044,0.001500762373002039,0.028138682799827723,5.549672338697645
1264,-2.2809003074214145,-2.280958114929919,-2.285423458747144,5.780399407980577e-05,1.0,0.0010000019189286625,0.0014891343099012408,0.04788914249050168,2.5951811525056945,-1.345310621791416,-1.3453599373499552,-1.3702538516786364,4.931721422407362e-05,0.0010000024508270953,0.0014099239319976832,0.02483555225448476,5.6412991629706495
1265,-2.286170385918527,-2.2862160025902516,-2.284828244515185,4.561308701083345e-05,1.0,0.0010000026877090898,0.0013253798242658377,0.017864514801229508,2.581333529274419,-1.3612260924445259,-1.3612475050820245,-1.380964728196462,2.1410981814066567e-05,0.0010000025258503026,0.0013515068450942636,0.020684414791564146,5.375689352883233
1266,-2.329906501859989,-2.329932493983575,-2.332152265422749,2.599008521943722e-05,1.0,0.001000002298925845,0.0011677790415596287,0.013989596574936272,2.2571800317404405,-1.3567922949790951,-1.356804629166921,-1.3785054677062565,1.2334353393978542e-05,0.001000003079469833,0.0013008586907138427,0.018771711801592674,5.4318874835968
1267,-2.3115992433619947,-2.3116255931134493,-2.3091226951131283,2.6355023091694095e-05,1.0,0.0010000030611167258,0.0012063270474274486,0.017597461444378463,2.4223809602125637,-1.3194752514362336,-1.3194998780886331,-1.3332828601201376,2.462309267785814e-05,0.0010000032683213551,0.0012535444874730375,0.016347549710836677,5.505943817562526
1268,-2.285374978803239,-2.2854230808761886,-2.2817905219096057,4.8103267854114746e-05,1.0,0.0010000036080490867,0.0012537280233787759,0.019026842249451944,2.6037550782257655,-1.3675441530015733,-1.3675597058402167,-1.3860514190461901,1.554307010438707e-05,0.0010000032553863195,0.001309150253008637,0.019117506583117776,5.377268817689683
1269,-2.3214957624111534,-2.3215265026632346,-2.323335058284256,3.0739478907495175e-05,1.0,0.0010000031599599235,0.0012348917431531932,0.020923873286624,2.3335407792397267,-1.3224535319540236,-1.322470764319102,-1.3446571615007188,1.722657018237644e-05,0.0010000033459315698,0.0012597268990551431,0.017618191099932623,5.444039048088921
1270,-2.3109435787740744,-2.310980736084704,-2.3114886981136396,3.716110620858534e-05,1.0,0.0010000032807682764,0.00117450231194215,0.01630139214707152,2.4265463622111194,-1.3602871775627134,-1.3603029012680055,-1.3826051500108507,1.5727761718961927e-05,0.001000003433889813,0.0012591180598570241,0.017845578564123974,5.269490946663751
1271,-2.2859862053169393,-2.28601839407435,-2.2851454244469696,3.219894924253788e-05,1.0,0.0010000035531361991,0.0017886003523291845,0.04537202107702505,2.6431899992924817,-1.2748598668310378,-1.2748920023441315,-1.3098301728566488,3.213344348801507e-05,0.0010000035115000274,0.0012987747969519761,0.01858811199458109,5.659546629587809
1272,-2.306764438467206,-2.306800952497518,-2.3024037176708005,3.6530618397694716e-05,1.0,0.0010000033378776796,0.0011669337279426883,0.015134562962284347,2.4516201784025946,-1.2266954898834228,-1.2267122480604384,-1.2477372222476535,1.676513089074029e-05,0.001000003485629956,0.0012134130811318755,0.01434475852486988,5.746946758694119
1273,-2.3080493234238535,-2.3080774028346225,-2.304803787537341,2.8082503462737463e-05,1.0,0.0010000035553327147,0.0011901851251440228,0.017432229813047737,2.493643679708805,-1.3951769153277076,-1.3951899475521512,-1.4205889662106832,1.3040006160736084e-05,0.0010000040392494863,0.0012211727676913141,0.016000862732633122,5.263497797648112
1274,-2.3177151185161664,-2.3177418798770546,-2.317205829440423,2.6755948674004032e-05,1.0,0.0010000036519793969,0.0012122483260683574,0.018980221330838383,2.397819028710419,-1.2624481598536172,-1.2624556475215487,-1.2812216500441234,7.480548487769233e-06,0.001000003128622969,0.0011661027377057407,0.012291503257842527,5.50542082256741
1275,-2.3470992322237985,-2.347124756507154,-2.3446639663768263,2.5514302388677056e-05,1.0,0.0010000032082832647,0.0011285347666345395,0.013021897247834306,2.2162597629259215,-1.3312886675198874,-1.3313053250312805,-1.3518180350462596,1.666463083691067e-05,0.0010000036123933064,0.0011603008257225155,0.012023578511757983,5.275258509318034
1276,-2.3280759172619514,-2.328267999415128,-2.3261353474742963,0.00019207758442410882,1.0,0.0010000038540588234,0.0011383868854949778,0.012977202501991447,2.3047520934410817,-1.3161032385296294,-1.3161696659194098,-1.3302509864171346,6.641927692625257e-05,0.0010000035632401704,0.0011985671784107883,0.014699261299230985,5.346155627568564
1277,-2.3262931468351833,-2.3263948975868947,-2.3229926689615787,0.00010175222776970773,1.0,0.0010000034894372494,0.0011698985186774495,0.01511864498134632,2.3467866069865675,-1.3076230910089282,-1.3076455884509617,-1.318042665719986,2.2498932149675157e-05,0.0010000033485185768,0.0011625526524666283,0.012177647350149022,5.362423912684122
1278,-2.0757458165006817,-2.075867050098923,-2.0739554729101792,0.00012122797516157043,1.0,0.001000005231274046,0.00263904659341107,0.09443264734878573,3.7402318311187455,-1.2915355443954466,-1.2915828108787537,-1.314796421262953,4.72662349541982e-05,0.0010000018247713646,0.0014200549132915006,0.025746185896504258,5.6666844367980955
1279,-2.314972018295864,-2.3150317691407114,-2.3201083687116517,5.976103667942983e-05,1.0,0.0010000019518763951,0.0012449983129594123,0.020437596207660325,2.3724525784546473,-1.3619376871320936,-1.3619670271873474,-1.3840365674760606,2.934783697128296e-05,0.0010000017626831928,0.0012776768585253094,0.01778898531984952,5.368539232677884
1280,-2.313354530424442,-2.313388597290471,-2.312931769299057,3.4064827662593915e-05,1.0,0.001000002099042934,0.0011820790691758102,0.015174670004338588,2.4141952991485596,-1.3324811100959777,-1.3324990471204121,-1.3590243935585022,1.794257097774082e-05,0.0010000031674280764,0.0012832913496014144,0.017012372856131858,5.4519789165920685
1281,-2.2714597279170774,-2.271493855512367,-2.2700212159246766,3.4128719905637344e-05,1.0,0.001000003443310424,0.001499443064566772,0.03542426353285335,2.760427492969441,-1.2657857206132674,-1.2657948715819254,-1.3028106205993228,9.144842624664307e-06,0.0010000035451311203,0.0013259469195165568,0.02088067295650641,5.7313550207349975
1282,-2.2201600861999222,-2.220210646683315,-2.2213194887593106,5.055493060147987e-05,1.0,0.001000003843076246,0.0012402224270978346,0.02114575521423007,2.9666209670732604,-1.295044622156355,-1.2950639340612624,-1.3102206495073108,1.931414008140564e-05,0.0010000036693074638,0.0014189557560409108,0.027463569093702567,5.797833527459038
1283,-2.296724542131964,-2.2967660944416837,-2.296920065609914,4.156341530242056e-05,1.0,0.0010000039023821646,0.001493363511608035,0.0443348542980428,2.531749682606391,-1.3928041881985138,-1.3928126984172398,-1.411107509666019,8.507238494025337e-06,0.0010000029035533468,0.0012349543109950092,0.017027923971828486,5.286475096808539
1284,-2.3300186148229636,-2.3300464535659215,-2.3275366549221976,2.7831503242816564e-05,1.0,0.0010000029468979195,0.0011726385487665265,0.017057985278233042,2.3407876401577354,-1.3375215901268855,-1.3375354766845704,-1.3540524495972528,1.3887882232666016e-05,0.0010000031260359618,0.0012619566715632877,0.017420338852227563,5.410618654886881
1285,-2.3292700029769033,-2.329294596078261,-2.3237774642008655,2.4592257895559635e-05,1.0,0.0010000028678233612,0.0011285334245635654,0.011757253440764715,2.3467765709139266,-1.3087839212682513,-1.3087955587440068,-1.3280406276384988,1.1635902855131362e-05,0.0010000031881241334,0.001206043763603601,0.014444305437306564,5.34937139087253
1286,-2.3160897864485688,-2.3161156076305316,-2.315387780936259,2.582315004096841e-05,1.0,0.0010000032719822143,0.0012425422637705815,0.016521303896915238,2.356412743622402,-1.3281976236237418,-1.3282097220420837,-1.3407090544700622,1.2098335557513767e-05,0.001000003128622969,0.0012812322600641184,0.019947571483337218,5.34403723080953
1287,-2.3345756800669544,-2.3345965057049156,-2.3339774945996843,2.0818046803744334e-05,1.0,0.0010000030347585398,0.0011618221991361592,0.015909834185017728,2.26144917506092,-1.1523217141628266,-1.1523318959607018,-1.1603912350204255,1.01801421907213e-05,0.001000002856987218,0.0012326265840480724,0.0160042964361815,5.9185297754075785
1288,-2.3016636034227766,-2.3017074342043893,-2.2973784478205554,4.38258614180223e-05,1.0,0.0010000031907111406,0.0014668938216208568,0.024950472392001242,2.586518829723574,-1.3259786910480922,-1.3259939432144165,-1.3339895175562964,1.5248606602350872e-05,0.0010000030665347974,0.001267671194444928,0.01938943840149376,5.35417332649231
1289,-2.316672941423812,-2.316698139568545,-2.3188870920325226,2.5176917606929562e-05,1.0,0.0010000032456240282,0.001542979368131678,0.043857263207857336,2.4142798860118075,-1.3024884084860484,-1.3025011837482452,-1.3187306304772695,1.277095741695828e-05,0.0010000034985649918,0.0012479633868982395,0.018518699415855936,5.342853058709039
1290,-2.3167699193054774,-2.316798655491955,-2.312135395014061,2.8730422820685044e-05,1.0,0.0010000032609996368,0.0011755959657987333,0.01661407503404848,2.4288138308615053,-1.3071036405033534,-1.3071212159262764,-1.3235410034656525,1.757219433784485e-05,0.0010000028932053181,0.0012350385517088903,0.01747476035832531,5.405350287755329
1291,-2.302805670027463,-2.3028594525355213,-2.3034876573760554,5.377154305296124e-05,1.0,0.0010000035663152921,0.002805220024695374,0.05274823742022492,2.7659174946119203,-1.2747235086229114,-1.2747709459728664,-1.2892374687724644,4.7441240813997055e-05,0.0010000030898178617,0.001340822665952146,0.022357735079195765,5.662234995100232
1292,-2.2911278166860902,-2.2911724369480924,-2.293380226729051,4.4616888154227776e-05,1.0,0.0010000025603111903,0.0015767780637790292,0.04294575952907216,2.6505879141249746,-1.3371319201257494,-1.3371461153030395,-1.3612046784824796,1.4195342858632405e-05,0.0010000029190753896,0.0013434165390208363,0.023302646237425506,5.346506749259102
1293,-2.3241954322131173,-2.3242283159831785,-2.323177582812759,3.289058804512024e-05,1.0,0.0010000026284031711,0.0011990150999066965,0.01700313154713444,2.3264492210352197,-1.3085805786980522,-1.3085948553350237,-1.3375802503691778,1.4278541008631389e-05,0.001000003281256391,0.0013774461087046397,0.02511352188885212,5.5038514826032845
1294,-2.3163869515904842,-2.316413919880705,-2.3202403491398074,2.6967938778535375e-05,1.0,0.0010000026284031711,0.0011765790404751897,0.01635458501372135,2.3785376278859265,-1.329283782508638,-1.329297646549013,-1.3551569594277275,1.3861474063661363e-05,0.001000003607219292,0.0013205589441996483,0.022903332885147797,5.466543345981173
1295,-2.339724806119811,-2.3397532589030714,-2.3406440716869428,2.8444981237627427e-05,1.0,0.0010000027997313806,0.0011334093485273562,0.011458290178539618,2.2429801495570056,-1.2981306009822418,-1.2981384800540077,-1.318600325451957,7.880479097366333e-06,0.001000003299365441,0.0012826499787883627,0.020663880199814837,5.434885729683771
1296,-2.289330284550505,-2.289356382387989,-2.2927375267136774,2.6100086715986145e-05,1.0,0.0010000030435446017,0.001232106625190321,0.01823852538078461,2.553093620066373,-1.3436551047696006,-1.3436694502830506,-1.3623075498474968,1.4344768391715156e-05,0.0010000038478109572,0.001389662843818466,0.02739367883445488,5.495202265845404
1297,-2.247338314101381,-2.247383089560383,-2.245847707649447,4.477257717330501e-05,1.0,0.0010000040934790137,0.0017486246860638824,0.04945356902262231,2.8873214901618236,-1.3596491561995612,-1.3596846573882633,-1.3912011822064718,3.55048312081231e-05,0.0010000035942842563,0.0014449984171531266,0.02490427927631471,5.4526013321346705
1298,-2.344064478604299,-2.344106656200481,-2.3450954095372616,4.21775258936972e-05,1.0,0.001000002610831047,0.0011431051391827048,0.012542192964761887,2.1940754607038677,-1.2653014434708487,-1.2653182367483775,-1.2862035704983605,1.6790545648998685e-05,0.0010000030510127545,0.00127239179952691,0.019537637173198164,5.64670778910319
1299,-2.319743178925424,-2.3197773335114964,-2.3192204934246137,3.4155710688177146e-05,1.0,0.0010000030984574893,0.0011778710330924336,0.014305156339311375,2.3791013101361833,-1.3085691346062556,-1.3085799601342942,-1.330809015697903,1.082950168185764e-05,0.001000003451998863,0.0012549955268493958,0.017679096665233374,5.452215692732069
1300,-2.3092914459840306,-2.3093226473286466,-2.3117379130057567,3.120450759833714e-05,1.0,0.00100000381671806,0.0018778770617297236,0.03670903216203991,2.4986205011043907,-1.340430000755522,-1.3404574864440495,-1.3600955645243327,2.748991052309672e-05,0.0010000032605603337,0.001254845930573841,0.018221144502361616,5.447924931844075
1301,-2.3542654334374196,-2.354297201588469,-2.3574327567838274,3.1753179599654e-05,1.0,0.0010000029403083729,0.0011264405604276173,0.013028918291037937,2.1139042332487286,-1.3370661430888708,-1.3371050000190734,-1.355758175585005,3.8856764634450275e-05,0.0010000032398642766,0.0012264223588216636,0.017344491980555984,5.21298672358195
1302,-2.327555094125136,-2.3275888888341076,-2.3145349228157186,3.3778823771566715e-05,1.0,0.0010000032544100904,0.0014637342394979776,0.02983183366299238,2.4221430162213884,-1.334376404682795,-1.3343875977728101,-1.3577406300438775,1.118795739279853e-05,0.0010000031053399047,0.0011460415242860714,0.01193769855890423,5.179923375447591
1303,-2.3612660641940133,-2.361285191661907,-2.363902177450792,1.91139725019347e-05,1.0,0.0010000029556839814,0.0010998825573379982,0.009478988380716095,2.0715633450814015,-1.3169801493485764,-1.3169915305243598,-1.328994276126226,1.1376374297671847e-05,0.0010000035192610488,0.0011514236969459388,0.013777680878734423,5.221460506651137
1304,-2.3135986418094276,-2.3136180684251606,-2.319866121939893,1.942310130821084e-05,1.0,0.0010000033971835983,0.0011259025590986294,0.013975344545576932,2.390384575106063,-0.9879175307643082,-0.9879270516129004,-1.0088843435049057,9.519358476003012e-06,0.001000004080641601,0.0012082060954223077,0.015544681411443485,6.355736329820421
1305,-2.2476787319723166,-2.247711519025407,-2.2510890713277854,3.2796823191192914e-05,1.0,0.001000005283990418,0.0012551489800109335,0.02244719922683149,2.781313084206491,-1.3606566243701512,-1.3606867922676935,-1.3732460021972657,3.0163427193959554e-05,0.0010000042281010084,0.0012390524769822755,0.017390780119846263,5.393455425898235
1306,-2.232817443474284,-2.232854632836468,-2.2356166535953306,3.719393093630953e-05,1.0,0.0010000041923222114,0.0018462784157819905,0.04565589497182167,2.9289943452151315,-1.334585967328813,-1.3346254342132144,-1.3593411558204227,3.946133785777622e-05,0.0010000088045166598,0.0022672354114345377,0.0644016235238976,6.177883762783474
1307,-2.262535311141104,-2.262628436088562,-2.2644409593546166,9.313977833064098e-05,1.0,0.0010000035948699937,0.0014768516785412464,0.03426457584818017,2.7156038869102046,-1.347657197051578,-1.3476903670363956,-1.3589394450187684,3.316923975944519e-05,0.0010000025931124886,0.0014543020994298988,0.028081684989026853,5.410833549499513
1308,-2.3344953105134785,-2.3345337746278294,-2.338140262747711,3.845968617583221e-05,1.0,0.0010000024878261786,0.0011973236094422217,0.016499182218158583,2.2364722782710813,-1.3399012870258753,-1.3399187591340807,-1.3486728741063012,1.7477075258890786e-05,0.0010000026138085457,0.0013376523326668473,0.0196056648881899,5.320314449734157
1309,-2.3134461326419182,-2.3134778490606345,-2.309383606011013,3.170109582397173e-05,1.0,0.0010000023340700933,0.001269220758914807,0.02092037417592024,2.412579113582395,-1.3050712625185648,-1.3051054570409986,-1.324595030148824,3.4197999371422664e-05,0.0010000027948990464,0.0015497735986072156,0.031049941449115673,5.529716481102838
1310,-2.3429630027627044,-2.342994604470595,-2.3436772148564176,3.160030212042467e-05,1.0,0.0010000025163808802,0.0011482224338424374,0.01478065806441009,2.2067482403989107,-1.2598551551500958,-1.2598741511503855,-1.2731619662708706,1.8998897737926908e-05,0.0010000029216623968,0.001390157024272614,0.02399122650321159,5.508542882071601
1311,-2.3124576289698764,-2.3124891047207816,-2.313009986337626,3.148228773530924e-05,1.0,0.0010000033796114742,0.0011826424600275339,0.016256886710114073,2.429954085709914,-1.3587674564785426,-1.3587776210572984,-1.3744382831785413,1.0162840286890665e-05,0.0010000034054327342,0.0013295063024593725,0.02074185787803597,5.315934562683106
1312,-2.319642910417521,-2.319670004664727,-2.3168125287541805,2.7107110001006215e-05,1.0,0.0010000036366037883,0.0023549614487356455,0.055282432102721255,2.547621058967878,-1.2987590928872428,-1.2987677706612482,-1.309985782702764,8.683734469943577e-06,0.0010000026060475243,0.0012642767978832126,0.017936898690337936,5.475720998975967
1313,-2.3144002478077725,-2.3144235003669307,-2.312770321684064,2.3256776467809136e-05,1.0,0.0010000032675891834,0.0012192111528250126,0.018212870791343587,2.425886646756586,-1.3426179276572334,-1.3426340646213955,-1.3661209113068051,1.6131831540001764e-05,0.0010000030717088116,0.001246960000652406,0.01740331988160809,5.339138756857977
1314,-2.2680986309951208,-2.268129157570173,-2.2684389037906,3.0528964861383976e-05,1.0,0.0010000038452727615,0.0013328679433127618,0.029622066493655713,2.6900085503200315,-1.296401325861613,-1.2964179674784342,-1.3072382013003032,1.6646004385418362e-05,0.0010000036356763707,0.00127179564959887,0.0205374425665165,5.676670127444797
1315,-2.2988804466319532,-2.2989048552962967,-2.3015988547846957,2.439439577876397e-05,1.0,0.0010000035399571061,0.0011525867673796864,0.014856025277865384,2.437680622316756,-1.388037165006002,-1.3880512475967408,-1.3999499890539382,1.4085488186942206e-05,0.0010000054362333483,0.0013340112339291308,0.022257255462722645,5.382278145684135
1316,-2.290816158618567,-2.290849789133612,-2.2946336134424747,3.3614489267457204e-05,1.0,0.0010000047216824485,0.001224594445512542,0.019561587727435353,2.562612092719888,-1.3167973584598964,-1.3168084820111592,-1.3172664218478733,1.112098495165507e-05,0.001000003793483807,0.001243658819132381,0.01792359072715044,5.519634082582262
1317,-2.346565026157307,-2.3465846664500685,-2.34757215122007,1.9630171218008365e-05,1.0,0.001000003643193335,0.0011562694255086892,0.014892240652357632,2.193559322717055,-1.3726354744699265,-1.3726441211170621,-1.3858693851364983,8.645902077356975e-06,0.0010000032372772694,0.0012016772214944163,0.015427634683955046,5.261673090193006
1318,-2.3222873345860897,-2.3223118084781573,-2.323898178226543,2.4478460820216054e-05,1.0,0.0010000034762581564,0.0023897040661705555,0.04102462069307155,2.531667246008819,-1.3287988689210684,-1.3288165469964346,-1.343576983610789,1.7679068777296278e-05,0.0010000029811635613,0.0011925069641114936,0.014759584366240435,5.4219354417588965
1319,-2.312940242155543,-2.3129716729218104,-2.31848762395247,3.143421040391022e-05,1.0,0.0010000034411139084,0.0015148567167585188,0.03811524849701321,2.434079680802687,-1.3289205047819348,-1.328934113184611,-1.3405016687181261,1.3606912559933132e-05,0.001000003317474491,0.0012585452317984568,0.018845350947231054,5.3966730011834025
1320,-2.3164116301626527,-2.3164437671877303,-2.316921836925003,3.2132315748142743e-05,1.0,0.0010000032148728111,0.0011663813679918366,0.017207652444617368,2.401327965394506,-1.258137657245,-1.258149809969796,-1.2624892718262142,1.2151731385125055e-05,0.001000003537370099,0.0012827428756281734,0.020698717215822802,5.632380485534668
1321,-2.197786362666004,-2.1978284997760125,-2.2002567840072342,4.215109741912698e-05,1.0,0.0010000047304685104,0.0015013600646887186,0.04203070513904095,3.0677179480498693,-1.3102980984581842,-1.3103185494740803,-1.3251243366135492,2.0453664991590712e-05,0.0010000029837505685,0.001266648035703434,0.01881248704675171,5.679763009813097
1322,-2.3156684389654196,-2.315703697924344,-2.312935950621119,3.524201939690788e-05,1.0,0.001000002935915342,0.0011485344093328095,0.013707370075555343,2.422329976873578,-1.3118805236286588,-1.3118979030185276,-1.3172586692704096,1.7373512188593548e-05,0.0010000029785765543,0.0011705759421197905,0.013275095220241282,5.414941734737821
1323,-2.354494376002618,-2.3545196168827562,-2.3504121528481536,2.5237787444636507e-05,1.0,0.0010000031028505204,0.001131184528722375,0.014585982234972828,2.15988485543233,-1.3491096258163453,-1.349118850628535,-1.372517024146186,9.228620264265272e-06,0.001000003332996534,0.0011642061924147936,0.01238236848730594,5.319879070917766
1324,-2.2385978597515033,-2.2386287405805767,-2.2378370818102136,3.088286743973786e-05,1.0,0.0010000043482748123,0.0012459385380113744,0.0191755118199958,2.8788702690376424,-1.271247778998481,-1.2712612244817945,-1.2924753387769063,1.3450284798940023e-05,0.001000005226685769,0.0015306188931895628,0.028323604890869724,5.914257801903618
1325,-2.302716612815857,-2.3027456571471014,-2.296131241996333,2.9061130195293787e-05,1.0,0.0010000039529020214,0.0013857286484947181,0.025644054847224703,2.5015397521684752,-1.4005303263664246,-1.400548475318485,-1.4121678471565247,1.8150111039479573e-05,0.0010000031958851548,0.0012417019551826847,0.016115169369408655,5.169310977723865
1326,-2.32913645708336,-2.3291556970128475,-2.3343192991220727,1.92380316977231e-05,1.0,0.0010000028524477526,0.0017608324228346628,0.03443786186464834,2.3612029957321456,-1.318394082122379,-1.3184050228860644,-1.324222954776552,1.0930829577975803e-05,0.00100000299151159,0.0012271322128880355,0.015891295575743748,5.507555622524685
1327,-2.3105095984800808,-2.31054129465571,-2.308258241077639,3.1686756970747465e-05,1.0,0.0010000036168351489,0.0027450012407740053,0.05321547136870476,2.6423532692891247,-1.3617253621419274,-1.361773419380188,-1.37820299466451,4.80607979827457e-05,0.0010000024223700166,0.0012230559485033154,0.016431291018509202,5.314219543668959
1328,-2.347717636036423,-2.3477502678925135,-2.3449707706019565,3.2624054067539716e-05,1.0,0.0010000024021620739,0.0011493309778776372,0.013848876598168094,2.2054380335897767,-1.3096490455998313,-1.309661500983768,-1.320429833730062,1.2453976604673598e-05,0.0010000027302238675,0.0011819558476822245,0.013654595776461064,5.491625759336684
1329,-2.3484269448046415,-2.3484477771902985,-2.345555345967131,2.0826903154265205e-05,1.0,0.0010000027382289463,0.001134102434833657,0.012055682626834034,2.2159499087423646,-1.351319020324283,-1.351327696111467,-1.3631588803397285,8.679843611187405e-06,0.0010000029527064828,0.0011868982886274655,0.015506366774853732,5.163772477044
1330,-2.357852283513771,-2.3578690537866556,-2.3579741244046195,1.67695699997668e-05,1.0,0.001000002891985032,0.0011075348900806792,0.010455206137607401,2.1116573383223334,-1.3667474534776471,-1.366753343741099,-1.378453595108456,5.89431987868415e-06,0.0010000031829501192,0.0011742441604534785,0.014199892886810832,5.157371966044107
1331,-2.3256759328662224,-2.325708420771473,-2.3255607586986615,3.249964342927033e-05,1.0,0.0010000032873578228,0.0013952792736367796,0.02592820556228102,2.3568541238892755,-1.3203189743889705,-1.32034326394399,-1.328452436129252,2.4288147687911988e-05,0.0010000038581589857,0.0012591555792217453,0.01945536760613322,5.455337391959296
1332,-2.2841810707776053,-2.284226215110635,-2.2767281194902815,4.5143348990746266e-05,1.0,0.0010000045086204442,0.001988175549140235,0.05250545218586922,2.7549285933656513,-1.2425375825828977,-1.2425759454568228,-1.2691879219479032,3.836386733584934e-05,0.001000002875096268,0.00133165063129531,0.025058568988202346,5.673883236779107
1333,-2.3476219672077105,-2.347643442873685,-2.344266320174595,2.1481991938824923e-05,1.0,0.0010000031467808305,0.0011380643843023,0.012835623731590667,2.200337808087187,-1.3144156263934241,-1.314432097143597,-1.330528759294086,1.6471495230992637e-05,0.0010000031053399047,0.0012074554235570962,0.016976811351358062,5.327098650402492
1334,-2.324190855026245,-2.3242123824245526,-2.3217808210624837,2.1530280135712535e-05,1.0,0.0010000034345243618,0.0018298158461649745,0.03918679911678411,2.4524634806615,-1.318430640300115,-1.3184408459398482,-1.3164554019769033,1.020721263355679e-05,0.00100000304583874,0.0011835563513967727,0.01546825639023963,5.346895164913602
1335,-2.359580003990317,-2.3595950243608006,-2.354333796591129,1.5007577977090512e-05,1.0,0.001000003430131331,0.0011120641599672864,0.012362613975298855,2.138211574194566,-1.3334257284800208,-1.333435128794776,-1.3448450485865275,9.40105981296963e-06,0.0010000033381705484,0.0011626150640141632,0.013548199278819893,5.217859925164117
1336,-2.3346915559948616,-2.3347115921524337,-2.3387259942180707,2.0040585747304953e-05,1.0,0.001000003656372428,0.0011074012826319854,0.01061208988320223,2.2499100464694903,-1.1797600905100503,-1.1797912451956007,-1.1969388988282945,3.115178810225593e-05,0.0010000040366624793,0.0012240161679478155,0.017536745445492368,5.794544219970703
1337,-2.292604003312453,-2.292637975710743,-2.2879696994457603,3.3974436656484066e-05,1.0,0.0010000048996002045,0.001382944874799336,0.028668774010718993,2.6106684522808723,-1.297479522228241,-1.2975061251057518,-1.311278470357259,2.6607678996192084e-05,0.0010000038555719787,0.0012165927767960561,0.018203258007350894,5.449768002827963
1338,-2.3536536873511547,-2.3536761121929817,-2.349964573698224,2.242631788523692e-05,1.0,0.0010000037793772964,0.001153653230570819,0.016736413299475075,2.1458783442119382,-1.2539728224277493,-1.2539903197023603,-1.2672726455661985,1.7495453357696532e-05,0.001000003744330671,0.0011802068213000894,0.015185919114285046,5.64448324839274
1339,-2.3292239364588037,-2.3292461408759064,-2.3273147299604595,2.2202730178833008e-05,1.0,0.0010000038145215444,0.0011645970154413074,0.01804106755023998,2.3463239084999516,-1.2571961051887937,-1.2572119368447199,-1.2680319435066647,1.5823874208662245e-05,0.0010000040547715294,0.0011483764068947898,0.012385177912397518,5.452142662472195
1340,-2.335398068967855,-2.335419364695279,-2.3368693005363896,2.128082626270798e-05,1.0,0.0010000039419194437,0.0011058940490672612,0.011113363581727136,2.2492752412580095,-1.3247083306312561,-1.3247275484932794,-1.3267955250210233,1.9219434923595853e-05,0.0010000036149803136,0.0011906999422030317,0.0157167512897609,5.237612591849433
1341,-2.3520722096821047,-2.352091760005591,-2.3572261918265864,1.9549761178358546e-05,1.0,0.0010000045108169598,0.001122585838256439,0.011513610385832781,2.117681291868102,-1.263873657915327,-1.263890344566769,-1.2703450587060716,1.6694267590840656e-05,0.0010000035787622135,0.0011759427117390764,0.013015803994817866,5.452771144443089
1342,-2.3191065765776724,-2.319127825071227,-2.321349616320628,2.1251867402274655e-05,1.0,0.0010000037244644086,0.0011217006139527515,0.012256976471827278,2.3280131232063725,-1.318373715877533,-1.318396399418513,-1.3378061532974244,2.267989847395155e-05,0.001000004887787832,0.0012483223056834606,0.01922278962511983,5.546923859914144
1343,-2.0956309201582424,-2.095847683132819,-2.0950795547017513,0.00021674596476105025,1.0,0.001000007948363727,0.002106213854309523,0.07961005699943821,3.477766619538361,-1.3603706942664253,-1.3605395674705505,-1.3763663166099125,0.0001688803235689799,0.0010000029009663396,0.001961235471794175,0.059344941367291744,5.665916591220433
1344,-2.3091382260592477,-2.3092188587728537,-2.3080921870357587,8.063819610847617e-05,1.0,0.0010000022154582559,0.001223064260557294,0.019456477633694996,2.4390470261843697,-1.346757255660163,-1.3468236592080858,-1.3598392605781555,6.639742188983494e-05,0.0010000024378920595,0.001557192454735438,0.040394776428325306,5.450637086232504
1345,-2.3227404603418313,-2.3227978135054967,-2.320743644012595,5.733966827392578e-05,1.0,0.001000002663547419,0.0018828705344173424,0.037451297229261334,2.470790015076691,-1.301196336746216,-1.3012460271517436,-1.3069776588016087,4.968510733710395e-05,0.0010000025051542455,0.0015948416742806633,0.043324091849434705,5.46889599694146
1346,-2.3374477647385508,-2.3374878370536947,-2.333404428554031,4.0079273705212575e-05,1.0,0.0010000026130275626,0.0011465298648888492,0.012984530973898352,2.275063735134197,-1.346565798918406,-1.3465837173991733,-1.3541753901375664,1.7927007542716133e-05,0.0010000027948990464,0.0014788248990144995,0.03684915100586497,5.319377284579807
1347,-2.280537582793326,-2.280577598877673,-2.2832202349068984,4.001727925156647e-05,1.0,0.0010000034455069392,0.0011619284270190685,0.015335666635161583,2.5423950834094353,-1.3227753639221191,-1.3228001064724393,-1.3236658725473616,2.4737748834821914e-05,0.0010000036822424994,0.0016789109135667483,0.04584929981372422,5.545758703019883
1348,-2.360742487997379,-2.360761228597389,-2.3592118677103295,1.8734414622468768e-05,1.0,0.0010000030633132413,0.0011088557734663755,0.010714762782642865,2.118691588347813,-1.312264571587245,-1.312274960676829,-1.309882445467843,1.0394636127683851e-05,0.0010000032010591693,0.0014924446353688837,0.03536652344951613,5.315611982345581
1349,-2.296622040136805,-2.2966493862979815,-2.289677284798532,2.7344825695145806e-05,1.0,0.0010000037508225948,0.0011425781094486702,0.013499710506777157,2.529540538787842,-1.3011871735254923,-1.3012069079611037,-1.3028878629207612,1.9737167490853202e-05,0.0010000038064188427,0.0015042955495624078,0.03808302232840409,5.615576595730252
1350,-2.3471318258429474,-2.3471499793934374,-2.3461308591770678,1.8151512123503773e-05,1.0,0.0010000034279348154,0.0011497565154161937,0.013743468788716028,2.1737560191244447,-1.3476327194107902,-1.3476416985193889,-1.3538950085639954,8.980929851531983e-06,0.001000003521848056,0.0013683663215488195,0.02869842710594336,5.29381839964125
1351,-2.3706963062286377,-2.3707150063424742,-2.3682576755307756,1.8702433356698953e-05,1.0,0.0010000033005369158,0.0010951474629658853,0.00906845609183019,2.054186811986959,-1.2574671076403725,-1.2574767622682783,-1.262953034374449,9.655124611324734e-06,0.001000003485629956,0.0013169745940508114,0.026218884513299498,5.399378633499144
1352,-2.3613231856867953,-2.3613445533896393,-2.3559120870986074,2.135237995183693e-05,1.0,0.0010000036322107574,0.0011056041507542414,0.010629258193251378,2.1585653210585973,-1.287816396686766,-1.2878316475285425,-1.2933171119954852,1.525407036145528e-05,0.001000003433889813,0.0012836199978159533,0.024054138884983128,5.260053247875637
1353,-2.3283571882067986,-2.328391619448392,-2.3340500233308323,3.44321553437215e-05,1.0,0.0010000035860839318,0.0017708522610296055,0.04089881151141423,2.3707726316631965,-1.2975069191720752,-1.2975270787874857,-1.3080464210775165,2.015564176771376e-05,0.0010000032165812121,0.0013860367290261719,0.028017329168505967,5.4764513545566125
1354,-2.332765241838851,-2.3327858223105378,-2.3293857484493614,2.0587149093735894e-05,1.0,0.00100000346966861,0.0012295587770289407,0.02347027607051269,2.320765297367888,-1.2864270355966356,-1.2864390757348803,-1.2909059935145908,1.2042538987265693e-05,0.0010000033769756555,0.001294765189393527,0.023948080154756704,5.386101044548882
1355,-2.3265924408750713,-2.3266191977374957,-2.332440772146549,2.6757846463401364e-05,1.0,0.001000003722267893,0.0012085376865283218,0.021271404854180116,2.30084214120541,-1.340219435426924,-1.3402369207806057,-1.3528063224421607,1.748907897207472e-05,0.0010000035942842563,0.001294900466584497,0.02467514413098494,5.245654588275486
1356,-2.3727128505706787,-2.3727283252860016,-2.3678620221479885,1.545243386952382e-05,1.0,0.0010000035377605906,0.0011048904984732562,0.011608899430424537,2.0502554245714872,-1.3153723365730712,-1.3153803560468886,-1.3195109655459722,8.014423979653252e-06,0.0010000037883097926,0.0012700410844344232,0.02186370137044125,5.237757137086657
1357,-2.3422687121157377,-2.3422958513475813,-2.3442830904474796,2.7147315020831126e-05,1.0,0.0010000041154441686,0.001398447426563164,0.02982847054734967,2.2067190363722027,-1.2205045607354907,-1.2205178168084887,-1.2388571129904853,1.3264434205161201e-05,0.0010000038219408858,0.0013365391409024597,0.026859796362825566,5.476730807622274
1358,-2.349921570633942,-2.3499501966080576,-2.351836618387474,2.8628223347214032e-05,1.0,0.001000003656372428,0.0017349306660932751,0.04568314119154271,2.2034713367246233,-1.226312495602502,-1.2263555096255407,-1.238181353939904,4.3014271391762624e-05,0.001000003299365441,0.001272246241569519,0.023318260367442337,5.57132314576043
1359,-2.316705379845961,-2.316748416648721,-2.3241845234385075,4.303827881813049e-05,1.0,0.0010000036937131915,0.0012123399361405733,0.019359280952726893,2.3414417775172107,-1.2363249646292793,-1.2363512297471364,-1.2476108216577106,2.6259405745400322e-05,0.0010000038710940215,0.0012993139163073567,0.0245028725411329,5.700517103407119
1360,-2.337419815783231,-2.337440067867063,-2.329518866988848,2.0249904888980792e-05,1.0,0.0010000038782204941,0.0011146776729597237,0.012559263905475163,2.324869353816194,-1.3766609390576683,-1.376671266555786,-1.402758119503657,1.03278292549981e-05,0.0010000043703864018,0.0012657733634114266,0.022022073801296452,5.14510400030348
1361,-2.304197909697047,-2.3042282001027523,-2.30396587893648,3.0307556098362186e-05,1.0,0.0010000043175235954,0.001286112200380918,0.022641018191176764,2.431384226061263,-1.3396481540468004,-1.339674210548401,-1.3590241491794586,2.605997853808933e-05,0.0010000041065116724,0.0012773156036726303,0.024681690322338707,5.421056101057265
1362,-2.281397416906537,-2.2814168862576754,-2.2876112686013275,1.94647120979597e-05,1.0,0.00100000425162813,0.0011443928925250217,0.014458958595499114,2.5459015324430645,-1.3651002354092066,-1.3651187870237562,-1.3796168486277263,1.8550538354449802e-05,0.0010000052240987619,0.0013067414673666158,0.024599560329483613,5.3273603598276775
1363,-2.279699739420189,-2.2798091173171997,-2.2815814715511396,0.00010938120056998055,1.0,0.0010000048271151928,0.0013013004373653599,0.029988719897239276,2.5882963459446744,-1.3850480861134,-1.3852206733491685,-1.3980746653344895,0.00017258574565251668,0.001000004577346974,0.0013718289271410968,0.02918655803013179,5.377894284990098
1364,-2.345721919581575,-2.345883994732263,-2.3460976312745294,0.00016208548309668054,1.0,0.0010000033400741951,0.0011343822906777826,0.0121326548363662,2.1912213833826892,-1.3828404837184478,-1.3829273117913141,-1.395837324195438,8.68264999654558e-05,0.0010000034390638271,0.0012590550869289372,0.021892465402682623,5.166053406397501
1365,-2.3526710811650977,-2.3527251504502207,-2.3467823109536803,5.4075400222022576e-05,1.0,0.0010000030193829312,0.0013124733144101108,0.02227098418329403,2.183816813073068,-1.2977330724398295,-1.2977657238642375,-1.2921262323856353,3.264918923377991e-05,0.0010000036098062992,0.0012287808866757485,0.01953015950663636,5.357308922873603
1366,-2.3243968779186033,-2.3244376115079195,-2.3194282009916485,4.072592787022861e-05,1.0,0.0010000046008740956,0.0012177389756477667,0.022037832013700367,2.3587282176287667,-1.3449033472273084,-1.3449224220381844,-1.3539941324128044,1.9073817465040417e-05,0.001000003573588199,0.0013241271177927654,0.02254889925890085,5.271182727813721
1367,-2.3448444132534965,-2.3448701714569666,-2.347640811272387,2.5758484624466808e-05,1.0,0.0010000034938302804,0.0011269827878524392,0.012449519796613252,2.1555530260194025,-1.2986157059669494,-1.2986281216144562,-1.3096094098356035,1.2422104676564534e-05,0.0010000033924976984,0.0012537427608751588,0.018227335947772694,5.3807243612077515
1368,-2.3790913437897303,-2.379105842338418,-2.382614549600853,1.4505788402737312e-05,1.0,0.0010000030874749118,0.0010839473513253736,0.009208096204466134,1.96080223344407,-1.2303047034475538,-1.2303131818771362,-1.2407105061742993,8.47652554512024e-06,0.0010000033019524482,0.0011793773802411226,0.01498168521405508,5.391531721750895
1369,-2.359155884328878,-2.3591794607774266,-2.361222892437341,2.3592122883166906e-05,1.0,0.0010000039177577732,0.0011194470944761667,0.012109678576893683,2.111265110519697,-1.3085133360491856,-1.308527222606871,-1.320937211645974,1.3884819216198392e-05,0.001000004409191509,0.0012101102335792448,0.015659914983229505,5.225025441911486
1370,-2.3031470055850045,-2.3031813198665403,-2.2968050781285987,3.4312594611689726e-05,1.0,0.0010000054509255965,0.0016514424691503903,0.02575650908720662,2.6630879258209803,-1.2693648199240366,-1.2693891339831882,-1.2904004626803929,2.4309754371643068e-05,0.0010000048075906104,0.0013163547471372618,0.023413277740797236,5.525397740470038
1371,-2.3339952477868997,-2.3340258283435174,-2.3388592297176145,3.0586742005258236e-05,1.0,0.001000003981456723,0.001126185523012196,0.014095890449957465,2.2442373239769124,-1.3100590301884545,-1.3100750433074104,-1.3158254782358805,1.601328452428182e-05,0.0010000039073121217,0.0012881610801236498,0.02355659641325474,5.383928140004475
1372,-2.375184958835818,-2.375204423688493,-2.3771317499988482,1.9464360655478713e-05,1.0,0.0010000028810024542,0.0010873449939953269,0.009481140675972093,1.9719538036382422,-1.309725734922621,-1.3097334848509894,-1.3163378682401445,7.755226559109158e-06,0.001000003643437392,0.0012423905388762554,0.018983041694284313,5.343901671303644
1373,-2.1596476874261534,-2.1596805059684896,-2.1641555462243423,3.281186492937916e-05,1.0,0.0010000044822622582,0.0012489184034320544,0.02188401110470295,2.795027825067628,-1.0995536386966704,-1.0996301975515155,-1.0996331711610159,7.65569508075714e-05,0.001000014400213129,0.01660692825809949,0.7522904343075223,9.16980300479465
1374,-2.002793773165289,-2.0030293959491656,-2.0069235630755156,0.00023562411935824267,1.0,0.0010000051082691775,0.0103134039047016,0.44580980474656484,4.951571505024748,-1.4092842592133412,-1.4093736410140991,-1.4350795679622226,8.938031064139472e-05,0.0010000019592957365,0.002861886903540128,0.11064480864960287,5.752724546856351
1375,-2.2586303274586514,-2.258750814311909,-2.2592840374640697,0.0001204866423921765,1.0,0.0010000012402053711,0.002240332030199187,0.06276338457850353,2.8042741249192438,-1.1621892525090112,-1.1622280690405105,-1.188694049583541,3.882323702176412e-05,0.0010000016333328353,0.0016583599357141389,0.04873143952960769,6.052081680297851
1376,-2.2565391625998155,-2.25657153579424,-2.2574716828904062,3.236883653784698e-05,1.0,0.0010000016202025537,0.001295212922037913,0.03148905698315434,2.742505923757013,-1.305254328250885,-1.3052734838591682,-1.321572838889228,1.9154449303944907e-05,0.001000002311128709,0.0016391539946198463,0.04617379310851296,5.712849325603909
1377,-2.3345793193241335,-2.334609620975998,-2.3366525173187256,3.0312687158584595e-05,1.0,0.0010000022945328142,0.0012005452738793672,0.016704980846283572,2.2482728305852637,-1.351459817091624,-1.3514754321840075,-1.3732694586118062,1.562212904294332e-05,0.0010000021662563085,0.0014817703903342286,0.0343621987487293,5.3854736328125
1378,-2.329676794555952,-2.3297036751261295,-2.324017533716166,2.6885068641518648e-05,1.0,0.0010000021978861318,0.002088054860854205,0.0650988455317071,2.339594948966548,-1.3778658323817785,-1.377882136238946,-1.3940200792418587,1.6305843989054362e-05,0.0010000025724164314,0.001385773102649384,0.029517791459026436,5.312641180886162
1379,-2.378134606019506,-2.3781546196847594,-2.3777781387545027,2.0024770835660537e-05,1.0,0.001000002250602504,0.001103927394515782,0.009614310974149772,1.9642486549773306,-1.293705566061868,-1.2937159955501556,-1.3142270697487726,1.0434206989076402e-05,0.0010000028207691179,0.0012999405023745364,0.02338491498440918,5.314428583780924
1380,-2.380451200143346,-2.3804633954785905,-2.379368874261964,1.2191469376941896e-05,1.0,0.0010000024988087563,0.0010955978650599718,0.008900300586455554,1.951895167242806,-1.2755760822031237,-1.2755834076139663,-1.2941817528671689,7.320361004935371e-06,0.0010000029966856043,0.0012745144207858376,0.02349099133732832,5.3003111945258246
1381,-2.361430397573507,-2.361444594725123,-2.3600107723811887,1.4212123065624596e-05,1.0,0.0010000029644700436,0.0011146325301730408,0.01143658872395051,2.1277679632294855,-1.250286145342721,-1.2502957820892333,-1.2592687765757242,9.630951616499159e-06,0.0010000035580661562,0.0013295862228713102,0.025335719387253954,5.467066478729247
1382,-2.3126385999175736,-2.312655227364234,-2.3121129667983866,1.662006636835494e-05,1.0,0.0010000035685118077,0.001139006063447527,0.01170700910624187,2.2801753529962503,-1.2463012370798323,-1.2463180522123973,-1.254891303512785,1.6809089316262138e-05,0.0010000048774398036,0.001573032489977777,0.0380059692543,5.8491265614827475
1383,-2.2834393415810927,-2.2834667619669213,-2.278670416688019,2.741996409758082e-05,1.0,0.00100000386064837,0.0019245405356346998,0.044135182770847714,2.6902887191412583,-1.2424210555023618,-1.2424393422073787,-1.2564126478301154,1.8289602465099758e-05,0.0010000037650267283,0.0013343463936406706,0.025625856588077214,5.644788032107883
1384,-2.3266122925956294,-2.326640394498717,-2.3240712183826373,2.8090656928296358e-05,1.0,0.001000003296143885,0.0012713407983405973,0.020232289405715354,2.3540957423875915,-1.2953826917542353,-1.2954113317860498,-1.3099140842755637,2.8640776872634887e-05,0.0010000036382633779,0.0013064602493411965,0.023035018120167984,5.524939113193088
1385,-2.3492411352553457,-2.3492598623599648,-2.347321811712013,1.8724152502023947e-05,1.0,0.0010000032038902336,0.0011114271155576098,0.010068672351134976,2.188644490152035,-1.2968841373920441,-1.2968917455938127,-1.3062019924322763,7.609443532096015e-06,0.001000003946117229,0.0012483304728650385,0.019398149728981986,5.313553582297431
1386,-2.339029078213674,-2.3390426140911176,-2.338242818724434,1.3536439751679043e-05,1.0,0.001000003630014242,0.001101923484864803,0.009534768839278873,2.2277105664307215,-1.3159019761615331,-1.3159096095297071,-1.3336108260684543,7.63518942726983e-06,0.0010000042177529798,0.0012613574042916297,0.01933216285219209,5.352789762285021
1387,-2.3788620840828374,-2.3788763532098733,-2.3821555038668074,1.4259427223565444e-05,1.0,0.0010000035289745286,0.0010844327307323802,0.008497817617542338,1.9472603078158397,-1.3017920964294012,-1.301796410481135,-1.3076167934470706,4.31430008676317e-06,0.0010000038478109572,0.0011944391454259554,0.01615967908874154,5.2779753473069935
1388,-2.3248325833734476,-2.324847693713206,-2.3195274843359894,1.510422465936193e-05,1.0,0.0010000038101285133,0.0010823673098611663,0.008403518281103868,2.3599912220577024,-1.2334151552783117,-1.2334232045544518,-1.2578687886397044,8.043977949354383e-06,0.0010000047868945533,0.0012856827091632618,0.02159097134653065,5.604050535625882
1389,-2.3312690707872497,-2.331286403368104,-2.3306944415254414,1.7347341438509385e-05,1.0,0.0010000041593744788,0.00110487812550141,0.010112295656482567,2.3011477735807313,-1.280918014711804,-1.2809264222780863,-1.2878651095761193,8.411788278155857e-06,0.0010000041530778012,0.0012012586566723055,0.01759808336953736,5.383748722076416
1390,-2.1742332330289877,-2.17430691280455,-2.1703449886924817,7.368631239207286e-05,1.0,0.0010000067973896017,0.0020409083182765346,0.059624239406987745,3.3213125669731283,-1.3280709544817606,-1.3281439688470629,-1.346548448668586,7.301577263408237e-05,0.0010000033873236842,0.0013198164731471076,0.024827453043932714,5.467831654018826
1391,-2.3331138975215406,-2.333150625228882,-2.334200137066391,3.67143525267547e-05,1.0,0.0010000025888658919,0.0012027407592197633,0.01864132277210647,2.2609394293911054,-1.290649207433065,-1.2906671848562028,-1.2992744286855062,1.796988977326287e-05,0.0010000027560939392,0.0012614546162593697,0.02042896370144768,5.387847810321384
1392,-2.344870533583299,-2.3448955247986993,-2.3447834455742025,2.498594376276124e-05,1.0,0.0010000024175376824,0.0011237891333810283,0.01350096794161594,2.187578999771262,-1.3329377167754701,-1.332948954900106,-1.3445016119215223,1.1236220598220825e-05,0.0010000032786693838,0.0012851086703853476,0.021131559202654495,5.268014664120144
1393,-2.3349897096741876,-2.3350116779219428,-2.334573192416497,2.1974925162657252e-05,1.0,0.0010000033949870827,0.001328481877451095,0.027872544238871,2.2319450558356517,-1.2841403391626147,-1.2841602742671967,-1.3013837966654036,1.993485622935825e-05,0.0010000037417436638,0.0012690711326690184,0.0180145615996379,5.5080956459045405
1394,-2.3205900462168567,-2.3206169155408753,-2.328777569644856,2.6867004497995918e-05,1.0,0.00100000297105959,0.001199579340809921,0.021178996629731835,2.313167673236919,-1.3762937916649713,-1.376305141713884,-1.3997090366151599,1.1346571975284152e-05,0.001000003640850385,0.0012249577428317731,0.016632000610439315,5.252155261569554
1395,-2.3647841822426274,-2.3648001922751374,-2.372473158926334,1.6017904821431863e-05,1.0,0.00100000297105959,0.0011197904471905444,0.013255089310542593,2.00604857588714,-1.325928160879347,-1.3259362008836535,-1.33651162121031,8.037024074130589e-06,0.0010000035787622135,0.001229529936487476,0.016015899882444905,5.302779754002889
1396,-2.383445330385892,-2.3834569994008765,-2.384316340932306,1.1649755936748576e-05,1.0,0.0010000027865522875,0.0010813150229811105,0.009231749184007914,1.94499035601346,-1.3083842674891153,-1.3083925935957166,-1.3159413291348352,8.32536154323154e-06,0.0010000035321960847,0.001209014775748882,0.01604183181706402,5.354086849424574
1397,-2.33981487885961,-2.339829665309978,-2.3293839805531054,1.4765152953705697e-05,1.0,0.001000003496026796,0.0011159883667099869,0.010870955765844797,2.3068074910145886,-1.2930040491951837,-1.2930194954077403,-1.3030235297150081,1.544985506269667e-05,0.0010000040547715294,0.0012388860108330847,0.01745112169171787,5.331520880593193
1398,-2.292114991062092,-2.292140965191823,-2.288062370048379,2.598389983177185e-05,1.0,0.0010000040056183934,0.001128265585855774,0.011178539116989891,2.5554153874235332,-1.2769205954339768,-1.2769318143526713,-1.2846906357341343,1.122239563200209e-05,0.001000004015966422,0.0012384056398231122,0.016919667322912977,5.459225855933296
1399,-2.365562582915684,-2.365579267717757,-2.366344105522588,1.6680092744107515e-05,1.0,0.0010000035179919512,0.0010995644403902708,0.010604227111094966,2.072007914759078,-1.3069669359260137,-1.306975879934099,-1.31942271788915,8.939951658248902e-06,0.0010000035632401704,0.0011765011637989017,0.014467284962948825,5.265719408459134
1400,-2.342463929698152,-2.3424831921199583,-2.3404946304717154,1.925939940056711e-05,1.0,0.0010000035794943852,0.0011318676230796384,0.015045484510373394,2.2164040601478434,-1.2812112583054438,-1.2812333775891198,-1.3025436308648852,2.2115475601620143e-05,0.0010000038271149,0.0012469533753270905,0.019592133505890768,5.326721609963311
1401,-2.3543341002374327,-2.354369008316184,-2.35498801267372,3.4899573843434175e-05,1.0,0.0010000037420365327,0.0011613151159594363,0.019524572592861247,2.1418812005025036,-1.2994572016927932,-1.299478414323595,-1.3104412449730767,2.1212051312128703e-05,0.0010000034313028057,0.0012347757091952694,0.018148498185392884,5.340022367901272
1402,-2.360421895980835,-2.3604389091707625,-2.3585407733917236,1.7030621474643924e-05,1.0,0.0010000035377605906,0.001095779912265123,0.009836192234015127,2.1152413588649823,-1.2476413600974614,-1.2476511134041681,-1.249399573273129,9.75065761142307e-06,0.0010000037313956354,0.0012081264621681637,0.017248801434309118,5.2868588182661265
1403,-2.349254639643543,-2.349270966817748,-2.348142131319586,1.6317755546209947e-05,1.0,0.0010000037442330482,0.0016307995395453752,0.03647276434063349,2.2264734731530242,-1.2888450496726565,-1.288854271835751,-1.2866620424720976,9.220093488693237e-06,0.0010000035994582705,0.0012125379173085094,0.019267112681538693,5.294390556547378
1404,-2.323993739092125,-2.3240175022269196,-2.3227446371654294,2.3747882190740335e-05,1.0,0.001000003634407273,0.0011151048425093013,0.012228068579339757,2.347177489748541,-1.3187028566996255,-1.3187314722273085,-1.3208813852734036,2.860799431800842e-05,0.001000004409191509,0.0012163387844339013,0.01865120129401071,5.311707295311821
1405,-2.3550208964437807,-2.3550712387516812,-2.356492861261908,5.0340550688077816e-05,1.0,0.0010000042318594905,0.0011149819189120295,0.011890920212949222,2.123495585513565,-1.271154526869456,-1.2711773633956909,-1.2696966297096677,2.2837602429919774e-05,0.0010000042074049512,0.0011780971066198416,0.015568834108610949,5.434036212497287
1406,-2.334057974365522,-2.334084006975282,-2.3331115020895905,2.6037670531362858e-05,1.0,0.0010000041352128083,0.0011212518856034807,0.012595317633998281,2.29229987792249,-1.3073903785811534,-1.307410807079739,-1.3165089031060537,2.0426594548755223e-05,0.001000003863333,0.0011813003207660384,0.01550541303327514,5.208918778101602
1407,-2.361682914338022,-2.361701448008699,-2.3620654434527992,1.8528399040114204e-05,1.0,0.0010000037068922847,0.0011642365057443111,0.020866127957080333,2.101700821012821,-1.3028870794508192,-1.3029007024235195,-1.3085889392428929,1.3625539011425441e-05,0.0010000042617321014,0.001197751321726375,0.017447317094128164,5.294378519058227
1408,-2.3399223763987704,-2.33994385881244,-2.341737785429325,2.1482765112283095e-05,1.0,0.0010000043285061729,0.001479972584419093,0.02726008686816917,2.3566333212942445,-1.2973616189426846,-1.297377230061425,-1.2969652281867132,1.5607062313291762e-05,0.0010000034649338986,0.0013397429655823442,0.023021008840037716,5.3090024630228685
1409,-2.384781149198424,-2.3847933805213786,-2.3808956506117336,1.2229284587896095e-05,1.0,0.0010000031467808305,0.0010781578548287726,0.008417666103374565,1.9409689003566526,-1.2315969374444746,-1.2316050357288784,-1.2330173250701693,8.091082175572713e-06,0.001000003589110242,0.0012618860074629387,0.020752899535000324,5.448039277394614
1410,-2.370860030066292,-2.3708719352506242,-2.3680768080477446,1.1898225770806366e-05,1.0,0.0010000035114024045,0.0010740072839840683,0.008693340436537873,2.026176589839863,-1.2295161071750855,-1.2295214328500959,-1.233074555132124,5.319631761974759e-06,0.0010000040340754721,0.0012602660365195737,0.019200881115264364,5.399886989593505
1411,-2.374729781780603,-2.374742274014455,-2.3756621153849475,1.2494764238033654e-05,1.0,0.0010000036915166761,0.0010732130086014294,0.008374582106282688,1.9919690770922966,-1.2536516235934365,-1.2536569323804643,-1.2499752203623453,5.309200949139065e-06,0.0010000040082054006,0.0012437639499290121,0.01949372342528982,5.356385861502754
1412,-2.2855479885947028,-2.2855762693117248,-2.2850856061251656,2.8269330285630138e-05,1.0,0.0010000055651444028,0.002258195240876444,0.05732228143035241,2.717677190618695,-1.29414879017406,-1.2941674523883395,-1.3138662219047545,1.866444945335388e-05,0.0010000030044466258,0.0013626527791428898,0.02273618253465328,5.451903639899359
1413,-2.3746107974142396,-2.3746274372316756,-2.372306954185918,1.6650360710216018e-05,1.0,0.0010000026547613572,0.001079054351650038,0.009101650159243704,2.036204212116745,-1.2937380168173047,-1.293748558892144,-1.2958237111568451,1.0537770059373644e-05,0.0010000034390638271,0.0012971666486312945,0.019224251043568882,5.345903952916463
1414,-2.3538013134362563,-2.3538210616921478,-2.3535669434745357,1.975036454650591e-05,1.0,0.0010000032390344818,0.0010878982698931446,0.009278667475676761,2.151669011925751,-1.2889497369527816,-1.2889637175533506,-1.2940873346394963,1.398060056898329e-05,0.0010000041841218869,0.0012843338462213674,0.020678551065632038,5.445049683252971
1415,-2.3430947605169044,-2.3431141286526085,-2.338345271236492,1.9367713973207293e-05,1.0,0.0010000034213452687,0.0011460507894813451,0.014587823411379501,2.2527974214193955,-1.2650086873107482,-1.2650275124443902,-1.2690596255991193,1.8821905056635537e-05,0.0010000036020452777,0.001399554539885786,0.02669006726808018,5.45076642566257
1416,-2.3578291524131343,-2.35785107342702,-2.356861784773053,2.1917429172767783e-05,1.0,0.0010000034037731447,0.0011416740346489088,0.014970152348912549,2.148523800777939,-1.1988335993554857,-1.1988438771830665,-1.2039119809865952,1.027368836932712e-05,0.0010000035606531634,0.0012258032905972667,0.017467487753472396,5.456868807474772
1417,-2.335478020164202,-2.3355124626519546,-2.3350169939814873,3.445000862175564e-05,1.0,0.001000003643193335,0.0019679802166790053,0.031075284833896835,2.310467056508334,-1.2481446670161354,-1.2482035209735234,-1.2500657905307082,5.884766578674316e-05,0.0010000035425441133,0.0012606965481407112,0.01546457219713678,5.423059537675645
1418,-2.351155937842603,-2.3511842489242554,-2.353908730003069,2.8319516271915075e-05,1.0,0.0010000032192658422,0.001122076863879865,0.01278567326448436,2.1192556259767064,-1.2665717893176607,-1.2665963576899635,-1.2645964470174578,2.45652265018887e-05,0.0010000032864304052,0.0013050263126691182,0.018792447512451974,5.441510974036322
1419,-2.3561947795580016,-2.3562126294621883,-2.357445240020752,1.78379551419672e-05,1.0,0.0010000031292087064,0.0011187572458337218,0.01732815301731088,2.1398582278557545,-1.2841995305485197,-1.2842117680443659,-1.282248596681489,1.2247761090596516e-05,0.0010000037132865854,0.0012721526617598203,0.017618304604871404,5.347563378016154
1420,-2.3368249254406623,-2.3368442418440334,-2.3390860849956296,1.9330390781726476e-05,1.0,0.001000003669551521,0.0011213987226650682,0.013485313112021616,2.203976676149188,-1.3005097124311662,-1.3005251102977329,-1.301998582482338,1.540366146299574e-05,0.0010000044790407022,0.0013168439062105285,0.021507748400068118,5.396068286895753
1421,-2.340067040245488,-2.3400832077242293,-2.3421328922487654,1.6172609801562328e-05,1.0,0.0010000044668866497,0.001114974409025514,0.012438688181200117,2.2187944605665386,-1.2822574509514701,-1.2822693288326263,-1.293610182735655,1.1877301666471693e-05,0.0010000044661056665,0.001287952057706813,0.019750567737759815,5.390613455242582
1422,-2.3681621506529034,-2.3681771170418218,-2.3654656455201923,1.4963858532455732e-05,1.0,0.0010000041769466029,0.0010834262939170003,0.00899606737975945,2.0706476355498693,-1.317055425379011,-1.3170642760064868,-1.3288886984189352,8.849468496110704e-06,0.0010000041556648082,0.0012498254706669184,0.01756158729032096,5.223847330941095
1423,-2.3518092722262978,-2.3518288990236678,-2.3531177943607546,1.9636848625147116e-05,1.0,0.001000004060531281,0.001087044528246207,0.009707353464415614,2.158938799264296,-1.297456161181132,-1.2974724372227986,-1.3060584266980488,1.6274551550547283e-05,0.0010000047196323672,0.00123234906544288,0.016006502509117126,5.286555496851603
1424,-2.308401737573012,-2.3084334989763655,-2.3071081548366905,3.1752265849203434e-05,1.0,0.0010000053894231623,0.0016691156395025693,0.028997194918118557,2.5610570390269443,-1.250801978508631,-1.2508250885539585,-1.2673105537891387,2.3108389642503527e-05,0.001000004372973409,0.0013062479957524273,0.02055219102702621,5.546331384446886
1425,-2.2783975691165566,-2.2784173781017087,-2.28303103626899,1.9801042552264232e-05,1.0,0.0010000045174065064,0.0013303816371228335,0.031010723962747264,2.6409076677178436,-1.0886184096336364,-1.08863345252143,-1.0918102830648422,1.5047027005089654e-05,0.0010000044893887308,0.0012939142477181222,0.020489235799242226,6.1287382549709735
1426,-2.322052636236515,-2.322065735762974,-2.324086234254657,1.3091724436238127e-05,1.0,0.001000004506423929,0.0011236197776424716,0.011862967005175239,2.332999733259093,-1.2928463657697045,-1.2928616119755638,-1.2975160711341434,1.524190107981364e-05,0.0010000040651195578,0.001274377821634213,0.020696775377210645,5.272197002834744
1427,-2.359942044851915,-2.359968401351065,-2.360642023806302,2.636317655725299e-05,1.0,0.0010000040407626416,0.0011247719378860773,0.013692753053410858,2.100006357678827,-1.3075644897090064,-1.30758339299096,-1.3071483890215556,1.8908249007331e-05,0.0010000039564652574,0.001348347716136939,0.022195414109672938,5.250704855389064
1428,-2.2430555095087805,-2.2432431646113127,-2.2472187708008966,0.0001876562271478041,1.0,0.00100000475023715,0.0025520927826258935,0.07566921854005107,2.7920576176553404,-1.3343617763784197,-1.3344694541560278,-1.346596160199907,0.00010767694976594713,0.001000003076882826,0.0013673253926552004,0.029341165602414145,5.377370050218371
1429,-2.3317299473960444,-2.3318408525215006,-2.332533260561385,0.00011089690170198117,1.0,0.0010000029007710938,0.0011533896157623462,0.014137883486120769,2.298208103989655,-1.2770508779419794,-1.2771098540888892,-1.2813878158728282,5.8976891967985366e-05,0.0010000033950847056,0.00133472656727665,0.024511258746497334,5.508596494462755
1430,-2.3599776546910123,-2.3600490543077575,-2.363044599317155,7.139884357182484e-05,1.0,0.001000003010596869,0.0011271349668397375,0.012110407060047365,2.0828411646609037,-1.2737298283312057,-1.2737667030758328,-1.2823189583089616,3.6868701378504436e-05,0.0010000035166740418,0.0012212112804667818,0.01968831811617646,5.426861625247532
1431,-2.3696647410122855,-2.369691012040624,-2.369556283051113,2.62658269900196e-05,1.0,0.0010000027294428844,0.0010792619553131033,0.00792635170707725,2.0513037915499703,-1.301939826541477,-1.3019527190261417,-1.3171994282139672,1.2884454594718086e-05,0.001000003451998863,0.0011745892258154022,0.013774356954834527,5.316569338904486
1432,-2.321941072086118,-2.3219629121276566,-2.3219600128677658,2.185901943242775e-05,1.0,0.0010000038760239786,0.0010898056163294416,0.009377264145339997,2.3432630930306777,-1.3222305549515618,-1.322244715028339,-1.322803686062495,1.4160325129826863e-05,0.001000004168599844,0.0012581160188549095,0.018381981799999874,5.355889299180771
1433,-2.3141058683395386,-2.3141328028912813,-2.3171245017141664,2.694860944208109e-05,1.0,0.0010000042823793472,0.0011595309259510547,0.013176195775949449,2.3541949335134253,-1.1143440637323592,-1.114368095000585,-1.118684071302414,2.4031764931148954e-05,0.0010000037495046855,0.0013156998307547636,0.02231492232531309,6.036502170562743
1434,-2.3412410020828247,-2.3412646999898947,-2.3366177891785243,2.370128091776146e-05,1.0,0.0010000045305855994,0.00114587820706151,0.012125463220554421,2.2439140936113753,-1.2939085344473524,-1.2939217905203502,-1.3039480825265248,1.3255327939987182e-05,0.0010000041608388226,0.0012684344805570112,0.020497213816270232,5.330773120456271
1435,-2.348661382243318,-2.3486795290461124,-2.3373400220331155,1.8144834716365023e-05,1.0,0.0010000036629619746,0.0011034700997560373,0.00970146636794901,2.2195453936198972,-1.2753580967585243,-1.2753670103020138,-1.2853552977244058,8.90493392944336e-06,0.0010000037339826424,0.0011991254416190917,0.01398993300067054,5.37312610944112
1436,-2.3212017090815418,-2.3212218644484035,-2.3146466466615783,2.0157545804977417e-05,1.0,0.0010000045789089406,0.0012615830703410057,0.019821462810109807,2.361103599926211,-1.3320942580699926,-1.3320996748076546,-1.3448797934585148,5.416323741277059e-06,0.0010000038943770858,0.0011602835212316778,0.013370837178081274,5.181291362974378
1437,-2.324432858880961,-2.324462609471015,-2.322539563448924,2.9760430443961666e-05,1.0,0.0010000041330162927,0.001305474111160158,0.022731796662621904,2.379051199499166,-1.190912850697835,-1.190939508875211,-1.1974893460671108,2.6650395658281116e-05,0.001000003591697249,0.001147708009618024,0.012950249458663165,5.763239489661322
1438,-2.247601052500167,-2.2476516714635886,-2.2482945176790343,5.061404322678188e-05,1.0,0.0010000052422566234,0.003050214892147847,0.07869698062433668,3.003786026306872,-1.3792510231335957,-1.3792940298716228,-1.3926630695660909,4.3007897006140817e-05,0.001000003622741335,0.0012313255083022845,0.02315829443331394,5.291524161232843
1439,-2.3650871717704915,-2.3651089758243202,-2.3680915967473446,2.180588132930252e-05,1.0,0.0010000029644700436,0.0011315703840117971,0.01416065190690306,2.0300719648037315,-1.2581260482470198,-1.2581356697612338,-1.2721475727028317,9.62110029326545e-06,0.0010000033123004767,0.0011517771235149768,0.012730716551757521,5.447026136186387
1440,-2.3790630439542375,-2.3790742946120926,-2.3842741363453417,1.1244613044666795e-05,1.0,0.0010000029271292799,0.001080132924231156,0.009062651992898504,1.9243728709670733,-1.3032628244823878,-1.3032698492209116,-1.3027800447411007,7.0367422368791366e-06,0.0010000033278225197,0.001129262814194792,0.010489555619036159,5.219604190190633
1441,-2.3665669054355263,-2.366581916809082,-2.3653771157534615,1.4995136913263573e-05,1.0,0.00100000331810904,0.0010817557054940822,0.007940140368311473,2.04850660405069,-1.2200894100798498,-1.220096484820048,-1.2189506330423885,7.06737240155538e-06,0.0010000038426369428,0.001134877390642133,0.012228669303779801,5.41874147521125
1442,-2.3562668134581366,-2.3562798927415094,-2.3462144541290573,1.3082868085717255e-05,1.0,0.0010000037947529047,0.001080626676755272,0.008550746524530762,2.1916001000494325,-1.263301706314087,-1.2633112364345127,-1.2661826497978634,9.522173139784071e-06,0.0010000044583446449,0.0011741575008879105,0.014185655360213585,5.333704609341091
1443,-2.3003859564943134,-2.300403999832441,-2.299151506064073,1.8049242361536567e-05,1.0,0.0010000047436476034,0.0011308384677043782,0.014221143390421034,2.534272753967429,-1.3058839155568018,-1.3058947808212704,-1.314992986785041,1.0866754584842259e-05,0.0010000057311521635,0.0012920338582868378,0.02311766453397771,5.506247515148587
1444,-2.3334229982124186,-2.333440177845505,-2.335994945382172,1.7189754630034826e-05,1.0,0.0010000041110511378,0.0011445732769679348,0.01370740526373375,2.2865625619888306,-1.2546067674954733,-1.2546155790487925,-1.2576612340079414,8.806834618250529e-06,0.00100000429018918,0.0011658946802425715,0.014775977837335733,5.428830570644803
1445,-2.294409417881156,-2.2944393585313043,-2.288010167625715,2.9941493610166152e-05,1.0,0.0010000068786606756,0.001953491633582228,0.05325232092994002,2.753757998628436,-1.3640056371688842,-1.3640595396359763,-1.3931260029474895,5.390561289257473e-05,0.0010000051206184757,0.00151839561553465,0.03427987907392283,5.450051387151083
1446,-2.3748071283664345,-2.3748456891977563,-2.3743008982460454,3.8545297564200633e-05,1.0,0.0010000027162637914,0.0011045709406113568,0.011261215398334107,2.008312020661696,-1.295164633459515,-1.2951819360256196,-1.3005242036448585,1.730480127864414e-05,0.0010000030225556758,0.0013059858129256302,0.02387535424075193,5.291114913092718
1447,-2.3455773771933788,-2.345597840705008,-2.347703090253866,2.0461894993512135e-05,1.0,0.0010000031951041717,0.0011125282814972244,0.010298409358651008,2.140656095630718,-1.2787095314926569,-1.2787259009149339,-1.3032440854443443,1.63662764761183e-05,0.0010000043082982301,0.0013591102350296246,0.02749209604226053,5.5333054224650065
1448,-2.3467731655768627,-2.3467887347599246,-2.348339076312083,1.5568620753738116e-05,1.0,0.001000003309322978,0.0011038039635234284,0.010819537450893308,2.2245702496114768,-1.2325171298450894,-1.2325261652469635,-1.2380617635117637,9.034077326456706e-06,0.0010000036330893637,0.001227863921990825,0.02010740093731632,5.542188358306885
1449,-2.338660829472092,-2.338676637073733,-2.3374172561573534,1.5803665485022202e-05,1.0,0.0010000036981062225,0.0010898282404391553,0.009465065938508455,2.2712027261841974,-1.3353964752621121,-1.3354102929433187,-1.3444366872310638,1.3814038700527616e-05,0.0010000048282866676,0.0012605012730798788,0.022344206793544194,5.346367290284899
1450,-2.3469743368760594,-2.3470000635902837,-2.34512139266392,2.574625442612846e-05,1.0,0.00100000396827763,0.001226462713741469,0.020400723653300753,2.209379160179282,-1.2725049992402397,-1.272518868578805,-1.2751708779070112,1.3869421349631415e-05,0.0010000034131937556,0.0011744812932900257,0.017361740553234188,5.335481362872653
1451,-2.3374908510244117,-2.3375099739938414,-2.3341520732303835,1.9124867218845294e-05,1.0,0.0010000034938302804,0.0011240248678181812,0.013122185695705548,2.2942887612108915,-1.1765523374080658,-1.1765665782822503,-1.1855572634273106,1.4238721794552274e-05,0.0010000039538782504,0.0011925569011105432,0.01808950585934023,5.727534781561958
1452,-2.339126424969367,-2.339147430545879,-2.3426519812278026,2.1015768343547604e-05,1.0,0.001000003856255339,0.0011381418576007182,0.01348328449816074,2.2193824502657042,-1.2964879492918653,-1.2965028398566776,-1.3047057429949442,1.4898760451210869e-05,0.0010000041582518154,0.0011456230888143182,0.013584104956438144,5.243138292100695
1453,-2.3049536313650743,-2.3049829028687387,-2.3023872645396106,2.926412337231186e-05,1.0,0.0010000043922051224,0.0027515760574595267,0.045319396242464206,2.666669011116028,-1.2943840821584067,-1.294450839360555,-1.2975816633966235,6.676490108172098e-05,0.001000002805247075,0.0011379894024382035,0.01284270805772394,5.284412177403768
1454,-2.349722666560479,-2.3497675184933646,-2.3499126884172545,4.4853760386413e-05,1.0,0.0010000032609996368,0.0012109986822700725,0.01752210773949353,2.1896972723726957,-1.2929265293810102,-1.2930019232961867,-1.2926205939716764,7.538977596494886e-05,0.0010000033148874839,0.0012026280992560917,0.016027063503861426,5.352572361628215
1455,-2.3622725729672416,-2.3622962101450504,-2.3594159495155766,2.364540156328453e-05,1.0,0.0010000031951041717,0.0014904035092770773,0.034949280343563205,2.1498989339144723,-1.2458737002478706,-1.2458945214748383,-1.2511916236744987,2.0823627710342408e-05,0.0010000034830429487,0.001141481202406188,0.012369738327753213,5.431180975172255
1456,-2.3260751580292323,-2.326108507390292,-2.321711796634602,3.3343035095142866e-05,1.0,0.0010000037090888,0.001133867234149772,0.013573144298960577,2.361329287852881,-1.3119964387681753,-1.3120089676645068,-1.3204276886251238,1.2532207700941298e-05,0.0010000037184605996,0.0011541331109280388,0.013395672824440732,5.2912895838419605
1457,-2.3491840632456653,-2.3491989576591634,-2.346723052690614,1.4894202632724114e-05,1.0,0.0010000036168351489,0.0011016709866213067,0.011063832490933392,2.2023542961984313,-1.2902831527921887,-1.290292618672053,-1.3009553399350908,9.464389748043483e-06,0.0010000037288086282,0.001116708821306626,0.011007778752698667,5.302537149853177
1458,-2.3716311634711498,-2.3716461028692857,-2.374298374607878,1.4933142459617471e-05,1.0,0.001000003682730614,0.001089154749247685,0.010419246116828805,2.0069383832643615,-1.251450926065445,-1.2514584637350505,-1.2552520248625014,7.538911369111803e-06,0.0010000038245278928,0.0011318729310813877,0.013166325011601051,5.297645134396023
1459,-2.3638846064513586,-2.363897184156022,-2.3622235262169027,1.2564841868742457e-05,1.0,0.0010000034191487532,0.001069718543527964,0.007747769346987864,2.084941713315136,-1.2261835038661955,-1.226195204920239,-1.2342565059661865,1.171024309264289e-05,0.0010000044479966165,0.0011421283862243095,0.012477686561437117,5.427744902504815
1460,-2.375171404964519,-2.3751865153042777,-2.379284714752773,1.5117579473639435e-05,1.0,0.001000004172553572,0.001067939275910832,0.007471665507182479,1.9868644498429209,-1.2834696998198825,-1.283477955063184,-1.2857538219955233,8.257726828257242e-06,0.0010000044324745734,0.001146151570396291,0.01427290895436373,5.187807438108655
1461,-2.3515457387240426,-2.3515590181890524,-2.352778709159707,1.3274896257328538e-05,1.0,0.0010000045789089406,0.0010988792461641835,0.010592225710597803,2.1451790782640563,-1.1562397619088491,-1.1562479178110758,-1.156967211349143,8.160703712039524e-06,0.0010000046213260955,0.0012371709906599587,0.01901742272441172,5.701172378328112
1462,-2.335408676345393,-2.3354790390662425,-2.3316137205879643,7.035787094314144e-05,1.0,0.0010000048600629253,0.001119255749420878,0.012817366997588356,2.296001908914098,-1.2547728743818067,-1.2547953764597575,-1.2563582741551929,2.249951163927714e-05,0.0010000047558504674,0.00118795160152432,0.01667567556982653,5.462311225467258
1463,-2.2916369528140663,-2.2916669665642506,-2.294028738759599,3.000819739305748e-05,1.0,0.0010000053301172436,0.0011672343957712346,0.01693313304370023,2.537909982339391,-1.2329654071066114,-1.2329826851685841,-1.2361621883180407,1.7286505964067247e-05,0.001000005190467669,0.0012075105578535133,0.0163173528905544,5.467258199055989
1464,-2.3745211790192804,-2.3745383271631204,-2.375896062491075,1.713809258532974e-05,1.0,0.001000004181339634,0.0011003559964867134,0.010968557321730087,2.0047638393797964,-1.3105619900756413,-1.3105804721514385,-1.315442798203892,1.8477688233057658e-05,0.0010000040858156151,0.001120679957481722,0.010775005080116291,5.132930983437433
1465,-2.3496710826765814,-2.3496904328184307,-2.346856603082621,1.9364902433359397e-05,1.0,0.00100000420769782,0.0011345365914990598,0.011680851738794514,2.1917390935825853,-1.300761713584264,-1.3007887356811099,-1.3154524127642313,2.702424923578898e-05,0.0010000051852936545,0.0011970971012488008,0.014619064142203165,5.334438154432509
1466,-2.342688173617957,-2.342715123914323,-2.344540389078968,2.6939542226071627e-05,1.0,0.0010000040363696105,0.0011002038855913957,0.010152090358424862,2.187834341571016,-1.2771812816460926,-1.2771969788604312,-1.285184273786015,1.5696965985827976e-05,0.0010000040909896293,0.0011709875737627347,0.01418992897702588,5.334297291437784
1467,-2.381745495886173,-2.3817570614364914,-2.3848880102049628,1.156498801033452e-05,1.0,0.0010000038935961027,0.0010781015735119581,0.008740545641455167,1.9326376082762233,-1.2810669945345983,-1.281073385477066,-1.2892060789797042,6.390445762210422e-06,0.001000004067706565,0.0011302430596616534,0.011116141494777467,5.195888911353218
1468,-2.3776418802873143,-2.3776551552538603,-2.377197319606565,1.3286915590178291e-05,1.0,0.0010000035794943852,0.0010687810201900749,0.007751276435435943,1.9633733753888112,-1.2256896681255767,-1.225701469845242,-1.2397125949462255,1.1800477902094523e-05,0.0010000043186462588,0.001180318215241035,0.016007054736837743,5.447354544533624
1469,-2.3357341851828233,-2.3357566032769546,-2.3346709867693343,2.240227921953741e-05,1.0,0.001000004919368844,0.0011420692009675615,0.017200039576668786,2.2493540565922574,-1.2477380252546735,-1.247748691505856,-1.2465020025769868,1.0674695173899333e-05,0.0010000042436230513,0.0012307579680863353,0.01998756751159413,5.47817538579305
1470,-2.350145256744241,-2.3501617841000826,-2.3515867039842426,1.65213813196938e-05,1.0,0.0010000041615709943,0.00112046469837638,0.010827402294314694,2.144227428256341,-1.308754919634925,-1.3087663531303406,-1.3100087742010753,1.1430846320258246e-05,0.0010000043781474232,0.001198824047524896,0.017299349192115995,5.260903983645969
1471,-2.219778100274644,-2.2198335896685437,-2.2144641987276525,5.551083189136577e-05,1.0,0.0010000058924252131,0.001389634551673706,0.03259946554372052,2.9284471160960646,-1.2193244391017493,-1.2193886041641235,-1.2384757313463424,6.416804260677762e-05,0.0010000047429154317,0.0013166836876836088,0.02313468836558362,5.515483008490667
1472,-2.293880089273993,-2.2939461762050413,-2.296855494661151,6.608784479914971e-05,1.0,0.0010000037310539552,0.00179961859028927,0.03405046565809621,2.6190340204058953,-1.3168294456270007,-1.316880456606547,-1.338029405143526,5.100841323534648e-05,0.001000004732567403,0.001489129835843212,0.028871867024443217,5.525989347034032
1473,-2.2844308142392142,-2.2844892897695863,-2.286103408291655,5.8472859409620175e-05,1.0,0.0010000037068922847,0.0020109244121484598,0.04937054295936283,2.6128994113994093,-1.3729681471983592,-1.3730226073000167,-1.3822332872284784,5.4458114835951064e-05,0.0010000029682285256,0.0013294874043721292,0.02180774333731582,5.241444651285807
1474,-2.3552214649488343,-2.355241447124841,-2.3496657632431894,1.9979786198094206e-05,1.0,0.001000002966666559,0.0011352508983416658,0.012916189284538323,2.1775694680663773,-1.303278477986654,-1.3032971852355533,-1.308951242764791,1.870625548892551e-05,0.0010000033769756555,0.001226620753813121,0.017407365686570603,5.23198110792372
1475,-2.378524564347177,-2.378538154206186,-2.3849545469823874,1.358992929728526e-05,1.0,0.0010000028326791132,0.0011029698609216314,0.009800925894798536,1.9303316687637906,-1.3035247074233163,-1.3035348064369625,-1.3086529764864179,1.0098103019926283e-05,0.0010000032450382908,0.001196920390551289,0.015041492180898786,5.230804337395562
1476,-2.37275138666045,-2.3727628892322756,-2.374710827503564,1.1504961634581943e-05,1.0,0.0010000034411139084,0.0012646386847954313,0.01979268641861261,2.0167101261750706,-1.1940567354361211,-1.1940629793537987,-1.2012527582546075,6.250871552361382e-06,0.001000003534783092,0.00121070285482953,0.014869113931328885,5.507718997531467
1477,-2.3065428126533076,-2.30655711326959,-2.3048297121839703,1.4287683199036797e-05,1.0,0.001000003344467226,0.0013373858396420783,0.02135019176112453,2.4929655542913474,-1.1075291163184575,-1.1075405325947536,-1.116057524830103,1.142157448662652e-05,0.0010000042798411514,0.0012307314124579232,0.017986769112758337,5.884722985161675
1478,-2.316260133149489,-2.3162761161912164,-2.319401484615398,1.5983885189272324e-05,1.0,0.0010000044493145258,0.0011862966688877007,0.016707939622958877,2.3849428757181705,-1.3018920520941417,-1.3019030736552344,-1.3114742596944173,1.1017421881357829e-05,0.001000003964226279,0.001214004654644264,0.015211777520986895,5.26813989745246
1479,-2.373814380393838,-2.3738309122481436,-2.381301699944262,1.6536352769383843e-05,1.0,0.0010000034477034548,0.001105582099935075,0.01101085820393461,1.9556587282216773,-1.2893025040626527,-1.2893109050061968,-1.297782102889485,8.399287859598795e-06,0.001000003878855043,0.0012413351046335365,0.018344958079978824,5.281591468387179
1480,-2.359950252299039,-2.359963187631571,-2.355921895998829,1.2932028972877646e-05,1.0,0.001000003713481831,0.0013553848982138454,0.030626639512912283,2.1384171472405487,-1.3085458202494518,-1.3085513883166844,-1.3142371594905853,5.576676792568631e-06,0.0010000037883097926,0.001153656159941521,0.01367405078942991,5.197807333204481
1481,-2.3669646798439747,-2.3669768819269144,-2.37093873743741,1.2198709092050228e-05,1.0,0.0010000035729048388,0.0011158550404152781,0.010939536001181827,2.0034646852961124,-1.2639737334516312,-1.2639812959565058,-1.266512436336941,7.561842600504557e-06,0.0010000042772541444,0.0011472521298047569,0.012963219923484657,5.357144620683458
1482,-2.3754263329056076,-2.3754355007747434,-2.371666485408567,9.161051151887426e-06,1.0,0.0010000040978720448,0.0010812425577380466,0.00976138045343588,2.032523753508082,-1.231794043713146,-1.231799512108167,-1.2353563398122787,5.470216274261475e-06,0.00100000466271821,0.0011615099721691675,0.012713473134984573,5.399544795354207
1483,-2.3441882673299537,-2.3442011329362975,-2.337161127126442,1.2862021630665041e-05,1.0,0.0010000048359012548,0.0011210950631824024,0.013436130190900755,2.2447126159128152,-1.2800537109374999,-1.2800732016563416,-1.2822288804584079,1.9487076335483126e-05,0.0010000044790407022,0.0011353863998212748,0.011761652432485586,5.2099344889322925
1484,-2.3810659264618494,-2.381079574800887,-2.375938204099547,1.3657827984611944e-05,1.0,0.0010000036673550054,0.0011086096231526924,0.01424074065783676,1.992074503088897,-1.2923493650224471,-1.2923574619823033,-1.2906295027997758,8.089840412139892e-06,0.0010000041297947367,0.001138541037734184,0.013238662108778953,5.18674381573995
1485,-2.3793802531260364,-2.379392039101079,-2.377511114444373,1.1787029369822088e-05,1.0,0.0010000041659640254,0.0010711702799319097,0.00792338787402325,1.9694480153749574,-1.2287712203131784,-1.228781533241272,-1.2168281150360902,1.0315659973356459e-05,0.0010000047118713458,0.0011654728764875068,0.013431876416628559,5.247043286429512
1486,-2.3802440256442665,-2.380252685186998,-2.3783405591856757,8.665517253695794e-06,1.0,0.0010000040144044554,0.0010607759446292272,0.00684876638939077,1.978674222838204,-1.1812524760762853,-1.1812567705909411,-1.175410918229156,4.2940179506937666e-06,0.0010000045851079953,0.0011442523294438918,0.013709910651151505,5.416427204344006
1487,-2.3592639014406025,-2.3592790207772887,-2.3574926718226017,1.5117017165669855e-05,1.0,0.0010000047612197275,0.0010982022054036552,0.011637777314117213,2.108807527794028,-1.311636459827423,-1.3116519259081947,-1.3237934523158603,1.547237237294515e-05,0.0010000046549571884,0.0011662163202547364,0.014165645946438115,5.147969410154554
1488,-2.385687432199154,-2.3857045758445308,-2.384152502383826,1.7145191723445675e-05,1.0,0.0010000038935961027,0.001078840050811194,0.00800178867747199,1.9348593185532768,-1.2727694978316628,-1.2727860907713573,-1.2767406056324642,1.658904883596632e-05,0.0010000041479037867,0.0010892630089074373,0.008472274158460398,5.105533504486085
1489,-2.3749362972547425,-2.374950386443228,-2.3728415786095387,1.4095584738929316e-05,1.0,0.0010000041044615912,0.0010632909900280384,0.007498756587013321,2.0355286845621072,-1.1899990677833556,-1.1900103075636759,-1.2049205597903994,1.123646895090739e-05,0.001000004525606831,0.0011193403793084953,0.010456393796226216,5.360855664147271
1490,-2.1651412912134855,-2.1652137325057446,-2.1690799082225225,7.244199514389038e-05,1.0,0.001000005453122112,0.0024612655089992397,0.17501875590357296,3.1670052667833724,-1.3850346591737532,-1.3850736869706048,-1.4002765079339345,3.9028210772408376e-05,0.0010000028414651752,0.001281930138874385,0.037210812931880353,5.3057372993893095
1491,-2.3578693844237417,-2.357895995086094,-2.3598143019766176,2.660335234875949e-05,1.0,0.0010000022000826473,0.0011359662024023117,0.014253536019614845,2.085161074152533,-1.2928284817271762,-1.2928434246116214,-1.3084378361701965,1.4939241939120822e-05,0.001000002872509261,0.0011879042955115437,0.016639517796122365,5.3175102233886715
1492,-2.3140421093634838,-2.314062667342852,-2.3162614736916884,2.0577660146749246e-05,1.0,0.0010000027470150083,0.0011476064386408565,0.012936371457675155,2.3827096808631465,-1.3822844849692448,-1.3823020193311903,-1.4005071997642518,1.7536679903666177e-05,0.0010000050481822757,0.0012960679854990707,0.024950406674502625,5.390795326232911
1493,-2.336931602010187,-2.3369511658290647,-2.3373842374333798,1.9569441957293816e-05,1.0,0.0010000035751013543,0.0011216045691157287,0.012613079154793665,2.267004852025014,-1.3280933936436972,-1.3281006932258606,-1.3476818833086226,7.293290562099881e-06,0.0010000038271149,0.0012337686959654093,0.01911135672384666,5.312968142827352
1494,-2.315891040945953,-2.315914516179067,-2.315711262091151,2.3481769944137e-05,1.0,0.0010000040275835484,0.0011944021427793042,0.019320779436109763,2.3778129951009213,-1.3282416933112675,-1.3282573488023546,-1.3430471380551656,1.565557387140062e-05,0.0010000041996439297,0.00122205491643399,0.01770480327411658,5.359661881128947
1495,-2.316428501650972,-2.316452392991984,-2.308573713842428,2.3898651015083744e-05,1.0,0.0010000037903598739,0.00127738644149295,0.023596029421138875,2.3713926234335267,-1.295534165038003,-1.2955611334906685,-1.3103456424342261,2.6959677537282308e-05,0.0010000033614536127,0.0012153088011675412,0.016366612730133866,5.308128383424546
1496,-2.3688839584026695,-2.368912139028873,-2.369978522354702,2.8190044861919477e-05,1.0,0.0010000027514080394,0.0011585602879453942,0.0163490241261656,2.0438324572905056,-1.3328768445385826,-1.332889304558436,-1.3444728659258949,1.2464490201738145e-05,0.0010000038814420502,0.0012075793282646271,0.016457412720450926,5.254167424307929
1497,-2.291507608485672,-2.291526828172072,-2.287425646242106,1.922060015066615e-05,1.0,0.001000004086889467,0.0011260180738490988,0.01255817932762065,2.4966180302062124,-1.334029711617364,-1.3340496751997206,-1.3463530136479271,1.9961843887964883e-05,0.0010000045825209883,0.0012357326095095939,0.018409551323081055,5.416960583792791
1498,-2.2760196002024524,-2.2760404157188705,-2.284066180013261,2.0807784683299514e-05,1.0,0.0010000044185633087,0.0011984260954876554,0.0158819414429226,2.5238173570273057,-1.333878081374698,-1.3338897360695734,-1.3471651938226488,1.1657343970404731e-05,0.0010000047506764532,0.0013054798460668988,0.021966729486464626,5.4361401293012825
1499,-2.34024246008891,-2.340263141776031,-2.3420388923501068,2.06948310699103e-05,1.0,0.0010000037178748622,0.0011368939929799933,0.013379078705461239,2.2068732864451857,-1.3138552970356412,-1.31387204196718,-1.3228376961416668,1.6745593812730578e-05,0.0010000038064188427,0.001293333865598672,0.023506130184978248,5.428999662399292
1500,-2.331869321049384,-2.3319012421482013,-2.3325717021834174,3.192180170203155e-05,1.0,0.0010000041066581067,0.0015221365841703032,0.05222508991312868,2.3126837959829367,-1.2986396312713622,-1.2986554265022279,-1.31049215859837,1.579920450846354e-05,0.0010000033278225197,0.0012264250544831157,0.01750816084548003,5.320005692376031
1501,-2.393183618221643,-2.3931938477282255,-2.3918533325195312,1.0231263794988956e-05,1.0,0.0010000028458582062,0.0010723911054467536,0.007586612660472967,1.8800689049486845,-1.2303996529844072,-1.2304039200146992,-1.2345720653732617,4.268189271291097e-06,0.0010000035296090775,0.0011665751588427358,0.014125808936336802,5.39411555926005
1502,-2.345926880836487,-2.345948446471736,-2.351767402774883,2.155741149524473e-05,1.0,0.0010000039638845988,0.0011113077525119737,0.01085194571488449,2.1163654394869535,-1.2615067859490712,-1.2615216857857174,-1.2678872207800547,1.489751868777805e-05,0.001000004116859701,0.0012218529901777706,0.01618682936144372,5.364946042166816
1503,-2.356237976056225,-2.356259042361997,-2.354465426139112,2.107818452817089e-05,1.0,0.0010000040583347655,0.00142525521959266,0.02696481506551071,2.185614421682538,-1.2736076003975338,-1.2736214452319674,-1.2843704402446747,1.3841854201422798e-05,0.0010000040470105078,0.0013341491809114813,0.022819455143892102,5.324308294720121
1504,-2.394389422434681,-2.3943993325503365,-2.398334710103161,9.900767285868807e-06,1.0,0.0010000032500170593,0.0010708012609338424,0.007509683970502525,1.8476655798138313,-1.220532672935062,-1.2205395996570587,-1.2301498684618208,6.918278005388048e-06,0.0010000041297947367,0.001236038905982342,0.017576210832016336,5.317684189478555
1505,-2.387453816971689,-2.3874653195435145,-2.3894293713119796,1.1507000000971669e-05,1.0,0.0010000034806511874,0.0010722439828381506,0.008146214703062796,1.9004598383633595,-1.2433894859419927,-1.243395929204093,-1.247236829664972,6.437632772657607e-06,0.0010000043445163303,0.0012047148982269897,0.015209818041572969,5.36829367213779
1506,-2.391282027622439,-2.391292886913947,-2.392894686393018,1.0856901699641966e-05,1.0,0.0010000036541759124,0.0010803546646680191,0.010009722797340661,1.876496875061179,-1.2565784805350835,-1.256589972310596,-1.2693625960085126,1.1497570408715142e-05,0.0010000038710940215,0.0011781913771604499,0.014511589286848902,5.217746432622273
1507,-2.3704085080128796,-2.3704244460699693,-2.3692756823773653,1.5926178333894262e-05,1.0,0.0010000035333675595,0.001062478461601543,0.007171476057748187,2.0318290265101306,-1.2894336488511826,-1.2894439624415504,-1.2946050885650846,1.0308706098132663e-05,0.001000004525606831,0.0012026544091188246,0.01821671234599004,5.299272929297553
1508,-2.3863255977630615,-2.3863346036875024,-2.3831659802850687,9.00824396115429e-06,1.0,0.0010000041374093238,0.0010903980429196414,0.011366552005539526,1.9417733223933094,-1.2739636967579524,-1.2739702138635847,-1.2799432704846063,6.521162059572008e-06,0.0010000041530778012,0.0011864201398566366,0.0167012919128562,5.24240304629008
1509,-2.377418140195451,-2.377437766992821,-2.3809175671271556,1.9618925058616782e-05,1.0,0.0010000037815738117,0.0010784276088980852,0.009397865936406097,1.9591649095967132,-1.2207241200738486,-1.2207330832050907,-1.2211842724018627,8.963627947701348e-06,0.0010000042255140012,0.0012141361522177855,0.01865202167795764,5.3534094121721045
1510,-2.310857892036438,-2.310877224184432,-2.296773798060867,1.9333202321574373e-05,1.0,0.0010000053894231623,0.001108286533293859,0.012157951015979052,2.4777889836509273,-1.206514360507329,-1.206525773472256,-1.2121541440486907,1.1411723163392809e-05,0.0010000055474746559,0.001214977609924972,0.017418767454930477,5.5769516732957625
1511,-2.2671888684326746,-2.267208220823756,-2.2666402717806258,1.9336084149918468e-05,1.0,0.0010000055365897013,0.0011185435073028476,0.012414914441628839,2.702249090626555,-1.2391214993264938,-1.2391496380170186,-1.2553171667787764,2.8145892752541437e-05,0.0010000058010013568,0.0013149219021822015,0.02317997987071673,5.611064126756456
1512,-2.355993540781849,-2.3560112782244413,-2.358478366204028,1.7734701341053226e-05,1.0,0.0010000050291946194,0.0011117062070143391,0.011076926587606376,2.107090466427353,-1.2963198059135013,-1.2963270326455434,-1.3025525934166378,7.218288050757514e-06,0.0010000043807344304,0.0012020310775066416,0.014582249920608269,5.314701053831313
1513,-2.3666544230479114,-2.366666816315561,-2.362562899319631,1.2398609575235619e-05,1.0,0.0010000041396058393,0.0013053934287525855,0.02635178338947161,2.0745265303917653,-1.2751183880700006,-1.2751320838928222,-1.2880056235525343,1.3698306348588732e-05,0.001000003777961764,0.0011967243445623252,0.014630182165031631,5.345553795496623
1514,-2.3479157776202797,-2.347943123781456,-2.3486000839269385,2.7334563574700985e-05,1.0,0.0010000037024992536,0.0015291403979063034,0.0330764017823451,2.1819269769596605,-1.3100608362091914,-1.310079378551907,-1.322207889954249,1.8542673852708604e-05,0.0010000037857227856,0.0012456667790603307,0.018790988246392873,5.264326312806872
1515,-2.408944651765643,-2.408953122372897,-2.404288948706861,8.469552926297458e-06,1.0,0.0010000029029676094,0.00106171465408549,0.007413860482936901,1.7848217712258392,-1.2781782229741416,-1.2781846205393472,-1.2827872090869479,6.409237782160441e-06,0.0010000040133794148,0.0011245511420485046,0.011452303733676672,5.133478207058377
1516,-2.4025126178309604,-2.402519536468218,-2.406814417749081,6.910062061165864e-06,1.0,0.001000003643193335,0.001054272200595939,0.00624187817392906,1.770005466803065,-1.244067876206504,-1.2440718309746848,-1.2434546480576196,3.959486881891886e-06,0.0010000045876950026,0.001126353445255922,0.0115812916153421,5.224408435821534
1517,-2.34803433350797,-2.3480561870448993,-2.351527787604422,2.184468057920348e-05,1.0,0.0010000037925563894,0.0015590478345435465,0.027246426149570156,2.224144643207766,-1.2948555217848887,-1.294872945547104,-1.3004854924148983,1.7423762215508353e-05,0.0010000034908039701,0.0012044195732515718,0.015839445089093514,5.183596775266859
1518,-2.3662223366071595,-2.3662370510821074,-2.3629486335898346,1.4719043700200206e-05,1.0,0.0010000033905940516,0.0010847680859338,0.010924834336312313,2.083488756755613,-1.314248220125834,-1.3142592483096653,-1.3204270780086518,1.1033730374442206e-05,0.001000003692590528,0.0013801391288224194,0.028857928379956217,5.188953526814777
1519,-2.2595092267641483,-2.2595278388767874,-2.2672403218611232,1.8622023317049133e-05,1.0,0.0010000045657298476,0.0011722255115977154,0.015808689750660705,2.4165345610312694,-1.3173424813482497,-1.317435097694397,-1.3222555922137367,9.26152699523502e-05,0.00100000715141909,0.0026737341010529135,0.12187945147355397,6.061779880523683
1520,-2.3019971982488094,-2.3021272128483035,-2.3065346232000388,0.0001300151618021839,1.0,0.00100000548826636,0.0016721712341883554,0.04945167065334489,2.4834797089954592,-1.3310343543688457,-1.3311125251981948,-1.336503138807085,7.817463742362128e-05,0.0010000038503979642,0.0012208597268909215,0.018324497192063267,5.295649305979411
1521,-2.330676114784097,-2.3307171722628035,-2.318969915497978,4.104848177927845e-05,1.0,0.001000004051745219,0.001113185188996623,0.01118244079626956,2.3646267157680585,-1.3122986223962572,-1.3123175945546892,-1.3188685745000839,1.8970006042056615e-05,0.0010000046730662385,0.0011889941576454374,0.016390786783045366,5.26024097336663
1522,-2.338021564033796,-2.3380417306468173,-2.340067980424413,2.0184255433532428e-05,1.0,0.0010000045174065064,0.0011201580538291415,0.010438923029896786,2.2344595531247697,-1.3261651304033066,-1.3261850674947102,-1.3325249665313297,1.9932786623636883e-05,0.0010000046109780668,0.0011861276347190143,0.01460180046916422,5.243043030632865
1523,-2.2991532199787645,-2.2991889512763835,-2.297847849018169,3.5720192036538754e-05,1.0,0.0010000050094259797,0.001209588093191104,0.016269399696644746,2.4579238869109243,-1.358855956130558,-1.3588727023866443,-1.3715693480438655,1.6751388708750408e-05,0.0010000041479037867,0.0011949310001606742,0.01557569142896682,5.2351970354715975
1524,-2.3892033594959186,-2.3892170618165216,-2.390547509463328,1.369754098496347e-05,1.0,0.0010000036014595403,0.001093562817605177,0.009492839519637373,1.8535526248643983,-1.2910215417544046,-1.2910335699717204,-1.302067870232794,1.2027141120698716e-05,0.0010000043082982301,0.0011591689712885354,0.012481726998359793,5.266089047325981
1525,-2.346813235642775,-2.3468330446279273,-2.344888244035109,1.9792607932720545e-05,1.0,0.0010000045349786305,0.002075732360541258,0.04070639419632981,2.3170720203867496,-1.3175900909635758,-1.317603427833981,-1.3212288058466382,1.3341671890682644e-05,0.0010000033226485053,0.00115172800142318,0.01335386641892708,5.215575165218777
1526,-2.3830734558825224,-2.383085354319159,-2.386330136712992,1.1897171443363405e-05,1.0,0.0010000034279348154,0.0010804713809124704,0.008805276443830357,1.9426979276369203,-1.297282525565889,-1.2972890416781107,-1.3014129840665394,6.5111451678805884e-06,0.0010000041582518154,0.0011293695204787784,0.01085166177039759,5.1990030235714375
1527,-2.3557735434118308,-2.3557878575235045,-2.3548285871181847,1.4317134078943505e-05,1.0,0.0010000041088546222,0.0011156407242008256,0.012363112197732026,2.115603710120579,-1.2892706824673548,-1.289276495244768,-1.2929189569420285,5.806899733013577e-06,0.0010000038478109572,0.0011295336738435758,0.012307414174493816,5.2595691892835825
1528,-2.3991578974813783,-2.399168572335873,-2.3988852545900166,1.0683429691026796e-05,1.0,0.0010000041000685603,0.001063066684061064,0.007243805516616635,1.8267458812245783,-1.2628866765234208,-1.2628941701518164,-1.2655491093794504,7.489903105629815e-06,0.0010000042410360443,0.0010909901543830832,0.00903746222352816,5.210007725821601
1529,-2.404524249850579,-2.404532050186733,-2.4044673982656226,7.809543947003922e-06,1.0,0.0010000037464295637,0.001052277109954717,0.006133087651522935,1.8016596785131491,-1.2463340017530655,-1.2463407450252109,-1.2380077434082826,6.742444303300645e-06,0.0010000045230198237,0.001103389056192504,0.00988512644285543,5.250285164515177
1530,-2.356636902071395,-2.356653096540919,-2.357029932849812,1.618603490433603e-05,1.0,0.0010000050226050728,0.0010941480044802687,0.011230873488733228,2.113995223675134,-1.2188635408878326,-1.2188711527321074,-1.221658381819725,7.610602511299981e-06,0.0010000042074049512,0.0011793103069067002,0.01627566151890076,5.3758370664384625
1531,-2.3561666821533778,-2.356178729039318,-2.3599115722584276,1.2049346037630764e-05,1.0,0.0010000046030706111,0.0010791329056340849,0.009080663586984266,2.11188383597248,-1.2986096176836226,-1.2986289256148869,-1.3121573620372349,1.9309918085734048e-05,0.0010000046575441956,0.0011551035930299097,0.014358011014863021,5.234781567255656
1532,-2.4012208929601706,-2.401229242108903,-2.4008833147444815,8.354209504037533e-06,1.0,0.0010000037661982032,0.0010552886601115734,0.00702348539500304,1.8281934733660716,-1.2372965623935064,-1.2373019460174772,-1.2408741143014697,5.3927302360534665e-06,0.0010000045644119383,0.0011366506029541295,0.01274326277586321,5.283344040976631
1533,-2.3014704708783134,-2.3014973402023315,-2.302727708276713,2.6870800076790574e-05,1.0,0.0010000056705771472,0.0015241155853354424,0.03450602216575787,2.565387453673021,-1.1011216875579621,-1.101138754354583,-1.098713130586677,1.706431309382121e-05,0.001000004116859701,0.0016309512158234915,0.04607006925572124,5.924549070994059
1534,-2.1877375683694518,-2.18777538245579,-2.1916177025381125,3.780846325856335e-05,1.0,0.0010000052137019218,0.0017041263174933363,0.05455473786711974,3.1421168232863805,-1.3358396245373618,-1.3358890997038948,-1.3574969053268433,4.9472517437405054e-05,0.0010000052344467905,0.0015166453525630964,0.04011286654406124,5.47119091881646
1535,-2.350198597278235,-2.3502314855467596,-2.353182887131313,3.288440265745487e-05,1.0,0.001000004398794669,0.0011369912480970598,0.013428916060805039,2.1132299607654788,-1.3031958785321978,-1.3032210184468163,-1.3100601931413014,2.5143143203523424e-05,0.0010000037106995781,0.0012537049207215509,0.020611090691656703,5.3210227860344785
1536,-2.3158151001300453,-2.3158386945724487,-2.3205655048478326,2.360498567797103e-05,1.0,0.0010000037464295637,0.0017763654183034065,0.0341679155035823,2.3836395673032076,-1.3396816028489007,-1.3397217061784532,-1.3433250884215038,4.0113180875778196e-05,0.0010000041918829083,0.0013743417518627312,0.027360705089651875,5.425936879052055
1537,-2.381087712521823,-2.381111261979589,-2.380930243798022,2.3557611231533986e-05,1.0,0.001000003269785699,0.001098957540959401,0.009727156747413694,1.944639653529761,-1.2942266013887191,-1.2942404919200474,-1.296526481045617,1.3897733555899727e-05,0.0010000035994582705,0.0012354952127983172,0.018034133814378746,5.294945833418104
1538,-2.3189698519571773,-2.318984584988288,-2.3199328319081722,1.4731063033049961e-05,1.0,0.0010000035421536217,0.0010875053176621222,0.007976468415263126,2.1717726599495366,-0.874267064862781,-0.8742756734291712,-0.8760309971041149,8.608814742830064e-06,0.001000006473623216,0.0014815296693187622,0.03289823538830711,6.879016992780898
1539,-2.2656458998626134,-2.265684501180109,-2.2728466942625225,3.859843566732586e-05,1.0,0.0010000046470009212,0.001378685123954882,0.04567803431934905,2.6315913807671025,-1.3283722877502444,-1.3284013258086311,-1.3466574420531592,2.9032925764719644e-05,0.001000003250212305,0.0012996030945537818,0.023049357838721737,5.354719448089599
1540,-2.3759754221394376,-2.3759979032120615,-2.374048244278386,2.24888746468526e-05,1.0,0.0010000027514080394,0.0011993034672484082,0.01602548326558943,1.993522290913564,-1.3025075574715934,-1.3025213599205017,-1.3136283669206832,1.3803607887691922e-05,0.0010000030484257473,0.0012054551910195086,0.01723587467179944,5.272548468907675
1541,-2.355675760305153,-2.3556895705888854,-2.354075569026875,1.3815063350605515e-05,1.0,0.0010000032785717609,0.0010794525030332635,0.009078807382018498,2.1238797520691493,-1.3477459364467197,-1.3477601097689735,-1.3572708706061045,1.41697625319163e-05,0.0010000048515697321,0.0012488647519300381,0.01945431069470942,5.273979139328004
1542,-2.378016566330532,-2.378028491757951,-2.3760363650771805,1.1915727606359519e-05,1.0,0.0010000043021479868,0.0010980429053130858,0.011159355337028656,1.9810214942356326,-1.2928409271770052,-1.2928494347466364,-1.300945731666353,8.508149120542737e-06,0.0010000041582518154,0.0012330683879554273,0.01969413222072439,5.3583917670779755
1543,-2.40041088608076,-2.4004185109768272,-2.403026148958026,7.642187037557926e-06,1.0,0.0010000035772978696,0.00106418942417598,0.006833032986043759,1.8052181432831962,-1.2889527512921226,-1.2889573163456387,-1.2945789815651045,4.56058316760593e-06,0.0010000041763608654,0.0011903485981747508,0.014957184890388615,5.209162139892578
1544,-2.3969529799695284,-2.3969589449324697,-2.393798886605029,5.984714008727164e-06,1.0,0.001000003561922261,0.0010641717422261554,0.00804948527365923,1.870961402947048,-1.2597797579235501,-1.2597847037845187,-1.26010754853487,4.9496690432230634e-06,0.0010000042281010084,0.0011832336041455469,0.01530800655277239,5.302955023447674
1545,-2.4017729399339207,-2.40178153649816,-2.3983677513194532,8.605280012454627e-06,1.0,0.0010000044405284636,0.0010688039518119592,0.00816297775819757,1.8218911413876515,-1.2781022508939108,-1.2781076067023807,-1.2867242922385533,5.36201728714837e-06,0.0010000039331821932,0.0011289429178254471,0.011641948952132629,5.212805038028294
1546,-2.3627275385946596,-2.3627481123186507,-2.3638770445337833,2.055889311826454e-05,1.0,0.0010000042406455526,0.0010844622057739576,0.009235083173855015,2.0581164967338994,-1.2746901545259688,-1.2747040212154388,-1.2746285794509782,1.3866358333163791e-05,0.0010000043936694662,0.0011805905624189311,0.015599985961388382,5.237362395392524
1547,-2.307119646162357,-2.307137649014311,-2.3126130396465086,1.80132546514835e-05,1.0,0.0010000054289604414,0.0011492628243945117,0.014141149924329991,2.3871228807377367,-1.2302122904194726,-1.230227252509859,-1.227693748474121,1.4964822265836928e-05,0.0010000046756532457,0.0012614545826282765,0.022616932103927765,5.649455780453152
1548,-2.315881073474884,-2.3158971071243286,-2.3126788791620507,1.605382224298873e-05,1.0,0.001000004038566126,0.0012211479764994023,0.016729877031636687,2.3653738341241515,-1.2890218668513829,-1.2890416781107585,-1.3044243137041727,1.980794800652398e-05,0.001000004251384073,0.00139273377135396,0.02658953881408605,5.409871975580851
1549,-2.379520886349228,-2.3795349642915546,-2.384083129325003,1.4062197703235554e-05,1.0,0.0010000031775320476,0.0013218230001171523,0.02880037491174661,1.929929551088585,-1.326607245206833,-1.3266237027115293,-1.337554958793852,1.6463713513480292e-05,0.0010000036020452777,0.0012223428477429682,0.015937872965716655,5.203947989145915
1550,-2.3661430714265355,-2.366154672964564,-2.363997706827128,1.1602522067303928e-05,1.0,0.001000002984238683,0.0011417583940234388,0.014148207811884722,2.089803643946378,-1.1911078774266775,-1.1911149120993085,-1.1961894102459256,7.032437456978692e-06,0.001000003796070814,0.0011505498214521342,0.011967645880455772,5.692752456665039
1551,-2.352602625792881,-2.352617477470974,-2.352837414111731,1.4865595214771775e-05,1.0,0.001000004212090851,0.0014155612212939646,0.028995229194889654,2.1768664908858963,-1.22264308432738,-1.2226632032129499,-1.229559990266959,2.0123769839604696e-05,0.0010000037469176783,0.001113160107181304,0.00977345047932532,5.37864391538832
1552,-2.32172063161742,-2.32173409102098,-2.3211045670059494,1.3457154327968382e-05,1.0,0.0010000039990288468,0.001165127155441299,0.01464708553591989,2.3456570899711466,-1.106358813577228,-1.1063811957836152,-1.1117899821864234,2.238295144504971e-05,0.0010000052189247477,0.0013018691601852576,0.022346494010546142,6.028501023186577
1553,-2.274897076048941,-2.27495092490934,-2.2843814480979487,5.3859122519223195e-05,1.0,0.001000005661791085,0.001365292755851768,0.030148218254084296,2.5761748777245574,-1.3104967276255288,-1.3105676862928601,-1.326506037182278,7.09628893269433e-05,0.001000003997857372,0.001244746265001595,0.019072106966955795,5.426776271396213
1554,-2.3463959513970143,-2.346446601849682,-2.3475999899630278,5.064391583766577e-05,1.0,0.0010000037090888,0.001474707020569663,0.029706625149251438,2.186252333083243,-1.3577524330880908,-1.3578276819652981,-1.3756537669234805,7.524482078022428e-05,0.0010000049136579038,0.001367929039729966,0.029992466156060497,5.414565700954862
1555,-2.352240153078763,-2.352300176080668,-2.35166338704667,6.001400497724425e-05,1.0,0.001000004238449037,0.0011499532704891742,0.014990842323486676,2.127932649738384,-1.3293226407633891,-1.3293498708142175,-1.334621194170581,2.7229305770662096e-05,0.0010000037727877498,0.0011804643863191208,0.014430659742922418,5.195863903893366
1556,-2.1962062007976026,-2.1963060352037536,-2.1900104902825266,9.982772874382306e-05,1.0,0.0010000062680293649,0.003407944220047936,0.08445673331811603,3.2285632704788783,-1.2716650161478256,-1.2718792014651827,-1.287746313545439,0.00021417554881837634,0.001000002771615982,0.0014273336700474223,0.02976852462420033,5.588560411665174
1557,-2.2995415948471933,-2.2996828488583834,-2.3012661596514143,0.0001412544329211397,1.0,0.001000002441699353,0.001217845394627525,0.02114116147441684,2.4238567824633614,-1.2963261418872412,-1.2964156462086571,-1.3135414322217305,8.950216902626885e-05,0.0010000027276368605,0.0014085723992644085,0.028978760871622298,5.441228405634562
1558,-2.3841763937248373,-2.3842088141531312,-2.387596179854195,3.241311829045134e-05,1.0,0.001000002228637349,0.0011139416513648236,0.010967737538212875,1.899995302254299,-1.3196371316909787,-1.319652345445421,-1.3315022428830465,1.520994636747572e-05,0.001000002241279516,0.0012030566783828868,0.0158762666500277,5.1848456647661
1559,-2.3774135607593463,-2.377429143437799,-2.378712480922915,1.556573892539402e-05,1.0,0.0010000024570749615,0.0017083325041106568,0.03406103367407648,2.0025539645608865,-1.3053244246376887,-1.3053347044520909,-1.315057596564293,1.028279463450114e-05,0.0010000030329037045,0.0013781459148352346,0.025662457725654047,5.310450389650132
1560,-2.369725762673144,-2.3697390421381535,-2.3654130674758047,1.3298442903554664e-05,1.0,0.0010000027492115238,0.0010934098412827501,0.010029800122006322,2.049173373096394,-1.3270163536071777,-1.3270235041777292,-1.336904580725564,7.1538819207085506e-06,0.0010000032243422336,0.0013184948643255566,0.022393382237189344,5.210520304573907
1561,-2.386544124135431,-2.3865533864723063,-2.3911038254791834,9.264867260770978e-06,1.0,0.0010000027382289463,0.001066236350386632,0.006744162772588854,1.8976383051782284,-1.2471679310003916,-1.2471751709779104,-1.253857036266062,7.239729166030884e-06,0.00100000340025872,0.0013303325408034854,0.02239370404018296,5.367112196816339
1562,-2.3645486381818666,-2.3645587259868406,-2.3675897976137557,1.008843757071585e-05,1.0,0.0010000036915166761,0.0011732185650441163,0.015577006900577613,2.0465012766280264,-1.2828530391057333,-1.282862012916141,-1.290284170707067,8.968512217203776e-06,0.0010000036848295066,0.0012567123915586207,0.01894660512916744,5.27369336022271
1563,-2.345635047498739,-2.345644046675484,-2.3464769259938656,9.014429348819661e-06,1.0,0.0010000038672379166,0.001498408130159215,0.03119137176567302,2.2322460637902313,-1.2445872545242311,-1.2445926666259766,-1.2484862115648059,5.4092042975955536e-06,0.0010000035968712635,0.0011930887173447343,0.01501803167629987,5.499605666266547
1564,-2.3194757812428026,-2.319488730070726,-2.320344792222077,1.295698138902772e-05,1.0,0.0010000043768295139,0.0014041662655489625,0.023368971171911876,2.4288748075377264,-1.2195184989935826,-1.21952566769388,-1.225616878271103,7.1677068869272866e-06,0.0010000043600383731,0.0012149579176265332,0.01643126589090874,5.4176868226793085
1565,-2.3227610857981555,-2.322773258641081,-2.3268940651191854,1.2172632059960995e-05,1.0,0.001000004042959157,0.0015242491532468571,0.026264937559388718,2.3436634877942644,-1.189715768231286,-1.189723383055793,-1.2036099970340728,7.6090296109517414e-06,0.0010000046937622957,0.001218958362005651,0.016202086919090815,5.595019043816461
1566,-2.3566462138913713,-2.3566567627888806,-2.3544054121341347,1.0553395973061615e-05,1.0,0.0010000038628448856,0.0011122596234891494,0.01055558418573917,2.157217176455372,-1.3065462980005478,-1.3065508915318382,-1.315176737970776,4.595352543724908e-06,0.0010000041556648082,0.0011587439208394952,0.012830069648205406,5.221851947572497
1567,-2.369727184187691,-2.3697382346639095,-2.36915667102022,1.1073109113945151e-05,1.0,0.0010000034630790633,0.0011068894659643465,0.014461049546470057,2.0330250982968314,-1.2874675134817757,-1.2874740249580807,-1.292617879807949,6.511559089024862e-06,0.0010000039926833576,0.0011396109152378307,0.010909902933053672,5.257374403211805
1568,-2.3800010298782923,-2.380009448753213,-2.381790341071363,8.412689532873765e-06,1.0,0.001000003335681164,0.0010943695011039107,0.010214214494346448,1.924746886739191,-1.1475269147919285,-1.1475310395161311,-1.1415079407600892,4.123648007710775e-06,0.0010000034261287915,0.0011475000763311982,0.011138154646485217,5.401818497975667
1569,-2.2066220956028633,-2.206663245862385,-2.215176708855719,4.114344153764113e-05,1.0,0.0010000051126622085,0.0015436590622829379,0.046114205804495316,2.9361360163058876,-1.2929264803727467,-1.2929519355297088,-1.3063706775506339,2.545333570904202e-05,0.0010000042979502015,0.0014524231432005764,0.027374320290982725,5.605763371785482
1570,-2.326235741939185,-2.326271394513688,-2.3280225182479284,3.56435072871874e-05,1.0,0.0010000054245674103,0.0022946200487291755,0.054750679298040436,2.363894570548579,-1.3524338516924113,-1.3524731980429756,-1.3635369333955976,3.934320476320055e-05,0.001000002872509261,0.001170204515154991,0.014576879410176642,5.1651175922817645
1571,-2.3468282177763164,-2.3468583124988482,-2.351110690044907,3.009886955315212e-05,1.0,0.0010000025405425509,0.0013744241847955393,0.024960834735055577,2.195396085955062,-1.3062748167249891,-1.3062869833575355,-1.312566394938363,1.2161417139901056e-05,0.001000002988924583,0.0011362636151413122,0.013241595686930748,5.2990567154354515
1572,-2.251851168443572,-2.251889554959423,-2.2475386655555583,3.8371895844081665e-05,1.0,0.0010000040846929517,0.002075824330842017,0.0532251200287269,2.751116489464382,-1.4011303411589726,-1.4011603699790107,-1.41641366481781,3.0028985606299508e-05,0.0010000049783330824,0.0012867797347199585,0.022895462575575544,5.456769402821859
1573,-2.3260111988715404,-2.326032652045196,-2.3259164702217534,2.1434758069380274e-05,1.0,0.0010000031511738616,0.001154937460702264,0.014002813210816315,2.32073361468765,-1.3768395331170822,-1.376852235529158,-1.382111931509442,1.2701667017406887e-05,0.001000003263147341,0.0011796620182899964,0.014377343783982926,5.265434895621405
1574,-2.3934020141385637,-2.39341505068653,-2.394732083914415,1.3034228446348658e-05,1.0,0.0010000024526819306,0.0010926455329611617,0.010182638248463846,1.8505849051025678,-1.3051827642652722,-1.3051899678177303,-1.3297408759593963,7.204463084538778e-06,0.001000003573588199,0.001129279578001135,0.011786427398005294,5.213946713341608
1575,-2.388593561244461,-2.3886041371327527,-2.3871838349216388,1.0575255695379005e-05,1.0,0.0010000028041244116,0.0010849246184148316,0.008297184042913734,1.9152124377916444,-1.277148387167189,-1.2771598266230688,-1.284589942296346,1.1442436112297906e-05,0.001000003299365441,0.0011704820208251476,0.013269310884384645,5.228574636247424
1576,-2.3492170144926825,-2.349237896361441,-2.34741492316408,2.0909913868274328e-05,1.0,0.001000002984238683,0.0012017009024209572,0.015298224972420425,2.108331075254476,-1.3799234681659276,-1.3799407846397824,-1.3914360198709699,1.7316556639141506e-05,0.001000003146732019,0.0011633966945939593,0.014156712927959031,5.125025717417399
1577,-2.365337846414098,-2.365361879456718,-2.3645836474760524,2.4019968959520447e-05,1.0,0.0010000027623906168,0.0018097000451371918,0.05909032491694714,2.133762330379126,-1.2876991523636714,-1.2877354390091367,-1.2974650734000737,3.6299973726272586e-05,0.0010000031674280764,0.001174275527915193,0.01365151379464401,5.374468612670898
1578,-2.347171038951514,-2.3471936954642243,-2.346062792921966,2.2665650214789048e-05,1.0,0.0010000031555668924,0.0013767662589912707,0.030242653242927395,2.2290983649919616,-1.2814126127296026,-1.2814184771643744,-1.2831505311859979,5.869153473112318e-06,0.0010000032553863195,0.0011105694497625033,0.011583460192196072,5.243160984251235
1579,-2.3265801836859503,-2.326599362886177,-2.3286292238055535,1.9182011766253777e-05,1.0,0.0010000045283890839,0.0018494334357421634,0.039369749862981855,2.3505241713433898,-1.2948039849599202,-1.2948152449395922,-1.3032727440198262,1.1258572340011596e-05,0.0010000029320104255,0.0013008226381821765,0.01898965192700012,5.388395929336548
1580,-2.350446161234154,-2.3504559161528102,-2.353597290111038,9.75611356069457e-06,1.0,0.0010000026591543882,0.0011586856189236608,0.012955135454968462,2.1777152115443967,-1.3245046794414521,-1.324513136015998,-1.3289439247714148,8.460962110095554e-06,0.0010000034649338986,0.0012468602456566361,0.01688065790157351,5.245305744806926
1581,-2.393076181411743,-2.393083261993696,-2.3950152847002135,7.068070600617607e-06,1.0,0.0010000026745299966,0.0010644098972233962,0.007294371715342661,1.8703676439681143,-1.2864849355485706,-1.2864882270495097,-1.2964524706204732,3.2996137936909994e-06,0.001000003097578883,0.0012211933421591918,0.014730030280123983,5.254413493474325
1582,-2.3902771697854095,-2.390284295352,-2.391943092616099,7.116639951490006e-06,1.0,0.0010000028216965355,0.0010769703570437039,0.007115524290744567,1.853255883702692,-1.2571556985378267,-1.2571600182188882,-1.2611027835764819,4.323240783479479e-06,0.001000003402845727,0.0012727891224332982,0.017239555819994874,5.391721312204996
1583,-2.340297003961959,-2.3403146761768268,-2.335379472318685,1.7656610821777918e-05,1.0,0.0010000038716309475,0.0023114174683490454,0.05518961374929069,2.3374648454054348,-1.1986275772253674,-1.1986427360110812,-1.1986891106598907,1.5152908033794826e-05,0.0010000033123004767,0.001121595359614326,0.010426864780796071,5.406470266977946
1584,-2.3361024316751733,-2.3361325511392557,-2.3369260104197376,3.010273542044298e-05,1.0,0.0010000040056183934,0.0017933353390720374,0.047326083426838216,2.3350870699252724,-1.3345401551988387,-1.3345846123165555,-1.3419427540567186,4.4460263517167835e-05,0.0010000033899106914,0.0012176925885594553,0.01697582799113459,5.361070124308268
1585,-2.390721208644363,-2.3907380823819144,-2.392051618054228,1.6863405142190322e-05,1.0,0.0010000027316394,0.001735776796813984,0.053848336578153494,1.9046354113884691,-1.2914113210307225,-1.2914208677079944,-1.2969709313578075,9.552141030629475e-06,0.001000003076882826,0.0011376923545160227,0.01100767226372328,5.152493434482151
1586,-2.378870964050293,-2.3788828759823204,-2.378435305829318,1.1911510296587673e-05,1.0,0.0010000026613509036,0.001239907112903893,0.02126622562217614,1.9986073678394534,-1.2278864476415847,-1.2278934823142158,-1.2250173856814703,7.031195693545871e-06,0.0010000028466391894,0.0011239234254591995,0.01141007968948947,5.4441765149434405
1587,-2.36760672308364,-2.3676189544065944,-2.3680029657651795,1.2217616697527328e-05,1.0,0.0010000030896714274,0.0011400571817813336,0.013322097447015485,2.08406921602645,-1.3313792069753012,-1.3313863741026983,-1.3320244004329045,7.165057791603936e-06,0.0010000035606531634,0.001120712372681333,0.010552502749487758,5.171964253319634
1588,-2.402384654530939,-2.4023921579684853,-2.4002072721157433,7.508920048767666e-06,1.0,0.0010000028085174425,0.0010538931281464,0.0063517019064780675,1.825946828104415,-1.277844567431344,-1.2778479880756801,-1.279524068037669,3.41898865169949e-06,0.001000003643437392,0.0011060629686754611,0.010011916426527831,5.165231911341349
1589,-2.3970552188045575,-2.3970623263772928,-2.3984979256144108,7.122263031185798e-06,1.0,0.0010000034982233115,0.0012477102166674329,0.01962612870913702,1.8349431460758425,-1.2540152013301846,-1.2540233347151015,-1.265217470460468,8.138931459850735e-06,0.001000003930595186,0.0011475886140639583,0.01249698629964971,5.33580781618754
1590,-2.3754307324031614,-2.3754423159473346,-2.373338834294733,1.1576093592733707e-05,1.0,0.001000003887006556,0.001068104697690117,0.007036696746066775,2.0187796376786142,-1.3169042540921105,-1.3169121311770544,-1.3228687786393696,7.87269737985399e-06,0.0010000039926833576,0.0011620125060694086,0.013559904306506117,5.223364628685846
1591,-2.3759085682203187,-2.3759181454496563,-2.3727538293262698,9.59283338402802e-06,1.0,0.0010000034213452687,0.0010573118507756659,0.00700020613939554,1.977953906329173,-1.2637784712844424,-1.26379005379147,-1.2683249821265539,1.1585652828216553e-05,0.0010000042487970657,0.0011428217455330821,0.0116620082847981,5.363121753268771
1592,-2.3626506688459865,-2.362670030233995,-2.36471455277137,1.9364269836893623e-05,1.0,0.0010000041022650756,0.001134613392663733,0.018183857237674156,2.0810215540652006,-1.1933546880880992,-1.193367361360126,-1.1985146966064348,1.267219583193461e-05,0.0010000039745743075,0.001159195464828776,0.013216105975314148,5.432125171025593
1593,-2.3762273833436787,-2.376239967796038,-2.3778437106114514,1.2576439470615028e-05,1.0,0.0010000036234246953,0.0013026112716926156,0.026063804628924943,2.0152481569434113,-1.2966274281342824,-1.296637746360567,-1.3071712619728513,1.031673616833157e-05,0.0010000041065116724,0.0011497376590139336,0.012047899830051594,5.223964129553902
1594,-2.3696250735588795,-2.369635435770143,-2.367500419886607,1.0370786459940785e-05,1.0,0.0010000060022509886,0.0018235048727255384,0.03529822405313476,2.145775907444504,-1.2088970224062605,-1.2089193536175622,-1.2057429023914867,2.2322767310672338e-05,0.0010000031493190263,0.0011456508862061634,0.011986817810167041,5.3727033297220865
1595,-2.364940841242952,-2.364954817969844,-2.3606021989066646,1.3976726891859522e-05,1.0,0.0010000031379947686,0.0010674958038231674,0.007429533558985534,2.1101046620674855,-1.2728122744295334,-1.2728184408611722,-1.2782627542813618,6.165934933556451e-06,0.0010000038917900788,0.001166288135573268,0.012724129454646673,5.29420198864407
1596,-2.3422937933004127,-2.342306636414438,-2.3388509300519837,1.2842832871203152e-05,1.0,0.0010000038848100405,0.0012743919890127935,0.025271367597973573,2.2510448199398114,-1.2840293116039703,-1.2840378436777327,-1.2979216092162662,8.535136779149373e-06,0.0010000045566509166,0.001152557579593526,0.011590365703321165,5.271476586659749
1597,-2.3915001896192445,-2.3915104191258267,-2.39078352136432,1.0220439366574558e-05,1.0,0.0010000030611167258,0.001143432780221667,0.018689975616926292,1.8792417994085349,-1.2876685890886523,-1.287673216395908,-1.2929581900437672,4.631529251734416e-06,0.0010000031441450119,0.0010886059996361535,0.008556863986369637,5.186982780032689
1598,-2.191327306459535,-2.1914121362398253,-2.186729221973779,8.483828519875149e-05,1.0,0.0010000063690690781,0.0015117697536347892,0.0409273646798266,3.116079589106002,-1.3724044614368014,-1.3724739816453722,-1.3948228716850282,6.951250963740878e-05,0.0010000046187390885,0.0014006090867850515,0.026365734931702415,5.347774553298949
1599,-2.317727156405179,-2.3177993230099947,-2.320915546057359,7.217883501412734e-05,1.0,0.001000003131405222,0.0013535379932947315,0.019885336593636928,2.3656824444824793,-1.2795070793893604,-1.279548978805542,-1.297537836763594,4.1888737016254e-05,0.0010000032605603337,0.001255065771854586,0.017614004799785712,5.49889809290568
1600,-2.3613529430245452,-2.3613863081302284,-2.366426004553741,3.337079905114084e-05,1.0,0.0010000030896714274,0.0010979759796821283,0.009743073175415257,2.0627349682574003,-1.294747887717353,-1.2947794225480822,-1.3022252473566267,3.153789374563429e-05,0.00100000380900585,0.0011914998706844119,0.014973962630352212,5.348841079076132
1601,-2.3956975217135446,-2.3957087723714,-2.394394429224842,1.1270690076756028e-05,1.0,0.0010000031797285632,0.0010733141273892713,0.007550209497084033,1.8665493614268753,-1.3415595173835755,-1.341564455297258,-1.3506715072525872,4.933691687054104e-06,0.00100000341836777,0.0011662543001067307,0.012361233109711774,5.070998689863417
1602,-2.3618736581982307,-2.361885612865664,-2.360773315969503,1.1946513967693977e-05,1.0,0.0010000034213452687,0.0011157480876822516,0.012755248772489996,2.0980010842377284,-1.3333140386475457,-1.3333287311924829,-1.3529920366075303,1.4690723684098985e-05,0.0010000042746671372,0.0011985053178957766,0.015524946044509609,5.301878441704645
1603,-2.3368971752670578,-2.3369188016315676,-2.3373967139226086,2.1625802202044793e-05,1.0,0.0010000039770636918,0.002310751454096358,0.03456192254528122,2.3549352884292603,-1.2908244464132526,-1.2908390753799015,-1.3092312581009335,1.462383402718438e-05,0.001000003622741335,0.0011572416250904402,0.012963664937867887,5.3147333251105415
1604,-2.3205744905291863,-2.3205881838528617,-2.3113372348389536,1.3696556946016707e-05,1.0,0.0010000038672379166,0.0010792472869825531,0.007904398562562353,2.3918591175439223,-1.2587544633282555,-1.2587632689211103,-1.2617227918571896,8.804847796758016e-06,0.0010000038297019072,0.0011534456396475434,0.01235948404452453,5.501328139834934
1605,-2.38910307299416,-2.389114067239581,-2.3901627176212816,1.0994667152188859e-05,1.0,0.0010000034498999703,0.0011275592391853625,0.010613023701018461,1.8878826577708405,-1.2932382146517436,-1.2932486322191026,-1.2922973642746607,1.0416987869474623e-05,0.001000003232103255,0.0011404746807076864,0.011125196327662302,5.141150808334349
1606,-2.41412027826849,-2.414127826690674,-2.4163518266857795,7.535770254315071e-06,1.0,0.0010000030501341483,0.0010473399976584708,0.00614346800161139,1.7182170535033603,-1.2436530268854566,-1.2436613438030084,-1.2483186410533058,8.318821589152018e-06,0.0010000033304095267,0.0011130250266028776,0.009807673844301866,5.245526605182223
1607,-2.4026471983711675,-2.4026568858128674,-2.404458522796631,9.689480066299438e-06,1.0,0.001000002891985032,0.001502919373243063,0.027513145469129086,1.8274550887773622,-1.283192017343309,-1.2831987652513717,-1.2834626161389882,6.751467784245809e-06,0.0010000035140870346,0.0011148443704264031,0.009024011594657268,5.205781088935004
1608,-2.3779290352227553,-2.3779357221891297,-2.3809721942217843,6.685560604311385e-06,1.0,0.0010000035992630248,0.0011321531151825526,0.009322584141045809,1.9942636152483382,-1.2661339435312482,-1.2661454584863452,-1.2614841515301831,1.1518680387073093e-05,0.0010000040470105078,0.0011138435453176498,0.00971797881130543,5.167893579271105
1609,-2.404559558292605,-2.4045665129175724,-2.405373843211048,6.9615835288785535e-06,1.0,0.0010000034081661757,0.0010517346826469842,0.006807212142344072,1.7854639921548232,-1.3036753740575582,-1.3036808285448287,-1.3094691779878405,5.4562257395850285e-06,0.001000003759852714,0.0011188257382147842,0.009705201130256885,5.139385885662502
1610,-2.393869660935312,-2.3938770654066555,-2.3956256767488875,7.418037023184435e-06,1.0,0.0010000039331333817,0.00105660915251751,0.006873042876217162,1.828356146812439,-1.306732722785738,-1.306741625070572,-1.3108937595039607,8.902781539493136e-06,0.0010000040444235008,0.0011098990449681877,0.009684083628882137,5.1476143731011295
1611,-2.396684781560358,-2.396698276951628,-2.3949634938869835,1.3492509441555671e-05,1.0,0.0010000036453898505,0.001055380351454863,0.006543065821049067,1.8383118206599973,-1.2162268976370496,-1.2162342846393586,-1.2180999032325215,7.3869195249345565e-06,0.0010000037650267283,0.0011070547780642906,0.009530717646703124,5.35223880343967
1612,-2.358833983259381,-2.3588833179114,-2.3588148467945604,4.934259461906721e-05,1.0,0.0010000039243473198,0.001098981061247441,0.013149231002349758,2.0977350248480744,-1.268244082397885,-1.268263570467631,-1.2734694222609202,1.949171225229899e-05,0.0010000045385418666,0.0011497046048235561,0.013909287869723307,5.254948918024698
1613,-2.390987351255597,-2.391003095878745,-2.39172859011956,1.574307680130005e-05,1.0,0.0010000038672379166,0.0010612690689499086,0.006936381918044304,1.8683254021518636,-1.2500843163993625,-1.2500931206676695,-1.2575531299743388,8.80931814511617e-06,0.0010000046678922242,0.001158534295649992,0.014530953074184557,5.3815986845228405
1614,-2.378876897523988,-2.378889056871522,-2.380144713059911,1.2164759748386887e-05,1.0,0.0010000044493145258,0.0010780147342714218,0.009146224382280741,1.9699977861260467,-1.2264795498715508,-1.2264847990539338,-1.2278448985682593,5.248023404015435e-06,0.001000004137555758,0.0011319944117632178,0.011868419154133234,5.341770357555813
1615,-2.3468303388019778,-2.346847840075223,-2.3450798808403737,1.7501132668189284e-05,1.0,0.0010000049347444525,0.002622627290756494,0.06874282707741379,2.337500068376649,-1.2383920325173272,-1.2384276164902581,-1.2397358490361108,3.5586870378918116e-05,0.00100000341836777,0.0011228171746349997,0.01149912004928208,5.395442952050104
1616,-2.366010159816382,-2.3660336642895103,-2.3687681162132406,2.350700351427186e-05,1.0,0.0010000034586860325,0.001326229177274794,0.026798618245729298,2.0822738701442502,-1.2141077783372671,-1.214126295513577,-1.2158190879556867,1.8517590231365626e-05,0.0010000032527993123,0.001121936593618658,0.01070356086258673,5.27705577744378
1617,-2.333545873749931,-2.3335963465132803,-2.329601874891317,5.047838642912091e-05,1.0,0.0010000042626107076,0.0017226733693431289,0.03750700471518596,2.3003275956747666,-1.3126555383205414,-1.3126901083522373,-1.3187794029712676,3.456895550092061e-05,0.0010000038141798641,0.0011501684655538863,0.013939281069259677,5.260181437598335
1618,-2.369581119069513,-2.3696024957692847,-2.3701444077041915,2.1376137463551647e-05,1.0,0.0010000035465466527,0.0010728246339087217,0.008747133364865803,2.023257278046518,-1.3398770915137397,-1.3398881249957615,-1.3455678111977047,1.102396183543735e-05,0.0010000039564652574,0.001147405500523746,0.013044024918538828,5.1402596738603386
1619,-2.3168946167208113,-2.316908890346311,-2.3126007790835397,1.4288034641517783e-05,1.0,0.0010000043482748123,0.0012483608399359684,0.01687400396210405,2.4668140366392315,-1.2412422266271377,-1.2412501431173748,-1.2348851551612219,7.916490236918131e-06,0.0010000048282866676,0.0011774606718164351,0.015248222253285348,5.485877762900459
1620,-2.3670505622647844,-2.3670600090386733,-2.366017616020059,9.454575912007746e-06,1.0,0.0010000036629619746,0.0010677146492525935,0.00754750506811828,2.0769441915008255,-1.2672093007299634,-1.2672155419985454,-1.2771986934873794,6.244414382510715e-06,0.0010000037184605996,0.0011239766841754316,0.011158436792902649,5.231882248984444
1621,-2.3699857378905675,-2.36999692556993,-2.370290551545485,1.118943657515184e-05,1.0,0.0010000037442330482,0.0012895849792567908,0.02370977459282105,2.063229938723006,-1.2858518977959952,-1.285861651102702,-1.2860738529099358,9.75562466515435e-06,0.0010000040185534293,0.0011626523764183124,0.013881919807237056,5.2514984077877465
1622,-2.4055799133372755,-2.405588725827775,-2.408475309048059,8.803142129250293e-06,1.0,0.001000003335681164,0.0010549427901904256,0.006801465737088671,1.7543033766296674,-1.2491938557889728,-1.2492007282045152,-1.2503299206495284,6.880031691657172e-06,0.0010000035632401704,0.0011116397049691941,0.01043782125796295,5.264930862850614
1623,-2.3388833099941038,-2.3388951589476386,-2.3407067532809274,1.185549036511835e-05,1.0,0.0010000037837703272,0.0010668558775851467,0.008112401894803316,2.2218891562155956,-1.2063589672247568,-1.2063675847318438,-1.2091652635898855,8.618086576461792e-06,0.0010000045281938381,0.0011559910140931605,0.014339804897705715,5.76720658408271
1624,-2.3229956896799915,-2.323006418516051,-2.3185796602716984,1.0723845576340298e-05,1.0,0.0010000048512768633,0.0010980485305892972,0.011389796253082887,2.358097195625305,-1.2796222501330905,-1.279633833302392,-1.2775999781986078,1.1586894591649374e-05,0.0010000045307808451,0.0011178873194795517,0.011664236331772474,5.284138658311632
1625,-2.3735274526308165,-2.3735386223163246,-2.370527942225618,1.117270791305686e-05,1.0,0.0010000039287403506,0.001076090182529165,0.008159724903240238,1.9863287277941435,-1.071860066552957,-1.0718687698245049,-1.0650184521244632,8.701864216062757e-06,0.0010000040392494863,0.0011296524097108179,0.012618262563935584,5.861080455780029
1626,-2.35071969482134,-2.350737857368757,-2.3443583789861426,1.816999799800369e-05,1.0,0.00100000401220794,0.0011777381834415894,0.018818315740165143,2.1900273898862443,-1.2013906574911541,-1.2014025643467903,-1.1933312762321697,1.1913478374481201e-05,0.001000003948704236,0.0011773985267306368,0.014852978304649394,5.446810393863254
1627,-2.357249437638049,-2.357266277637122,-2.361079794056011,1.6851174943851975e-05,1.0,0.001000004963299154,0.0023733537999983383,0.049208144103791915,2.1479812669304184,-1.2832865188519162,-1.283295715517468,-1.2901858552462524,9.2009703318278e-06,0.0010000038736810287,0.0011238514083541102,0.011265117926005689,5.188191000620524
1628,-2.3574251521308467,-2.357446657036835,-2.358308402997143,2.1507506662944577e-05,1.0,0.0010000032500170593,0.001121240738287287,0.011292774537753946,2.04752191057745,-1.2760814918412102,-1.2761142843299442,-1.2741268657975726,3.278073337343004e-05,0.0010000038064188427,0.001136352010588679,0.013311799250853558,5.367533106274076
1629,-2.3846195688787497,-2.384634407061451,-2.389270582289066,1.4828412600283352e-05,1.0,0.0010000027821592565,0.0010656966906884369,0.007111677179499617,1.88842851260923,-1.3070102102226682,-1.3070220046573215,-1.3125806960794661,1.1797497669855754e-05,0.0010000033045394552,0.0011151188130800922,0.01095076760587593,5.123608107037015
1630,-2.3711283859216943,-2.3711429654427296,-2.367477648663071,1.4594141042457437e-05,1.0,0.0010000036388003038,0.001096575184865802,0.009417891765962232,2.0043181473354124,-1.2895019465022617,-1.2895164562596215,-1.2988961630397373,1.4504707521862453e-05,0.0010000040211404363,0.0011401292712738117,0.01252635160409328,5.249703688091702
1631,-2.3910192678559503,-2.3910291014977223,-2.3910115709844626,9.824082536517449e-06,1.0,0.0010000037661982032,0.0010754258024840142,0.008720146241720836,1.8743757526829559,-1.2539653072754542,-1.2539713952276441,-1.2562576490971777,6.089607874552409e-06,0.0010000035658271776,0.0011012493477513393,0.010026221362770432,5.240841759575739
1632,-2.3973649042957232,-2.3973706915693462,-2.3955690028532497,5.781509966220496e-06,1.0,0.0010000038540588234,0.0015355627830052432,0.042258239210635984,1.8793968704511534,-1.2389114220937094,-1.2389182137118446,-1.2448458851211601,6.790790292951796e-06,0.0010000041220337152,0.001112454834704598,0.010326424411808451,5.278136613633898
1633,-2.391081247689589,-2.391093335061703,-2.3926391286670037,1.2081608457385369e-05,1.0,0.0010000039550985367,0.0010621738356520545,0.006796626426841853,1.8817128100485172,-1.2460380342271593,-1.246048898829354,-1.2497899630003506,1.086203588379754e-05,0.0010000039875093434,0.0011455540519414676,0.011668958525276846,5.229982010523478
1634,-2.397627403151314,-2.3976350100535266,-2.399008809395556,7.598116150442159e-06,1.0,0.0010000036058525712,0.0010585396326551178,0.007249105315356744,1.8219071154324513,-1.23147996796502,-1.2314877834584979,-1.2318926274776458,7.813423871994019e-06,0.0010000040780545937,0.0011426771163112587,0.011857472295458946,5.34980681737264
1635,-2.3995498441300303,-2.3995567942565343,-2.399748239877089,6.962919010306304e-06,1.0,0.0010000041923222114,0.001051651957479991,0.00695770897436887,1.8088683294800092,-1.1768999026881324,-1.176904241906272,-1.1715284008739724,4.338307513131036e-06,0.0010000041711868512,0.0011046240597756374,0.009865845274180173,5.33181085586548
1636,-2.4094498652332232,-2.409455821199237,-2.4112341898792193,5.957512360698772e-06,1.0,0.0010000042867723783,0.001046483708053546,0.006081926302527482,1.7337920575771693,-1.2489280578162936,-1.248931880791982,-1.245396598097351,3.826038704978095e-06,0.0010000045023237667,0.0011022957326430414,0.00900862892675731,5.187787644068399
1637,-2.378475247689013,-2.3784840556810485,-2.3791372146246568,8.783742504299812e-06,1.0,0.0010000042801828317,0.0010474693416705671,0.00631534075584122,1.9663678317699793,-1.2446813623110453,-1.2446920573711395,-1.2445007100701333,1.0693569978078206e-05,0.0010000049757460754,0.001124276148362292,0.010846800349342326,5.296489212248061
1638,-2.349958599738355,-2.349968190463084,-2.350624237420424,9.601830311541287e-06,1.0,0.001000004763416243,0.0010619929394210285,0.00774278403435535,2.20864662809192,-1.178978381554286,-1.1789902375804053,-1.1810819930500454,1.1860744820700751e-05,0.0010000051827066475,0.0011571720915122164,0.013452872804676493,5.5390904426574705
1639,-2.381681165605221,-2.3816951355844176,-2.3817717646652796,1.3986286127342368e-05,1.0,0.0010000050160155264,0.0015005689105546138,0.029672134755495586,1.9937056235547335,-1.2304500596390828,-1.2304791526661978,-1.2390501600172785,2.9092364841037327e-05,0.0010000038478109572,0.0011116480816983514,0.010299200298161143,5.330159160825941
1640,-2.395245522822974,-2.3952559727542804,-2.3917814988010333,1.0447119766811155e-05,1.0,0.0010000038386832149,0.0010667759002590516,0.008188777054080143,1.844975102622554,-1.226992391546567,-1.2270030786593755,-1.2265936041871706,1.068413257598877e-05,0.001000003878855043,0.001135616237297654,0.011952635961481266,5.262753597895304
1641,-2.383362221267988,-2.383370466952054,-2.3823186631472604,8.258125129735694e-06,1.0,0.001000003994635816,0.0010535031565869191,0.00656143799072729,1.9616172448644098,-1.2511647290653654,-1.2511724717087216,-1.2510251356495752,7.745292451646594e-06,0.0010000046058040526,0.0011086724103531904,0.010152779638560282,5.215372890896267
1642,-2.279222144270843,-2.2792813800415903,-2.2770487115068256,5.924301046245503e-05,1.0,0.0010000057298830659,0.0012526997180550166,0.021329182301173515,2.500931928742607,-1.2991215493943957,-1.2992398699124654,-1.310185925828086,0.00011832474006546868,0.0010000049317669538,0.0012109731401627262,0.019218282975877323,5.328917296727497
1643,-2.3643421496985093,-2.3643933422160597,-2.36181296942369,5.119863264965561e-05,1.0,0.0010000035597257457,0.001086911803796747,0.009481708888175353,2.0984992193725875,-1.290603556235631,-1.290622866815991,-1.3050916804207695,1.9313891728719077e-05,0.001000003878855043,0.001140628379976584,0.013145353228578138,5.183446031146579
1644,-2.3880235429080026,-2.388041838160101,-2.389052885883259,1.8309239508970728e-05,1.0,0.0010000036256212108,0.0010618055393075887,0.007425695446864614,1.8881233570710667,-1.2589352190494538,-1.2589502847856946,-1.2722189843240712,1.5068882041507298e-05,0.0010000045644119383,0.0011628477937645383,0.014623015759409302,5.315817642211913
1645,-2.3674436110370563,-2.367455208076621,-2.363796162155439,1.1584247058292604e-05,1.0,0.0010000042692002542,0.0010868818037879635,0.010413502883341795,2.098280630021725,-1.242374943693479,-1.2423851076099608,-1.2490973432858785,1.016325420803494e-05,0.0010000038374629286,0.0011266175062499112,0.012704227215403483,5.338516378402709
1646,-2.407118747819145,-2.407126390709067,-2.408798285250394,7.6537143509343e-06,1.0,0.0010000041901256959,0.0010615946342817173,0.007697736282112464,1.7562426800997752,-1.2367974711375105,-1.2368032956702841,-1.2367956534855895,5.82453277375963e-06,0.0010000039694002933,0.001087463929110931,0.009553511008723743,5.217832989162869
1647,-2.3753885862962254,-2.3753977766576804,-2.375901829521611,9.179115295410156e-06,1.0,0.001000004060531281,0.0010694803380108667,0.007704251918080702,1.9905150319045444,-1.2468026088343727,-1.2468109819624158,-1.254389802614848,8.37685333357917e-06,0.0010000045592379238,0.0011414959819780455,0.014106137214952873,5.344210423363579
1648,-2.3989496051140553,-2.398958925930959,-2.3963172480745136,9.33817816230486e-06,1.0,0.001000004264807223,0.0011553850512565026,0.017312070488806744,1.8708466111489062,-1.2559518327315649,-1.2559599263800516,-1.2551621949610612,8.09911224577162e-06,0.001000004168599844,0.0010692739652262795,0.008102324770556555,5.134038241704305
1649,-2.349401890106921,-2.3494125109798505,-2.3501262642302603,1.0617709947082232e-05,1.0,0.0010000043153270799,0.0011076426159871637,0.010607955362296329,2.1172471608755723,-1.2734808935059443,-1.273490341504415,-1.280863427122434,9.44990250799391e-06,0.0010000059639828072,0.0012293293916930755,0.017045993440681032,5.421253824234009
1650,-2.31605615705814,-2.316078617887677,-2.317876653851203,2.2449583377478257e-05,1.0,0.0010000041637675098,0.0013678505454423292,0.030576506954670516,2.369254667803926,-1.26820553806093,-1.2682245598898993,-1.2848459170924293,1.902514033847385e-05,0.0010000037106995781,0.0012836048276060157,0.02273453516471717,5.449602286020915
1651,-2.370304359579986,-2.370383127680365,-2.372707227490983,7.87622664334639e-05,1.0,0.0010000032544100904,0.0016713290352304026,0.03896626421549129,2.0727885894055635,-1.2868078437116413,-1.286972893608941,-1.2973357876141867,0.00016505039400524564,0.0010000033459315698,0.001177717939329644,0.014169792062602937,5.235553015602959
1652,-2.353464083851508,-2.3535225998680547,-2.3546925670695753,5.8522131645454554e-05,1.0,0.0010000030786888499,0.0013199720799676933,0.028849282829126098,2.140097863269302,-1.2729560097058612,-1.2729866021209293,-1.2877731558349397,3.0594815810521445e-05,0.0010000034468248486,0.0011333839709146156,0.011399671197351482,5.157179016537137
1653,-2.3795612668091395,-2.3795816493484208,-2.3791685734155044,2.0380782068900344e-05,1.0,0.0010000033466637415,0.001089533162742572,0.010412809017272491,1.9675206350830365,-1.2842838737699722,-1.284296268224716,-1.2958403433362642,1.2399587366316054e-05,0.0010000036279153492,0.0011276730284508732,0.011981736674594382,5.183364041646322
1654,-2.3675280449525364,-2.3675451616071306,-2.367131660569389,1.712354286661688e-05,1.0,0.0010000036673550054,0.0011665521404828946,0.014349694987583273,2.0021151664122097,-1.2410236676534017,-1.2410352998309666,-1.2513230429755318,1.1624478631549412e-05,0.0010000038840290574,0.0011879969517596895,0.015562577612905039,5.36961400243971
1655,-2.38985649819644,-2.3898770764188946,-2.388352092706932,2.0580682552085733e-05,1.0,0.001000003561922261,0.0013783130847479937,0.014150797754069263,1.929736742433512,-1.287941825389862,-1.2879575298892127,-1.3039565248621834,1.5709466404385038e-05,0.0010000030199686686,0.001114439307194617,0.010773498901269503,5.174857017729016
1656,-2.3911243429723776,-2.3911367092492446,-2.388029341427785,1.23694398493137e-05,1.0,0.0010000026657439346,0.0011068817012820323,0.011141354046797133,1.898661514498153,-1.193125256233745,-1.1931306585669517,-1.1983241110212273,5.39612438943651e-06,0.001000003589110242,0.0010969675559964445,0.011348245171312657,5.316594563590155
1657,-2.3332691147642315,-2.3332827810971244,-2.3329618292034797,1.3658812023558707e-05,1.0,0.0010000038628448856,0.0010728187252820101,0.0074136327460127055,2.2717368625245005,-1.2677829749054377,-1.2677973243925307,-1.2818560312191645,1.4359752337137858e-05,0.001000004988681111,0.0011436842226733763,0.012588778324425221,5.377060927285088
1658,-2.355601560394719,-2.355618220455242,-2.355850676320634,1.6656686674873783e-05,1.0,0.0010000046382148593,0.0011331238805861125,0.011361362197313388,2.099160072938451,-1.201864775021871,-1.20188550485505,-1.1967963295264377,2.071907122929891e-05,0.0010000035140870346,0.0011440747960781057,0.012948323724170525,5.398278146319919
1659,-2.3405830927614897,-2.3406170696582436,-2.3424119184601984,3.398610454685283e-05,1.0,0.0010000037332504707,0.0011823755262841313,0.023255845744883256,2.235769166136688,-1.257462770409054,-1.2574894580576155,-1.2704113632440568,2.668690350320604e-05,0.001000003692590528,0.0011302899232962065,0.011785632775475582,5.296201001273261
1660,-2.383986603538945,-2.38400151819553,-2.380076250939999,1.4918733317897005e-05,1.0,0.0010000030545271792,0.0011258382231594537,0.014070876505015031,1.9649148752104562,-1.288052545653449,-1.2880633427037134,-1.2927000840504965,1.0793573326534695e-05,0.0010000034623468916,0.0011619026281146539,0.014417830158749388,5.138294977611966
1661,-2.399203309473002,-2.3992104530334473,-2.403037772988373,7.129713611782722e-06,1.0,0.0010000034125592068,0.0010612912142192418,0.007597511414579063,1.7963185715225507,-1.2544084254238341,-1.254412658015887,-1.2579908640848265,4.231019152535332e-06,0.0010000038478109572,0.001107329171564844,0.009580161329358816,5.172343322965833
1662,-2.394525910323521,-2.3945340165552103,-2.390604280075937,8.118672753280063e-06,1.0,0.0010000035311710442,0.0010757333432095794,0.008522026970068802,1.885115677455686,-1.2826856990655267,-1.282690739631653,-1.2864910131527318,5.039324363072713e-06,0.0010000039590522646,0.0011060070194717911,0.010391789253076746,5.1388669808705645
1663,-2.4140907683462465,-2.4140962609704935,-2.4128415494594933,5.484119338809319e-06,1.0,0.0010000031423877994,0.0010415561615823295,0.005446437276232074,1.7354898677681976,-1.2396566083033882,-1.2396629376543893,-1.2387134487430254,6.325129005644057e-06,0.0010000035503051348,0.001090960530564189,0.008746457596619924,5.194333383772108
1664,-2.404398846176435,-2.4044133897097604,-2.4043491786380984,1.4561246026237055e-05,1.0,0.0010000033005369158,0.0010831857425213423,0.008281233951115524,1.7879996479682203,-1.2104512605402205,-1.210489304860433,-1.20585899228851,3.803819417953491e-05,0.0010000035942842563,0.0010928541421890258,0.009152123419981863,5.287125539779664
1665,-2.407739315392836,-2.407757966023571,-2.407473514664848,1.8663282664317006e-05,1.0,0.0010000034103626913,0.001041198485390336,0.005492405585927081,1.772337794303894,-1.2552428081631661,-1.2552488019069037,-1.2591520157125262,5.989521741867065e-06,0.0010000038710940215,0.0010801704212402305,0.009032151198738979,5.103316195805868
1666,-2.389758586883545,-2.389768067395912,-2.3891382622268966,9.461534473131288e-06,1.0,0.0010000034367208773,0.0012453540166804814,0.020647376187075423,1.9469332762484282,-1.1736065295007492,-1.173613123761283,-1.1764450785186555,6.597654687033759e-06,0.0010000038503979642,0.0011625367760037383,0.01420323858037591,5.449265935685899
1667,-2.352134778814496,-2.352150575169977,-2.354917620712856,1.5813857316970825e-05,1.0,0.0010000039572950522,0.0013293468630609085,0.024467690777525586,2.1242209515481627,-1.2292800803979238,-1.2292950126859876,-1.2415046827660667,1.4927155441708034e-05,0.0010000040237274435,0.0011507673525354928,0.013565074569649166,5.273033650716146
1668,-2.37591046207356,-2.3759203406999694,-2.377970322123114,9.876588043176903e-06,1.0,0.0010000033708254122,0.0010528885495831382,0.005959670408628881,1.975216420191639,-1.1998561415407392,-1.1998672438992395,-1.1885500772131814,1.1101033952501085e-05,0.0010000046342611313,0.0011692814192631178,0.014546839678142633,5.4101126035054525
1669,-2.3907633502528354,-2.3907744479629227,-2.3877993079851256,1.1097218068140858e-05,1.0,0.0010000036805340984,0.0010749940422170286,0.009205243523882807,1.9309348947597,-1.1871268345250023,-1.1871327358815404,-1.186728913254208,5.903095006942749e-06,0.001000004305711223,0.0011023346774487032,0.010472808372125858,5.45840252770318
1670,-2.3306038694561653,-2.330624238500055,-2.3286990534584477,2.0362858502370006e-05,1.0,0.0010000043087375332,0.0022624995721996113,0.06018711772597975,2.3643891361524476,-1.2213644673426947,-1.221398957239257,-1.2269529340995682,3.449469804763794e-05,0.0010000034882169631,0.0011250129538691706,0.01171819584754606,5.359523010253906
1671,-2.3430548838849337,-2.3431022796990737,-2.3434266504251733,4.740228068153813e-05,1.0,0.0010000037925563894,0.002027545719548076,0.041185462693595944,2.3357464187550097,-1.2620914830101866,-1.2621350728803211,-1.2744102352195317,4.359342985683017e-05,0.0010000028828572895,0.0010869773311747446,0.009228730633751386,5.216168530782064
1672,-2.393615385271468,-2.3936369868944274,-2.391057549782519,2.161652412054674e-05,1.0,0.0010000026877090898,0.001057932030339286,0.006277567408276054,1.8727029696950372,-1.2459267172548507,-1.245938171280755,-1.248167053858439,1.1452453003989326e-05,0.0010000028207691179,0.0010850706525767843,0.008965276119609674,5.2095290395948615
1673,-2.3931936093096464,-2.3932054177770077,-2.3907818974189037,1.180263341597791e-05,1.0,0.001000003010596869,0.0010523352912574443,0.006075269665639356,1.880919393503441,-1.2214211384455362,-1.2214288844002619,-1.221505202518569,7.745789157019721e-06,0.0010000037210476068,0.0010968788035420909,0.010451037392744587,5.314892461564805
1674,-2.2554863387683652,-2.255552463936356,-2.257486399614586,6.611610077462106e-05,1.0,0.0010000045964810645,0.001796026786631149,0.09909196903287731,2.608424872722266,-1.3224996851550206,-1.3227620151307848,-1.3396033393012152,0.0002623219456937578,0.0010000063287508157,0.0024647240061312914,0.2208827362395823,5.950524446699353
1675,-2.3391192386735162,-2.339265582696447,-2.3396027425550066,0.00014633249561741668,1.0,0.0010000029930247452,0.001265818222408306,0.04194444945995819,2.1814337968826294,-1.102233726117346,-1.10225996043947,-1.1052214107579654,2.6243925094604493e-05,0.0010000027302238675,0.00115682036201987,0.019275007945381933,5.896105586157904
1676,-2.348238135283848,-2.3482645727553457,-2.3470918952294118,2.6445062655322955e-05,1.0,0.0010000026349927175,0.0011031217038420574,0.010889268436310988,2.218555070319266,-1.2774238712257808,-1.2774358736144171,-1.2866328285800086,1.200098130438063e-05,0.0010000032424512836,0.0011731553124263883,0.016205454853156373,5.354745271470812
1677,-2.3994145888202594,-2.399430603351233,-2.400716043868155,1.5991898077838824e-05,1.0,0.0010000029864351986,0.001073912976590811,0.008655070469995856,1.8104499600968271,-1.2824822372860376,-1.2824878096580505,-1.2883530179659526,5.564838647842407e-06,0.001000003061360783,0.0011014872127109105,0.010485042608343065,5.288338926103379
1678,-2.408866913813465,-2.408876414568919,-2.4074461280174977,9.49274256544293e-06,1.0,0.0010000025756867988,0.0010531252482905984,0.006950818986262915,1.7433492473836214,-1.236028551724222,-1.2360354125499726,-1.238945184648037,6.866289509667291e-06,0.0010000034675209058,0.0010890915110293362,0.012182662824893163,5.2822663519117565
1679,-2.392327270417843,-2.3923373762166724,-2.391656169351542,1.010221411597054e-05,1.0,0.0010000041242302308,0.0013785262192371039,0.025006758629010535,1.8949145550997752,-1.1749139414893255,-1.174920874171787,-1.1890438763631714,6.934255361557007e-06,0.0010000037288086282,0.0010680086470933425,0.00939835575926635,5.305861075719197
1680,-2.4026734424087235,-2.4026834694844372,-2.4055472409950114,1.0041555143752188e-05,1.0,0.0010000028590372992,0.001042821022840041,0.00567287480994567,1.7872779256892655,-1.2532039476765526,-1.2532083716657427,-1.2553348253170649,4.423078563478258e-06,0.001000004031488465,0.0010808469184363882,0.009133554997646974,5.161695861816406
1681,-2.36849493575546,-2.368503505328916,-2.367056462000001,8.58145221224371e-06,1.0,0.0010000038277006374,0.0010847512562319917,0.010437183024994325,2.039910177014909,-1.2811903125709958,-1.2811971260441675,-1.2834147009584638,6.809665097130669e-06,0.0010000042617321014,0.0010884863324463368,0.012167930183932186,5.167006471421984
1682,-2.4010372341803783,-2.401043563518884,-2.4017194576983183,6.346629475647549e-06,1.0,0.0010000034806511874,0.0010549180442467332,0.006730920222218869,1.799237793346621,-1.264770953522788,-1.2647746470239427,-1.2674969424804052,3.694163428412543e-06,0.001000004269493123,0.0010819389070901605,0.009280582463058332,5.204064570532904
1683,-2.394145241323507,-2.3941538648785285,-2.3938076541108906,8.630091851612307e-06,1.0,0.0010000037332504707,0.0010584081712020736,0.0066332781845528,1.8513371629535027,-1.2425165792306265,-1.2425231516361237,-1.2508657508426242,6.559822294447157e-06,0.0010000039590522646,0.0010726728968115317,0.008708507055416703,5.264753023783366
1684,-2.4156992210532136,-2.415706787469252,-2.4153784760889017,7.5651508457255814e-06,1.0,0.001000003309322978,0.001039606139046263,0.005345211882706521,1.7241696119308472,-1.2559867130385507,-1.2559914138582018,-1.2612432284487618,4.7053727838728166e-06,0.0010000041737738582,0.0010606225761067537,0.007762399359813167,5.132525825500489
1685,-2.428167091225678,-2.4281710003906825,-2.4324797594322347,3.913944622255721e-06,1.0,0.0010000030633132413,0.0010301371342238952,0.004328522809236398,1.5774994863654084,-1.2079702840911015,-1.2079729517300923,-1.2048926764064365,2.67310274971856e-06,0.0010000042669061158,0.001061131678418153,0.007102802134532895,5.214784155951606
1686,-2.385379912718287,-2.3853873531773404,-2.3847139556452914,7.431251260469544e-06,1.0,0.001000004154981448,0.0010738489152160736,0.006401725036513833,1.9182059135077134,-1.22943542069859,-1.2294446620676251,-1.240475733578205,9.247412284215292e-06,0.001000004595456024,0.0010929657405035363,0.010385256387396818,5.2402972221374515
1687,-2.369419961605432,-2.369431000835491,-2.3698973025915757,1.1040565540205757e-05,1.0,0.0010000044097772465,0.0010670604830045464,0.007953164844228974,2.032024437526487,-1.2092750608921048,-1.2092798358864254,-1.203277673655086,4.768123229344686e-06,0.0010000041841218869,0.001092197065655556,0.009824174608931773,5.337458578745524
1688,-2.3961395565068946,-2.396147017209035,-2.395390105697344,7.466536085560637e-06,1.0,0.0010000036761410676,0.0010728649114135583,0.007763955597150719,1.8581004997469344,-1.2055528289741941,-1.205558227168189,-1.209310217719111,5.3950481944613985e-06,0.0010000039202471575,0.001067229003335039,0.00743939445561005,5.2738744735717775
1689,-2.3646167089354315,-2.364626225435509,-2.3623754775749064,9.501880069948592e-06,1.0,0.0010000041066581067,0.0011051000021222346,0.012643781055713881,2.0991496882348692,-1.2318969355689153,-1.2319102538956537,-1.2333509769704607,1.3323293791876898e-05,0.0010000047636114888,0.0014627823890704247,0.03467974648293522,5.6422528849707705
1690,-2.351478009853723,-2.35149026816746,-2.3526229161136554,1.224320171014318e-05,1.0,0.0010000046711625917,0.0011300016655850242,0.011755681798775803,2.1041434710880496,-1.1435001797146265,-1.1435136920875972,-1.142637386918068,1.3507488701078626e-05,0.0010000038348759214,0.0012955563556816842,0.020270955014146035,5.5576704608069525
1691,-2.376318427751649,-2.3763284413319714,-2.378124821860835,1.0010698493921532e-05,1.0,0.0010000033840045052,0.001075023205353404,0.008305796198019723,1.97487595621145,-1.201867279079225,-1.2018709606594509,-1.2201607460776964,3.6839809682634143e-06,0.0010000037288086282,0.001147100725211203,0.011604078716805412,5.293784989251032
1692,-2.401509408680898,-2.401516617469068,-2.4007986154196397,7.206679515118869e-06,1.0,0.0010000036014595403,0.0014925764979056592,0.025837683606506238,1.8140196980170484,-1.214313789871004,-1.2143243584367964,-1.2129743039608,1.0568234655592176e-05,0.0010000034804559417,0.001091568345307476,0.00938798776931233,5.291161722607083
1693,-2.311011439224459,-2.3110335244322724,-2.3053775485956445,2.2090760604390557e-05,1.0,0.001000004372436483,0.0013267232658657824,0.025278066025765718,2.4792026393818407,-1.2223080085383522,-1.2223356988694933,-1.2313358267148335,2.7691241767671373e-05,0.0010000040133794148,0.0016235772830744584,0.0310334538627002,5.551426548428006
1694,-2.381504882056758,-2.3815142658521546,-2.3765352087200813,9.387801840620221e-06,1.0,0.001000003375218443,0.0010658208113866596,0.0077189706257140295,1.988795795530643,-1.2157928715149562,-1.2157982250054677,-1.2184955328702927,5.350427495108711e-06,0.0010000038892030716,0.001374881318770349,0.02206798499294867,5.3832086933983705
1695,-2.3920662852953063,-2.392072223267465,-2.3904517731576598,5.942892353489714e-06,1.0,0.0010000032016937181,0.0010761938536680252,0.009586961790567861,1.8986511522868894,-1.205988177657127,-1.205993221203486,-1.203564490419295,5.044125848346286e-06,0.001000003775374757,0.0012539466041036778,0.017098411853011284,5.34410850207011
1696,-2.3740211567788756,-2.3740277920129165,-2.379238101671327,6.63769413840096e-06,1.0,0.0010000032280519041,0.0010537453136354122,0.007359127259268513,1.9792028980435066,-1.2284049650033315,-1.2284118519888985,-1.236573285692268,6.891787052154541e-06,0.001000003878855043,0.001220271306940251,0.01443206640995211,5.262210257848104
1697,-2.3744748943256884,-2.374483823776245,-2.371525872428462,8.93922065788845e-06,1.0,0.001000003496026796,0.0010441953166967855,0.005847722520384024,1.9880094888075344,-1.260426070955065,-1.2604332463608847,-1.273571805987093,7.175736957126193e-06,0.0010000051102704473,0.0012325740988469785,0.014437413456228872,5.322574737336901
1698,-2.390036992306979,-2.390046493062433,-2.3871700493794568,9.51839786655498e-06,1.0,0.0010000041571779634,0.0010651323707106541,0.008432147277624539,1.9345374579699535,-1.2208822856346766,-1.220894268155098,-1.2288269533051386,1.1981775363286337e-05,0.0010000041841218869,0.0012118196684039301,0.015326778096560802,5.330814165539211
1699,-2.380414476934469,-2.3804235998189673,-2.3839520350942074,9.13504440829439e-06,1.0,0.0010000039177577732,0.0013066937549496597,0.027718585489739506,1.9393739677825064,-1.273431439532174,-1.2734628763463762,-1.2823985192510816,3.1438055965635514e-05,0.0010000046730662385,0.001233458423262669,0.015531442068620688,5.262191926108467
1700,-2.411984290716783,-2.4119968189383454,-2.411359683522638,1.2543263300409856e-05,1.0,0.0010000033927905672,0.0010448673384193822,0.006048905786197141,1.7645403079266817,-1.179527067475849,-1.1795362472534179,-1.185379940023025,9.189297755559285e-06,0.0010000042048179442,0.0011546278450017173,0.011607955111604598,5.375047731399536
1701,-2.330445923895206,-2.330461954170803,-2.3319324030066437,1.601931059135581e-05,1.0,0.0010000046799486539,0.001660263960970179,0.04100589947950727,2.3691115199394948,-1.2041270520952014,-1.204170239633984,-1.2212333584825197,4.3183813492457075e-05,0.0010000050792263614,0.0011648710273827116,0.015501341958426767,5.5788260777791345
1702,-2.365666726850114,-2.365679381028661,-2.366920241769755,1.2642088926063394e-05,1.0,0.0010000043241131418,0.001073348529215129,0.0077298789039113615,2.065959831453719,-1.2581913848718005,-1.2581984281539917,-1.2680372214979596,7.0427854855855305e-06,0.001000004696349303,0.0011599820547012819,0.014831251521698303,5.227092896567451
1703,-2.3832086167245543,-2.3832196829453953,-2.3847816395309738,1.1061230358087792e-05,1.0,0.0010000041154441686,0.001080098785987159,0.009002262735212187,1.9146250756281726,-1.278453450070487,-1.2784669227070278,-1.2911509023772345,1.347677575217353e-05,0.0010000043160592516,0.001113647584699922,0.010617303483498593,5.146600272920396
1704,-2.391160695057995,-2.3911736101474403,-2.394285687860453,1.290440559387207e-05,1.0,0.0010000041571779634,0.001073502768533972,0.010129160770513821,1.848812886004178,-1.2774723582797582,-1.277482549349467,-1.2806968026691012,1.0187509987089369e-05,0.0010000042099919584,0.0011447746151437362,0.012568621813423103,5.155338663525053
1705,-2.3919609807572275,-2.3919705309957826,-2.389739360449449,9.55452615360044e-06,1.0,0.0010000039990288468,0.0010586406504032465,0.007041789635242718,1.884033277349652,-1.2586486332946356,-1.2586569395330218,-1.2672110401921801,8.303092585669623e-06,0.0010000043600383731,0.0011149691495423515,0.010613184404145512,5.15281621085273
1706,-2.3775202530734942,-2.377533995880271,-2.3823143153820396,1.3750397934103912e-05,1.0,0.001000004772202305,0.0022860136682624523,0.03868342418320266,2.144962229818668,-1.2059821526209515,-1.2059913360410266,-1.2108348098066117,9.19236077202691e-06,0.0010000044505836234,0.0011564837225402395,0.014141403490470515,5.262989600499471
1707,-2.3604582233249016,-2.3604716478653676,-2.3603300384755403,1.344098797384298e-05,1.0,0.0010000042494316146,0.002454297797192099,0.041331195085801464,2.0176630807372757,-0.9186228048573766,-0.9186385692097246,-0.8943191640906863,1.575822631518046e-05,0.0010000041479037867,0.0012220545102738672,0.019847843141501977,5.987825436062283
1708,-2.245264622400392,-2.2453995673161633,-2.2572937079195707,0.00013494273682810226,1.0,0.001000006013233566,0.0017717078960729094,0.07417709689657644,2.725641702705959,-1.206403136253357,-1.2065211832523346,-1.2097957324650552,0.00011804766125149197,0.0010000036486114065,0.001254266526343094,0.027518223598599435,5.623735978868273
1709,-2.377147413649649,-2.3772012692577436,-2.37844828839572,5.384597857043428e-05,1.0,0.0010000032478205438,0.0010935850111978515,0.012768750606139875,1.9555082276182354,-1.2848484098911284,-1.2848959227403005,-1.2903290705548391,4.7512186898125545e-05,0.0010000031751890978,0.0011493128983096944,0.01520203600327174,5.2403232256571455
1710,-2.371230084941072,-2.371266909365384,-2.3696721679759474,3.681563824977515e-05,1.0,0.0010000032873578228,0.0010680478386897241,0.009322253569855162,2.036140450891459,-1.244536758793725,-1.244566869073444,-1.251812066965633,3.011061085595025e-05,0.0010000041090986794,0.0011505368527852827,0.015326209562934108,5.374010547002156
1711,-2.362780321319148,-2.362804761472738,-2.3616479792684877,2.44502048447447e-05,1.0,0.0010000044449214947,0.0013075483510411293,0.03547015878424611,2.1000701953779974,-1.220825601948632,-1.2208386487430996,-1.2128324134482278,1.3053003284666273e-05,0.0010000040030313862,0.001155588431801233,0.01684545002774232,5.4101115650600855
1712,-2.41755581351946,-2.41756435160367,-2.4174265276710942,8.546729695122198e-06,1.0,0.0010000031336017375,0.0010506488308134787,0.006530521349665129,1.6900468277481366,-1.2401602109273273,-1.2401661899354723,-1.2419058832857344,5.977104107538859e-06,0.0010000036796554922,0.001110710400260157,0.01121663919960459,5.235717466142442
1713,-2.352160393067126,-2.352173645541353,-2.3482250964866496,1.3247132301330566e-05,1.0,0.0010000037310539552,0.0017601033136740607,0.046919709038569256,2.293702332478649,-1.2864314099152883,-1.2864493045541976,-1.2924462609820895,1.7898033062616982e-05,0.0010000042565580871,0.001898740979635881,0.06226048967283633,5.5100227938758
1714,-2.3695344227664874,-2.3695646299506135,-2.371865783097609,3.0211823166541335e-05,1.0,0.0010000025361495198,0.002011843717586741,0.05204737180281641,2.069358805440507,-1.2227916359901427,-1.2228431926833259,-1.222533620066113,5.1556196477678086e-05,0.0010000028181821109,0.001204544466195835,0.01635175888788783,5.320565631654527
1715,-2.410883071287623,-2.4108979567041935,-2.408697191274391,1.488133983791999e-05,1.0,0.0010000028260895666,0.001047145632394361,0.005754473083213253,1.747426561589511,-1.2199741880098982,-1.219985717203882,-1.221623534626431,1.1529193984137641e-05,0.001000003705525564,0.0011570308435087404,0.013901941240247753,5.237693230311076
1716,-2.3923870077672995,-2.3923956358207845,-2.3907942097142056,8.628545504695964e-06,1.0,0.0010000034762581564,0.0010456456956541482,0.005952100908682453,1.903075265434553,-1.1973952180809446,-1.1973999619483948,-1.1975215217926436,4.74146670765347e-06,0.0010000041556648082,0.0011281018662783835,0.013313567384870516,5.36414394378662
1717,-2.4108349062361807,-2.4108399175248056,-2.4082720639570705,5.000042465497863e-06,1.0,0.001000003496026796,0.001053562919380811,0.007092293828532522,1.774811843656144,-1.2695979972680411,-1.2696042723125882,-1.261690941121843,6.277279721366035e-06,0.0010000039073121217,0.0011109566160788138,0.01177851024808155,5.1439766830868185
1718,-2.3519986527708343,-2.352004164232398,-2.3528054061363326,5.522145415252109e-06,1.0,0.0010000039594915678,0.0010767356505758077,0.008897990546241965,1.9458550597136874,-1.0693443838093017,-1.069353823363781,-1.0600875368962686,9.441044595506456e-06,0.0010000058294584353,0.0012811470000694196,0.019128823696842625,5.894050682915582
1719,-2.320697546005249,-2.3207239699813553,-2.3126965153892085,2.6407177155872562e-05,1.0,0.001000004354864359,0.001209484235348426,0.024277280273689132,2.3621322388918893,-1.2584930155012344,-1.2585117747386296,-1.2769296358029048,1.876511507564121e-05,0.0010000032010591693,0.0012856014047024978,0.017635677384936974,5.39998198085361
1720,-2.3611822218265175,-2.361217390816167,-2.363135864149849,3.5170535996275125e-05,1.0,0.001000002593258923,0.001311474962968309,0.04148100019775261,2.00308669962973,-1.270241756571664,-1.270268248849445,-1.2841111949127582,2.6490953233506945e-05,0.0010000036356763707,0.0011733241172300446,0.01344839391660773,5.326825708813137
1721,-2.3618369124970346,-2.361865169597122,-2.3592445265572026,2.827382874938677e-05,1.0,0.001000003482847703,0.0011189865313013488,0.011693649512346624,2.1257809647973978,-1.2480757428540126,-1.2480959879027473,-1.2620966896414756,2.0248442888259886e-05,0.0010000038866160644,0.0011986938331069218,0.01504348811124348,5.340472735299004
1722,-2.3519214391708374,-2.3519391991057486,-2.3516601099158234,1.7767315203288815e-05,1.0,0.0010000036366037883,0.001147671172149339,0.014518956688918033,2.1722946729300157,-1.2549376322163475,-1.2549520393212636,-1.251827511522505,1.441745294464959e-05,0.0010000038814420502,0.0011832805091722145,0.01598368026316166,5.3682122601403135
1723,-2.395241035605377,-2.3952493442679352,-2.3998654743410506,8.298541015049196e-06,1.0,0.0010000030896714274,0.0010758162023640186,0.007580499182332237,1.825227879128366,-1.2592236783769395,-1.259230934911304,-1.2633378658029768,7.257196638319228e-06,0.0010000036796554922,0.0011353975756921702,0.01188257910673403,5.2814889854855
1724,-2.391929997588104,-2.391937033185419,-2.394386554664036,7.045015973864861e-06,1.0,0.0010000032741787298,0.0016055053807267883,0.02503250265616994,1.8886188538569324,-1.261974509557088,-1.2619788653320736,-1.2773477107286453,4.3531258900960285e-06,0.001000003420954777,0.0011099426541477443,0.01078594759779258,5.1887900087568495
1725,-2.40903066239267,-2.40904064898221,-2.411930781490398,9.991369157467248e-06,1.0,0.001000002837072144,0.0010602444779338701,0.006951564180506569,1.7411031812991735,-1.1848038534323377,-1.184809617863761,-1.184314404759142,5.765838755501641e-06,0.0010000032269292408,0.0010898136870107716,0.009209963102411066,5.3501936594645185
1726,-2.4075593835902662,-2.407566839793943,-2.412680612420136,7.452759540305948e-06,1.0,0.001000003170942501,0.0010721354991338164,0.010063064491095126,1.7334099805579994,-1.287914678785536,-1.2879222333431244,-1.2971843842003081,7.551411787668864e-06,0.0010000039616392719,0.0011387700654773248,0.012273061531595885,5.134873369004992
1727,-2.4052323710243657,-2.4052403782898524,-2.4052816292025008,8.018863088679763e-06,1.0,0.001000003175335532,0.0011111031580751515,0.008925126254874861,1.7903375085794702,-1.2130049132638507,-1.2130118845237625,-1.199323788533608,6.965878936979506e-06,0.0010000032838433982,0.0010857863636273477,0.009094720887434151,5.20443165037367
1728,-2.422486426695338,-2.422492301689004,-2.423984172209254,5.881460207813191e-06,1.0,0.0010000028524477526,0.0010318248598607926,0.004546921818851019,1.6427099839696344,-1.2391713387436336,-1.2391764659020637,-1.2433587989045514,5.128979682922363e-06,0.0010000038348759214,0.0010934064087147514,0.010137647079924742,5.160841920640733
1729,-2.428897722712103,-2.4289012720000067,-2.430012478018707,3.524757218810747e-06,1.0,0.0010000031555668924,0.001028324457605914,0.004249877151418125,1.6001596990621314,-1.2112716787391238,-1.2112777494721942,-1.2129902707205877,6.058812141418457e-06,0.001000003777961764,0.0010817664959985348,0.008726295171719458,5.139963287777371
1730,-2.373537117580198,-2.373542862118415,-2.3752342822416774,5.746295429625601e-06,1.0,0.0010000043394887503,0.0010503000087754906,0.0061536070842401315,1.9156897877747159,-1.2164667103025648,-1.2164779576990339,-1.2287227441867192,1.1253688070509168e-05,0.00100000553453962,0.0012054392679904898,0.018017475948565537,5.473581075668335
1731,-2.3878734156770527,-2.387881967256654,-2.3848749331708223,8.562193164285623e-06,1.0,0.0010000047524336656,0.0011630055938302627,0.01851643091243393,1.9395227117358513,-1.2465572734673818,-1.2465664717886182,-1.2686576323376761,9.20047362645467e-06,0.0010000041789478727,0.0011490054739018282,0.013701905041105217,5.243941248787774
1732,-2.368326868651048,-2.368339142709408,-2.371890068054199,1.2271106243133545e-05,1.0,0.0010000042428420682,0.00108243855823464,0.009033983915973947,1.9979034077446416,-1.252732461028629,-1.2527394904030693,-1.2535460413744053,7.030036714341905e-06,0.0010000036615464422,0.001165056971108748,0.014527686253293521,5.138205618328519
1733,-2.4060947445203675,-2.4061062538398885,-2.40202212108756,1.1514450581568593e-05,1.0,0.0010000031511738616,0.0010611855508408175,0.00741844450536553,1.7682088950894914,-1.3097149193286897,-1.3097263230217828,-1.3244347323973973,1.1395000749164157e-05,0.0010000038115928571,0.0011637032471804155,0.014573710507506298,5.09115727212694
1734,-2.3793770907060154,-2.3793870727970914,-2.38719457725309,9.974289052891282e-06,1.0,0.0010000035729048388,0.0011021648643468067,0.010829482438429346,1.8252738219387126,-1.2821224888165792,-1.2821396244896783,-1.2940226362811194,1.713749435212877e-05,0.0010000037003515495,0.0012244445530490743,0.0177308240155172,5.268388223648072
1735,-2.36768764819739,-2.367701438238036,-2.370606408928925,1.3788142856561913e-05,1.0,0.0010000034213452687,0.0013411745279675947,0.028087326971251728,2.0467240652948058,-1.3130116754108003,-1.3130282620588938,-1.315209807621108,1.6601797607209947e-05,0.0010000035063260132,0.0011204539203188485,0.011841468401770625,5.100900533464219
1736,-2.394148979546889,-2.3941607925127135,-2.3942692279815674,1.1798626971694659e-05,1.0,0.001000003456489517,0.0010643330543249282,0.007422879751209381,1.8301980652899112,-1.1862197948826685,-1.1862294594446818,-1.191507973604732,9.659263822767469e-06,0.0010000041065116724,0.0011863928210611144,0.014684148696768614,5.526945368448893
1737,-2.401355617451218,-2.4013659414255395,-2.400201527577526,1.0324044609969517e-05,1.0,0.0010000037046957691,0.0010538827496106332,0.007272575944574234,1.831329622358646,-1.233080412281884,-1.2330889701843262,-1.2373989245129957,8.561379379696317e-06,0.0010000038193538785,0.0011421910176674524,0.011837145054919852,5.3162605020735
1738,-2.404247517855662,-2.404255340684135,-2.4005419623177007,7.838362230444855e-06,1.0,0.0010000034477034548,0.0010392997251331526,0.005517155435024145,1.827786902211747,-1.2143974317444695,-1.2144048107994927,-1.2260394647717476,7.378723886277941e-06,0.0010000045049107736,0.001119177884215282,0.01096604679348982,5.389069758521186
1739,-2.4017621346239775,-2.4017847753920645,-2.400718776684887,2.264027606766179e-05,1.0,0.001000003851862308,0.0010898359919423765,0.009562706563815053,1.842751458006085,-1.2377451891700424,-1.2377992817925083,-1.248474022663302,5.409858293003506e-05,0.001000003796070814,0.001104019582271576,0.010067635440888505,5.245574839909872
1740,-2.377477097061445,-2.37750399787471,-2.378307913834194,2.6899618360231506e-05,1.0,0.0010000039199542887,0.00106125857399882,0.00820933142896601,1.931125262998185,-1.231919511159261,-1.2319358825683593,-1.2353273631797896,1.6374637683232627e-05,0.0010000046083910598,0.001255142810340557,0.019968968821275565,5.288764444986979
1741,-2.2686141763093337,-2.2686701473200097,-2.2673386762726984,5.596833971311461e-05,1.0,0.0010000045020308978,0.0018033859570387681,0.05499750007611682,2.6324167296571552,-1.2871791687276626,-1.287228230635325,-1.301576140522957,4.906968937979804e-05,0.0010000030303166972,0.0013703757871149315,0.022534240342469678,5.412883430057101
1742,-2.2629648469529062,-2.263020004866258,-2.2523191087650805,5.516662912548713e-05,1.0,0.0010000024395028376,0.0016578346499646047,0.06023422899251839,2.7168237038378447,-1.373289387755924,-1.3733276704947153,-1.3914493461449942,3.8277026679780746e-05,0.0010000029371844397,0.0014214784708908863,0.02975537008347197,5.257967710494994
1743,-2.382717141565287,-2.3827342042383157,-2.3853034928159893,1.706499254928445e-05,1.0,0.0010000023143014536,0.001068447800001727,0.007964782816586349,1.9407499893656317,-1.3080376764138537,-1.3080452885892657,-1.3172682106494904,7.612920469707913e-06,0.0010000030329037045,0.0013138306689345174,0.023685629231234392,5.2778532399071585
1744,-2.404643477133985,-2.404651736313442,-2.4033407310269914,8.242099352602688e-06,1.0,0.0010000028963780628,0.001109573783634125,0.010824382902597482,1.7883977035306535,-1.2651841034491857,-1.2651910967297024,-1.2643444261617132,6.992866595586141e-06,0.0010000027742029893,0.001139998792981108,0.012408882966782483,5.19234103626675
1745,-2.36962876229916,-2.3696390525350033,-2.3680720891592637,1.028081718480812e-05,1.0,0.0010000029073606402,0.0017820072254904036,0.04653995790307955,2.055137040480128,-1.2619980381594764,-1.2620111611154345,-1.277598356441336,1.3112111224068535e-05,0.0010000031441450119,0.001114442887612515,0.010474060191255477,5.270409388012357
1746,-2.359751528164126,-2.3597635817977616,-2.360905244665326,1.2063122582885455e-05,1.0,0.0010000029381118573,0.0010507358435787402,0.006347140639950082,2.0791941768718214,-1.2627109971311357,-1.2627223736710018,-1.2636242954681316,1.1371821165084839e-05,0.0010000039409432146,0.001134802871901128,0.012886612766629292,5.30735904375712
1747,-2.356729878569549,-2.356743239006906,-2.3556531937617176,1.3357977259833857e-05,1.0,0.0010000038496657925,0.0017797474503376573,0.0355560315052434,2.1930346713875823,-1.194092716442214,-1.1941175993945863,-1.214386483364635,2.488659487830268e-05,0.0010000042074049512,0.0011781636159867049,0.0246875551270528,5.474932310316297
1748,-2.372421822457943,-2.372435880157183,-2.3709252330492125,1.4062267991731752e-05,1.0,0.0010000032675891834,0.0024679213814999697,0.038700255205116746,2.1497132958106273,-1.2432320707374147,-1.2432625346713595,-1.2626395317725838,3.0456897285249497e-05,0.0010000032191682193,0.0011046226110516322,0.01318970929003424,5.244114753935074
1749,-2.3788065955323994,-2.378819726548105,-2.3806457204638787,1.3136217054331078e-05,1.0,0.0010000032588031213,0.001056751631692333,0.006585627939235771,1.9651787505959564,-1.2313711146513624,-1.23138407336341,-1.2350713040420993,1.296293404367235e-05,0.001000003332996534,0.0011026233745117982,0.012863953463319274,5.392478116353354
1750,-2.3696236273027815,-2.3696359575919383,-2.3678961947279156,1.2337458583543886e-05,1.0,0.0010000037200713777,0.0011350626965000662,0.012147516679932486,2.026365561305352,-1.2444684214062158,-1.2444759216573504,-1.2532133839196629,7.501575681898329e-06,0.0010000040547715294,0.0011005064653646615,0.011920425003497964,5.363251150978935
1751,-2.359586351322678,-2.3595976514636345,-2.3559159287866556,1.1302601054029645e-05,1.0,0.0010000044756727118,0.0011241151226403297,0.017711015356669448,2.0950693769275017,-1.3087613324324292,-1.308766673008601,-1.3238166886899205,5.347695615556505e-06,0.0010000039124861359,0.0010975796806936462,0.014006866186132862,5.161361832088895
1752,-2.404098735665375,-2.4041063875522255,-2.40799022620579,7.66200839348559e-06,1.0,0.001000002949094435,0.00106533071166783,0.008737580057778308,1.762976367518587,-1.2528295358022057,-1.252834364771843,-1.25607003726893,4.835261238945855e-06,0.001000003351105584,0.0010835798586615259,0.011401404631841514,5.310684574974909
1753,-2.3517355109160802,-2.3517488488611185,-2.357805908850904,1.3337663884432811e-05,1.0,0.0010000036080490867,0.0012905651215850463,0.017590077363288485,2.0609922004195877,-1.2572856055365667,-1.2573010192977057,-1.2497045543458727,1.5416327450010513e-05,0.0010000035632401704,0.0011056964880683355,0.011606261048776408,5.234967851638794
1754,-2.371968820409955,-2.3719783391592637,-2.369784465375936,9.513196517836372e-06,1.0,0.0010000039331333817,0.001446402462568345,0.025316323127316416,2.072409897480371,-1.272398015525606,-1.2724108901288775,-1.281725522213512,1.2869967354668511e-05,0.0010000035580661562,0.0011229193691785137,0.012840877080129253,5.175705263349745
1755,-2.381192796635178,-2.381204112520758,-2.38071072101593,1.131138711605432e-05,1.0,0.0010000032851613075,0.0011775819606692443,0.014743725079515914,1.9400857012226898,-1.2491270058684878,-1.249135947889752,-1.24958242956135,8.943345811631945e-06,0.001000003964226279,0.0011715892055589293,0.015826294255546398,5.282639694213867
1756,-2.40815410074198,-2.4081652839228793,-2.4107330790105856,1.1189295998159445e-05,1.0,0.0010000030325620242,0.0010585341984757557,0.007464226260605567,1.7591763487402,-1.275518110063341,-1.2755550775263045,-1.2851832379897437,3.6968953079647487e-05,0.0010000033485185768,0.001099373583888842,0.009954652301449743,5.127116796705459
1757,-2.3545553346849837,-2.3545880205226393,-2.351489831816475,3.265933889263081e-05,1.0,0.001000003144584315,0.0011195678479161183,0.010391080760801176,2.052812969909524,-1.3151103244887459,-1.3151322523752849,-1.3252328005101945,2.1925651364856296e-05,0.0010000036822424994,0.0014067164648117292,0.03004894816937546,5.33697248035007
1758,-2.36654146999683,-2.366558943716985,-2.36332236202258,1.7472806404221733e-05,1.0,0.001000003118226129,0.002169452067288869,0.02950012097398768,2.331614354871354,-1.3756130966875288,-1.3756506145000458,-1.396150952577591,3.7520213259590996e-05,0.0010000048800268106,0.0015552116480345528,0.03490310146783789,5.416256385379367
1759,-2.334042382690142,-2.334212064743042,-2.3308667889181174,0.0001696833180931379,1.0,0.0010000023648213104,0.0014173535318201724,0.03259094104276232,2.235209341319102,-1.2146447863843706,-1.2146866510311762,-1.2276398061050309,4.186398453182644e-05,0.0010000027509199248,0.001248322334140539,0.017455649233630133,5.500584549374051
1760,-2.3820106240938292,-2.382084758776539,-2.38405715294604,7.413074655352898e-05,1.0,0.0010000024482888995,0.002262585172605402,0.038466089229398176,1.9383754325362872,-1.2741548584567177,-1.2741806593206193,-1.2811918076541688,2.5806989934709336e-05,0.0010000023706298736,0.001119255559105012,0.011639986440746321,5.219951587253147
1761,-2.404943956519073,-2.404965895526814,-2.4094228294660462,2.1937320817191647e-05,1.0,0.0010000020089857983,0.0010645158307732276,0.00835001465363674,1.762410559744205,-1.2781192375553978,-1.2781270484129588,-1.2839334247840775,7.811437050501506e-06,0.001000002838878168,0.0011303807401822673,0.012474945880886582,5.152947923872206
1762,-2.314194784974152,-2.3142292701973104,-2.3142135896772706,3.4484239119403766e-05,1.0,0.0010000031006540048,0.001155060103145551,0.012079817513091807,2.2636505365371704,-1.251616914404763,-1.2516381449169582,-1.2616902781857384,2.122637298372057e-05,0.001000003573588199,0.0012810157146304845,0.021344373724423348,5.455660184224446
1763,-2.3650330552514993,-2.365054225021938,-2.3659249206758894,2.1169208130746517e-05,1.0,0.001000002757997586,0.001175243653497606,0.025271974064690887,2.0640514549219384,-1.2950372238953909,-1.2950483878453574,-1.3043392403258218,1.1171648899714152e-05,0.0010000034157807629,0.0011853311133260527,0.016781354059154787,5.215005169974432
1764,-2.4013127066054434,-2.4013211547203785,-2.404621565117026,8.452051090744306e-06,1.0,0.0010000023055153917,0.001054530053944239,0.006772066426973017,1.7496288475000634,-1.2978219787279768,-1.2978290498256684,-1.3080170324693123,7.0693592230478925e-06,0.0010000033200614983,0.0011301211366016005,0.01321676723503818,5.173299800025092
1765,-2.4134497372609265,-2.4134567053812854,-2.4101498936707118,6.964184203237858e-06,1.0,0.0010000023230875158,0.0010933130672025793,0.011777476464696932,1.756733678421884,-1.2573394050200781,-1.257347114218606,-1.2689656768408086,7.707791195975409e-06,0.0010000029734025398,0.0010916885893998873,0.009909517695713374,5.169197654724121
1766,-2.4245930887618155,-2.4245976367086732,-2.424324966826529,4.5418317587870474e-06,1.0,0.0010000023999655583,0.0010346828604046747,0.004540489731743088,1.632033741699075,-1.2506593618128037,-1.250664802392324,-1.252357740037971,5.430645412868924e-06,0.0010000033148874839,0.0010970391824634538,0.010160558538821836,5.161913622750176
1767,-2.3994376434470124,-2.3994434779545046,-2.4013251493561945,5.84666740219548e-06,1.0,0.0010000031160296134,0.0010497515344605694,0.0063673934288639225,1.7963545412387487,-1.2768211219045853,-1.2768258028560215,-1.2817964530653423,4.680703083674113e-06,0.0010000038529849715,0.0011208933105485307,0.012476599537250069,5.134563933478461
1768,-2.377363884224082,-2.377373515434985,-2.3792949330131963,9.625166092278823e-06,1.0,0.0010000031973006872,0.0010927349003910455,0.010435305674173782,1.9711518422612604,-1.1715514308876465,-1.1715576569239299,-1.1753890382332934,6.229596005545722e-06,0.0010000041789478727,0.001076136832125485,0.00861800244440221,5.486932531992594
1769,-2.3740551044356146,-2.374066170656456,-2.3735511392917275,1.1075709788304454e-05,1.0,0.0010000033905940516,0.0015745076970285121,0.031085055393940013,2.0654545752507336,-1.2593031254079605,-1.2593089785840776,-1.2718877262539334,5.85880544450548e-06,0.001000003640850385,0.0010823420223055615,0.009422316583287385,5.144894991980659
1770,-2.4191371719792203,-2.4191424621725983,-2.4186260565271915,5.293286071633393e-06,1.0,0.0010000029161467024,0.0010503976636583793,0.00760173928080443,1.6806441410532538,-1.2428267214033337,-1.2428304808007347,-1.2448548779098525,3.762625985675388e-06,0.0010000036511984137,0.0010720807567445767,0.008701621627228127,5.190452973047892
1771,-2.386128070219508,-2.3861368197315143,-2.3906551037194594,8.74199113755856e-06,1.0,0.0010000033554498037,0.0010655959826489946,0.010683941909656772,1.8850368711183656,-1.2607987297905816,-1.2608094308111402,-1.2735372413363721,1.0698123110665215e-05,0.0010000036615464422,0.0010893865074548456,0.009299013468747338,5.117395687103271
1772,-2.4106162943929994,-2.410626564385756,-2.4064901279953292,1.0273436892707392e-05,1.0,0.001000002891985032,0.0010452497891097698,0.006733609919155122,1.7675338871074173,-1.2825446499718562,-1.282549352116055,-1.2885839773548975,4.699412319395277e-06,0.0010000041660128368,0.0010809359580485358,0.008740851469337941,5.075625043445163
1773,-2.3536023846212424,-2.3536089253875443,-2.3486472210794127,6.560939100553405e-06,1.0,0.001000003913364742,0.0010457582538947463,0.005987309016076461,2.1336759823673175,-1.1585779592808751,-1.1585836278481616,-1.1587480975521935,5.670636892318726e-06,0.0010000048256996604,0.0011236321025838456,0.012032385871538685,5.5228468471103245
1774,-2.321864382275995,-2.321885925418926,-2.31337504116994,2.1530561289697323e-05,1.0,0.001000005657398054,0.0013416902807910206,0.03226030241469589,2.4315731660375057,-1.2527754644552869,-1.2528171824084389,-1.2665991948710547,4.1720022757848103e-05,0.0010000056276718776,0.001132069719541404,0.013498296573137244,5.3871014012230765
1775,-2.3534294186898,-2.353448028834361,-2.3573282462246015,1.861344812051305e-05,1.0,0.0010000042296629751,0.0010856518166069433,0.008671996302305246,2.1190364360809326,-1.2571410874525708,-1.2571484731303322,-1.2656650117701955,7.382945881949531e-06,0.0010000038193538785,0.0010927439925985205,0.010912191091726224,5.3241486072540285
1776,-2.3823345787120314,-2.382341758260187,-2.3865977413249464,7.174627960852857e-06,1.0,0.001000003656372428,0.0010610916651785374,0.007147582520221202,1.9099912935832761,-1.2635045177406736,-1.2635093847910563,-1.2732411053445605,4.869285557005141e-06,0.0010000050740523471,0.0011379729671817686,0.012801977842011385,5.356523757510716
1777,-2.3741594058162763,-2.374173452269356,-2.375236749649048,1.403288740032124e-05,1.0,0.001000003926543835,0.0010908655053496641,0.009485539101626514,1.9664024834362965,-1.1979169958167608,-1.1979269431696997,-1.2047614024745092,9.951492150624594e-06,0.001000003692590528,0.0010887771017021603,0.009391595086910658,5.3012900935279
1778,-2.399379901166232,-2.3993983088799244,-2.3991474115623617,1.8397100129217472e-05,1.0,0.0010000035597257457,0.0010636344042448502,0.006317975282897505,1.830199531789096,-1.251227599051264,-1.2512515760130352,-1.2612583816051484,2.3980852630403307e-05,0.001000004031488465,0.0010824551029751698,0.008314998755748901,5.169627438651191
1779,-2.385870357729354,-2.3858971348348654,-2.384990172566108,2.679643484781373e-05,1.0,0.0010000047546301811,0.0025624137565071854,0.03369118224056262,1.9956120994855773,-1.1934753172927435,-1.193490133020613,-1.1966854366991255,1.4815148380067613e-05,0.001000003247625298,0.0010892322131743034,0.009682241677203112,5.382332987255521
1780,-2.388301579457409,-2.3883115817915717,-2.3855136992796413,9.995727044231487e-06,1.0,0.001000002979845652,0.0011001974893382416,0.012085649988807316,1.9293318357107774,-1.2381195306777955,-1.2381300197707281,-1.2392929702997209,1.0486278269026014e-05,0.0010000040728805793,0.0012338879078419673,0.019635884479309123,5.271861388948229
1781,-2.3067572901271425,-2.306787701147907,-2.3031077649233476,3.0416081536490963e-05,1.0,0.0010000052422566234,0.0012435272208608265,0.02150522735198292,2.299711384863224,-1.2981148898601529,-1.2981428020530277,-1.313118761777878,2.7907888094584146e-05,0.0010000035942842563,0.001318732499041491,0.02508019924474259,5.3222417248619935
1782,-2.3628045905311152,-2.362831547575177,-2.3649569344970414,2.6957606369594357e-05,1.0,0.0010000028282860821,0.001686857677205413,0.04991836814025311,2.088296631597123,-1.263517024781969,-1.2635363578796386,-1.2782756778928968,1.9324239757325914e-05,0.001000002787138025,0.0012303201197129156,0.01847412775322381,5.369337850146823
1783,-2.349844887571515,-2.349858769830668,-2.3492916799941153,1.3883875788382764e-05,1.0,0.001000003109440067,0.0010969412341749049,0.009302104058903906,2.158830698930992,-1.1858581337663858,-1.1858803106678857,-1.194176854689916,2.2167381313112046e-05,0.001000003146732019,0.0011772357263705796,0.015653075308849414,5.487157482571073
1784,-2.3985393362225227,-2.39855535525196,-2.401994304836921,1.6002933371741818e-05,1.0,0.001000002984238683,0.0010558238850449616,0.0069643711398865256,1.8130580839121118,-1.2265559183226693,-1.2265613516171774,-1.2332473928729693,5.426754554112752e-06,0.0010000030199686686,0.001134755056247943,0.01366904453219225,5.338994169235231
1785,-2.412771607345005,-2.41277746884328,-2.4153675358250455,5.864239526244829e-06,1.0,0.0010000031775320476,0.0010445197508231086,0.005393270572278438,1.6975961901106924,-1.2573359933164385,-1.2573413418398962,-1.2617213339855273,5.342645777596368e-06,0.0010000035399571061,0.001114234949151675,0.01078936286115398,5.154010936948989
1786,-2.3382388960640386,-2.3382516559564843,-2.3362587667861074,1.2761087350125583e-05,1.0,0.0010000051675750962,0.0020882976109618846,0.05888992149101676,2.301418216723316,-1.2356909215450287,-1.235709281762441,-1.2512013859219022,1.835574706395467e-05,0.001000003537370099,0.0011604482437380485,0.014240836546135446,5.231252500745985
1787,-2.380344291902938,-2.3803645529836976,-2.377134341113972,2.0271975476786775e-05,1.0,0.0010000033840045052,0.001103113201130533,0.009817608526714568,2.0002370690399744,-1.228205080827077,-1.2282158649630017,-1.231673929757542,1.0789848036236233e-05,0.0010000033718016413,0.0011231842502537701,0.012978360173292458,5.327241913477581
1788,-2.4177262648096622,-2.4177367012455777,-2.418924439628169,1.0444167649970865e-05,1.0,0.0010000028085174425,0.0010436662112555976,0.00588290352058017,1.6830523576376573,-1.2633879674805535,-1.2633939842383066,-1.274198342859745,6.014853715896606e-06,0.0010000032346902622,0.001104803649812109,0.011302227594165338,5.200675789515178
1789,-2.423479048710949,-2.423486736585509,-2.4214793736079954,7.683797827306784e-06,1.0,0.0010000027821592565,0.0010440344790453619,0.0065014272585581494,1.6306700683989614,-1.2966110044055514,-1.2966147634718153,-1.3027365720934339,3.7525263097551135e-06,0.0010000031544930405,0.0010722866100776527,0.008227073308080434,5.005497185389201
1790,-2.4219393550225026,-2.4219449646068067,-2.4213269836497755,5.6057887257270095e-06,1.0,0.0010000031270121909,0.0010559232554064606,0.007236056917188865,1.673902617310578,-1.2313092281421025,-1.2313127739561929,-1.226714132539928,3.5444895426432293e-06,0.001000003180363112,0.0011146427468500203,0.010100448121213251,5.143295918570625
1791,-2.3992448977704317,-2.39925139805056,-2.3998523883099825,6.486925314057548e-06,1.0,0.0010000041242302308,0.0012511334729047034,0.013840590359836395,1.8165667416914455,-1.190209487742848,-1.1902127080493503,-1.1888703744858504,3.2158361540900335e-06,0.0010000034416508344,0.0011403789873131447,0.013086136570200324,5.338182772530449
1792,-2.3719900329157992,-2.3720101950303563,-2.3693493537183077,2.0162114557230246e-05,1.0,0.0010000033686288967,0.0016739180197341825,0.03725123115516496,2.197673705388915,-1.2991506629519993,-1.2992154687643052,-1.3118861138820648,6.480531560050116e-05,0.0010000034442378416,0.0012072328736798632,0.01970245839458787,5.162674024369981
1793,-2.3662476562104136,-2.366280047398693,-2.36905164088843,3.2404543093915255e-05,1.0,0.001000003535564075,0.0013473261683687287,0.029914441949002585,2.0771810153745256,-1.2707827190558116,-1.2708202468024359,-1.274266219470236,3.752791219287449e-05,0.0010000034597598844,0.0011605010367929935,0.015887140756886867,5.229697481791178
1794,-2.390850107624846,-2.390866036685008,-2.393932047879921,1.593348833749879e-05,1.0,0.001000003678337583,0.0018134176322557735,0.033797602878690186,1.890041301835258,-1.2588132719198866,-1.258844182226393,-1.2765987030333943,3.0906664000617136e-05,0.0010000031415580046,0.0010885893884632323,0.01007535833503223,5.1314907709757485
1795,-2.3915385570166245,-2.3915621694528832,-2.3945435353045195,2.3597886539855092e-05,1.0,0.0010000030193829312,0.001037812517200298,0.005054008343063717,1.8663826618554458,-1.1527152456343173,-1.152736478464471,-1.1507881191041736,2.1229518784417046e-05,0.0010000034287157985,0.0011157651250768038,0.012543022159176569,5.526432132720947
1796,-2.3972503509161607,-2.3972617927587256,-2.394969787237779,1.1425113902901703e-05,1.0,0.0010000037200713777,0.0012791088984330308,0.02259920565367518,1.8950871813972041,-1.2749744004673431,-1.2749819073412154,-1.2962658743063609,7.496360275480482e-06,0.0010000041815348797,0.0011542127053770755,0.014719478876536919,5.072481340832181
1797,-2.3945802427687735,-2.3945966756568766,-2.3973653316497803,1.6441955318990744e-05,1.0,0.0010000037310539552,0.0014707221197104961,0.03450616225073079,1.8498050806657322,-1.2497076426943143,-1.2497254926297399,-1.2537972829408115,1.784430609809028e-05,0.0010000032709083623,0.0010967021549327506,0.010470867384639052,5.099897501203747
1798,-2.395198660076789,-2.3952054842463077,-2.3969127951927907,6.828738271065478e-06,1.0,0.0010000033027334314,0.0010568108761085655,0.006973334647416366,1.818570132525462,-1.270326060222255,-1.270332507457998,-1.272432446314229,6.44930534892612e-06,0.0010000038555719787,0.0011301893740892411,0.013141816784627735,5.107598527272542
1799,-2.3596785743281528,-2.3596864376427993,-2.3622013825290606,7.878426673277369e-06,1.0,0.0010000041308197772,0.0012706829924663565,0.021867727663121977,2.1042668054688654,-1.2435967286427814,-1.2436020778285133,-1.25242530339294,5.355063411924574e-06,0.0010000038607459929,0.0012127340279726518,0.019181476678285334,5.258759615156385
1800,-2.389821578871529,-2.3898327755478195,-2.3905293671589978,1.121101514348444e-05,1.0,0.001000003500419827,0.0010409753040393007,0.005016472113740472,1.9164865804168414,-1.2061292661560905,-1.206142703195413,-1.215363175339169,1.3440930181079441e-05,0.0010000037986578213,0.00115629559279316,0.014590987795963883,5.369707160525851
1801,-2.368555057723567,-2.3685641738603698,-2.3683570465951598,9.113254974473198e-06,1.0,0.00100000435925739,0.0011021746630024798,0.009992900642759676,2.016910681184733,-1.1650663634141287,-1.1650711953639985,-1.1626335699525145,4.831287595960829e-06,0.0010000040573585364,0.0012003584325106609,0.02036414408745865,5.662684006161161
1802,-2.3580384659317306,-2.3580553711585277,-2.359866306466876,1.690853035674905e-05,1.0,0.0010000039924393004,0.0014519907165107863,0.027466727908314118,2.134292485579005,-1.2868238349755605,-1.2868572056293488,-1.2977414611313078,3.3373634020487465e-05,0.0010000043936694662,0.00118648289806313,0.01949941601552483,5.233463912540012
1803,-2.397383267024778,-2.3973978330504218,-2.400399104604181,1.456518218202411e-05,1.0,0.0010000035245814976,0.001058903907179692,0.0073400931059435575,1.8073122029034596,-1.2646333999103971,-1.2646391484472486,-1.266898191637463,5.747129519780477e-06,0.0010000037236346138,0.0011057708852200043,0.011644373257230554,5.190734153323703
1804,-2.3490766354326933,-2.349096327457788,-2.3439635420745275,1.9675999317529067e-05,1.0,0.001000004411973762,0.0010907807264406726,0.012576746934462549,2.1714045596572586,-1.1537220199902853,-1.1537291672494676,-1.1719940717435546,7.1538819207085506e-06,0.0010000046782402529,0.0011389098337127102,0.015554621417282356,5.568938562605116
1805,-2.38207745552063,-2.382089821797497,-2.3811060032754576,1.2385817068927693e-05,1.0,0.0010000043834190605,0.0010868553094179282,0.009732188107797279,1.95665701605239,-1.2656618032190534,-1.265669079621633,-1.2627987277487085,7.269779841105143e-06,0.0010000038814420502,0.0010849151061847807,0.010448112623352143,5.200591829087998
1806,-2.412463714491646,-2.412470426199571,-2.4144887474347962,6.729490914434757e-06,1.0,0.0010000033290916174,0.0010667590024652628,0.008040006898501713,1.7207465216798603,-1.2375498629278607,-1.2375624626874924,-1.24175330284569,1.2600587473975287e-05,0.0010000037495046855,0.001086654708099862,0.010286351301086445,5.165217304229738
1807,-2.401970274043533,-2.4019832386160798,-2.401807128258471,1.2952482925271088e-05,1.0,0.001000003821111091,0.0010568761741215327,0.007604867237497051,1.7782203453891683,-1.234725543525484,-1.2347311284806994,-1.2436982424722778,5.585037999682956e-06,0.0010000042332750229,0.0010809067300417358,0.009483829114793075,5.258691750632392
1808,-2.4070780839560166,-2.4070843660606527,-2.4043306179766386,6.278098191855089e-06,1.0,0.0010000041088546222,0.0011104428086359545,0.009814995951634252,1.7552223205566406,-1.2537120815780427,-1.253716935051812,-1.2574264172050689,4.853722121980455e-06,0.0010000035942842563,0.0010823998108713162,0.009530069927374521,5.104613669713339
1809,-2.3471154446871774,-2.347169296921424,-2.3456242927965127,5.383972289427271e-05,1.0,0.0010000034477034548,0.001304739886314942,0.01868184636795085,2.1433891350368284,-1.2440858032968307,-1.2441073367993036,-1.248388486272759,2.1540953053368464e-05,0.0010000035839362277,0.001151495437241263,0.012806239028254316,5.1591876294877785
1810,-2.395324131227889,-2.395361598932518,-2.3954615053140893,3.747150020779304e-05,1.0,0.0010000030325620242,0.0010549534916139717,0.007018459330418341,1.8310016213722948,-1.2113556451267664,-1.211363618572553,-1.2122991436471542,7.969389359156291e-06,0.0010000037003515495,0.0011361569580104617,0.012905408752461274,5.2901560465494795
1811,-2.37537035402262,-2.375393750532618,-2.374011221921669,2.3389340571637423e-05,1.0,0.001000003326895102,0.001322911560254277,0.03312998086670941,1.9827679058290877,-1.18702539006869,-1.1870435622003344,-1.1976726870466439,1.817221442858378e-05,0.0010000034235417843,0.0010954572275901834,0.00978193227460401,5.268622589111328
1812,-2.3734796542041705,-2.3735044227456146,-2.3704243358576074,2.4763832114777477e-05,1.0,0.0010000038848100405,0.0014335837474373995,0.03442664099593629,2.0418864308663136,-1.1765185650851995,-1.1765808449851143,-1.1862469920681582,6.227360831366645e-05,0.0010000032760823765,0.0010817303063554895,0.008770389746253689,5.32252549595303
1813,-2.412150117586244,-2.412168511804545,-2.4142098561772762,1.8402652920417067e-05,1.0,0.0010000028436616907,0.0010376166605021594,0.005135696480173688,1.7219517230987549,-1.2111486560768554,-1.211159844034248,-1.2142970495753818,1.1188454098171658e-05,0.0010000034597598844,0.0010668901752473579,0.007723203834353222,5.1645569218529594
1814,-2.384998877093477,-2.3850152425046236,-2.389461582561709,1.635486787220217e-05,1.0,0.001000003478454672,0.0014618030432963147,0.03092828030777076,1.908183122580906,-1.2223985854122372,-1.2224093682236141,-1.2087749672432742,1.077676812807719e-05,0.001000003433889813,0.0010805509674052397,0.008372450472476582,5.1624840948316795
1815,-2.412032590722138,-2.4120385196973695,-2.4097043028417624,5.947179951757755e-06,1.0,0.0010000032566066057,0.0010430639420794148,0.005865469959318497,1.751344955192422,-1.2523636307981283,-1.2523663626776802,-1.2542745988402102,2.729809946484036e-06,0.0010000034933909773,0.0010670158805118667,0.007598373405117955,5.071372063954671
1816,-2.4134620495562285,-2.4134672587772585,-2.415996591999846,5.206690644318203e-06,1.0,0.0010000031292087064,0.0010437977144424364,0.006634285550494239,1.7200228583137944,-1.2628364092773863,-1.2628396411736806,-1.2643308778603872,3.2298266887664795e-06,0.001000003604632285,0.0010992461582645773,0.009403785866581731,5.08788989384969
1817,-2.3971159143267937,-2.397121438440287,-2.397494945886,5.518841855930832e-06,1.0,0.0010000033686288967,0.0010492777153146716,0.0066224984332637965,1.839416265487671,-1.2242180735700658,-1.2242206351624594,-1.2281530959738625,2.5546385182274714e-06,0.001000003964226279,0.001086441520601511,0.009383638655870325,5.270727390713161
1818,-2.376413493786218,-2.376421222146952,-2.3781974630535774,7.732578043667775e-06,1.0,0.0010000041571779634,0.001051663891148736,0.0064171763303918095,1.9661562307825629,-1.2464565310213302,-1.2464601424005297,-1.2469787020391474,3.607819477717082e-06,0.00100000468082726,0.0011159466398465965,0.01155353167301251,5.2159710513220885
1819,-2.40728508301501,-2.407294232890291,-2.4041496177889266,9.141370372952156e-06,1.0,0.0010000035772978696,0.0010428083533386015,0.005758963652693157,1.7886067921260618,-1.247116517689493,-1.2471224943796793,-1.2495228341884084,5.977104107538859e-06,0.0010000040211404363,0.0010852107053829563,0.008534449716616007,5.1164029492272265
1820,-2.394441289721795,-2.3944492834918902,-2.3961912910893277,8.000798945157033e-06,1.0,0.0010000035794943852,0.0010443977014390083,0.006063436333722663,1.8375394659222297,-1.2281695889102089,-1.2281738605764176,-1.2334370088246134,4.2746464411417644e-06,0.0010000044040174949,0.0010943341094793546,0.00890838891112556,5.173892227808635
1821,-2.330705869872615,-2.3307207732830406,-2.3370688231486194,1.4902777829260196e-05,1.0,0.001000004563533332,0.002514626540876222,0.05097128798578918,2.3110961239292935,-1.2047601034243902,-1.2047845370239683,-1.215969498289956,2.4427639113532173e-05,0.0010000040056183934,0.0010861888243299392,0.009825323436719676,5.208368015289307
1822,-2.4165515179904,-2.4165646220153234,-2.416598670887497,1.3086382510527125e-05,1.0,0.0010000028546442682,0.001044149879577025,0.006506586842730922,1.6788323150490814,-1.2505548692411845,-1.2505696051650577,-1.2526345004638035,1.47393180264367e-05,0.0010000034985649918,0.0010732005686602659,0.008328510256898071,5.1309404902988005
1823,-2.4242580229381345,-2.424264428750524,-2.421900526532587,6.402368253132083e-06,1.0,0.0010000033290916174,0.0012224981152751254,0.016272431448154715,1.6759206101579487,-1.2394821466671098,-1.239491229918268,-1.2365942880511285,9.08126433690389e-06,0.001000003094991876,0.0010502085736435322,0.006690730242472556,5.078420056237115
1824,-2.4442924868385747,-2.444296027129551,-2.4446986126449874,3.5342461657973956e-06,1.0,0.001000002784355772,0.0010254989105786354,0.003965903921404256,1.4794955096154843,-1.2229301785429318,-1.2229323931866223,-1.2195767977171474,2.2114978896247014e-06,0.001000003534783092,0.0010504981502890587,0.006068525872089796,5.141078599294027
1825,-2.4295899058288,-2.429595020582091,-2.4301715616909965,5.101960784984085e-06,1.0,0.0010000033774149586,0.0010359760940531796,0.004965918999657316,1.5715364127788904,-1.122996330861416,-1.1230021318006846,-1.1116445928812027,5.798538525899251e-06,0.0010000034131937556,0.0010544987498886055,0.0063362362328916785,5.320580026838514
1826,-2.341371585737984,-2.341385396021717,-2.3422040332038447,1.3806488154069433e-05,1.0,0.00100000475023715,0.001072928895910253,0.008201281359981535,2.1643987016857795,-1.2856095982922449,-1.285621870888604,-1.2927186341749297,1.2272016869650947e-05,0.0010000054232983126,0.001194276867641343,0.018382672981048623,5.315323554144966
1827,-2.3710950005729243,-2.3711098589987123,-2.3683010092321433,1.4862151078458103e-05,1.0,0.0010000039990288468,0.0010565149241988107,0.007015362535691205,2.0552523653462247,-1.22437382472886,-1.22438236243195,-1.2271121031915149,8.539855480194092e-06,0.0010000042669061158,0.0010940402151188916,0.010244342144061294,5.329035796059502
1828,-2.3712107347992233,-2.371228724155786,-2.369234213289225,1.7983452329095804e-05,1.0,0.001000004181339634,0.0012836722318821077,0.029674755756409384,2.0718596116551815,-1.254308815134896,-1.2543187856674194,-1.2660944123648934,9.971525934007433e-06,0.0010000040237274435,0.0011073397265540228,0.010782452683067984,5.145995616912842
1829,-2.4342539985224887,-2.4342591852512,-2.4342898782694116,5.194671311468448e-06,1.0,0.0010000032280519041,0.001034088116490616,0.0048227355297092555,1.56968898818178,-1.2329740314020052,-1.2329816182454427,-1.230236058620115,7.584194342295328e-06,0.0010000037391566568,0.0010705192599238622,0.008257818749795358,5.112850385242039
1830,-2.4168741703033447,-2.4168793390382013,-2.4174662288629785,5.163674084645397e-06,1.0,0.0010000036058525712,0.0010605183878105203,0.005712604681732801,1.6497078189310037,-1.2452850457694795,-1.2452912088897494,-1.243974145087931,6.159726116392347e-06,0.0010000037495046855,0.0010804154987757405,0.008897661849752896,5.103006712595621
1831,-2.4087428281892023,-2.4087495511432864,-2.407014824309439,6.725484470151505e-06,1.0,0.0010000038386832149,0.0010882081037808984,0.010114962764453353,1.7534979042017236,-1.238970101210806,-1.2389796141121123,-1.246894775496589,9.518613417943318e-06,0.001000004049597515,0.0010934160246203342,0.009235714546715219,5.19637926949395
1832,-2.3854019889291727,-2.3854210354247183,-2.3844943968754895,1.9034476212735445e-05,1.0,0.001000004451511041,0.0013202500072712043,0.0227347454231865,1.9240355986469198,-1.2633773989147608,-1.2634035918447706,-1.2779048153923618,2.619541353649563e-05,0.0010000034675209058,0.0010616706658361686,0.009043886623759236,5.140073574913872
1833,-2.417590766582849,-2.417606515704461,-2.4145784962852046,1.57686618139159e-05,1.0,0.001000003348860257,0.0010338604300862775,0.004952318467779683,1.7174441611991738,-1.2233118653297423,-1.2233280777931212,-1.2256666074196498,1.6209731499354044e-05,0.0010000038219408858,0.0010651103919371962,0.00832771305512223,5.159779485066732
1834,-2.4052917822351993,-2.4053000279192656,-2.409136083890807,8.252994069513284e-06,1.0,0.0010000040956755292,0.0011195821208738774,0.011226462734037271,1.779717688290578,-1.2354659335480798,-1.2354793972439235,-1.248559467991193,1.3458480437596638e-05,0.0010000047092843386,0.0011456865377517211,0.012937777861952781,5.17075015703837
1835,-2.3942036133892133,-2.3942224439584985,-2.392374277114868,1.881475437362239e-05,1.0,0.0010000045393716614,0.00125225614932067,0.023872930672951043,1.8555591488784213,-1.2183203458786014,-1.2183525519238578,-1.2295409891340467,3.220124377144708e-05,0.0010000043005372087,0.0011148328349615136,0.011421783374518983,5.250175995296902
1836,-2.4167883261194767,-2.41679714310844,-2.416300022377158,8.824228678109511e-06,1.0,0.0010000035509396836,0.001033250016230598,0.004629110098148714,1.665616714729453,-1.235506386889352,-1.235511135061582,-1.241691852774885,4.748834504021538e-06,0.0010000040418364936,0.0010807590895435875,0.008400872466154397,5.140949217478434
1837,-2.4140152301428452,-2.4140203673884555,-2.4149310903729133,5.137526764059966e-06,1.0,0.0010000038452727615,0.0010266105231459973,0.004123531508189187,1.728370873433239,-1.2353487630685172,-1.235353292359246,-1.2389981568584012,4.528462886810302e-06,0.0010000045669989453,0.0010662579727876518,0.007824414792574114,5.083473375108507
1838,-2.42125359571205,-2.421261378054349,-2.4231492213483126,7.78128797153257e-06,1.0,0.001000003873827463,0.001028724667124169,0.004214944717702719,1.6288201786437124,-1.1624264935962856,-1.1624313345696362,-1.163420756243997,4.843208524915907e-06,0.0010000039331821932,0.0010678138221717542,0.008049111474408871,5.300930658976238
1839,-2.4039494856348576,-2.4039610196959296,-2.4039883658571064,1.1525415586975385e-05,1.0,0.0010000040187974864,0.0010349836995614307,0.0051960455811635225,1.8017759120689247,-1.1331807201728223,-1.1331947020979392,-1.1398312774797281,1.3988299502266779e-05,0.0010000040366624793,0.0010698858260487518,0.008630031098922094,5.2864450931549065
1840,-2.40349325144066,-2.4035082313249694,-2.4020237202914254,1.4984242196352977e-05,1.0,0.0010000047809883672,0.0010423309978027388,0.006546503980644047,1.7926336954224784,-1.2329713832587004,-1.2329847453782956,-1.2360254704124398,1.336253351635403e-05,0.0010000041763608654,0.0010809008316654298,0.009152371087111533,5.054370053609213
1841,-2.425592139082135,-2.425598963251654,-2.428316062351443,6.828246251592097e-06,1.0,0.001000003994635816,0.0010320929709365064,0.004923620256858895,1.57515379617799,-1.2423012513253424,-1.2423115597830878,-1.2423210519469448,1.0309037235048082e-05,0.0010000046006300384,0.001071490730262465,0.008313014306541947,5.086106464597914
1842,-2.448310676610695,-2.4483149501512633,-2.4505348790366694,4.265527680235089e-06,1.0,0.0010000039616880833,0.0010263523051761232,0.004376058178988971,1.42228146993889,-1.2006928079658086,-1.2006976137558618,-1.2010045999040206,4.804879426956177e-06,0.0010000039228341645,0.0010520563874807623,0.0060136006084374255,5.090167866812812
1843,-2.253331964870669,-2.2533512070493877,-2.249054821032398,1.9248364106664116e-05,1.0,0.001000005448729081,0.0010636843661865536,0.007034262745500595,2.6553133546181447,-1.16878387454328,-1.1688079207954514,-1.1989037935104636,2.4040788412094115e-05,0.0010000087993426456,0.001260163298704558,0.023336232469106714,5.545692708757188
1844,-2.2768661076167844,-2.2768941645352347,-2.284361144281783,2.806043287493148e-05,1.0,0.0010000064217854502,0.0011475779805859587,0.013841709394429653,2.599181942220004,-1.284156652291616,-1.2842042002413008,-1.2921517797642283,4.754447274737888e-05,0.0010000060208969646,0.0012775604095723893,0.02542605890840706,5.386988714006213
1845,-2.392457381734308,-2.3924742779641783,-2.3965857928653933,1.689749506284606e-05,1.0,0.0010000039550985367,0.0010715330168956294,0.008392218605808492,1.840081756969668,-1.2321082120968236,-1.2321160773436228,-1.237269005427758,7.866819699605305e-06,0.0010000038892030716,0.0011289482056680653,0.013372746384185221,5.272334093517727
1846,-2.3774515592826986,-2.3774636848917545,-2.3778875121530496,1.2119142514354778e-05,1.0,0.0010000034037731447,0.0011227708024341824,0.011616399898281638,1.9308862348772444,-1.295823969443639,-1.2958448304070367,-1.3162454990049204,2.086237072944641e-05,0.0010000042099919584,0.0011384154669940472,0.014830000501953893,5.246701526641846
1847,-2.389852667754551,-2.3898715343115464,-2.3869636913515486,1.8881739310498506e-05,1.0,0.0010000036058525712,0.00108240045747667,0.010271159409246635,1.923014224700208,-1.2273652934365802,-1.2273810373412237,-1.2328326571060138,1.5738275316026474e-05,0.001000003180363112,0.0011290219586549534,0.013696699892170728,5.239399978849622
1848,-2.3758367502464437,-2.3758597104054577,-2.3754016340903514,2.295502795363372e-05,1.0,0.0010000039067751957,0.0010915465108206812,0.011405874709247277,1.9730379513974459,-1.2617069138420953,-1.2617281191878849,-1.2765118542644713,2.1207249826855128e-05,0.0010000041453167795,0.0011550259155531724,0.015143038940408991,5.2404185824924046
1849,-2.43651245674997,-2.436520423529283,-2.4339481794609212,7.967060466982284e-06,1.0,0.0010000032170693267,0.0010359164981944662,0.004713537782114351,1.5654244962728248,-1.2083969218863382,-1.208402586976687,-1.2076540034264327,5.6666632493337e-06,0.0010000036460243993,0.0010781773133203387,0.008434576409248015,5.220947281519572
1850,-2.401596528179241,-2.401609443268686,-2.3960935912042296,1.2909396077102085e-05,1.0,0.0010000033115194935,0.0013003082317739445,0.030616691759963222,1.8832887815979291,-1.1604254911343257,-1.1604461014270782,-1.1621768478718069,2.0607726441489327e-05,0.0010000033718016413,0.0011031486068127884,0.010658284434531299,5.349155118730334
1851,-2.427804703982371,-2.4278137323991307,-2.426085634051629,9.032985511815773e-06,1.0,0.0010000027514080394,0.0010933005668328337,0.011580854790496095,1.6182617848774172,-1.2141375637716716,-1.2141494754287931,-1.211667244674431,1.191521684328715e-05,0.0010000033899106914,0.001081213233475056,0.009205195082662007,5.1503103097279865
1852,-2.426275766120767,-2.4262819245176495,-2.428111179819647,6.1510868792263965e-06,1.0,0.0010000035553327147,0.0010266965277106414,0.003900616420960089,1.6022222334483884,-1.1365821146302753,-1.136586932755179,-1.1394023411803775,4.818952745861477e-06,0.0010000033950847056,0.0010851534057615532,0.008644248604670994,5.3822247399224175
1853,-2.388109760464362,-2.3881190228012374,-2.38841065820658,9.269506301520005e-06,1.0,0.0010000048908141424,0.0014505891880582807,0.023385658941477677,1.9127825633534845,-1.220105429655976,-1.2201148879196908,-1.2231732945475313,9.44990250799391e-06,0.001000004372973409,0.0010678443229860729,0.00892619909459932,5.180216354793973
1854,-2.410692421895153,-2.41070283583875,-2.411097045214671,1.0409655998337944e-05,1.0,0.0010000032324449352,0.0010466297807277373,0.005743057133173043,1.7326760292053223,-1.2005198378529813,-1.2005351450708177,-1.2011811998155382,1.5311522616280448e-05,0.0010000041142726938,0.0010566367612530787,0.008134001377038657,5.1434847301907025
1855,-2.4304877002284213,-2.4304950327243446,-2.4283124770758286,7.315978126705818e-06,1.0,0.0010000030545271792,0.0010229800893696694,0.003613376172856902,1.6219839802328146,-1.2170752148661348,-1.217081415322092,-1.2312180204523935,6.195323334799873e-06,0.0010000040082054006,0.0010552236318795217,0.007402026337674923,5.122412040498521
1856,-2.398259419315266,-2.3982704652930207,-2.3994723333502717,1.103184976667728e-05,1.0,0.0010000042911654091,0.0011885652125303476,0.027627625278601388,1.8280716302259914,-1.2361636327372658,-1.2361719012260437,-1.2384024664449196,8.269068267610338e-06,0.0010000041944699155,0.001066579211813708,0.00782895794707454,5.144140270021227
1857,-2.432359605465295,-2.4323641174244433,-2.439193109296403,4.514630110758655e-06,1.0,0.0010000034323278462,0.001072945321453208,0.009791375197171461,1.5330204648791619,-1.1526528726021448,-1.1526558718747564,-1.1505316441257796,3.0004315906100803e-06,0.001000003757265707,0.0010494847135204407,0.006361546794263025,5.256580368677775
1858,-2.3537908095233844,-2.3538003687588676,-2.3572984146621994,9.560570964273416e-06,1.0,0.0010000044537075566,0.0010729079828861187,0.009241205903719057,2.110147219783855,-1.182400989284118,-1.1824172958731651,-1.190453078597784,1.630385716756185e-05,0.0010000052240987619,0.0010934026653154029,0.009914885290587943,5.409785101148818
1859,-2.3842700562387145,-2.3843090376763976,-2.385514812649421,3.898762307077084e-05,1.0,0.0010000046579834987,0.0015517125666176653,0.052361292028711794,1.9394376120477352,-1.1696440619106094,-1.1697169142671757,-1.176903339309825,7.28521082136366e-05,0.0010000037029385567,0.0010537662103565202,0.007156347351459165,5.25623615582784
1860,-2.411261666495845,-2.411300301551819,-2.406856455892887,3.863449366587513e-05,1.0,0.0010000030281689931,0.001416381088278766,0.02392113052378848,1.7912666550222434,-1.2182804365952806,-1.2182996715108554,-1.2205314017418358,1.923574341668023e-05,0.0010000037650267283,0.0010564540719820393,0.007912312052212656,5.147633208168878
1861,-2.4330291748046875,-2.433039575252893,-2.434875006945628,1.0400799647817072e-05,1.0,0.0010000032851613075,0.0010293128434568644,0.004562179068156149,1.5310919329805195,-1.1813560292124747,-1.1813636580275164,-1.170956027859615,7.624758614434136e-06,0.0010000040185534293,0.001040953097658025,0.0056907478461249005,5.164650906456841
1862,-2.4125384609654263,-2.412543881614253,-2.4123245365214796,5.42880229230197e-06,1.0,0.0010000034081661757,0.0010269508490620075,0.004389396677549296,1.732743593881715,-1.190897923625178,-1.190903360479408,-1.201033355988976,5.438509914610121e-06,0.0010000046601312028,0.001041071970636646,0.0058232508884328935,5.148834890789456
1863,-2.397798281795574,-2.3978038508937045,-2.400859733797469,5.583226118447645e-06,1.0,0.0010000044888518048,0.0010349586263369277,0.005344606654823951,1.8209005549268902,-1.1896414352787865,-1.1896476619773442,-1.1877152271154854,6.2229732672373455e-06,0.0010000043936694662,0.0010567513191037708,0.006708259055287474,5.244285000695123
1864,-2.396943047361554,-2.3969560839095205,-2.400184159008962,1.3042663065892345e-05,1.0,0.0010000036915166761,0.0010321577857160624,0.004749125359527205,1.81577475115938,-1.1984533477160668,-1.1984614892138374,-1.1946869817872843,8.141166634029812e-06,0.0010000040625325508,0.0010441051640858253,0.005626309947628114,5.244426880942451
1865,-2.425894705754406,-2.4259006662188836,-2.4276866418010785,5.969742559037118e-06,1.0,0.0010000035816909007,0.0010295654427400739,0.005421463055272569,1.6200038711979705,-1.1823079586029053,-1.1823140848014089,-1.1785744104120466,6.123052703009711e-06,0.0010000041996439297,0.0010373620833787653,0.005096714666837619,5.232540284262765
1866,-2.35598930885207,-2.3560080651967032,-2.3537544124531298,1.8739967413668364e-05,1.0,0.0010000049720852162,0.0016472819766451448,0.02838015450024099,2.2559755253341964,-1.190949629743894,-1.1909703974922499,-1.1904159544242754,2.075971828566657e-05,0.0010000039331821932,0.0011055901957054933,0.010457655652943584,5.311806954277885
1867,-2.3583954145323553,-2.3584157116008253,-2.352271745789726,2.028153471226962e-05,1.0,0.0010000038233076065,0.0011324790605115442,0.015016434837202981,2.0836720129228987,-1.2374996105829876,-1.2375153243541717,-1.2393548733658262,1.5713274478912354e-05,0.0010000032786693838,0.0011227415667639839,0.012727182066171534,5.282868893941243
1868,-2.4146047628150797,-2.414614848370822,-2.41538749101027,1.0089632475151206e-05,1.0,0.001000002645975295,0.001078238258278876,0.008580452430870314,1.6942138356982537,-1.2298991676833895,-1.229912945628166,-1.2238043149312336,1.3770080275005764e-05,0.001000003110513919,0.0010670444850499432,0.008481321349326108,5.205294932259453
1869,-2.4026839643154503,-2.402696425060056,-2.3948765565764227,1.2453926621742968e-05,1.0,0.001000003282964792,0.0011581077837859684,0.01516476861543883,1.8679444879855749,-1.1319017202489907,-1.1319113076561027,-1.1372130386738313,9.589559502071805e-06,0.0010000035684141848,0.0010595172281480498,0.00802515100998183,5.482915189531115
1870,-2.4167910027054123,-2.416795834055487,-2.4148190471361266,4.841190464091751e-06,1.0,0.0010000032785717609,0.0010264150640171654,0.003961196254921269,1.7303663042356383,-1.2374105244874953,-1.2374140908320745,-1.2337423505675462,3.563612699508667e-06,0.001000003948704236,0.001057199101584653,0.007039447377125422,5.123416503270468
1871,-2.3941704709574863,-2.3941807207071557,-2.3985699707607053,1.0227749370179086e-05,1.0,0.0010000044361354325,0.001075413616215986,0.009566211007658462,1.8027833677687735,-1.2136415885554421,-1.2136664571033584,-1.2195393077615235,2.4864491489198472e-05,0.0010000046420221528,0.0010945425239495105,0.010018622681188086,5.279695722791884
1872,-2.430702600839003,-2.430709236073044,-2.431619104349388,6.623495862169086e-06,1.0,0.0010000033027334314,0.0010252478246946099,0.004052344395533063,1.59248434372668,-1.2267900076177392,-1.2267941113975314,-1.2240597469939125,4.109243551890055e-06,0.0010000041634258296,0.0010634663825233777,0.007732870753130151,5.147119506200156
1873,-2.435031719927518,-2.4350347698859447,-2.4322672205151252,3.0472171756456483e-06,1.0,0.0010000037090888,0.0010228036828163378,0.0037289411466533565,1.574564978761493,-1.1312613246134586,-1.1312650928687717,-1.1173956922358936,3.761384222242567e-06,0.0010000038917900788,0.0010590198061739406,0.007013978012320068,5.377280044555665
1874,-2.4187089812080815,-2.4187144738323285,-2.415855011850033,5.480745490991845e-06,1.0,0.0010000041132476533,0.0010264190616753866,0.004067874491601339,1.7082894860573534,-1.1725328042275374,-1.1725395268864103,-1.1690247176008093,6.717526250415378e-06,0.0010000042074049512,0.001058176183141768,0.006286320079945855,5.209144804212783
1875,-2.3750430570458465,-2.3750539073404275,-2.376597768855545,1.0851278619946174e-05,1.0,0.00100000470630684,0.00105261132955762,0.0062104776426974055,1.956699715470368,-1.1959651664727267,-1.1959748803741401,-1.1993524056341913,9.711335102717082e-06,0.0010000044531706307,0.0011293884444360932,0.012374086631461978,5.2935350894927975
1876,-2.341554731692908,-2.34156660088953,-2.330607382756359,1.1866947389998526e-05,1.0,0.0010000044449214947,0.0011142477665518253,0.013564978473608926,2.2023447707014263,-1.2469791592823138,-1.2469940875967345,-1.260317587492884,1.4920698271857368e-05,0.0010000034442378416,0.0011069058854546812,0.012425191175296075,5.232653024461536
1877,-2.384207745767989,-2.3842251705673507,-2.3842257778599576,1.7440403407474735e-05,1.0,0.0010000037024992536,0.0011215256417240456,0.012251264314641649,1.8840822881122805,-1.2209515176713468,-1.2209628841943212,-1.2315406060053242,1.1359817451900906e-05,0.0010000034080197414,0.001099528436962929,0.010456457765152057,5.2768978065914585
1878,-2.4314298584776104,-2.4314362552930726,-2.4345186026591175,6.391403247725289e-06,1.0,0.0010000034279348154,0.0010335486632648786,0.0041582578077104014,1.5662520786501326,-1.233148163722621,-1.233152125361893,-1.2370062251885732,3.9631293879614936e-06,0.0010000034261287915,0.0010813205373576946,0.00864310794406467,5.147859101825291
1879,-2.427008367934317,-2.427017535803453,-2.4231356404862314,9.148118068587104e-06,1.0,0.0010000029381118573,0.0010453381790902535,0.0058114382324142835,1.6534229944337089,-1.1529744519127736,-1.1529861220055155,-1.144056672365534,1.1668768193986681e-05,0.0010000039098991289,0.0010751652453715602,0.008865784507037865,5.3071944289737285
1880,-2.414213643883759,-2.414222020023274,-2.4121452457499952,8.374663456430975e-06,1.0,0.0010000035641187766,0.0010321681444831895,0.00458768019584482,1.7460089517089556,-1.2360034538639917,-1.2360105991363526,-1.23904979887108,7.143368323644002e-06,0.0010000041841218869,0.0010976998057837287,0.010689100589499706,5.153410387039185
1881,-2.436837781150386,-2.436841865755477,-2.436038426633151,4.091774517635129e-06,1.0,0.0010000035026163426,0.0010282452468637307,0.0043549404264304715,1.5417650240772176,-1.1704902006520166,-1.170492812494437,-1.1636387336585257,2.6171406110127766e-06,0.0010000038840290574,0.0010629719951086574,0.007477144188144141,5.274155553181966
1882,-2.4388746855393895,-2.438879327953986,-2.4369390460680114,4.628146032117448e-06,1.0,0.001000003851862308,0.001023056727992195,0.0038670743266471996,1.547412118821774,-1.1939756769479977,-1.1939779481333164,-1.1949600028494993,2.2628241115146213e-06,0.0010000036718944708,0.0010628306953650382,0.00745738217762361,5.145483795801798
1883,-2.43842137084817,-2.4384258873057814,-2.434703323076356,4.5208857869202235e-06,1.0,0.0010000032038902336,0.00102100356148099,0.003463767578755066,1.5550986978242982,-1.1419813954167894,-1.1419910939203368,-1.1328808858990669,9.69883468416002e-06,0.0010000035244350633,0.0010553388623520733,0.00642727952864435,5.218926588694256
1884,-2.425439312772931,-2.425446298887145,-2.4275842387721225,6.973040553758729e-06,1.0,0.0010000036937131915,0.0010255189296209588,0.003914939678924263,1.5990163920060643,-1.1471075243420075,-1.1471158130301369,-1.1279516208502982,8.289184835222033e-06,0.0010000031726020906,0.0010514729268228014,0.006477424401479462,5.228873602549235
1885,-2.379791093322466,-2.379801475776816,-2.3803077418849155,1.0390959258349437e-05,1.0,0.0010000037156783466,0.0010735186537341127,0.007655717768565804,1.981283817651137,-1.1332599458595118,-1.133285672052039,-1.135507730808523,2.5719487004809908e-05,0.0010000040030313862,0.0010465803116353023,0.007127226206163565,5.4269658936394585
1886,-2.3987730179192885,-2.398790606912577,-2.4015782149332874,1.759728733098732e-05,1.0,0.0010000037464295637,0.0010320716581465501,0.005011334116922094,1.7851055748057816,-1.200188929587603,-1.200204377207491,-1.2091402707828416,1.544530193010966e-05,0.0010000041996439297,0.0010678397931365503,0.008532708381406136,5.28648559252421
1887,-2.3932156787728363,-2.3932261377010704,-2.393344226873146,1.0469049777624742e-05,1.0,0.001000004719485933,0.0010472410204732474,0.0063758456315142365,1.863576850801144,-1.2394073453214431,-1.2394158340162702,-1.250552584727605,8.486873573727078e-06,0.0010000043755604162,0.0011033504606328076,0.012293897338935898,5.308117336697049
1888,-2.424296554529442,-2.424307364337849,-2.422297311279009,1.0818524180718188e-05,1.0,0.0010000036036560559,0.001045852657934686,0.006300858905064469,1.657640718064218,-1.2193375629269416,-1.2193452592939138,-1.2216049528784223,7.699181636174519e-06,0.0010000037391566568,0.001059292753537496,0.007905357519889043,5.146171893013848
1889,-2.43505767156493,-2.4350642168296956,-2.433597060869325,6.550887845597177e-06,1.0,0.0010000032478205438,0.0010231356619734247,0.003897433615078763,1.5656690305134036,-1.2120945552984876,-1.2120996531513002,-1.2063242412275739,5.091395643022326e-06,0.0010000038529849715,0.0010573227889835834,0.007317976063738267,5.21943825085958
1890,-2.386405996556552,-2.3864165589494526,-2.387030632990711,1.0570124635156595e-05,1.0,0.0010000042560211612,0.0010490547733838266,0.005802638606906359,1.873426691541132,-1.1864522416765488,-1.1864637400748002,-1.1884367963092195,1.1499971151351929e-05,0.00100000468082726,0.0011124959551832743,0.011707972758449614,5.2752564059363465
1891,-2.386923893442694,-2.386934037478465,-2.390255167799176,1.0150150870377163e-05,1.0,0.0010000037420365327,0.0010556020940882416,0.007071142225473557,1.8806423556129888,-1.1036550011899737,-1.1036813913120165,-1.0959176539546913,2.6398979955249363e-05,0.001000004083228608,0.0010823125019669532,0.00899095531915211,5.390711185667249
1892,-2.3909574859547167,-2.3909700726563075,-2.3927221613110237,1.2599494097367773e-05,1.0,0.0010000042450385837,0.0010502588834156686,0.00750020272010621,1.8631892789084956,-1.163739522960451,-1.1637521879540549,-1.1596873233715692,1.2667477130889893e-05,0.0010000042281010084,0.0010893866807843249,0.009550914688346287,5.371679740481906
1893,-2.4148107159812495,-2.4148231317412177,-2.418189678552016,1.2413510736429467e-05,1.0,0.0010000038892030716,0.0010350091000667439,0.004723279359135425,1.6914075005729243,-1.1453129793206853,-1.1453228592044777,-1.1363837406039239,9.883609082963732e-06,0.001000003997857372,0.0010641969119509062,0.007733649382781651,5.325690364837646
1894,-2.4008991785769194,-2.4009193744299546,-2.399418531723742,2.021117592757603e-05,1.0,0.0010000044405284636,0.0011500114232372,0.016924168220457603,1.8513189779137664,-1.185102870563666,-1.1851453619698684,-1.1908759938346014,4.249008165465461e-05,0.0010000043186462588,0.0011324883542127078,0.012414977355446253,5.284409618377684
1895,-2.411972797141885,-2.41199743522788,-2.4128303482847393,2.462719127816974e-05,1.0,0.0010000041110511378,0.0010321368814779903,0.004613000965448764,1.7036119991878294,-1.230020139614741,-1.2300513221157923,-1.2389434087400635,3.118366003036499e-05,0.0010000043315812946,0.0011168692416201034,0.011818811196523409,5.142859665552775
1896,-1.9599222102255192,-1.9605302855653584,-1.9582744499422469,0.0006080791354179382,1.0,0.0010000067446732297,0.004156708352724617,0.24388507415566874,4.019720522862561,-1.247551763388846,-1.2479276408751805,-1.2604751049644418,0.00037587235371271767,0.0010000030173816614,0.0017514573979294963,0.06062094764783978,5.815196000205146
1897,-2.3281279509922244,-2.3284346967373253,-2.333122100470201,0.00030673738077001753,1.0,0.0010000025603111903,0.0011715903913356222,0.02247492894354575,2.2329781257881307,-1.2993854006131493,-1.299662982755237,-1.3152774042553372,0.00027758893039491443,0.0010000030432517329,0.001322618424375024,0.02995766848843131,5.462854189342923
1898,-2.4046156586341136,-2.4048212294308646,-2.406409394066289,0.00020557733358077284,1.0,0.0010000022220478025,0.0010831336916933925,0.009677502168518192,1.7719327593749423,-1.2505818055735696,-1.2506441189183128,-1.257994149128596,6.231367588043213e-05,0.0010000025594813955,0.001144825887038476,0.015303140203468502,5.264973984824286
1899,-2.407118813046869,-2.4072349138979643,-2.407214634823349,0.00011611055090742291,1.0,0.0010000026569578727,0.0016619088655372835,0.028996943390734914,1.8163521897118047,-1.243622304664718,-1.2436959200435214,-1.2585313965876896,7.361628943019443e-05,0.0010000024973932239,0.001133014639425609,0.014731586517559157,5.233770328097873
1900,-2.4059578405236297,-2.406043068417963,-2.4071668251505436,8.522782404467744e-05,1.0,0.0010000024878261786,0.0010972567965750986,0.009447309906805321,1.7333720292685166,-1.2602312700615987,-1.2602607485320834,-1.273606840107176,2.9475076331032645e-05,0.0010000036718944708,0.0011756016665862667,0.01791202552978777,5.2745876047346325
1901,-2.421982076932799,-2.4220254871080504,-2.4205859809551598,4.341073755948049e-05,1.0,0.0010000032170693267,0.0010467740346870895,0.0058517786015246835,1.631265585152608,-1.224602069788509,-1.2246157126294241,-1.2275187057753405,1.3642261425654093e-05,0.0010000037676137356,0.0011337178966237438,0.014470428976023363,5.2287150806850855
1902,-2.4072239129048474,-2.4072602200058273,-2.4077836342577665,3.629416789648668e-05,1.0,0.001000003375218443,0.001049182737984185,0.006506143280586123,1.7453044405523337,-1.2349400997161868,-1.234951964351866,-1.2454636741015646,1.1865794658660888e-05,0.001000003757265707,0.0011222456090359224,0.01334358611299346,5.22277602619595
1903,-2.4234420713388696,-2.423467330212863,-2.418660141387076,2.524256706237793e-05,1.0,0.0010000037618051723,0.0010468378346764817,0.0067226418803604145,1.6750357151031494,-1.2112141673763592,-1.2112259404526817,-1.2096615933709673,1.1781023608313666e-05,0.0010000042591450944,0.0011026807620914446,0.011150939227081835,5.234056462181939
1904,-2.408465066046085,-2.4084871625000575,-2.4084572612114674,2.2108613882424697e-05,1.0,0.0010000036102456023,0.0010354467162440688,0.005125420833586382,1.784525212251915,-1.193072169025739,-1.1930775107608902,-1.197382783888477,5.345874362521701e-06,0.0010000043677993948,0.0011224658952818977,0.012891096479466391,5.361333131790162
1905,-2.4141428740519397,-2.414161747356631,-2.4125730474040195,1.8887432678690498e-05,1.0,0.0010000040627277966,0.001058432005591831,0.008731450121146891,1.7190488666858312,-1.2418599837356146,-1.2418646613756816,-1.2506321953402626,4.676149951087104e-06,0.0010000045747599667,0.001231677969917655,0.017959507459050252,5.209483035405478
1906,-2.4403073292858197,-2.4403254041131937,-2.4443680295404397,1.8074124489190444e-05,1.0,0.0010000035553327147,0.0010522025821835927,0.007445499944535769,1.4821785328523167,-1.2048707621792951,-1.2048770426876014,-1.203629444870684,6.278852621714274e-06,0.0010000038012448285,0.0011448866584234767,0.011972261108975443,5.181462505128649
1907,-2.4198449377743705,-2.419864443113219,-2.4246727115703077,1.9494795574332182e-05,1.0,0.0010000035948699937,0.0010340439775115195,0.004241519357200782,1.622788429260254,-1.1579267928997676,-1.1579362905687756,-1.1574298007620705,9.496178891923693e-06,0.0010000040521845222,0.0011278016027063131,0.012109998269524011,5.362633646859063
1908,-2.405214728049512,-2.40524585966794,-2.403265309783648,3.112128601883942e-05,1.0,0.0010000037552156257,0.0010468508138866076,0.005663477139160881,1.773436631796495,-1.1470106297069125,-1.1470220319098896,-1.1414794546862443,1.140418979856703e-05,0.0010000036356763707,0.0011039573026614057,0.010604784495404198,5.305404218037923
1909,-2.414381926914431,-2.414405773270805,-2.4128015716120883,2.3862030708564902e-05,1.0,0.0010000035926734782,0.0010366057647603019,0.005977483128004198,1.7281949700049635,-1.1653645400371815,-1.1653733703825209,-1.166027541541391,8.826537264717949e-06,0.001000003656372428,0.0010864913696423174,0.00889835655171838,5.297586684756808
1910,-2.3975810194915197,-2.3975929179281557,-2.3988580433827527,1.191108856561049e-05,1.0,0.0010000038760239786,0.0011066671017170796,0.011688842822551587,1.850159249215756,-1.188771915435791,-1.1887752107448049,-1.1845001285274823,3.2936533292134603e-06,0.0010000040780545937,0.0010849845725008182,0.009188371234469944,5.243345488442315
1911,-2.3583055937065267,-2.3583213608219937,-2.3562245481419115,1.574089785791793e-05,1.0,0.0010000044866552893,0.0012732305023643487,0.026289894162097347,2.1007993288759916,-1.2274903598758908,-1.2274974316358567,-1.2253406079279052,7.070600986480713e-06,0.001000004494562745,0.0012089710579150253,0.01740075295480589,5.311257161034478
1912,-2.4100717373614042,-2.410082943034622,-2.4111288088672564,1.1207078987697386e-05,1.0,0.0010000037837703272,0.001053655702392307,0.006989034918523481,1.727118636077305,-1.195363172226482,-1.195368253853586,-1.2047030239055554,5.07707397143046e-06,0.0010000036460243993,0.0011330747769938575,0.010794926101031404,5.219967386457655
1913,-2.411056050714457,-2.4110643548785515,-2.4097837772009507,8.297205533621446e-06,1.0,0.0010000037991459358,0.0010362432057143382,0.005702039576135576,1.7901682763729456,-1.1803636961099178,-1.1803661783950197,-1.1860626861453056,2.4805466334025065e-06,0.001000004031488465,0.0011226197730542886,0.010229027493753366,5.276027954949273
1914,-2.4087899900832266,-2.408801108036401,-2.408024419028804,1.1121327022336564e-05,1.0,0.0010000057891889843,0.0027892729377303766,0.04042227582716084,1.82504059908525,-1.2292488876316283,-1.2292627993557188,-1.2410357748468717,1.3910482327143351e-05,0.001000003625328342,0.001114496992280086,0.011899022139712341,5.182787169350517
1915,-2.3686692602229567,-2.3686859562711895,-2.36864357849337,1.6695204770789956e-05,1.0,0.0010000035882804473,0.0013411572809278402,0.03262587115476084,1.9369499570918534,-1.2278841086559826,-1.227902284430133,-1.2505632363052832,1.8172297212812634e-05,0.0010000040211404363,0.0011271346386315093,0.014354889231940938,5.268897162543403
1916,-2.412564696006055,-2.412577399667704,-2.4147643728076287,1.2704434822190483e-05,1.0,0.0010000028458582062,0.0010326713793647458,0.004823762503944618,1.723548763203171,-1.2124207286371125,-1.2124263485272726,-1.216350911392106,5.618400043911404e-06,0.001000002753506932,0.0010866709907228747,0.010684026304321985,5.197817293802897
1917,-2.421297437739822,-2.4213053595344975,-2.422503228457469,7.912024574459724e-06,1.0,0.0010000027184603067,0.0010305235540178025,0.0042921979428391975,1.6327966294198666,-1.2200594758925338,-1.2200661532684334,-1.2293784709440336,6.6767136255900065e-06,0.0010000037391566568,0.0011197995368598236,0.012200229589102997,5.188216002782186
1918,-2.4359418356193685,-2.4359521955814003,-2.4379289015284122,1.0366217707687954e-05,1.0,0.0010000033466637415,0.001077021208574187,0.013484252168673952,1.5191442021783792,-1.205621639556355,-1.2056265514757898,-1.199987315138181,4.9193700154622395e-06,0.0010000029139013754,0.0010582077653250761,0.007182793802995649,5.152574788199531
1919,-2.416369037808112,-2.4163771350428744,-2.414454568107173,8.103560726597624e-06,1.0,0.0010000030699027877,0.001022569051029969,0.0035752951154344767,1.734020545797528,-1.1715082618925303,-1.1715125372840298,-1.1612472840481334,4.2738185988532175e-06,0.0010000034364768201,0.0010633373503676719,0.007692034345948034,5.262503337860108
1920,-2.3646360253388026,-2.3646423141911344,-2.3746541626048536,6.305370128379678e-06,1.0,0.0010000037508225948,0.0010265112494311805,0.004032861682990531,2.0106814537408217,-1.231385327710046,-1.2313911908202702,-1.228128805011511,5.864931477440728e-06,0.0010000041065116724,0.0010901919566094875,0.010406692558899523,5.1859008842044405
1921,-2.4170919184414847,-2.4170982252876714,-2.416968543574495,6.3123989779994175e-06,1.0,0.001000003647586366,0.0010429618875759672,0.005965098852889155,1.6999218846267123,-1.246868113676707,-1.2468710409270392,-1.2506114800357155,2.926505274242825e-06,0.0010000033640406199,0.0010625748093136484,0.008255890888782839,5.111815611521404
1922,-2.43276798500205,-2.432771921157837,-2.432993173599243,3.9336254011909916e-06,1.0,0.0010000031599599235,0.0010262197103210777,0.004116084158666573,1.5808082594061799,-1.258792561292648,-1.2587956650389565,-1.2546948172152042,3.10151113404168e-06,0.0010000036951775353,0.001080902743463715,0.009175378472233812,5.086933686998155
1923,-2.4326784385825104,-2.432684048166815,-2.431137588788878,5.600446800016007e-06,1.0,0.0010000037200713777,0.0013294294212927234,0.019282505715722747,1.5968172775124603,-1.1451495412323207,-1.1451520580384467,-1.1336499134492544,2.517137262556288e-06,0.0010000033588666054,0.0010549490598754751,0.007224054826009605,5.171357334984673
1924,-2.2202403972733697,-2.2203791602602543,-2.221327390310899,0.0001387589101521474,1.0,0.0010000067051359504,0.003006238999934691,0.1599906434146863,2.855975049846577,-1.2823641697565715,-1.2824685355027516,-1.2987926585806742,0.00010436442163255479,0.0010000024973932239,0.0012242459536840518,0.022913779698622724,5.2155997859107135
1925,-2.41032231528804,-2.410395509791824,-2.409627581542393,7.320680427101423e-05,1.0,0.0010000018178889492,0.001066915723846628,0.006903514848090708,1.732518731423144,-1.2309965769449873,-1.2310313112205928,-1.2379688713285657,3.4731212589475846e-05,0.0010000023033676876,0.001153962984163728,0.015838631853047343,5.156973414950901
1926,-2.3098867940452865,-2.3099223371103124,-2.3065196353028403,3.553744194642553e-05,1.0,0.0010000022484059885,0.0010602057423829189,0.0077968264429144705,2.152869835214795,-1.1049699741622638,-1.1050248503374556,-1.1260515034845513,5.487898985544841e-05,0.0010000050016161469,0.001367886814599236,0.03491041297093034,5.824232853783501
1927,-2.349238485660193,-2.349281945318546,-2.3494571109987654,4.3458252582909926e-05,1.0,0.0010000028941815472,0.0016610657704010043,0.032362228215513926,2.213404212357863,-1.2468135452932783,-1.2468606534931395,-1.2489028975367547,4.7104060649871825e-05,0.001000003007033633,0.001124558106271757,0.015366872412980431,5.252227147420247
1928,-2.4278084377072893,-2.4278225943727314,-2.4279667341484212,1.4157930635056405e-05,1.0,0.0010000023472491863,0.0010355705338231517,0.0048391471643282,1.6265807826563996,-1.2214953347212736,-1.221501411580377,-1.2198541212413045,6.077107455995348e-06,0.001000002838878168,0.0010945469218616684,0.011181001380706827,5.196542167663575
1929,-2.392585228074272,-2.3925986694839767,-2.394241854829608,1.3453921057143302e-05,1.0,0.0010000032214623577,0.0018547661624462256,0.040494062801612156,1.9224127890928737,-1.212455000148879,-1.2124644267890188,-1.211572444025013,9.419603480233087e-06,0.001000002701766789,0.0011011569165728157,0.012459618768965204,5.325073666042751
1930,-2.3623641436954714,-2.362376671917034,-2.3614432361890687,1.2519646365687532e-05,1.0,0.0010000033993801138,0.0010874329007423992,0.010289084743971954,2.0019940767648086,-1.2737750881248047,-1.273783931467268,-1.2874791502952576,8.848475085364448e-06,0.0010000040211404363,0.0012143580061900947,0.02402937225997448,5.254542885886298
1931,-2.4080932455242805,-2.408101842088519,-2.4083787945081605,8.590238274268384e-06,1.0,0.0010000031819250787,0.0010542523484887941,0.007745671665893411,1.7507533352330047,-1.2537947356700896,-1.2537999980979495,-1.256858007940981,5.264580249786377e-06,0.0010000032916044196,0.0011145417190467318,0.013074853139308592,5.171533192528619
1932,-2.441123955654648,-2.4411291288879684,-2.443299066345647,5.16873485637161e-06,1.0,0.0010000028458582062,0.0010289554879561347,0.0043137935649181875,1.4347344659409433,-1.2377171079317728,-1.2377225311266051,-1.245444737871488,5.428410238689846e-06,0.0010000038219408858,0.001109359798849457,0.012594709403088523,5.193444707658557
1933,-2.412515253390906,-2.412524506730853,-2.4110013583921037,9.261423124457306e-06,1.0,0.0010000035685118077,0.0010554844245560609,0.005702646813829834,1.7375365270758576,-1.261270804868804,-1.261275058819188,-1.2655207210530837,4.248072703679402e-06,0.001000003076882826,0.0011062538199540642,0.011969491764385666,5.124455584420099
1934,-2.4455031538909338,-2.445508025727182,-2.44654514204781,4.859254607614481e-06,1.0,0.0010000027228533378,0.0010275971342124186,0.0044439479089254195,1.446469561109003,-1.2098027848121193,-1.2098048673321804,-1.213140158686373,2.0874043305714927e-06,0.0010000033252355125,0.0010834265707267655,0.009333156988335152,5.111512793434991
1935,-2.3992026976819307,-2.399206183991342,-2.395548750769417,3.4785073883128617e-06,1.0,0.001000003331288133,0.001029101912072807,0.004204404753421978,1.8550009412585564,-1.1940632982386485,-1.1940694141719077,-1.2009848397639062,6.11618161201477e-06,0.001000004561824931,0.0011155898061891397,0.013041338451310164,5.280275270673965
1936,-2.4093861894787483,-2.4093904225331433,-2.411032996087704,4.244792573856857e-06,1.0,0.0010000039287403506,0.001031102744405562,0.004180592346391728,1.7515763876573094,-1.1882182497945097,-1.188221211731434,-1.1981303058564663,2.9611090819040935e-06,0.0010000039254211717,0.001085699419490993,0.010106867282754846,5.234598747889202
1937,-2.4223782071527444,-2.422382710114965,-2.42438494934226,4.493332696410845e-06,1.0,0.001000003388397536,0.0010394106074324194,0.00532535641708956,1.6236376604943905,-1.266390050119824,-1.266394838028484,-1.2698082086112765,4.7875775231255426e-06,0.001000004119446708,0.0010978839179087015,0.01105290586128831,5.0884537908766
1938,-2.396576168402186,-2.396585172077395,-2.394601693693197,9.014007617842475e-06,1.0,0.0010000044690831652,0.0016986557770133862,0.04933889221206729,1.9447360646049932,-1.2486704614427355,-1.2486764858166377,-1.2548129309382703,6.023132138782078e-06,0.0010000033873236842,0.0012068925089099341,0.021451061638072134,5.117114962471856
1939,-2.427378002202736,-2.4273862343914105,-2.428400894380965,8.237671177342253e-06,1.0,0.0010000030677062722,0.0010563479055527528,0.006752321479033749,1.5922335262568492,-1.1357585915260844,-1.1357663144667944,-1.1399291276931762,7.727411058213976e-06,0.0010000027742029893,0.001109528277690212,0.012301274189828999,5.36462582482232
1940,-2.4127232668534764,-2.4127298346105612,-2.414275884628296,6.564453525363274e-06,1.0,0.0010000029776491366,0.0010380381564521846,0.005031642334904733,1.7150100851958652,-1.1384604922599262,-1.1384685548643272,-1.1191576936178738,8.063846164279514e-06,0.0010000031337969832,0.0011221210679246319,0.013824617717829016,5.315510071648491
1941,-2.42468573012442,-2.424690826883856,-2.4247235352138303,5.104139728366204e-06,1.0,0.0010000031467808305,0.0010395654639721197,0.0061397232611681216,1.6604784794573515,-1.21340228650305,-1.2134070816967222,-1.222569422589408,4.795524809095594e-06,0.0010000034597598844,0.0011303539206791256,0.01275101706592573,5.176840178171793
1942,-2.4217812385199204,-2.421786276799328,-2.4188635079365857,5.027384690518649e-06,1.0,0.0010000031138330979,0.0010245785442233649,0.0039056859458005935,1.6916533686080069,-1.2147491781247988,-1.2147540214988921,-1.2187202461063862,4.842546251085069e-06,0.0010000035166740418,0.001115892698160476,0.012419411382223997,5.14166694747077
1943,-2.412282552359239,-2.4122898331228293,-2.413771501127279,7.272188393574841e-06,1.0,0.0010000032214623577,0.0017165048025935045,0.03296970469297244,1.755305139523632,-1.1168087429056563,-1.116814220075806,-1.0999729707837105,5.477749639087253e-06,0.0010000032450382908,0.0010826353087193437,0.009830203080653317,5.46056014696757
1944,-2.4021082464254127,-2.4021133656771676,-2.401707667224812,5.113206944375668e-06,1.0,0.0010000031379947686,0.0010352643703128088,0.005398280799986338,1.8287415774363391,-1.1915994003001187,-1.1916044604861074,-1.1949858884844515,5.050996939341227e-06,0.001000003433889813,0.0010987750358051724,0.011479585465147263,5.199145433637832
1945,-2.4126671485181124,-2.4126723577391425,-2.412852480726422,5.21835853468697e-06,1.0,0.0010000035443501372,0.0010321429504503339,0.004935824103600715,1.7569542988291327,-1.1859056033452764,-1.1859120614257537,-1.181054691473643,6.4612262778811984e-06,0.0010000035761752062,0.001077497866936028,0.009471339468533794,5.192354191674127
1946,-2.379797152753146,-2.3798232505906305,-2.3765353121847475,2.6106201815155317e-05,1.0,0.0010000055409827321,0.0014794385631762023,0.02589441617107335,2.0149140852802203,-1.0649893297089472,-1.0650505885481834,-1.046724060177803,6.125337547726101e-05,0.0010000036822424994,0.0011427004200716814,0.014743498552383648,5.589439302020604
1947,-2.409555246245186,-2.4095934157101615,-2.4095182868669616,3.81712924759343e-05,1.0,0.0010000033642358656,0.0010363295551319167,0.0049358882638186495,1.7458317887108281,-1.229559815592236,-1.2295840577946768,-1.2294730799065696,2.424087789323595e-05,0.001000003521848056,0.0011534817646154099,0.015835414627670415,5.223626348707411
1948,-2.387156646206694,-2.387175627474515,-2.386249393787024,1.8985414842389663e-05,1.0,0.0010000042801828317,0.0015160865238252675,0.03102495138234687,1.9150006973518516,-1.1611374629299256,-1.1611496654080433,-1.162483941887816,1.2201319138209026e-05,0.001000003420954777,0.0011009224276575778,0.012051848384241262,5.287292983796862
1949,-2.4282900837232484,-2.428301158941017,-2.4292591517826296,1.1087096524688433e-05,1.0,0.0010000023055153917,0.0010291257903928745,0.004722543049796994,1.5975636401266422,-1.2177844491269854,-1.2177919414308336,-1.2199398586319552,7.497850391599867e-06,0.0010000030380777187,0.0010653086006641387,0.008957968665183419,5.155056826273599
1950,-2.4385273096696385,-2.438533733475883,-2.4343176382892535,6.419518646204247e-06,1.0,0.0010000030523306639,0.0010785500404758837,0.009166738842086831,1.5719638792973645,-1.1764379549357626,-1.1764404839939542,-1.1741780350605646,2.5269058015611437e-06,0.0010000031053399047,0.0010581968998950389,0.00782288606537299,5.280259805255466
1951,-2.2756595150479733,-2.2756813764572144,-2.27442692923096,2.1886713099929522e-05,1.0,0.0010000041967152425,0.0010983708099339088,0.00936690969656239,2.5148712036744603,-1.2200622532102796,-1.2200787176688512,-1.2270871332950062,1.6465120845370822e-05,0.0010000046523701814,0.0011369942713321912,0.01648648745742523,5.442464812596639
1952,-2.3705636892678603,-2.370578149579606,-2.365638454005403,1.4469168096218468e-05,1.0,0.0010000036102456023,0.0010973732404516272,0.008777348509163788,2.043810857916778,-1.2659211874008178,-1.2659322632683647,-1.281382408986489,1.1077854368421766e-05,0.0010000038581589857,0.001169721983994047,0.018372537759650084,5.240183273951213
1953,-2.424724084026409,-2.4247297565892056,-2.4243792812779263,5.672562797114534e-06,1.0,0.0010000029117536713,0.00104920632416769,0.005930164859647739,1.640838236178992,-1.263923163546456,-1.2639284802807702,-1.2711451470851898,5.313919650183783e-06,0.0010000036848295066,0.001107423729263246,0.012392454237366715,5.228236468633017
1954,-2.406978044869765,-2.4069848375500373,-2.406630857935492,6.781785555605619e-06,1.0,0.0010000033422707106,0.0010697851682362973,0.006837830667928705,1.773012509885824,-1.2402321977747808,-1.240236258506775,-1.2522724654939439,4.064705636766222e-06,0.0010000039228341645,0.0010835292645626597,0.01045481207418359,5.195013512505425
1955,-2.409491003684278,-2.4095014356217295,-2.407915902587603,1.042863389231124e-05,1.0,0.0010000030655097569,0.0010458847753844172,0.005997324428292659,1.7361155388490208,-1.2443022184901764,-1.2443117499351501,-1.2516431894877718,9.531196620729234e-06,0.0010000039073121217,0.0011070272238511178,0.012594336667098105,5.225354279412164
1956,-2.4042327988822505,-2.404245862421,-2.4032381570564127,1.3070286444897922e-05,1.0,0.001000003456489517,0.0010596956631590455,0.00818033119935964,1.7676978471144191,-1.2116435004605184,-1.2116623679796854,-1.2205527547332975,1.8867022461361354e-05,0.0010000042177529798,0.0010926544304109282,0.011084005011556049,5.288012149598862
1957,-2.4385543364398883,-2.4385605038336986,-2.4430175547329886,6.162965635083756e-06,1.0,0.001000002753604555,0.0010287295499781393,0.004155186857184711,1.4855070046658785,-1.2219926920202044,-1.2219990991055965,-1.2267203592591815,6.404933002259996e-06,0.0010000038607459929,0.0010803001622358957,0.010953383054584265,5.150070169236924
1958,-2.4362060888758243,-2.4362104928718424,-2.4355753322817244,4.402730824812403e-06,1.0,0.0010000028282860821,0.0010313798018889327,0.004519471850351624,1.5377097219791052,-1.2291755345132613,-1.2291826367378236,-1.2321506481203768,7.102390130360921e-06,0.0010000034080197414,0.0010754991659066744,0.009563270966625875,5.100944863425361
1959,-2.4361464932279766,-2.436150591328459,-2.434267835797004,4.093531730040064e-06,1.0,0.0010000033203055555,0.0010432182934205488,0.005200630293298021,1.535755159719935,-1.19970753689607,-1.1997125877274408,-1.2108881351020602,5.046940512127347e-06,0.0010000038555719787,0.0010967644629999995,0.01109364343703621,5.233161952760485
1960,-2.4034892275648296,-2.4034952240170173,-2.3992035006577113,6.003129594730881e-06,1.0,0.0010000048446873167,0.0016100371897853208,0.032662893748701606,1.8522029462850318,-1.1802405008011394,-1.180250501798259,-1.201803687049283,1.0000914335250854e-05,0.0010000040133794148,0.0010801274148333404,0.01016039969658272,5.2191279358334
1961,-2.394343634821334,-2.3943739612147494,-2.394503280801593,3.032519851090773e-05,1.0,0.001000004029780064,0.0019226073515865038,0.04378090777987931,1.8839183978314669,-1.1576177693075602,-1.157639421357049,-1.1475495239512787,2.1656105915705362e-05,0.001000002704353796,0.001045748136109776,0.007386420744781693,5.290039931403266
1962,-2.413112723602439,-2.4131326338030257,-2.413172168551751,1.9908162220469062e-05,1.0,0.0010000030677062722,0.0011973781642978484,0.019669911459545202,1.7508721351623535,-1.227884846015109,-1.2278939770327675,-1.2292463848988215,9.128782484266494e-06,0.0010000034131937556,0.001066000213743084,0.008394947399695714,5.142579327689277
1963,-2.430307781921243,-2.430312356858883,-2.432318644703559,4.56685446343332e-06,1.0,0.001000002918343218,0.0012015341407672134,0.01919789812835109,1.5579907646719016,-1.0512505445215439,-1.0512587767508295,-1.0555176719609234,8.238769239849514e-06,0.0010000037184605996,0.0011535298958834674,0.01602067706019928,5.793987856970895
1964,-2.394831400997234,-2.394840771297239,-2.3953364300278,9.36840221566974e-06,1.0,0.0010000030589202103,0.0015876493372796278,0.03855541289810373,1.8997061769917327,-1.191020135415925,-1.191034289035532,-1.1938121528675159,1.4160490698284574e-05,0.0010000028673352466,0.0010764649137854575,0.00873381975106895,5.132990572187636
1965,-2.346330803520275,-2.346351389615041,-2.3482998851335273,2.0590874384034356e-05,1.0,0.0010000036673550054,0.0011315346598836048,0.015202133116786773,2.039485549027065,-1.2821062293317582,-1.2821250783072577,-1.2915849818123712,1.885162459479438e-05,0.0010000046497831742,0.001306866104197171,0.02692120680068102,5.282619259092543
1966,-2.3981932199226237,-2.3982138498774113,-2.3942256918493308,2.0645418257083532e-05,1.0,0.0010000027404254619,0.0010786775438079857,0.01218564791675165,1.8682952984324042,-1.2227260132630664,-1.2227529247601827,-1.2356241772572198,2.69103381368849e-05,0.0010000034131937556,0.0011817289878510767,0.01733303491750525,5.270795059204102
1967,-2.4125906566403947,-2.412602537083176,-2.411228409353292,1.188409778307069e-05,1.0,0.001000002645975295,0.0010313944262891727,0.004455877098975316,1.721902440179069,-1.2222913609610664,-1.2223015576601028,-1.220951559394598,1.0193553235795763e-05,0.001000003369214634,0.0011227640168120464,0.01231331320013851,5.198378531138102
1968,-2.4223657419096747,-2.4223708521645024,-2.4208961522804118,5.111941751444115e-06,1.0,0.0010000028810024542,0.0010407599906068084,0.0064395713698962385,1.6660145386210028,-1.188088088068697,-1.188092506925265,-1.1914030465814802,4.4197671943240695e-06,0.001000003625328342,0.001116687866548697,0.012339774379506707,5.271019972695246
1969,-2.3971279117296325,-2.3971320188270426,-2.4001781760521657,4.1005605796598035e-06,1.0,0.001000003135798253,0.001023890136495092,0.0036353632403572774,1.826591284769886,-1.2182324743933148,-1.2182404691974322,-1.222445624570052,7.989754279454548e-06,0.0010000039331821932,0.0010996186329672733,0.010862588613397546,5.199118333392672
1970,-2.3851097709727735,-2.385119487654488,-2.378110318813684,9.720336716130095e-06,1.0,0.0010000037618051723,0.0011427102803762228,0.014599690585010597,1.9524638922709339,-1.1897766066922082,-1.1897818631596035,-1.1903751665519344,5.257709158791436e-06,0.0010000043859084448,0.0011479035925327076,0.014830192103464571,5.367510085635715
1971,-2.4019229007217118,-2.401934169373422,-2.40169199007862,1.1284044891033532e-05,1.0,0.0010000040231905175,0.0010928018743453442,0.011075942175251976,1.8286801351691193,-1.2418525291813747,-1.2418611692057715,-1.249328153166506,8.6454881562127e-06,0.0010000042617321014,0.0011147722446670134,0.012320229729327063,5.172395626703898
1972,-2.425722641764947,-2.4257328690222972,-2.4247374377160704,1.023196667995093e-05,1.0,0.0010000029468979195,0.0010718801476166777,0.0070755506320944375,1.619133011350092,-1.1919771349264514,-1.1920039866533545,-1.1876398356424438,2.684493859608968e-05,0.0010000034157807629,0.0010572536796745328,0.0074267328199413086,5.189412773980035
1973,-2.403940605667402,-2.403957337703345,-2.4018900821793756,1.672992728791147e-05,1.0,0.001000003001810807,0.0010545827878885112,0.007527828229731828,1.763636271908598,-1.173095187275774,-1.173112446297374,-1.156968029205584,1.7266058259540133e-05,0.0010000035813492205,0.001083342630105714,0.009800568101410237,5.257924789852566
1974,-2.4322719484005333,-2.432281062288104,-2.4316791048589743,9.103414585005561e-06,1.0,0.0010000030171864157,0.0010469521413434227,0.0059203947235320535,1.5716144026450392,-1.229944926665889,-1.229949782954322,-1.2301979953216182,4.8567851384480795e-06,0.0010000031907111406,0.001069277405945791,0.009065209489522708,5.10891276995341
1975,-2.4466694031121596,-2.446672700486093,-2.445667676205905,3.299060857520913e-06,1.0,0.0010000029600770125,0.0010254779909649547,0.003925197160328334,1.483382893058489,-1.2202813974685138,-1.2202882719536623,-1.2160590460730925,6.8746507167816165e-06,0.0010000032191682193,0.0010525663305694859,0.007046618152202831,5.0982755819956465
1976,-2.4565598334906236,-2.4565631398614847,-2.458786091714535,3.2916805654201867e-06,1.0,0.0010000027162637914,0.0010256079060710825,0.004050475986727144,1.344264659116853,-1.1847652173704573,-1.1847694034377734,-1.1792454980313778,4.189792606565687e-06,0.0010000030122076472,0.0010472397035401729,0.0062356159039255645,5.0928644657135
1977,-2.3843759230847628,-2.384387641582849,-2.3840715795193077,1.1701417981453662e-05,1.0,0.0010000041418023549,0.00104593525570378,0.007717336007429041,1.8969984684350356,-1.2176360620392692,-1.2176629576418134,-1.2070001412596967,2.690114908748203e-05,0.0010000057001080778,0.0011660825280058716,0.017697182160595223,5.321829647488064
1978,-2.4144828769395934,-2.4145085721645714,-2.4150746003636776,2.570112921156973e-05,1.0,0.001000003660765459,0.0010880818370870263,0.009072334292555615,1.6961365150955487,-1.2041136651403375,-1.2041248428324858,-1.2027008430825339,1.1181003517574734e-05,0.001000003351105584,0.0010455294848523205,0.006310144004722436,5.138272290759617
1979,-2.4385648718420065,-2.438571907439322,-2.4405536516657413,7.0290604852280525e-06,1.0,0.001000003157763408,0.001022436098142896,0.0034975781136209953,1.5166583241156812,-1.1703148206695917,-1.1703203066976533,-1.162562053071128,5.489339431126912e-06,0.0010000035140870346,0.001049151667393744,0.006738008186221123,5.181819004482693
1980,-2.431547182910847,-2.4315525360827177,-2.431984833951266,5.3477596561863736e-06,1.0,0.001000003504812858,0.0010372688927916141,0.005537300256414796,1.5808738110200413,-1.1599047001865173,-1.159908287309938,-1.1578915659338236,3.5799211925930446e-06,0.0010000031958851548,0.0010478207712165183,0.006515364284213218,5.162304576237997
1981,-2.436223916287692,-2.4362280323820293,-2.438842822920601,4.118905877167324e-06,1.0,0.0010000033774149586,0.00102134186879925,0.0035681671392664596,1.520491456085781,-1.1633222591545846,-1.1633271447486349,-1.154928624464406,4.888822635014852e-06,0.0010000035166740418,0.0010540503465260068,0.007110948332895836,5.167004267374675
1982,-2.450589787285283,-2.4505929362099126,-2.4493297585901224,3.1332502949912594e-06,1.0,0.0010000034982233115,0.0010229959020847982,0.00373125884392,1.419469010155156,-1.15502432005273,-1.1550269957217905,-1.1575921393930912,2.66747342215644e-06,0.0010000031415580046,0.0010383851929671234,0.005810795111271242,5.133875592549643
1983,-2.445357786034638,-2.4453601837158203,-2.4445729480599456,2.405694070852028e-06,1.0,0.001000003296143885,0.001018095801074831,0.003169343830964897,1.479222151468385,-1.1324096109304163,-1.132410900460349,-1.1313825892077551,1.286466916402181e-06,0.0010000034985649918,0.0010406982852146029,0.0058400838273680875,5.192453225453694
1984,-2.4273631302815564,-2.4273674038221253,-2.427418461385763,4.2884417299954394e-06,1.0,0.0010000036937131915,0.001021691119157762,0.0037322348919433526,1.602552740079052,-1.2085229963064195,-1.2085276085469459,-1.213056478732162,4.6138962109883625e-06,0.0010000034752819273,0.0010520669269478984,0.0072733470419835715,5.119564183553061
1985,-2.3743290631276257,-2.3743429453867786,-2.379524714541885,1.3898144353110835e-05,1.0,0.001000005422370895,0.001073003179868156,0.00955935068788745,1.8895106405582067,-1.2316791272825667,-1.2317545726895331,-1.248330902059873,7.544077104992337e-05,0.0010000058734375569,0.0011316092684864997,0.01543650314108365,5.2611587418450245
1986,-2.3943248514859183,-2.394375544673992,-2.395756285145598,5.068398028049829e-05,1.0,0.001000004532782115,0.0010668089578174196,0.007772984773904647,1.844199904855692,-1.2342277920908402,-1.2342559741603003,-1.2356716766953468,2.8184221850501165e-05,0.001000003757265707,0.0010664074733439419,0.008746124110702011,5.145193677478367
1987,-2.3892517359751575,-2.389264016781213,-2.385416494225556,1.228607769282359e-05,1.0,0.0010000045481577235,0.001328956193009497,0.020856667646066338,1.9590324725744859,-1.2607668975989026,-1.2607910401291318,-1.2769370082351896,2.4141454034381443e-05,0.0010000051309665043,0.0011694511321062842,0.017459023226466443,5.284996239344279
1988,-2.431103913289196,-2.431112397391841,-2.4295474493278646,8.483962068017923e-06,1.0,0.0010000033686288967,0.0010352380890047775,0.0052372995052346084,1.5891474912751395,-1.172962844475276,-1.1729675688056482,-1.18156153364107,4.723916451136271e-06,0.001000003503739006,0.0010722582150871555,0.008726488928207092,5.131340132819281
1989,-2.455231621580304,-2.4552352518405556,-2.4535006127267516,3.6230205364947048e-06,1.0,0.0010000029996142916,0.00101940139890912,0.0034016003164480317,1.3967263068792954,-1.1822419661614627,-1.1822447690698836,-1.1754247887267006,2.7944644292195638e-06,0.0010000036460243993,0.0010713473867831958,0.008066001363719504,5.156984991497464
1990,-2.438315805399193,-2.43832051978921,-2.435712859315692,4.7085560717672675e-06,1.0,0.0010000032653926679,0.0010229319483393206,0.004017182017395378,1.545176071940728,-1.1019021823795303,-1.1019066632414858,-1.0841533901790779,4.48938873079088e-06,0.0010000032553863195,0.0010659234339578283,0.007622166050391065,5.3478912088606085
1991,-2.349620472710088,-2.3496296810653976,-2.3486591600022226,9.211096561179971e-06,1.0,0.0010000042692002542,0.0010509490088190672,0.007050417308730759,2.1806132950872743,-1.1998796294132865,-1.199891772866249,-1.2030480371581183,1.2140969435373942e-05,0.0010000044454096092,0.0011443294662361345,0.015662165462142892,5.352986616558499
1992,-2.3951823126594975,-2.3951882641270474,-2.3991721441160956,5.954841397843271e-06,1.0,0.001000004381222545,0.0010686752953092164,0.009523089395238543,1.8201826945790704,-1.1938945348306638,-1.193898127335059,-1.197892413702276,3.5971403121948243e-06,0.001000003622741335,0.001093364659593337,0.010687737544584606,5.1787096553378635
1993,-2.423350793010784,-2.423359263618037,-2.4250339382099657,8.479393315765094e-06,1.0,0.0010000032719822143,0.001082408637300415,0.010859234095990376,1.6208172766667492,-1.199572150492006,-1.1995836477312776,-1.1996283983190854,1.1499143309063382e-05,0.001000003793483807,0.0010653551279877624,0.008386266492824588,5.228722831938002
1994,-2.4120401436427854,-2.4120514730237566,-2.4106781460204214,1.1316799330261518e-05,1.0,0.0010000041461953857,0.0010914684488561074,0.007971242417247509,1.7069763102621403,-1.103604407608509,-1.103620000845856,-1.1022822555568483,1.5595638089709813e-05,0.001000003948704236,0.001063411292206082,0.007836908189993766,5.394759951697456
1995,-2.4007640694672205,-2.400773084388589,-2.4010291729333266,9.010704058521199e-06,1.0,0.0010000033862010208,0.0014522299851413886,0.029230392595120478,1.8055475950241089,-1.0677927514641647,-1.067821024513493,-1.0507668778300285,2.827304932806227e-05,0.001000003232103255,0.001061295073789855,0.007511545122704572,5.416487142774795
1996,-2.420646703468179,-2.4206635502149476,-2.421490597275068,1.6851807540317753e-05,1.0,0.0010000031270121909,0.0010228559379202296,0.003926420072532909,1.6764207561061066,-1.1041746440240077,-1.1041848072782159,-1.1047778844833374,1.0161101818084716e-05,0.0010000035451311203,0.0010426497992335093,0.006546725596611698,5.419634003109403
1997,-2.3876695565457613,-2.3876784455101445,-2.382709858552465,8.896766406185222e-06,1.0,0.0010000035531361991,0.0011077640569364688,0.014007968452477933,1.8716326637088128,-0.9908652564200262,-0.9908800623793569,-1.0010798127804366,1.4810926384396023e-05,0.0010000047351544103,0.0010567281783247988,0.00774756476490034,5.891394466824002
1998,-2.27214185921651,-2.2721767133136965,-2.2745265117231406,3.486330497939632e-05,1.0,0.0010000063295317989,0.0014149304193813565,0.03737931869010318,2.599242873911588,-1.2035350759824117,-1.2035742650429408,-1.2113413534230657,3.9194772640864053e-05,0.0010000031544930405,0.001086980016488168,0.010282364430733854,5.21615162425571
1999,-2.4261794855009833,-2.4261937006464542,-2.4279203369932354,1.4225477879902101e-05,1.0,0.0010000025756867988,0.0010374093907094509,0.0054101827027241015,1.6114571566851634,-1.1879163334767022,-1.1879202246665954,-1.1895742452806897,3.883656528260973e-06,0.0010000030924048689,0.0010521567245531413,0.007076883970552848,5.2578952524397105
2000,-2.4035130311857977,-2.403520890001981,-2.407879667462043,7.848132331416292e-06,1.0,0.0010000033466637415,0.0010709904753690902,0.011973480762087933,1.7436520625960152,-1.1506303919686214,-1.15064101351632,-1.1438813934361356,1.0622623893949721e-05,0.001000004083228608,0.0010943001575974955,0.01139856306836009,5.4211778905656605
2001,-2.353309105027397,-2.3533203646821796,-2.3510349516598685,1.124847891195765e-05,1.0,0.001000003700302738,0.0010786698538071985,0.00919052633623821,2.1164175811803565,-1.1540910126848352,-1.1541025809529755,-1.1444370177057055,1.1571248372395833e-05,0.0010000036977645423,0.0010647728625271056,0.009030100690304405,5.2596172862582735
2002,-2.4061907822231077,-2.4062073410681957,-2.40204656124115,1.657318394139128e-05,1.0,0.0010000034213452687,0.0012041965921251278,0.012572884227957506,1.8293008646875057,-1.2058151731888456,-1.2058339655399322,-1.2026874828779708,1.8794006771511503e-05,0.0010000031855371264,0.0010680210517926348,0.012232355232764449,5.181912549336753
2003,-2.399161691935557,-2.3991853808456995,-2.398923833415193,2.3688277545964944e-05,1.0,0.0010000037068922847,0.0014184851151065163,0.026398026039560308,1.8206097179988645,-1.2342953523000082,-1.2343073440922632,-1.2363571311450667,1.1993861860699123e-05,0.0010000032527993123,0.0010801486257049772,0.019487914730173847,5.199973482555814
2004,-2.4405659774564348,-2.4405712856436677,-2.440073993970763,5.30980386823978e-06,1.0,0.0010000023560352482,0.0010219318902049705,0.0037002434453241666,1.5324745875484538,-1.2470098429256014,-1.2470155563619403,-1.2541620864222447,5.709131558736165e-06,0.0010000035865232349,0.0010613089013430806,0.01475253778302835,5.067594146728516
2005,-2.4235410240461244,-2.423548212591207,-2.425387935818366,7.187209601672191e-06,1.0,0.0010000032170693267,0.0010964244072553964,0.009339256956734045,1.6251912848004755,-1.1501027137248052,-1.1501094521126813,-1.1653045538398954,6.7349937227037215e-06,0.0010000035115000274,0.0010534085954229037,0.013886262251374622,5.288178650538127
2006,-2.4251857478663608,-2.425191622860027,-2.4244243873740143,5.867964816543291e-06,1.0,0.0010000035333675595,0.0010303918245898665,0.005189984375698808,1.6361629198182304,-1.1773305729859407,-1.177332437866264,-1.1843867354922823,1.8719997670915392e-06,0.0010000040780545937,0.0010459755185163683,0.01084808914973918,5.154851214090983
2007,-2.430515838119219,-2.4305239038647346,-2.433296689447367,8.071368595339217e-06,1.0,0.001000003344467226,0.0010252338175152271,0.004315139576441275,1.5603150860318598,-1.2313455788625611,-1.231357522474395,-1.2321732128659884,1.1949406729804146e-05,0.0010000039202471575,0.0010461788986706072,0.00955717481362323,5.099768866433038
2008,-2.3869508437390596,-2.3869630165819853,-2.3876370843851342,1.218113696800088e-05,1.0,0.0010000043285061729,0.0010326971444916332,0.004939056019175728,1.9099098039123248,-1.1872115847137235,-1.1872180587715573,-1.1822372886869643,6.4788593186272516e-06,0.0010000043134722446,0.0010595484300413066,0.010082939888040226,5.301355107625326
2009,-2.4231754383950865,-2.4231817767305195,-2.4218502764431937,6.358156789023921e-06,1.0,0.0010000037420365327,0.0010242391320578052,0.003732319820215398,1.668092352039409,-1.1842367279343307,-1.1842419448308648,-1.1734079778194428,5.20961152182685e-06,0.0010000037805487712,0.0010454819278998507,0.007719349804230862,5.20532734129164
2010,-2.410925233139182,-2.4109326376105256,-2.409460535589254,7.395825858386058e-06,1.0,0.0010000046909312314,0.0011199519635652596,0.008081304140055095,1.7715286781203072,-1.156987054974565,-1.156994808711008,-1.1554122370150355,7.752411895328098e-06,0.0010000038271149,0.0010536453350343637,0.00867291785414434,5.325598298178779
2011,-2.420655497964823,-2.420664818781727,-2.4224201103426375,9.301839009770808e-06,1.0,0.0010000036014595403,0.001035682668136257,0.005401575907115948,1.6447717266262702,-1.2355585465000731,-1.2355634248091114,-1.2354516239629851,4.874500963422987e-06,0.0010000037469176783,0.0010455410332522459,0.009152117291361922,5.077794689602323
2012,-2.4612468773463987,-2.4612505031081864,-2.4616543751842572,3.6281515967171146e-06,1.0,0.0010000034938302804,0.0010193041350059914,0.0034976203548106946,1.321622960972336,-1.1892662738760313,-1.1892677459451888,-1.1893703180882667,1.4787746800316705e-06,0.0010000034726949203,0.0010367519403290417,0.007649531339605649,5.130004294713339
2013,-2.402328095346127,-2.4023399173088795,-2.39602367158206,1.1809310823116662e-05,1.0,0.001000004073710374,0.0012045291950926185,0.01574115644490241,1.8590161912846115,-1.1565887119207114,-1.1566043340497547,-1.1615572707805162,1.5619314379162257e-05,0.0010000034571728772,0.0010958254259700575,0.01737057704788943,5.432324208153618
2014,-2.4015691415318905,-2.4015909590811098,-2.4000772710116403,2.1815932584258746e-05,1.0,0.0010000036541759124,0.0010447575983081787,0.007015227280855882,1.845076324804774,-1.2235570344660016,-1.2235985711216926,-1.2312893889637457,4.153152306874593e-05,0.0010000038064188427,0.001054958660259015,0.011431919286648433,5.106446907255385
2015,-2.427733214396351,-2.427750286066307,-2.4276622196413435,1.7067522935147554e-05,1.0,0.0010000033730219275,0.0010371578787014169,0.0048969764908213375,1.624305986008554,-1.2134615851773156,-1.2134682806001769,-1.2096165105700494,6.696167919370863e-06,0.0010000033976717128,0.0010524971798683207,0.01157751260066612,5.106837564044528
2016,-2.218185842037201,-2.218344809874049,-2.2206222639893585,0.0001589705078107006,1.0,0.0010000039177577732,0.004315885691024925,0.22096645605381368,2.9389343194241793,-1.2721090346574784,-1.2723312887880538,-1.2887761832939253,0.00022225396500693428,0.0010000023913259307,0.0017088885936472151,0.07803322116119994,5.52849481370714
2017,-2.3065977343973123,-2.306867190127103,-2.3077616871527904,0.0002694461705549708,1.0,0.0010000021583488527,0.0014703559473965247,0.05028825862122313,2.365968405075793,-1.1860773668520979,-1.1861653063860205,-1.2019876347647773,8.794383870230781e-05,0.0010000027638549607,0.0012221816539143523,0.03236380511791342,5.481206544240314
2018,-2.337166666984558,-2.3372185095301212,-2.3355725711246706,5.1867357402477625e-05,1.0,0.001000003148977346,0.0018746561309287571,0.06859015799039658,2.2828279891104066,-1.142059865511126,-1.1420850800143347,-1.1567257387770546,2.522236771053738e-05,0.0010000026396786174,0.0011302682700463466,0.01810880944960647,5.438790925343832
2019,-2.410009055767419,-2.4100254481693484,-2.4068026497678936,1.6375532690084207e-05,1.0,0.0010000021407767287,0.0010519237125749296,0.0072151814446837275,1.7728183921777978,-1.2113927201264436,-1.2114096444514062,-1.2258996981713506,1.6928546958499486e-05,0.0010000027897250322,0.0010928452221883667,0.015064417878683243,5.246755260891385
2020,-2.405637120300869,-2.4056504312551246,-2.404472252108016,1.3305401464678207e-05,1.0,0.0010000025405425509,0.00103674234189796,0.005067700192877004,1.7930049131501395,-1.171760125747985,-1.1717665373037258,-1.1831398475501271,6.402283906936645e-06,0.0010000038297019072,0.0011055946634668443,0.01877558759879321,5.324108817842272
2021,-2.4312064512720646,-2.4312129425552658,-2.429303569613763,6.474273384742017e-06,1.0,0.0010000027821592565,0.0010320486606292005,0.004905496460368049,1.6064487943109476,-1.1855658240616322,-1.185569222437011,-1.2045412107060354,3.4038391378190782e-06,0.001000003775374757,0.0010692575661879447,0.011345620872452855,5.157380814022489
2022,-2.464880012116342,-2.4648836693673766,-2.4646023039547904,3.654369205798743e-06,1.0,0.001000002584472861,0.001018617976509597,0.003346511283625831,1.3069101392098192,-1.2075164242802807,-1.2075183847763886,-1.2213494587430938,1.965132024553087e-06,0.0010000036693074638,0.0010631738256456124,0.010902454760960406,5.066503153906928
2023,-2.449641560608486,-2.4496458026598082,-2.448788323492374,4.246690363254187e-06,1.0,0.0010000027821592565,0.001018074472909266,0.0032106269137793272,1.421571450413398,-1.1939027461119822,-1.1939077665615412,-1.1988431728134552,5.0269895129733615e-06,0.0010000035942842563,0.0010776879369384712,0.010732776989849905,5.1480902089013
2024,-2.431945803030482,-2.431953547135839,-2.43250299624677,7.719434094878863e-06,1.0,0.0010000028788059387,0.0012496258417706726,0.022082768079719314,1.5810980729337007,-1.1851490864530205,-1.1851542939121524,-1.1934381145673494,5.21101885371738e-06,0.0010000035658271776,0.0010611116498087843,0.010033400033393668,5.186450603273179
2025,-2.429229497909546,-2.4292336140038833,-2.431409624387633,4.116094337319428e-06,1.0,0.0010000032522135749,0.0010210534948679917,0.0036599902031978345,1.6138757354808304,-1.1794633327258957,-1.1794664536913235,-1.1856724022163285,3.1179024113549125e-06,0.0010000039098991289,0.001060941122058365,0.008941744966432453,5.196211136711969
2026,-2.4190962899406,-2.419100635456589,-2.4204409032497765,4.35345858897803e-06,1.0,0.0010000035641187766,0.00101782874432656,0.003183469819871463,1.7006693482398987,-1.1751657045549813,-1.175169271727403,-1.1837213532792197,3.5662617948320178e-06,0.0010000040185534293,0.001056982160338925,0.008790669629039865,5.156368096669515
2027,-2.432841269475109,-2.4328448862399696,-2.4319280993263677,3.6231611134870996e-06,1.0,0.0010000030764923343,0.001016151959533399,0.0030872135594452047,1.5772619787252173,-1.157032270476015,-1.1570356073427117,-1.157974475166864,3.3394330077701145e-06,0.0010000037158735924,0.0010529046153856649,0.0076161431226258475,5.199399010340372
2028,-2.4064226150512695,-2.4064264814808682,-2.413586917913185,3.87296642897264e-06,1.0,0.0010000035114024045,0.0010194789578716428,0.003585561547639235,1.6565525194384016,-1.0927252867983446,-1.0927287676268154,-1.0975302575363053,3.4747024377187094e-06,0.00100000427208013,0.0010717757977545261,0.013395947887976137,5.464697610007392
2029,-2.4150114194402157,-2.415018189628169,-2.414536710055369,6.767868433358534e-06,1.0,0.001000003856255339,0.0010340074780133535,0.005330416619918257,1.7165630336077708,-1.164845665295919,-1.1648498546746042,-1.1624986242089006,4.195008012983534e-06,0.0010000034752819273,0.0010687565353388587,0.01275033188932058,5.233397547403971
2030,-2.4410340965918773,-2.441038343141664,-2.441592216491699,4.25118882701082e-06,1.0,0.0010000030040073226,0.0010289555472620534,0.004776072218346427,1.5033093297256614,-1.155657995864749,-1.1556605925576555,-1.159068414568901,2.5955339272816976e-06,0.0010000035063260132,0.0010669131840889653,0.009409850597795514,5.268822230233087
2031,-2.441664695739746,-2.441667916639796,-2.4398145585689903,3.2218138001999763e-06,1.0,0.0010000030545271792,0.0010279198023402747,0.005619806393471388,1.4974852440492161,-1.1443006763855614,-1.1443030981553926,-1.146879744074411,2.417465051015218e-06,0.0010000035011519988,0.0010626924870949653,0.010360720787300833,5.261472405327691
2032,-2.398939407096719,-2.398949827788011,-2.39944268172642,1.0419144945324592e-05,1.0,0.0010000034323278462,0.001430219291920229,0.03133287920203622,1.7745703031431954,-1.1592771703170404,-1.1592917088005277,-1.1607615800781383,1.4537407292260063e-05,0.0010000043471033375,0.0011071382245669763,0.0200595695603018,5.30494982931349
2033,-2.4335518153208606,-2.433559579669305,-2.4346870836221948,7.759006518237996e-06,1.0,0.0010000038189145754,0.0010289510158505643,0.004297544573486413,1.5421695754213154,-1.17517660651356,-1.17517962201188,-1.1790198234220346,3.011359108818902e-06,0.0010000040340754721,0.0010903181223612692,0.01433620053705656,5.205493450164795
2034,-2.4252102914846168,-2.4252150868469813,-2.4254384715602084,4.797822461937959e-06,1.0,0.0010000032082832647,0.0010268741621161407,0.004047792989163185,1.620991828306666,-1.1505790055625968,-1.1505846507847308,-1.159936472773552,5.65101703008016e-06,0.0010000042643191086,0.0010877065282935898,0.012484020729445749,5.270643356111315
2035,-2.4320421668718444,-2.4320458421167337,-2.4325673760108226,3.6694812324811828e-06,1.0,0.0010000039902427849,0.0010208365494244784,0.0035664305213909103,1.5837743957087678,-1.1469739369220202,-1.1469762118326292,-1.1477659813645813,2.2786358992258706e-06,0.001000004629087117,0.0010676327834112777,0.011673582901453806,5.2609614955054385
2036,-2.4248096133178136,-2.4248144401694245,-2.423078721424319,4.838730366724842e-06,1.0,0.0010000048227221617,0.0011123072022115284,0.024802416139106564,1.6593156918039862,-1.1798745165268578,-1.1798821987377273,-1.1956780111624135,7.679727342393663e-06,0.0010000039719873005,0.0010665953883694278,0.009714688828939364,5.164763832092285
2037,-2.425076615135625,-2.4250858054970794,-2.42671108695696,9.217703679822526e-06,1.0,0.0010000030567236947,0.0010271728355086074,0.004676465061493218,1.6215864015075396,-1.0985561281442642,-1.0985645509428448,-1.0963836694550184,8.426523870891994e-06,0.0010000032424512836,0.0010518345438564817,0.008490933379572298,5.309485265943739
2038,-2.4157093111074195,-2.415716783055719,-2.4117549095513686,7.469558490897124e-06,1.0,0.0010000032895543384,0.0010376244515426598,0.005510655961017001,1.7130281070493303,-1.092753737254275,-1.092757393999232,-1.0976556501040855,3.6608841684129503e-06,0.0010000041582518154,0.0010558705388878783,0.008987279290643831,5.371768151389228
2039,-2.429227199194566,-2.4292350625092127,-2.431930402539811,7.857199547425756e-06,1.0,0.00100000312261916,0.0010172136321242125,0.003058701107840774,1.6139260507979483,-1.1285563651058408,-1.1285606566402646,-1.1305775920136107,4.290872149997288e-06,0.0010000033666276269,0.0010337872792863185,0.006727506248797807,5.163534858491685
2040,-2.3926222886679307,-2.392632747596165,-2.3903872134550563,1.0468417181158966e-05,1.0,0.0010000042670037386,0.0010695318221378158,0.01120111949847273,1.8925329604238834,-1.1565436196203034,-1.156550651974976,-1.1698859533760697,7.036245531506009e-06,0.001000004269493123,0.0011043704890956482,0.01252736216928396,5.225223631329007
2041,-2.451449947537116,-2.4514582966858485,-2.4508835099778086,8.359270275763745e-06,1.0,0.0010000030215794467,0.001022053093930601,0.00418523528595578,1.4366067490487728,-1.1385528842608132,-1.1385712252722846,-1.1402289998614126,1.835326353708903e-05,0.0010000031389709976,0.0010571114279122817,0.008568175131868985,5.15902206103007
2042,-2.4146749658404656,-2.414679574516584,-2.4137681137840703,4.6293409365528035e-06,1.0,0.0010000031204226445,0.0010217851234318794,0.003984012482863552,1.5599274005530015,-1.0024856612293256,-1.002504348444442,-0.9792687087009351,1.868042680952284e-05,0.0010000061605953507,0.0011948052560910583,0.02084070793611722,5.786396545834011
2043,-2.387991081993535,-2.388020470457257,-2.389511450281683,2.939099410794816e-05,1.0,0.001000004368043452,0.001160292391981578,0.020563137587950617,1.9077813040535405,-1.1233916157442663,-1.1234269680869249,-1.1322118750462928,3.534787231021457e-05,0.0010000034416508344,0.001095293058703343,0.013975383377530508,5.436447556813557
2044,-2.4054590621084535,-2.40547088856967,-2.4026187680802256,1.1822243906416983e-05,1.0,0.0010000030808853654,0.001032602360454511,0.005011670741709476,1.8502961014801602,-1.0866965571625364,-1.0867127346081866,-1.0962408521109157,1.6173720359802247e-05,0.0010000037029385567,0.0010927192013089856,0.013018902357564205,5.627014488644069
2045,-2.3930097750897676,-2.3930329826642884,-2.392113262752317,2.3202513748744747e-05,1.0,0.0010000041527849324,0.00103491157477827,0.0055645823628061785,1.896665004064452,-1.0953690533008842,-1.0953891994224654,-1.1018793975934387,2.014968130323622e-05,0.0010000037288086282,0.0010896035030277238,0.011498037743796078,5.498076195187039
2046,-2.4196674913730263,-2.419682097884844,-2.4226111106152803,1.4626262885219646e-05,1.0,0.0010000029908282296,0.001025232372208024,0.004150645471318572,1.680193323009419,-1.1633640319522884,-1.1633716607673301,-1.1709839216123024,7.620702187220256e-06,0.0010000039073121217,0.001071791878590981,0.01004452053198798,5.209754625956218
2047,-2.4143718233648337,-2.414380577375304,-2.4123649349752463,8.768208746640187e-06,1.0,0.0010000034015766293,0.0017499160021543503,0.0383859268490682,1.8645594434918098,-1.156842403113842,-1.1568604740831587,-1.1533502219451799,1.807461182276408e-05,0.0010000031312099762,0.001048320824176901,0.009701538869800666,5.219241036309136
2048,-2.439312363570591,-2.4393288999233604,-2.43867826461792,1.654942642967656e-05,1.0,0.0010000026811195432,0.00104255802305591,0.0075670323918907425,1.5530709972921408,-1.1807419162657529,-1.1807533798118433,-1.1756565328273507,1.1463049385282729e-05,0.0010000033278225197,0.001048272907630437,0.008111922711961799,5.089973396725125
2049,-2.4481361317184738,-2.448144071507004,-2.4493459080750086,7.950753535864488e-06,1.0,0.001000002619617109,0.001021606799320511,0.003813997484339436,1.4320194260129389,-1.0857008165783353,-1.0857183108727138,-1.0719577606353494,1.749487386809455e-05,0.0010000029475324683,0.0010451043567930658,0.007874580899563928,5.392472929424709
2050,-2.4189323839151635,-2.4189384073581337,-2.4177807951873205,6.0370086498980255e-06,1.0,0.0010000033664323811,0.0010185525379196373,0.0034859339544057563,1.7019747653097477,-1.1549293774697513,-1.1549339924421576,-1.1537384366823566,4.606528414620294e-06,0.0010000038400499356,0.0010519831907004119,0.0075220202690818245,5.191223075654771
2051,-2.3941570317970133,-2.3941675019714066,-2.3957640922294474,1.0472493913938414e-05,1.0,0.0010000035509396836,0.0010714204564585157,0.01068568644597072,1.8288481730335164,-1.1469958487277232,-1.1470075761899352,-1.153794440958235,1.1728372838762071e-05,0.0010000040237274435,0.001094884857431882,0.0111631440386797,5.241623804304334
2052,-2.4225257702593535,-2.422539175681348,-2.4237119251827024,1.338756871673296e-05,1.0,0.0010000031907111406,0.0010365660671355589,0.005526038288701115,1.6288229676912416,-1.094347171154287,-1.0943608529865743,-1.0902151087919871,1.3682742913564046e-05,0.0010000034623468916,0.0010548013624631697,0.006431915859381358,5.242363394631281
2053,-2.4263235757935724,-2.426333539890793,-2.4299551675904474,9.947298270351482e-06,1.0,0.0010000030062038382,0.0010202876336099405,0.00350038021064873,1.5917033856769778,-1.1032104048877955,-1.1032178877542416,-1.0943000132011043,7.48982032140096e-06,0.0010000035477181275,0.0010606309321398537,0.007692159210435218,5.260096152623494
2054,-2.422546197783272,-2.4225508491947965,-2.425364710249991,4.661462779315013e-06,1.0,0.0010000030567236947,0.0010198428348269103,0.0034805677176611323,1.6426582561348968,-1.1377292920912925,-1.13773364496883,-1.1232503687342008,4.3525464004940455e-06,0.0010000035011519988,0.0010604826940430535,0.007762880413793027,5.207201671600342
2055,-2.422101673090233,-2.4221097568296037,-2.426808775595899,8.103490438101426e-06,1.0,0.0010000030149899001,0.0010613540784930283,0.006937060164691845,1.6134978420329544,-1.196873214592536,-1.1968814613918464,-1.1892066636847125,8.242825667063395e-06,0.0010000033226485053,0.0010419033493639695,0.006491526648298733,5.146846787134806
2056,-2.4388193769275017,-2.4388226922952905,-2.4369096171181157,3.327879140961845e-06,1.0,0.0010000032763752453,0.0010400167490654396,0.0059704474318456255,1.5528852377297744,-1.1416923685206306,-1.141695916487111,-1.1347395669151512,3.550201654434204e-06,0.00100000304583874,0.0010358304509686098,0.005794248649747007,5.199460448159113
2057,-2.350015754969615,-2.3500315805651106,-2.348197230752909,1.583536559680723e-05,1.0,0.001000004545961208,0.0012098529358517448,0.01629213991856097,2.1734144552698673,-1.1526762993385395,-1.1527245081547233,-1.1848257538345126,4.82092301050822e-05,0.0010000053482751051,0.0011392855551093817,0.02149625319418394,5.55246384938558
2058,-2.4043745814629323,-2.404407357269863,-2.4062243767504423,3.277967279812075e-05,1.0,0.0010000042164838821,0.0010411398120681351,0.005901562471715909,1.7900561589115072,-1.1442539089048904,-1.1443067376605338,-1.1445902973568687,5.28309080335829e-05,0.001000003775374757,0.0010820686687818832,0.010214791040764087,5.315318669213188
2059,-2.452482538403205,-2.4524897584375345,-2.455917965691045,7.231280488787957e-06,1.0,0.001000003091867943,0.0010169343298019947,0.0031602554010086745,1.4111992165727436,-1.1771946408682399,-1.1771988234586186,-1.164106614391009,4.183087084028456e-06,0.001000003604632285,0.0010601606116526657,0.008171729849547976,5.1323913998074016
2060,-2.4459568194623262,-2.4459603102702014,-2.4464734725232393,3.490667298155011e-06,1.0,0.0010000032895543384,0.0010166648634762135,0.0029521203019990112,1.4532810202184714,-1.1495469740695419,-1.149549742705292,-1.153257800059186,2.7712848451402454e-06,0.0010000036848295066,0.0010538412775430415,0.00858732780131201,5.142797427707249
2061,-2.436182885799768,-2.436186619524686,-2.435654896610188,3.7467282898021195e-06,1.0,0.0010000029600770125,0.0010601555454140565,0.006950153393741205,1.544653372944526,-1.1344908651585377,-1.1344944237213996,-1.135447526226441,3.558728430006239e-06,0.0010000032062331835,0.0010422584807707204,0.00736033299472183,5.231470076243083
2062,-2.2267747825046755,-2.226833185216166,-2.2306248005831018,5.8411919283417035e-05,1.0,0.00100000455474727,0.0015228866502853496,0.08244142372090861,2.7409536343700482,-1.1847328215837476,-1.1847726160453425,-1.2066141062312656,3.9791564146677655e-05,0.0010000023240637449,0.0011626149165547557,0.021519238954513437,5.441739092932806
2063,-2.4117208966669046,-2.4117465424087814,-2.408441534582174,2.5639978219877998e-05,1.0,0.0010000017563865152,0.001247971294500496,0.018722608457055857,1.7444565656050197,-1.2433122218483026,-1.2433198798861769,-1.2483594155973858,7.656713326772055e-06,0.0010000019929268294,0.0010654314395247234,0.00927969873106728,5.113649071587457
2064,-2.4024796688331747,-2.4024916707344777,-2.404010577021905,1.2021792947121386e-05,1.0,0.0010000026547613572,0.0010736852901864727,0.008754042858029451,1.7320227780432071,-1.1719645837942758,-1.1719742907418145,-1.1598602149221633,9.707361459732056e-06,0.0010000027638549607,0.0011049202953775723,0.011804083491572075,5.247535631391737
2065,-2.4269760464722254,-2.426986329960373,-2.4294903143396915,1.0266970351057233e-05,1.0,0.001000002206672194,0.0010804869256527076,0.011271251807042028,1.601660964623937,-1.2407766509387228,-1.2407864032520188,-1.243459675874975,9.752810001373291e-06,0.001000003110513919,0.0010886231877116693,0.011317033028333551,5.1613894674513086
2066,-2.4404286618502633,-2.4404336551450334,-2.4416484157994107,5.004259775269706e-06,1.0,0.0010000029512909504,0.0010449576108136549,0.005414580155322152,1.4815429134188958,-1.2122471156219639,-1.2122532457113266,-1.212086927725209,6.1347252792782256e-06,0.0010000028957923254,0.001068315854192608,0.010020658397115767,5.1195334328545465
2067,-2.411659546618192,-2.411666939843376,-2.408442663696577,7.391678837110412e-06,1.0,0.001000002771176679,0.0013269154192387777,0.016819539295404026,1.72842871243099,-1.1809674772537417,-1.1809730760339234,-1.1811708382434316,5.59969080819024e-06,0.0010000028207691179,0.001041135473901199,0.0065192947474618755,5.1651169406043165
2068,-2.4212780516102628,-2.421286369269749,-2.4174021842344753,8.303250344294423e-06,1.0,0.0010000026921021207,0.0011241998686015886,0.01395446883584812,1.7140701356923804,-1.157236540897025,-1.1572579925258955,-1.15795670689808,2.1447489658991495e-05,0.001000003097578883,0.0010476911414621605,0.006403426712171899,5.242136510213216
2069,-2.450779896862102,-2.45078363058702,-2.449481185877098,3.7273286648516384e-06,1.0,0.0010000026921021207,0.0010173618398114758,0.003119637526325741,1.437098300681924,-1.197768387860722,-1.1977704281608264,-1.202494036551151,2.042038573159112e-06,0.0010000032398642766,0.001042383691916863,0.006859008685892655,5.116162872314453
2070,-2.4551257997188927,-2.455128111929264,-2.457261431891963,2.325424608194603e-06,1.0,0.001000002823893051,0.0010155381740264173,0.0033932168998773086,1.3906638217422198,-1.14869119822979,-1.1486940764718585,-1.1408394306070275,2.8834574752383763e-06,0.001000003079469833,0.0010338875232264399,0.005107786338258948,5.147623109817506
2071,-2.447482226029882,-2.447488253971316,-2.4476143189196318,6.042702018090014e-06,1.0,0.0010000025778833144,0.0010517545127889738,0.011465731887410412,1.4305957679478627,-1.12424729656842,-1.124269756095277,-1.1179666022459667,2.2459361288282606e-05,0.0010000026784837246,0.0010236291602874795,0.004149937208017541,5.217807992299399
2072,-2.371537885575924,-2.3715497907602563,-2.3700396362340674,1.1900545291180881e-05,1.0,0.0010000043175235954,0.001557756573365966,0.034223387619691355,1.952458862988454,-1.1934616261472304,-1.1934832638750474,-1.199823373535441,2.1633423036999173e-05,0.0010000041634258296,0.0011234558239165279,0.014686877709916897,5.323094669977823
2073,-2.4363235752537564,-2.4363359055429137,-2.4398903441878983,1.2326423289640894e-05,1.0,0.0010000030303655087,0.0010444776062800917,0.007401909299177241,1.5120918109731853,-1.1585639045470288,-1.1585816985203161,-1.1603466410603789,1.7795794539981417e-05,0.0010000027974860536,0.0010382546784563197,0.005594334764302605,5.159941667980618
2074,-2.417792605903913,-2.417799457064215,-2.4212019825881383,6.853831264207948e-06,1.0,0.0010000029425048884,0.0012046888685908238,0.012569018911992042,1.7339783007243894,-1.0623791888770129,-1.062386896337072,-1.050667769741267,7.70514210065206e-06,0.0010000030665347974,0.001037731107013921,0.007181982882320881,5.379843860202366
2075,-2.427679939090081,-2.4276825032144225,-2.4292845681028545,2.560047608501506e-06,1.0,0.0010000027492115238,0.0010188658928217472,0.0033976904178073383,1.6022034546114363,-1.1054245865179433,-1.1054269453717602,-1.096392670654071,2.358274327384101e-06,0.0010000033407575554,0.0010358259780332447,0.0064600480125389164,5.346241188049317
2076,-2.3436950580129086,-2.3437019833978616,-2.3464866246817246,6.9158960063502475e-06,1.0,0.0010000038057354824,0.0010419058688160665,0.005888872441642408,2.1558989938699975,-1.04716699562139,-1.0471798582209482,-1.0497482532480111,1.2866490417056613e-05,0.0010000047765465246,0.0010749306607370575,0.011294411650548378,5.610664346483018
2077,-2.3582716842867293,-2.358286535964822,-2.356741540836838,1.4858144634174851e-05,1.0,0.001000004225269944,0.001125860199297093,0.015848606493201037,2.159733677810093,-1.1978832167055873,-1.19789785337117,-1.1934488742715783,1.4632360802756415e-05,0.0010000037469176783,0.0010598740747405422,0.007477665371778939,5.179793903562757
2078,-2.430571830497598,-2.4305768642785415,-2.4319765477810265,5.037014214497692e-06,1.0,0.0010000032258553888,0.0010252166122092672,0.004223127713216082,1.583380141348209,-1.1390300087630751,-1.1390325133171346,-1.1344581313431263,2.5056302547454835e-06,0.0010000032864304052,0.0010441589919436309,0.00627724077914738,5.318106730779012
2079,-2.4227102972426504,-2.4227144943093353,-2.424212581706497,4.215763424927334e-06,1.0,0.0010000032324449352,0.001027829064284715,0.0044858079241096695,1.6697700473497499,-1.1665653100444213,-1.166568726963467,-1.163747978541586,3.4225483735402426e-06,0.0010000032527993123,0.0010426597074709005,0.006183806752475599,5.172681866751776
2080,-2.4452494090458132,-2.44525238702882,-2.444164532535481,2.9795293538075575e-06,1.0,0.001000003131405222,0.0010299233912999899,0.004261682521692425,1.4598318956932932,-1.0733179297712114,-1.0733210628231367,-1.0676829629474216,3.134624825583564e-06,0.0010000030018596185,0.001045545689865119,0.006953748576860461,5.359902429580688
2081,-2.4621508391398303,-2.462153155848665,-2.4598550121739224,2.316146526696547e-06,1.0,0.001000002610831047,0.0010141312904691077,0.002813109012215205,1.3620190777868595,-1.1541220765974787,-1.1541260815329022,-1.1560756449898084,4.001541270150079e-06,0.0010000031337969832,0.0010370631133102708,0.006143961189728644,5.125344774458143
2082,-2.4486162662506104,-2.448619338701356,-2.4511333411594607,3.0815179617899767e-06,1.0,0.0010000031533703771,0.001015249813274252,0.002739085563247637,1.4056410002258588,-1.1532080936763018,-1.153211404217614,-1.1604634621077115,3.3063193162282307e-06,0.0010000030329037045,0.001030902235975696,0.00499693765046282,5.226034641265869
2083,-2.4346723916395656,-2.4346761433583386,-2.4317135900821327,3.74454934642e-06,1.0,0.0010000028722163923,0.001019134008290492,0.003741924850850032,1.5880023600920192,-1.1712684103805158,-1.1712723953649402,-1.168231273545987,3.98134191830953e-06,0.0010000031958851548,0.001032827326303555,0.005377924157720473,5.110964229371813
2084,-2.4309061338316718,-2.4309115859697448,-2.4304422747414067,5.456144517322757e-06,1.0,0.001000003430131331,0.0010210968892283316,0.0033312209745658176,1.5711782698361378,-1.0697273561937943,-1.069735256706675,-1.0580894112586976,7.904072602589924e-06,0.0010000031415580046,0.0010392754079980983,0.006075628702011373,5.457202964358859
2085,-2.441788574434676,-2.4417949127701095,-2.440100170531363,6.329268217086792e-06,1.0,0.0010000029930247452,0.0010764423454672379,0.00813925432542093,1.5133024634055372,-1.1782257831758924,-1.1782312192850644,-1.186861527669761,5.43304615550571e-06,0.001000003162254062,0.0010333604334543149,0.005194430446459187,5.045019955105251
2086,-2.4009613293521808,-2.40097624850723,-2.4032847746363224,1.4916273220530096e-05,1.0,0.0010000037024992536,0.001057378038377413,0.008241406413462927,1.7919100567979633,-1.1711586805163987,-1.1711730025191274,-1.1579955333015985,1.4322499434153238e-05,0.0010000039926833576,0.0010956800361681316,0.012942633684724569,5.31842008696662
2087,-2.4349571983769254,-2.4349689528627216,-2.4347561440377867,1.1755610412021852e-05,1.0,0.0010000028963780628,0.0010230388900897695,0.00420045165810734,1.574864277299845,-1.162004005908966,-1.162014222972923,-1.1546355427967177,1.0215573840671115e-05,0.001000003007033633,0.001046843001515501,0.007047193044693105,5.149763944413928
2088,-2.4113656889717534,-2.4113760039491474,-2.4130385011996864,1.0308440563813696e-05,1.0,0.0010000033927905672,0.0010447227791443748,0.006914713745058145,1.6890911178768806,-1.1142510028349029,-1.1142713362144099,-1.0939929298228688,2.033412456512451e-05,0.0010000034649338986,0.0010555907825214996,0.008008400803535348,5.3125764422946515
2089,-2.4319465520246974,-2.4319612575027176,-2.4301426095782586,1.471841110373443e-05,1.0,0.0010000031511738616,0.0010233002446837865,0.004133960614332331,1.5706768710658234,-1.1699446799026594,-1.1699520722031593,-1.1645760505563683,7.394949595133463e-06,0.0010000030924048689,0.0010445529646757577,0.006385813668991129,5.1403417428334555
2090,-2.4148709594078785,-2.4148796436921605,-2.4142302409657894,8.680137260904852e-06,1.0,0.0010000035421536217,0.0011474341659297078,0.0183002435215661,1.6784830430768571,-1.0793548869589964,-1.079373073660665,-1.09876302762164,1.8181734614902073e-05,0.00100000384522395,0.0010613620539920198,0.009305766765545639,5.419603199428982
2091,-2.4056123585071205,-2.4056206379296645,-2.4036836669130146,8.283639853855349e-06,1.0,0.0010000038452727615,0.0010252564042841769,0.004328481314861971,1.773056537475226,-1.004192120416297,-1.0041951605015331,-0.9770607240705027,3.0388434727986654e-06,0.0010000032191682193,0.0010423531134923299,0.006632172686254813,5.4174856821695965
2092,-2.31684961408939,-2.316866784725549,-2.3081365868730366,1.7181671452972125e-05,1.0,0.0010000051390203946,0.0011097813170086945,0.02049483246398422,2.310551202522134,-1.1550148437006602,-1.155037690823277,-1.1639968749549654,2.2848198811213175e-05,0.001000004442822602,0.0011683787141616145,0.04263919227394379,5.619348684946696
2093,-2.415858489162517,-2.4158759477003566,-2.417665036219471,1.7467253613022138e-05,1.0,0.001000003010596869,0.001055229301476535,0.009446730288097038,1.6867421325647607,-1.1971978639562921,-1.1972072001960543,-1.2004345804452896,9.33036208152771e-06,0.0010000034054327342,0.0010720205001739991,0.015225036768242717,5.181506209903294
2094,-2.4449342466750235,-2.4449395143760824,-2.4436318559466668,5.255470860679195e-06,1.0,0.001000002437306322,0.0010237161351262399,0.004379311413943487,1.4415011226006273,-1.1248014464974403,-1.1248053334653378,-1.1285563668443097,3.890030913882785e-06,0.0010000040237274435,0.0010591059897301926,0.009475949194489254,5.3170614507463245
2095,-2.4362422430290365,-2.436246377117229,-2.4397418948839293,4.1205928010760615e-06,1.0,0.0010000037420365327,0.0010245205584105174,0.0038082086270288477,1.519079916882065,-1.1279356171687445,-1.1279398332039514,-1.1128660312750274,4.215041796366374e-06,0.0010000036900035209,0.0010611420962959527,0.009159567108791735,5.236357402801513
2096,-2.448191174921,-2.44819530675996,-2.4497256054068512,4.1142668364182955e-06,1.0,0.001000003456489517,0.0011452629652647477,0.015039205166757247,1.421087863310328,-1.1576468247506357,-1.1576538321872551,-1.1745528774956862,6.9986614916059705e-06,0.0010000038607459929,0.0010477614770126012,0.00937317640054971,5.158550993601481
2097,-2.4401868469310255,-2.440190909043798,-2.4413065865354717,4.0639402731409616e-06,1.0,0.0010000033027334314,0.0010261571162186985,0.0038772146437176555,1.5072741890853305,-1.15509484724866,-1.1550967788530722,-1.154686809455355,1.9387238555484348e-06,0.0010000034494118558,0.001039840687169797,0.008421993824756807,5.163745705286661
2098,-2.4443913608227135,-2.444396842200801,-2.4438033801204755,5.477020200693383e-06,1.0,0.0010000049852643092,0.0015921165028868138,0.025546398174175818,1.5399337051049717,-1.1365057979606923,-1.1365135297593143,-1.1457622521453434,7.736020618014866e-06,0.0010000029734025398,0.0010386494842047492,0.008297639578166935,5.169047657648722
2099,-2.4304053648462833,-2.430412144031165,-2.429739551724128,6.765408335991626e-06,1.0,0.0010000029205397335,0.0010522832382329791,0.0061874958523988445,1.613205610581164,-1.182338781820403,-1.182347084250715,-1.1851833562056224,8.29986400074429e-06,0.0010000032036461765,0.0010569658363237977,0.008305161482551032,5.1263106081220835
2100,-2.4378041861192234,-2.437812643231086,-2.439139681042365,8.467514559907733e-06,1.0,0.0010000026130275626,0.001056341783864037,0.010674369615889242,1.5229923905066725,-1.137695620291763,-1.1377038349707922,-1.1320382923715644,8.217659261491563e-06,0.00100000300962064,0.0010405668393812246,0.006816815817728639,5.21267941792806
2101,-2.4242613270597637,-2.4242704319504074,-2.4247999641130553,9.109529684174736e-06,1.0,0.0010000031687459857,0.0010284982854500413,0.005009867619933947,1.6383097419198953,-1.1340673283570342,-1.134075434340371,-1.1164049120412933,8.102920320298937e-06,0.0010000028595742252,0.001054050962233709,0.008090976061713365,5.213403818342422
2102,-2.41364789908787,-2.4136683805933536,-2.413152775674496,2.049331395131237e-05,1.0,0.0010000028700198767,0.001030240291378127,0.005197356507744429,1.708590032919398,-1.1181802578270432,-1.1182047721412447,-1.10819686634673,2.4517128864924112e-05,0.0010000032243422336,0.0010467296414491203,0.00793751954463207,5.1743046071794305
2103,-2.379235766968637,-2.379335326968499,-2.376668149570249,9.956161649721973e-05,1.0,0.0010000037596086568,0.001512402602699849,0.024859963074976683,1.9986097362806212,-1.1028328253991073,-1.1028941334121758,-1.0899645276057224,6.130577789412605e-05,0.0010000033976717128,0.0010862855732233989,0.011117819049913023,5.366289191775851
2104,-2.400485785502308,-2.400509141526132,-2.399700304247298,2.3354126035042527e-05,1.0,0.001000004051745219,0.0010349886944376915,0.005202449647323141,1.7962728603830878,-1.1535736364208986,-1.1535978897992107,-1.1567405477994017,2.4251970979902478e-05,0.001000004168599844,0.0010733249959432416,0.010741306318798,5.363935036129422
2105,-2.4283216449449645,-2.428330475429319,-2.4285672520691493,8.83449079855433e-06,1.0,0.0010000029952212605,0.0010266458035780575,0.004346863621459255,1.6138975935162239,-1.1750697753081722,-1.1750734755976333,-1.1625837864147293,3.694742918014526e-06,0.001000002988924583,0.0010464265787353119,0.007540367675634722,5.142512125439114
2106,-2.436708832686802,-2.436714523243454,-2.4355007297587843,5.681630013123998e-06,1.0,0.0010000029468979195,0.001020113504843189,0.0037509486703026407,1.5246534729903598,-1.0827209463963905,-1.0827281054109335,-1.0647728163335057,7.156531016031901e-06,0.0010000026577876675,0.0010475555253732535,0.007521360605541203,5.321280892690023
2107,-2.4373559456951215,-2.4373616497471646,-2.436394619491865,5.725349457758777e-06,1.0,0.0010000030764923343,0.001016890258914879,0.003295217436422014,1.525206687315455,-1.126620216170947,-1.126623229930798,-1.1147620883252887,3.0168228679233126e-06,0.001000002988924583,0.0010366269206214282,0.006933032871327466,5.166790474785699
2108,-2.4237038481910274,-2.4237086727934063,-2.423251635623428,4.821579973652678e-06,1.0,0.0010000031863181096,0.001067638610278801,0.007645191815857477,1.6204596690411837,-0.9655792282687297,-0.9655813964704673,-0.9433879251281421,2.1721753809187146e-06,0.0010000031493190263,0.0010831795296528273,0.010468563631487389,5.637311395009359
2109,-2.414696490989541,-2.414703535583784,-2.4129123237897767,7.046210878300217e-06,1.0,0.0010000032478205438,0.0010371835318060134,0.005571806361846064,1.726328505660003,-1.1623248616854351,-1.1623311043613487,-1.1568887795159954,6.247063477834066e-06,0.0010000032890174124,0.0010614168157594072,0.008201331580575141,5.1827515284220365
2110,-2.4346022605895996,-2.4346063856808646,-2.436586748878911,4.1050590434164375e-06,1.0,0.0010000029468979195,0.0010197246293449458,0.003572376469097469,1.533315344801489,-1.1361795999006263,-1.1361847053695884,-1.1341977773234249,5.099591281678941e-06,0.001000003625328342,0.0010504407756444481,0.007643790556014412,5.225077109866672
2111,-2.4367818742428184,-2.4367853515553026,-2.4374069762679764,3.479280561771033e-06,1.0,0.0010000032719822143,0.001020298741388855,0.0038110938775440992,1.5184363239216354,-1.1940896164005002,-1.194091964409583,-1.1859773511480953,2.354880174001058e-06,0.0010000040056183934,0.001052620031663941,0.007548135322415167,5.097929276360405
2112,-2.427136911536163,-2.4271389808294908,-2.427942638127309,2.0697150590284814e-06,1.0,0.0010000040034218779,0.0010466319904223365,0.006024307162799644,1.6174026435276248,-1.1217180397775437,-1.121720827370882,-1.118944532941613,2.781550089518229e-06,0.0010000038892030716,0.0010645456042968566,0.009577138393392994,5.382704427507189
2113,-2.4042483680653124,-2.4042520837963752,-2.4041981472159333,3.7271177993630465e-06,1.0,0.001000004034173095,0.001028776757489398,0.0054544896054310055,1.774689813829818,-1.2128256083776552,-1.2128294742355743,-1.2099141610165438,3.860890865325928e-06,0.0010000037469176783,0.0010617388878017664,0.009279930617453323,5.090969959894816
2114,-2.441144340443161,-2.4411494776887714,-2.4431159316368825,5.154044560666354e-06,1.0,0.0010000035816909007,0.001020986472590352,0.003829156208941537,1.4678186830484643,-1.14477960848146,-1.1447838548984792,-1.136175892667638,4.2536192470126685e-06,0.0010000036693074638,0.0010643126856949593,0.009166964249581926,5.181738403108384
2115,-2.4405368903897844,-2.4405420613738724,-2.4396472179664754,5.1827222671148915e-06,1.0,0.0010000036937131915,0.001263070519890566,0.012719210061543394,1.519535074818809,-1.143959058448672,-1.1439779456704855,-1.1412958943181568,1.8884572717878555e-05,0.0010000030329037045,0.001034752163104713,0.007147852711689969,5.1030271159278024
2116,-2.437587270196879,-2.4375926121225895,-2.4373668657158905,5.3249158949222206e-06,1.0,0.0010000031511738616,0.0010828176153085704,0.012161262665066938,1.5086612701416016,-1.1964510868303475,-1.1964560630731285,-1.2001874714261955,4.978726307551066e-06,0.0010000037003515495,0.0010575830263810026,0.007815877806084852,5.100332588619656
2117,-2.4497443370099337,-2.449748066236388,-2.452207776735414,3.7178397178649902e-06,1.0,0.001000002797534865,0.0010150063844432807,0.002890743062620596,1.4292625582443093,-1.174125535786152,-1.174129951828056,-1.1619880272360104,4.4061905807918974e-06,0.0010000032734953695,0.0010417896219425732,0.006883559898576802,5.130321921242609
2118,-2.4592757000113434,-2.4592788264436543,-2.4575303185660884,3.133742314464641e-06,1.0,0.001000002891985032,0.0010134513612906888,0.0028483661656039504,1.3743058735469602,-1.1064987854825126,-1.1065009276072184,-1.0864376296599707,2.140717373953925e-06,0.001000003097578883,0.0010408424280790819,0.005694821707179977,5.125546571943494
2119,-2.4628947051066272,-2.4628961626088843,-2.4582565820442057,1.4585565845921355e-06,1.0,0.0010000028656268456,0.0010112721038068521,0.0024192488778663696,1.35282261191674,-1.1024757085574999,-1.1024771785570515,-1.0906145261393654,1.4671021037631564e-06,0.0010000028000730608,0.0010316922820897566,0.005089623703517848,5.142411231994628
2120,-2.453452816549337,-2.453457252034601,-2.455004129769667,4.4369613224605345e-06,1.0,0.001000002757997586,0.0013979351266621138,0.02115787453466218,1.4030865453324228,-1.1081327548457516,-1.1081411750780212,-1.1042202528980043,8.410629298951891e-06,0.001000002308541702,0.0010213995352387427,0.004522378258924518,5.0529930644565155
2121,-2.3634906287463204,-2.363515212850751,-2.3589938294212773,2.459422597345316e-05,1.0,0.0010000042735932853,0.0011741426830478715,0.018441815098378597,2.0479532570209145,-1.0207518704649474,-1.0207755329294337,-1.0197313810388247,2.366536193423801e-05,0.0010000042979502015,0.0011352893948141072,0.013140609700025783,5.670654254489476
2122,-2.3407678649110615,-2.340793047311171,-2.3342025324983418,2.5175230683020827e-05,1.0,0.0010000049171723284,0.0010474568698555231,0.007781824580270727,2.2272275393863894,-1.203780373930931,-1.203820377588272,-1.2037911880347463,4.001019729508294e-05,0.0010000046885882815,0.0011427938162038723,0.016640050647159416,5.2377154032389335
2123,-2.39049460752955,-2.390507554108242,-2.3932402808711215,1.2946930134071494e-05,1.0,0.001000004198911758,0.001041494738222715,0.006477085205743897,1.8716326524626534,-1.1393964025295442,-1.1394093290385272,-1.1372598281337156,1.2930482625961304e-05,0.001000004238449037,0.001104839578167432,0.012226188604512977,5.3968560165829125
2124,-2.2210099157297387,-2.221068028571471,-2.2218240746911966,5.8111365673676973e-05,1.0,0.0010000066128822993,0.001631164659728419,0.046450853273096795,2.6460462493716546,-1.2740464342965017,-1.2742320458094278,-1.2915452553166284,0.00018561101622051662,0.0010000034313028057,0.001337932254601684,0.027518956756426228,5.420446581310697
2125,-2.3683186702008516,-2.3684052093973698,-2.366838374227848,8.653167564913911e-05,1.0,0.0010000025471320973,0.0011453082090911438,0.016795101762257236,2.006598580558345,-1.1852737141980065,-1.1853143946992026,-1.2004885103527663,4.068265358606974e-05,0.001000003128622969,0.0011645399422074358,0.01945626740085168,5.536033503214518
2126,-2.356807254395395,-2.3569042862586254,-2.3572674652315535,9.703425303945001e-05,1.0,0.0010000023406596397,0.0011491633376176909,0.021533761887354248,2.104518379805223,-1.2424953477250207,-1.2425428301095962,-1.2493155438039039,4.7487931119071116e-05,0.0010000024275440308,0.0011574329420303306,0.01625037220461915,5.233143695195516
2127,-2.3534699610944063,-2.3534964210582228,-2.3506624878577465,2.6456871122684118e-05,1.0,0.0010000019277147246,0.0010341888025649033,0.004859083817551299,2.2076216238849566,-1.2360247681538263,-1.236034487022294,-1.246276211241881,9.7248289320204e-06,0.0010000032579733265,0.0011610412530394065,0.014990933066130512,5.252987702687581
2128,-2.423480636668655,-2.423493245862565,-2.420996351062127,1.2601462175261299e-05,1.0,0.001000002393376012,0.001046600083838094,0.006711240176919778,1.6797830046347852,-1.2479744515071312,-1.247986635689934,-1.2524239741265775,1.2185258997811212e-05,0.001000002908727361,0.0011098909916149246,0.011372806012837423,5.130230559243097
2129,-2.4341185452803127,-2.434126075708641,-2.4362420405981675,7.5376680437124e-06,1.0,0.0010000023692143412,0.0010266079422402775,0.004026396033125666,1.5230413000538665,-1.186417298681206,-1.1864227865305212,-1.1825767614775233,5.486276414659289e-06,0.0010000035063260132,0.0011236585987110933,0.011675575975742605,5.177541467878554
2130,-2.453075980240444,-2.4530808295843736,-2.4513399241105565,4.83880065522104e-06,1.0,0.0010000025010052716,0.0010209797666285117,0.003726179021814803,1.4125095156003844,-1.218188046415647,-1.2181902737253243,-1.2261890028913816,2.2249089346991644e-06,0.001000003211407198,0.0010771358437422249,0.008622585596620208,5.0938973214891226
2131,-2.449859956525407,-2.4498642255675116,-2.4496624334803165,4.263278448356772e-06,1.0,0.0010000022659781126,0.0010190326830301925,0.003428520999391967,1.4260752853357568,-1.16996851393746,-1.1699716347373195,-1.1746718439583976,3.1189786063300237e-06,0.0010000035606531634,0.0010734822859780656,0.00844410116163393,5.1765398502349855
2132,-2.4441521572616867,-2.444156579251559,-2.4441298088937438,4.425434009084162e-06,1.0,0.0010000025756867988,0.001060501661344941,0.00948033941347363,1.490704615161104,-1.145929773234659,-1.1459318545957407,-1.1442389329274496,2.079539828830295e-06,0.0010000035321960847,0.0010627290906591548,0.007756285930776762,5.190854427549573
2133,-2.4256870611658634,-2.425699386956557,-2.4256326072620897,1.233788031452107e-05,1.0,0.0010000022901397831,0.0011505215617669921,0.010638056586514105,1.6526129223265738,-1.2611796102590034,-1.2612114030453894,-1.2672048207786348,3.1798664066526624e-05,0.0010000042151659728,0.0011476733385481768,0.021420567066201733,5.2441944281260175
2134,-2.4107975847316236,-2.410815974451461,-2.406928600005384,1.8394569743354366e-05,1.0,0.001000002949094435,0.0014528723978349623,0.024227436339781392,1.8205091053584836,-1.1738870278621711,-1.1739159523405962,-1.1769882634282112,2.892240881919861e-05,0.0010000028983793326,0.0010467535816133023,0.009210492600686848,5.21939033932156
2135,-2.445894092883704,-2.445901722278235,-2.4472403436336876,7.637688573801293e-06,1.0,0.0010000026130275626,0.0010145521472331206,0.0028206359283155145,1.4559802919063929,-1.1711123180058265,-1.1711167158352005,-1.1657939614521133,4.392862319946289e-06,0.0010000032579733265,0.0010456837222187056,0.00815121105665134,5.098982948727078
2136,-2.456471618616356,-2.456473633928119,-2.4568742941010675,2.0169283983842383e-06,1.0,0.0010000026723334813,0.0010114492791406108,0.0024101140443235636,1.3759369591497026,-1.2119445411695373,-1.2119459354215198,-1.2151716280314657,1.392927434709337e-06,0.0010000034752819273,0.0010435111355036498,0.007419435617824395,5.025855361090766
2137,-2.447798544505857,-2.4478005103345186,-2.44248754348395,1.976653090063131e-06,1.0,0.0010000025427390664,0.0010775387010378938,0.007667822029687605,1.5085640290998064,-1.2022623795809018,-1.2022656033643417,-1.2020489032897683,3.225356340408325e-06,0.001000003198472162,0.0010619700834569004,0.0075460072348101275,5.075358311335246
2138,-2.423630696422649,-2.423635977619099,-2.420573279542743,5.289279627350142e-06,1.0,0.0010000030764923343,0.001024324670961162,0.004144368170461846,1.6701598887173634,-1.1215408317641251,-1.1215460963443749,-1.1297760978341103,5.261434449089898e-06,0.0010000038555719787,0.0010602227851955427,0.0080959002694322,5.302728048960369
2139,-2.3734664624592043,-2.3734749623064726,-2.3703012893784723,8.50104217259389e-06,1.0,0.0010000042867723783,0.0011759457872512768,0.008674976268765639,1.9902913705357965,-1.1586541439096136,-1.1586875215172767,-1.1785013985302712,3.3379925621880426e-05,0.0010000038245278928,0.001125437274782194,0.014934013328618474,5.307764291763306
2140,-2.4280939057188213,-2.428108386273654,-2.4286577476645417,1.4478235312227932e-05,1.0,0.0010000030764923343,0.001033524064487725,0.005777492464678186,1.622143158372843,-1.1006026599142287,-1.1006124511361122,-1.1020225882530212,9.791221883561876e-06,0.0010000031234489548,0.0010691681281766957,0.007780561368498537,5.39027845594618
2141,-2.4292876765413105,-2.4292917746417926,-2.429829458020768,4.101755484095159e-06,1.0,0.001000002779962741,0.0010182590175525478,0.0032570085549762226,1.6255957428014502,-1.1881718203425409,-1.1881753021644221,-1.1894329217986928,3.478096591101752e-06,0.0010000035321960847,0.0010665381249661246,0.007725643883976671,5.145177809397379
2142,-2.418653949251715,-2.4186590954942524,-2.41861932457618,5.149405519917326e-06,1.0,0.0010000037793772964,0.0010773639814084712,0.007268428345615009,1.664493686748001,-1.133878789138463,-1.133880959244238,-1.1309327424814304,2.1688640117645265e-06,0.001000003097578883,0.0010794021344433227,0.007735101387111677,5.243223577075534
2143,-2.43443120200679,-2.434435925393734,-2.435866117477417,4.698715682299632e-06,1.0,0.0010000026130275626,0.001038334980378595,0.00501842164206055,1.550314190252772,-1.165018185476462,-1.1650233536130852,-1.1575743859012921,5.169792307747735e-06,0.0010000028155951037,0.0010507398362581929,0.006242965397218035,5.125308275222778
2144,-2.442612333117791,-2.442617308418706,-2.4408137393447586,4.9813457255093554e-06,1.0,0.0010000031994972026,0.001017282519243517,0.0031291589246324773,1.4843270823640644,-1.162162566288478,-1.1621664549120598,-1.156314214029246,3.885643349753486e-06,0.001000003232103255,0.0010530771196095479,0.006317001490646766,5.148887485928005
2145,-2.451482651368627,-2.4514865560351677,-2.4495287706267157,3.906212887674008e-06,1.0,0.0010000032104797803,0.0010179220325366226,0.003514086498158439,1.4303355464395486,-1.2083801817976767,-1.2083889211631484,-1.2034687377926376,8.73704751332601e-06,0.0010000035011519988,0.001045911769486136,0.006392375126274096,5.026411676406861
2146,-2.4300722446081773,-2.4300775887831203,-2.4308124263331576,5.3460024437814385e-06,1.0,0.0010000033664323811,0.0010806521211908955,0.00712897764510071,1.5638482098309499,-1.1465028633673986,-1.1465078817473517,-1.1398129348953565,5.019538932376438e-06,0.0010000030173816614,0.001032891665171418,0.00578770617592252,5.174603133731418
2147,-2.432329776152125,-2.4323329813075514,-2.4311700609495057,3.2150661045650267e-06,1.0,0.0010000039089717112,0.0010611014067248073,0.0063296785481485,1.5723372247983824,-1.1472400930192737,-1.147247102525499,-1.1516766220331192,7.01025128364563e-06,0.0010000039694002933,0.0010507841206466159,0.007110489692745937,5.214947981304593
2148,-2.4351961702670692,-2.435200965629434,-2.4352591082734882,4.787630629989336e-06,1.0,0.0010000035311710442,0.0010257008845724587,0.005077934977686349,1.5527403377137095,-1.155663144836823,-1.1556661729183462,-1.153091824385855,3.0313928922017416e-06,0.0010000033226485053,0.0010383010790165927,0.005720179085619748,5.072001780403984
2149,-2.4418685346279503,-2.4418709727953063,-2.439894455783772,2.440838318950725e-06,1.0,0.001000003170942501,0.0010189564705316752,0.003787960771488834,1.4956607301280183,-1.1616315784553686,-1.161636171489954,-1.1538328307370345,4.5893920792473686e-06,0.001000003640850385,0.001044815936539736,0.006534042367194261,5.210186301337347
2150,-2.451518935977288,-2.451521585572441,-2.450336222378713,2.658662368666451e-06,1.0,0.0010000033466637415,0.0010168402574358966,0.0033800385844067866,1.4258109511069532,-1.132666250069936,-1.132668394347032,-1.116554680466652,2.145436074998644e-06,0.0010000031415580046,0.0010326098340253036,0.005117151035099394,5.155126979615954
2151,-2.365186705904187,-2.365193734753807,-2.3687873280273295,7.044313088902888e-06,1.0,0.0010000040824964362,0.001161216369408341,0.019842221487295936,1.819710927189521,-1.1589145835902956,-1.1589325762457319,-1.1713740929133363,1.8000188801023694e-05,0.0010000069858506321,0.0025674384320154785,0.14324559861173233,6.15032254325019
2152,-2.2941786860519984,-2.29425089539222,-2.2979577959708446,7.220104617892571e-05,1.0,0.0010000045283890839,0.0019452174980509674,0.08742931592805346,2.502172879452975,-1.1804906286299228,-1.1805505318774117,-1.1865722729927963,5.990614493687947e-05,0.0010000026422656244,0.0011332977899453705,0.013160788350635104,5.305535756217108
2153,-2.4056998378825636,-2.405718169122372,-2.412612928534454,1.8331380385272906e-05,1.0,0.0010000025273634579,0.0010587484136504947,0.007866358061602234,1.7234542077442385,-1.1997681083882021,-1.1997802539935543,-1.2058762304898765,1.2147178252538044e-05,0.0010000030561867687,0.001091074749516944,0.009875850775279105,5.167816437615289
2154,-2.355696273299883,-2.3557166153529905,-2.3606578179125517,2.033628945080739e-05,1.0,0.0010000037376435016,0.0013726821612953296,0.030045616886367636,2.062772662009833,-1.211000441511472,-1.2110454029507107,-1.2351265375812848,4.4955644342634416e-05,0.001000004067706565,0.0011211544094193312,0.02771655755221016,5.324038436677721
2155,-2.4003150620550477,-2.4003307347027762,-2.4021220207214355,1.568445619547142e-05,1.0,0.0010000026262066556,0.0010661614689765112,0.006899660176439387,1.7960192100057062,-1.2352036714553833,-1.2352157993449104,-1.2412587496969434,1.2130290269851684e-05,0.001000003094991876,0.001077567457428409,0.011976919356837042,5.096597046322292
2156,-2.437350426080092,-2.437358406354796,-2.4376126100432196,7.992645479598136e-06,1.0,0.001000002259388566,0.0010227479330562758,0.0036520742754153203,1.5343415692167461,-1.2122581362724305,-1.21226471165816,-1.214709901312987,6.588300069173177e-06,0.0010000030535997615,0.0010638273036521343,0.010162291580086781,5.144792768690321
2157,-2.4328577113601395,-2.432861867940651,-2.432055689253897,4.156580511129127e-06,1.0,0.0010000028392686596,0.0010269501110327975,0.0042546338353411485,1.5520877680688534,-1.188385800158398,-1.1883881557008458,-1.1937311400452422,2.3518999417622886e-06,0.0010000032579733265,0.0010590756958764461,0.009122844669036567,5.161396609412299
2158,-2.4340046711687773,-2.4340079325550006,-2.434424692729734,3.2476096783044205e-06,1.0,0.0010000023999655583,0.0010601218772243778,0.009280635182359168,1.5776558192271106,-1.2107199811066194,-1.210722985677421,-1.2168381220764584,3.00622648662991e-06,0.0010000032450382908,0.0010407579985136787,0.008338878497791786,5.086652363671196
2159,-2.448513093984352,-2.448516197924344,-2.4437282940126814,3.0780738254763045e-06,1.0,0.0010000027997313806,0.0010160058956452697,0.0030747097192050992,1.4929183091757432,-1.150866787466738,-1.1508703239262104,-1.1550167039036752,3.530664576424493e-06,0.0010000033278225197,0.0010376378635151519,0.006826574313971732,5.218924098544651
2160,-2.4475878724512063,-2.447589896759897,-2.4482066766271053,2.046801009268131e-06,1.0,0.0010000031533703771,0.0010137095353302528,0.002694733353015387,1.4654156779343228,-1.1663944818907312,-1.1663969996902677,-1.1709741072522268,2.520034710566203e-06,0.0010000029682285256,0.001031442372024887,0.005614708444207079,5.095976792441474
2161,-2.4428856282863975,-2.442888124933783,-2.4411448172803194,2.488423630876361e-06,1.0,0.0010000032038902336,0.0010125935209458166,0.002596606498250281,1.497590478861107,-1.0883155236020685,-1.0883190396966205,-1.08720056919588,3.516342904832628e-06,0.0010000029320104255,0.00103497507257594,0.00645631793110321,5.419516245524089
2162,-2.45528308400568,-2.4552856436315573,-2.4542953068355344,2.548239141140344e-06,1.0,0.0010000030874749118,0.0010157538784386696,0.0030138994531951984,1.3754287721975795,-1.1811186171498977,-1.1811223945114762,-1.1869789894256326,3.775705893834432e-06,0.0010000035994582705,0.0010350520670827893,0.0061041209355203645,5.117510610156589
2163,-2.415833574421001,-2.415839004066755,-2.4161902171260907,5.441383933121304e-06,1.0,0.0010000037310539552,0.0010395524298491062,0.0057488004369485495,1.6777112798870735,-1.1827306363317702,-1.1827398634619184,-1.188644474827581,9.221500820583767e-06,0.0010000038943770858,0.0010692432910824816,0.009779120042609672,5.198381445142957
2164,-2.3898635079275885,-2.3898742558821193,-2.3893934735712015,1.0758778958950402e-05,1.0,0.00100000346966861,0.001081870787530997,0.009893443369535062,1.8178012281093958,-1.1799751521139925,-1.179989879593874,-1.181427699410253,1.4727231529023912e-05,0.0010000037106995781,0.001079987253372868,0.01184672504508247,5.255271106296116
2165,-2.3778738705617077,-2.3778946849535094,-2.382262353627187,2.0811791127582767e-05,1.0,0.0010000029205397335,0.0011189649944668108,0.010488912623533804,1.8571654063350749,-1.204529065887133,-1.2045695546600554,-1.2052255077494516,4.047974944114685e-05,0.0010000032062331835,0.0010681118195255597,0.009765700628567074,5.2605695724487305
2166,-2.3636029238970773,-2.363628884531417,-2.3635140499978697,2.5946998371268217e-05,1.0,0.001000004407580731,0.0012823151630999626,0.02655124734595137,2.0733820852243676,-1.1828222825295396,-1.1828521573709116,-1.1951894886170824,2.9879725641674464e-05,0.0010000057026950848,0.0026083193253725765,0.0937665905803442,5.716586764653523
2167,-2.4072314928162775,-2.4072564278008803,-2.4032416343688965,2.4936741815423067e-05,1.0,0.0010000024680575392,0.0010577733979894306,0.009341750208306004,1.7632085737192407,-1.217232996225357,-1.2172530815005302,-1.2256312754419114,2.008659972084893e-05,0.0010000031001658903,0.0014998570472622911,0.03464808878747539,5.215776422288682
2168,-2.4182611433964856,-2.418278158835645,-2.4160736754255474,1.7009534925784704e-05,1.0,0.0010000027096742448,0.002357958897262952,0.04630855215441014,1.7759611111766886,-1.2049449753119712,-1.2049859725456271,-1.2182555826173889,4.100112451447381e-05,0.0010000027742029893,0.0011915123038407829,0.022705135605711906,5.1994016647338865
2169,-2.443707493116271,-2.443721726255597,-2.443657051842168,1.4232998748995223e-05,1.0,0.0010000021232046046,0.001017819123588643,0.003086141767507454,1.4953769895265687,-1.1869994140333602,-1.1870088598794408,-1.1914492995374732,9.448246823416816e-06,0.0010000032062331835,0.0011751856706622573,0.019763986908623743,5.229919613732233
2170,-2.4430240820038995,-2.4430275548179194,-2.444892752845332,3.4789994077862432e-06,1.0,0.0010000026020449849,0.0010170368785214312,0.0031947798737026046,1.4815944928043294,-1.1732926723857722,-1.1732950465546714,-1.1660377064512835,2.3769007788764107e-06,0.001000003281256391,0.0011515684141260054,0.017033691331744195,5.209496116638183
2171,-2.4446127324734093,-2.4446153370839245,-2.4449433425687395,2.5936455096838608e-06,1.0,0.0010000028568407837,0.0010357800396686456,0.005913065401573648,1.4764872362028878,-1.1812885940488842,-1.1812900205039316,-1.1759555829895867,1.4267034000820583e-06,0.001000003369214634,0.001139604662441545,0.016101226748691664,5.145924960242378
2172,-2.450979660142143,-2.450981747429326,-2.4541201141645326,2.0951594946519385e-06,1.0,0.0010000029293257954,0.0010167274619716238,0.003036950255814448,1.358274275401853,-1.1346245283881822,-1.1346273618439833,-1.1322650257704987,2.8293165895673966e-06,0.0010000040237274435,0.0011764329392462969,0.019520321457336346,5.323117065429687
2173,-2.3807467964460267,-2.3807531572737783,-2.384128566058177,6.36546679262845e-06,1.0,0.0010000045020308978,0.0023222798591409372,0.05675174484802586,2.0153893344807177,-1.1762058402515119,-1.1762185267690155,-1.1679330441686842,1.2684199545118543e-05,0.0010000036589594352,0.001122307058216797,0.015464187240124577,5.2583593527476
2174,-2.4289602288660013,-2.4289649972375833,-2.430250401766795,4.763170233312643e-06,1.0,0.0010000026349927175,0.0010204429997412382,0.0036979340201349193,1.601089542766787,-1.210398435923788,-1.2104010267390146,-1.212039998256498,2.6007493336995442e-06,0.0010000036123933064,0.0010987900611427095,0.012011555088166561,5.144559484057955
2175,-2.440199028770879,-2.4402035992100553,-2.4382842756667227,4.570579753731782e-06,1.0,0.0010000033290916174,0.0010247335984494607,0.004098668140974248,1.527124580347313,-1.1645851263569462,-1.1645892933011055,-1.1677035074267121,4.1636327902475996e-06,0.0010000031156879332,0.0010918965485567848,0.011661631650187902,5.198810243606568
2176,-2.454046906165357,-2.4540500865792327,-2.452013425107272,3.1936984017210186e-06,1.0,0.001000003010596869,0.0010147028303933592,0.0029906160769246097,1.4313067321507436,-1.1952547898723018,-1.1952568914327357,-1.1980177958806355,2.1067758401234944e-06,0.0010000031079269117,0.0010792511230748561,0.009995555950121747,5.122159984376696
2177,-2.4640745711776444,-2.46407724776358,-2.4630349762034864,2.6752504537690362e-06,1.0,0.0010000026152240781,0.0010120857810109573,0.002499874885510302,1.313196191247904,-1.175553680625227,-1.1755588604344263,-1.1818505904740757,5.1876737011803525e-06,0.0010000030898178617,0.0010583194852289226,0.007860668989208838,5.073499986860487
2178,-2.426805095852546,-2.426813843115321,-2.4292996964364684,8.746700466803785e-06,1.0,0.001000003487240734,0.001351217923791341,0.020700648049208917,1.614637221930162,-1.1574273959423105,-1.1574373829488953,-1.1480275912417306,9.975747929679023e-06,0.0010000030251426828,0.0010455246083438396,0.006729580161886082,5.223362424638537
2179,-2.4384069397764385,-2.4384123919145115,-2.436601661286264,5.460291538598402e-06,1.0,0.0010000031270121909,0.0010117358892699176,0.0025980424307251596,1.549611710152536,-1.0878229603999192,-1.0878323468897078,-1.0750807465778456,9.395927190780639e-06,0.0010000029190753896,0.0010498906899657514,0.007357308553117845,5.266331195831298
2180,-2.4125136766793593,-2.412520907959848,-2.4149621387697615,7.225165389618783e-06,1.0,0.0010000030567236947,0.0010171909706737355,0.0031064942562601195,1.7146932269042392,-1.106970116413302,-1.106977229565382,-1.0977748000787364,7.1146421962314185e-06,0.0010000038297019072,0.0010622205109232002,0.008650345621734029,5.302905607223511
2181,-2.412465603846424,-2.412481150537167,-2.411175599638021,1.555203266863553e-05,1.0,0.0010000032763752453,0.0012635373233659368,0.020122760384044838,1.7534583649545346,-1.1850791222519346,-1.1851040961841741,-1.1841982687926955,2.4969544675615097e-05,0.0010000029294234183,0.001044202321726415,0.008345213915324874,5.0906692398919
2182,-2.44469860364806,-2.444708180877398,-2.447165592661444,9.563523081113707e-06,1.0,0.001000002632796202,0.0010120566683944384,0.0025637285116146195,1.4578546038213767,-1.1657878101079,-1.1657924812907974,-1.1588195950620703,4.664808511734009e-06,0.001000003079469833,0.0010404023652275404,0.006646534743615323,5.051517539554172
2183,-2.455097113015517,-2.4551014225437955,-2.455537350672596,4.3247808825294926e-06,1.0,0.0010000027074777292,0.0011238337775586911,0.012023683257383417,1.3731032587447256,-1.1140792985757189,-1.11408613630467,-1.11608274301721,6.838556793000963e-06,0.0010000026991797818,0.0010292325427548753,0.005369019451447659,5.2006385273403595
2184,-2.4481747105436504,-2.448177949437555,-2.446929490791177,3.2645492058879924e-06,1.0,0.0010000026020449849,0.0010101526365000402,0.0024689760252411637,1.496578871079211,-1.0902519080373978,-1.0902542626692189,-1.0859083268377516,2.3557908005184596e-06,0.0010000030924048689,0.0010341246845200658,0.005651350239188307,5.255202473534479
2185,-2.4484192740242436,-2.448421392800673,-2.448456287384033,2.1122395992279053e-06,1.0,0.0010000026262066556,0.0010104232164591831,0.002443170631831547,1.474095585211268,-1.09145760304398,-1.0914598594109217,-1.0904499414894315,2.2547112570868597e-06,0.0010000030561867687,0.0010278972279694346,0.004849734858402776,5.345206848780314
2186,-2.408224342004308,-2.40822907438818,-2.406775373332905,4.732735314459171e-06,1.0,0.001000003491633765,0.0010140925724902805,0.0027089115377199255,1.7268542501161683,-1.138843419816759,-1.138857278558943,-1.133313119577037,1.3864371511671278e-05,0.001000003966813286,0.00105226402843578,0.00743697693105787,5.353953811857435
2187,-2.4356113964656614,-2.435624217087368,-2.436141607896337,1.2840513350828638e-05,1.0,0.0010000030435446017,0.0010135593771372201,0.0027896330740197367,1.5693532655823905,-1.1228832840919492,-1.1228887412283155,-1.1168498018549549,5.460613303714329e-06,0.0010000029966856043,0.0010393233478276265,0.006093251961283385,5.240427600012884
2188,-2.448443977337963,-2.4484485005432703,-2.4460839505465524,4.528898675486727e-06,1.0,0.0010000029556839814,0.0010371464150869902,0.00385370315491872,1.4588887848944034,-1.1637530311942104,-1.1637667840553654,-1.174068186349339,1.3749880923165216e-05,0.0010000032709083623,0.0010430973695798053,0.006322849350464013,5.132407559288874
2189,-2.4494364306611836,-2.449451653462536,-2.450010403147284,1.5234328665823307e-05,1.0,0.001000002953487466,0.0010660013122448945,0.005812607582588241,1.4264134022424806,-1.0948033707940745,-1.0948323981732957,-1.0828795162340006,2.9021004835764566e-05,0.0010000027250498533,0.0010349600420643886,0.00548278501826442,5.2190494325425885
2190,-2.4496535085282236,-2.449667156867261,-2.4470697663865,1.3629431432148195e-05,1.0,0.001000002753604555,0.001012240769341588,0.002665808426550115,1.4566378042383015,-1.129879604611132,-1.129894298646185,-1.119020891851849,1.4688488509919908e-05,0.0010000030432517329,0.0010405297701557477,0.006042961320943303,5.160803514056735
2191,-2.429687706929333,-2.4297319493203795,-2.4290164911522054,4.42468192217485e-05,1.0,0.0010000032807682764,0.0010334305829842979,0.00531485223624293,1.5801164564096704,-1.1251717593934802,-1.1252285932501158,-1.129844936562909,5.6835098399056326e-05,0.0010000035787622135,0.0010386713935683172,0.006153198215179146,5.161710060967339
2192,-2.450357180721355,-2.4503695020135843,-2.450161767455767,1.2340199834895583e-05,1.0,0.0010000031292087064,0.0011045001996329651,0.01143527734488741,1.4270617242129344,-1.1226162183615898,-1.1226328905257914,-1.1181255645222135,1.667307482825385e-05,0.001000002939771447,0.001033920895618697,0.005478959261543221,5.123583804236517
2193,-2.448945216412814,-2.4489504571230905,-2.448917708306942,5.2610939403749865e-06,1.0,0.0010000029688630745,0.0010107153881657516,0.0023290307309373087,1.4171443435381044,-1.128079024536742,-1.1280817869636748,-1.1352005773016975,2.7624269326527912e-06,0.0010000032605603337,0.0010323206945839856,0.005330981986804141,5.176057354609172
2194,-2.4673654898157658,-2.467368467798773,-2.467702825114412,2.983043778617427e-06,1.0,0.001000002779962741,0.001008223461092643,0.002211795619003615,1.2974389813980967,-1.1043922934267256,-1.1043955287999576,-1.10098707874616,3.239098522398207e-06,0.001000002926836411,0.0010283629953240355,0.0051630258249739805,5.116208102968004
2195,-2.456684027078017,-2.4566864202607355,-2.4580912635011494,2.3938856034908654e-06,1.0,0.0010000028897885164,0.001060541602782905,0.011557486773696992,1.3537487061518543,-1.1502332823144066,-1.1502369618250263,-1.143120410044988,3.6796761883629694e-06,0.0010000031544930405,0.001038712420914736,0.005962656684116357,5.068062824673123
2196,-2.4561833615572946,-2.456185664770738,-2.4581806164867475,2.299909884074949e-06,1.0,0.001000002619617109,0.0010097403110022533,0.002540331926934843,1.3763056509899643,-1.137148722426759,-1.1371516317129136,-1.1368444348375002,2.898938126034207e-06,0.0010000028492261966,0.001029086669182612,0.00522883545814289,5.082702435387505
2197,-2.4694520077615416,-2.469453510248436,-2.4689987830395967,1.5033303566698759e-06,1.0,0.0010000026811195432,0.001007449147642924,0.0021724353548807076,1.2710846122705712,-1.0567566219303342,-1.0567578285932542,-1.0426285907626152,1.1994606918758816e-06,0.0010000026370916102,0.0010296792490407825,0.004976742510269913,5.2234381569756385
2198,-2.4270014897832333,-2.427003469107286,-2.4285258077225595,1.970116259916773e-06,1.0,0.0010000030215794467,0.0010074937654624009,0.002144601035705012,1.625893772773023,-1.0650822914308973,-1.0650853090816075,-1.0433234867122438,3.016740083694458e-06,0.0010000029294234183,0.0010285150725394487,0.005295833872838153,5.285084104537964
2199,-2.3882596987598346,-2.3882672246896997,-2.3856341568928845,7.528179096725752e-06,1.0,0.0010000032346414508,0.0010154903492943016,0.003232971470767878,1.9211623826116886,-1.01366982402073,-1.013675505667925,-1.0169583216102587,5.6742793983883325e-06,0.001000003369214634,0.0010301760087410609,0.005111400876194239,5.613190004560683
2200,-2.3786917722450114,-2.378699878476701,-2.3851257045314,8.11445544350822e-06,1.0,0.0010000035970665093,0.0010154433965788416,0.003425031294167604,1.9256479717650503,-1.0823537474291192,-1.0823604927708705,-1.0793145377602842,6.7450933986239965e-06,0.0010000045902820098,0.0010493476099024217,0.007321497438372009,5.455228773752848
2201,-2.4370562175534807,-2.437060585561788,-2.4342058874526113,4.365196767842994e-06,1.0,0.0010000041088546222,0.0010180949883640937,0.003988136724076884,1.5497833287940834,-1.1476834139230454,-1.1476871688500978,-1.1368016709884008,3.755754894680447e-06,0.0010000039331821932,0.0010458972796590792,0.0072635431851570805,5.127767345640394
2202,-2.4424443064995534,-2.442448710495571,-2.4416691402219377,4.41172775232567e-06,1.0,0.0010000034894372494,0.0010336545177401517,0.0050719776388503755,1.4944179001844153,-1.1052380796935823,-1.1052422402633562,-1.1082231524917814,4.15063566631741e-06,0.0010000039047251144,0.0010274428486203155,0.00548190345418536,5.195748254987929
2203,-2.4194711064392664,-2.4194748086749382,-2.4218054672457137,3.698791535395496e-06,1.0,0.0010000037661982032,0.0010116170995148285,0.0026120012823738297,1.7048066764507654,-1.122592238093623,-1.1225941248289826,-1.1149789890067445,1.8863214386834039e-06,0.0010000037339826424,0.0010350854317140248,0.006054224580940273,5.191374227735731
2204,-2.413031276666893,-2.4130427567464,-2.4111567375794896,1.1488935857448937e-05,1.0,0.001000004168160541,0.001031541570862931,0.004927309645111409,1.6866272744142785,-1.1425587485233941,-1.142573832637734,-1.1338304897149405,1.508792241414388e-05,0.0010000035192610488,0.0010324257710534665,0.005573512768993775,5.138247071372138
2205,-2.4535473607621103,-2.4535548484550334,-2.4529076522251345,7.486849460961683e-06,1.0,0.0010000033576463192,0.0011186081683263183,0.007893467754705475,1.3994072923120462,-1.1843487759431204,-1.1843531481921672,-1.183173215513428,4.375725984573364e-06,0.001000003229516248,0.0010294794622394774,0.006802756422095829,5.065835433536106
2206,-2.471124784001764,-2.471126614876513,-2.470179071966207,1.8154815682825053e-06,1.0,0.0010000027689801635,0.0010086251664379576,0.0021733541902646705,1.267532282280472,-1.124730427728759,-1.1247330916424592,-1.1191846930318408,2.6685496171315512e-06,0.0010000031260359618,0.0010248192172083589,0.0054634562434835564,5.121551354726155
2207,-2.415675595121564,-2.4156781097628035,-2.416474067939902,2.5204048966461756e-06,1.0,0.0010000031138330979,0.0010113933448732463,0.002541005130382782,1.5705706600872975,-1.0749659534957674,-1.0749770922793283,-1.0783844078580538,1.1138535208172268e-05,0.0010000039409432146,0.0010796085802010364,0.009782793178843955,5.425229766633776
2208,-2.389096401772409,-2.3891159475974315,-2.3908617631444393,1.9544348964151346e-05,1.0,0.0010000032851613075,0.0010305683343794266,0.005249802482244119,1.8390920702016578,-1.1612752989374309,-1.161323623568751,-1.1575122957428297,4.8330840137269764e-05,0.0010000035011519988,0.0010864108309356702,0.011954057364103694,5.328280793295966
2209,-2.415723040418805,-2.4157428921393627,-2.422599212178644,1.9848909018174657e-05,1.0,0.0010000031643529546,0.0010154432450192718,0.0029702001198563936,1.6396739572848913,-1.1411479252907963,-1.1411635072694883,-1.1498049313823382,1.5588270293341742e-05,0.0010000042255140012,0.0010480978241604235,0.00700089074153867,5.260559707217747
2210,-2.451523151037828,-2.4515295388563625,-2.4510030431567498,6.388802573365986e-06,1.0,0.0010000030940644584,0.0010115327994462172,0.002512902533196194,1.4281166836900532,-1.1071286913421419,-1.107137046340439,-1.1042626721991433,8.351686928007337e-06,0.0010000032191682193,0.0010372050468706422,0.0077147552174412545,5.248833820554945
2211,-2.39037867986931,-2.3903888126589217,-2.3896394293263272,1.0145230675643345e-05,1.0,0.0010000041527849324,0.001024382395388664,0.0034972086684989198,1.858267775121725,-1.1347594308356443,-1.1347696022854912,-1.1435574485196007,1.0170208083258734e-05,0.001000005058530304,0.0010560463363718656,0.00805861852907886,5.32762114736769
2212,-2.4168011197504007,-2.416812433386749,-2.420192817472062,1.1305061151396553e-05,1.0,0.0010000042735932853,0.0010326646009178938,0.005206789467747341,1.6660529847414989,-1.1822500799886053,-1.1822563093362584,-1.1851692100365956,6.227112478680081e-06,0.0010000035270220703,0.001055899880722993,0.008590195977336002,5.1473398049672445
2213,-2.4306196986504323,-2.4306272020879782,-2.434089926053893,7.5104663956840084e-06,1.0,0.0010000034323278462,0.0010901806493869648,0.010588256778406366,1.552409588166003,-1.1353267583168216,-1.13533537135356,-1.1378797845708,8.60749019516839e-06,0.0010000035606531634,0.0010440289612031646,0.008033800249298414,5.171994251675076
2214,-2.460080677608274,-2.4600852390505232,-2.4604625387011834,4.56713561741811e-06,1.0,0.001000002823893051,0.0010120998914265689,0.002577103147248052,1.3559913972638689,-1.1351269690526857,-1.1351319063040946,-1.1401152122351859,4.93203600247701e-06,0.0010000034235417843,0.0010419400667564737,0.00677318760038664,5.182941208945381
2215,-2.463013968377743,-2.4630157722617096,-2.4617765489614234,1.8081012761817788e-06,1.0,0.0010000032060867492,0.001010201449664134,0.0022955722118429135,1.3041771166729477,-1.150898114612533,-1.150901441876259,-1.1452776788423458,3.3320652114020454e-06,0.0010000033407575554,0.0010363891927732361,0.0054442005516547294,5.14636893802219
2216,-2.414562169111,-2.4145698997209655,-2.4142484979809455,7.72491659758226e-06,1.0,0.0010000042164838821,0.0010360423651225162,0.004709678592230633,1.7036704972105206,-1.1668291868848932,-1.1668392890443404,-1.1692412470156948,1.0099344783359104e-05,0.0010000032243422336,0.0010362289871813522,0.005182171933766869,5.1745956103007
2217,-2.4395603818713494,-2.4395713626213795,-2.4424976132950693,1.0978922529040642e-05,1.0,0.0010000037552156257,0.0010419672262802157,0.005806630718925933,1.4804470988939393,-1.1479661464380722,-1.1479825090720421,-1.1415154066764646,1.635236872567071e-05,0.001000003451998863,0.0010478123789653183,0.006739290335422588,5.129192956288656
2218,-2.361697943705433,-2.361716243455995,-2.3591252925261013,1.830375700626733e-05,1.0,0.001000004060531281,0.0010704780568562026,0.010180553432360713,2.013917974705966,-1.2094293672177525,-1.2094509864846865,-1.2271948696838484,2.1618687444263036e-05,0.0010000053586231338,0.0011647432525124814,0.023212201960591806,5.414446926116943
2219,-2.3320482159560583,-2.33206230064608,-2.3301183907490857,1.4077380018414192e-05,1.0,0.0010000035333675595,0.001053666368671605,0.006389953483792268,2.2105896720346414,-1.1757875041829216,-1.1758383088641697,-1.191973553929064,5.080103874206543e-05,0.0010000053741451766,0.0013210785316510334,0.03136541489511728,5.663265450795492
2220,-2.410012771498482,-2.4100285656047316,-2.4101965247460133,1.5789748362775118e-05,1.0,0.0010000030940644584,0.0010453063999039103,0.0070551548456281145,1.7499476806172785,-1.2184218817700943,-1.21843415527708,-1.230228103366163,1.2272348006566366e-05,0.0010000039228341645,0.0011202863132995036,0.013498241705302562,5.2512530114915625
2221,-2.407855256548468,-2.4078628949399263,-2.4066325583547914,7.6189215453165884e-06,1.0,0.0010000037398400171,0.0014841355062704886,0.02881519169160077,1.773701840976499,-1.1791506939464143,-1.1791858952078553,-1.213218801551395,3.520299990971883e-05,0.0010000039383562076,0.0010943074891757634,0.011161218433537417,5.244327619340684
2222,-2.428564413538519,-2.428614985268071,-2.4288261431568072,5.0572643302521614e-05,1.0,0.00100000223303038,0.001175702611019589,0.01497732908992132,1.6155183157830868,-1.1949269307984247,-1.1949564706948068,-1.1975892855061425,2.9538406266106498e-05,0.0010000032372772694,0.0010619376035821107,0.012097644604121644,5.318994702233209
2223,-2.4272414513354033,-2.4272557519516855,-2.424498423090521,1.428972156542652e-05,1.0,0.0010000028216965355,0.0010434132627264228,0.004582765780143299,1.5843235479210906,-1.130373238192664,-1.1303947910666465,-1.1355212695068784,2.155635091993544e-05,0.0010000035477181275,0.001077629069590734,0.01154291871159027,5.395015366872153
2224,-2.3197947043292926,-2.3198104759432234,-2.3204143609640733,1.5764514792640255e-05,1.0,0.0010000040363696105,0.0013108856202858799,0.019151571171604237,2.312600752092757,-1.264567201336225,-1.2645792540576724,-1.2784737200139917,1.2049741215176052e-05,0.0010000049757460754,0.0011279777778933446,0.026702598932509623,5.226209349102444
2225,-2.447484556234108,-2.4474964681661353,-2.448235480290539,1.1919031165680795e-05,1.0,0.0010000029073606402,0.0010246582535745681,0.00387824327412571,1.4529961954872563,-1.2180225271731615,-1.2180295740150744,-1.2212498263352447,7.041212585237291e-06,0.0010000040263144507,0.0010623689637415939,0.017106212282346354,5.164165597491793
2226,-2.464877668416725,-2.4648814921109183,-2.467272533560699,3.830020157796032e-06,1.0,0.0010000029864351986,0.0010186978286343081,0.003470595078191386,1.2614445056555406,-1.2173506759934953,-1.2173550837569767,-1.2207701527410084,4.4024652904934355e-06,0.0010000036667204566,0.001044108162427114,0.013641479202649659,5.045649978849624
2227,-2.455906926460986,-2.455912410088305,-2.4586146462638423,5.48679030166482e-06,1.0,0.0010000034674720944,0.0010389759279963262,0.005757362518090544,1.3514127742569402,-1.1996884497503437,-1.1996952507230971,-1.2018872181160583,6.79542620976766e-06,0.0010000032010591693,0.0010300931624240344,0.009156983824343316,5.0813125928243
2228,-2.442653476067309,-2.442661060477203,-2.4410792341772116,7.572952868803492e-06,1.0,0.0010000032170693267,0.0010754196170963488,0.006266920019011453,1.4748018012856536,-1.2133687724669775,-1.2133738797571925,-1.2201023599339855,5.110436015658909e-06,0.0010000043264072802,0.0010533336498257187,0.010726833475443225,5.101559803220961
2229,-2.4539907068576454,-2.4539949174197213,-2.4556027853263998,4.218223522294242e-06,1.0,0.0010000036102456023,0.0010281764366224689,0.004475359154759713,1.375040276995245,-1.2083408890912928,-1.2083452763242855,-1.2097391086320082,4.391454988055759e-06,0.001000003966813286,0.0010629294466020334,0.010752037969521351,5.100547059377035
2230,-2.361475685857377,-2.361490919904889,-2.361940752785161,1.5238335110106558e-05,1.0,0.0010000053586719452,0.0018944594271059305,0.042185586633354005,2.110910955465065,-1.1239373348446358,-1.1239559723064303,-1.1210858167045645,1.863290866216024e-05,0.0010000052189247477,0.0011534802770862976,0.025045822684963543,5.7719166331821015
2231,-2.420355256998314,-2.4203669754964,-2.42355936428286,1.1721028471892734e-05,1.0,0.0010000031819250787,0.0010550366670666438,0.006990172256680451,1.6217651277218226,-1.2029703545694552,-1.2029790805238816,-1.212084968884786,8.735722965664333e-06,0.0010000034106067484,0.0010493407543334696,0.012881817459128798,5.112010071012709
2232,-2.424047249668049,-2.4240596879203364,-2.4228695608534903,1.2430028533035855e-05,1.0,0.0010000026767265121,0.001255742324744615,0.024718755258704133,1.6310182776091233,-1.192320091691282,-1.1923343809114562,-1.1991671006712648,1.4286653863059149e-05,0.0010000033123004767,0.001044646246979634,0.008957724446534282,5.162494473987155
2233,-2.361604078760687,-2.361617477434986,-2.3635680518060362,1.3403524205369769e-05,1.0,0.0010000049567096077,0.0015611726931243572,0.022806843301228615,2.1820461817507475,-1.2518663274331225,-1.2518773826046123,-1.2577665915919676,1.1059310701158312e-05,0.001000003692590528,0.0011046813878541192,0.014533315578268634,5.11026700867547
2234,-2.4517738819122314,-2.451778492837582,-2.4525351209460564,4.6101521770909146e-06,1.0,0.0010000027821592565,0.0010247811420275917,0.004166435566730797,1.4217694300525594,-1.2102591702921521,-1.21026395737297,-1.2157758057117463,4.786749680836996e-06,0.0010000033226485053,0.0010577416357894739,0.0093076613990383,5.064135795169406
2235,-2.4456823052100414,-2.4456844104910798,-2.4460049125383483,2.12749220290274e-06,1.0,0.0010000029117536713,0.0010226689309830654,0.00413280857929011,1.4324325637997322,-1.166946090799239,-1.1669488331923883,-1.170810020218293,2.738088369369507e-06,0.001000003552892142,0.0010938744500486387,0.01117435057595786,5.176723861694336
2236,-2.457469787237779,-2.457473242057944,-2.460624910750479,3.4389349649537286e-06,1.0,0.0010000034718651255,0.0010283367778613883,0.005354269587803843,1.3279293933004703,-1.1850775865993153,-1.185081347072911,-1.1809885897984107,3.759562969207764e-06,0.0010000031751890978,0.001067171589885321,0.00801583084070848,5.150642818874784
2237,-2.449331557975625,-2.449335111761993,-2.4490010198557153,3.563907911192696e-06,1.0,0.0010000029952212605,0.0011019064289218975,0.016575952860052295,1.442509118116127,-1.1827972902192008,-1.1827990930113528,-1.184908538725641,1.7998947037590875e-06,0.0010000032657343481,0.0010574501033665405,0.00856797692572905,5.109234926435682
2238,-2.443059313972041,-2.4430623234442943,-2.4435853350837275,3.00616869386637e-06,1.0,0.0010000030786888499,0.001063797745923951,0.008573225191970056,1.48063237262222,-1.1973249150647056,-1.1973284355468221,-1.2130335859126515,3.5259458753797745e-06,0.0010000036589594352,0.0010741691518988874,0.010336027030522625,5.140376255247327
2239,-2.448908706880965,-2.4489129624276793,-2.451480469613705,4.258850273096337e-06,1.0,0.0010000027777662254,0.0010110620642080903,0.00231021241161902,1.4138414679833178,-1.1753655751856664,-1.175372014970829,-1.1823177219969996,6.448477506637573e-06,0.0010000041142726938,0.001069587448404895,0.008998682181764807,5.188881593280368
2240,-2.387563019428613,-2.387580046113932,-2.3876045110090724,1.7020289065702906e-05,1.0,0.001000003634407273,0.0011444489278320997,0.013679604882919142,1.8188114042552013,-1.232644883791606,-1.2326685559418467,-1.2401672823561563,2.3669832282596164e-05,0.0010000046032170454,0.0010546353852583302,0.013913691581951246,5.1385593308342825
2241,-2.4073959251619734,-2.4074038064704752,-2.415523610025082,7.874631094482709e-06,1.0,0.0010000045305855994,0.0010464299768912343,0.005995239096008382,1.6990961871057186,-1.2398132221566305,-1.2398263812065125,-1.2406246208482319,1.3158884313371446e-05,0.0010000047713725102,0.0010638382156483,0.014408671247979832,5.257573201921251
2242,-2.442476160121414,-2.4424822825305865,-2.4443430630665905,6.134358217131417e-06,1.0,0.0010000034542930014,0.0010184222625849663,0.0034844272897385483,1.4928125975266942,-1.2097992294364504,-1.2098041438394123,-1.2077355354196495,4.914154609044393e-06,0.0010000041737738582,0.001044485562791427,0.01048940796818998,5.174819570117525
2243,-2.438131278415896,-2.438137022954113,-2.436310309284138,5.7544488951844985e-06,1.0,0.0010000039419194437,0.0010752540371679472,0.006404450446595701,1.5443374503333613,-1.2357612634698547,-1.235767894072665,-1.2340204653640587,6.62439399295383e-06,0.0010000036900035209,0.0010474769967711633,0.009360953785168628,5.062023591995239
2244,-2.4564320321352975,-2.4564361212388524,-2.457314666712059,4.08608114944314e-06,1.0,0.001000002935915342,0.0010137344086718447,0.0028766887196568103,1.370536691737625,-1.1803552832454443,-1.1803568698879745,-1.1717448410629812,1.5853179825676812e-06,0.0010000034080197414,0.0010404305118653508,0.008585959432336192,5.077920209036932
2245,-2.4284622039435044,-2.428466445994827,-2.4278526328644663,4.2463389207732005e-06,1.0,0.0010000034213452687,0.0012106755155331965,0.020239214871939765,1.5002816488158028,-0.6335706899563472,-0.6335826267798742,-0.5431883353326056,1.1926227145724827e-05,0.0010000031674280764,0.001069707532102863,0.009944618987436924,5.809229236178928
2246,-2.4045179609982474,-2.4045389733224547,-2.4074166090983264,2.1024413828579884e-05,1.0,0.001000002797534865,0.0010226387113227316,0.004036250445148292,1.753032846270867,-1.1892682299845747,-1.1892834362884364,-1.207617594798406,1.5205641587575276e-05,0.001000004494562745,0.001056199748482969,0.011033964452023308,5.179494799507989
2247,-2.4401648179540096,-2.4401766849013993,-2.4377990263812945,1.1881005089238005e-05,1.0,0.0010000031072435515,0.001062543107249405,0.007055630968918778,1.5395763527672246,-1.1608513665282068,-1.160858954116702,-1.164848957225331,7.588995827568902e-06,0.0010000034106067484,0.0010482821070278683,0.008766066857303183,5.30226157506307
2248,-2.406018284131896,-2.406026115957296,-2.4038420983080595,7.850873582767991e-06,1.0,0.0010000030786888499,0.001036596921588874,0.004703121424547203,1.8232250078669134,-1.1134048534764183,-1.1134107419186168,-1.1136203191346592,5.894071525997585e-06,0.0010000038245278928,0.001050873356871307,0.00962145370689945,5.364154073927137
2249,-2.423425112130507,-2.423433002435936,-2.4224969126143545,7.893608988456006e-06,1.0,0.0010000034498999703,0.0010742295999079943,0.009778109835987946,1.6265608477142621,-1.1168093808409238,-1.1168192606419325,-1.1388440029902591,9.87408889664544e-06,0.0010000038995511002,0.0010449946366457474,0.0075867073248244,5.361100721359253
2250,-2.4077493649608686,-2.4077587712485835,-2.4042496321336277,9.402703001814069e-06,1.0,0.0010000037552156257,0.0010371720000996061,0.005395740887835481,1.7627344311408277,-1.146521569146878,-1.1465260123420093,-1.1384588265998496,4.444188541836209e-06,0.0010000035011519988,0.0010451308994864424,0.007952439490084846,5.28187312550015
2251,-2.4587615301024237,-2.4587671756744385,-2.459048586071662,5.631725180823848e-06,1.0,0.0010000030633132413,0.0010183831009100068,0.0033751398210747625,1.3488021886573647,-1.192377438189255,-1.1923844429767794,-1.1942530174015298,7.002469566133288e-06,0.0010000031079269117,0.0010387685667309495,0.006883445338139104,5.074360148111978
2252,-2.4662152956116876,-2.4662193487275323,-2.467324526804798,4.056067961566853e-06,1.0,0.0010000028260895666,0.001011838068974749,0.002748061008839253,1.2875786052559905,-1.181887539031191,-1.1818914738483728,-1.1846498573819797,3.938790824678209e-06,0.0010000030639477902,0.0010253585952644548,0.005283605904939274,5.043385553359984
2253,-2.4300250534741386,-2.430031769680527,-2.4284065714422263,6.7152926382028835e-06,1.0,0.0010000037310539552,0.0010356273291245947,0.004991399306575504,1.5756105476955198,-1.2052817384194996,-1.2052905258826083,-1.2163610386351744,8.786304129494561e-06,0.0010000039202471575,0.0011162873279924193,0.013144883296142022,5.12951946258545
2254,-2.466830294087248,-2.4668330381501398,-2.4676737470446892,2.7439223145538905e-06,1.0,0.0010000032631961523,0.0010130573437496457,0.0027815781375568993,1.2857860900321096,-1.184391483333376,-1.1843970209360122,-1.1910611374096738,5.535284678141276e-06,0.0010000028259431323,0.0010521458125569755,0.006741673633870151,5.102665609783597
2255,-2.467833015153993,-2.4678347875487128,-2.4670081453503303,1.7584073093702209e-06,1.0,0.001000002650368326,0.0010089740609609574,0.002155111013156063,1.2940606114999302,-1.1795820313609309,-1.1795836232188674,-1.1781967368183865,1.5871392356024847e-06,0.0010000028595742252,0.0010449651499382323,0.006429855714345144,5.110263119803535
2256,-2.435034324538033,-2.435037617413503,-2.4364820381380476,3.2925240273745557e-06,1.0,0.001000003010596869,0.0010106544656116726,0.002198040107581413,1.5178662988374818,-1.189110078414281,-1.1891150054004458,-1.1971716005148159,4.929966396755642e-06,0.0010000033743886483,0.0010505910678249267,0.0075038893639834394,5.233154275682239
2257,-2.377745218996732,-2.3777519711908304,-2.382630757565768,6.751420925248344e-06,1.0,0.0010000038255041218,0.0010148917746572,0.0027829708843404113,1.9650194712404936,-1.1843087653319038,-1.1843184862699774,-1.1904856695069208,9.722759326299032e-06,0.0010000035011519988,0.0010592701353339686,0.008151514217671421,5.257092814975313
2258,-2.19986518149106,-2.1998970171190657,-2.2044154371855393,3.18259984817145e-05,1.0,0.0010000081943734637,0.0019749104229838783,0.07253572969688629,2.9425745977545685,-1.2161818318896822,-1.2162750098440382,-1.2398733774820963,9.317770600318909e-05,0.0010000105533334944,0.002563300211396482,0.1365909293293953,6.216460429297553
2259,-2.375493827855812,-2.3757514683705456,-2.3745665325308747,0.00025764529435139783,1.0,0.0010000030655097569,0.0012444818440719315,0.02865291930260664,2.0029894968248763,-1.2564935442474152,-1.2565204294191465,-1.2712502045763863,2.688343326250712e-05,0.001000002342172795,0.0010898199863731862,0.012373719273859428,5.109007512198555
2260,-2.4489147843055004,-2.4489931295502863,-2.4475770986305094,7.835480402100761e-05,1.0,0.001000002041933531,0.0010852115316632783,0.011016074844794173,1.4377048667871728,-1.2153604494614734,-1.215383098812567,-1.2229232075313727,2.264802654584249e-05,0.0010000024171960022,0.0010806866895614398,0.010366035785732999,5.143627982669406
2261,-2.445141553878784,-2.445199152208724,-2.4423868656158447,5.760535878955193e-05,1.0,0.001000002219851287,0.0010230857219968765,0.0038333834755181705,1.4730254591635938,-1.186722097194029,-1.1867343400708503,-1.1944439282019934,1.2253059281243218e-05,0.0010000027638549607,0.0010579972915972272,0.008758083363581035,5.177985164854261
2262,-2.3900814573719815,-2.390122303422892,-2.39114932519085,4.086713745908917e-05,1.0,0.001000002806320927,0.0010369194864805014,0.004916334814690756,1.8106628184048634,-1.2314739309251306,-1.2314862995511955,-1.2470180454353492,1.2362831168704563e-05,0.0010000036693074638,0.0010801510393826498,0.012922427187570267,5.169947624206543
2263,-2.3394551322145283,-2.339514763850086,-2.334163136077377,5.963374421281635e-05,1.0,0.0010000042186803974,0.00129994580012588,0.025973473095668935,2.092871814403894,-1.1192296671370665,-1.1192658596568636,-1.126710769202974,3.618622819582621e-05,0.0010000038736810287,0.001307699689641595,0.029554092475316592,5.637135251363119
2264,-2.3908084675950825,-2.390855998363135,-2.391547236802443,4.75433496934063e-05,1.0,0.0010000028195000202,0.0012095412854456677,0.019221631599203596,1.8853027910556432,-1.230354983199181,-1.2303768805383395,-1.2467537813716465,2.1900981664657593e-05,0.0010000030872308547,0.0011494224735846123,0.01598348216050201,5.253206687503392
2265,-2.4532688023909084,-2.4532873450585133,-2.4555236573489205,1.8542527027849882e-05,1.0,0.0010000020529161084,0.0010594418426132146,0.0062919055564188454,1.3794328592858225,-1.2106438299434052,-1.2106530476361512,-1.2158028905590375,9.214298592673407e-06,0.0010000028181821109,0.0010814702164174783,0.013019480253569781,5.108614381154378
2266,-2.4401586235694164,-2.4401735044875235,-2.4392598799939424,1.4869671947551223e-05,1.0,0.0010000023758038878,0.0010592623894928762,0.007363552344031632,1.5273895229933396,-1.1714077755808832,-1.1714135052429304,-1.181242746942573,5.726433462566799e-06,0.0010000033148874839,0.0010528297525727087,0.00913692366124855,5.257753912607829
2267,-2.428059236058649,-2.4280686378479004,-2.4287470331731833,9.417815028496508e-06,1.0,0.0010000029161467024,0.0010356609336153236,0.004795000293151528,1.590991939013859,-1.1994386984242338,-1.1994428758819897,-1.2036805902090337,4.18316986825731e-06,0.0010000034235417843,0.0011072918565736877,0.01178989760681159,5.233592271804809
2268,-2.4461993676311566,-2.446210118959535,-2.445188544831186,1.073916846851133e-05,1.0,0.0010000030325620242,0.0010221510563256605,0.003757241294051538,1.4740917502709154,-1.1893263032866845,-1.1893310236434143,-1.1975685632891124,4.716714223225912e-06,0.0010000034804559417,0.0010789134772494434,0.01028198619476623,5.23272786670261
2269,-2.457677184410815,-2.4576854255964173,-2.4578546038213767,8.226635883439263e-06,1.0,0.001000002597651954,0.0010158221922674268,0.002866721391361558,1.3517456122164457,-1.2191760877768199,-1.2191793594923284,-1.2229994687769148,3.2733711931440565e-06,0.001000003229516248,0.0010668152296501728,0.008405213011428714,5.063846784167819
2270,-2.453020199289862,-2.4530271944010034,-2.451297404631129,6.9916670052510385e-06,1.0,0.001000002997417776,0.0011733741881677284,0.01983180266523839,1.4132038725996918,-1.1802844903535312,-1.180289496233066,-1.184896066122585,5.008859766854181e-06,0.0010000033562795984,0.001052772070074247,0.007536470706367658,5.147880771425036
2271,-2.4511885912913196,-2.4511946552204638,-2.452522340810524,6.077494823707724e-06,1.0,0.001000003335681164,0.0012096849551318952,0.015712908726132842,1.4180184985106845,-1.1829378831924662,-1.1829413673323061,-1.1845423609432246,3.486540582444933e-06,0.0010000026940057674,0.0010341312270611524,0.00717995420563966,5.109443442026774
2272,-2.4359464915293567,-2.4359524879815444,-2.4303684459542327,6.003129594730881e-06,1.0,0.0010000028129104736,0.001036816030600161,0.004759586848898457,1.554534394786043,-1.1786361531664928,-1.1786430689609713,-1.179739499754376,6.912234756681654e-06,0.0010000031648410691,0.001036927411850128,0.008272324153222144,5.169736035664877
2273,-2.4125501974573673,-2.4125611287242963,-2.4077884746047684,1.0921145385166384e-05,1.0,0.0010000035311710442,0.0010397965901197408,0.005569282493044464,1.728386566324054,-1.103116754069924,-1.1031256229927142,-1.1095334314637715,8.863790167702568e-06,0.0010000041246207225,0.0010367695681957735,0.009069635237877568,5.412371550665962
2274,-2.3609510412756003,-2.3609601844031856,-2.361546167787516,9.153881725275292e-06,1.0,0.001000004016600971,0.00105822049432768,0.007602109971350797,2.1073417326189436,-1.204557603928778,-1.2045664656493398,-1.2062832550042206,8.861968914667766e-06,0.001000005550061663,0.0010929660845754876,0.017561780255184404,5.378637901941935
2275,-2.42986731259328,-2.429873821870336,-2.43143814464785,6.514408116070729e-06,1.0,0.0010000035838874162,0.0010267413388234826,0.004166086492093526,1.5879109108223106,-1.2004879557424124,-1.2004920818739466,-1.1997501658068763,4.121743970447116e-06,0.0010000037986578213,0.0010643152933981683,0.014889223255320556,5.210060792499117
2276,-2.4397298524964532,-2.439738296112924,-2.4408795518695183,8.438766564962998e-06,1.0,0.001000003010596869,0.0010515109148263087,0.0064683205311907065,1.5023552932829227,-1.1976645312375491,-1.1976727538638645,-1.1984172784619862,8.224116431342232e-06,0.0010000033148874839,0.0010358966886997224,0.0083608393298669,5.129948250452677
2277,-2.469562935379316,-2.4695668535412483,-2.4689684049138485,3.909305581506693e-06,1.0,0.0010000024395028376,0.0010132414117490626,0.0027989253955278195,1.256347968893231,-1.1938013749818006,-1.193805721319384,-1.2091018709871504,4.346254799101088e-06,0.0010000032916044196,0.0010293905235206088,0.007786940509039495,5.091709979375202
2278,-2.454909769993908,-2.454914781282533,-2.4563162776659118,5.024151419693569e-06,1.0,0.001000002779962741,0.001025170382147409,0.00421528152919392,1.35024556798755,-1.1768064237303202,-1.1768094546265073,-1.1804448590096501,3.0387606885698106e-06,0.0010000033485185768,0.0010314669020266996,0.007997460171787275,5.136943160163032
2279,-2.449716086657542,-2.4497237835290298,-2.4513569822851218,7.685063020238337e-06,1.0,0.0010000027294428844,0.0010117442887452133,0.002595771736693832,1.4200263338268928,-1.1795812300509876,-1.1795858646432558,-1.1848028373387125,4.637489716211954e-06,0.0010000033743886483,0.0010304062213334771,0.007129130158055988,5.123114098442925
2280,-2.4448583665883765,-2.4448652222471416,-2.441899061203003,6.8667643475082685e-06,1.0,0.0010000032060867492,0.001020785814309317,0.00390141042177829,1.4683299435759491,-1.169815703233083,-1.16981952852673,-1.1746338622437582,3.827032115724352e-06,0.001000002988924583,0.001029026547136406,0.0071966314274403784,5.202227883868747
2281,-2.406974621538846,-2.4069828582259842,-2.4085749275279493,8.251166568612152e-06,1.0,0.0010000038760239786,0.0010200702071295313,0.003377525867314412,1.7714797438315626,-1.163635775414554,-1.163644838963066,-1.1577469440384043,9.067853291829427e-06,0.0010000036537854207,0.0010384333423442312,0.007543642275656263,5.244339100519817
2282,-2.448330186448007,-2.4483355666106603,-2.4491790915435216,5.383536500750847e-06,1.0,0.001000003135798253,0.0010158654592298674,0.0032348912209272385,1.4371223719614856,-1.1966380841409163,-1.1966411270408166,-1.1912288881838322,3.04472115304735e-06,0.0010000031053399047,0.0010262246657576825,0.00574798847341703,5.118327871958415
2283,-2.4661489657635958,-2.466151385937097,-2.467823676343234,2.4263588887340617e-06,1.0,0.001000003296143885,0.001012211105399677,0.0026650366325036818,1.2651412183383726,-1.1636925437694619,-1.1636954196935727,-1.1616595460308923,2.875841326183743e-06,0.0010000033407575554,0.001026778787167536,0.0059945185487676,5.111933845943875
2284,-2.4385561313269273,-2.438562091791405,-2.4406704002956174,5.936636677328146e-06,1.0,0.001000003548743168,0.0010178381058756473,0.0030445272502717825,1.4815267009555169,-1.1358336120429966,-1.1358391887197892,-1.151323239546683,5.574441618389553e-06,0.0010000033252355125,0.001024851601363884,0.005666739219385717,5.302277326583862
2285,-2.3987436631940446,-2.3987519291211976,-2.394993671831095,8.266911191760369e-06,1.0,0.0010000033027334314,0.0012970220381042586,0.02113941375315541,1.893352526538777,-1.1946386297543843,-1.194672237833341,-1.2051641229126189,3.3600380023320514e-05,0.001000004885200825,0.0010868297631127966,0.015355414278908736,5.303595765431722
2286,-2.3981829296867803,-2.3981984291436538,-2.400825815380744,1.5505501684152854e-05,1.0,0.0010000033905940516,0.0010898699303034623,0.008766303291403741,1.752271296843043,-1.2456110357410382,-1.245626724511385,-1.250783624417252,1.5692743990156386e-05,0.0010000031234489548,0.0010738692220507396,0.01721211803249187,5.155307642618815
2287,-2.45083676194245,-2.4508428213731297,-2.4508120203917882,6.056970582818086e-06,1.0,0.0010000028546442682,0.001139804729664663,0.00975882694046101,1.4002947031327013,-1.1769319708769521,-1.1769365144065684,-1.178256202240785,4.537569151984321e-06,0.0010000025413723457,0.0010413647913891408,0.011198321150408851,5.151342619789971
2288,-2.422594281862367,-2.422601137521132,-2.4212868753469214,6.844693759702287e-06,1.0,0.0010000026415822641,0.0010561571140193715,0.007619351825132122,1.642007494872471,-1.1556731667783524,-1.1556822069817119,-1.1588598685132132,9.033332268397014e-06,0.0010000028104210892,0.001032028251534535,0.008194048744108942,5.17538965013292
2289,-2.4493482922607996,-2.44935527387655,-2.449843762055883,6.99110469728146e-06,1.0,0.001000002597651954,0.0010119165526703,0.0024456976043095565,1.4434812203893121,-1.1693225742059035,-1.1693331476559656,-1.1722644965267843,1.0566910107930501e-05,0.0010000031881241334,0.001029961745047735,0.007919251212539773,5.235180102454292
