epoch,train_loss,train_nll,train_nll_nonctx,train_kl,beta,train_var_min,train_var_mean,train_var_max,train_mae,val_loss,val_nll,val_nll_nonctx,val_kl,val_var_min,val_var_mean,val_var_max,val_mae
1,2.2001018170957214,2.2001018170957214,2.215085784594218,5.846056841037892,0.0,0.16668304121466698,1.6966483548835471,4.497672204618101,144.4328488950376,11.668890605370205,1.593531275788943,1.5961313645044963,10.075359366834164,0.4734935164451599,2.452538768450419,5.102111478646596,122.06095472971599
2,1.4901879981712058,1.4679641635329634,1.4716802217342235,6.667147106594509,0.0033333333333333335,0.1938761665865227,2.159783049866005,5.17335330998456,106.45681423611111,10.573982367912928,1.4265782634417217,1.42755326628685,9.147404057284197,0.2041885107755661,1.9823549886544545,4.614825278520584,96.41013399759929
3,1.3832024026800085,1.3422710409870855,1.3437721861733332,6.13970207284998,0.006666666666666667,0.10826241569938483,1.618643566414162,4.288826668703997,93.37861520272715,9.04800829788049,1.2620809574921925,1.2642112721999486,7.785927392542362,0.15874252623567978,1.407837063074112,3.529669592777888,91.41369597117105
4,1.2762631840176053,1.20616113698041,1.203169756465488,7.010205317426611,0.01,0.08475034959890225,1.160295338542373,3.42169776669255,87.69249329743562,7.603632668654123,1.125284458200137,1.1279504944880803,6.478348284959793,0.11244594166055322,0.9556913326183955,2.5546146432558694,82.26308759053548
5,1.2091986647358648,1.091226385699378,1.0928459653147944,8.847920020421347,0.013333333333333334,0.06693437329872891,0.8293664521641202,2.7228529188368054,84.15413637514467,5.662690098086994,1.0330630044142406,1.0375609869758289,4.629627086222172,0.08862568562229474,0.7643634080886841,2.0901081214348474,79.45330047607422
6,1.11519859234492,1.0391101903385587,1.054981247142509,4.565303692111263,0.016666666666666666,0.0634058787383967,0.7067692147360908,2.2767033267904213,81.45920958342376,4.865209519863128,0.9644999007383982,0.9701341167092323,3.9007096216082573,0.10307958023622632,0.6928039689858755,1.8084296782811482,78.13305727640788
7,1.1186234774412933,0.9784035329465512,0.9751299531371506,7.010996999563994,0.02,0.06334937267281392,0.627454263192636,2.1486318332177623,76.24106414229782,3.9569813360770545,0.8966103742520014,0.9014661411444346,3.0603709245721498,0.07163003459572792,0.6001609240969022,1.4922807564338048,74.58969529469809
8,1.0136685283095748,0.8720950815412734,0.8795633558873777,6.067433423466152,0.023333333333333334,0.03580027998045639,0.5459299473850815,1.7877702845467462,75.97049783777308,3.158905208110809,0.8277194375793139,0.8336783374349276,2.3311857792238393,0.04198492830619216,0.49429898088177043,1.2837921256820362,74.5178648630778
9,0.922725032877039,0.8199478542363202,0.8318279164808767,3.8541438712014093,0.02666666666666667,0.028129775491025712,0.4785859198481948,1.5397069145131994,74.4546881781684,2.8193828662236533,0.777570145825545,0.7850864231586456,2.0418126974254847,0.036387493989119925,0.4670293467740218,1.2130663817127545,72.44984038670857
10,0.8628959435003775,0.7889738943841722,0.7946104804674784,2.464068357591276,0.03,0.02452050218427623,0.43652900832670705,1.476290923577768,73.36701258906612,2.5709689557552333,0.7557669555147489,0.7628019228577614,1.815202010795474,0.03724507048415641,0.4261203122635682,1.0770697072148323,71.28444957733154
11,0.7854395663296735,0.7242160638173422,0.7334698262038054,1.836704847989259,0.03333333333333333,0.02245988303588496,0.4167448911401961,1.267660880530322,71.41709702103226,2.2849733034769693,0.6821490153670311,0.691196026901404,1.6028242831428845,0.024174180774328608,0.3962234954039256,1.0274352903167407,70.5358247756958
12,0.7794687792106911,0.7141676169854624,0.723490748140547,1.7809408240848117,0.03666666666666667,0.01680035123394595,0.38571658620127924,1.2356168208298859,70.70695198906793,2.01999065776666,0.6770544846852621,0.6874719249705473,1.3429361743231614,0.02215816138777882,0.3810107832153638,0.9425773719946543,70.66472959518433
13,0.760494468388734,0.6615016482494496,0.6784377760357327,2.474820598408028,0.04,0.01835629795850427,0.39356837890766283,1.1806425562611333,70.52964782714844,1.723359853029251,0.7025296365221342,0.712307500342528,1.0208302068834503,0.016545786910379928,0.3916651743153731,1.0392417063315709,70.16056569417317
14,0.7581947401717857,0.6532617365872418,0.6660081810421414,2.4215308162901135,0.043333333333333335,0.012976173708146369,0.37845510796264364,1.202595631281535,70.85829869023075,1.5138514712452888,0.6108567751944065,0.6221882452567419,0.9029946954300007,0.017612610904810328,0.3671720822652181,0.9335199669003487,68.84256569544473
15,0.7261784672737122,0.6176463078569483,0.6276503150109891,2.325689121528908,0.04666666666666667,0.012730201878757388,0.3681967655817668,1.1442027908784371,69.17703148170754,1.1734354148308435,0.5685091043512026,0.5783817085127035,0.6049263185511032,0.016603497477869194,0.367552259316047,0.8807122260332108,68.58856455485025
16,0.6515111790763007,0.6042334967189364,0.5995298436394444,0.9455536559776023,0.05,0.012798597380794861,0.3518182337284088,1.071201225121816,67.89133340341074,1.0922547479470572,0.5639224424958229,0.5754994514087836,0.5283323043646911,0.015138006381069621,0.3489739273985227,0.8885493924220403,67.98127365112305
17,0.6007510644418222,0.5376000989366461,0.5493234760231442,1.1840805576907263,0.05333333333333334,0.011633206020902705,0.3432810781178651,1.038053618537055,67.22920735677083,0.91536445915699,0.4644896773000558,0.4764952212572098,0.45087478403002024,0.011638269371663531,0.3237512881557147,0.8157758464415868,66.02497609456381
18,0.5810479521751404,0.520449885615596,0.5289025670952268,1.06937767178924,0.056666666666666664,0.007510783081805265,0.31559132867389256,0.9260368501698529,65.59542408695927,0.8980917756756147,0.4849182888865471,0.4970322474837303,0.41317347732062143,0.011313780560158193,0.32094599182407063,0.7727427234252294,66.56046676635742
19,0.5200325195436124,0.4670721259382036,0.4722348186704848,0.8826732525119075,0.06,0.008545681472039886,0.31649824645784164,0.9317785766389635,65.45746711448386,0.8735577563444774,0.4766223033269246,0.488789817939202,0.3969354586054881,0.008442074235063046,0.3127240017056465,0.8071772853533427,65.86444854736328
20,0.5577436608296854,0.4654205165527485,0.47989975412686664,1.4577338728639815,0.06333333333333334,0.007076284391115661,0.314069261153539,0.9346500193631208,65.79588769983363,0.693234966446956,0.40428148706754047,0.4182896700998147,0.2889534910985579,0.007853122874318311,0.2976132134596507,0.7169109384218851,64.7914137840271
21,0.4791126317448086,0.41369664006763035,0.4291218430907638,0.9812397978923939,0.06666666666666667,0.005869679066731974,0.29937078224288094,0.8873991635110643,65.24609120686848,0.6459777293105922,0.3809530511498451,0.3939116907616456,0.2650246723399808,0.005822316074045375,0.2893146884938081,0.7161721338828405,64.92523892720541
22,0.4100231064690484,0.3635302484035492,0.42929874967645715,0.6641837137716787,0.07,0.004176042275503278,0.28992672982039275,0.8799563381406996,68.746157752143,0.5642591454088689,0.29611128692825633,0.3078456986695528,0.2681478522717953,0.004328487596164147,0.282326877117157,0.7095911602179209,63.978764057159424
23,0.41165538408138136,0.35095096186355307,0.33832401092405673,0.8277876255688844,0.07333333333333333,0.0037872691862975007,0.2793684392063706,0.8632027484752514,61.96395817509404,0.6076595075428486,0.3345037487645944,0.34694665980835754,0.2731557581573725,0.00548089337341177,0.2837616130709648,0.6963154822587967,63.390146732330315
24,0.43620272256709913,0.3625528508866275,0.37081567501580276,0.9606504340966543,0.07666666666666666,0.004672717854932502,0.2950390378634135,0.8550406098365784,62.436496310763886,0.519031343360742,0.28176342075069744,0.29422909455994767,0.23726791997129718,0.006164608484444519,0.2823868356645107,0.7176446095108986,63.31715806325277
25,0.41045478372662153,0.3223779985198268,0.34726281132962966,1.1009598860034235,0.08,0.0048370506372992636,0.27728855168377914,0.8690490192837186,64.36342140480325,0.4086753961940607,0.2215667376294732,0.2331187961002191,0.18710865693477294,0.003339953710868334,0.2630483644704024,0.6898695876200994,61.967088381449386
26,0.3009189913670222,0.24344124065505135,0.2431864622566435,0.689732998057648,0.08333333333333333,0.0024546729702571474,0.26169056197007495,0.8009360211866873,61.18696933322482,0.37486956516901654,0.1848370317990581,0.19772259254629412,0.19003253197297454,0.00259795389623226,0.2534625008702278,0.669869693617026,61.40397675832113
27,0.25878578590022194,0.20268659348841067,0.21653803686300913,0.6472983680389546,0.08666666666666667,0.002203507016895822,0.25831774484228204,0.7668327115200184,62.01954113995588,0.5070370075603325,0.31316517541805905,0.3254404452939828,0.193871826864779,0.00198723243859907,0.25933697323004407,0.6496090292930603,61.5506100654602
28,0.2666660176107177,0.21124754202793594,0.24269387457105848,0.6157608164681329,0.09,0.0020370836266212994,0.26392872355602404,0.7532537005565785,63.35149030332212,0.3148779477924108,0.1420078333467245,0.1558123625194033,0.172870116851603,0.0031153375457506627,0.25758632831275463,0.6350389843185743,60.654508431752525
29,0.2289249234729343,0.1413999890425691,0.15790518000721931,0.937767113800402,0.09333333333333334,0.0016745171138878774,0.24975100214834567,0.7338740626970927,61.80946689181857,0.25747034993643564,0.11806639908657719,0.13017911308755478,0.13940394840513667,0.0013369858788792044,0.23256412086387476,0.5995704556504885,60.71319595972697
30,0.2576508792462172,0.19089001072225747,0.20834338113113685,0.6906296991639667,0.09666666666666666,0.002235462300531152,0.25249273191999505,0.7496676290476764,60.98921005814164,0.23640797411402067,0.11592771128440897,0.1292065209709108,0.12048026147143294,0.002895461346876497,0.24890027195215225,0.6635398839910825,60.39694547653198
31,0.20821656617853376,0.1083242751106068,0.1152030856659015,0.9989228767377359,0.1,0.0015770201204793044,0.2435170986034252,0.7373079304341916,60.64273396244756,0.12425628075531374,0.025323639158159494,0.03790653668208203,0.09893264314935853,0.0011278855721078191,0.24708378314971924,0.6509973605473837,60.07283210754395
32,0.09764662516061906,0.04247695062723425,0.0685464026911278,0.5339000754886203,0.10333333333333333,0.0010397431669170382,0.24949102214089147,0.7203140523698595,60.86780336168077,0.17382874332057932,0.06777404509678793,0.0818732045396852,0.106054698349908,0.0009738507869769819,0.23258791056772074,0.61964500695467,59.22500117619833
33,0.16034998006566806,0.05628419520885304,0.07331770747744788,0.9756166923929144,0.10666666666666667,0.00104065110941452,0.24310898780822754,0.7242391175693936,60.1881059717249,0.0540255237914001,-0.038880541134858504,-0.025524223844210308,0.09290606571206202,0.001101902804900116,0.24555611175795397,0.6878027593096098,59.39754374821981
34,0.05181562348648354,-0.010453438875696587,-0.010600057378825214,0.566082387610718,0.11,0.0007180332559747276,0.23920459769390248,0.695541935938376,58.29690636528863,0.047875724034383886,-0.04303171474627258,-0.028355506394291297,0.09090743877459317,0.0007663687817209089,0.23481523928542933,0.6648387511571249,59.009065628051765
35,0.10203429953091675,0.03713817744412356,0.04176353827912222,0.5726128071546555,0.11333333333333333,0.0012089595202942965,0.24311154860037346,0.7258302547313549,57.85347323947482,0.060040214448235936,-0.026638933348294813,-0.01337336302822223,0.08667914740120371,0.0010800056382625673,0.22468534111976624,0.6048118596275648,58.34861469268799
36,-0.003144205927296921,-0.07713629474380503,-0.07435581094964787,0.6342179129521052,0.11666666666666667,0.0005751281105740754,0.2244328127966987,0.6840918638088085,57.88164265950521,-0.09343004940698545,-0.17143377933340767,-0.15847452912809482,0.07800373085774481,0.0003745298575571117,0.22481256102522215,0.6340730612476667,59.150011221567794
37,0.059763329241562774,-0.008388168782133746,-0.006072088506900602,0.5679291690941211,0.12,0.000772405509552401,0.24012159859692608,0.7298456320056209,58.38177829318576,0.06680754867071907,-0.006479021380073391,0.005251171634881757,0.07328656987131883,0.0010663421514133613,0.23886442060271898,0.675040898223718,57.60487842559814
38,-0.03919721608636556,-0.1159084296302387,-0.09990390631611701,0.6219828073625211,0.12333333333333334,0.0005642058547689683,0.22107277810573578,0.6867213734874019,58.77648657339591,-0.16684406405935684,-0.23815936408936977,-0.2235384505862991,0.07131530076730996,0.00027333143710469204,0.20527484205861887,0.6097215712070465,58.181004683176674
39,-0.017344568614606506,-0.06751113936856941,-0.040981374163594514,0.39605188756077375,0.12666666666666668,0.0006768105161393544,0.23489903189517833,0.7286216241342051,58.23652140299479,-0.026916993937144678,-0.09725561854429543,-0.08408355151186697,0.07033862396686648,0.0009532604187067287,0.2258120533078909,0.6723237608869871,57.080094496409096
40,-0.12921873079957785,-0.17890308880143696,-0.18279423721617571,0.38218738745760034,0.13,0.0004117041621443436,0.2130900251644629,0.7053937911987305,55.16709306504991,0.2139310195343569,0.14348615207321322,0.1598429613901923,0.07044486472538362,0.0002768459926301148,0.2094080193589131,0.6945322006940842,56.935880978902176
41,-0.11871663839728744,-0.19043383787869028,-0.18060556726737154,0.5378789719608095,0.13333333333333333,0.0004676330146914417,0.21343307473041392,0.7126215784638016,56.08399878607856,-0.24905020805696645,-0.3157529340436061,-0.30150112447639305,0.06670272389116387,0.00025618074808638386,0.18665307449797788,0.6088567823171616,56.08987522125244
42,-0.11084552026457256,-0.20005115052616154,-0.19483697251416743,0.6527241142811598,0.13666666666666666,0.00028497869681342746,0.20458257087954768,0.7057369373462818,54.80438444349501,0.015209309523925183,-0.0479390381272727,-0.03502699405847428,0.06314834758328895,0.0005268053852584368,0.222151647011439,0.7220773672064146,55.43641916910807
43,-0.16601856301228204,-0.23147546306804376,-0.21535068019120782,0.46754928926626843,0.14,0.000422869686628002,0.20834671678366484,0.7326687574386597,54.323139897099246,-0.07699121860787274,-0.13917242485331371,-0.12219384250541528,0.06218120727377633,0.00018766930770652834,0.17816541406015554,0.6148437435428301,54.9035660425822
44,-0.09184713047687654,-0.1573506003866593,-0.16416188672667853,0.4570009669771901,0.14333333333333334,0.0004630442994379404,0.20073663802058608,0.70374020602968,53.79970465766059,-0.19604262647529444,-0.24815635414173207,-0.23562367726117373,0.05211372712316612,0.000683572664759898,0.20678800406555334,0.7274041697382927,54.41998481750489
45,-0.1662237656613191,-0.23527976139276116,-0.21276251530205761,0.4708363446924422,0.14666666666666667,0.00036304507617993903,0.1919075239587713,0.706056089312942,54.64199928001121,-0.28043941346307594,-0.33698784994582337,-0.3225125962247451,0.05654843425145373,0.00027070133486025344,0.18783255045612654,0.6866097003221512,54.21336030960084
46,-0.24266643325487772,-0.31185306387918965,-0.3096943058901363,0.46124417141631796,0.15,0.0003212343516578484,0.19192769792344835,0.7082955219127514,51.64123012401439,-0.23176523142804703,-0.29300751229554106,-0.2760173662876089,0.06124228048914423,0.0001451714439705635,0.16488197383781275,0.6458702385425568,53.145009199778244
47,0.1388113777394648,0.060071372987564514,0.06862427671957347,0.5135217579426589,0.15333333333333332,0.0017568474396722632,0.2168278357496968,0.7852649578341732,52.8470054909035,0.09397641553853948,0.048197702039033175,0.060230219222527616,0.04577871349950632,0.003671772845943148,0.24052993270258108,0.8573642919460932,53.329122702280685
48,-0.043725294854353974,-0.09736795281922375,-0.033999129095011286,0.34239994872499396,0.15666666666666668,0.0018914717613909117,0.20420416803271682,0.7515889781492727,55.70279255619756,-0.2407664613177379,-0.2854963312856853,-0.2715326837884883,0.04472987097688019,0.0004504748491550951,0.15698588577409586,0.6867393503586451,52.416972955067955
49,-0.23997602115074793,-0.3223329571041244,-0.3200629405953266,0.5147308497517197,0.16,0.00020534742523321055,0.16111996659526118,0.7331805472020749,51.176806414568865,-0.4280047081410885,-0.46869827310244244,-0.45322733372449875,0.040693567832931876,0.00010407065474282717,0.17251899962623915,0.859104131658872,51.97329298655192
50,-0.26812950052596907,-0.3656529497217249,-0.3509868990491938,0.5970823637865208,0.16333333333333333,0.00021073685153775537,0.18721377021736568,0.9055353491394608,52.11701202392578,-0.4393467996269464,-0.4772484079003334,-0.46320262861748535,0.037901611144964896,0.00011811245803983184,0.1665518656373024,0.8509294341007868,51.22131411234538
51,-0.3623286896833667,-0.41842264461296574,-0.38319196217451934,0.3365637168840126,0.16666666666666666,0.00012447142351582578,0.17017849010449868,0.8690536750687493,51.26024154380516,-0.47890322531263035,-0.524595228334268,-0.5090223823984464,0.045692001547043525,0.00011601652689326632,0.16573244581619898,0.866265503068765,50.88252957661947
52,-0.36546588965036253,-0.4422110418478648,-0.41748665935463375,0.45144206451045144,0.17,0.00014936622729119672,0.16854256888230643,0.8508418334854974,51.22751702202691,-0.45105226958791417,-0.49586010662217933,-0.4812342481066783,0.044807838120808206,7.774431742291199e-05,0.15399241944154105,0.8973285928368568,50.1760597229004
53,-0.29393913928005433,-0.3764109672219665,-0.37754587166839176,0.47579899043948565,0.17333333333333334,0.00014017053925070085,0.17417989229714428,0.9271776742405362,48.98061752319336,-0.4073657710105181,-0.4462930653244257,-0.4316884819418192,0.038927296098942556,0.00020310651537632415,0.17693423541883627,0.9418103819092115,49.59596061706543
54,-0.36011050917484144,-0.4367670852828909,-0.42265169929575036,0.43390515115525985,0.17666666666666667,0.00018350151367485523,0.17056567249474702,0.9464936477166636,49.5265858968099,-0.48757370561361313,-0.5259617492556572,-0.5097741646071275,0.03838804333160321,7.793746362949605e-05,0.14901080851753554,0.9215608611702919,49.35195811589559
55,-0.44133914289651094,-0.5125028491020203,-0.5393654428146504,0.395353889575711,0.18,8.460717045063912e-05,0.157926548410345,0.9887360334396362,45.73402079829463,-0.485868620996674,-0.5229435799022516,-0.5075336017956337,0.03707495921601852,7.92806710402753e-05,0.1581630085905393,1.0100733588139217,48.90533192952474
56,-0.37628988204178987,-0.4776525453284935,-0.4870713673256062,0.5528872366304751,0.18333333333333332,0.00010753211676341448,0.16803067867402677,1.0252689895806488,47.18496485109682,-0.4074783297255635,-0.44159735335657996,-0.42642611094440025,0.034119024562338986,8.609945992551123e-05,0.1544901573409637,1.0216447934508324,48.91788736979167
57,-0.4480212684030886,-0.5277476564601615,-0.5035011172294617,0.42710563981974564,0.18666666666666668,9.575221257465374e-05,0.1576381386430175,1.0230868635354218,49.00284039532697,-0.3037721250827114,-0.33740945160388947,-0.3205531171212594,0.033637326676398516,5.959788389494255e-05,0.14427375172575316,1.0163025657335918,48.296862284342446
58,-0.44262247284253436,-0.5401916727423668,-0.5298127214665767,0.5135221133629481,0.19,9.211874836452168e-05,0.15952013874495471,1.0391665056899742,47.735821335404005,-0.5382964611053467,-0.5719494434694449,-0.5547342263162136,0.03365298042384287,4.891473857545255e-05,0.14258264439801374,0.9796243036786715,47.679772059122726
59,-0.2206363241981577,-0.3309892284925337,-0.3171100236682428,0.570790895709285,0.19333333333333333,0.00021536584770526842,0.17261507224153588,1.108904030587938,48.34612952338325,-0.31628111439446605,-0.3490605652332306,-0.3354798226306836,0.032779450761154294,0.00039822595378306386,0.1820678791652123,1.0709955419103305,47.86149565378825
60,-0.4073948120629346,-0.4882463404425868,-0.4772215325523306,0.4111094485830378,0.19666666666666666,0.00023535471862285503,0.15760731365945604,1.0262194165477045,47.02719314010055,-0.5736771573623021,-0.5982660129666328,-0.5805907485385736,0.024588856768483918,5.8711934798338916e-05,0.1338458489626646,1.0150929217537243,46.95445919036865
61,-0.07137428058518304,-0.13720685175482045,-0.12157920682457862,0.32916283828240855,0.2,0.0005547687189256841,0.17882882279378395,1.147349152300093,47.50278642442491,-0.03368251739690701,-0.056336897027601175,-0.04369291379892578,0.022654380028446514,0.0020762118219863623,0.22999783356984457,1.1816221947471302,48.83322127660116
62,-0.057298366256334166,-0.11712114230074265,-0.10398236813920515,0.29421038428942364,0.20333333333333334,0.0018840295379050076,0.2012300099487658,1.067400868292208,48.71309605351201,-0.23832082717369002,-0.2569968276657164,-0.24201419545958439,0.01867599707717697,0.0009036806150106713,0.15254834480583668,0.9978063404560089,47.68427848815917
63,-0.2832072948416074,-0.35915318186636325,-0.33870917227533126,0.36748010361636124,0.20666666666666667,0.0005240646574680728,0.14809774966151626,1.015267464849684,48.056638647008825,-0.5073004433264334,-0.5306632264206806,-0.5131439585238695,0.023362780377889674,0.0001687802080899322,0.13133626338094473,0.9954050729672114,46.638306299845375
64,-0.4768670477249004,-0.5802871540740684,-0.5726278678134635,0.49247670118455533,0.21,0.00010230880003224161,0.13538662978896387,1.0889140566190083,46.058631614402486,-0.6294892591734726,-0.6521337665617466,-0.6347093060612679,0.022644504827136796,3.524157038251966e-05,0.13185710490991673,1.1333142518997192,45.92833185195922
65,-0.5536391701963213,-0.6222209886268333,-0.6099274456501007,0.32147727796324976,0.21333333333333335,4.573001394789942e-05,0.14849085995444544,1.249381301579652,45.75510858606409,-0.6962205320596696,-0.7236564780275027,-0.7068787614504496,0.027435943251475692,4.35358071323814e-05,0.15274614033599695,1.2340845217307408,45.65614986419678
66,-0.5197141573384956,-0.584288912790793,-0.5454919597616902,0.29803734410692145,0.21666666666666667,7.206006422940711e-05,0.15554067934000934,1.2137090188485604,47.67610479284216,-0.6216991630693277,-0.6431091924508413,-0.6267288774251938,0.021410034115736682,6.571615373710908e-05,0.14599035307765007,1.182656245927016,45.67129834493001
67,-0.37872049529795293,-0.4372239991746567,-0.44068920107006476,0.26592503432874326,0.22,5.599732294622636e-05,0.14023730986648136,1.2064385988094188,43.02383550008138,-0.051934543919439115,-0.07046578568406403,-0.05224855136475526,0.018531242075065773,0.00010135758839169284,0.166203573346138,1.2868282000223796,45.36016257603963
68,-0.037546966362882545,-0.11501675056017659,-0.10882646740517682,0.34687963514416303,0.22333333333333333,0.0015599945607526159,0.21968139321715743,1.2921352563080963,45.34471215142144,-0.14509865393241247,-0.16073079438259205,-0.14725141149635115,0.01563214013973872,0.001990378077607602,0.18829524020353952,1.0952317068974178,47.05401500066121
69,-0.21650185767147276,-0.267138227544449,-0.26611077702707714,0.22339573944056476,0.22666666666666666,0.0013311924844014425,0.15798427550880997,1.0348405970467462,44.68055145828812,-0.38681044802069664,-0.39961630664765835,-0.38278801609521906,0.012805857229977846,0.0005478992012892073,0.12863508022079864,0.9752788643042246,45.62822564442953
70,-0.44278458864600573,-0.5070798910326428,-0.5199269773783507,0.27954479969210094,0.23,0.00036309865417597057,0.1321105021569464,1.0794629984431796,42.81696785820855,-0.6256998268266519,-0.6447754253943762,-0.6272688632210096,0.019075595308095217,0.00013064346997756124,0.12168760535617669,1.0949831083416939,44.227341651916504
71,-0.6150845256116655,-0.6789308653937446,-0.6699996204287918,0.2736271851592594,0.23333333333333334,8.602704380151678e-05,0.12443500729622664,1.1758750235592876,43.27776675754123,-0.6643260841568311,-0.6822781351705393,-0.66714279850324,0.017952051013708115,4.222159471585959e-05,0.1240908820182085,1.223118171095848,44.048974672953285
72,-0.6155100751806188,-0.6850018722039682,-0.6824061197263224,0.2936272993683815,0.23666666666666666,4.976315931007439e-05,0.1327024143603113,1.260888655980428,42.76530866269712,-0.7743829414248466,-0.7924000695347786,-0.7747229635715485,0.018017131369560957,4.271991830743597e-05,0.1338807741800944,1.2784784436225891,44.638336181640625
73,-0.6294849272127505,-0.6965716569511978,-0.6868658120985385,0.27952806568808025,0.24,6.501325225582588e-05,0.13879739769079066,1.2459641739174172,42.84229250307436,-0.7892762261132399,-0.8083130568265915,-0.791104386250178,0.019036832653606933,4.8571174678121075e-05,0.12782236374914646,1.193986085553964,43.962260723114014
74,-0.5781122759260513,-0.650984328792051,-0.6349795928431882,0.2994742018205148,0.24333333333333335,5.0583828043373716e-05,0.1327487956042643,1.267167729360086,43.59013945968063,-0.370059839139382,-0.38772382338841754,-0.37235032697208226,0.017663983317712944,7.368344692319322e-05,0.14726779237389565,1.2842374046643574,43.65004014968872
75,-0.5798786856510021,-0.6605595515833961,-0.6313872789895093,0.32708460644439413,0.24666666666666667,0.00010784833446248538,0.14982821516416692,1.2588711535489117,44.37221908569336,-0.7622866729895273,-0.7812723045547804,-0.7640851487716039,0.01898563397116959,6.068703730003714e-05,0.12396098176638286,1.1946559126178424,43.537103811899826
76,0.6331188193073979,0.5410632469035961,0.5665957497225868,0.36822220076013495,0.25,5.578766636231362e-05,0.12723650755705657,1.2238748669624329,44.400320547598376,0.779201236863931,0.7565445949633917,0.7624276106556257,0.022656642676641543,0.0004169811303048239,0.23072002455592155,1.4089406778415043,47.427675882975265
77,0.37512530938342764,0.3006722007498697,0.30052468463502546,0.293893843613289,0.25333333333333335,0.008438745657999621,0.3166642487049103,1.267034234824004,49.724251923737704,0.3189592473208904,0.28633017217119533,0.2966349460184574,0.03262907522730529,0.007708378077950329,0.28040797511736554,1.186081478993098,51.58716154098511
78,0.2485172047659203,0.18977425219836058,0.1939348886134448,0.22886866055153035,0.25666666666666665,0.0043814081991850225,0.2292536469521346,1.0982077806084245,50.017746678105105,0.11099400134601942,0.0872432632992665,0.09813583085391049,0.023750737969142694,0.002608545468926119,0.192137332012256,0.872296430170536,48.781361262003585
79,0.08128433571093613,0.025633045783723465,0.031012673241396744,0.2140434323637574,0.26,0.001843626050416518,0.17633983823988172,0.8634156871725012,47.175848219129776,-0.03191200946457684,-0.052906645549228415,-0.040263502237697445,0.020994635298848152,0.001626965509785805,0.1669486165046692,0.8613241985440254,47.5019539197286
80,-0.05458198680921837,-0.10749703627489335,-0.07589773136984419,0.20094323461806332,0.2633333333333333,0.001084504088524867,0.1579467201674426,0.8611940410402086,47.358812967936196,-0.168906488455832,-0.1832272505853325,-0.17040096557078263,0.014320762051890293,0.0009878065587448266,0.15094164634744325,0.9088329151272774,45.90473779042562
81,-0.0749162816339069,-0.17224504274350624,-0.16243457256091964,0.36498283180925584,0.26666666666666666,0.000741416891321057,0.15024527962561007,0.9239315765875357,46.156784764042605,-0.254499331737558,-0.26715711946599185,-0.2532895567516486,0.012657787185162306,0.0006575603098705566,0.14337739534676075,0.9758344491322836,45.56475385030111
82,-0.21326312091615465,-0.29043042190648893,-0.2639985183874766,0.28580479599811415,0.27,0.0004215602282244988,0.14716843322471337,0.9713120548813431,45.99407591643157,-0.36052602979665005,-0.37344458093866706,-0.356308958454368,0.012918550676355759,0.0003490587490280935,0.1310046948492527,0.9827415545781454,44.36476103464762
83,-0.27883488519324195,-0.3579810540433283,-0.34527015072052125,0.2895591529431166,0.2733333333333333,0.00030707826630936726,0.14016442525166053,1.0034529235627916,43.5476205613878,-0.2936094036946694,-0.3071245780835549,-0.2884997867513448,0.01351517477693657,0.0003002030607603956,0.12916346142689386,1.010166957974434,44.46847677230834
84,-0.39220849562574317,-0.43906361637292085,-0.4562618335088094,0.16935586046289514,0.27666666666666667,0.00021860311971977353,0.13075693917495232,0.9827195030671579,40.943170335557724,-0.42024156637489796,-0.4326667161658406,-0.4152666291532417,0.012425150334214171,0.00020296392176533118,0.12098088394850492,1.0014005204041798,43.779147148132324
85,-0.2596541060893624,-0.34108251333236694,-0.34166333941673793,0.290815737788324,0.28,0.00040830475013030484,0.15007888498129668,1.088970336649153,42.49718164514612,-0.4214257358883818,-0.4330482004831235,-0.4159849746307979,0.011622461024671793,0.00034227068681502715,0.136608283345898,1.0728204920887947,43.50860850016276
86,-0.4674904445807139,-0.5350371830993228,-0.5373725184687862,0.23840025205303123,0.2833333333333333,0.00016340264065311876,0.12255353646145926,1.0292439416602805,41.44919169390643,-0.607851275553306,-0.6193863265216351,-0.6035571750253439,0.011535053063804904,0.00011291544615232851,0.12516293860971928,1.1283342987298965,43.29288864135742
87,-0.5243808439484349,-0.5900819765196906,-0.5861729957439281,0.22918999581425278,0.2866666666666667,9.554768513663914e-05,0.13424984945191276,1.0940054875833016,41.95820109049479,-0.6380935981869698,-0.6491900943219662,-0.6328808988134066,0.011096499239404997,0.00011747116847497334,0.1349579164137443,1.1602272639671962,42.74225950241088
88,-0.5675818875983909,-0.6430384560867592,-0.6009337261871055,0.2601950822605027,0.29,8.98778616155377e-05,0.12908909221490225,1.09351975829513,43.56690837718822,-0.3023373497029146,-0.3140807809929053,-0.2998243387167652,0.011743429893006882,6.223425225471146e-05,0.12100176761547725,1.114412600795428,42.81159051259358
89,-0.5445119716503002,-0.6115685833825005,-0.611811661058002,0.22860210802819994,0.29333333333333333,9.088235970853862e-05,0.13296282843307214,1.1409536533885531,40.94151913678205,-0.6889137998223306,-0.7014279514551163,-0.6853880273799101,0.01251415458197395,6.497744440518242e-05,0.12068333942443132,1.106621541082859,42.41329145431519
90,-0.6665491859118143,-0.7232885769119969,-0.7121411606117531,0.19125639040161063,0.2966666666666667,5.077217348217447e-05,0.13361597392294142,1.1044979559050665,41.676630373354314,-0.7970172837376593,-0.8088344559073448,-0.7940265213449796,0.011817172557736436,4.987267190396475e-05,0.1327705259124438,1.146230046947797,41.895148277282715
91,-0.632108289886404,-0.7378298728554337,-0.728064003917906,0.3524052693887993,0.3,4.3083106599321276e-05,0.126919682931017,1.0502577026685078,41.63164082279912,-0.774989526718855,-0.7872438157598177,-0.7689047778646151,0.012254288420081139,3.608808621417362e-05,0.1201927602911989,1.053937556842963,42.526912212371826
92,-0.6732744420016253,-0.7416501641273499,-0.7437134859738527,0.225414475357091,0.30333333333333334,4.2114650501322035e-05,0.1303658471615226,1.1026476224263508,40.63919166282371,-0.6529435714085897,-0.6650461778044701,-0.648291020343701,0.01210260841374596,6.611569794282938e-05,0.13701567457367977,1.1630510464310646,41.78616635004679
93,-0.6587990831445765,-0.7480941083696153,-0.7272796090002414,0.2911794329131091,0.30666666666666664,6.478282314977453e-05,0.1279319182590202,1.055238198350977,41.509308638396085,-0.8745189309120178,-0.8866138122975826,-0.8671932220458984,0.012094880842293302,3.227565927469792e-05,0.10702020519723494,0.9738295252124468,41.32779518763225
94,-0.6833542695751896,-0.7696846960871307,-0.7612497213262098,0.27848524710646383,0.31,3.384147738769469e-05,0.1318594349755181,1.0904796498793143,41.739066653781464,-0.802235004802545,-0.8146225089828173,-0.7993825574715933,0.012387507207070788,4.467292183107929e-05,0.14883336300651231,1.1630175064007442,41.516704082489014
95,-0.7616505667015359,-0.8098916654233579,-0.793710837761561,0.1539609412904139,0.31333333333333335,3.7146533671788076e-05,0.13398856228148495,1.0763671309859664,40.13644875420464,-0.8711994439363481,-0.8869214927156767,-0.8705561608076096,0.01572204769278566,3.2697672092278175e-05,0.11849250985930364,1.0621410980820656,40.64146598180135
96,-0.3939794423403563,-0.4544432066656925,-0.4437772691491301,0.19093819597253092,0.31666666666666665,0.00018451300173991412,0.14187972330384785,1.1330124956590157,40.44749500133373,-0.25312417931854725,-0.26626008027233183,-0.25076281162910163,0.013135903126870593,0.0005664708260155749,0.17958520477016768,1.2953043182690938,43.39669322967529
97,-0.34691631849165316,-0.41088666518529254,-0.3879657746465118,0.1999073310030831,0.32,0.0005406367644253704,0.15056825346416897,1.1189115908410814,41.19415890728986,-0.5246406110624472,-0.5359516926109791,-0.519142709672451,0.0113110876797388,0.00027242579926678445,0.11842028672496478,0.9972324520349503,41.237770875295006
98,-0.5761615948544608,-0.6628865113964787,-0.6590895779706814,0.2682214061971064,0.3233333333333333,0.00015623206342786067,0.1113956120830995,0.9606239155486778,39.56070518493652,-0.7944938751558464,-0.8042926838000616,-0.7879095685978731,0.009798808256164193,5.683221600823648e-05,0.11099147362013657,1.007073310514291,41.33923880259196
99,-0.785185106512573,-0.840746087608514,-0.8294970710520391,0.17008464673051127,0.32666666666666666,3.136275935739158e-05,0.11323212721833477,0.9551948573854234,40.06897226969401,-0.7039044102032979,-0.716675728559494,-0.7003412072857221,0.012771317192042867,2.6664484721550252e-05,0.11961091061433156,1.0407300218939781,40.7107826868693
100,-0.8113290270169576,-0.873015405955138,-0.853791269991133,0.18692840194260632,0.33,3.70140924469861e-05,0.12569080817478676,1.0614825729970578,39.310497990360965,-0.6941831707954407,-0.7035376504063606,-0.6862440730134646,0.00935447852437695,2.6659412090642338e-05,0.11243938996146123,1.0065071061253548,40.023434638977044
101,-0.717322302085382,-0.784477953557615,-0.7918107189514019,0.20146695248506688,0.3333333333333333,3.6611787571153536e-05,0.12196437214259748,1.0562940968407526,37.80094189114041,-0.7583544390896956,-0.7687153915564219,-0.751630092660586,0.010360954251761237,4.768735425386694e-05,0.12243055831640959,1.0892353132367134,39.70921611785889
102,-0.8470250566800436,-0.906293804998751,-0.8996172547340393,0.176045766307248,0.33666666666666667,4.671787381219609e-05,0.11585403288956042,1.0053233084855255,37.512960010104706,-0.44144463383903104,-0.45207771845161915,-0.43190419460491586,0.010633083370824655,2.2057900575115735e-05,0.0965252158542474,0.9464496821165085,39.399958769480385
103,-0.5381843891960604,-0.6053754797688237,-0.5926363032173227,0.19762084936654126,0.34,9.060620114151216e-05,0.12892502518715682,1.052054637008243,38.31383238898383,-0.6732781728108723,-0.6824662871658802,-0.6654565520584583,0.009188120951876044,0.00016655200064027062,0.14018118133147559,1.1782611161470413,39.44542280832926
104,-0.6930354248594355,-0.7686490482754178,-0.7651996281411912,0.22023384617986502,0.3433333333333333,0.00012409217433068315,0.11823441612499731,0.9846800256658483,37.55141957600912,-0.8381981439888477,-0.8478882052004337,-0.8303140265246233,0.00969006361750265,5.6375259343136953e-05,0.0986870468283693,0.9271474877993265,39.129175186157234
105,-0.5923469916537956,-0.7019543118636917,-0.6921739811422648,0.3161749550037914,0.3466666666666667,3.264236723528787e-05,0.10923478338453504,0.9627804910695111,37.74272318239565,0.5320686275760333,0.5145293635626634,0.5283351056277752,0.01753926114179194,3.7465072485550387e-05,0.13728625203172365,1.1837515781323116,38.65068769454957
106,-0.4451907662053903,-0.5185285835630364,-0.5198690195878347,0.20953661713887145,0.35,0.00020547374326809035,0.15743364062574175,1.1670551454579388,37.85610269617151,-0.5534553968658049,-0.5707042540113131,-0.554372426122427,0.017248853885879118,0.00018619370651625408,0.13198704831302166,1.0846203515926998,39.61308749516805
107,-0.5833016109687311,-0.6660285672103917,-0.650482151105448,0.23413289586702982,0.35333333333333333,0.00014303791060767793,0.11539669803999088,0.980612110208582,38.99909641124584,-0.7901190357903639,-0.8013522773981094,-0.7829145900905132,0.011233248359834155,5.5922981573530706e-05,0.10367845340321462,1.0092007194956143,38.78238979975382
108,-0.8392002571512152,-0.8984012383001821,-0.916266867408046,0.16598406296085427,0.3566666666666667,4.1834493593476645e-05,0.10627700084889377,0.9815916728090357,36.1872940769902,-0.9815513292948405,-0.9914866064985594,-0.9730580598115921,0.009935282170772552,1.71366792377133e-05,0.09997193111727636,1.029674415787061,38.4416127204895
109,-0.7897463580248533,-0.8362562265936975,-0.8156816215702781,0.12919407310309233,0.36,2.166534236662469e-05,0.10642123719056447,0.9917197514463354,36.76363888493291,-0.6543717135985693,-0.6629190730551878,-0.6446309859553973,0.008547352704529962,4.353950650208086e-05,0.12724754866212606,1.1172089576721191,38.1024146080017
110,-0.7536734177006615,-0.8025259221041644,-0.7872483233610789,0.13445642093817392,0.36333333333333334,8.491576335035022e-05,0.12339157887079098,1.0045994652642145,35.98541422243471,-0.8464873880147934,-0.8545767466227213,-0.8342404911915461,0.008089360470573107,6.727639220116544e-05,0.09785934227208297,0.9356013213594755,38.14210828145345
111,-0.9340296961643078,-0.9836647069012677,-0.9467497158933569,0.1353682056069374,0.36666666666666664,4.443679251751207e-05,0.09306090518280312,0.8947616992173372,36.99449065879539,-1.009277381002903,-1.0182231292128563,-0.9979954957962036,0.008945748287563523,1.9172205422061477e-05,0.09096165280789137,0.927803931136926,37.64034779866537
112,-0.8736672026139719,-0.9579209508719267,-0.9491620748131363,0.2277128439810541,0.37,2.135167930343111e-05,0.10594511363241407,0.9577699480233369,36.05034411395037,-0.8913469687104226,-0.9004286055763563,-0.8848259796698889,0.00908163182126979,1.901081895994139e-05,0.1119543934861819,1.0642573336760204,37.417415618896484
113,-0.7728169957796732,-0.839082928719344,-0.8187209864457449,0.1774980111254586,0.37333333333333335,3.614795632192572e-05,0.1174863651394844,0.9898095064693027,36.48091535215025,-0.873149129251639,-0.8833359678586324,-0.8650879114866257,0.010186838374162713,4.4128224544692785e-05,0.10611755835513274,1.0406067421038945,36.93435978889465
114,-0.880875653690762,-0.9611663476184562,-0.9746052942894123,0.21316113129810052,0.37666666666666665,3.9737484594634564e-05,0.10593288778154938,0.937633960335343,34.60472509596083,-0.9627823332945507,-0.9734033991893133,-0.9584335709611574,0.010621067912628254,2.1742747094322112e-05,0.09970626855889957,1.0138699263334274,36.55318601926167
115,-0.6810559039866483,-0.7289612425698174,-0.7214288741902068,0.12606668913805927,0.38,5.8799598668378574e-05,0.11409507360723284,0.9580192058174698,35.13015570463958,-0.8271356026331584,-0.8372134864330292,-0.8199135685960451,0.010077885507295528,8.79868318103642e-05,0.1151741339514653,1.0217849339048068,36.98359743754069
116,-0.8732816002987049,-0.9264565463419314,-0.9274532066451179,0.13871726614457588,0.38333333333333336,6.265342273292374e-05,0.09877626791044518,0.9078606278808029,34.430489151566114,-0.9496646995345751,-0.9578712979952494,-0.9376763080557188,0.008206604126219949,3.219839383442983e-05,0.08960103181501229,0.9328014478087425,37.85257641474406
117,-0.6785795920424991,-0.7786465673534958,-0.7697791843502609,0.2587938983407285,0.38666666666666666,2.9407719820382125e-05,0.10283576393568958,0.9146219028366936,36.17155435350206,-0.8118188232183456,-0.81866371879975,-0.8032111153006554,0.006844894727692008,7.015230312390486e-05,0.13651277807851633,1.1504742950201035,37.37861760457357
118,-0.7420402831501431,-0.8267668739513114,-0.8335483957220007,0.21724768148528206,0.39,8.769878776446503e-05,0.1257645222875807,1.0184229855184201,35.17166540357802,-0.91936723391215,-0.9259780769546827,-0.9064460297425588,0.006610848630468051,5.294893981044879e-05,0.10188647794226806,1.0045380493005116,36.1210884253184
119,-1.0076456621841148,-1.0447951378645721,-1.035132924715678,0.09444781282433758,0.3933333333333333,3.547377046844405e-05,0.09039780580335194,0.8439396652910445,33.7787963019477,-1.1073895891507466,-1.1148228868842125,-1.094921126961708,0.007433299518500765,1.5814411767678394e-05,0.08401891713341077,0.9333743900060654,36.20451005299886
120,-0.943822463353475,-0.9797711063314367,-0.9460519055525461,0.09062683237371622,0.39666666666666667,2.349371917026238e-05,0.09485822750462426,0.8934342154750118,34.1320928644251,-0.9720510294040046,-0.9786040882269541,-0.9608334129055341,0.006553053235014279,2.7845831179244367e-05,0.09665802990396817,0.975700818002224,35.743065675099686
121,-0.9708049920973955,-1.039558352695571,-1.0361814874189872,0.17188338769806755,0.4,2.4291981861568746e-05,0.09062136240579464,0.8718136173707468,33.999770129168475,-1.1425920749704044,-1.1491957604885101,-1.132436456779639,0.006603688234463334,1.5169347686120696e-05,0.101918733989199,1.0131790066758792,35.64639345804851
122,-0.9408525813508917,-1.000904091530376,-0.9982457950159356,0.14888803053785254,0.4033333333333333,1.9680515530732617e-05,0.10984919413372322,0.9516805586991487,33.6342953575982,-1.067445126672586,-1.0737143556276958,-1.0541343117753665,0.006269226782023907,1.8467387008058722e-05,0.09284126882751782,0.9828710953394572,35.19199816385905
123,-0.8885014366220545,-0.9490199044898704,-0.9473025097718669,0.14881589705193485,0.4066666666666667,2.2920098268110047e-05,0.09235550297631158,0.8635034803990964,32.939484419646085,-1.0010083640615146,-1.0069144318501155,-0.9885637884338697,0.00590607066017886,3.597162026380829e-05,0.10669903177767992,0.9880246569712957,34.805021444956466
124,-0.9621617043459857,-1.0109921163982816,-1.0167335448441681,0.1190985724054001,0.41,4.9823532107337895e-05,0.10029803133673137,0.867974751525455,32.0379652093958,-1.02911256502072,-1.0353452761967976,-1.0150332103172939,0.006232720101252198,2.9247469683468807e-05,0.08597868122160435,0.9569374745090803,34.95820577939351
125,-0.8165800461062679,-0.9084940603761761,-0.8887220694235077,0.22237260984601798,0.41333333333333333,2.1704106277158848e-05,0.0885565526507519,0.8728664958918536,34.316231621636284,-0.9466369425257047,-0.9536221449573835,-0.9361000383893648,0.006985200957084696,2.856091236935754e-05,0.10964556876569986,1.0144898096720378,34.570376475652054
126,-0.81761559954396,-0.8651335062804045,-0.8421600880446257,0.11404299984375636,0.4166666666666667,8.212586180889048e-05,0.1104379423238613,0.8841223694660045,33.732320926807546,-0.9146345431605974,-0.9217634821931521,-0.9032915929953257,0.007128943068285783,7.424140070118786e-05,0.08777066444357236,0.9032924100756645,34.773862759272255
127,-1.0033073601899323,-1.0458971085371795,-1.034246736102634,0.10140419296092457,0.42,5.040177940692821e-05,0.08293585175717319,0.7781760869202791,32.69127061631944,-1.1070964634418488,-1.1145462493101757,-1.0906644264856975,0.00744978990405798,1.9257044035233168e-05,0.0726213064044714,0.8977096304297447,34.65447918574015
128,1.2025493760075834,1.1215520338327796,1.1060868585827175,0.19133225373095936,0.42333333333333334,0.00035958492837919576,0.10840845466763885,0.9166889720492892,34.75108669422291,0.09733358623149495,0.06736974565622707,0.07753547044315685,0.029963839643945295,0.0032539935200475156,0.22884552491207918,1.1788502037525177,47.022318045298256
129,0.1665184481276406,0.12327145519493907,0.12293319223034713,0.10136013478040695,0.4266666666666667,0.004465916418228988,0.22535424817491462,1.1488643045778628,46.27001684683341,0.08600059500895439,0.07116464610832433,0.0797482158523053,0.014835948842422416,0.0031758550758240744,0.20094643036524454,1.1054406613111496,46.33464574813842
130,-0.020397963036817533,-0.06684162703135775,-0.0590908534531654,0.10800851688340858,0.43,0.0018994286052744697,0.16431936842423897,0.9737753051298635,41.80271374737775,-0.13122251024469733,-0.14064050248513618,-0.12919090579574308,0.009417992463568226,0.0014307168894447386,0.14626814859608808,0.8638415560126305,41.82066281636556
131,-0.15604775619727593,-0.21772988637288412,-0.2184512695228612,0.14234337900523786,0.43333333333333335,0.0008068975391021619,0.13074958490000832,0.8014697079305295,39.25637704354745,-0.27181051826725405,-0.2756699960057934,-0.262173586525023,0.0038594770837031924,0.0008622750768457385,0.1265309484054645,0.843341146906217,40.213721911112465
132,-0.3144250473490468,-0.3530162810175507,-0.3582819140067807,0.08837687134466789,0.43666666666666665,0.00046162449925085875,0.11072386497700656,0.7503330928307993,36.548556363141095,-0.38896274256209534,-0.39216969596842927,-0.37833284338315326,0.0032069549488369375,0.00043763304044356727,0.10945038528492053,0.8010909259319305,38.81876913706461
133,-0.347877385991591,-0.4046436288842448,-0.4130679658717579,0.1290141824218962,0.44,0.0004127509476987783,0.11428735350017194,0.7955151862568326,36.8437420880353,-0.4514273960764209,-0.4559430138518413,-0.4404233571832113,0.004515617464979489,0.0002742847573244944,0.1128257919723789,0.864267555375894,38.343427896499634
134,-0.4942082205304393,-0.5409090960467303,-0.5552313951430498,0.10534031316637993,0.44333333333333336,0.0001974786010342305,0.1023327683409055,0.7500657086019162,34.52244546678331,-0.5597791870435079,-0.5639930007358392,-0.5469545234615604,0.004213810510312517,0.00019978569950277839,0.10468262092520793,0.840263935426871,37.859707514444985
135,-0.5748625061026326,-0.6174767718270973,-0.5965935681705121,0.09540507652693325,0.44666666666666666,0.00014457430127852908,0.098816794929681,0.7655459333349157,35.67501124629268,-0.616134184723099,-0.6201005370045701,-0.605485628824681,0.003966350108385086,0.00011824294567001441,0.09911109538127978,0.8286541029810905,36.34623511632283
136,-0.6327619420157539,-0.6768464600598371,-0.6712654188827232,0.0979655978994237,0.45,0.0001570438924116186,0.10516613942605478,0.8133838529940005,33.93655381379304,-0.7067180437346299,-0.7126644353071848,-0.6961884250243505,0.005946391650165121,0.00011830618313979357,0.09426251395295064,0.8144316002726555,36.88682095209757
137,-0.7408227313447882,-0.7809039036294928,-0.7578222621922139,0.08841434700621499,0.4533333333333333,6.31169772262823e-05,0.0832906296407735,0.6949518345020436,34.40773836771647,-0.7982379645109177,-0.8027832681934038,-0.7850402121742567,0.004545305855572224,7.422767233341195e-05,0.09899678577979405,0.8770727639396986,35.70916787783305
138,-0.8001206075703656,-0.8369565584041454,-0.8334241575664945,0.08066264912486076,0.45666666666666667,4.705257527314609e-05,0.0997006826930576,0.8241248660617404,33.29082234700521,-0.8148439290622871,-0.8205463662743568,-0.8019644071658453,0.005702438065782189,7.487837501685135e-05,0.09640687424689531,0.8825699066122373,35.83118653297424
139,-0.8259424379578343,-0.8707596593432956,-0.8537051280339559,0.09742873272410145,0.46,5.2932383065732815e-05,0.09044384100922832,0.7858399660499008,33.63388697306315,-0.8990220588942368,-0.9039494643608729,-0.8841981068253517,0.004927406009907524,4.9471688726043794e-05,0.08855132292956114,0.817812035481135,35.14941151936849
140,-0.9592616315241214,-0.9938014127590038,-0.989142585683752,0.07454626993448646,0.4633333333333333,2.8153474179109456e-05,0.08125180309569394,0.7654830151134067,31.786695621631765,-0.9888366535305977,-0.9934104308485985,-0.9741832142074903,0.004573780577629805,2.4538547222618945e-05,0.08444677013903856,0.8346771200497946,34.710646549860634
141,-0.8913942961781113,-0.9435710597921301,-0.9196472697787814,0.11180734855157358,0.4666666666666667,2.9007288638375166e-05,0.0900510099750978,0.7835777666833665,33.286612546002424,-0.9574703872203828,-0.9619406089186668,-0.9456469565629959,0.0044702164983997745,4.126512294533313e-05,0.08859988364080588,0.8618279993534088,34.119766553243
142,-0.9525974326663547,-1.0035805260693584,-0.9892373217476739,0.10847467101282543,0.47,2.6328584512898318e-05,0.08308471849671116,0.7778388438401399,31.47330990544072,-0.8201176809767882,-0.8246514275670052,-0.8046622487405936,0.0045337381307035685,2.3528033580078045e-05,0.07821912349512179,0.7758294120430946,34.27271294593811
143,-0.790948067550306,-0.8577892990024002,-0.8545946743753221,0.14121387209053393,0.47333333333333333,6.15470897308249e-05,0.09244322942362891,0.7863164963545622,31.894033078794127,-0.9174077734351159,-0.9212828104694685,-0.9018047625819842,0.003875030825535456,5.3969436370001254e-05,0.08548420357207458,0.8039442474643389,34.42902112007141
144,-0.7810620580006529,-0.8280003277791871,-0.8497951410158917,0.09847189748176823,0.4766666666666667,3.312211794292563e-05,0.08368960630010676,0.770787740195239,30.64741403085214,-0.7935016925136248,-0.797348308066527,-0.7810134254395962,0.0038466146991898618,9.658112594479462e-05,0.10602313124885161,0.9171904722849528,33.77878363927205
145,-0.6636903010032795,-0.7076869827729685,-0.7057905053650891,0.09165975561848393,0.48,0.00020468053413356688,0.10608611752589543,0.8082557121912638,31.874868746157045,-0.7538032966355482,-0.759005087117354,-0.7403384360174338,0.0052017848162601394,0.00018315224588150159,0.08719266547511022,0.8303235073884329,34.04444448153178
146,-0.7748613125748105,-0.8430638768606715,-0.8200741167421695,0.14110874343249533,0.48333333333333334,9.728020948521724e-05,0.07856069215469891,0.6845444473955367,33.34865760803223,-0.9886036043365797,-0.9929485743244489,-0.9742130686839422,0.0043449741788208485,3.981409031439398e-05,0.07889144650350015,0.7897555033365885,33.10903763771057
147,-1.0209529797236125,-1.0578390448181718,-1.0602111021677654,0.07579329665060397,0.4866666666666667,2.5453627569260317e-05,0.08378279567868621,0.7865732555036191,29.828346888224285,-1.0799468954404194,-1.084581842025121,-1.0671017865339916,0.004634947283193469,2.106336035012646e-05,0.08525081413487594,0.8783321330944697,32.83352327346802
148,-1.0577340170189187,-1.1074923409356012,-1.086154533757104,0.10154759387175243,0.49,1.8528279893130445e-05,0.07757033821609285,0.7144475005291127,30.70562963132505,-1.1117701853315036,-1.1166675811012585,-1.0989297802249591,0.004897392820566893,1.753851730275831e-05,0.07533094783624013,0.7767488608757654,32.473022063573204
149,-0.9555759893523322,-1.0119848372759643,-0.9988999675821375,0.11434225496594552,0.49333333333333335,2.1562569936914196e-05,0.08523814600926859,0.7590890902060049,31.283619633427374,-1.0605151032408078,-1.0652776037653287,-1.0489769900838535,0.004762504327421387,2.9339331225249527e-05,0.099061435709397,0.9080041125416756,32.43350632985433
150,-1.091552526862533,-1.1362827000794586,-1.1275274687343173,0.09006074740102997,0.49666666666666665,1.8500803990819906e-05,0.07958202077834695,0.7350021689026444,30.295176400078667,0.039837964849236115,0.035387429602754615,0.06369674637486848,0.004450534237548709,1.2217225958011113e-05,0.07273063436150551,0.7417827447255453,31.92434048652649
151,0.005056396126747131,-0.047837102578745946,-0.05428480025794771,0.10578699623820959,0.5,0.0004761641253531303,0.12971521886410536,0.8689141913696572,38.38476463600441,-0.34107825408379233,-0.34590289493401843,-0.3314711352189382,0.004824641393497586,0.000845178319044256,0.14549805906911692,0.9351833139856657,36.93393429120382
152,-0.4275721421948186,-0.47666370647924916,-0.45652571430912725,0.09753291336474595,0.5033333333333333,0.0006453752069285622,0.11763298373531413,0.8520031461009273,34.413328382703995,-0.548411092410485,-0.5521531129876772,-0.5372884087264538,0.003742018093665441,0.00041324822207873996,0.09956782000760238,0.831512801349163,33.886412620544434
153,-0.6486539001818057,-0.6837921252957097,-0.6732906304575779,0.06935177405399305,0.5066666666666667,0.00029234298778680603,0.08189229432631422,0.7435230623792719,30.687705781724716,-0.7207309765120348,-0.72429492076238,-0.706823588659366,0.003563947587584456,0.00019408307828901647,0.07751427715023358,0.7142780795693398,32.736999909083046
154,-0.8306087630766409,-0.8648062547047933,-0.8678095362804554,0.06705390717144366,0.51,0.00013588448793463477,0.07586941440348272,0.689785756446697,29.05862991898148,-0.8737068325281143,-0.8777022560437521,-0.8591134759287039,0.0039954160650571184,7.336333192142774e-05,0.06865837626780073,0.6956723729769388,31.933560530344643
155,-0.897730067924217,-0.9486590872208277,-0.9460789782029612,0.09921236874328719,0.5133333333333333,4.931735586271518e-05,0.07268486033987116,0.6584295994705625,29.713424682617188,-0.9926689018805821,-0.9964447741707166,-0.9802815591295561,0.0037758732990672192,3.0097435986438843e-05,0.07601742663731177,0.7559051613012949,31.932203610738117
156,-1.0365010378537354,-1.0697227716445923,-1.0610111973903797,0.0643001318115879,0.5166666666666667,2.3214010340140062e-05,0.06953469470695213,0.6596423398565363,28.37904576902036,-0.7845971261461575,-0.7880103886127472,-0.7688724026083946,0.0034132659590492644,2.6223579197903746e-05,0.0695997776153187,0.7256558040777842,31.387870391209916
157,-1.0804192357593112,-1.1096932932182595,-1.094623706958912,0.05629625730216503,0.52,2.7025771824237717e-05,0.07047228473756048,0.6599939112310056,27.77613851759169,-1.1461071148514748,-1.148968939979871,-1.1316392148534458,0.0028618134868641696,2.2787583285814133e-05,0.06493210435534517,0.7006489560008049,30.919825077056885
158,-1.1423882963480774,-1.1692885039029297,-1.168831750198647,0.051401703308025994,0.5233333333333333,1.808044800310637e-05,0.06177819437450833,0.5975882521382084,27.19473859998915,-0.4967812560498714,-0.49974148627370596,-0.48104100534692407,0.002960225256780783,1.459992900739356e-05,0.06378430454060435,0.697693000237147,30.841314395268757
159,-0.979197041855918,-1.0218146752428126,-1.0171045241532501,0.08091956025196446,0.5266666666666666,3.0781607199093776e-05,0.0786159896740207,0.7079136084627222,28.66851728933829,-1.100226384898027,-1.1031375055511792,-1.0863689581553142,0.0029111175487438836,2.9289728142127085e-05,0.0731872534379363,0.7452551995714506,30.984041929245
160,-1.1043995751274958,-1.1433063679616209,-1.1387925537096129,0.07340904297652068,0.53,2.2936052624168547e-05,0.0691867621132621,0.658870044681761,28.249312436139142,-1.016250158349673,-1.0196963573495548,-0.9990105330944061,0.003446196671575308,1.6719291958603815e-05,0.06819049284482996,0.7482771972815195,30.785277287165325
161,-1.1041126648585002,-1.133632860801838,-1.116269087349927,0.05535035808053282,0.5333333333333333,1.6749715811143956e-05,0.06434524376635198,0.6220490181887591,27.88434374773944,-0.6599961208800476,-0.6628023311495781,-0.6452397232254347,0.0028062076307833195,1.903883132096477e-05,0.06871813582256436,0.7426734243830045,29.905630032221474
162,-1.0413146085209317,-1.0859139009758279,-1.0768426060676575,0.08310426392213062,0.5366666666666666,3.0304589758829764e-05,0.07324050532446967,0.6837807143176043,27.81258406462493,-1.1101207757989566,-1.1134714931249619,-1.0963237086931865,0.0033507122037311396,2.2775257396763966e-05,0.06865656034400065,0.7482503155867258,30.71920029322306
163,-1.1109528497413352,-1.1650808784696791,-1.1655554020846333,0.1002370693065502,0.54,1.925970974736157e-05,0.06383150677990031,0.6318506090729324,27.181347529093426,-1.0499511857827506,-1.0543984298904736,-1.0357670933008194,0.004447239218279719,1.3993458689280184e-05,0.0643361050946017,0.6967496772607168,30.470348517100017
164,-1.1152329941590626,-1.1519140358324405,-1.1557638314035203,0.0675111191554202,0.5433333333333333,2.1036651526595017e-05,0.06819169499255993,0.6278551684485542,26.946697093822337,-1.081470827261607,-1.0855041493972142,-1.0679366414745648,0.00403332073862354,1.8814995238850923e-05,0.06747708780070145,0.722423347334067,29.29580680529276
165,-1.2051451824329518,-1.2403503082416676,-1.2420102269561202,0.0643996005118997,0.5466666666666666,1.7235108653376637e-05,0.061035480074308535,0.5897653732034895,25.757177988688152,-1.2419780939817429,-1.2453859249750774,-1.2270282432436943,0.0034078271128237247,1.3731832647560319e-05,0.058335986298819385,0.6626388554771742,28.663156986236572
166,-1.0614644664305228,-1.0920411260039717,-1.0833750543770966,0.0555939343240526,0.55,1.9514322688067937e-05,0.06220236144683979,0.5800080829196506,25.641595911096644,-1.0981187919775643,-1.1015290394425392,-1.0842346400022507,0.003410242342700561,3.222850212599345e-05,0.06614757515490055,0.729689526061217,29.130704482396443
167,-1.2314806779225667,-1.255909310446845,-1.261296647566336,0.04414813510245747,0.5533333333333333,2.809064796936043e-05,0.0576538240744008,0.5870445933606889,25.078144991839373,-1.2044953182339668,-1.2076300208767254,-1.188486787180106,0.003134701090554396,1.6441020534330164e-05,0.04990479489788413,0.5922694380084673,29.11807608604431
168,-0.6815913025013827,-0.7172627048911872,-0.7217920723336714,0.06408036093193072,0.5566666666666666,2.3141310116948767e-05,0.06017996232818674,0.5880014178929506,26.312035101431388,-0.7325405701994895,-0.7368021185199419,-0.7217634171247482,0.004261546457807223,0.00012480913786324285,0.104092286589245,0.9046640321612358,34.50390346844991
169,-0.5993237716180307,-0.6342989868587918,-0.645335058371226,0.06245574589680742,0.56,0.00036517425878965123,0.10674245627941908,0.784589045577579,29.63515380576805,-0.6863032666345438,-0.6902248387535413,-0.6745172900458177,0.003921573515981436,0.0003842205769615248,0.09058396269877751,0.8012836948037148,30.569575309753418
170,-0.8283781563794171,-0.8527611052548444,-0.8005168548336735,0.04328334635054624,0.5633333333333334,0.00028939831881197515,0.07135734238006451,0.6388873910462415,27.543589415373624,-0.8637919674317043,-0.8667542859911919,-0.8488291477163633,0.0029623128939419985,0.00015815086953807622,0.05556553043425083,0.6233151530226072,29.292370478312176
171,-1.0191635776449133,-1.0418479442596436,-1.027405858039856,0.04003123821759665,0.5666666666666667,0.00011120062939611401,0.05430980192290412,0.5636207218523379,25.661464761804652,-1.0092383523782094,-1.0123250310619671,-0.9925480584303538,0.0030866842716932297,7.066175991591687e-05,0.04941859267031153,0.5840173463026682,28.77695973714193
172,-1.1471566999400105,-1.1669985055923462,-1.1400159862306383,0.03481018964063238,0.57,5.064463955393337e-05,0.05048391485103854,0.535997799149266,25.813631834807218,-1.1755869314074516,-1.1778884157538414,-1.1601024270057678,0.0023014762749274573,2.8926471789721592e-05,0.05161908377582828,0.6178092323243618,28.185524384180706
173,-1.2362359276524297,-1.2721776520764385,-1.25417341126336,0.06268905965542351,0.5733333333333334,2.2006134949387394e-05,0.05334230250230542,0.5575814964594664,26.164773375899703,-1.2856416727105775,-1.2878805523117383,-1.2703012650211651,0.0022388885263353586,1.2725219638317261e-05,0.055450958044578634,0.6736276671290398,29.015026728312176
174,-1.0605932413427919,-1.10233843712895,-1.1057706500093143,0.07239051080412334,0.5766666666666667,1.3187924735204973e-05,0.054864076138646516,0.5880059743369067,24.72235891554091,-0.9298935011029243,-0.9322895059982935,-0.9148240859309832,0.0023960193308691182,2.6637663571212517e-05,0.06419982481747866,0.714531771838665,27.9938706556956
175,-1.1050673723220825,-1.1317724585533142,-1.1262221976562783,0.046043260850840144,0.58,4.755478234815032e-05,0.06405012240564381,0.6214308628329525,25.005471335517036,-1.1448508699735005,-1.1468863288561504,-1.132454680899779,0.0020354504231363535,4.586554306721761e-05,0.056379230227321386,0.616296723484993,28.231229305267338
176,-1.2485288933471397,-1.2826854365843314,-1.2754112459995128,0.05855407117417565,0.5833333333333334,3.053969757510694e-05,0.050553756179632967,0.5297994139017882,24.68521563212077,-1.2232518220941226,-1.2255558321873348,-1.2084832390149434,0.002304012809569637,1.603321425136528e-05,0.046755392414828144,0.5655554744104544,28.339919646581016
177,-0.747094668172024,-0.789367331398858,-0.7740150946709845,0.07205569923475937,0.5866666666666667,1.9508220045989016e-05,0.057374022211189625,0.5703445606761508,26.300116221110027,-0.8801270599166552,-0.8832540189226469,-0.8718365107973417,0.003126962731281916,6.992256961287542e-05,0.08669196100284655,0.8013768568634987,29.054123878479007
178,-0.7764417683636701,-0.7969101888162119,-0.7886920074621836,0.03469224377638764,0.59,0.0002474210082760288,0.08976348434333448,0.7506639736670034,26.874591262252242,-0.8180790940920513,-0.8213622868061066,-0.8069122644762198,0.0032831906185795865,0.0002938461154068743,0.07220609486103058,0.7430896783868471,28.64341910680135
179,-0.9507844150066376,-0.9761562137692062,-0.9765294238373086,0.0427614647757124,0.5933333333333334,0.00021956645084881328,0.05882928534238427,0.6193194113395832,24.459787792629665,-0.9639348238706588,-0.965863307317098,-0.9495840619007746,0.0019284816614041727,0.00012996237880239883,0.047843721540023885,0.588103702912728,27.71298901240031
180,-1.1610724131266277,-1.1747219606682107,-1.1828841633266873,0.02287632882319115,0.5966666666666667,9.346871431464226e-05,0.044571214390021784,0.5181005696455637,22.486204076696325,-1.1366809407869976,-1.1391700481375058,-1.1210789407293003,0.002489108049000303,5.3235731987418454e-05,0.04292793680603305,0.5533019925157229,26.77596139907837
181,-1.2804982507670368,-1.303945051299201,-1.2982388734817505,0.03907800776263078,0.6,3.8501835526269e-05,0.04272521107837006,0.4879375613398022,22.99134960880986,-1.274583987891674,-1.2770326708753903,-1.262058511376381,0.002448680344969034,2.2802172679803334e-05,0.045614659786224365,0.6073551749189695,26.554720322291054
182,-1.331553339958191,-1.361914458098235,-1.3482422828674316,0.050322298098493506,0.6033333333333334,1.614450448633525e-05,0.04712365622873659,0.5240669603700991,23.91838773091634,-1.3331268330415091,-1.3353848680853844,-1.3208942761023839,0.0022580267395824194,1.0967773448555818e-05,0.05044212689002355,0.6390346872309843,26.917747974395752
183,-1.23294464747111,-1.2620242105589972,-1.2613297987867285,0.04793335607758275,0.6066666666666667,1.4156352032538658e-05,0.05037923419365176,0.5492360470471559,23.913536848845304,-1.2651218970616658,-1.2674457629521687,-1.25423331061999,0.0023238772992044687,1.4976525373337305e-05,0.05381151925151547,0.6391045500834783,26.89084013303121
184,-1.3808993012816817,-1.4134920040766399,-1.4077529156649555,0.053430671217264955,0.61,1.4023518882890198e-05,0.051116086818553785,0.5894077939015848,23.068110218754523,-0.9684369837244351,-0.9702165300647417,-0.9516369452079138,0.0017795538684974115,9.217998922395054e-06,0.04524909611791372,0.5941870796183745,26.45743044217428
185,-0.6822170753169943,-0.7151459455490112,-0.7148994097003231,0.05368837362362279,0.6133333333333333,7.141949946445593e-05,0.061992394703405874,0.6079484721024832,24.947701630768954,-0.9136602853735287,-0.9164258142312368,-0.9030991718173027,0.0027655347560842833,0.0001418501351508894,0.07207663574566443,0.6955207561453184,27.02437790234884
186,-1.0445380365407024,-1.0753892902974729,-1.075194968117608,0.05002907422129755,0.6166666666666667,0.00011587330690990375,0.057892794686335104,0.5950844652122922,23.69466272989909,-1.0891361484924953,-1.091386246184508,-1.0758707796533902,0.0022500951308757067,7.155632010835689e-05,0.045549848737816014,0.536156722654899,26.241103410720825
187,-1.1812309462715078,-1.214112221090882,-1.2295958355621055,0.05303430909083949,0.62,5.2154980881756206e-05,0.0419593073979572,0.45842384960916305,22.61144037599917,-1.232412092387676,-1.2341350962718327,-1.2195739994446437,0.0017230090064307053,2.9647760735921718e-05,0.04571798971543709,0.5687916614115238,26.115360816319782
188,-1.3233322788167883,-1.3561994786615725,-1.3568231308901753,0.052728122307194605,0.6233333333333333,2.0086746526767792e-05,0.047247199065707346,0.5531191163592868,22.91956654301396,-1.2850324511528015,-1.2871645962198575,-1.276082659761111,0.0021321482490748167,1.2009288601196507e-05,0.047918071349461876,0.6280271237095197,26.442267338434853
189,-1.2816301186879475,-1.3227278568126537,-1.3103365544919614,0.06558149597711033,0.6266666666666667,1.2737855622954495e-05,0.05445569450104678,0.5887254156448223,25.31313853793674,-1.3900067855914433,-1.3924201379219692,-1.3814148356517155,0.002413349226117134,9.492086216293197e-06,0.06249306180203954,0.7331897839903831,26.291305700937908
190,-0.6453073168242419,-0.663454618718889,-0.6629176360589487,0.028805246576666832,0.63,6.521316949888219e-05,0.06874540213633466,0.7018919852044847,24.213884989420574,-0.9429141655564308,-0.9457501744230589,-0.9339169760545095,0.00283600731442372,0.0001309735556181598,0.07459061096111934,0.7379617591698965,26.610461235046387
191,-1.0546267606593944,-1.075933849370038,-1.0623811373004206,0.033642770584534715,0.6333333333333333,0.00011810967596290909,0.059424795348335196,0.6059248469494007,23.235959229645907,-1.080995425581932,-1.0829385643204053,-1.0707292432586353,0.0019431306670109432,7.558000531086388e-05,0.04497007746249437,0.5439876466989517,25.53068351745605
192,-1.2193726477799591,-1.2366138740822121,-1.2412595528143424,0.027080452138627017,0.6366666666666667,5.605321523573905e-05,0.040747734890491875,0.4656908534191273,21.769752113907426,-1.2135463630159695,-1.2151317422588666,-1.2046513905127842,0.0015853828905771177,3.320325231470633e-05,0.04156778287142515,0.5357884590824445,25.53529087702433
193,-1.3900534665143047,-1.4092256581341778,-1.4014044955924705,0.029956548647196206,0.64,2.3349394992961875e-05,0.040004776790738106,0.5050738211031314,20.967599162348993,-1.3499647254745166,-1.3519196833173435,-1.337096281349659,0.0019549630427112183,1.2615938696095933e-05,0.03849093957493702,0.5341338266928991,25.10511604944865
194,-1.1688483550592705,-1.1916533062855403,-1.1750914261296943,0.03544810710957757,0.6433333333333333,1.1845584443411402e-05,0.04187435863746537,0.49083707067701554,22.241484959920246,-1.2645024806261065,-1.266498938202858,-1.254068985581398,0.0019964536962409816,2.117585381711251e-05,0.05838130880147219,0.7505333833396435,26.146217425664265
195,-1.1484935658949393,-1.174964271209858,-1.1719453975006386,0.04093410026420046,0.6466666666666666,4.2873365398716283e-05,0.059713571435875364,0.6473669056539182,23.729491622359664,-1.224593703945478,-1.2261377274990082,-1.213713179032008,0.001544033099586765,3.916362917758912e-05,0.05508246769507726,0.6405593740443388,24.909587224324547
196,-1.3472592852733754,-1.3734597320909854,-1.3755529368365254,0.040308382293140446,0.65,2.8853579654726975e-05,0.04236768875960951,0.5183117124769423,21.27057534677011,-1.299677513539791,-1.3014178822437923,-1.2909439280629158,0.0017403578385710716,1.5365098647635023e-05,0.0376188518324246,0.5051411290963491,25.433364232381184
197,-1.354363551846257,-1.3730572451044012,-1.3863701974904095,0.028612795527334565,0.6533333333333333,1.3146120198615353e-05,0.03857097284937346,0.4820827466470224,20.271403771859628,8.491048256556194,8.48908100525538,8.497696896394094,0.001967179977024595,1.0035655388188994e-05,0.03801865433342755,0.5297068357467651,24.007940928141277
198,-0.3970807581036179,-0.42226586904790664,-0.4108334294071904,0.03835295892700001,0.6566666666666666,0.00018574729987179766,0.07295119610649568,0.6838372393890664,25.788451936509873,-0.8096052445471286,-0.8118009294072787,-0.7991149152318636,0.0021956864899645248,0.00031147404539903317,0.07941134894887607,0.7547561054428419,26.31240177154541
199,-0.9375306765238444,-0.9566765891181098,-0.9543105297618442,0.029008971872153105,0.66,0.0002709586907359254,0.06029513147142199,0.5903404619958665,22.68453523847792,-0.9893904626369476,-0.9909197017550468,-0.9787322220702966,0.0015292348495374124,0.00016718900769774336,0.04591185630609592,0.5230100080370903,24.454757531483967
200,-1.011565492660911,-1.0437677441923707,-1.0320972226284169,0.04854608389238516,0.6633333333333333,0.00012910274731607556,0.043381675663921565,0.46893021905863724,23.648990595782244,-1.1213185066978137,-1.1228058462341626,-1.1108685036500294,0.0014873356558382511,8.785416442454637e-05,0.047929757895569004,0.5589228495955467,24.367837429046627
201,-1.2648726525130096,-1.2803610386671844,-1.2628394541917023,0.02323258647488223,0.6666666666666666,6.0881117894529814e-05,0.04065582432128765,0.4855142290945406,21.312866493507666,-1.2280680164694786,-1.2294224922855694,-1.2161662504076958,0.0013544730997333925,3.678727868342927e-05,0.036140460443372525,0.47525578116377193,24.103019316991173
202,-1.3050180850205597,-1.3285071165473372,-1.3137233058611553,0.03505825775640982,0.67,2.7544674325057445e-05,0.03700238252403559,0.458303138061806,22.240213323522497,-1.364724929134051,-1.3665322959423065,-1.355186993877093,0.0018073641695082188,1.684498234529504e-05,0.04432778789972266,0.5356463566422462,24.213058074315388
203,-1.3555545977972172,-1.3863218934447676,-1.389984679442865,0.0456939916367884,0.6733333333333333,1.3322211493181789e-05,0.04902983167105251,0.5403503411346011,22.693975731178565,-1.418822149435679,-1.4203190902868907,-1.410800501704216,0.001496954821050167,8.019956245182888e-06,0.04756994483371576,0.5890604940553507,24.820789655049644
204,-0.07430003031536385,-0.1010517277582376,-0.10061635908291296,0.03953451732242549,0.6766666666666666,0.00016607383546822044,0.07082118176751667,0.6772417139123987,29.366399270516855,-0.49774910509586334,-0.5008418597280979,-0.48948312426606816,0.0030927573485920825,0.0005076497727714013,0.11320569024731715,0.9690941199660301,33.78778783480327
205,-0.5687752735835535,-0.593534071136404,-0.5914425513258686,0.036409993897433636,0.68,0.0006955751849562619,0.10138929842246903,0.7646046843793657,27.56558672587077,-0.7166036516427995,-0.7182204487423102,-0.7068172916769981,0.0016167981860538323,0.0005561235302593559,0.08161912579089403,0.711696262160937,27.255668242772416
206,-0.8436825474103292,-0.8694557768327219,-0.8859295204833701,0.03771692107397097,0.6833333333333333,0.00044683583460196303,0.0631566159427166,0.554820164486214,22.232418837370695,-0.9188728903730711,-0.9207988306879997,-0.9087488700946172,0.0019259363568077485,0.00027655503799906,0.04916397606333097,0.5111852226157984,24.872819105784096
207,-1.0602010554737515,-1.076564336264575,-1.0621845501440543,0.02383002238693061,0.6866666666666666,0.00021148490863938437,0.04127952580650648,0.4616205703329157,21.311911900838215,-1.025563863416513,-1.0270173648993175,-1.0136655792593956,0.0014535024141271908,0.00013479142580763437,0.03509192160951594,0.4052850765486558,23.90363907814026
208,-1.1525347828865051,-1.1746118775120489,-1.1606264180607266,0.03199580187598864,0.69,0.00010553895845077932,0.03505111775464482,0.4133515523539649,21.330660078260635,-1.1319495340188344,-1.1330604602893193,-1.1190728098154068,0.0011109232436865568,6.814930899660492e-05,0.03560200612992048,0.4489702445765336,23.88740348815918
209,-1.2491468676814326,-1.272264712386661,-1.2563860868966137,0.033343049180176526,0.6933333333333334,5.9634981745923006e-05,0.0369292864644969,0.43232692281405133,21.044088151719833,-1.2640053207675617,-1.2651468788584073,-1.2518135458230972,0.0011415563058108091,3.606087830121396e-05,0.03734895920691391,0.4894517722229163,23.614087899525963
210,-1.4083448273164254,-1.4272417492336698,-1.4414066208733454,0.027124775159690116,0.6966666666666667,2.7751243544992542e-05,0.03470497944012836,0.4521048631933,19.426407354849356,-1.3523190493384998,-1.3533511658509572,-1.3360209837555885,0.0010321044052640598,1.757789986337836e-05,0.031177408372362454,0.41013162210583687,23.498448689778648
211,-1.5117863019307454,-1.5333441540046975,-1.5456193376470495,0.030796939507126808,0.7,1.4021796434664995e-05,0.0312987279008936,0.41641690885579147,19.13017322398998,-1.4105728765328724,-1.4116320312023163,-1.3964001312851906,0.0010591527291884024,8.22208266981761e-06,0.03255090986688932,0.45054208238919574,23.645068804423016
212,-1.1163935705467507,-1.1345593095929534,-1.1306091268305425,0.025828053898833418,0.7033333333333334,2.1517417533484855e-05,0.03913417844860642,0.4629127592952163,19.642782281946253,-1.2422364378968873,-1.243216522037983,-1.2317532847325008,0.0009800865470121305,4.9166538398518846e-05,0.048618620416770376,0.5495730054875215,22.73884638150533
213,-1.3131679914615773,-1.334402945306566,-1.3281280111383509,0.030049466631478734,0.7066666666666667,4.869936606997659e-05,0.04033684047559897,0.4493795820960292,19.785304493374294,-1.2880217929681141,-1.2889327853918076,-1.2766677339871724,0.0009109951400508484,3.434262695615568e-05,0.03321009726884464,0.42141099149982136,22.965488195419308
214,-1.4563265641530354,-1.472626014992043,-1.4521797895431519,0.022956979426520842,0.71,2.4929467582734543e-05,0.030378790917219938,0.39106240316673563,19.797348976135254,-1.4051478405793505,-1.4061845168471336,-1.3918259690205257,0.0010366798378527164,1.6113677740274095e-05,0.031390703128029905,0.43006284534931183,23.261002858479817
215,-1.5213227095427337,-1.5399771398968167,-1.51327939386721,0.026151055815043272,0.7133333333333334,1.3484443789585149e-05,0.032828408396906324,0.445092914281068,19.74729456724944,-0.5439795758575201,-0.5449129529297352,-0.5295954092095295,0.0009333762961129347,9.475663205193996e-06,0.03258773684501648,0.4532289405663808,22.437920649846394
216,-1.144002393439964,-1.1584796640608046,-1.1582964526282415,0.020200841059839283,0.7166666666666667,2.8200793942098108e-05,0.03833247969547907,0.472458326154285,18.905766557764125,-1.2745651975274086,-1.2754324202736218,-1.2634167770544689,0.0008672265491137902,4.1125112450875655e-05,0.03724609509420892,0.4637455940246582,22.421572367350258
217,-1.409769402609931,-1.428002918208087,-1.417710390355852,0.02532431766114853,0.72,3.442652929084876e-05,0.03347397223114967,0.40987320961775603,19.472162811844438,-1.4175638531645138,-1.4184591347972553,-1.406547707815965,0.0008952878415584564,2.2568363950388932e-05,0.03008669599269827,0.4252928967277209,21.934870799382526
218,-1.513880557484097,-1.537539490947017,-1.530291822221544,0.03270820266118756,0.7233333333333334,1.743351717946266e-05,0.03085462562739849,0.4015409245535179,19.373276286655003,-1.4273439546426137,-1.4283345689376195,-1.4186248208085697,0.000990621279925108,9.757481696700173e-06,0.03145121115570267,0.44944750269254047,22.205027421315513
219,-1.282778706263613,-1.294780333009031,-1.2989706303234454,0.016516006448202662,0.7266666666666667,1.4212869987036188e-05,0.032811249778778466,0.4485619333055284,18.24957462593361,-1.3827880024909973,-1.3837606360514958,-1.371698997914791,0.0009726322411249081,2.5615531967559946e-05,0.0408178575647374,0.5016682731608549,21.94708267847697
220,-1.454050271599381,-1.4689753894452695,-1.4603851327189692,0.020445364906832023,0.73,2.9829621578553793e-05,0.03501144237816334,0.4492858725565451,18.52408652835422,-1.3964946096142132,-1.397233838836352,-1.3849730243285496,0.0007392282908161482,2.001226607717399e-05,0.029149625217542052,0.4083321491877238,22.291262547175087
221,-1.5100234746932983,-1.5326875823515433,-1.5317861327418574,0.030905592979656324,0.7333333333333333,1.5740782213537454e-05,0.028424234163981897,0.38272936586980466,18.822946936995894,-1.4837399224440255,-1.4847407539685566,-1.4697380761305492,0.001000832300633192,1.0333330275595168e-05,0.034345661057159305,0.4738815228144328,22.28749338785807
222,-1.3698643909560309,-1.3836492189654597,-1.3882634595588401,0.01871244630051984,0.7366666666666667,1.561592566927343e-05,0.03616525301778758,0.47945234179496765,18.20804751360858,-1.3236481100320816,-1.3245118310054143,-1.3124694998065631,0.0008637099526822567,1.934079765912126e-05,0.03402501732731859,0.46448683614532155,21.595134973526
223,-1.4862801057321053,-1.5070520904329088,-1.4930455640510276,0.028070242385621422,0.74,1.8703414146633197e-05,0.030926919024851587,0.42670433609573927,18.972304909317582,-1.4586040278275807,-1.4595806300640106,-1.4492224430044491,0.0009765923799326022,1.4007227302196648e-05,0.030933289633442957,0.45175543303291005,21.688295761744182
224,-1.4394754590811554,-1.4643461880860504,-1.4473778561309532,0.03345837140524829,0.7433333333333333,1.2216207963959917e-05,0.03359854359317709,0.4380090954127135,20.308537130002623,-0.8602112034956615,-0.8613317310810089,-0.8509915545582771,0.0011205313882480066,1.0392222444958557e-05,0.03574958723038435,0.5077601658801237,21.38885521888733
225,-1.175827220082283,-1.2079849121747193,-1.2002394524989304,0.043068349154459104,0.7466666666666667,2.560908113217145e-05,0.03874351180813931,0.5039429874331863,19.502590462013526,-1.3787908752759297,-1.3800227890412013,-1.3687342256307602,0.0012319150070349376,3.276358180907361e-05,0.03776637992511193,0.4999616928398609,21.29072189331055
226,-1.4901552112014205,-1.5113904255407828,-1.5063531796137493,0.028313623948229685,0.75,2.843320308548519e-05,0.03152220813488519,0.42307797846970735,17.689721213446724,-1.4524627526601157,-1.4538352688153584,-1.4447466060519218,0.0013725069196273882,1.7880291996637727e-05,0.024569567215318482,0.3644962863375743,20.35793391863505
227,-1.5637980412553858,-1.5848458541764154,-1.5812470272735313,0.02793959790357837,0.7533333333333333,1.342296161089541e-05,0.024205467146303918,0.3635174885944084,17.951992352803547,-1.4104061250885327,-1.4114810079336166,-1.4015677968660991,0.0010748835435758035,8.278345831058687e-06,0.027446987805888057,0.42392552892367047,21.96603759129842
228,-1.0213346393020064,-1.0372471997031458,-1.0535895813394476,0.021029801901291917,0.7566666666666667,3.3392669963548006e-05,0.04796715867188242,0.5587849109261124,19.30548501897741,-1.2481264968713126,-1.249690520266692,-1.238926130036513,0.001564021532734235,4.93659904350352e-05,0.05064894941945871,0.5525117119153341,22.259503602981567
229,-1.4364257300341572,-1.4508908677984167,-1.4490624489607635,0.019033069135966123,0.76,3.968761828016593e-05,0.036685177711425,0.46305088146969126,17.808999308833368,-1.3844884683688483,-1.3857237075765927,-1.3769629299640656,0.0012352456493924062,2.0887943719571922e-05,0.025219807246079046,0.3683608577897151,20.935482025146484
230,-1.4769959742272343,-1.5020219291801806,-1.4846998715290316,0.03278509244598724,0.7633333333333333,1.6120688862294492e-05,0.030164685100317,0.4102395099622232,19.598125705012567,-1.571084717909495,-1.5723435084025066,-1.5605247914791107,0.0012588008927802246,9.976706110137457e-06,0.02975652654034396,0.4523256892959277,20.61897834142049
231,0.03131560194823477,0.013054858203287478,-0.002607020514982718,0.02381836960989016,0.7666666666666667,0.00010706393444100588,0.04270865499145455,0.5117694238821665,22.788453490645797,-0.4446531670788924,-0.4471643976867199,-0.4342588447034359,0.002511231151099006,0.0007053492615038218,0.09668822834889094,0.7138088891903559,36.67790222167969
232,-0.433893342812856,-0.4619508065559246,-0.45204493513813726,0.036438262504008084,0.77,0.001402837944355,0.11303214149342643,0.7760996421178182,29.435779006392867,-0.5153329918781917,-0.5177495703101158,-0.510246622065703,0.0024165759483973184,0.001355460718817388,0.10691964936753114,0.7636706978082657,26.025367657343548
233,-0.6732800161397016,-0.697064651383294,-0.6972636039610263,0.030756000291418145,0.7733333333333333,0.000952509268514674,0.07313527994685703,0.6181660658783383,21.91400973002116,-0.7747528615097204,-0.7758939862251282,-0.767940741032362,0.0011411229303727548,0.0005597233127142923,0.052688911401977144,0.4932330685357253,22.582152048746746
234,-0.9199731438248245,-0.9392601008768435,-0.9349830084376864,0.024832986226236378,0.7766666666666666,0.00041587109390766946,0.038961815682274324,0.4218046036031511,19.088978237575954,-0.90595972041289,-0.9069711317618688,-0.8953224904835224,0.0010114094863335292,0.0002594857542135287,0.03221001988276839,0.36140889301896095,21.60085662206014
235,-0.991728647991463,-1.0082379656809348,-0.9925791577056602,0.021165797486901283,0.78,0.00021859939173467596,0.032903967425227165,0.38509253440079866,20.075393323545104,-1.0064852063854537,-1.0074665620923042,-0.9962672467033068,0.0009813476353883743,0.00015093546850645603,0.03278982468570272,0.3993142743905385,21.80253076553345
236,-1.184560360731902,-1.1993598960064076,-1.1997315331741616,0.01889302871293492,0.7833333333333333,0.00010293739197314372,0.026959117088052962,0.3529582636223899,17.53729209193477,-1.1119469056526818,-1.1130586316188176,-1.1048834547400475,0.0011117313988506794,6.981001297390321e-05,0.02678947461148103,0.3471352842946847,21.17192800839742
237,-1.2729308472739325,-1.2925391153053,-1.2800261356212475,0.02492576333935614,0.7866666666666666,4.930060391348821e-05,0.026485965483718447,0.3433985737738786,18.216563048186124,-1.2385333776474,-1.239523043235143,-1.2318452298641205,0.0009896665966759126,3.68637398272161e-05,0.026412504569937784,0.3393387558559577,20.835701624552406
238,-1.4115214789355244,-1.424973898463779,-1.4141636159684923,0.017028385773301125,0.79,2.3625626252194503e-05,0.0254045192980104,0.3407221740042722,17.664428110475892,-1.3650146126747131,-1.3659836674729984,-1.3515864337484043,0.0009690445537368456,1.5606406539821666e-05,0.02501116693019867,0.33608052879571915,20.659986495971683
239,-1.5038671714288216,-1.5185339671594125,-1.50518242959623,0.018487551491017693,0.7933333333333333,1.2337937429644322e-05,0.02554641050045137,0.34718264087482736,17.65753237406413,-1.4379143565893173,-1.438705084224542,-1.42683149377505,0.0007907192533214887,1.0625965349693919e-05,0.024636061086008947,0.32231849369903404,20.406392097473145
240,-1.546996898121304,-1.5682344127584387,-1.5562133480001379,0.026657964482351585,0.7966666666666666,9.487477722426842e-06,0.0262794590520638,0.3804660831336622,17.757481716297292,-1.5145847251017888,-1.515340618789196,-1.5037386616071065,0.0007558999738345543,9.267867369544547e-06,0.027995625666032236,0.39428749804695445,20.752945105234783
241,-1.4735933674706354,-1.4954210210729528,-1.4859914890042059,0.027284565485186048,0.8,1.0964722015934833e-05,0.028621355347611285,0.39015830777309557,17.93689748975966,-1.4065611536304157,-1.407174711426099,-1.396231176952521,0.0006135676521807909,1.5180213798278904e-05,0.030455958486224215,0.38216544066866237,20.557463606198628
242,-1.5803948817429718,-1.5928650741223935,-1.5920464860068426,0.01552306350182604,0.8033333333333333,1.427185176268082e-05,0.028112290703036166,0.39623589041056456,16.93615316461634,-1.4607365652918816,-1.4613685334722202,-1.4509015555183093,0.0006319691892713308,8.77922991548985e-06,0.02472482287945847,0.3345540513594945,20.09890405337016
243,-1.5066230208785445,-1.51813452773624,-1.5162566502888997,0.014270468994423195,0.8066666666666666,1.1340458985176627e-05,0.025768867452387458,0.36158748081436864,16.555405298868816,-1.461972323556741,-1.4625469023982685,-1.450578714410464,0.0005745785310864449,1.6093155409180326e-05,0.028077300715570647,0.3633236549794674,19.70036204655965
244,-1.6536135055400707,-1.6645736517729584,-1.66094234696141,0.01353104874767639,0.81,1.2779014839368216e-05,0.024694418051728496,0.3567938765993825,16.138617056387442,-0.8802269001801808,-0.8808202569683393,-0.8722557586928209,0.0005933547702928385,8.51897717287405e-06,0.021842297554636996,0.32382170110940933,19.724929809570316
245,-1.4880720399044178,-1.4972472367463288,-1.5049089038813557,0.011280995069278611,0.8133333333333334,1.4259446069681198e-05,0.024111030140408763,0.3476720623396061,15.748732390227142,-1.5018336797753968,-1.502339447538058,-1.4911569853623707,0.0005057767654458681,1.5778285880211722e-05,0.02459990916152795,0.3412432298064232,19.554611643155418
246,-1.5806683230179328,-1.6034852608486458,-1.6079638280250408,0.027939099887454952,0.8166666666666667,1.2820872749822835e-05,0.02461400517710933,0.3476217527080465,16.995307781078196,-1.5740124682585397,-1.5747220168511074,-1.5631170620520909,0.0007095444792260727,7.66787527102982e-06,0.02372858642290036,0.3347549395014842,19.34014121691386
247,-1.260302221333539,-1.280994533388703,-1.282909529076682,0.02523454340795676,0.82,1.512726324411536e-05,0.028798348580797512,0.39214070913968263,16.84583497930456,-1.2734407981236775,-1.274481085439523,-1.2636316443483036,0.0010403088914851348,3.972930054866689e-05,0.034990581373373665,0.39243445234994095,19.211126605669655
248,-1.4093282840870045,-1.4239463894455522,-1.4286641853827018,0.017754778334939922,0.8233333333333334,4.3752503929513126e-05,0.03038745890888903,0.38964014362405847,15.83768046343768,-1.4101254070798557,-1.4110018039743106,-1.3993439550201099,0.0008764022495597601,3.354098369830657e-05,0.023361458753546078,0.3233429938554764,19.18594435850779
249,-1.6277337869008381,-1.6366036070717707,-1.6574288253430967,0.010729609471228387,0.8266666666666667,2.195178816085293e-05,0.020176154388873664,0.3190950017284464,14.91348934173584,-1.4873353838920593,-1.4881270130475361,-1.4747241561611493,0.000791632958377401,1.2438680679830819e-05,0.018182471006487805,0.2799805315832297,19.12674144903819
250,-1.5145100708361026,-1.5258538557423487,-1.5153416913968545,0.013667208108085173,0.83,8.719184431053387e-06,0.019168397618664637,0.3111999835129137,15.637466254057708,4.915751198927561,4.915017535289128,4.938494990269343,0.0007336420627931753,7.533351000195883e-06,0.021377336311464507,0.3137999214231968,18.34218978881836
251,-0.6625025388267305,-0.691758399070413,-0.7030295544752369,0.03510703339620873,0.8333333333333334,0.0001304868459623389,0.04515995030049925,0.4887499213218689,21.160672223126447,-0.9687094688415527,-0.9697860653201739,-0.9577397753794988,0.0010765969442824523,0.00022327165849371036,0.05693689299126466,0.5141806726654371,23.512671152750652
252,-1.1289250607843753,-1.1575023112473664,-1.1438189987783078,0.03415608240498437,0.8366666666666667,0.00016696179928085594,0.04318364957968394,0.4758458269966973,18.305093341403538,-1.214277133345604,-1.2153704340259235,-1.2040064012010891,0.0010933035518974066,0.00011116658788523637,0.029613003600388765,0.350253847738107,19.350474913915
253,-1.3855078970944439,-1.4029403924942017,-1.384615456616437,0.020752967300790327,0.84,7.617799416982086e-05,0.023300281829304166,0.34200681359679613,16.301446773387767,-1.2943907876809437,-1.2951149741808574,-1.2817112679282825,0.000724179670214653,5.33219387458909e-05,0.01994881227922936,0.2907292315115531,19.19103185335795
254,-1.5249981350368924,-1.538640922970242,-1.5267805479190968,0.016177227237710246,0.8433333333333334,3.829336835931624e-05,0.019501245339159614,0.3156915616106104,15.509943714848271,-1.4031046877304711,-1.4036966860294342,-1.3903131087621052,0.0005919844067345063,2.735587963798025e-05,0.01898116401086251,0.2920669838786125,18.82371242841085
255,-1.6431224566918832,-1.654802295896742,-1.6646698978212144,0.013795088838647914,0.8466666666666667,2.0051615037017553e-05,0.019068331216220504,0.31145011440471365,14.577424473232693,-1.5115510001778603,-1.5120928138494492,-1.4968320404489834,0.0005418215878307819,1.4406921271377845e-05,0.019477175393452246,0.3033710333208243,19.1587982972463
256,-1.7395077325679638,-1.7491369512346056,-1.7455123353887487,0.01132849410728172,0.85,1.0860723199988974e-05,0.019125639943888894,0.3248833268880844,14.666043352197718,-1.5736926669875781,-1.574233668545882,-1.5630353763699532,0.0005410053612043461,7.95645941783126e-06,0.018017863117468853,0.27644137541453045,18.539050738016766
257,-1.5283517086947407,-1.5413632657792833,-1.525326430797577,0.015247920941975381,0.8533333333333334,8.993543259647493e-06,0.021538791350192495,0.35578637928874407,15.820079132362649,-1.6071724817156792,-1.6076677838961284,-1.5963246449828148,0.0004953079236050447,1.2814854244425078e-05,0.024038059869781137,0.33412205427885056,17.818422317504883
258,-1.6049320719860218,-1.6218682969058003,-1.6095095343059964,0.01976990837741781,0.8566666666666667,1.3686686139004047e-05,0.024532124331151997,0.36304994148236736,16.683475494384766,-1.6180241654316583,-1.6186442573865254,-1.6104842225710552,0.0006200966114799181,1.0448758151445267e-05,0.02426511390755574,0.3398431831349929,19.063327948252358
259,-1.4505676627159119,-1.468099734297505,-1.462186931459992,0.020386131825270475,0.86,8.825060107213815e-06,0.023845613830619387,0.3629356357786391,16.003819430315936,-0.0018882683167854956,-0.00245225972806414,0.0015856701259811719,0.0005639894710232815,1.02537111009345e-05,0.024951129996528227,0.3184848378101985,18.399770538012188
260,-1.1833814691614222,-1.1954821403379794,-1.2035112182299297,0.014016218828382316,0.8633333333333333,4.400894027235659e-05,0.032365098457645486,0.4181457073600204,16.039182839570223,-1.2157701676090558,-1.2163943201303482,-1.2061402673522632,0.0006241629210611185,6.250268810011524e-05,0.03072479957093795,0.35712967937191326,18.3256618976593
261,-1.4835796267897994,-1.492620516706396,-1.4708967650378193,0.010431795208542436,0.8666666666666667,5.355560292459645e-05,0.023723968960068845,0.3427475321072119,15.569078304149487,-1.3692528580625851,-1.3698762704928715,-1.3599336246649425,0.0006234177077809969,3.437818160515841e-05,0.017733422690071166,0.26524871960282326,18.576393286387127
262,-1.6534824857005366,-1.6621022975003277,-1.6470515109874584,0.009907821676245442,0.87,2.644187615832952e-05,0.01759171002992877,0.28859825597869027,14.472996252554434,-1.524890666206678,-1.525456316769123,-1.5106147527694702,0.0005656630576898655,1.6054934311190056e-05,0.01681784001023819,0.26845146156847477,18.04266536235809
263,-1.6151031421290503,-1.6369493589908988,-1.6333910337200872,0.02501477114856243,0.8733333333333333,1.3360062540515275e-05,0.02243772842403915,0.3712509357266956,16.218912089312518,-1.6576932941873868,-1.6584810713926952,-1.6425134638945262,0.0007877748770018419,8.210193300328683e-06,0.020681910449638963,0.3128864225000143,18.1303684314092
264,-1.437213988215835,-1.4476092161127814,-1.4599743750360277,0.011857674215678815,0.8766666666666667,1.0637568367302367e-05,0.020904540291263,0.3502423294164516,14.459802804169831,-1.2446942801276843,-1.245386466383934,-1.2349805658062298,0.0006921921546260515,2.0394264386898914e-05,0.02361983642913401,0.3192658598224322,17.27977724870046
265,-1.537880195511712,-1.549117538664076,-1.5565718633157235,0.012769706547260284,0.88,2.713177093904017e-05,0.024470812330643337,0.3755813036803846,14.934701672306767,-1.5177859390775363,-1.5182675868272781,-1.5085670252641041,0.0004816390573978424,2.1582652531530282e-05,0.020380345949282248,0.28649435689051944,17.53310585021973
266,-1.7125354122232508,-1.7247861226399739,-1.7074968682395086,0.013868716234962145,0.8833333333333333,1.7238915326608413e-05,0.01778762556474518,0.3271100123723348,14.823533835234466,-1.6053330053885777,-1.6058307538429897,-1.5962988932927449,0.0004977397620677948,1.014371014207427e-05,0.015987100661732256,0.25226000882685184,17.632121682167053
267,-1.2823673492573477,-1.296008881215972,-1.3042241887499888,0.015385189059155958,0.8866666666666667,8.860842239368207e-06,0.017884082022916387,0.3197204718987147,14.127520914430972,-1.1667354529102645,-1.167305052280426,-1.155345010260741,0.0005695955672611793,1.5915564555749977e-05,0.025211620299766462,0.3203048116217057,17.655306736628212
268,-1.2832659394652755,-1.2925105293591816,-1.2777809346163715,0.010387188168587509,0.89,5.7187078440350616e-05,0.032767612763025145,0.41053879812911703,16.1324069764879,-1.2840927019715307,-1.2847285245855649,-1.2743139589826267,0.0006358148530125618,6.686280660990936e-05,0.029343026457354426,0.3511122663815816,18.449334184328713
269,-1.4088789219105686,-1.4321716394689348,-1.437535168947997,0.02607394603115541,0.8933333333333333,5.2158632940888684e-05,0.022375997259385057,0.3404787431160609,15.104987815574363,-1.402454393605391,-1.4029848823944728,-1.3912602588534355,0.0005304852190117041,3.258628400241529e-05,0.018404866762769718,0.2664107773452997,18.029168168703713
270,-1.6290370711573847,-1.6413969816984955,-1.63359538714091,0.013784289635993817,0.8966666666666666,2.481956788095111e-05,0.018093269732263353,0.2840837211244636,14.251405080159506,-1.514089800417423,-1.5147424166401227,-1.5021249341468017,0.0006526081512371699,1.42881732093277e-05,0.01591706194449216,0.2580547413478295,17.41334819793701
271,-1.77141390464924,-1.7852608936804313,-1.7957862703888505,0.015385556552145217,0.9,1.1585359381435276e-05,0.015801275011014054,0.2817262477344937,13.362448339109067,-1.615357739229997,-1.6158922165632248,-1.602107380827268,0.0005344743840396404,6.826659292376765e-06,0.015472030965611339,0.25960950180888176,17.35462013880412
272,-1.5467951339841992,-1.5578787876637998,-1.5574105950417343,0.01226972112501109,0.9033333333333333,7.2367030481001605e-06,0.016048586892860907,0.2957102750186567,13.637465794881185,-1.3889030267794928,-1.3894153386354446,-1.377967745065689,0.0005122947040945292,1.1570576968248739e-05,0.019577707163989544,0.30480717681348324,17.25065275033315
273,-1.5600982595373083,-1.5707787098707977,-1.5811266501744587,0.011779898570643531,0.9066666666666666,2.3239295774988864e-05,0.022464611188129143,0.3751625109601904,14.07662910885281,-1.504663663605849,-1.5051673526565235,-1.491375982761383,0.0005036855582147837,2.3186820953924325e-05,0.020692982245236635,0.30769745633006096,17.244104862213135
274,-1.6952999830245972,-1.7073391985010218,-1.7164119923556294,0.013229905662161333,0.91,1.757680089482434e-05,0.018516217979292076,0.30082867487713144,14.04004881117079,-1.6068318535884223,-1.607365181048711,-1.5934553394714992,0.0005333260633051395,1.096612337884532e-05,0.01579331416481485,0.2648490096131961,17.039740681648254
275,-1.7351909897945546,-1.7501951080781442,-1.753203222045192,0.01642786690758334,0.9133333333333333,8.883443452187177e-06,0.017006198806619202,0.31746024831577585,14.748798335040057,-1.6752143154541652,-1.6756240725517273,-1.663703128695488,0.0004097587273766597,6.340924339080327e-06,0.02263277373276651,0.37827449291944504,18.661004066467285
276,-0.9203229524471142,-0.9338582014596021,-0.9343908876180649,0.014765733852982521,0.9166666666666666,4.182456807568626e-05,0.03627116591842086,0.4769038282058857,17.098888609144424,-1.2839715679486592,-1.2848677039146423,-1.2760268797477086,0.0008961386823405822,7.321893296345176e-05,0.03990369119370977,0.4681837360064189,18.538447340329487
277,-1.4796039749074865,-1.4884875747892592,-1.4774346351623535,0.009656102982936081,0.92,5.9764123795536795e-05,0.02805595996755141,0.4207261293022721,14.578307116473162,-1.4514670670032503,-1.4522292961676915,-1.4451266552011173,0.0007622267585247755,3.482652111112353e-05,0.01827333273831755,0.2807089574635029,17.19061823685964
278,-1.7115384649347376,-1.7185688062950417,-1.7033597407517609,0.007614089452006199,0.9233333333333333,2.4686086497375208e-05,0.015976290011571512,0.2913950943836459,13.470372376618561,-1.5125864247481031,-1.5130769958098729,-1.4972075497110684,0.0004905681125819683,1.4837897045557233e-05,0.013874793813253442,0.23520034986237684,17.455934007962547
279,-1.7276800694289032,-1.7410113921871893,-1.7492884905249984,0.014386314139873893,0.9266666666666666,1.2570169272092042e-05,0.01713500789332169,0.3030564608397307,14.201805856492784,-1.720298285285632,-1.7207273642222087,-1.7100224196910858,0.00042907404713332653,7.416005284236841e-06,0.017391783456938963,0.28680100850760937,16.620218833287556
280,-1.3015615007391683,-1.3145119945208232,-1.3122607083232314,0.013925260070849347,0.93,7.988361159260859e-06,0.017640302268167336,0.31850562603385363,14.077485932244194,-0.8718532224496207,-0.8722378263870875,-0.8541661575436592,0.00038460308375457924,2.052784801283754e-05,0.02763302515571316,0.36105336373051006,17.05935744444529
281,-1.0571722785631816,-1.074507631085537,-1.0716408954726324,0.018573593900159554,0.9333333333333333,9.663851583523124e-05,0.04030711521153097,0.46408401815979566,17.2576645038746,-1.2321636900305748,-1.2327718784411748,-1.2218951011697452,0.0006082018371671438,0.00012345302062991928,0.03483667620457709,0.3895238700012366,18.280631224314373
282,-1.409916356757835,-1.4241137018910162,-1.4087088814488165,0.01515730815353217,0.9366666666666666,8.933781727036048e-05,0.025335447034902044,0.3539878499728662,14.90497762185556,-1.4198459287484486,-1.4208004300793011,-1.4106162165602047,0.0009545147574196259,5.4152350003278116e-05,0.017403989292991657,0.263850590835015,16.571967085202534
283,-1.631114337179396,-1.640059369581717,-1.6533988051944308,0.009515981845281742,0.94,3.6356718434641756e-05,0.015483094758733554,0.26649482437857874,13.030494972511574,-1.509895712137222,-1.5104291662573814,-1.500472292304039,0.0005334434099495411,2.420967492374378e-05,0.01406219023435066,0.21819188880423704,16.468523263931274
284,-1.760038724652043,-1.7688421849851255,-1.7594326160572193,0.009332287090796011,0.9433333333333334,1.8506946920145612e-05,0.014665568212944048,0.29655726971449675,13.409479918303314,-1.608500396211942,-1.6089202066262562,-1.5981363157431285,0.0004198087068895499,1.0987511852060075e-05,0.013986025199604532,0.22977420563499132,16.57114553451538
285,-1.796348355434559,-1.8086233281151012,-1.7989334988373298,0.012966512322977738,0.9466666666666667,8.37613894570192e-06,0.014353134255442355,0.27117387150172834,14.096433286313657,-1.767846797903379,-1.7682703733444214,-1.75290963302056,0.00042358894521991414,5.575679191830811e-06,0.014799915254116058,0.2555225696414709,16.227643132209778
286,-0.02967894822359085,-0.044914601301705395,-0.04202368889969808,0.01603753340465051,0.95,0.00012076472640492957,0.04119651019573212,0.4304173975079148,22.847171677483452,-0.43867549424370134,-0.4404064541061719,-0.4321411761144797,0.001730962423607707,0.0006526006448742313,0.10664770100265741,0.6152024740974108,33.87577748298645
287,-0.47118957671854234,-0.5040268975275534,-0.5008930431471931,0.0344447389383007,0.9533333333333334,0.0010273740820897122,0.11188253622364115,0.6673439465187214,28.346353036385995,-0.609190999219815,-0.6108056008815765,-0.6047968218723933,0.0016146011961003144,0.0008964193887853374,0.09694327476123969,0.6006271814306577,24.50598867734273
288,-0.7755453906677388,-0.8015458892892908,-0.7946169972419739,0.02717821845025928,0.9566666666666667,0.0006071618430454422,0.06503727742367321,0.5037816525609405,20.002627266777885,-0.9270157267649969,-0.9280670260389646,-0.9213517382740974,0.001051292832319935,0.00039050256479337503,0.043507662446548544,0.3970936710635821,19.719187418619793
289,-1.1017240374176591,-1.1136104641137299,-1.1056729400599445,0.012381698591289696,0.96,0.00029940961286667044,0.03167050207654635,0.33370785415172577,15.935809983147514,-1.0771736601988475,-1.0780749668677647,-1.0696736437578995,0.0009013144299387932,0.00018676828646372692,0.022911594637359183,0.26333240419626236,18.206748604774475
290,-1.2741636589721397,-1.2853116900832564,-1.2753355657612835,0.011572340710295571,0.9633333333333334,0.00014632826679627652,0.019825999763000896,0.25047696023075666,14.740555162783023,-1.1835693741838138,-1.1842687241733074,-1.1744834060470264,0.0006993525506307682,0.00010398747144790832,0.016770454744497936,0.2122980464870731,17.231933633486427
291,-1.2858468316219471,-1.3155726382025965,-1.3179809627709564,0.030750832830866177,0.9666666666666667,9.741161381868922e-05,0.017900011571193183,0.2606070505248176,15.293853759765625,-1.2914154032866159,-1.2919739335775375,-1.2841301436225574,0.0005585281954457363,7.507134311405632e-05,0.01918618124909699,0.2572731499870618,17.080838084220883
292,-1.4547398840939556,-1.4709425149140534,-1.4668441701818395,0.01670373776168735,0.97,6.250853214253395e-05,0.01818873029616144,0.2757474895980623,14.17900240862811,-1.3822245299816132,-1.3828845024108887,-1.3757004489501317,0.0006599759993453821,3.951140032161978e-05,0.016110146301798522,0.23438363211850324,16.722535808881123
293,-1.2741751891595345,-1.299359420383418,-1.2895698652223304,0.025874196724207314,0.9733333333333334,3.4324428202968125e-05,0.019566581343059188,0.2886694586939282,16.826254738701714,-1.3812383661667504,-1.3819654633601506,-1.3713411018252373,0.000727108291660746,3.074984344190549e-05,0.0320367991613845,0.4041844345629215,18.991804599761963
294,-1.5747627991217155,-1.5861818348919903,-1.5788057910071478,0.011691851817347386,0.9766666666666667,2.4137407746349237e-05,0.026850104814878217,0.3862789979687444,14.590041796366373,-1.568804363409678,-1.5695503403743107,-1.5580002491672833,0.0007459758004794518,1.2049410164157356e-05,0.01894973396944503,0.2578168734908104,16.710141936937966
295,-1.7608330956211797,-1.7713654350351404,-1.765242302859271,0.010747277833245418,0.98,9.09706703303662e-06,0.0159132430260932,0.26042843527264065,13.059396531846788,-1.4982730920116105,-1.4988301148017247,-1.485202933351199,0.0005570199185361465,6.151819510099206e-06,0.014053502430518469,0.19772527646273375,16.124871333440147
296,-1.0253382457627191,-1.0427644241739202,-1.0385868262361597,0.017721551642925652,0.9833333333333333,3.533907615578587e-05,0.026594573079987808,0.35669772106188313,17.130344214262784,-1.1562762359778087,-1.1570555021365483,-1.1446042706569035,0.0007792646841456493,7.79910953194e-05,0.03681484671930472,0.4158898914853732,17.710534532864887
297,-1.4013261795043945,-1.4200040278611359,-1.416080978181627,0.018930244776937697,0.9866666666666667,7.771090801085208e-05,0.030237475203143224,0.39369693398475647,14.301790272748029,-1.4656690011421838,-1.466248909632365,-1.458260528743267,0.0005799146989981333,5.0519916233800664e-05,0.021436601566771667,0.29091218672692776,15.994573513666788
298,-1.6012116891366464,-1.6154165356247514,-1.605062277228744,0.014348331562898777,0.99,3.791659859147061e-05,0.017484899161866418,0.2947974362307125,13.8514931290238,-1.5481261561314268,-1.5485422909259796,-1.5399604067206383,0.0004161326214671135,2.2400513747318957e-05,0.015709999948740005,0.24023323319852352,16.72841489315033
299,-1.75817365999575,-1.767914096514384,-1.777126462371261,0.009805813017818663,0.9933333333333333,1.744014823796331e-05,0.014286230525208844,0.2475962663690249,13.03212656798186,-1.6344238643844926,-1.6348059872786205,-1.6260891084869702,0.000382118159905076,1.10058309322388e-05,0.01404332237628599,0.22772605624049902,16.638718326886494
300,-1.8195529690495245,-1.8304026347619515,-1.8236496713426378,0.010885940312787338,0.9966666666666667,9.052392720655513e-06,0.014828874660586869,0.2832812308161347,13.215930302937826,-1.4427971492211022,-1.4431767587860425,-1.430835485458374,0.00037961041865249473,6.128473330591078e-06,0.014474340675709149,0.22515941007683674,15.634966452916464
301,-1.5597822886926156,-1.5713368521796331,-1.5734100562554818,0.011554560520582728,1.0,1.2127614994554918e-05,0.01775619146172647,0.29923510717021096,12.788086467319065,-1.634703089793523,-1.6350709746281307,-1.6231441448132198,0.00036787598704298335,1.6735852758150333e-05,0.018335883932498593,0.25722716252009076,15.73899304866791
302,-1.7061613963709936,-1.7173529145894226,-1.707570039011814,0.011191518908297574,1.0,1.5798793861500195e-05,0.01806277512676186,0.28630821627599223,14.045706501713505,-1.6877728402614594,-1.6881181597709656,-1.6770815551280975,0.0003453146976729234,1.0435985662600919e-05,0.014911590803725025,0.22702177303532758,16.295125484466553
303,-1.8427162876835577,-1.8519220352172852,-1.860586420253471,0.009205748844477866,1.0,8.339552938128623e-06,0.013710750818804459,0.24906747539838156,12.473551326327854,2.0512076715628305,2.050870661934217,2.045519173145294,0.00033702561631798744,5.2397480961493175e-06,0.013241608627140522,0.21636493069430193,15.93441637357076
304,-1.1445208373996947,-1.1587297872260764,-1.1614225506782532,0.014208951482066402,1.0,3.6982958961204904e-05,0.023499407805502415,0.3683337922449465,14.325999365912544,-1.4428178121646245,-1.4430763572454453,-1.4320372566580772,0.00025854865089058876,4.880807834221438e-05,0.02455886802636087,0.31834599065283936,16.24125297864278
305,-1.621357869218897,-1.634924124788355,-1.645606729719374,0.01356624418662654,1.0,4.296644672447453e-05,0.01931899209955224,0.30133137272463906,12.483099195692274,-1.5685837616523108,-1.5689565713206928,-1.5579831500848134,0.00037281479065616924,2.32793249021294e-05,0.01432364690117538,0.22432200548549494,15.669346968332926
306,-1.7701453897688124,-1.7802916412000303,-1.7647331511532818,0.010146253707784193,1.0,1.8308542773108154e-05,0.013154041608450589,0.2431281857468464,12.991161770290798,-1.631077654659748,-1.6314070944984753,-1.6178461362918217,0.0003294340179612239,1.0373676142686842e-05,0.012012129067443311,0.21613856901725134,15.872814933458965
307,-1.8936657596517492,-1.9011414536723383,-1.8851215353718511,0.007475692916799475,1.0,9.289213519675994e-06,0.012462710996192915,0.2453297045495775,12.684985514040347,-1.7583491926391919,-1.758668837447961,-1.7449473813176155,0.00031964962060252827,5.748707318768235e-06,0.012642423428284625,0.2106953226029873,15.810670614242554
308,-1.5136885929990698,-1.5231276195910242,-1.5132876495244327,0.009439032248876713,1.0,9.951072772512109e-06,0.01570818238650207,0.24776023626327515,13.293101169444897,-1.6470126658678055,-1.6472103993097942,-1.634621078769366,0.00019773243305583796,1.7913164545764932e-05,0.02076475671492517,0.2910633347928524,15.267278194427492
309,-1.780643348340635,-1.7884578307469685,-1.7986513596993905,0.007814494892954826,1.0,1.8694223096341982e-05,0.017956747535478185,0.29735524621274734,12.017327202690971,-1.6943342437346776,-1.6945586502552032,-1.6830292443434398,0.00022441583375136057,1.2475570391264531e-05,0.013924982204722861,0.2243295901765426,15.279598116874693
310,-1.9034665999589142,-1.9125462726310447,-1.929006505895544,0.009079668739879573,1.0,1.010413710968418e-05,0.012674145193563567,0.24048512208241005,11.938407721342864,-1.764528532822927,-1.7647814353307087,-1.753492680688699,0.0002529006451368332,6.3825099421895475e-06,0.01204178761690855,0.21549096268912157,14.96560307343801
311,-1.837348182996114,-1.8433554967244465,-1.8502049644788106,0.006007322627637122,1.0,7.425369454318166e-06,0.012718308510051833,0.23484099132043343,11.399923077336064,-1.5813758671283722,-1.5816085586945217,-1.5720702186226845,0.00023269389445583025,7.334145948334481e-06,0.01368101053715994,0.20887197026362023,15.433756947517395
312,-1.8496352787371035,-1.8598082109733864,-1.8569984745096277,0.010172919404727442,1.0,6.988357115376318e-06,0.013092613779008389,0.233946749733554,12.344999631245932,-1.200543296833833,-1.200742209951083,-1.1879911869764328,0.00019890915912886462,5.978785926193571e-06,0.013735922247481843,0.2217653188854456,15.627770860989887
313,-1.7907317611906264,-1.801583758106938,-1.806516201407821,0.010851999951733483,1.0,8.367118173029869e-06,0.01483757580044093,0.27099460970472405,12.087494708873608,-1.645094354947408,-1.6453138440847397,-1.6313549652695656,0.0002194926297912995,7.67002139430891e-06,0.01368921521740655,0.2038369361932079,14.979481935501099
314,-1.457908500123907,-1.46447295833517,-1.4645143681102328,0.006564481045912813,1.0,7.066816208491757e-06,0.012818501296418684,0.21756893506756536,11.774833431950322,0.17123101853455105,0.17105827511598667,0.1667229404556565,0.00017274272007246813,1.1087609588381989e-05,0.014588210770549873,0.21032051431636015,14.456428329149883
315,-1.3113635121672242,-1.3220090844013073,-1.3177243250387687,0.010645568094871662,1.0,5.9793619180305134e-05,0.02484105410123313,0.3359841886493895,14.152087882713035,-1.3789025122920673,-1.3791784321268399,-1.3700034494201343,0.00027593085542321205,8.290388192714697e-05,0.024972324026748538,0.29430977751811344,15.985793789227804
316,-1.487196331774747,-1.5018107559945848,-1.508023162682851,0.014614418493928734,1.0,7.182126568363014e-05,0.01968768635695731,0.2701485957260485,13.233826884516963,-1.5129888678590457,-1.5133051574230194,-1.5038645565509796,0.0003162978682667017,4.1693338213614574e-05,0.013973651182216903,0.19987249312301478,15.049437443415323
317,-1.7475647219905146,-1.7536112820660625,-1.7265683898219355,0.006046561869206252,1.0,3.2923457453122227e-05,0.012370395508629305,0.21460954541409458,12.05875520352964,-1.6115787227948508,-1.6119021847844124,-1.5986687714854877,0.0003234591179837783,1.9881050889125618e-05,0.010845026078944405,0.17084587085992098,14.66669221719106
318,-1.7463337624514546,-1.7575658969581127,-1.7524107733258494,0.011232131747183976,1.0,1.675420015898352e-05,0.012964771750072638,0.22375348099955805,13.16462191828975,-1.7520474294821422,-1.7522986481587093,-1.7417226135730743,0.00025121433039506275,1.1002152632499929e-05,0.013572365666429201,0.2392188087105751,15.03475594520569
319,-1.9603671806829948,-1.9663227443341855,-1.9463318939562197,0.0059555700669686,1.0,8.273153946868627e-06,0.012186448883127284,0.24230249888367122,11.899826685587565,-1.7885793348153434,-1.7888241310914357,-1.7755241592725117,0.00024480566692849,5.177864371338122e-06,0.010900607759443423,0.19678864597032467,15.082273205121357
320,-1.06876305297569,-1.0749582968376301,-1.0573592793058466,0.006195247242296183,1.0,3.0151415574908714e-05,0.018570496976651526,0.3027992336838334,13.499994030705205,-1.348660650352637,-1.348945585389932,-1.3387853751579921,0.00028493542534609634,6.261801142197025e-05,0.028379199483121436,0.3230489293734233,16.789412697156273
321,-1.5267268507568925,-1.5354648563596938,-1.523469814547786,0.008738017330567041,1.0,6.256122354965623e-05,0.022101211361587048,0.3284146327663351,12.527647124396431,-1.5352462877829869,-1.5354742010434468,-1.5220584223667781,0.00022791124259432158,4.1741195294283294e-05,0.015496026608161628,0.22333736314127842,14.456994096438088
322,-1.671426079891346,-1.679327869856799,-1.6592223202740704,0.007901786654083818,1.0,3.384121063626716e-05,0.013621706688017756,0.23380688163969252,12.804473912274396,-1.599603255589803,-1.5997790098190308,-1.5867228905359905,0.00017575547099113464,2.269877457668675e-05,0.011517832987010479,0.19653604552149773,14.777012467384338
323,-1.8723286213698211,-1.8768214296411585,-1.8785780491652313,0.004492800406835697,1.0,1.7626060643696865e-05,0.010678938383029567,0.20957998627865757,11.189513436070195,-1.6463406831026077,-1.6465405871470769,-1.6352340405186017,0.0001999100980659326,1.0863345854280245e-05,0.010252079111523926,0.18506542469064394,14.846764008204143
324,-1.9517416424221463,-1.9585275782479181,-1.9381239855730976,0.006785932721363174,1.0,8.868193112397825e-06,0.01054364925733319,0.2239348479995021,11.868312411838108,-1.7504271765549977,-1.7506305053830147,-1.7387389640013378,0.0002033348816136519,6.0100260839135444e-06,0.010662719452132782,0.18371138783792654,14.867351690928142
325,-1.4693732526567247,-1.473882371628726,-1.4605791248657085,0.004509116833408673,1.0,8.777011788441558e-06,0.012170709152188566,0.22432096799214682,11.78530830807156,-1.400864377617836,-1.4010356267293294,-1.3890719339251518,0.0001712372371306022,2.4060021890666878e-05,0.01929319246361653,0.2634351793676615,14.719462593396504
326,-1.5977732517101146,-1.6039342482884724,-1.5889906353420682,0.006160990369540674,1.0,3.664032522431592e-05,0.020150229645272095,0.29097821977403426,12.435879424766258,-1.5901545236508052,-1.5903235922257106,-1.5799424623449643,0.0001690625213086605,3.292868958245284e-05,0.01481071587962409,0.20380819557855526,14.086275895436604
327,-1.7697670989566379,-1.7812269572858457,-1.7752351495954726,0.0114598638481564,1.0,2.653530309207444e-05,0.012394779154823886,0.20804517412627185,11.779034897133156,-1.6032570600509644,-1.6034522329767544,-1.5908065487941105,0.00019516446627676487,1.688583256509446e-05,0.00983568273174266,0.15674681682139635,14.680624127388
328,-1.896084229151408,-1.9038608030036643,-1.894471495239823,0.0077765727484667745,1.0,1.3512161280636468e-05,0.010609443885860619,0.1952675230525158,11.702380109716344,-1.7710921118656795,-1.77127056568861,-1.7583701660235722,0.00017844606190919876,9.015446418440357e-06,0.010572062262023488,0.1757317523782452,14.237680077552797
329,-2.026477584132442,-2.0318575391062983,-2.02461224132114,0.005379956560554328,1.0,6.972757007504158e-06,0.010363851535927367,0.19955087259963708,11.12875818323206,-0.8461829038957754,-0.8463594863812128,-0.8378743678331375,0.00017657666467130184,4.77874819656184e-06,0.009923567296937108,0.17318221647292376,14.43210474650065
330,0.6643547470922824,0.6525496481745331,0.6105069385634528,0.011805127133373861,1.0,0.00041617384219231707,0.04958960243190328,0.39297077280503734,23.878295792473686,-0.5321200266480446,-0.5331175376971563,-0.5247376362482706,0.0009975133774181206,0.0010590701446441624,0.08675840683281422,0.5146553454299768,24.119272549947105
331,-0.655040157062036,-0.6715986717630316,-0.6638659923164932,0.01655851394214012,1.0,0.0011108335305902142,0.07435862651025807,0.5016542794527831,20.535096451088233,-0.816423773765564,-0.8169024462501208,-0.8099709525704384,0.0004786658100783825,0.0008796415762238515,0.0538512848628064,0.438793374846379,17.98175768057505
332,-0.9934525092442831,-1.0027322945771393,-1.0023081170188055,0.00927978781638322,1.0,0.0006877778731803927,0.03826266361607446,0.3266493573232933,14.028639652110913,-1.050000975529353,-1.0503519003589947,-1.03975019728144,0.00035091605968773365,0.00044108002718227607,0.024384004607175786,0.2553446311503649,16.076502641042076
333,-1.263187845547994,-1.2708973354763455,-1.2680204841825697,0.0077094899973383655,1.0,0.00031551602727699057,0.01799987197888118,0.19297032334186412,12.327559082596391,-1.1656420081853867,-1.1659502101441224,-1.1490560583770275,0.00030819675885140896,0.00022790804844892895,0.01299533473017315,0.15992692982157072,15.28095817565918
334,-1.3558115583878976,-1.3681259475372456,-1.3571598055186096,0.012314385631018214,1.0,0.000164575970740299,0.01137362668911616,0.16043349576217156,12.323624681543421,-1.2085677708188693,-1.2088732589036226,-1.191500635817647,0.0003054930518070857,0.00013465533265843987,0.010828535887412727,0.14859025677045187,15.452376445134481
335,-1.4421436654196844,-1.4511105440281056,-1.4374848736657038,0.008966869847090156,1.0,0.0001311608039368703,0.013492510343591372,0.20903197593159145,12.651356838367603,-1.3621881554524105,-1.3625618467728298,-1.3488992129762967,0.0003736955113708973,9.362533667930013e-05,0.013097245013341308,0.1878537613277634,15.022112290064493
336,-1.5030450092421637,-1.513355490234163,-1.492921961678399,0.010310477404682725,1.0,7.636193293836657e-05,0.012985459908291145,0.21263295688011027,12.930884325945819,-1.4434591010212898,-1.4437690749764442,-1.4261435220638912,0.00030997356710334617,4.945944131880727e-05,0.01175224621935437,0.17566170947005352,15.098156253496805
337,-1.6925333870781794,-1.6995367076661851,-1.6999242305755615,0.0070033230025459215,1.0,3.712155645458821e-05,0.010581809751413486,0.18741655377326188,11.229225088048864,-1.5120635355512302,-1.5123654926816623,-1.4980716034770012,0.00030195340514183044,2.690702482747535e-05,0.009839874284807593,0.15500295783082643,14.328831950823464
338,-1.7008096509509616,-1.7123319771554735,-1.709281572589168,0.01152232261719527,1.0,2.1446993809217087e-05,0.010356900006256721,0.18129019632383628,12.19842857784695,-1.5541612406571708,-1.5543899089097977,-1.541740136841933,0.0002286680197964112,1.7246336748636775e-05,0.010883398974935213,0.16853520243118206,14.92780045668284
339,-1.741724087132348,-1.7514895929230585,-1.753448486328125,0.009765511999527613,1.0,1.4961339224505031e-05,0.01341453829297313,0.2223182052925781,12.667642593383789,-1.6695166726907094,-1.6697618514299393,-1.6580803642670314,0.0002451815331975619,1.0527609977846927e-05,0.012606511474587023,0.19898744424184164,14.718339880307516
340,-1.8813473604343556,-1.8906103858241328,-1.8953417583748147,0.009263015317696112,1.0,7.777258613512256e-06,0.011477139330020657,0.20266519956014775,11.325035448427554,-1.6037494937578836,-1.6039662510156631,-1.5918178608020146,0.0002167604397982359,6.39282459739358e-06,0.011759439793725809,0.19829345184067884,14.3561772108078
341,-1.788125459794645,-1.7979851056028295,-1.7838754521475897,0.009859636839893129,1.0,7.571164688771306e-06,0.011878397798648587,0.21749642187798465,11.824332413850007,-1.7235311766465506,-1.7237696001927059,-1.7097479303677876,0.00023843154000739256,1.0450350070338269e-05,0.014567431334095696,0.22495807893574238,14.616633892059328
342,-1.9097538568355419,-1.9175007343292236,-1.9157255049105044,0.007746868870324559,1.0,9.761102470899155e-06,0.012966493593045959,0.22910975306122391,11.03503343794081,-1.7647676815589268,-1.7649840811888378,-1.7526325086752574,0.00021640987445910773,6.579435705589276e-06,0.010236896729717651,0.16069948518027863,14.227780858675638
343,-1.8629951762656372,-1.8703347212005477,-1.8560089967041105,0.0073395392822998545,1.0,5.3878241959426775e-06,0.012454538261172947,0.23640090282316562,12.168745323463723,-1.8680081268151603,-1.8683000405629475,-1.855453799168269,0.00029188417829573154,5.163527968458463e-06,0.014168149325996637,0.21630907524377108,13.658043781916302
344,-1.4551720486746893,-1.471073098756649,-1.4572312942257635,0.01590106374135724,1.0,1.3020100124305355e-05,0.02039347268227074,0.29372721634529253,14.099065427426938,-1.6174894670645397,-1.6177166253328323,-1.6083046992619832,0.00022715974288682142,1.9133771540206606e-05,0.02142440512155493,0.28052386206885177,14.368838866551718
345,-1.873901777797275,-1.8820604704044483,-1.8721060973626595,0.00815869902295095,1.0,1.4990668020160498e-05,0.015539943378556657,0.2550566958056556,11.005877918667263,-1.7588926553726196,-1.7590552965799968,-1.7470371772845585,0.0001626491236190001,8.426606844598913e-06,0.010328381205908954,0.18913561385124922,13.883299708366394
346,-1.9721670503969546,-1.9799733294381037,-1.9804045933264274,0.007806267865278103,1.0,6.61524107407011e-06,0.009983156100605373,0.18687579780817032,11.3373447170964,-1.857669328649839,-1.857826128602028,-1.844837412238121,0.00015679824476440748,4.782140839173128e-06,0.010466661032599708,0.16984393478681645,13.959885438283283
347,-0.4583511926509716,-0.4801936513847775,-0.4445902837647332,0.021842452938909882,1.0,7.453784541279742e-05,0.024815924396669423,0.289022844698694,16.48985548372622,-0.9654649744431177,-0.9658452421426773,-0.9571598197023073,0.00038026622496545315,0.0002669207909396694,0.04830468740935127,0.3872109080354373,17.69727567831675
348,-1.0892660441222015,-1.1417207894501862,-1.1508572808018438,0.052454741602694546,1.0,0.00028503808048467534,0.039571534428331584,0.3776211308108436,14.545018867210105,-1.2223680168390274,-1.2228383123874664,-1.2151581073800723,0.00047029275447130203,0.00023149185411360426,0.02808068785816431,0.2870567925274372,15.582966168721518
349,-1.4136271388442427,-1.4369083201443706,-1.425663674319232,0.023281186681102822,1.0,0.0001620013782586385,0.019776874911729938,0.24491343895594278,12.08959992726644,-1.3743651683131854,-1.3747908646861713,-1.3634024808804195,0.00042570459966858226,0.00011295243408919002,0.013698651028486589,0.19210587441921234,14.520798206329346
350,-1.53507266441981,-1.565634422832065,-1.5745397342575922,0.030561755652780884,1.0,8.301661229644971e-05,0.012458113849990897,0.19662721455097198,11.938381512959799,-1.4706415186325708,-1.4710443392395973,-1.4606350734829903,0.0004028183563301961,6.013567447856379e-05,0.011280616202081243,0.18880057986825705,14.331738114356995
351,-1.6932521219606753,-1.7108977856459442,-1.7227993276384141,0.017645669549151703,1.0,4.592298689574279e-05,0.010851907578331453,0.1941056074919524,11.092501181143302,-1.535891845822334,-1.5361976722876232,-1.519413376847903,0.00030582095496356487,3.2283185191772645e-05,0.009989147346156338,0.18026125306884447,14.154747247695923
352,-1.8123970252496224,-1.8267984831774677,-1.8163748582204182,0.014401458962648004,1.0,2.4398003343203863e-05,0.009897905781313224,0.19203015002939436,11.101403836850766,-1.6516363099217417,-1.6519089043140411,-1.6393362954258919,0.00027259687582651776,1.718140417021156e-05,0.009338441809328893,0.16922858357429504,13.682411114374798
353,-1.902275977311311,-1.9146459146782204,-1.9192479186587863,0.012369942816871184,1.0,1.314776773142512e-05,0.009626715150834233,0.19010594266432304,10.813820627000597,-1.7529893070459364,-1.75325874487559,-1.7406548336148262,0.00026943348348140717,9.472000783716794e-06,0.009652139502577484,0.16940023160229126,13.763746142387388
354,-2.019057865496035,-2.028113095848649,-2.0172779074421636,0.009055253187263454,1.0,7.223151122296393e-06,0.009363838868146693,0.18231744015658344,10.75621046843352,-1.81573827068011,-1.8159939895073574,-1.8002267628908157,0.0002557130840917428,5.230655157599055e-06,0.009535382618196309,0.17065413016825914,14.173381447792053
355,-1.7651779651641846,-1.7775961690478854,-1.7664737745567605,0.012418205815332907,1.0,6.813197294966947e-06,0.011906804206470648,0.21478932157710748,11.170307159423828,-1.6817008008559546,-1.681935727596283,-1.6693808138370514,0.00023492099717259407,1.0632745291635123e-05,0.014583667973056436,0.21792419937749705,14.032981554667154
356,-1.9185151877226654,-1.9274245721322518,-1.9218806602336742,0.00890938096024372,1.0,1.0770292647066526e-05,0.012854203340355997,0.23890066809124416,10.745526137175384,-1.8210866078734398,-1.8212946901718776,-1.8065887838602066,0.0002080902922898531,8.165096232914948e-06,0.009593682790485522,0.15896681944529215,13.295061945915222
357,-1.983509695088422,-1.9898277212072302,-1.984310922799287,0.0063180287403089026,1.0,6.6069831990279014e-06,0.008940903469920158,0.18135595873550134,10.52793135466399,-1.4660017043352127,-1.466205467780431,-1.4499225119749706,0.00020377493153015772,5.190182719161385e-06,0.008777354223032793,0.15055415034294128,13.73490512371063
358,-1.8787482138033267,-1.886259917859678,-1.8947208810735632,0.007511713024642732,1.0,7.474950709567767e-06,0.010824136642946137,0.1911178253315113,10.645853519439697,-1.7981580992539723,-1.7983475277821224,-1.7842310865720112,0.0001894176627198855,8.214043267192514e-06,0.010972014085079232,0.17597188583264747,13.161484956741333
359,-2.008892218271891,-2.0183296865887113,-2.0075488973546913,0.0094374670750565,1.0,6.994730045806608e-06,0.011458608735766675,0.22350280428374256,11.211227028458207,-1.8866386165221531,-1.8868174701929092,-1.8763319253921509,0.0001788587930301825,5.043998347294594e-06,0.009330018539912999,0.1519113900139928,13.572658936182657
360,-0.20987031526035732,-0.23227346495345788,-0.2275195806114762,0.022403136516610783,1.0,0.00011180941668566515,0.025552307876447838,0.2830052003264427,16.915694660610622,-0.9481494675079981,-0.9484773948788643,-0.9389812052249908,0.0003279335020730893,0.0003941387682668089,0.055402213552345835,0.4027826674282551,18.71440609296163
361,-0.9448641406165229,-0.9839677887934225,-0.977312046068686,0.03910365479963797,1.0,0.00043903106146630036,0.052053349299563303,0.4303397911566275,16.866213975129305,-1.1146506145596504,-1.1151692966620128,-1.1078922276695569,0.0005186812486499548,0.0003449489025418491,0.03607110772281885,0.3387201515336831,16.011640826861065
362,-1.2919984901392902,-1.3128032242810284,-1.305483270574499,0.02080472565635487,1.0,0.0002750355138063983,0.025361161679029465,0.3111779397284543,12.613890577245641,-1.3419850890835126,-1.3425735508402188,-1.3327815656860669,0.0005884626880288124,0.00016959768133043932,0.016098107870978613,0.217868957358102,14.12177081902822
363,-1.5423803373619362,-1.5550328846330996,-1.545600555561207,0.01265255265213825,1.0,0.0001295456095249392,0.013088490469036278,0.21457702887279015,11.107851734867802,-1.4277615745862322,-1.4282044147451718,-1.4157622655232747,0.00044282750847438973,8.571507987653604e-05,0.009746703552082181,0.1652760844056805,13.480654080708822
364,-1.6138244911476418,-1.6256487104627821,-1.6243662260196827,0.011824233457446098,1.0,7.334041246967563e-05,0.009878115297329647,0.18506411463022232,11.186371926908139,-1.5152247548103333,-1.5154881527026494,-1.5041451702515285,0.000263400220622619,5.34674203057269e-05,0.00958532797327886,0.16837978145728508,13.302039146423338
365,-1.6024983221734013,-1.6161209656684488,-1.6123743109680988,0.013622649841838412,1.0,5.049589149334847e-05,0.011465835005596833,0.21653584832394565,12.506934042330142,-1.5932553410530088,-1.593479409813881,-1.583326871196429,0.00022407528012990952,3.4934844507006346e-05,0.011399278844085833,0.19974281949301562,14.020551482836407
366,-1.7525359083105017,-1.7631268015614263,-1.761168815471508,0.01059089035347656,1.0,2.9358001147220085e-05,0.011537767705266122,0.21311774408375775,11.50921920493797,-1.6918241977691653,-1.6920047054688137,-1.6833395510911942,0.00018051165776948133,1.9541013822769553e-05,0.010183897024641434,0.20083132976045212,13.48125465710958
367,-1.8643771895655878,-1.8745271938818473,-1.867074343893263,0.010150012525695341,1.0,1.6327154905108426e-05,0.010706202299506576,0.22235021050329562,11.242459155895093,-1.7746448218822477,-1.774807170033455,-1.76062215367953,0.00016234791837632656,1.0847695345243361e-05,0.009466950917461267,0.18025391455739737,13.225932399431866
368,-1.979439616203308,-1.9858558531160708,-1.9862244261635675,0.0064162470538307115,1.0,9.261217285341075e-06,0.00983976664159585,0.1940941071068799,10.568521905828405,-1.8009983400503797,-1.8011478434006374,-1.7896877229213715,0.0001495064546664556,6.459709728308856e-06,0.008671157935168594,0.15544032352045178,13.402716557184856
369,-1.8806194618896201,-1.8904582968464605,-1.8937634340039007,0.009838815226599022,1.0,5.828097107075371e-06,0.00997545480452202,0.20207248766113212,10.662630134158665,-1.6465463067094483,-1.646682766576608,-1.628439910709858,0.00013646196263531843,5.58545487668501e-06,0.010456026958612105,0.1861865045502782,12.734366099039715
370,-1.6776782406700983,-1.6852006779776678,-1.6694855954911973,0.0075224217855268056,1.0,9.512138452312987e-06,0.01249249434719483,0.2137952193065926,12.482765250735813,-1.5849602669477463,-1.5851214329401653,-1.577920362353325,0.00016115978360176086,1.064091854156383e-05,0.014379022914605835,0.21899304849406084,14.540789564450582
371,-1.9029909769694011,-1.9098287379300152,-1.917079351566456,0.0068377646859045385,1.0,1.1182982234458905e-05,0.014062530913010792,0.23570801897181404,10.389496838604963,-1.842575490474701,-1.8427172352870305,-1.8317365248998005,0.00014174364817639193,8.864840197020385e-06,0.011856911005452275,0.19109886201719442,13.488481084505718
372,-2.039546012878418,-2.0450397067599826,-2.0526518247745655,0.005493707196028145,1.0,7.3309178568942355e-06,0.009898095909092162,0.18336429805667312,10.2423510728059,-1.8698141872882843,-1.8699500610431035,-1.8544807483752568,0.00013587134890258312,5.046313390266732e-06,0.009242347674444318,0.16572795373698077,13.603887001673382
373,-1.6720061390488237,-1.6790216852117468,-1.6722107993231878,0.0070155445072386,1.0,6.902177557532451e-06,0.010575314535310975,0.1914977541676274,10.783149118776675,-1.491167033712069,-1.4912948136528332,-1.4819653754432995,0.00012778483020762602,1.2357163692892451e-05,0.013786576455458999,0.1923141252870361,13.20860238869985
374,-1.833532898514359,-1.8385628241079826,-1.8331722462618794,0.005029930974598284,1.0,1.8719419872299853e-05,0.0135290102550277,0.2137598356714955,10.204552208935773,-1.7352953602870307,-1.7354267686605453,-1.7226176634430885,0.00013140736458202204,1.572566710213626e-05,0.01099786344760408,0.1650175660227736,13.062573075294495
375,-1.9140175603054188,-1.9228813626148082,-1.9208466167803164,0.008863795065769443,1.0,1.2960622977213157e-05,0.010549330876933204,0.17917233319194228,11.162923283047146,-1.827283208568891,-1.8274167627096176,-1.8158945838610332,0.0001335362127671639,8.967997397727837e-06,0.009259439403346429,0.1647797372813026,13.447753469149271
376,-2.0153473836404308,-2.021786658852189,-2.01099666401192,0.006439272383296931,1.0,7.136682075657451e-06,0.009630313901989549,0.18735311815032252,11.38970117215757,-1.9083837916453679,-1.908508062362671,-1.8957811743021011,0.00012427095013360182,5.130798513164336e-06,0.009856114280410111,0.18728721948961416,13.406058152516682
377,-0.564390628081229,-0.5710620997404611,-0.5812247172687892,0.00667144689295027,1.0,2.6125456214584927e-05,0.015499783541869235,0.24056348039044273,13.409452508997035,-0.8425451119740804,-0.8427127773563067,-0.8313114196062088,0.00016766972839832306,0.00012331700963841286,0.03508337315482398,0.3067633503427108,20.040470361709595
378,-1.0406433277659946,-1.0675084480532893,-1.060761985955415,0.02686512242588732,1.0,0.00027384132004549936,0.04071592304993559,0.36573997415878157,16.856671227349175,-1.1684214919805527,-1.1686489433050156,-1.1610149915019672,0.00022744635740915933,0.00027062500460791245,0.03385240623417,0.32107278145849705,15.21887481212616
379,-1.3229089732523318,-1.3388145102394953,-1.3330014988228127,0.015905533951741678,1.0,0.00022561923833563924,0.025723674300092238,0.2986923610722577,11.919854870548955,-1.3656082699696224,-1.3658408373594284,-1.3561860198775928,0.00023257437472542128,0.00013599064307830608,0.01596780909070124,0.2092163097113371,13.737181941668192
380,-1.5467359489864774,-1.5592268661216453,-1.5470032206288091,0.012490915203535999,1.0,0.00011014014765991035,0.013201969261798594,0.18680483240772178,11.05872525109185,-1.4167521993319194,-1.4169498259822528,-1.409689652423064,0.00019763029801348844,7.173656680000325e-05,0.00980547082144767,0.14542308822274208,13.506165623664854
381,-1.6930027670330472,-1.699630132427922,-1.7065309153662787,0.00662736711954629,1.0,6.37937893636128e-05,0.009573574954022964,0.15588113168875375,10.118469114656802,-1.4837239210804305,-1.4839497581124306,-1.4714596718549728,0.00022583594545722008,4.407084891984899e-05,0.008461751199016968,0.13566558435559273,13.433061162630716
382,-1.7886157698101468,-1.7951320983745434,-1.7983355875368472,0.006516334221318916,1.0,3.7948143370966944e-05,0.008617937478616281,0.15745782024330562,10.119622530760589,-1.5840633660554888,-1.5842656443516414,-1.567997378607591,0.00020228481541077295,2.6491431905621237e-05,0.007644070642224203,0.12230695085600019,12.959337830543518
383,-1.6324757160963836,-1.6390680692814015,-1.6286966270870633,0.0065923504255436085,1.0,2.371223611892977e-05,0.008794267506649097,0.1565410687967583,11.660025349369755,-1.5822920526067417,-1.5824337502320607,-1.570679393907388,0.00014170298042396703,2.182632564048011e-05,0.013373538696517548,0.19868371387322745,15.160760243733725
384,-1.8256018073470504,-1.830637534459432,-1.8160561632227015,0.005035732424369565,1.0,2.0545006885152327e-05,0.014439572476678424,0.24045433821501555,11.435892899831137,-1.7999692211548486,-1.800101061662038,-1.7892472396294277,0.0001318458622942368,1.346300189197791e-05,0.012115367921069264,0.18150589242577553,13.176632165908813
385,-2.024617804421319,-2.0303506674589933,-2.0219058284053095,0.005732860692121365,1.0,9.795008180743833e-06,0.009867563309078967,0.1824354975035897,10.237490759955513,-1.75787016749382,-1.757984255750974,-1.752168171107769,0.00011409842409193516,5.9529833341305976e-06,0.007440582383424044,0.12659562891349196,12.739843527475992
386,-1.975408152297691,-1.9820510038623103,-1.97590826175831,0.006642870260057626,1.0,5.785615502207764e-06,0.008812049507266946,0.1549471710567121,10.904659765738028,-1.8923749923706055,-1.8924831201632817,-1.884133517742157,0.0001081319060176611,5.522775685070276e-06,0.010447281451585392,0.2085044737905264,13.939982414245605
387,-1.8668018226270322,-1.8719286300517894,-1.8707950512568157,0.005126797145715466,1.0,5.797931845774184e-06,0.010373312600508885,0.21959431027924572,10.034586853451199,-1.6426802376906078,-1.6427831550439198,-1.632850597302119,0.00010291820702453454,8.268937676803034e-06,0.011412364585946003,0.20029268444826206,12.753669460614521
388,-1.9930154614978366,-2.001203108716894,-2.0170592113777444,0.008187633352699104,1.0,1.0176426847600076e-05,0.010890953880907208,0.2007554692250711,9.75897905561659,-1.8535406788190205,-1.853648066520691,-1.843717557688554,0.0001074072594443957,8.200374736588856e-06,0.009438827478637299,0.1685642193381985,13.151059428850811
389,-2.1206306925526373,-2.125527920546355,-2.121541866549739,0.004897215507096714,1.0,6.682138232631756e-06,0.008181940712448623,0.1611011162124298,9.452343764128509,-1.8675124744574227,-1.8676310628652573,-1.8581548978885014,0.00011857924982905388,4.841823473119196e-06,0.00736402248730883,0.1302563937691351,12.743508378664652
390,-1.5799537069267697,-1.5861874040630128,-1.5839048988289304,0.006233706035547786,1.0,1.0861753219581226e-05,0.011345005318246506,0.19917904088894525,10.58356761932373,-1.6673582941293714,-1.6674634963274002,-1.656871606906255,0.00010520646659036477,1.9042826655398432e-05,0.01374383484168599,0.19897165925552449,13.05685269832611
391,-1.7816807583526328,-1.789933204650879,-1.7776679484932512,0.008252444159653451,1.0,2.04461448447546e-05,0.013445043936371803,0.22217031292341374,11.556818679527,-1.8038406471411386,-1.8039508163928986,-1.7946200966835022,0.00011015924004216988,1.5979794322144396e-05,0.011564908471579352,0.19241252758850655,12.909213304519653
392,-2.040108331927547,-2.0438649698540017,-2.0437428730505482,0.003756614263962816,1.0,1.221819302035901e-05,0.009533387833033447,0.18268609516046666,9.673934424365008,-1.8677585969368615,-1.8678556730349858,-1.8598203659057617,9.708137561877568e-05,7.534275008917272e-06,0.007599977097318818,0.14065174479037523,12.473485827445984
393,-2.0047279287267616,-2.0109256505966187,-2.001800214802777,0.0061977459462704484,1.0,6.493941479372249e-06,0.00841750927200472,0.15982315178822587,10.704981327056885,-1.6831639210383098,-1.6832486689090729,-1.6752272794644039,8.476137494047482e-05,5.083470606829603e-06,0.009139560240631303,0.17335102055221796,13.47990568478902
394,-1.712912537433483,-1.7181845373577542,-1.71059505365513,0.005272007443838649,1.0,8.467278382374422e-06,0.010888906471707203,0.1990935708637591,10.260709232754177,-1.8199922988812127,-1.820092260837555,-1.809206947684288,9.996769949793816e-05,1.3547835123972618e-05,0.012566253736925622,0.20018661674112082,12.237547318140663
395,-1.7694626196667,-1.7758628185148593,-1.7776934449319486,0.00640019346718435,1.0,1.4592691715936073e-05,0.012627458786246952,0.20474147769036116,11.451563941107857,-1.7563599050045013,-1.7564387222131093,-1.749871015548706,7.881550118327141e-05,1.2893400253233267e-05,0.013057103341755768,0.20114185909430185,13.28678278128306
396,-2.0341420703464084,-2.038641417468036,-2.0376795486167625,0.0044993337381769105,1.0,1.0533278580421918e-05,0.011320358004283023,0.19681029159713676,9.966218047671848,-1.9096953123807905,-1.909778078397115,-1.9003878980875015,8.277183709045251e-05,6.526465445707193e-06,0.00859518126041318,0.1496355403214693,12.640346050262453
397,0.4813266330295139,0.47600918345981175,0.3845196388385914,0.005317493928251443,1.0,5.235271180060442e-06,0.008147386023429808,0.15021697404208006,10.166909023567483,-0.2513117853086442,-0.2513983434376617,-0.2472021805588156,8.655572310090065e-05,1.1041218802650595e-05,0.01189887752601256,0.18348889984190464,14.116118113199871
398,0.22283458764906283,0.20008209844430289,0.18063431771265137,0.022752495482563972,1.0,0.0007668419735906624,0.07659928331634512,0.4429692029953003,35.61439641316732,-0.2743002648154894,-0.27513813475767773,-0.26636696979403496,0.0008378706406801939,0.0014794291491853073,0.13036325729141632,0.5839094544450442,33.29579480489095
399,-0.3410026651841623,-0.38419833558577077,-0.36139059839425264,0.04319567198830622,1.0,0.0016415072734364206,0.12316037962834041,0.6522831718126932,29.462606218126083,-0.5380475918451945,-0.538737315684557,-0.5319715303679308,0.0006897246930748224,0.0010755258190329187,0.102046980522573,0.5899561022718748,23.284263292948406
400,-0.6445321528999893,-0.6887590829972867,-0.6881279790842975,0.04422692837262595,1.0,0.0007917859119414869,0.07372021757894093,0.5179971566906681,20.54517615282977,-0.8526351675391197,-0.8533258164922396,-0.8469380512833595,0.0006906501948833466,0.00038938458601478487,0.04782010925312837,0.3646629676222801,20.29408884048462
401,-0.9678813219070435,-0.994255356490612,-0.9963160747731173,0.026374042448070314,1.0,0.00027768575441937344,0.03259940086691468,0.31057285324290945,17.52534046879521,-1.0656137689948082,-1.0661553119619687,-1.0554286614060402,0.0005415446745852629,0.00013695710094907554,0.02377134468406439,0.22049052702883878,18.140618681907654
402,-1.179920714210581,-1.2030998358020075,-1.2042570025832564,0.02317912600658558,1.0,0.00012740455228292072,0.020871616865473765,0.2203202156556977,15.001259415237993,-1.2216117680072784,-1.2219307869672775,-1.2139634788036346,0.0003190173301845789,7.819669872333179e-05,0.01768848307741185,0.1908554940794905,16.044252117474873
403,-1.3795807096693251,-1.3927426956318043,-1.3983532013716522,0.01316198761816378,1.0,7.714394855106043e-05,0.015044593907616756,0.19139315905394377,12.606934441460503,-1.26009917507569,-1.2603933836023014,-1.2492833584547043,0.0002942015416920185,5.019367927161511e-05,0.012925396983822187,0.15190086886286736,15.635494907697042
404,-1.4981199458793357,-1.5103069367232147,-1.5044180198952004,0.01218697380412508,1.0,5.0967757825101556e-05,0.012315725286801657,0.16098593065032252,11.9348357518514,-1.3629481221238773,-1.3632343138257663,-1.3519469151894252,0.00028618766615788144,3.431736687768231e-05,0.010633474487500886,0.13148160092532635,14.591257651646933
405,-1.5560950305726793,-1.571561296780904,-1.5646749999788072,0.01546626344875053,1.0,3.873694482468569e-05,0.010918751462466188,0.13979937853636565,11.663600038599085,-1.4271498521169028,-1.427438738445441,-1.4206129511197407,0.00028889540893336135,2.8193552301066422e-05,0.010418991247812906,0.13203872026254734,14.403615951538086
406,-1.5918544817853857,-1.6095126536157396,-1.6021155891595062,0.01765817093352477,1.0,2.952066050191341e-05,0.011492438924809298,0.14793473564916187,11.906168231257686,-1.556330973903338,-1.556536855796973,-1.5470630849401157,0.00020589826939006647,1.9467161564534763e-05,0.010863524240752062,0.1457751557851831,13.70236349105835
407,-1.705659861917849,-1.7182879756998133,-1.7316851748360529,0.012628107366186601,1.0,2.029305003951002e-05,0.010350053543569866,0.14635983716558526,10.786107063293457,-1.4483687207102776,-1.448595754802227,-1.4384123980998993,0.00022703129798173904,1.5297201495438156e-05,0.009513924441610774,0.12407995201647282,13.7246310710907
408,-1.6628137186721519,-1.6806945138507419,-1.6827912661764357,0.017880793729865993,1.0,1.700158035991653e-05,0.010466029660569297,0.1332769614678842,12.0007403338397,-1.6494680146376293,-1.649683674176534,-1.6430067345499992,0.00021565224354465803,1.2774828083668885e-05,0.011924570115904013,0.1750596941759189,14.373918771743774
409,-1.788391978652389,-1.8009657329983182,-1.7997887090400413,0.012573760278798916,1.0,1.3676360073010006e-05,0.011237319800312872,0.19756835450728735,10.964600421764233,-1.680728865166505,-1.6809302642941475,-1.6726314549644787,0.00020139260838429132,1.0075157585257935e-05,0.009640151440786818,0.13989544194191694,13.49246068795522
410,-1.8600784540176392,-1.8713049756156073,-1.8675121157257646,0.011226531945996814,1.0,9.397181437870367e-06,0.009666836786049383,0.15621102628884492,10.902334124953658,-1.706543492774169,-1.7067246635754902,-1.6955156028270721,0.00018116304030021033,6.927366352253254e-06,0.009032071432253966,0.1308853467926383,13.723638931910196
411,-1.7611594155982688,-1.7704645235229421,-1.7645855810907152,0.009305107027844147,1.0,8.362204947910936e-06,0.010956120435838346,0.16548844895980977,11.805196267587167,-1.7858162373304367,-1.7859896073738735,-1.7772804548343022,0.0001733608078211546,9.780030325146072e-06,0.013661100761964917,0.17351051978766918,13.713716626167297
412,-1.7426733131761905,-1.7555346444801048,-1.748665690422058,0.012861323715360076,1.0,8.792266237799561e-06,0.015410957064617562,0.2111984701068313,12.82329273223877,-1.6758260081211724,-1.6760051250457764,-1.6666898876428604,0.00017911513956884542,5.401677981353714e-06,0.01477685411615918,0.20552682969719172,13.837635755538939
413,-1.8468989177986428,-1.854251503944397,-1.8402363591723971,0.007352599874138832,1.0,6.783670195781505e-06,0.013531595572001405,0.20192815556570334,10.724924069863778,-1.8350405097007754,-1.835226019223531,-1.8291576008001964,0.00018550967797636986,6.722799525959999e-06,0.011293790380780896,0.15459563893576464,12.964530587196348
414,-1.9364211294386122,-1.9473900662528143,-1.9472657707002428,0.010968921361146149,1.0,6.223616343992978e-06,0.01056218909582606,0.1648388171085605,11.065405174537942,-1.9066842546065645,-1.9068260888258617,-1.894157513976097,0.0001418424459795157,4.96250909994463e-06,0.00965746488266935,0.14279374138762554,12.629896481831869
415,-1.6400109065903559,-1.6477446901025596,-1.6109941888738561,0.007733780476782057,1.0,1.2106124729514164e-05,0.012789953569019283,0.17526102673124383,11.67804209391276,-1.6946521600087483,-1.6948549797137578,-1.6844021777311962,0.0002028041829665502,1.958415437760171e-05,0.016222692909650505,0.21623595741887888,12.907660802205404
416,-1.8705186932175248,-1.8745406512860898,-1.863424256995872,0.004021959586275948,1.0,1.9691194682780878e-05,0.013181269099866902,0.18192135956552294,9.896681326406974,-1.7904368564486504,-1.7905713617801666,-1.779560498893261,0.0001345253549516201,9.39859684952656e-06,0.00860278052277863,0.13167364212373892,12.460331678390505
417,-1.9735154973136053,-1.9804316891564264,-1.978484312693278,0.0069162192306032886,1.0,8.0040799561916e-06,0.008048552140179608,0.13631740557374777,10.558667147601092,-1.2072392292320728,-1.2073630926509697,-1.1913993259270985,0.00012386217713356018,5.206183762614576e-06,0.007859943706231812,0.11934860857824485,12.926376422246296
418,-1.7901235885090299,-1.7970929741859436,-1.798443118731181,0.006969386435769222,1.0,8.77388861732066e-06,0.01162081244574101,0.1749067728718122,11.2363639054475,-1.81859157482783,-1.8186990122000377,-1.8111851811408997,0.00010743488868077596,8.936283317477015e-06,0.012666540841261545,0.1962338841209809,13.074398318926493
419,-2.056901313640453,-2.0620358475932368,-2.0618601154398033,0.005134542645127685,1.0,6.827904935899251e-06,0.010196937023903485,0.16657887206033425,9.97729386223687,-1.8882626642783482,-1.888368954261144,-1.8808872054020565,0.00010628229938447475,3.976463347044046e-06,0.007998263696208596,0.13326205561558405,12.729223211606344
420,-0.5645853755650697,-0.5829556783040365,-0.6011868615945181,0.018370308050954784,1.0,9.69049545144824e-05,0.02208900187785427,0.2402967247698042,16.145571885285555,-1.1506678536534307,-1.1510685210426648,-1.142412615319093,0.0004006797292580207,0.0001925529528913709,0.03594691554705302,0.3138740174472332,15.16383163134257
421,-1.284022918453923,-1.3033451548329107,-1.3064211474524603,0.019322233274579048,1.0,0.00019464539029825204,0.02972172042010007,0.31315995035348115,12.150045924716526,-1.34476442138354,-1.3450744499762852,-1.33408476660649,0.0003100318523744742,0.0001258809552382445,0.022212031530216336,0.23808753800888857,13.922505338986713
422,-1.5498171117570665,-1.5597846110661824,-1.563158423812301,0.009967513106487415,1.0,0.00010650144449081617,0.01638753205123875,0.21756567254110618,10.365564787829364,-1.494422122836113,-1.494676113128662,-1.482113207379977,0.0002539877314120531,6.096237045009426e-05,0.012278800636219481,0.16447505913674831,13.093161543210348
423,-1.7199822399351332,-1.7281957688154999,-1.7226433709815696,0.008213535503104882,1.0,5.585333659568008e-05,0.010029110867806055,0.15502127204780225,10.003851925885236,-1.5376981546481452,-1.5379010861118634,-1.5272709305087726,0.00020291974457601705,3.598164926188474e-05,0.00853555139231806,0.13139228771130243,12.695133090019226
424,-1.7991840751082808,-1.8085485343579892,-1.795237452895553,0.009364446349166057,1.0,3.5340239466879415e-05,0.008258450224443718,0.13749907648673765,10.075860323729339,-1.607730932533741,-1.6078865975141525,-1.5952185988426208,0.0001556667654464642,2.329811794273458e-05,0.00792812849006926,0.12559451752652726,12.825535933176676
425,-1.8744098477893405,-1.8808904091517131,-1.8784639437993367,0.006480565225636518,1.0,2.2112381312008774e-05,0.007888155230493457,0.1359437949679516,10.07382728435375,-1.6590583622455595,-1.6591907540957134,-1.6488083228468895,0.0001323826921482881,1.5129245866774e-05,0.007855576754081994,0.14007482739786306,13.16098093986511
426,-1.9117591469376176,-1.9219111733966403,-1.9179102447297838,0.010152016179981056,1.0,1.4266927690995442e-05,0.008135535461069257,0.13703784788096393,10.351267532066062,-1.759482425947984,-1.759586478273074,-1.7489315221707027,0.00010404759086668491,9.077775189325621e-06,0.008238093267815808,0.14426845715691647,12.880578319231669
427,-2.038257634198224,-2.042549305491977,-2.032666497760349,0.004291684539229782,1.0,9.252675075307101e-06,0.008188450795218901,0.14674149895155872,9.730144747981319,-1.83998042345047,-1.840096116065979,-1.8311232775449753,0.00011569905715684096,6.268925024717949e-06,0.007856350915972143,0.13593131924668947,12.679869373639425
428,-2.025484660157451,-2.0323646819150007,-2.017379679061748,0.0068800390042640545,1.0,6.003681189920624e-06,0.008398610046478334,0.14682674187201042,10.669168719538936,-1.732529948155085,-1.7326393971840541,-1.721375087896983,0.00010945104683438937,4.669025770454027e-06,0.008740937220863998,0.15791185852140188,12.46404484907786
429,-1.9920615796689634,-1.997066440405669,-1.9958695305718317,0.005004854734849047,1.0,5.473136331635976e-06,0.008770867595794025,0.15375656413811226,9.735313521491157,-1.5482322126626968,-1.5483319858709972,-1.5342017635703087,9.977018150190513e-05,4.556498330051302e-06,0.008635852582907924,0.15428731217980385,12.295621395111084
430,-1.9267493221494887,-1.9320727233533506,-1.947193326773467,0.005323386371687606,1.0,7.108235355122748e-06,0.009574040184142414,0.17500502478193353,9.632473874975133,-1.820266659061114,-1.820355807741483,-1.8055329819520314,8.915605333944161e-05,5.4598795789691694e-06,0.009337826981209219,0.14908564276993275,12.485201835632324
431,-2.074794133504232,-2.0788409091808178,-2.0742740322042397,0.004046768157018555,1.0,6.426906380780835e-06,0.008779495350878548,0.15844657272100449,9.438415280094853,-1.9113100270430248,-1.911404127875964,-1.9031997670729954,9.408779442310333e-05,4.390937381989109e-06,0.0073781872051768005,0.13057042208189765,12.154219031333923
432,-1.9122944076855977,-1.9165321301530909,-1.9124475408483435,0.0042377375066280365,1.0,5.036288745975105e-06,0.007712580987976657,0.1361218884035393,9.784821210084138,-1.1612089201807974,-1.161286249756813,-1.1420652717351913,7.731894341607888e-05,5.177793108638677e-06,0.009398227169488868,0.14728218348075947,11.804330825805666
433,-1.7304775030524642,-1.7332481190010354,-1.7250157638832375,0.0027706199498088273,1.0,1.3258618225706784e-05,0.011595970433619287,0.17670604945332916,9.849536524878609,-1.7803497662146885,-1.7804191708564758,-1.7665303995211918,6.939276742438476e-05,1.4203299618505602e-05,0.01157370062234501,0.17188175674527884,12.586304267247518
434,-1.9834529867878667,-1.987462321917216,-1.9941847412674516,0.004009325126255,1.0,1.3613014103881411e-05,0.00951352872437349,0.15868598498679973,9.535246425204807,-1.8160923918088279,-1.8161633809407551,-1.8046596919496853,7.095754457016785e-05,8.906718903745059e-06,0.007582256551055859,0.12009801156818867,12.354892452557882
435,-2.1060627036624484,-2.1098732595090515,-2.102166277390939,0.003810566539565722,1.0,8.010408237169031e-06,0.007305650782116034,0.13065442387704496,9.437926239437527,-1.891027793288231,-1.8910954892635345,-1.88515006005764,6.769085302948952e-05,5.240618615213559e-06,0.007175102888140827,0.12300269197051723,12.652575731277466
436,-1.2936379920553278,-1.2973264417162649,-1.2896903896773304,0.003688451109660996,1.0,5.268589070005368e-06,0.007339547112308166,0.12927356638290263,9.678976341530129,1.351594274242719,1.3515341505408287,1.366468258202076,6.0116639360785484e-05,1.1042163729750124e-05,0.011290046037174761,0.16438021790236235,13.22003432114919
437,-1.0646515367207703,-1.0764864087104797,-1.0684546839307856,0.011834880268132245,1.0,9.613746429008811e-05,0.025909778972466786,0.2762725402911504,16.36615484732169,-1.2324057469765346,-1.2325192367037137,-1.2222327043612797,0.00011349290919800599,0.00014560175137982392,0.031233268634726603,0.3127864636480808,15.503485441207886
438,-1.4289606677161322,-1.4400994027102436,-1.4449838973857738,0.011138742651652407,1.0,0.00013531920019347495,0.02374965083543901,0.277921086108243,11.002992347434715,-1.492166091998418,-1.492259368300438,-1.4815568253397942,9.328064819176991e-05,8.81882927690943e-05,0.015762939544705052,0.18633698485791683,12.626078406969706
439,-1.6559557429066412,-1.663225774411802,-1.671962857246399,0.007270043508874046,1.0,7.683704380825575e-05,0.012408584563268555,0.16755070399355004,9.920498741997612,-1.5795696179072058,-1.579645072420438,-1.567801242073377,7.545195209483306e-05,4.720856395579176e-05,0.009336460187720755,0.12993019198377928,12.412939786911009
440,-1.677816453907225,-1.6874573247300253,-1.690706272368078,0.009640860198824494,1.0,4.310535001018757e-05,0.009096805937588215,0.12792626713161115,11.098653210533989,-1.5968100900451345,-1.5968739315867424,-1.586029902100563,6.383696260551612e-05,2.9928138474133448e-05,0.008745555707719177,0.13622003700584173,13.408514539400738
441,-1.876021800217805,-1.8807236044495195,-1.8840030475899026,0.004701810164584054,1.0,3.0345906418881862e-05,0.009023781624381189,0.15211540902102436,9.552220203258374,-1.7024551729361217,-1.7025114397207897,-1.6934502025445302,5.627082039912542e-05,1.9157999569567135e-05,0.007835360030488422,0.13369115504125753,12.079124927520752
442,-1.9678657054901123,-1.9779870333494964,-1.9793384384225916,0.010121353246547558,1.0,1.7826261076455314e-05,0.007491346431413182,0.1339321600066291,9.267139717384621,-1.744320256014665,-1.7443965623776119,-1.7338625167806943,7.630597489575545e-05,1.2257303637852601e-05,0.006751262485825767,0.11261897875616948,12.300933599472044
443,-1.9957607675481726,-2.002080930603875,-1.9914301633834839,0.006320144912159002,1.0,1.1452243766311935e-05,0.007212691267745363,0.12407828646677511,9.97623348236084,-1.8676739881436029,-1.8677372088034947,-1.8547856211662292,6.322679109871387e-05,8.133258556123716e-06,0.0075497900252230465,0.12807827970633903,11.990209301312765
444,-2.1364118346461543,-2.139233703966494,-2.1416424336256803,0.0028218700102082004,1.0,7.615473855872147e-06,0.0075184774447094515,0.1450060385244864,8.9541883998447,-1.892335702975591,-1.892416055003802,-1.8842591444651287,8.034721637765567e-05,5.163938283203606e-06,0.00684547812367479,0.11939934454858303,11.897260586420694
445,-2.1274861185638994,-2.132412398302997,-2.134791237336618,0.004926270080937279,1.0,5.087317293617633e-06,0.0069058858099635,0.13001070116405133,9.134519029546667,-0.447775751662751,-0.4478581175208092,-0.4395529825706035,8.236500434577465e-05,3.8415457386993994e-06,0.006919818775107463,0.12308644286046426,11.90505067507426
446,-1.6912305459242176,-1.697073983028531,-1.694620097607926,0.005843438139116323,1.0,8.01390099998874e-06,0.009273828472942114,0.1477755382657051,10.362846533457438,-1.8597304075956342,-1.8597896993160248,-1.848918656508128,5.930429324507713e-05,1.1220649904923144e-05,0.011136653367429972,0.15363557388385138,12.17059616247813
447,-2.025948727572406,-2.0310647001972906,-2.0422175372088396,0.005115971107173849,1.0,1.0887366459900039e-05,0.010118274087155307,0.16044076435543872,9.324456020637795,-1.9280588924884794,-1.9281203746795654,-1.9148765057325363,6.147854340573151e-05,8.336525051314917e-06,0.007881148854115358,0.12737716299792132,11.96037491162618
448,-2.1499285477179066,-2.1534754700130887,-2.159993365958885,0.0035469075319943606,1.0,6.854575059589007e-06,0.007334148338823406,0.13419507278336418,9.163538367659957,-1.9846126983563106,-1.9846726804971695,-1.9712207814057667,5.996956800421079e-05,4.98692639894216e-06,0.0067957845943359034,0.11679521622136235,11.874719738960266
449,-1.7060646618957873,-1.7103209031952753,-1.7177400092283885,0.004256214532587264,1.0,4.981777271529643e-06,0.007427726803278482,0.13197763043421287,9.19004526844731,-0.044069698235640935,-0.04412753142726918,-0.037842627769956984,5.7833424458901085e-05,7.665048125697163e-06,0.009414743515662849,0.1405978367353479,11.099969327449799
450,-1.6884710788726807,-1.6919023151750918,-1.6856632221628118,0.0034312448567814296,1.0,2.3246552464789368e-05,0.012972086392067097,0.19077710779728713,9.824515731246382,-1.7378948231538138,-1.737946371237437,-1.7278498311837514,5.1557629679640136e-05,2.656072433637746e-05,0.012050738364147643,0.15289689600467682,12.003436565399168
451,-1.9277125641151711,-1.9318554842913593,-1.9268683989842732,0.0041429149331869905,1.0,2.40356567802438e-05,0.00987152186118894,0.15758568241640372,9.377103010813395,-1.8185923645893733,-1.8186359405517578,-1.8077032715082169,4.359218291938305e-05,1.609600955513694e-05,0.007320359698496759,0.11636260369171698,11.69505751132965
452,-1.9944441804179438,-1.999137662075184,-1.99120150230549,0.004693479725608119,1.0,1.3295143987677335e-05,0.007233263700510617,0.12185879851932879,9.886745082007515,-1.8455964028835294,-1.8456350415945053,-1.8399897416432698,3.863490807513396e-05,9.607063020666828e-06,0.007274280224616329,0.12639959963659445,12.084287484486898
453,-1.8745493690172832,-1.880881060052801,-1.8610704210069444,0.006331674271711597,1.0,8.205821039289865e-06,0.008105510311132227,0.1446026000711653,11.45200992513586,-1.8860500355561576,-1.8860908101002376,-1.8792253186305363,4.0758090714613594e-05,6.002093073220749e-06,0.008295561516812692,0.14876771376778683,12.76421304543813
454,-2.086991928241871,-2.091015347728023,-2.0825563315992004,0.004023413277334637,1.0,6.025430441998954e-06,0.011747205526464514,0.21202219829515176,10.322328797093144,-1.8706563860177994,-1.870725855231285,-1.8592161138852437,6.947658645610015e-05,4.306288152141254e-06,0.011197624883304039,0.1859730575233698,11.92881953716278
455,-1.5785739675716117,-1.5814187637081853,-1.5866232514381409,0.0028447878581506236,1.0,7.424950817275439e-06,0.010815924585417466,0.18912572386088194,9.464475931944671,-1.8630199482043583,-1.863097295165062,-1.8519800106684368,7.735076360404491e-05,1.496090692398866e-05,0.01240765287851294,0.18962810561060905,11.255053957303366
456,-1.9212846888436212,-1.9242444214997467,-1.9264364728221186,0.002959728861848513,1.0,1.9405235165053187e-05,0.011526121999378558,0.193372856411669,8.776429441240099,-1.85659525791804,-1.8566686461369197,-1.8462434361378353,7.339877386887868e-05,1.6815624424756e-05,0.008977053027289609,0.14254599747558436,11.459015329678854
457,-2.017442981402079,-2.0211529577219927,-2.017111255062951,0.003709976112952939,1.0,1.3529743227991275e-05,0.008266866690030805,0.12928119908880303,9.670334339141846,-1.8919983406861622,-1.8920580347379048,-1.8803180853525798,5.969366369148096e-05,9.734471139684805e-06,0.007009868820508321,0.12110633868724108,11.742326656977335
458,-2.143919494416979,-2.147997644212511,-2.1467374210004455,0.004078143517728205,1.0,7.831536516244307e-06,0.006878123394455071,0.12635603629880482,9.05241079683657,-1.9555427233378093,-1.9555968642234802,-1.9447265515724819,5.4145619894067444e-05,5.660869646817446e-06,0.006507464684545994,0.11387321849664052,11.628995418548586
459,-2.233577026261224,-2.2361535319575556,-2.239467497225161,0.0025765023159760015,1.0,4.952426513261378e-06,0.006641260210286688,0.12190747371426335,8.768470640535709,-1.787584220369657,-1.7876335779825847,-1.7697565605243046,4.9348377312223114e-05,3.7307855601890574e-06,0.006372357505218436,0.11312534908453624,11.867594043413797
460,-1.4269195839210793,-1.4299195287404236,-1.4253794517782,0.0029999406111461146,1.0,1.4672244779595295e-05,0.010078662264816187,0.16486292718737214,9.461263833222565,-1.6758291224638622,-1.6758789171775181,-1.663086473941803,4.979083314538002e-05,2.39830319515022e-05,0.012121978603924314,0.15684815278897682,12.278247833251953
461,-1.950200257477937,-1.9551191550713998,-1.9613192213906183,0.004918881105603995,1.0,2.1508800913310283e-05,0.009794497948691801,0.15790651821427876,8.896261515440765,-1.8504393647114437,-1.8504853496948879,-1.8377772619326909,4.599088182051977e-05,1.569561701823356e-05,0.0077324509038589895,0.11194559466093779,11.268484870592753
462,-2.1304130289289684,-2.1327250003814697,-2.128813876046075,0.0023119718664222294,1.0,1.2258956775002406e-05,0.006437827522555987,0.10894621770690989,8.445417492477983,-1.8692634056011834,-1.8693128178517024,-1.8601430257161458,4.939370167752107e-05,8.5282493955674e-06,0.0056402986908021075,0.09242859808728099,11.344090024630228
463,-2.182892194500676,-2.1869860578466347,-2.181799327885663,0.004093854653614538,1.0,7.087091523350898e-06,0.0058902838370866245,0.10651015021182873,8.919035787935611,-1.9489440272251766,-1.9490037312110264,-1.9342323541641235,5.9712755804260574e-05,5.214102619296075e-06,0.00575201529621457,0.09575944595659773,11.441193262736002
464,-2.184552925604361,-2.1872362516544483,-2.18374972431748,0.0026833207380992396,1.0,4.624707899994165e-06,0.00599836766788805,0.10870114727704613,8.688272988354719,-1.7614396760861077,-1.7614961316188176,-1.748350943128268,5.64413300404946e-05,4.010503933689809e-06,0.006339664163533598,0.10709384580453236,11.257253110408785
465,-1.8562230445720531,-1.8591448708816811,-1.8507025484685544,0.002921819134994789,1.0,7.319882502930274e-06,0.008301041727126748,0.14979908891298152,8.782001089166712,-1.8864905784527461,-1.8865407059590023,-1.8716098715861638,5.013123154640198e-05,9.412084750692884e-06,0.008566966241536042,0.1284532289331158,11.893641193707785
466,-2.157699567300302,-2.160674704445733,-2.139091482868901,0.002975161635765323,1.0,8.210514554068342e-06,0.007529272732359392,0.1266264714024685,8.838837464650473,-1.9642502268155415,-1.9643034140268962,-1.9489326179027557,5.3180226435263954e-05,5.907550322111395e-06,0.006095701382340242,0.09910632607837518,11.195340951283773
467,-2.2789035549870245,-2.280981187467222,-2.2894509898291693,0.002077629789710045,1.0,4.853175731248619e-06,0.005656715913641232,0.10427706633453016,8.07144832611084,-1.7112705757220588,-1.7113311737775803,-1.6960804139574368,6.060387628773848e-05,3.816552104278041e-06,0.005526343554568787,0.09549874812364578,11.381787856419882
468,-1.274415793242278,-1.2782433728377025,-1.28617192418487,0.0038275935307697014,1.0,1.6532752649962073e-05,0.010220872910900248,0.14859962352999934,9.363868625075728,-1.5657779375712075,-1.5658295899629593,-1.5529801646868389,5.165821251769861e-05,3.812578847828263e-05,0.014348812013243636,0.1686712143321832,12.00444241364797
469,-1.8406021065182157,-1.8438042402267456,-1.8320949607425265,0.0032021443325060384,1.0,3.851198824930988e-05,0.011621762187806544,0.1595792199174563,8.912286705440945,-1.743447780609131,-1.7434995298584302,-1.7271334131558735,5.1747619484861694e-05,2.7265851940683206e-05,0.008248558190340797,0.1120496637498339,11.520317872365316
470,-2.0372991032070584,-2.0401784623110735,-2.0403377612431846,0.002879367451424952,1.0,2.065736218894556e-05,0.006489741736678062,0.10426345978070188,8.338881651560465,-1.701658750573794,-1.701705887913704,-1.685545563697815,4.7125620767474174e-05,1.4063364915273269e-05,0.005395877698902041,0.08309704624116421,11.722764452298483
471,-2.1092590535128557,-2.1126303893548473,-2.1225374892905906,0.0033713273566078257,1.0,1.1529943279768944e-05,0.005654985240350167,0.09470311897220435,8.668837388356527,-1.8522523020704589,-1.8522967969377835,-1.8404699017604191,4.450503426293532e-05,8.231214906118112e-06,0.005768930132035166,0.09115687881906827,11.517013470331827
472,-2.1913464731640286,-2.1949309927445873,-2.2025608641129955,0.003584502747765294,1.0,6.98378446233821e-06,0.00607052500601168,0.11440818356694998,8.634570898833099,-2.0089527666568756,-2.009002317984899,-1.9951911220947902,4.955024148027102e-05,5.1357300587066374e-06,0.0060896278397801025,0.10444170562550426,11.025349140167236
473,-1.6784345386204895,-1.6817659835020702,-1.6852785370968006,0.0033314521252005187,1.0,5.6653093788891395e-06,0.006735348021956506,0.12724623773936872,9.109948882350215,-1.3417651504278185,-1.3417971755067508,-1.3273623088995616,3.202057754000028e-05,1.2696667643770828e-05,0.01054035204773148,0.15451962718119225,10.979928572972616
474,-1.781365606519911,-1.78562624807711,-1.7906081588179976,0.004260646938173859,1.0,2.6440321730829225e-05,0.01228807359519932,0.18225235326422584,9.326887166058576,-1.7842338979244232,-1.7842688361803691,-1.7725311269362767,3.494050664206346e-05,2.788613862018489e-05,0.010855768768427273,0.1410055827970306,11.067824085553488
475,-2.0128845462092646,-2.0156137148539224,-2.015593550823353,0.002729163263682966,1.0,2.174330708199974e-05,0.00822947308835056,0.13186387607344874,8.422024497279414,-1.8085591147343318,-1.808588946859042,-1.800744245449702,2.9819241414467495e-05,1.4141735543186465e-05,0.006137295044027269,0.09473853278905153,11.386457959810892
476,-2.0642469856474133,-2.0678512476108692,-2.0543815427356296,0.003604245889517996,1.0,1.2186867479613284e-05,0.006195577689343029,0.10600693165152161,9.286497857835558,-1.8134478032588959,-1.8134898742039998,-1.8053964947660763,4.207785241305828e-05,8.202579048581052e-06,0.005873240414075553,0.09975400722275178,11.931822816530863
477,-2.2097007080360695,-2.212117345244796,-2.199109850106416,0.0024166347941866626,1.0,7.198381101463585e-06,0.006377244057754676,0.11559256773304057,8.752808535540545,-2.018191640575727,-2.018231600522995,-2.0059914141893387,3.997042464713255e-05,5.086221335659502e-06,0.006140033578655372,0.10151427301267783,11.18928849697113
478,-0.8910985081284134,-0.8946648791984275,-0.8775518315809744,0.0035663786585684175,1.0,9.527647846509893e-06,0.007689724538337301,0.12604031463464102,10.731255796220568,-0.8520332624514899,-0.8520809685190519,-0.8428454821308454,4.7703428814808525e-05,5.400051910934659e-05,0.019429659005254507,0.1843358539044857,17.647705992062885
479,-1.0920273087642811,-1.0978620714611478,-1.0875399885354218,0.005834754625404322,1.0,0.00021575748218714984,0.032310225000536,0.2691159424958406,14.686691460786042,-1.2002837186058362,-1.2004218151172001,-1.191550982495149,0.00013808712052802244,0.00025431993102150347,0.031456377900515996,0.24113831669092178,14.638359983762106
480,-1.4019556840260823,-1.4065679797419794,-1.3961887271315963,0.0046123019937011935,1.0,0.00021428364642714668,0.022757497995539947,0.22429748817726416,10.568373009010598,-1.4545621921618779,-1.4546756620208423,-1.443575069308281,0.00011346892764170964,0.0001373540314186054,0.014647214867485067,0.15118490252643824,11.962521751721699
481,-1.5652252030041482,-1.571337389173331,-1.5728043364705864,0.006112190860289114,1.0,0.00011114891417997165,0.012198396303035595,0.14205197907156414,10.311094637270328,-1.56435656050841,-1.5644224683443706,-1.5516819506883621,6.590356739858787e-05,7.765527698211372e-05,0.009702875395305455,0.11999312167366345,11.91559108098348
482,-1.7906843600449738,-1.7947179211510553,-1.7878409050129078,0.0040335630377133684,1.0,6.345448424259235e-05,0.00843240563861198,0.118669460217158,9.122446289768925,-1.62111297249794,-1.6211647217472394,-1.6083863104383151,5.1748317976792656e-05,4.444932195231862e-05,0.006586520447550963,0.0915254515906175,11.452471534411112
483,-1.876249459054735,-1.8800235324435763,-1.8776581817203097,0.003774065731300248,1.0,3.5745050640630155e-05,0.006593832677161252,0.10333816624350017,9.090646849738228,-1.6859230200449624,-1.6859600096940994,-1.6727431664864223,3.699003718793392e-05,2.6555918869538193e-05,0.006019262926808248,0.08576330837483208,11.485884547233582
484,-1.9664555214069508,-1.9701495038138495,-1.9612807697719998,0.0036939666089084414,1.0,2.3426317595833637e-05,0.0060382200991389925,0.09349532052874565,8.850717933089644,-1.7777445117632547,-1.7777754366397858,-1.7662457128365834,3.092262583474318e-05,1.700223591190782e-05,0.005974234159414967,0.08778044643501441,11.103557467460632
485,-2.0565479110788414,-2.060179600009212,-2.0749609337912664,0.003631689620238763,1.0,1.4622450079413182e-05,0.006157682363495782,0.10545886197575817,8.535018903237802,-1.8392753601074217,-1.8393092056115468,-1.8321002771457036,3.385132489105066e-05,1.0254077968359828e-05,0.005876712132400523,0.08982152072712779,11.456937948862711
486,-2.1274474770934493,-2.1311733810989946,-2.1251131296157837,0.0037259055922428765,1.0,9.060874769299213e-06,0.006161116718969963,0.10525055933329794,8.898151221098724,-1.9562766949335735,-1.9563092490037282,-1.9362039839227994,3.255197467903296e-05,5.864040209265416e-06,0.00582152606997018,0.08980635134503245,10.974758903185528
487,-2.25238565603892,-2.2556281089782715,-2.2449340996918856,0.0032424621835902886,1.0,5.277499945400956e-06,0.0057878028601408005,0.1037216219637129,8.412542819976807,-1.7739737679560978,-1.774006778995196,-1.7591808612147968,3.3005295942227043e-05,3.541684217604294e-06,0.0054069757655573385,0.0877794693224132,11.459120631217958
488,-1.5830703488102666,-1.585756305191252,-1.590925238750599,0.0026859643144739997,1.0,6.062277457709166e-06,0.007100172668557476,0.13109535599748293,8.983850797017416,-1.7291519343852997,-1.7292103519042332,-1.714364270369212,5.841868308683237e-05,1.8513720457728294e-05,0.011530004713373879,0.14834071540584168,11.455068270365395
489,-1.7778725535781295,-1.785040188718725,-1.779684517118666,0.007167649834796235,1.0,2.7156051281188547e-05,0.012602261164122157,0.1624266439014011,10.242118729485405,-1.7589554091294606,-1.7590164244174957,-1.7489802589019139,6.1028869822621346e-05,2.7011042902813642e-05,0.011089384322986007,0.14328874927014112,11.558100660641989
490,-2.0061648775030068,-2.009744374840348,-2.006386390438786,0.0035795120315419305,1.0,2.0561331472924428e-05,0.008292520315282874,0.11691794682432104,8.56986195952804,-1.801831583182017,-1.801879848043124,-1.7877838164567947,4.825616876284281e-05,1.4561621583197848e-05,0.006341993265474836,0.09756862977519631,11.59137491385142
491,-2.082562757862939,-2.084979295730591,-2.060435732205709,0.0024165277265840108,1.0,1.0972855542840315e-05,0.006083701375044054,0.1040666430360741,9.195222483740913,-1.9565360993146896,-1.956572617093722,-1.9462737888097763,3.64983764787515e-05,8.787777327749305e-06,0.0066459628093677265,0.10457373814036448,10.967890838781992
492,-2.2465235303949425,-2.2484827836354575,-2.2517648626256874,0.0019592328893917577,1.0,7.077540970015063e-06,0.006176077760756016,0.11138755014097249,8.080947664048937,-2.009524236122767,-2.0095636000235877,-1.9956169327100117,3.935652785003185e-05,5.157801524546812e-06,0.005630277000212421,0.09289201473196347,10.910638093948366
493,-1.7357895021085386,-1.737854829540959,-1.7197642282203391,0.0020653393671468453,1.0,5.320143305585522e-06,0.005755974100557742,0.10460212674957735,8.452514895686397,-1.5411259432633717,-1.5411626746257145,-1.518894910812378,3.673501002291838e-05,1.1414234829013973e-05,0.008429730058802912,0.11703719353924195,10.77803595860799
494,-1.813290830011721,-1.8160568034207378,-1.7966756644072357,0.002765976444438652,1.0,2.4069086167502166e-05,0.010949135361308301,0.1604632012270115,9.357664655756068,-1.8063147564729056,-1.8063539812962215,-1.7936508357524872,3.922334872186184e-05,2.7712234820379916e-05,0.009661713964305818,0.12297191315641005,10.952482581138613
495,-2.066618530838578,-2.068558030658298,-2.0547080128281205,0.0019395069943534003,1.0,2.0871930616892684e-05,0.007474398844082047,0.11775281225089673,8.132828412232575,-1.805946002403895,-1.8059778561194737,-1.7864429329832394,3.184308297932148e-05,1.4037852338333323e-05,0.005296985463549693,0.07914188783615828,10.973243236541748
496,-2.1566228425061262,-2.1592065537417375,-2.138123799253393,0.002583725032983003,1.0,1.1026531191654848e-05,0.0052622003066870905,0.09247018438246515,8.55895851276539,-1.9033706312378247,-1.9033924440542858,-1.8813287143905957,2.1815765649080276e-05,8.028056868170097e-06,0.004900625557638705,0.07722193747758865,10.805549561977386
497,-2.2484177439301103,-2.2507890418723777,-2.2285851902431912,0.002371297804293809,1.0,6.703945220781154e-06,0.0054885592328867425,0.09752544153619695,8.590317319940638,-2.0422788312037783,-2.042299762368202,-2.0339872241020203,2.0928758506973583e-05,4.869576988160891e-06,0.005309766682330519,0.08765117063497503,10.509359141190847
498,-2.0665810682155468,-2.068686291023537,-2.051608059141371,0.002105202042946109,1.0,4.558376447137023e-06,0.005417434602148003,0.10536954814085255,8.169951032709193,-1.7997385263442993,-1.799759512146314,-1.789011965195338,2.09569310148557e-05,5.616361818283622e-06,0.006365385566217204,0.09401058498769999,10.777539650599161
499,-2.1464851918043912,-2.149956171159391,-2.148245003488329,0.0034709689379842194,1.0,7.365745272249181e-06,0.007359625099019872,0.11477960535773525,8.323817535682961,-1.9545096357663472,-1.9545397559801738,-1.9403403798739116,3.0113694568475086e-05,6.176359723516119e-06,0.006260677648242563,0.09304381596545379,10.741922775904337
500,-2.2807118671911732,-2.2828804033773915,-2.301407076694347,0.0021685163180033364,1.0,5.114572155030652e-06,0.005540732673748776,0.0991166612064397,7.775406007413511,-1.9605775227149327,-1.960609036187331,-1.9483561366796494,3.150819490353266e-05,3.737225199529348e-06,0.0048148765151078505,0.08420580392703414,11.007256944974264
501,-1.745285671066355,-1.7480576910354473,-1.7443256220883794,0.002772017968473611,1.0,9.820803151578056e-06,0.007148146215412352,0.11098070332297573,8.392435850920501,-1.813070813814799,-1.81309478978316,-1.8015849192937214,2.397907276948293e-05,1.473597349862151e-05,0.008290960414645573,0.1098696297655503,11.215754628181456
502,-2.115823608857614,-2.118304561685633,-2.101770109600491,0.002480933028790686,1.0,1.3769340545911325e-05,0.0070111750521593625,0.10977631283027155,8.296336756812202,-1.8872224539518356,-1.8872480218609173,-1.8715120553970337,2.5577532748381298e-05,9.339898004630717e-06,0.005524228443391621,0.08383535516137879,10.93009305000305
503,-2.2515912939001015,-2.2539321846432157,-2.2562526861826577,0.002340909990447539,1.0,7.529556198817402e-06,0.005169995456796001,0.0871466111253809,8.01318774399934,-1.9581210861603422,-1.9581458667914073,-1.9375588993231456,2.476425531009833e-05,5.333903061455203e-06,0.0048184049082919955,0.07929500301058094,10.870633999506632
504,-2.1328213965451277,-2.1351221678433596,-2.1265351595701993,0.002300783301945086,1.0,4.711681311972724e-06,0.005021413529498709,0.09059179932982833,8.27919105247215,-0.02280124897758168,-0.022824355401098728,-0.010930618659282723,2.310727722942829e-05,4.222165046030568e-06,0.005677305006732543,0.09029480256140232,10.735805094242094
505,-1.9418095526871857,-1.9456380164181744,-1.9572832606456898,0.0038284709056218467,1.0,7.876134902660312e-06,0.008377654995355342,0.12739091283745235,9.212653937163177,-1.9763944496711097,-1.976424401005109,-1.9685082137584686,2.996157854795456e-05,8.293030873574025e-06,0.008281425960982839,0.11762421547124784,10.786252260208132
506,-2.244588370676394,-2.2470682108843767,-2.248930542557328,0.002479827376427474,1.0,6.9034735201125e-06,0.006860779563861864,0.10872002622043644,8.023076357664886,-2.013112125297387,-2.013151834408442,-2.005296846230825,3.971997648477554e-05,4.396836402520421e-06,0.0050352740023906035,0.07788542363171776,10.415806472301481
507,-1.5192799987616363,-1.5222959187295702,-1.5277427716387644,0.0030159347311214165,1.0,6.995340316751498e-06,0.006402548195587264,0.10184028427358027,8.874477121565077,-1.5956437115867932,-1.5956789553165436,-1.5838153635462124,3.5236822441220284e-05,2.3582873685275747e-05,0.011722376143249372,0.12964424211531878,11.016479929288229
508,-1.763472040494283,-1.7667066830175895,-1.7813870597768713,0.0032346389359898036,1.0,4.1306398593911174e-05,0.012727245774671988,0.15573722703589332,8.805140671906647,-1.746022100249926,-1.7460623532533646,-1.7349149013559024,4.025471086303393e-05,4.028490441972584e-05,0.009898612818991145,0.1141544682905078,10.794528086980183
509,-2.0142957678547613,-2.016410130041617,-2.0032367088176586,0.0021143542533671416,1.0,3.034481125252097e-05,0.007140736699242283,0.09775353857764492,7.983816040886773,-1.7445654372374217,-1.7445972474912803,-1.726200070232153,3.17990779876709e-05,1.8485075922095955e-05,0.005113399199520548,0.06619706377387047,11.01173440615336
510,-2.1519981313634804,-2.154378811518351,-2.147817929585775,0.0023806801548710574,1.0,1.5057242240733035e-05,0.004882932985546412,0.07198263042502934,7.862944726590757,-1.8639400626222293,-1.863962469001611,-1.8493112698197365,2.2403740634520847e-05,1.0256759840861681e-05,0.004398644775695478,0.06242039194330573,10.420612335205078
511,-2.2269348789144447,-2.229554609016136,-2.2223964664671154,0.002619728239046203,1.0,8.510863995912519e-06,0.004835030046740064,0.08209085326503825,8.19598803696809,-1.9483674193421998,-1.9483972142140071,-1.9347103883822758,2.9801934336622555e-05,6.010416276088411e-06,0.004719134555974354,0.07080737718691428,10.720845222473145
512,-2.340422762764825,-2.3426906356105097,-2.3462465427539967,0.0022678701551976026,1.0,4.966174940448211e-06,0.004791048044959704,0.0853793681771667,7.862501780192058,-2.034599393606186,-2.034632990757624,-2.017980672419071,3.3606852715214096e-05,3.504330853350742e-06,0.004630385762235771,0.07275236817076802,10.708529909451801
513,0.18515192910476966,0.1777332033272143,0.12911394900745815,0.007418752820403488,1.0,0.000130606184694881,0.01888769013048322,0.1587624646447323,16.8129585230792,-0.9235391989350318,-0.9237201288342476,-0.9130629698435465,0.00018092749329904714,0.0004587266400145988,0.04607964058717092,0.2937568960090478,20.06503939628601
514,-0.9499587195890921,-0.9618310017718209,-0.9670810550451279,0.011872279216293935,1.0,0.000542053746930496,0.04604202929746221,0.30728683096391185,16.926581594679092,-1.0862757315238318,-1.086384303867817,-1.0796096598108609,0.00010857226637502511,0.0004517764997823785,0.03959920102109512,0.29450018393496674,15.21198046207428
515,-1.291287554634942,-1.2946496186433014,-1.3075525848953813,0.003362073459559017,1.0,0.00035430040831367177,0.027197580991519824,0.24660315612951914,10.274783929189047,-1.3711218734582267,-1.3712023372451465,-1.3653063277403514,8.045416325330734e-05,0.00022033123605069704,0.018615558898697298,0.18094519525766373,12.04664119084676
516,-1.5711971962893452,-1.5745915792606495,-1.5760769402539287,0.003394392008582751,1.0,0.0001844966490925462,0.012859733982218636,0.13947292210327256,9.11391184065077,-1.4952720825870833,-1.4953412041068077,-1.488238958021005,6.912361520032088e-05,0.00012374094694678206,0.009005319385323673,0.10064820945262909,11.450270692507424
517,-1.7425770494672987,-1.7462840654231884,-1.7382252392945465,0.003707018439416532,1.0,0.00010524094385025953,0.007489390912707205,0.0906440450085534,8.721752449318215,-1.5653033678730328,-1.565365009009838,-1.5593383635083835,6.164975153903167e-05,7.594664505935118e-05,0.0061972326948307455,0.07841809311260779,10.819678823153177
518,-1.692243976863446,-1.6971055931515164,-1.677962761717262,0.004861617874768045,1.0,7.262964801931823e-05,0.007516035827359668,0.09563696356835188,10.284499080092818,-1.6704744497934978,-1.6705351372559865,-1.6735987812280655,6.068249543507894e-05,5.094513289805036e-05,0.007034590079759558,0.09977194977303346,10.900120357672373
519,-1.8275068667199876,-1.8313297629356384,-1.836337559752994,0.0038228949049004804,1.0,4.703317137210871e-05,0.006928194590188839,0.1070790780639207,8.967194928063286,-1.7429474989573162,-1.743009050687154,-1.7354808151721954,6.155258355041345e-05,3.609359237088938e-05,0.006576832694311936,0.09359457592169444,10.729925950368246
520,-2.000112290735598,-2.0031792057885065,-1.999554201408669,0.0030669153978427253,1.0,2.944148501329538e-05,0.006144868123724505,0.09433335383181218,8.322958328105786,-1.7656418060262997,-1.7657187059521675,-1.7684277047713597,7.691777621706326e-05,1.9858695319877977e-05,0.00502986490027979,0.07475475454702973,10.64267534017563
521,-1.9351020135261394,-1.9395555315746202,-1.9240248887627214,0.00445350921816296,1.0,1.898999518609209e-05,0.0066624401240713066,0.10473467437205491,9.556011570824516,-1.8577073812484741,-1.8577733685572941,-1.8504631941517193,6.60019771506389e-05,1.3628680032221988e-05,0.006336066949491699,0.09263322129845619,10.977559049924215
522,-2.2013951495841697,-2.2046849815933793,-2.2063274030332214,0.003289817108048333,1.0,9.907701732353652e-06,0.005481595371815341,0.09632494045352494,7.835621886783176,-1.8760343293348947,-1.8761073847611744,-1.8729156777262688,7.303711026906967e-05,6.269201492159482e-06,0.004754856519866735,0.07484873694678147,10.359722057978313
523,-1.9617876167650576,-1.9688441267719976,-1.9462986654705472,0.007056501866490753,1.0,6.270152257288659e-06,0.0058775403260908745,0.09078851149038032,10.02565246158176,-1.8422157764434814,-1.8423024465640385,-1.833073024948438,8.667089665929477e-05,6.610719954854479e-06,0.009198228867414096,0.13017820877333483,13.08935316403707
524,-2.188111358218723,-2.1912828507246793,-2.17094028879095,0.0031714836756388345,1.0,6.016991560668599e-06,0.009329122525674326,0.13143037604512992,8.958745603208188,-1.4311659013231595,-1.4313090592622757,-1.4083681975801785,0.00014315894804894924,3.652345052766274e-06,0.006680415749239425,0.09040018760909636,10.96435840924581
525,-1.0873818333364196,-1.0983644883251853,-1.100379089238467,0.010982642985052533,1.0,3.134724159247492e-05,0.013194263843750512,0.1639215267366833,10.624868481247514,-1.5858220954736075,-1.585949420928955,-1.5732780943314235,0.00012733112089335918,5.654287330495814e-05,0.016056500530491274,0.18035653916498026,12.381708582242329
526,-1.7998387460355405,-1.8078757877703067,-1.8082793421215482,0.008037032766474618,1.0,5.32547312980535e-05,0.012923952295548387,0.1671474128961563,8.47254467010498,-1.7500863273938496,-1.7501990149418514,-1.741180012623469,0.00011268025264143944,3.741139259242724e-05,0.008742474485188723,0.11238342678795259,10.747101147969564
527,-1.9923107226689656,-1.998647650082906,-2.0055528261043407,0.006336923412702701,1.0,2.9193366774254377e-05,0.00704892386716825,0.10620506038820302,8.12167462596187,-1.806265483299891,-1.80637639015913,-1.792349840203921,0.00011091663812597592,1.891842597008993e-05,0.005401000710359464,0.07703843138491114,10.632853428522747
528,-2.138325059855426,-2.1423854209758617,-2.138133552339342,0.004060343942708439,1.0,1.581473710151234e-05,0.005119746663021269,0.080924851750886,7.942330890231663,-1.7958293606837592,-1.7959275518854458,-1.787416512767474,9.818545853098233e-05,1.0477228461998797e-05,0.004600245214533061,0.06892412652571996,11.030323465665182
529,-2.0894114043977527,-2.092901505805828,-2.094073072627739,0.003490082781623911,1.0,9.975947890510455e-06,0.0056551434789542795,0.09360930544358713,9.162369745749015,-1.9658189167579014,-1.9659009824196498,-1.9530000736316044,8.206721395254135e-05,7.246516095923046e-06,0.005867098496916394,0.08996856041873495,10.822072307268778
530,-2.2273222119719893,-2.231141721760785,-2.2279059754477606,0.0038195040628865914,1.0,6.0547898573093805e-06,0.005884645817180474,0.0976879998213715,8.636995244909215,-1.9944891532262168,-1.9945601373910904,-1.9866544902324677,7.097725756466389e-05,4.265779466550157e-06,0.005314981351451327,0.0842906953766942,11.03561536471049
531,-1.7309757559387773,-1.734601550632053,-1.7462437053521473,0.003625785311063131,1.0,5.717845329787384e-06,0.006427913404035347,0.11434689219351168,8.43714283130787,-1.68075896302859,-1.6808141618967056,-1.6742958376804988,5.520096359153589e-05,1.3297082015621223e-05,0.00989447235284994,0.13829190377146006,10.262434085210163
532,-1.9405687340983637,-1.9452629839932476,-1.9309730838846277,0.004694261553662794,1.0,2.0768814735034807e-05,0.010668904727531804,0.1499720549693814,8.860268592834473,-1.9030503183603287,-1.9031023929516475,-1.8949478765328724,5.207560025155544e-05,1.887390669708111e-05,0.008533966688749691,0.11532723406950633,10.420194387435913
533,-2.1512986200827138,-2.154280662536621,-2.1421234475241766,0.0029820461102105953,1.0,1.5149826611849238e-05,0.006682595358816562,0.10265486880585,7.974018626742893,-1.9493740449349086,-1.9494197169939678,-1.935024951895078,4.5674930637081466e-05,1.0199090941872177e-05,0.005136313770587246,0.07928371864060561,10.237272461255392
534,-2.27230437596639,-2.2745977022029735,-2.280039522382948,0.002293327616320716,1.0,8.252981977555598e-06,0.004744883238648375,0.0879343557688925,7.6046446517661765,-1.9569818476835887,-1.9570227315028508,-1.9538031468788783,4.088700128098329e-05,5.682146555348784e-06,0.004587207202954839,0.07687096825490396,10.867023865381876
535,-2.329055971569485,-2.3327471680111356,-2.3369280762142606,0.003691171054486875,1.0,4.827272951607247e-06,0.004778548057570502,0.09026113118010538,7.84166215967249,-1.9498215715090434,-1.9498574088017147,-1.936072866121928,3.5849943136175476e-05,3.552438840870309e-06,0.004513008025242016,0.07071292120963335,10.278333683808645
536,-0.7088556791897174,-0.7128496608800359,-0.7194386533013096,0.003993981414371067,1.0,3.0723644158570096e-05,0.011729348571626124,0.15216678256789842,10.790681326830828,-1.2504064763585725,-1.2505442822972934,-1.2405830671389897,0.00013780314475297928,9.628699202342735e-05,0.02508330011429886,0.23555328634878,13.063838124275208
537,-1.4193734614937394,-1.4256610296390675,-1.4112484521336026,0.006287558970076067,1.0,0.00013021278519536955,0.02290891849056438,0.23226830777194765,11.697392728593615,-1.4980045904715855,-1.4980937788883846,-1.4888596435387929,8.918484672904015e-05,0.00011012396498699673,0.01731236861087382,0.18562356755137444,11.570929765701294
538,-1.7353405157725017,-1.738307966126336,-1.736233079874957,0.0029674464905703507,1.0,8.848651877660477e-05,0.012529171968775767,0.1618070293355871,8.384868922056976,-1.6920501242081325,-1.692118192712466,-1.6825926055510838,6.807207440336545e-05,5.615793346199401e-05,0.00850120208148534,0.10553103716423114,10.474854985872904
539,-1.9441301425298054,-1.9463866110201236,-1.9436808736236006,0.002256465040975147,1.0,4.425881134348283e-05,0.006608698862018409,0.10270657079915206,7.564346596046731,-1.6627105946342153,-1.6627715950210888,-1.6571427931388218,6.100023165345192e-05,2.9280860720367247e-05,0.005216118200526883,0.07316783769056201,10.57289210955302
540,-2.049050481231124,-2.0515756253842956,-2.054895189073351,0.00252514456709226,1.0,2.6222922517465326e-05,0.004943891221450435,0.08262871398969933,7.503781265682644,-1.7309254134694734,-1.7309788738687832,-1.7187595243255298,5.347328260540962e-05,1.897041867475006e-05,0.004561114580913757,0.06731251596162717,10.427241464455921
541,-2.1188044283125134,-2.120919121636285,-2.122295366393195,0.0021146912541654375,1.0,1.838588216034825e-05,0.004655189924287023,0.07862870546954649,7.524929152594672,-1.7881641189257302,-1.788221190373103,-1.775397565215826,5.707152498265108e-05,1.3128194609635102e-05,0.004495772504014894,0.06424995930865407,10.48264362414678
542,-2.181648704740736,-2.1838204860687256,-2.1772571404774985,0.0021717820868447976,1.0,1.2168914677372581e-05,0.004676514744965566,0.0813408049720305,7.689585721051252,-1.8671308830380438,-1.8671918188532193,-1.8506223633885384,6.0950793946782746e-05,8.67644547497548e-06,0.004356673055250819,0.06354625010862947,10.445949216683706
543,-2.2935371663835316,-2.295494247365881,-2.3221838959941157,0.0019570952626290143,1.0,7.414475813102736e-06,0.004315293799326928,0.07158945073132161,7.109758129826298,-1.9556875452399252,-1.9557506168882053,-1.9433569287260373,6.308018540342648e-05,5.54123964017587e-06,0.0041892025619745255,0.06461636039117973,10.176909128824871
544,-2.215085683045564,-2.2175440854496427,-2.217440157024949,0.002458417029292495,1.0,5.12981594308965e-06,0.0052152435226296935,0.09099730407750165,8.74649229756108,-2.0415599296490354,-2.0416303922732673,-2.0288768311341605,7.046394360562165e-05,3.816901350243522e-06,0.005446075131961455,0.08410337474197149,10.607121586799622
545,-1.4512438928639446,-1.4537674839849826,-1.4275411897235446,0.0025235813938909108,1.0,4.3481798423238585e-06,0.005599250896247449,0.10050397352487953,8.241829889791983,-1.1019286314646402,-1.1019666641950607,-1.0937892173727353,3.803125582635403e-05,1.1605599373372874e-05,0.00907331237491841,0.12357339169830084,11.493542234102886
546,-1.3268157795623496,-1.330058224775173,-1.3289554985585037,0.0032424485241925277,1.0,6.768802487150188e-05,0.017873712573890334,0.18735076431874875,11.830709951895255,-1.4413140068451562,-1.4413717190424602,-1.429853657881419,5.771561215321223e-05,9.733596713582908e-05,0.020021255826577544,0.18129884513715902,13.205036640167236
547,-1.6812770278365523,-1.6835922135247126,-1.672912350407353,0.002315180169211494,1.0,8.643646961664436e-05,0.014363276599733918,0.1526055887893394,8.791462333114058,-1.6837917715311053,-1.6838503231604893,-1.6715964873631795,5.855434574186802e-05,5.998375066459024e-05,0.00964301657707741,0.10526265731702249,10.684991955757141
548,-1.9081371934325606,-1.9114715611493145,-1.9123577409320407,0.003334379513506536,1.0,4.582744872163015e-05,0.007349909076260196,0.09823983893902213,7.9821456803215876,-1.7516278624534607,-1.7516894539197285,-1.7356583625078201,6.159806313614051e-05,3.369734577063355e-05,0.005850312241818756,0.07685506235187252,10.325962046782177
549,-2.037312308947245,-2.0398496742601746,-2.030508107609219,0.002537353723137467,1.0,2.8022423201171613e-05,0.005302941478374932,0.08757935036663655,7.8482268121507435,-1.7319530993700027,-1.7320087775588036,-1.7193635081251462,5.5663520470261574e-05,2.0770453829754842e-05,0.004595428084333737,0.06799834112947185,10.682662189006805
550,-2.085871118086356,-2.089155108840377,-2.0705894231796265,0.00328402414366051,1.0,1.7689714156774614e-05,0.004936056194344052,0.08034970431968018,8.40774698610659,-1.8200356761614482,-1.8200862059990566,-1.805473933617274,5.052510338524977e-05,1.3577689628618828e-05,0.004828071512747556,0.07250835637872417,10.977176586786905
551,-2.2203739704909147,-2.222308317820231,-2.2118662772355258,0.0019343529172517636,1.0,1.144931622076439e-05,0.004772188504123026,0.08422445823197011,7.6118280622694225,-1.9531004379192987,-1.9531379640102386,-1.9349784205357234,3.753687875966231e-05,8.528948228558875e-06,0.004413986918128406,0.0678634539557,10.018821656703949
552,-2.313916740594087,-2.315516198122943,-2.3020940091874866,0.0015994646345023756,1.0,6.997707714617718e-06,0.0044280905017836224,0.07628986570570204,7.463022938481084,-1.9502938836812975,-1.9503371318181355,-1.9292653699715931,4.327258405586084e-05,5.224953573209253e-06,0.004302315704990178,0.0731156428034107,10.690389772256216
553,-2.325510576919273,-2.3275991589934737,-2.3320466026111886,0.0020885658622891816,1.0,4.423238477910571e-06,0.004432573302269534,0.07701893481943342,7.914609926718253,-2.059073666731517,-2.0591109146674476,-2.039058342576027,3.7245762844880424e-05,3.588361323636491e-06,0.004770078967946271,0.0756532745435834,10.763275822003683
554,-0.25740435195189937,-0.2605141117065041,-0.19494917492071787,0.003109697942380552,1.0,1.788362157673907e-05,0.00962262616182367,0.13713639119157084,12.14099574972082,-0.824045608441035,-0.8242202500502268,-0.8098447198669115,0.00017464285095532736,0.00012292045145538091,0.03356447722762823,0.2624620149532954,24.24825962384542
555,-0.8758380854571307,-0.8877767501053987,-0.8961219235702798,0.011938661405885662,1.0,0.0003580643600866164,0.05167071493687453,0.347121462225914,20.618209026477956,-0.9825513114531834,-0.9827854583660761,-0.974737452963988,0.0002341459815700849,0.0003597023872619805,0.05271183978766203,0.34407836322983104,16.91823172569275
556,-1.174984527958764,-1.182713265772219,-1.179329103893704,0.007728730017940204,1.0,0.00028533426208283616,0.036255507488493564,0.28636950585577226,12.82305117006655,-1.3004998763402302,-1.3006590058406193,-1.2919208804766338,0.0001591149096687635,0.00019088072440354154,0.02512581010038654,0.22913691587746143,13.258850971857706
557,-1.486434852635419,-1.4933137672918815,-1.482940395673116,0.006878915898225925,1.0,0.00013666473225586943,0.018074455429558402,0.17658568146052184,10.286003925182202,-1.513212556640307,-1.5133050431807835,-1.5019096285104752,9.248685091733932e-05,8.372632449512214e-05,0.011989358579739928,0.1437014335145553,12.06872069835663
558,-1.765664118307608,-1.770652104307104,-1.7792957270586933,0.004987983791916458,1.0,6.327074556288103e-05,0.008964383112335647,0.10215552178797899,8.377983234546802,-1.5849141031503677,-1.584995687007904,-1.5649855931599934,8.157733827829361e-05,3.9798963067975514e-05,0.0062983759174433844,0.08088359578202169,11.216093858083092
559,-1.8920661211013794,-1.8975260390175714,-1.905267220956308,0.005459928540167985,1.0,3.5929433309960315e-05,0.005729362661777823,0.07094863264097108,8.230813485604745,-1.665984824299812,-1.6660588830709457,-1.6503090659777324,7.405574433505535e-05,2.5605089983097667e-05,0.005255149910226464,0.07286837324500084,10.897205591201782
560,-1.9034466633090266,-1.9137934512562222,-1.9014745045591284,0.010346768078980622,1.0,2.3416576974947628e-05,0.005742854214514847,0.07933323968339849,9.01432498296102,-1.7710017214218776,-1.771083931128184,-1.753167708714803,8.221645839512348e-05,1.765405416639017e-05,0.00569467762640367,0.0836221865999202,10.724480549494425
561,-2.034809562895033,-2.0401268711796514,-2.036854002210829,0.005317302972630218,1.0,1.5531370856344302e-05,0.005630796292313823,0.08698672401132407,8.373986314844203,-1.7933009664217632,-1.7933916350205739,-1.7803476800521214,9.065975124637286e-05,9.430117055823454e-06,0.004900894224798928,0.07274853593359391,10.76490064462026
562,-2.1822228873217546,-2.186555191322609,-2.176396723146792,0.0043323128311722366,1.0,8.522153166268254e-06,0.00475098915329134,0.07162386979217883,7.678573043258102,-1.8420866131782532,-1.8421738743782043,-1.8316250443458557,8.726585656404495e-05,5.945976946956459e-06,0.004415550104264791,0.06992615309233467,10.60585908095042
563,-2.231255217834755,-2.2352712463449547,-2.234503291271351,0.004016033270292812,1.0,5.873262395012986e-06,0.004444499189654986,0.07537027972715872,7.51851800636009,-1.8766719649235408,-1.876792738835017,-1.8709235216180484,0.0001207886574169,4.6256784192640526e-06,0.0046427784448799985,0.07166831226398547,10.150555709997812
564,-2.228674115958037,-2.233163180174651,-2.2285717814056962,0.0044890523508743,1.0,5.240837371847765e-06,0.004942067855693124,0.07780101198565077,7.529022693634033,-1.8110887507597606,-1.811221530040105,-1.7998194644848506,0.00013277377001941204,4.594493683877469e-06,0.0049224035659184056,0.07454497925937176,10.210118035475412
565,-2.059733589490255,-2.062378764152527,-2.066590507825216,0.002645171350902981,1.0,8.329724062571552e-06,0.005784242776119047,0.08648358326819208,7.48089435365465,-1.9134143541256585,-1.9136159072319667,-1.896907205382983,0.00020155877185364565,9.451206248437908e-06,0.005978744302410632,0.0837143175303936,10.478372911612192
566,-2.2348266177707248,-2.2378100907361067,-2.232504787268462,0.002983486348832095,1.0,8.150986121580462e-06,0.005206810871001195,0.0860909376707342,7.741716879385489,-1.9842351377010345,-1.9843861013650894,-1.9640919417142868,0.00015096498342851797,5.168470333198154e-06,0.004375018509260069,0.06422476998219888,10.031139651934305
567,-2.2028338142015316,-2.2072980806783393,-2.1991155820864217,0.00446428806969413,1.0,4.608303680908176e-06,0.0052178832012470125,0.08792381954413873,8.831187371854428,-1.9448222418626149,-1.9449096967776616,-1.9318369378646214,8.745025843381882e-05,3.499478623325558e-06,0.006611050708064188,0.128116670375069,10.582324783007303
568,-1.964497447013855,-1.967974876915967,-1.9716621416586417,0.0034774361109292068,1.0,6.9691782974351315e-06,0.008005937664873071,0.14173217476518066,8.207397407955593,-2.0512511928876243,-2.051295648018519,-2.0378316789865494,4.4443722193439804e-05,8.033739637388257e-06,0.008013786689843982,0.13828830793499947,10.151692469914753
569,-2.2147984548851296,-2.2181715302997165,-2.2066940466562905,0.0033730711374017927,1.0,7.683093540604372e-06,0.00650071421707118,0.10720096597516979,8.249374831164324,-2.051706110437711,-2.0517561783393226,-2.043605993191401,5.004997365176678e-05,4.670186001476395e-06,0.0050501096799659235,0.09079516679048538,9.91588044166565
570,-1.3826140214999516,-1.3848222963235997,-1.3870550449247714,0.0022082541275907446,1.0,6.568909140225043e-06,0.005524031369498483,0.09875950079273295,8.087835771066171,-1.2598440498113632,-1.2599216525753338,-1.2429904739061992,7.760276397069295e-05,2.6039283587427537e-05,0.012367248341130713,0.15159685847659907,13.095860799153645
571,-1.5083568096160889,-1.5194908292205245,-1.533909382643523,0.011134015948132233,1.0,8.513993937716198e-05,0.01819464754037283,0.1973429893453916,10.453668770966706,-1.5294944246610005,-1.5296344210704167,-1.521686812241872,0.00013998717380066714,8.71393279642992e-05,0.01701353459308545,0.1718218276898066,11.983858942985536
572,-1.7120883111600522,-1.7304150704984311,-1.7505242338886968,0.018326768099709793,1.0,8.040061490006608e-05,0.01275392673495743,0.1516971038999381,8.82340348208392,-1.7086928983529408,-1.7087944547335308,-1.7011847545703251,0.00010156685796876748,4.5568917964070956e-05,0.008421168914840868,0.10476402162263791,10.903330405553183
573,-1.8796041210492451,-1.8896506671552304,-1.893773368111363,0.010046541000957842,1.0,4.466022040071914e-05,0.00725306615371395,0.10069971421250591,8.392482704586453,-1.7754460871219635,-1.7755543043216069,-1.7691136946280797,0.0001082193727294604,2.8381358864256374e-05,0.005858304619323462,0.0788871580734849,10.496435960133871
574,-2.0641566294210927,-2.0716792786562883,-2.0785184966193304,0.0075226592382899036,1.0,2.6043719723626662e-05,0.0052626277665021245,0.07947932887408468,7.712954397554751,-1.8088805079460142,-1.8089912037054698,-1.8069067001342773,0.00011069125806291898,1.6054961103388148e-05,0.004772427026182413,0.06868601062645514,10.188130299250286
575,-1.9334574496304546,-1.9389139987804271,-1.946052666063662,0.005456535628548375,1.0,1.608159315461914e-05,0.004984307973818095,0.07785708429636778,8.669372858824554,-1.9013173580169678,-1.901439219713211,-1.8940541346867878,0.00012187077663838863,1.4275002475490814e-05,0.0069341833974855644,0.09736237054069836,10.52969741821289
576,-2.1586091121037803,-2.1621273358662925,-2.1588175649996155,0.003518229005513368,1.0,1.375384838158627e-05,0.007009252785118642,0.10890352905348495,7.974925659320973,-2.0130937844514847,-2.013223633170128,-2.001691455642382,0.0001298464679469665,8.259069886662473e-06,0.005866204601867746,0.08639326117311914,10.026981949806215
577,-2.1948192141674183,-2.1997685807722585,-2.1904439804730593,0.00494937722881635,1.0,7.767094942849966e-06,0.005912684007651276,0.09484907846759867,8.844884201332375,-2.057328785459201,-2.057415415843328,-2.042889714241028,8.663185872137547e-05,4.737309590533793e-06,0.005191057008535911,0.08996763577063878,10.158199727535248
578,-1.6475290369104456,-1.6499108556244109,-1.664348875482877,0.0023817959483023042,1.0,4.208633476486688e-06,0.004799564127568845,0.08759331579009692,7.467432004434091,-1.282746208210786,-1.28280525157849,-1.2726731946070988,5.903933197259903e-05,7.321581639037807e-06,0.006786452858553578,0.10012167940537135,10.07925393184026
579,-1.463781697054704,-1.4676453388399548,-1.470536611146397,0.003863639646658191,1.0,4.704117964138277e-05,0.014355105175464242,0.15686848538893242,10.286483870612251,-1.5817295610904696,-1.5818043599526088,-1.5711002548535664,7.479187722007434e-05,5.745933746463076e-05,0.015148397147034606,0.1564990139255921,11.690170129140219
580,-1.7994257697352656,-1.8031611442565918,-1.8012475084375452,0.00373538755984218,1.0,5.833140393305156e-05,0.012006273165483165,0.13608780917194155,8.347528334017154,-1.7737236320972443,-1.7737709830204647,-1.7639002154270809,4.7350069507956505e-05,4.00072819199219e-05,0.007949739752802998,0.09831925046940644,10.358127355575563
581,-1.947513774589256,-1.952226510754338,-1.950282684078923,0.004712724575289973,1.0,3.194497906035933e-05,0.006637555943733013,0.09212119573796237,8.349667761060926,-1.785776818792025,-1.7858185023069382,-1.7806448688109715,4.169461317360401e-05,2.2367202063833247e-05,0.005381700835035493,0.07318192829067509,10.663900097211203
582,-2.067039350668589,-2.0700514758074724,-2.071292903688219,0.003012107616221463,1.0,2.0651533170031917e-05,0.005432529116256369,0.08998065855767992,7.896291662145544,-1.9127868761618934,-1.9128385086854298,-1.9041577527920406,5.160784348845482e-05,1.5855638821449247e-05,0.005133244829873244,0.08354590693488717,9.868938883145649
583,-2.103969032013858,-2.1069168227690236,-2.101720718321977,0.002947794135521959,1.0,1.358829673268634e-05,0.005554980529403245,0.08770361128780577,8.525780854401765,-1.9919100403785708,-1.991958459218343,-1.9820375343163807,4.8420935248335205e-05,1.0083769401110962e-05,0.005264114316863318,0.09453497221693397,9.921152691046398
584,-2.104941624182242,-2.1064606772528753,-2.1181317921038025,0.001519059279450664,1.0,9.128792751451127e-06,0.0058575765816149886,0.09693927442034085,8.235994356649893,-2.052142560482025,-2.0521864940722785,-2.040159155925115,4.394220498700937e-05,7.2379897157285695e-06,0.006255013130915661,0.10738599331428607,10.202681521574657
585,-2.2477050600228488,-2.2505719661712646,-2.243447608417935,0.0028669218084326495,1.0,6.2917913594531086e-06,0.005808237638255513,0.095677368066929,8.431005742814806,-1.9002141654491427,-1.900269200404485,-1.8901469657818477,5.5052495251099266e-05,4.514497751036591e-06,0.005510980903636664,0.10754761192947626,11.41911760965983
586,-2.2396536535686917,-2.240992307662964,-2.239077572469358,0.0013386790675145607,1.0,4.583644534216512e-06,0.0053515453408989645,0.10785411684601395,7.400089458183006,-2.0653833349545794,-2.0654431730508804,-2.060314660271009,5.981861613690853e-05,4.474498363530681e-06,0.00532730082826068,0.10307952823738258,10.12964375813802
587,-2.3303108480241566,-2.3322616241596363,-2.324152708053589,0.0019507880702062889,1.0,4.567545989562792e-06,0.004988912743067852,0.09362168416932777,7.554738539236563,-1.9842014809449515,-1.9842546731233597,-1.9681885143121083,5.319140230615934e-05,3.670846846641022e-06,0.004768377189369251,0.09205644174168508,9.717725296815237
588,-1.8848043878873189,-1.8860404270666618,-1.8870378070407443,0.0012360421457776316,1.0,5.428685047566735e-06,0.005289009030632398,0.1030531586320312,7.107921317771629,-1.80319818854332,-1.803227533896764,-1.7909459670384724,2.9349466785788536e-05,1.0151976008880107e-05,0.00711944813762481,0.11890136233220498,9.628227869669598
589,-2.122365121488218,-2.1244225634468927,-2.1149699555502997,0.0020574243670260467,1.0,1.4577727765922814e-05,0.0068941302942457025,0.11769087943765852,7.258850715778492,-1.979115515947342,-1.979140763481458,-1.9661568502585094,2.525343249241511e-05,1.2123714971797503e-05,0.005819887951171647,0.09419451917832096,9.857500652472178
590,-2.2711513925481728,-2.272879644676491,-2.2713966502083673,0.0017282421942110414,1.0,1.0517402255640331e-05,0.004830176976543886,0.08677856665518549,7.123612368548358,-1.995229000846545,-1.9952585101127625,-1.9915170917908351,2.9528746381402016e-05,7.494682733977243e-06,0.004261499765561894,0.07513024332001805,9.703600605328878
591,-2.3761812580956354,-2.3776495809908265,-2.3788298589211925,0.001468326551494775,1.0,6.314475807879784e-06,0.003856105057315694,0.0729383439929397,7.007188779336435,-1.9928337534268696,-1.9928638885418575,-1.9830805112918217,3.015901893377304e-05,4.620084306831511e-06,0.0038118031710231057,0.0697381030768156,10.113700409730274
592,-2.4124618194721363,-2.414127614763048,-2.415184400699757,0.0016657983263333638,1.0,4.136435934385561e-06,0.00395553193434521,0.07937203761604097,7.074885544953523,-1.1116149500012398,-1.1116463119784992,-1.097706088796258,3.1364538396398224e-05,3.3036874545662918e-06,0.004133360528309519,0.07488619194676478,9.70450294017792
593,-1.1356251217700817,-1.137134657965766,-1.127200029514454,0.001509535574802646,1.0,2.34244854692844e-05,0.00918150412056733,0.1415867318433744,8.642846796247694,-1.6777159571647644,-1.6777545511722565,-1.6680596868197124,3.8585392758250237e-05,5.0648529395402875e-05,0.013342409627512097,0.16298026901980242,11.498056332270304
594,-1.8777216143078275,-1.8803807982692011,-1.886355091024328,0.0026591697500811685,1.0,5.3407663169006504e-05,0.010581213670472303,0.14444687383042443,7.819758962701868,-1.8234644134839375,-1.8234963417053223,-1.8113468140363693,3.1935516744852066e-05,3.8278709174240554e-05,0.007359913201071322,0.10344772537549336,9.927419046560923
595,-2.130541306954843,-2.13209244940016,-2.128614160749647,0.0015511323732358437,1.0,2.8707644593884686e-05,0.005511185619980097,0.09558968494335811,6.809116363525391,-1.822587847709656,-1.822616085410118,-1.8089635024468105,2.8216280043125153e-05,1.818371140416275e-05,0.004159466237373029,0.06567621231079102,9.77771617968877
596,-2.199366882995323,-2.201372080379062,-2.203646492075037,0.0020051843452232854,1.0,1.632444730569626e-05,0.004075962092934383,0.07591580364991117,7.1763468495121705,-1.8452569941679637,-1.8452823236584663,-1.833577464024226,2.5330499435464542e-05,1.0988244033190616e-05,0.0037604693497996777,0.06489316374063492,9.860956768194836
597,-2.247686756981744,-2.2496210248382003,-2.245144742506522,0.0019342613027051644,1.0,9.771447484699482e-06,0.004000410489324067,0.07504602149128914,7.575895892249213,-1.9277548342943192,-1.9277770568927128,-1.9255162278811138,2.2238896538813908e-05,7.440331671659806e-06,0.004304231978797664,0.07882681799431641,10.311514894167583
598,-2.321918500794305,-2.323661455401668,-2.311712975855227,0.0017429410169521968,1.0,6.666899800486e-06,0.004528687671861715,0.08398224751430529,7.406689202343976,-2.0661126474539437,-2.0661429117123284,-2.051154524087906,3.0251297478874523e-05,4.637697278061144e-06,0.0042477366417491185,0.0724111208692193,9.751418590545654
599,-2.009570104104501,-2.011094868183136,-1.9929057823287115,0.001524763595726755,1.0,4.2291534622631e-06,0.0042208257062291655,0.08082272402114338,7.454678923995407,-1.6676264653603234,-1.6676577279965084,-1.6505375355482101,3.126907783250014e-05,4.675097632874288e-06,0.004873294577312966,0.08479807805269957,9.294683337211609
600,-1.753166123672768,-1.7542802625232272,-1.7571361616805747,0.001114145197250225,1.0,1.8871410534133987e-05,0.00819017529418623,0.11762343416059459,7.823030913317645,-1.7771506359179816,-1.7771901686986287,-1.7665329724550247,3.952129433552424e-05,2.9604734208987793e-05,0.009208549784185985,0.12280218893041213,10.038248042265575
601,-2.040019061830309,-2.042449611204642,-2.057960598557084,0.002430535714935373,1.0,2.5788079357072194e-05,0.007339986748303528,0.10267144124265071,7.502391965300949,-1.9289617041746776,-1.9289879004160564,-1.9188983241717021,2.62154887119929e-05,1.8016580573506264e-05,0.00538003215721498,0.08406115649268031,9.581021328767141
602,-2.2418198408903898,-2.243511773921825,-2.2351637460567333,0.0016919104727330032,1.0,1.4186065830775382e-05,0.004397143713302082,0.07118871697673092,7.046647071838379,-1.8199523985385895,-1.8199751675128937,-1.8069273630777996,2.274794193605582e-05,9.34684915894953e-06,0.00371611644125854,0.0633867522701621,10.338705519835154
603,-2.3436163796318903,-2.344834495473791,-2.345327721701728,0.0012181292943380497,1.0,8.335569048169958e-06,0.0037334151652262167,0.06586170679441204,6.889566244902434,-2.002287526925405,-2.0023122479518256,-1.9891478071610134,2.472521737217903e-05,5.926979971112208e-06,0.003720351931406185,0.06341914397974809,9.47816969950994
604,-2.408414372691402,-2.409606439095956,-2.394678248299493,0.0011920510894722408,1.0,5.256855645172807e-06,0.0037451706809440146,0.07624586768172405,7.1029257421140315,-2.0558423052231474,-2.055869067708651,-2.04413873453935,2.676970325410366e-05,3.8304736259912415e-06,0.0037430525893190256,0.06622858547295134,9.836670517921448
605,-1.6479244552276753,-1.6492430755385645,-1.6413518609824005,0.0013186270716013732,1.0,8.180949323475403e-06,0.005159814488487663,0.08405336006372063,7.362378455974437,-1.817787230014801,-1.817807376384735,-1.8070196857055028,2.0144817729791004e-05,2.088157809036299e-05,0.009096666045176486,0.11621144041419029,10.137264132499695
606,-1.932870211424651,-1.9345801759649206,-1.934305641386244,0.0017099643333090676,1.0,3.0265945665801325e-05,0.008983007114794519,0.1206508179505666,8.043738135585079,-1.8958296676476798,-1.8958518852790196,-1.8835887710253398,2.2228341549634933e-05,2.4539126267579075e-05,0.0068829525844193995,0.09400797231743734,9.899287839730581
607,-2.149112237824334,-2.1511594498599016,-2.1260805041701705,0.002047213829225964,1.0,2.0068706699358126e-05,0.005550118663382751,0.0813885662290785,7.601884541688142,-1.909686620036761,-1.9097083806991577,-1.8964692850907643,2.1770441283782322e-05,1.1987577295258234e-05,0.004148926537406321,0.06593716408436497,9.621004303296406
608,-2.2501204720249883,-2.2518891096115112,-2.2495507884908608,0.0017686184771634915,1.0,1.0631459257705569e-05,0.004078043064240504,0.06933736911526432,7.253651707260697,-1.9653661002715428,-1.9653865098953247,-1.953449433048566,2.040504477918148e-05,7.633465656908811e-06,0.00395026063779369,0.06411458815758427,9.611429711182913
609,-2.311373132246512,-2.313054339201362,-2.306254192634865,0.0016811968827689136,1.0,6.673015680765578e-06,0.003971431706169689,0.06717875875808575,7.486083737126103,-2.0797294179598493,-2.079753483335177,-2.06623083849748,2.4056605373819668e-05,4.738312403181529e-06,0.004138358364192148,0.06856902890528242,9.854041496912638
610,-2.4281514838889793,-2.4294841289520264,-2.42360908013803,0.001332617951212106,1.0,4.393842825973277e-06,0.0043473290883142635,0.0823241390839771,7.216154010207565,-1.8795289347569148,-1.8795649856328964,-1.8643074830373128,3.605615347623825e-05,3.088438025618719e-06,0.004100691109973316,0.0728762005455792,9.575809101263683
611,-0.04824869086345037,-0.050305393834908806,-0.09918813269447398,0.0020567046271430123,1.0,0.00011910268759257397,0.018738101581456484,0.17971823474875204,13.784162044525146,-1.1608283643921216,-1.16092345615228,-1.1504789292812347,9.508213649193446e-05,0.00027318113643559627,0.03611291401709119,0.26084557734429836,14.263357202212017
612,-1.2662886866816767,-1.2708083700250696,-1.2694291008843317,0.004519682377576828,1.0,0.0003024831843234737,0.029479441060512153,0.23984228350498057,11.061559694784659,-1.3706407696008682,-1.3707228501637776,-1.3615052898724873,8.208622845510642e-05,0.00022986613112152554,0.020940940051029127,0.18350311803321043,11.777379115422567
613,-1.589530136850145,-1.5916632678773668,-1.5951330485167328,0.0021331286816685287,1.0,0.00018966271966713033,0.014564613190790018,0.1504218586617046,8.321777749944616,-1.6098820368448894,-1.6099444776773453,-1.5965124020973842,6.245076656341553e-05,0.00010746192250129145,0.009414689887004593,0.09684402402490377,10.397244175275166
614,-1.849763936466641,-1.8517578222133495,-1.8525913159052532,0.0019938802967468896,1.0,9.603038307870049e-05,0.007398006730471496,0.0893190770789429,7.65790554329201,-1.7001108328501382,-1.7001506586869557,-1.6836163699626923,3.982335329055786e-05,5.304161550157005e-05,0.00517231806103761,0.06451938425501187,9.83401338259379
615,-2.0197441577911377,-2.021697432906539,-2.016446109171267,0.0019532754603359434,1.0,4.80259030289879e-05,0.004470245498749945,0.0627188657031015,7.078121980031331,-1.701010286808014,-1.7010379284620285,-1.6794211988647778,2.7639403318365414e-05,2.7971106950038422e-05,0.003924445637191336,0.05665475890661279,9.957923372586567
616,-2.1243586849283287,-2.1260003646214805,-2.1157790510742753,0.0016416909380091561,1.0,2.876031040041535e-05,0.003769678753559236,0.058403105233554485,7.055007704982051,-1.7516926154494288,-1.7517142246166866,-1.7316151907046635,2.161390148103237e-05,1.7512067264154513e-05,0.0035431874081647643,0.05341001584505042,9.79056175549825
617,-2.1769536203808255,-2.1788393744715937,-2.1775334543652005,0.0018857683020609398,1.0,1.6356798941733023e-05,0.0036392609709528863,0.05889465342517252,7.0847709443834095,-1.8884532898664472,-1.8884781499703724,-1.8736996452013652,2.4859793484210968e-05,1.1156776243600083e-05,0.0036823837629829845,0.055268386378884315,9.410099109013876
618,-2.238702376683553,-2.2404033872816296,-2.247245015921416,0.0017010061829178422,1.0,1.1664381889675968e-05,0.00398541322943789,0.06687080894631368,7.191471841600206,-1.95009575287501,-1.9501221925020218,-1.9372276738286018,2.644172248740991e-05,7.074779280931883e-06,0.003956677004074057,0.06192209882040819,9.542255818843842
619,-2.376919402016534,-2.378082416675709,-2.3797160342887596,0.0011629971365133922,1.0,6.475458610145358e-06,0.00374323515980332,0.0646169356725834,6.710115521042435,-1.976575776934624,-1.9766091406345367,-1.9572156568368275,3.3364941676457725e-05,4.123590315430192e-06,0.0034791263072596243,0.05780006727824608,9.737850745519001
620,-2.2752198289941856,-2.2769318995652377,-2.2696875863605075,0.0017120838165283203,1.0,4.269687569494299e-06,0.0038262019882461537,0.07240336678094333,7.352314790089925,-1.7417773604393005,-1.7418043067057927,-1.7260096371173859,2.6947663476069767e-05,4.217865712992837e-06,0.00449257804818141,0.07216482904429238,9.897916038831074
621,-2.153188842314261,-2.155245335013778,-2.1497839424345226,0.002056492354582857,1.0,5.842050103200125e-06,0.005482235017956959,0.09056725918694779,7.6842668144791215,-2.006597931186358,-2.006629998485247,-1.996303677558899,3.206892870366573e-05,5.421840929405637e-06,0.005324009495476882,0.08579565087954204,9.617839137713116
622,-2.3197567418769554,-2.3207925028271146,-2.312300695313348,0.0010357597083957106,1.0,5.470425599519836e-06,0.005227921185670076,0.08437810300125016,7.415902137756348,-2.087177072962125,-2.087204327185949,-2.0779813627401986,2.7243047952651978e-05,3.823786452509618e-06,0.004387747447860117,0.07429852336645126,9.717196365197498
623,-0.33517630784599867,-0.3370474723202211,-0.32507362796200645,0.0018711607489320966,1.0,1.58257744344694e-05,0.006585629863871468,0.08668609791331822,10.083321818598995,-0.9824016665418942,-0.9825257087747256,-0.9690926969051361,0.00012403749860823154,0.00014665832350146957,0.026299397693946958,0.20742942641178766,23.330799341201782
624,-0.9147611790233188,-0.9273469072801096,-0.9286745742515281,0.012585718253696407,1.0,0.0003819158548678927,0.044671610894578474,0.30277465007923265,18.815586973119665,-0.9981276616454126,-0.9983137821157774,-0.9893591652313868,0.00018611550331115723,0.0004029956301868272,0.047291893667231,0.3068358687063058,15.682654857635498
625,-1.1943197515275743,-1.2046882885473746,-1.2058872690907232,0.010368537709668831,1.0,0.00036213864762060067,0.03328758098736957,0.26045297969270637,11.45473070497866,-1.3315858195225398,-1.3317266354958217,-1.3233676254749298,0.00014082334625224272,0.00023173986058585191,0.022655980583901208,0.1887209384391705,11.687524199485779
626,-1.5394832028283014,-1.5478823052512274,-1.5356702892868608,0.008399110977296476,1.0,0.0001811721174615539,0.015291154626067038,0.1406739345855183,9.131800527925845,-1.5686681469281514,-1.5688050190607707,-1.5608683228492737,0.00013686980431278548,9.139199755736627e-05,0.009552922565490007,0.09761981635044019,10.644275089104971
627,-1.844950552339907,-1.851236519990144,-1.8512362904018826,0.0062859699268032,1.0,7.556281222302157e-05,0.006735138508870646,0.07583827180442987,7.692686363502785,-1.5791466658314068,-1.5793721204002698,-1.5751124421755474,0.0002254648134112358,3.545190710004439e-05,0.004480879443387191,0.053062198062737785,10.49619710445404
628,-1.9585386249754164,-1.9669262612307514,-1.971312748061286,0.008387649224864112,1.0,3.467011898734469e-05,0.004304162838875696,0.05204306349710182,7.807081611068161,-1.7565173109372456,-1.7567442109187443,-1.7410008410612743,0.00022690052477022013,2.7753414694113115e-05,0.004390191500230382,0.05383126996457577,9.643221358458202
629,-2.0384384349540428,-2.047365325468558,-2.037516914032124,0.00892689168729164,1.0,2.136153169111047e-05,0.004390827785418542,0.05543371966039693,8.136576793811939,-1.8277870565652847,-1.827952926357587,-1.816176804403464,0.000165881821885705,1.3867617819111425e-05,0.004417699160209547,0.055448949026564755,10.186739404996235
630,-2.19232714176178,-2.201418885478267,-2.1984618328235768,0.009091737921591158,1.0,1.0101417131038573e-05,0.004194147229470589,0.05556866526603699,7.665115038553874,-1.9532974312702815,-1.9535212963819504,-1.9388535519440968,0.00022388117698331675,5.987452614893603e-06,0.004036851731749873,0.054787249149133764,10.07804129521052
631,-1.991227583752738,-1.9969423269784008,-1.9891704033922266,0.005714731635870757,1.0,5.52375550560774e-06,0.004638340625980938,0.0662110981841882,7.7420760790507,-1.8561367789904277,-1.8566068559885025,-1.8422216176986694,0.00047008149946729344,1.2691252171255959e-05,0.007117323383378486,0.0843792970602711,10.000739435354868
632,-1.8579844015615958,-1.8634062078264024,-1.8609285796130146,0.005421798331318078,1.0,2.927690857851067e-05,0.00936340573416264,0.10764986414600301,8.225376729611996,-1.8130356470743816,-1.8131940911213558,-1.803047999739647,0.0001584331039339304,2.9601222043614445e-05,0.008333487571993222,0.09242931318779786,10.252785980701447
633,-2.1031915876600475,-2.1069594268445617,-2.091699472180119,0.003767855603385855,1.0,2.0874308743427888e-05,0.005936782091373095,0.07500381671168187,7.52389849556817,-1.8481903572877247,-1.8483307907978694,-1.8353092819452286,0.00014043056095639864,1.1131013328243474e-05,0.004034846448727573,0.053950631991028786,10.178429385026297
634,-2.273478282822503,-2.277580627688655,-2.2708436206535056,0.004102361629958506,1.0,8.471240562357707e-06,0.003866612583536793,0.055527226240546616,7.385684808095296,-1.9664051880439122,-1.9666317800680797,-1.9631390869617462,0.00022658907497922579,5.083457741269133e-06,0.003754443042756369,0.05519263197978338,10.085886140664417
635,-2.2550139780397767,-2.2605942840929383,-2.261473050823918,0.005580329577679987,1.0,4.603377773390902e-06,0.004699776811456239,0.07183338163627519,8.244463108204029,-2.134069209297498,-2.1341935793558755,-2.127236694097519,0.00012435290652016798,3.31783693733693e-06,0.0049205317433613045,0.07350697508081794,9.90260648727417
636,-0.2816509758984601,-0.29302921270330745,-0.237092377661072,0.011378226318845042,1.0,8.74579839176106e-05,0.017255444976466673,0.1555846819171199,15.415186475824427,-1.139552225669225,-1.1400745684901874,-1.129959228138129,0.000522342665741841,0.0002224950640083989,0.03313660086132586,0.24098721208671728,16.058865388234455
637,-1.1919545906561393,-1.2099677324295044,-1.201227029164632,0.018013142946141737,1.0,0.00023725354899566069,0.03145665744388545,0.23911504999355035,12.736926608615452,-1.3109692682822547,-1.3112206707398097,-1.3023963545759518,0.0002514008277406295,0.00016517801547403602,0.02386335260234773,0.20726360939443111,13.11360776424408
638,-1.5082261385741058,-1.5181306291509558,-1.5123088050771643,0.009904482643361445,1.0,0.00015275258435091624,0.01776407014026686,0.14757911985119185,8.682516539538348,-1.5536209295193355,-1.5537912001212437,-1.5426746358474095,0.00017027750921746096,9.639329558315997e-05,0.011637925907659033,0.12252575904130936,10.713584661483765
639,-1.7592539522382948,-1.7676947867428814,-1.7627895717267636,0.008440838229876978,1.0,8.533694253182384e-05,0.009253494269042104,0.09687126676241557,7.857587743688513,-1.6548506369193399,-1.6550233612457912,-1.6445407966772716,0.00017271943700810274,5.108192090119701e-05,0.006459439076328029,0.07733923088138302,10.055798133214315
640,-1.9242489956043385,-1.9318099286821153,-1.9350809830206412,0.007560933284737446,1.0,4.8812185721342554e-05,0.0057434953783673266,0.06747361120802385,7.389782199153194,-1.6460521941383681,-1.6462160646915436,-1.6335868835449219,0.0001638748993476232,3.053974880155389e-05,0.004403646453283727,0.05667789280414581,10.119045813878376
641,-2.019986726619579,-2.0274924393053406,-2.020036017453229,0.007505711237037623,1.0,3.0711902110380365e-05,0.004377484545801525,0.05746267197860612,7.260158309230098,-1.7527392680446308,-1.7529016062617302,-1.7391731267174084,0.00016233309482534727,2.1325732025919326e-05,0.003949098667362705,0.05426872211198012,9.624568939208984
642,-2.0803079870012073,-2.0877491898006864,-2.063441453156648,0.0074412082494409,1.0,2.0402489941194222e-05,0.004072606477334544,0.05524382471210427,7.614151460153085,-1.7852227836847305,-1.7853633438547452,-1.775793122748534,0.0001405724324285984,1.3662127268313876e-05,0.0037725227690922716,0.05350837313259641,9.688416818777721
643,-2.1931861639022827,-2.19778929816352,-2.2117172656235873,0.004603147713674439,1.0,1.4079655961217617e-05,0.003820498732642995,0.053929012544729094,6.839683974230731,-1.8582280402382214,-1.8583639586965244,-1.8487255349755287,0.0001359228820850452,8.829069467234755e-06,0.0035244368482381105,0.05243736784905195,9.747189501921335
644,-2.2949960982358015,-2.299060591944942,-2.292748323193303,0.004064508472327833,1.0,8.438746405132676e-06,0.0035543568190877085,0.054984910482609714,6.748931725819905,-1.8949629788597424,-1.89512600004673,-1.8784555022915204,0.00016303228524823984,5.575007075246201e-06,0.0033101568502994874,0.046265961757550635,9.522646347681682
645,-2.1825712612933583,-2.1893638632501715,-2.169963074779069,0.006792602991616285,1.0,5.876762467475298e-06,0.0039057730938549394,0.05987376354082867,8.194353191940873,-1.9115682790676753,-1.9117048929135005,-1.9077937950690587,0.0001366213740160068,4.1775937991891015e-06,0.0041853178408928216,0.06455306196585298,10.52834983666738
646,-2.3393824409555504,-2.3429730777387268,-2.3507959533620766,0.0035906180877376486,1.0,4.513958612261814e-06,0.005142654042208084,0.0768990033754596,7.100727222583912,-2.1011463006337485,-2.1012770384550095,-2.094791645805041,0.00013072680061062178,2.9180122946096767e-06,0.00446637569499823,0.07296355410168569,9.66521829366684
647,-0.4638695981767442,-0.4688618094832809,-0.4884362088309394,0.004992201648376606,1.0,7.835393455900851e-06,0.005422333721071482,0.08074104841108676,9.197866210231075,-0.9009516636530558,-0.9011087889472643,-0.8878869414329529,0.00015712560464938483,5.687232063185851e-05,0.015514597374324998,0.159523770523568,20.415208975474037
648,-0.9288916102162114,-0.9349029240784822,-0.9283571795180992,0.00601131648377136,1.0,0.00031279718341129073,0.035487776001294456,0.27335671418242985,19.061932387175382,-1.0290590822696686,-1.0293978154659271,-1.0208625867962837,0.0003387310231725375,0.00040300635858632933,0.04623626250152787,0.3545089513063431,15.466572483380636
649,-1.1741174945124873,-1.1819024836575542,-1.1841712594032288,0.007784985143829275,1.0,0.00035963464135959467,0.03615620953065378,0.2825661991481428,11.637884281299732,-1.276918719212214,-1.2770965149005253,-1.2700240363677342,0.00017778753923873106,0.00026512611414849135,0.026947346981614828,0.24068364004294077,12.29163618882497
650,-1.4874071015252008,-1.4928827948040433,-1.5030001843417133,0.005475695555408795,1.0,0.00020773063523746614,0.018532739641765755,0.17492065689078085,8.675246150405318,-1.5145899057388306,-1.5147064278523128,-1.5088432133197784,0.00011652087171872456,0.00013316609541410193,0.012922078177022437,0.13507321352759996,10.896641929944357
651,-1.7123785195527252,-1.7209291016613995,-1.7050114693465057,0.008550585075109094,1.0,0.00010339103283951301,0.009560043699349518,0.1073397920915374,8.563961735478154,-1.6381072998046875,-1.6381863256295521,-1.6370909214019775,7.903560375173886e-05,6.335313446470536e-05,0.006734037112134199,0.07834938649709026,10.205617527167002
652,-1.913887174041183,-1.9187299101440995,-1.9025241401460435,0.00484274389843146,1.0,5.440599044151087e-05,0.005607248370156244,0.07116515106625027,7.619274139404297,-1.7069032862782478,-1.7069860671957333,-1.6999082292119663,8.278060704469681e-05,3.4529642789493664e-05,0.004547357530100271,0.05625952500849962,9.659186859925589
653,-1.9800639505739566,-1.9857609360306352,-1.9623638612252694,0.005696990216771762,1.0,3.248038248986834e-05,0.004565333550864899,0.060976028649343386,7.945455851378264,-1.7801496088504793,-1.7802417129278183,-1.7748161604007084,9.209561782578628e-05,2.3412661903421395e-05,0.004260835509436826,0.05692139035090804,9.775983194510141
654,-2.073079263722455,-2.0804780986573963,-2.0719079662252358,0.007398838315297056,1.0,2.0131183326291784e-05,0.004424734248055352,0.06419030031948178,7.647257663585521,-1.8382645944754283,-1.8383526653051376,-1.8370708003640175,8.808371300498645e-05,1.278332824009946e-05,0.0040686205999615295,0.055818613152951,9.656618913014729
655,-2.157944153856348,-2.1637207048910634,-2.1543287436167398,0.005776564073231485,1.0,1.1530202199436542e-05,0.0042265949391380505,0.05788848149003806,7.491798983679877,-1.9103596458832424,-1.910446673631668,-1.9114931374788284,8.701750387748082e-05,7.491222694018991e-06,0.003946834709495306,0.054519268684089184,9.822397867838541
656,-2.0728181997934976,-2.077243027863679,-2.067036085658603,0.004424838211249422,1.0,7.773317705599496e-06,0.004683727734825677,0.06814648197204978,8.06745195388794,-2.019677519798279,-2.0197566598653793,-2.01456847290198,7.914348194996516e-05,6.962076459634166e-06,0.006168641421633462,0.08341966196894646,10.074523647626242
657,-2.295488366374263,-2.299365025979501,-2.305319759580824,0.003876673333622791,1.0,5.189136943415549e-06,0.005388402871580588,0.07541106310155657,7.1624399820963545,-1.7341685046752293,-1.7342762003342311,-1.7253410071134567,0.00010769107999900977,3.117365309890374e-06,0.0040052159553548945,0.05662776172781984,9.620048522949219
658,-2.2616673398900917,-2.2666677987134016,-2.270469166614391,0.005000466687811745,1.0,3.9856812169024055e-06,0.004427296359574905,0.06416831565675912,7.138452459264685,-1.7534240980943043,-1.7535272588332493,-1.7493504285812378,0.00010316368813316028,3.908510014601537e-06,0.004574223596137017,0.06828084603572886,9.520375510056814
659,-2.309667300294947,-2.3144630237861916,-2.324617518319024,0.00479574522210492,1.0,3.92841159871885e-06,0.004516755713632813,0.06451008179121548,7.200206527003536,-2.0711048940817514,-2.071193660298983,-2.064407909909884,8.877514240642388e-05,3.017848968056569e-06,0.004109846874295424,0.060125024213145174,9.486666838328043
660,-2.0717533606070058,-2.0773328454406172,-2.0666419091048063,0.005579478210873074,1.0,4.01327073025944e-06,0.004927620265839828,0.06887676070133845,8.226803090837267,-2.0825141916672387,-2.0826134284337363,-2.075012514988581,9.92096805324157e-05,5.39064473059625e-06,0.0071132617886178195,0.09381110904117425,10.227959473927816
661,-2.3135427633921304,-2.3159398061257823,-2.300726056098938,0.0023970537025619436,1.0,5.173576129083004e-06,0.0067261578515172005,0.08873049914836884,7.195588977248581,-2.160279134909312,-2.1603811283906302,-2.150663579503695,0.00010200651983420055,3.1007708021964695e-06,0.0049152293941006064,0.06645529406766097,9.597945471604664
662,-0.649816228835671,-0.6532435706920094,-0.6433611821245264,0.0034273256444268757,1.0,4.7468960474361666e-05,0.010035619243151613,0.10471520324548085,11.078105025821262,-1.275681344171365,-1.275902735690276,-1.2672602981328964,0.00022138437877098718,0.00017669487169769127,0.023042087676003575,0.18162980489432812,14.774156888326008
663,-1.3153716325759888,-1.3270021323804502,-1.3167002245231911,0.01163050097723802,1.0,0.0002010836361916046,0.023915797954908124,0.1802246606460324,11.506055337411386,-1.367145155866941,-1.3673586249351501,-1.359902744491895,0.00021347605312863985,0.00015815021682404526,0.01997114399758478,0.1603574970116218,12.239259560902912
664,-1.5889483116291188,-1.5976053520485207,-1.6033371731087014,0.008657038073848796,1.0,0.00014723773805329715,0.015131178449977327,0.12622791708067613,7.892076262721309,-1.6065933803717294,-1.6067833801110585,-1.5987145006656647,0.00018999911844730377,8.730414507833e-05,0.010126334925492605,0.09168651637931664,10.349997003873188
665,-1.8434535176665694,-1.854443872416461,-1.8504235214657254,0.010990359716945224,1.0,7.624312463492431e-05,0.007655853440088255,0.07656292865673701,7.458433398494014,-1.6990679055452347,-1.6992278695106506,-1.686853217581908,0.00015996544001003107,4.4007881418413795e-05,0.005080303487678369,0.052162731842448316,9.73040274779002
666,-1.9907979788603607,-1.999516699049208,-1.997830002396195,0.008718726121717028,1.0,4.110934598968554e-05,0.004615460738056788,0.05371803811026944,7.374425693794533,-1.7733772049347558,-1.7735032041867573,-1.759262445072333,0.00012599932961165905,2.6771560593867132e-05,0.003984930013151218,0.048674349983533226,9.404962996641794
667,-2.05430335910232,-2.0639221447485463,-2.0660230407008418,0.009618800616374722,1.0,2.567184990901431e-05,0.0040726301570733385,0.051623955782916814,7.349174057995832,-1.8361818666259448,-1.8362931087613106,-1.8230021769801776,0.00011124461889266968,1.7885923398353043e-05,0.00391432498387682,0.04824966688950857,9.418968995412191
668,-2.1602840423583984,-2.170947723918491,-2.162225268505238,0.010663701428307427,1.0,1.7420584265858418e-05,0.003984847692427812,0.0527186562065725,7.203392329039397,-1.9047072132428489,-1.904805247982343,-1.8856963589787483,9.803489471475284e-05,1.1490514831772694e-05,0.003607363197564458,0.048036258202046156,9.38187696536382
669,-2.2780019398088807,-2.2830085312878645,-2.288047684563531,0.005006607690895045,1.0,1.0714897867998203e-05,0.00351828810138007,0.048281170427799225,6.724970799905282,-1.9084035009145734,-1.9084953268369038,-1.9012926047046979,9.18111763894558e-05,7.0771960546759756e-06,0.0033168975981728486,0.04534806637093425,9.441114803155264
670,-2.3488148230093495,-2.353307807887042,-2.3544310243041426,0.004492972598031715,1.0,7.122703074721223e-06,0.003395040243588112,0.05026060618736126,6.608045118826407,-2.001288622617721,-2.0013700127601624,-1.9924313202500343,8.139999893804391e-05,4.8924400933477346e-06,0.0032453168338785567,0.04487116433059176,9.139917413393658
671,-2.389280186759101,-2.3936256170272827,-2.385424402025011,0.004345429992234266,1.0,4.757953825497276e-06,0.003371154027128661,0.04788256878102267,6.801314106693974,-0.7872165963053703,-0.7872904029985269,-0.7651206025232872,7.38059946646293e-05,3.585031966698201e-06,0.0033645498333498836,0.048396025163431965,9.563308358192444
672,-2.113110958426087,-2.1174987488322787,-2.130470821151027,0.004387792544784369,1.0,5.574770478199719e-06,0.004459616038258429,0.06448901292902452,7.289203944029631,-1.9532583405574162,-1.9533213526010513,-1.9419119209051132,6.301530326406161e-05,5.728735269864653e-06,0.005336702801287174,0.07230748236179352,9.217844029267628
673,-2.34760531672725,-2.3499345072993525,-2.3437256813049316,0.0023291809829296887,1.0,5.625773559990597e-06,0.004656314539412658,0.0709853387541241,6.5577128021805375,-2.043918048342069,-2.0439768383900323,-2.036506399512291,5.880060295263926e-05,4.369422659541063e-06,0.004103839950403199,0.05954265004644791,9.239258805910747
674,-2.434067205146507,-2.4371177355448403,-2.438672489590115,0.003050549300732436,1.0,4.084305921289207e-06,0.0036954028204221417,0.05693077903102945,6.506635983784993,-2.057996774713198,-2.0580513874689736,-2.0510063618421555,5.460150229434172e-05,3.147556213889402e-06,0.0034292430112448833,0.050734210293740034,9.42327598730723
675,-2.1845255162980823,-2.1877280517860695,-2.17781396706899,0.0032025314177627916,1.0,4.592317576747586e-06,0.004005553399178165,0.06142151493717123,6.85088136461046,-2.0697941730419798,-2.069848582148552,-2.060149371623993,5.440592455367247e-05,4.864445372732007e-06,0.004462069550451512,0.06330907701825102,9.225371082623798
676,-2.4650871753692627,-2.466884824964735,-2.4637793876506664,0.0017976322797713456,1.0,4.833581476338656e-06,0.003883199964615482,0.058952464549629775,6.226354546017117,-2.084374373157819,-2.0844240138928094,-2.0685638189315796,4.964244241515795e-05,3.4036868328257697e-06,0.0033301734850586704,0.05075565632432699,9.248082041740417
677,-2.3268707902343184,-2.32943649203689,-2.313207432075783,0.0025657092531522117,1.0,3.868272474223717e-06,0.0036248119754923713,0.054220711053521546,7.003836066634567,-2.053630515933037,-2.053674563765526,-2.0384681721528373,4.405652483304342e-05,3.4184684712575595e-06,0.003786807084300866,0.05650890929003557,8.992012480894726
678,-2.3458216808460377,-2.348645426608898,-2.3490841653611927,0.0028237533514146452,1.0,3.956825114275691e-06,0.003931888120455874,0.0604288304845492,6.633418489385535,-2.174877737959226,-2.1749168584744134,-2.162408873438835,3.913929685950279e-05,3.4270373608554414e-06,0.004035539711670329,0.06306021117294829,8.903978884220123
679,-2.30067100348296,-2.3037301655168885,-2.2838806134683116,0.0030591563770064603,1.0,3.903689924266439e-06,0.003949987926278953,0.06350705055175004,6.889329433441162,-1.5757318288087843,-1.5757704625527065,-1.5651512344678242,3.863094995419184e-05,3.7755204023900055e-06,0.004208329958297933,0.061662054931124054,8.779578069845837
680,-2.0037534722575434,-2.005218258610478,-2.004844625790914,0.001464785111171228,1.0,7.680920252487002e-06,0.005074565410958948,0.06877392282088597,6.551058822207981,-1.9332196911176047,-1.9332609176635742,-1.9159530401229858,4.121544770896435e-05,9.717873126646737e-06,0.005384436750318855,0.0708013391122222,9.307218670845032
681,-2.3030533349072493,-2.304456931573373,-2.2799446008823536,0.0014035750732377724,1.0,9.529196463349595e-06,0.004589550507565339,0.06547948662881498,6.479284463105379,-2.017810935775439,-2.0178451240062714,-2.0035586257775626,3.419257700443268e-05,6.672356619219499e-06,0.003621106365850816,0.053666108287870884,8.922350843747457
682,-2.389301127857632,-2.3920573393503823,-2.3864665340494224,0.002756233913479028,1.0,6.085267428985659e-06,0.003420791261036087,0.05527605040481797,6.841651333702935,-2.0819081763426466,-2.08193738758564,-2.077533408999443,2.9193625474969547e-05,4.486803239463673e-06,0.003382387056869144,0.05394966062158346,8.857631007830301
683,-2.457386228773329,-2.4601405461629233,-2.441413508521186,0.002754321252858197,1.0,3.941234808735317e-06,0.0034515682124981175,0.054395060158438154,6.930392159356011,-2.0658120264609656,-2.0658383518457413,-2.0525676210721335,2.631234625975291e-05,2.784573799393305e-06,0.003317107504699379,0.053508773911744356,9.126899719238281
684,-0.3460470294510877,-0.3480861026931692,-0.3466539371896673,0.002039073380055251,1.0,5.656805861117728e-05,0.0121799410165598,0.12225553379566581,11.93570430190475,-1.1817258944114049,-1.1818467751145363,-1.168463870882988,0.00012087542563676834,0.00012834295588011932,0.025346375070512295,0.19453638046979904,14.79710626602173
685,-1.389174637971101,-1.3926200204425387,-1.401376313633389,0.003445382885358952,1.0,0.00016124441592384956,0.022599077680044703,0.1865814295079973,10.424003300843415,-1.4724242091178896,-1.4725143164396286,-1.463708609342575,9.010716651876767e-05,0.00013166864149146326,0.01751595789877077,0.15110958678026995,11.007763663927713
686,-1.7100442427176017,-1.7120535020475034,-1.7099937333001032,0.0020092585710463702,1.0,0.00010647319949283783,0.012224224671997406,0.11523660644888878,7.443565368652344,-1.6774273266394935,-1.67749219139417,-1.6730506519476573,6.488811535139878e-05,6.644120442918695e-05,0.008653709199279547,0.08695046945164601,9.662591318289438
687,-1.8981682591968112,-1.9007435065728646,-1.899710942197729,0.002575256551305453,1.0,5.5135161919342524e-05,0.006778070875615986,0.08022791892290115,7.595909701453315,-1.751350070039431,-1.7513950665791829,-1.7442641134063404,4.500127397477627e-05,3.794266240220168e-05,0.005382144629644851,0.0657496623074015,9.346859713395437
688,-2.087918012230485,-2.0896652804480658,-2.0944741478672735,0.0017472534543938106,1.0,3.277319343329442e-05,0.004416246924342381,0.06089047632283635,6.52200804816352,-1.7954948966701825,-1.7955322911341984,-1.785369743903478,3.737420774996281e-05,2.421738364925356e-05,0.003767541541795557,0.04982480608547727,9.029195825258892
689,-2.1241459581587048,-2.127420279714796,-2.118928728280244,0.0032743320420936303,1.0,2.0270286835579168e-05,0.003571538064904787,0.050720407317082085,6.919399720651132,-1.8005417461196582,-1.8005738109350204,-1.7811007052659988,3.206303032735983e-05,1.7325744617361732e-05,0.0035864687912787,0.047302679158747196,9.552452147006989
690,-2.2588672461333097,-2.2607146898905435,-2.2737441945959023,0.001847443343312652,1.0,1.4551465634819275e-05,0.0035002682944414794,0.04903076678790428,6.361968517303467,-1.9176926488677661,-1.9177220240235329,-1.8983040675520897,2.938082131246726e-05,1.0537623988208603e-05,0.0032317933024993786,0.04436306686451038,8.944367746512095
691,-2.314916314902129,-2.316788329018487,-2.3361747176558882,0.0018720112878967215,1.0,9.07027060748078e-06,0.003244435328438326,0.04897219177197527,6.447456183256926,-1.8728019545475643,-1.872827077905337,-1.858867568274339,2.513957830766837e-05,6.785248558571766e-06,0.0031315761540705958,0.045423823253562055,9.622850239276886
692,-2.3510947359932794,-2.3528903943521007,-2.354433699890419,0.0017956524949382852,1.0,5.9388069160006665e-06,0.003533068699417291,0.05674254990838192,6.844177316736292,-2.0805601527293525,-2.08058208723863,-2.0591255128383636,2.1916348487138748e-05,4.643500991126833e-06,0.003517080389428884,0.055899413768202066,9.200795392195383
693,-2.4686240443476923,-2.470077532309073,-2.455481926600138,0.0014534898240257193,1.0,3.973833827330964e-06,0.003327914660244628,0.05467844333637644,6.5472076204088,-2.07015190521876,-2.0701752255360284,-2.0532075886925063,2.331954116622607e-05,3.227106465904702e-06,0.0032277626742143184,0.0504932114854455,9.320574045181274
694,-1.8052148002165336,-1.8067839104268286,-1.806368365055985,0.0015691186956785343,1.0,5.1771386114086014e-06,0.004285055721454599,0.06468664958245224,7.058128056702791,-1.505823329091072,-1.505841113626957,-1.4872831801573436,1.7784225443998974e-05,1.225336840586048e-05,0.006938559759873897,0.09109758927176397,9.27397765715917
695,-2.0546887848112316,-2.0562763258262917,-2.042075280789976,0.00158754363656044,1.0,1.9109737035318244e-05,0.007150247762048686,0.09494047929291372,7.119269070801912,-1.9712929924329123,-1.971308211485545,-1.95928755402565,1.5196545670429865e-05,1.7029943440623658e-05,0.005901144313005109,0.08212113644306858,9.05446602900823
696,-2.2987235652075872,-2.2998378100218595,-2.289164013332791,0.001114250471194585,1.0,1.3595273264433706e-05,0.004411189894502361,0.06553963502800023,6.397780330092819,-1.9383638699849446,-1.9383762429157894,-1.9301186104615529,1.2386279801527659e-05,8.668178736570553e-06,0.0033684630858867117,0.04952519775057832,9.268454929192862
697,-2.3750182390213013,-2.3768999135052717,-2.3821983911372997,0.0018816593068617363,1.0,7.392319343192934e-06,0.0032505355861589865,0.0506783506522576,6.618955903583103,-2.020248090227445,-2.020261804262797,-2.004487991333008,1.3720321779449781e-05,5.328675854343601e-06,0.003152802208205685,0.05075862569113573,9.108005384604136
698,-2.4098105916270502,-2.4113430667806557,-2.4009444272076643,0.0015324906756480534,1.0,4.858623031867427e-06,0.0036395417560857756,0.0590035542845726,6.971062819163005,-2.1318537741899486,-2.1318685362736383,-2.1286859760681787,1.476122997701168e-05,3.652907139439776e-06,0.003485185511332626,0.05390825836608807,8.777253886063894
699,-1.6151084734333887,-1.6168408195177715,-1.6246819452003196,0.0017323649177948635,1.0,5.904537846180136e-06,0.004578711378767535,0.06975512523893956,7.301532992610225,-1.8888840973377228,-1.8889017899831135,-1.8752960513035457,1.7695749799410503e-05,1.860918882812257e-05,0.008268550174155584,0.10559061511109273,9.269470075766245
700,-1.9325335952970717,-1.934401269312258,-1.9567967697426125,0.0018676516634446602,1.0,3.357514671936062e-05,0.008885337005334872,0.1010705342999211,7.4259297229625565,-1.9269506881634397,-1.9269676357507706,-1.9138160645961761,1.6944870973626774e-05,2.959718707037003e-05,0.007126165049461027,0.08477055498709281,9.093156695365906
701,-2.0720849542844073,-2.0742732123644263,-2.0701084656778863,0.0021882622882171913,1.0,2.3606847915086997e-05,0.006004675256985205,0.07550591768489943,7.3672805892096624,-1.9759849111239114,-1.975999469558398,-1.9655503978331883,1.4549586921930313e-05,1.6027102750134265e-05,0.004617365077137947,0.06224122969433665,9.190244376659393
702,-2.3218116053828486,-2.3229150507185192,-2.3224842327612416,0.0011034778974674366,1.0,1.257967330645813e-05,0.003801564065118631,0.05401487248363318,6.3956798447502985,-1.9596416105826693,-1.9596572170654933,-1.947501117984454,1.561207075913747e-05,7.998644529531399e-06,0.003117533769303312,0.04627464928974708,9.08807522058487
703,-2.425454060236613,-2.426580826441447,-2.4270441267225475,0.0011267527523967954,1.0,6.797321559672666e-06,0.003063258749467355,0.04761751416932653,6.22308333714803,-1.9993409564097722,-1.9993592302004497,-1.992266520857811,1.82761965940396e-05,5.085219925149431e-06,0.002929727178222189,0.0449547873189052,8.974234580993652
704,-2.5367455747392444,-2.537670621165523,-2.535326463204843,0.0009250600166894772,1.0,4.435322369789463e-06,0.0027822931469590577,0.04691401448238779,6.015685311070195,-2.0202161595225334,-2.0202369888623557,-2.0032782877484956,2.0864342028896015e-05,3.3306067545405917e-06,0.002742074604611844,0.043141023333494864,9.121527175108593
705,-2.135114069338198,-2.1364266872406006,-2.1532516700250133,0.0013126349421562972,1.0,4.0638704595713295e-06,0.0033116047184362455,0.051802014794062684,6.279086943025942,-1.6434139708677928,-1.6434296021858852,-1.6269734327991803,1.563054199020068e-05,5.496980312121498e-06,0.004466280748602003,0.06295860807100932,8.880554258823395
706,-2.2610222851788557,-2.262157912607546,-2.2626520042066223,0.0011356155629511232,1.0,7.780208980639819e-06,0.004702007311775729,0.06778932059252704,6.436454384415238,-2.03261894484361,-2.0326327830553055,-2.022141382098198,1.3838366915782293e-05,6.472295903373985e-06,0.003988755275107299,0.05497412942349911,8.788055539131165
707,-2.4392577983714916,-2.4402540966316506,-2.452723326506438,0.000996313989162445,1.0,5.9980520072039565e-06,0.003398208602986954,0.05060888212864046,5.944479147593181,-2.0907025287548704,-2.090717683235804,-2.0804642538229623,1.5143770724534988e-05,4.283223499138937e-06,0.0029814786297113947,0.04606397124007344,8.55177346865336
708,-2.4880890757949263,-2.4894670292183205,-2.4928417205810547,0.0013779459038266429,1.0,3.950915099806109e-06,0.0030557833594718467,0.050060506289203964,6.276869614919026,-1.7516494144996009,-1.7516657213370006,-1.738862415154775,1.63116492331028e-05,2.8368754385610373e-06,0.002987235871842131,0.0459970699933668,8.752248426278433
709,-2.103465190640202,-2.105111841802244,-2.0938368285143816,0.001646646953843258,1.0,4.1760152742898314e-06,0.004549207752225576,0.07070685164244087,7.437756114535862,-1.7319583346446354,-1.7319733301798503,-1.7110095371802647,1.5003373846411705e-05,4.631719567290323e-06,0.005985927069559693,0.08962568392356236,9.732693870862324
710,-2.308601661964699,-2.3099689527794167,-2.312148478296068,0.0013673161328942687,1.0,4.857198257889616e-06,0.005230798799958494,0.07691973544381282,6.466073945716575,-2.1218141764402394,-2.1218300412098565,-2.1133203953504562,1.585801752905051e-05,4.246266883001226e-06,0.004456179041881114,0.06685930692280333,8.93958036104838
711,-2.329273568259345,-2.33053688649778,-2.3093670341703625,0.00126331582389496,1.0,3.979622971638929e-06,0.0038082931121742286,0.05765627710907548,6.409318411791766,-2.1776909828186035,-2.177705849210421,-2.1642943074305854,1.48736871778965e-05,3.781290397834406e-06,0.003585035912692547,0.05528929317370057,8.423934141794842
712,-2.424311125719989,-2.425181159266719,-2.424778947123775,0.0008700403764292046,1.0,4.450899268704234e-06,0.0035650085623341577,0.05633466966726162,6.145407199859619,-1.947063540418943,-1.947076807419459,-1.9335362240672112,1.3268785551190376e-05,3.994582262597153e-06,0.003315326942053313,0.053192764054983854,8.830025811990101
713,-2.5156068448667175,-2.5163777757574013,-2.5014912993819625,0.000770927510327763,1.0,3.568384760944388e-06,0.003083326715838026,0.04890319642921289,6.0731950512638795,-1.8018108184138932,-1.8018240332603455,-1.7884817744294803,1.3212285314997038e-05,2.948123788352556e-06,0.00289818859891966,0.045436489240576826,8.40425843000412
714,-2.109394832893654,-2.110454139886079,-2.1038113920776933,0.0010593216176386232,1.0,5.054851305464615e-06,0.003843157172754959,0.05691710659475238,6.3529322588885275,-2.012048621972402,-2.0120616108179092,-1.997421105702718,1.2971150378386179e-05,6.614570850160817e-06,0.004568338277749717,0.06446801591664553,8.666710793972015
715,-2.407111137001603,-2.4081735522658736,-2.4098946032700717,0.00106238035692109,1.0,6.631807536905399e-06,0.004049361441974287,0.05684428634466948,6.269504123263889,-2.062558064858119,-2.0625691264867783,-2.049578202267488,1.1063956966002783e-05,4.49442929569462e-06,0.0032241992691221335,0.048970575289179884,8.991655548413595
716,-2.532974631698043,-2.5341058483830206,-2.530503096403899,0.0011312212381098005,1.0,4.092740591995944e-06,0.0029089642059126936,0.04619683007951136,6.030458167747215,-1.6086013714472454,-1.608613523344199,-1.6012572571635246,1.2150422359506289e-05,2.839172708490878e-06,0.0026821244100574404,0.04347304254770279,8.649849534034729
717,-1.748197865706903,-1.7495071843818382,-1.7515786003183436,0.0013093249527392564,1.0,1.0435449405998009e-05,0.004688881260032455,0.06168153813039815,6.727485038616039,-1.992296978831291,-1.9923094809055328,-1.9779383937517803,1.2480576212207476e-05,1.7652143469604198e-05,0.006121076915102701,0.07976746559143066,8.927119811375935
718,-2.2696148024664984,-2.2705647945404053,-2.268082892453229,0.0009499950403416598,1.0,1.6358592229489995e-05,0.004854541211561473,0.06335432068617255,6.029148702268247,-2.011111840605736,-2.0111221969127655,-2.003180126349131,1.036468893289566e-05,1.0621331853144511e-05,0.0035761879019749663,0.052416069277872644,8.75326677163442
719,-2.3795111135200218,-2.3806067793457597,-2.3872805171542697,0.0010956552707486683,1.0,8.76564120146752e-06,0.003083892882353178,0.046551878529566305,6.153187734109384,-2.0233233869075775,-2.0233317986130714,-2.010562169055144,8.418147141734758e-06,6.045830256577271e-06,0.0029725127872855714,0.04483631206676364,8.82828203837077
720,-2.5262820720672607,-2.5270872469301575,-2.5279946857028537,0.0008051764495946743,1.0,5.229765402300809e-06,0.002851483420710321,0.044442804599249805,5.9951649065370916,-2.096572945515315,-2.096582517027855,-2.0980063502987227,9.554515903194746e-06,3.6476170824547203e-06,0.002722693170653656,0.04490905782828728,8.348045766353607
721,-2.2111736006206937,-2.2122136840113886,-2.2103788322872586,0.0010400899444465285,1.0,3.864738489398776e-06,0.0029120530881401566,0.046648363686270185,6.0195658295242875,-1.9067353655894599,-1.9067431688308716,-1.884182259440422,7.77444802224636e-06,5.296919577328178e-06,0.004013722568439941,0.058672030145923294,8.354600727558136
722,-2.24559458538338,-2.2465612711729825,-2.242907201802289,0.000966681029509615,1.0,8.330941320174909e-06,0.004507949860352609,0.06425187709154906,6.18800143842344,-2.0990759332974753,-2.0990850726763406,-2.0856913377841315,9.147760768731436e-06,7.974206747955273e-06,0.004158327249266828,0.060142708010971546,8.464155972003937
723,-2.452604399787055,-2.4536372467323586,-2.4634297865408437,0.0010328557066343448,1.0,7.12296398180317e-06,0.00346120108022458,0.05107971336002703,5.92066839006212,-2.02861396720012,-2.028624509771665,-2.014106502135595,1.0564380014936129e-05,4.522958969725248e-06,0.0027347244516325495,0.04304713546298444,8.647693634033205
724,-2.4725506835513644,-2.4734849046777794,-2.45818128850725,0.0009341983607521763,1.0,4.0328939037324205e-06,0.0026983827593977804,0.04597166608329172,6.139179529967131,-1.8251847227414448,-1.8251940260330837,-1.8099579960107803,9.300575281182924e-06,3.110267774294092e-06,0.002744122544148316,0.04393841916074356,8.767484923203785
725,-2.493371742743033,-2.4943617008350514,-2.4960161138463905,0.0009899600236504167,1.0,3.387995556531004e-06,0.002972291489304216,0.04463646112492791,6.086786835281937,-0.939150545746088,-0.9391597534219424,-0.9209655641267697,9.209616109728813e-06,2.960488956205154e-06,0.0031313515986160687,0.04936062296231588,8.95138229926427
726,-1.9264329528367077,-1.9276927317734118,-1.9246433219975896,0.001259773486742267,1.0,8.912512351310363e-06,0.00480531021538708,0.06725029040265966,6.617990776344582,-2.070295537511508,-2.0703051537275314,-2.05675508081913,9.61559514204661e-06,1.1596569909973672e-05,0.005291350612727304,0.06962966732680798,8.226238369941711
727,-2.3363364272647433,-2.337745498727869,-2.320748532259906,0.001409068496690856,1.0,9.96517701423727e-06,0.004195493749446339,0.056771128679867146,6.611471970876058,-2.006845866640409,-2.0068549066781998,-1.998826762040456,9.03677816192309e-06,6.162435170153913e-06,0.0031607191097767404,0.04764987823242942,9.070032835006714
728,-2.466665029525757,-2.467860773757652,-2.47390878200531,0.0011957548558712006,1.0,5.3103766798880385e-06,0.0030982774958290436,0.0477582605348693,6.279389655148542,-2.1498137613137565,-2.1498243709405265,-2.1468553195397058,1.0612653568387032e-05,3.539817328146455e-06,0.0029744664304113635,0.04693061268577973,8.343332350254059
729,-1.5990626922360174,-1.599915826762164,-1.6039904863746077,0.0008531552222039965,1.0,4.0951017749817026e-06,0.0031961211072349988,0.04822679650452402,6.290681644722268,-0.787683339168628,-0.7876970407863458,-0.7702520613869032,1.3700531174739202e-05,1.4608361955955237e-05,0.006266015154930453,0.08066467909763257,11.396890997886658
730,-1.6201467558189675,-1.621822339517099,-1.6170916733918366,0.001675592459462307,1.0,6.738226518252675e-05,0.011574594131498426,0.11169045487487758,9.157660731562862,-1.6430779248476028,-1.6431114772955577,-1.6328885108232498,3.3546860019365944e-05,9.039704248910614e-05,0.011870572227053344,0.1115958346053958,10.04353662331899
731,-1.9330045205575448,-1.933833365087156,-1.917867731165003,0.0008288405973602224,1.0,6.646019378590777e-05,0.008331461033473412,0.08834553109826865,6.528642707400852,-1.8223278572161994,-1.8223544508218765,-1.8132105395197868,2.6617742454012234e-05,4.403642545488159e-05,0.005470590685339023,0.05884234172602495,9.187269866466522
732,-2.196328737117626,-2.1972743846752025,-2.196881232438264,0.0009456763250960244,1.0,3.0440819669079416e-05,0.003969818802067527,0.046960721689241904,5.884551242545799,-1.8329761400818827,-1.832995208601157,-1.818682114283244,1.9074340040485065e-05,2.0216322051661944e-05,0.0029903863226839653,0.0381144971276323,8.589965562025705
733,-2.286343159498992,-2.287527905570136,-2.2784294993789107,0.0011847595925684328,1.0,1.6666674599508514e-05,0.0027652706571475224,0.040007805175803324,6.106963687472874,-1.7974660446246464,-1.7974815492828686,-1.7929302764435608,1.551016854743163e-05,1.173456742738684e-05,0.0026992081160036228,0.03986650340569516,8.913852194945017
734,-2.3479579819573297,-2.3490609239648887,-2.3563264873292713,0.0011029718098817048,1.0,1.0702579958079797e-05,0.002786831533605302,0.03841880439884133,6.3035694228278265,-1.9752567981680231,-1.9752688830097516,-1.9588255137205124,1.2048908198873201e-05,7.655003381993689e-06,0.0029078152923223874,0.04069071992610892,9.033886849880219
735,-2.4803023514924227,-2.481360567940606,-2.4660277322486595,0.0010582178279205604,1.0,6.444682858946854e-06,0.002819957660028228,0.043559422371564085,6.105254314563893,-2.0355615740021067,-2.0355750545859337,-2.0294653847813606,1.3468709463874498e-05,4.2989908403493855e-06,0.0026950723161765686,0.04019315339004,8.539505183696747
736,-2.52235605540099,-2.523576264028196,-2.516143043835958,0.001220207178482303,1.0,3.8123440828241185e-06,0.00267139773953844,0.042740160461377213,6.252133457748978,-2.1197347790002823,-2.1197498217225075,-2.1045351003607116,1.5042256563901901e-05,2.9211604915720577e-06,0.0028301505759979286,0.04212085856124759,8.969590326150257
737,-0.022583598995374307,-0.023738343303126318,-0.0443845348501647,0.0011547389267771333,1.0,3.6630760455914744e-05,0.008149199187755585,0.08595045428309175,11.784401928936994,-0.8991830820838611,-0.8992444823185602,-0.8868624990185102,6.140046752989292e-05,0.00025832051020794705,0.03177051789437731,0.22409598839779696,24.107947746912636
738,-0.9252121956260116,-0.9273621219175833,-0.9170180250097204,0.002149931948494028,1.0,0.0005277972894772473,0.045205790687490394,0.2937041151302832,19.00095162568269,-1.023973489801089,-1.0240781058867772,-1.0154966562986374,0.00010460692768295606,0.00044481412624008954,0.04157724557444453,0.25227943745752174,16.1656094789505
739,-1.2215504734604448,-1.224539324089333,-1.2191195576279252,0.0029888582174424773,1.0,0.0003884417119142772,0.030557100488631812,0.21283094778105063,11.230906274583605,-1.343100530405839,-1.3431785081823666,-1.3352403715252876,7.79814242074887e-05,0.00025511557517650846,0.019935717107728124,0.14591578425218663,11.718925913174946
740,-1.5262154451122991,-1.5293081226172272,-1.5329522225591872,0.0030926758492434464,1.0,0.0002002555276569048,0.014812461307479275,0.12522603102304317,8.900781207614475,-1.5662402908007302,-1.566298559308052,-1.5576999137798946,5.8266722286740937e-05,0.0001212171094569688,0.009294668678194284,0.08048137944812576,10.610117852687836
741,-1.8326407097004078,-1.8370440845136289,-1.827818473180135,0.0044033653620216585,1.0,8.810820765103455e-05,0.007172357894618202,0.0755535317239938,7.64014411855627,-1.6321502154072127,-1.6322223544120789,-1.6232614417870839,7.214940463503201e-05,4.7738840445769405e-05,0.004491531794580321,0.04693980903054277,9.928200781345367
742,-2.0477310993053295,-2.051548953409548,-2.049119618203905,0.0038178487922306413,1.0,3.9091693974181976e-05,0.004101388156414032,0.04828393873241213,6.956960890028212,-1.664842928449313,-1.6649417392909527,-1.6586954159041245,9.87997433791558e-05,2.460044273296565e-05,0.003062026914752399,0.03465618247476717,9.29222919543584
743,-2.1840243957660816,-2.1868045550805553,-2.188346823056539,0.0027801559341174586,1.0,1.827215614698448e-05,0.0030638337031834656,0.03814036902730112,6.530475651776349,-1.793255438407262,-1.7933660919467609,-1.7818881670633953,0.00011067270922164123,1.4021622102215284e-05,0.0029457163182087243,0.03638034453615546,9.236347019672394
744,-2.313353017524437,-2.315257125430637,-2.3056899265006736,0.0019041352249957897,1.0,1.0759571355097083e-05,0.003156585075582067,0.04242741475226702,6.399793642538565,-1.8130736375848453,-1.8131981392701466,-1.7980476096272469,0.00012449539887408415,6.604454332167127e-06,0.0025824965753902993,0.031205994309857488,9.215474744637808
745,-2.3805731888170594,-2.384440461794535,-2.382222263901322,0.0038672570415117123,1.0,5.235695577236281e-06,0.0027775483085187495,0.03675000286764569,6.54212267310531,-1.6418483058611555,-1.6419164662559826,-1.6246534610788028,6.817234680056572e-05,4.01004230828524e-06,0.002841087320121005,0.03509739972651005,9.308557808399202
746,-2.4106796847449408,-2.413020787415681,-2.4115518905498363,0.0023411141915453803,1.0,4.2920040936291186e-06,0.0034757604719036156,0.04737292036966041,6.351756555062753,-2.0855993529160815,-2.0856442799170813,-2.072455438474814,4.4924827913443245e-05,2.9984237433685243e-06,0.003013910366765534,0.038329996867105365,8.932152847448986
747,-2.2117145657539368,-2.213835932590343,-2.2283730617275945,0.0021213827033837638,1.0,5.600848638736082e-06,0.004331510341553776,0.05693629294357918,6.440203490080656,-2.1108423471450806,-2.110915884375572,-2.1051590790351233,7.353125450511773e-05,6.75283130628183e-06,0.0044763495776957525,0.05562943608189622,8.941979149977367
748,-2.3746659548746214,-2.377093923864541,-2.3731678139280388,0.0024279683690380167,1.0,4.75300891964623e-06,0.003533958491903764,0.04713114206161764,6.633110576205784,-1.9716781700650852,-1.9717234000563622,-1.9631902774175007,4.5222307865818344e-05,3.3718857916179936e-06,0.0035760213407532624,0.04806830004478494,9.715888977050783
749,-1.8242150368513885,-1.8260390118316367,-1.8520376903039437,0.0018239840175266618,1.0,6.365061044225176e-06,0.004750225382546584,0.06036686379876402,6.940408459416142,-1.849145919084549,-1.8492166648308437,-1.837369054555893,7.075195511182149e-05,2.1791963717987528e-05,0.009424155772042772,0.10297211104383071,9.207159658273062
750,-1.9659083905043426,-1.9708785525074712,-1.9661097703156647,0.0049701715923017925,1.0,2.9319918515587535e-05,0.009200384236734223,0.10400359056614063,7.227657477060954,-1.9431352367003758,-1.9431942850351334,-1.9324070910612743,5.9034364918867745e-05,2.445632124666493e-05,0.006718329483798395,0.07572093994046251,8.793073316415152
751,-2.1965271499421863,-2.201002143047474,-2.215275278797856,0.004475000486881645,1.0,1.7320792721875478e-05,0.005169618150426282,0.06395516130659315,6.572093257197627,-1.9622247964143755,-1.962276707092921,-1.9634324808915455,5.1900589217742286e-05,1.0630273360826928e-05,0.0034282552951481193,0.0415710206143558,8.662002444267273
752,-2.3621967103746204,-2.364970419141981,-2.3508830776921026,0.0027737104920325458,1.0,7.927372347761843e-06,0.0031150411297049788,0.04443633342506709,6.455009548752396,-1.9288488924503329,-1.9288988336920738,-1.9280668124556541,4.994225067396959e-05,5.405807125195376e-06,0.0027166760022131107,0.03672288738501569,8.94658350944519
753,-2.1976975158408836,-2.1997259281299733,-2.1829622321658664,0.002028426707342819,1.0,4.996203002789386e-06,0.003204097152101221,0.04434821057926725,7.260198681442826,-2.0475152134895325,-2.04756356527408,-2.036409276227156,4.834813686708609e-05,4.9862489959195955e-06,0.0045700125823107856,0.07086883236964543,9.822913448015848
754,-2.409527866928666,-2.4111729286335133,-2.396750494285866,0.0016450449410412046,1.0,4.708230655389208e-06,0.00496832176146132,0.06331102370663926,7.040109440132424,-2.2000523681441946,-2.200110291441282,-2.18355509887139,5.7916234557827316e-05,3.1309500911902433e-06,0.003858073779459422,0.059671327782173954,8.8411705493927
755,-0.3919086671537823,-0.3949032740460502,-0.3831210009477757,0.00299460985870273,1.0,3.538360503322716e-05,0.008213579352876102,0.08024415263423214,12.239733201486093,-1.1395513663689296,-1.1396283581852913,-1.1285313343008359,7.698638364672661e-05,0.00016664193814600972,0.0236069328772525,0.1923468199868997,19.519238710403442
756,-1.2269816840136494,-1.2358967860539753,-1.237230451018722,0.008915102247286725,1.0,0.00024174302018730454,0.028931800689962175,0.2171608066117322,13.546745618184408,-1.2958916922410328,-1.2959791173537571,-1.2872030610839527,8.741253986954689e-05,0.0002019335412721072,0.026768830372020602,0.21015682878593603,13.645617405573526
757,-1.5154723458819919,-1.5216056108474731,-1.5209103248737477,0.0061332737268121156,1.0,0.00017083401622518,0.01959740546428495,0.15447578110076762,8.53031642348678,-1.583870157599449,-1.5839460690816243,-1.5778551250696182,7.591854470471542e-05,0.00011233879801390383,0.013462283260499438,0.11637670081108809,10.412718415260315
758,-1.8267205865294844,-1.8324391356220953,-1.8176919089423285,0.005718536743963206,1.0,7.618923013473654e-05,0.009657185128027643,0.08593302840987842,7.660023706930655,-1.768638784686724,-1.7687005400657654,-1.7627016852299373,6.17540596673886e-05,3.984793056588387e-05,0.006089773164906849,0.06520834782471259,9.49351672331492
759,-2.075468557852286,-2.0807851729569613,-2.0849769203751176,0.005316621451466171,1.0,3.028033582571273e-05,0.004838975293009922,0.05099156878336712,6.770475776107223,-1.8197890569766362,-1.8198444495598476,-1.8100078379114468,5.540717393159866e-05,1.8666230782097653e-05,0.003699737455463037,0.04566266744708022,9.037800093491873
760,-2.2381850171972206,-2.2419890032874212,-2.230688563099614,0.003803970292210579,1.0,1.544779449128934e-05,0.003381482558324933,0.03947969746810419,6.350029503857648,-1.8651259491841,-1.8651802564660709,-1.8561629578471184,5.4306971530119576e-05,1.0636741308189812e-05,0.0029772803924667337,0.0401019969334205,8.76445613304774
761,-2.2565318743387857,-2.262518262421643,-2.254586520018401,0.0059863840126329,1.0,9.994730084549195e-06,0.0032366966156082023,0.03849392729224982,6.781906693070023,-1.9475008125106494,-1.9475789566834767,-1.9384617358446121,7.814238779246807e-05,7.324679472731077e-06,0.003133463324047625,0.03994061751291156,8.851332624753317
762,-2.4005431510784008,-2.4033381144205728,-2.4019786340219005,0.0027949750699378826,1.0,6.651883520842401e-06,0.003050403100334936,0.037730103427613224,6.108104352597837,-1.9920344452063241,-1.9921120777726173,-1.990399455030759,7.762627986570199e-05,4.712771669801441e-06,0.002792645953983689,0.03755585631976525,8.661014795303345
763,-2.4775847329033747,-2.4800294946741173,-2.4692974797001592,0.0024447733605349503,1.0,4.579633409944277e-06,0.002794889233040589,0.039454284158569795,5.999630963360822,-2.0478302414218588,-2.047913836936156,-2.0429160992304483,8.359489341576894e-05,3.6071870113119076e-06,0.002714668264767776,0.036981102001542844,8.4705717364947
764,-2.5080232973451966,-2.5102303557925754,-2.491360417118779,0.0022070565157466466,1.0,3.63546924172961e-06,0.0027379872950000893,0.03671568507949511,5.9979181113066495,-2.0511448606848717,-2.051235295832157,-2.0402918408314386,9.044740969936053e-05,3.058992111467281e-06,0.002712289608704547,0.03712149142908553,8.793543775876364
765,-2.2164458433787027,-2.2199682571269848,-2.1983334444187306,0.003522418025467131,1.0,3.6970058048340164e-06,0.004011096251714561,0.05531669746118563,7.730778870759187,-2.160827159881592,-2.160900647441546,-2.1424858470757804,7.347265879313151e-05,3.155399241450141e-06,0.004198389496499051,0.056780371659745775,9.252047220865885
766,-1.7380384107430775,-1.7400094866752625,-1.742584960328208,0.001971095524452351,1.0,4.522879399465401e-06,0.0043369777914550565,0.055414012322823204,6.918434884813097,-1.5005364368359246,-1.5006449272235234,-1.4837790504097939,0.00010848906822502613,1.1076178945283269e-05,0.006741281016729772,0.08141882298514247,9.663763801256815
767,-1.9304328671208135,-1.9338210997758087,-1.9298118308738426,0.0033882234107564997,1.0,2.0122044454048456e-05,0.00789316793627761,0.07999859115591755,7.574324519545944,-1.9349970072507858,-1.935065691669782,-1.923742488026619,6.86736311763525e-05,2.0607693196931603e-05,0.007132563254951189,0.08683113474398851,8.855280836423239
768,-2.199931029920225,-2.2024102122695357,-2.217773508142542,0.0024791895929310056,1.0,1.7181227492444493e-05,0.005520980218770327,0.0643960857005031,6.118260154017696,-2.0303920259078345,-2.030437469482422,-2.014224588871002,4.543690010905266e-05,1.0844826457893456e-05,0.0039780653605703264,0.05393546586856246,8.60107171535492
769,-2.370525589695683,-2.3727011857209384,-2.3705761432647705,0.0021755898854246844,1.0,9.387769127729203e-06,0.0033662967918509684,0.03991853956271101,6.092164004290545,-2.012036713461081,-2.0120732759435973,-1.991599718729655,3.654261430104574e-05,5.9974581366380635e-06,0.002844068823227038,0.04041223064996302,8.757108827431995
770,-2.4825609348438404,-2.4842369556427,-2.4899865962840892,0.0016760454961547145,1.0,5.6327992549793434e-06,0.002680860356324249,0.03650474458656929,5.857575222297951,-2.022633522748947,-2.022663325071335,-1.9997250363230705,2.9786800344785053e-05,3.869736910170711e-06,0.0025218517306105546,0.03557447289737562,8.544038971265158
771,-2.5006167226367526,-2.502631355215002,-2.505960124510306,0.002014634647855052,1.0,3.689017266542241e-06,0.0027340516810201937,0.03690783313854977,6.159905380672878,-2.151665359735489,-2.151693438490232,-2.139987657467524,2.8081238269805908e-05,2.8235258848023173e-06,0.0027221405471209437,0.03876288724131882,8.445549468199411
772,-2.4918882052103677,-2.4932136182431823,-2.4840342556988753,0.0013254173789863234,1.0,2.795916947838527e-06,0.0026490665558311674,0.03638498733441035,5.804969399063675,0.9124273446698983,0.9124031501511732,0.913799145569404,2.419506199657917e-05,2.341123253775853e-06,0.002703698497498408,0.04031732422299683,8.773241758346558
773,-1.6565285314012457,-1.6592908683750365,-1.6587958733240764,0.0027623223485770047,1.0,9.749475204309285e-06,0.005095181926326068,0.05856426694878825,7.403269750100595,-1.976482570171356,-1.9765049268802006,-1.9640893836816151,2.2353061164418857e-05,1.538897356567759e-05,0.006565715263908108,0.07207054660345118,9.15623305241267
774,-2.247578095506739,-2.249498234854804,-2.236628020251239,0.001920155628963753,1.0,1.4203642472744428e-05,0.005471527904134106,0.06490734171260286,6.492065359044958,-2.0379155824581785,-2.037939781943957,-2.0363231748342514,2.419684703151385e-05,8.873830817416698e-06,0.0040519184549339116,0.05087100931753715,8.908808787663776
775,-2.3632193980393588,-2.3646697070863514,-2.366659954742149,0.001450289868646198,1.0,7.43764537589784e-06,0.0036885574356549317,0.04967584736921169,6.387839529249403,-2.0414246519406634,-2.041449253757795,-2.029275067150593,2.460484392940998e-05,5.193560468796932e-06,0.0031403338944073766,0.04332855033377806,8.753790855407715
776,-2.5030596167952925,-2.504539697258561,-2.5047320833912603,0.0014800873619538765,1.0,4.7172001089805875e-06,0.002874806419842773,0.03728043301789849,5.999842414149532,-2.066956457992395,-2.0669779976209006,-2.0523481170336404,2.1539550895492237e-05,3.4329248516466273e-06,0.0026322266494389623,0.0389444709289819,8.571825007597605
777,-2.5299656656053333,-2.5311974154578314,-2.5297082088611744,0.001231753232854384,1.0,3.2016205969503737e-06,0.0026870093273895757,0.041484475342763796,5.960079546327944,-1.9584593574206035,-1.9584794466694195,-1.944185547530651,2.007954753935337e-05,2.537722423312516e-06,0.0026733210252132267,0.041395969300841294,8.596675137678782
778,-2.538163149798358,-2.539198045377378,-2.533558801368431,0.0010349139985111025,1.0,2.9757735841552923e-06,0.002901596465596446,0.04220807497148161,5.79712528652615,-2.106145868698756,-2.106163442134857,-2.089158003528913,1.7574289813637733e-05,2.5465145843857804e-06,0.0028281576135971895,0.038957866452013455,8.55363929271698
779,-2.1325103397722596,-2.1332834407135293,-2.1128576905639083,0.000773085281252861,1.0,3.241085576317144e-06,0.0030084890917081524,0.04367364080691779,5.835692352718777,-1.6003211537996926,-1.6003352130452793,-1.5914805382490158,1.4048069715499878e-05,4.839426954580024e-06,0.00384111032083941,0.05097656091675162,8.211675902207693
780,-2.1868351344709045,-2.1878170437282987,-2.1699884644261114,0.0009818931144696694,1.0,9.085919929121803e-06,0.004611060256138444,0.05330062492026223,6.2937333672134965,-2.0392449647188187,-2.0392583161592484,-2.026436001062393,1.3349965835611025e-05,8.811177375870708e-06,0.004175877111265436,0.05276084830984473,8.437884966532389
781,-2.215597572150054,-2.217491061599166,-2.216586629549662,0.0018934963477982415,1.0,8.017084265129935e-06,0.0038663577202155634,0.04986098864012294,6.794808131677133,-2.088784535725911,-2.08879574884971,-2.0757574339707694,1.1214365561803183e-05,6.459865801389242e-06,0.0041107004702401655,0.06030041972796122,8.786988397439321
782,-2.4704411647937916,-2.471266543423688,-2.4677021635903253,0.0008254004297433076,1.0,5.584309881804209e-06,0.0037712310699539054,0.05048283217129884,6.089993883062292,-2.145295736690362,-2.1453109259406724,-2.1370789210001626,1.5194062143564224e-05,3.7132301144993107e-06,0.0030592941814878336,0.043601224975039564,8.478427012761435
783,-2.5409831272231207,-2.542047301928202,-2.54090913799074,0.0010641739462260848,1.0,3.358549452901503e-06,0.0030788680521288405,0.04463615013217485,6.323229984000877,-2.1503901133934655,-2.150410224994024,-2.1387742087244987,2.0115248238046963e-05,2.453221782161563e-06,0.002528947089255477,0.0393524799340715,8.433164139588675
784,-1.6693138099465243,-1.6705658847759306,-1.6660207679012307,0.0012520655161804622,1.0,6.258307975157449e-06,0.003970303779674901,0.048894056360478756,7.135881847805447,-1.7146822959184644,-1.714699536561966,-1.702624872326851,1.7231252665321033e-05,1.6411907608926413e-05,0.006790943754216035,0.07893130897233884,10.34855208794276
785,-2.130342642466227,-2.1319884370874473,-2.1321303932755082,0.0016457802029671493,1.0,1.951515420202028e-05,0.0066597747650963286,0.07265274199070754,6.637411929942943,-2.0418003698190055,-2.0418138851722083,-2.035365348060926,1.352707234521707e-05,1.5959897647614223e-05,0.0052070500096306205,0.06122666380057732,8.680927912394205
786,-2.3587861237702548,-2.359944370057848,-2.363899336920844,0.0011582521514760123,1.0,1.1672214424362647e-05,0.0039933233142451004,0.05060855602776563,5.9542336817140935,-2.0739525457223253,-2.0739641139904657,-2.0695991863807044,1.1573778465390205e-05,7.602241244815862e-06,0.0030328268088245145,0.04023534501902759,8.238178551197052
787,-2.5057585857532643,-2.5070432733606407,-2.503217997374358,0.0012846989212212739,1.0,6.244666750447962e-06,0.0027247983617363154,0.04007358973224958,5.786545576872649,-2.005656669537226,-2.005668823917707,-1.9936622604727745,1.2162917604049047e-05,4.081779820808151e-06,0.002380765634976948,0.03439860216652354,8.504945993423464
788,-2.585447390874227,-2.5863453812069364,-2.585139839737504,0.0008980060617129008,1.0,3.6715125083396238e-06,0.0024088053722624426,0.03648895508161298,5.638008294282137,-2.1192010293404264,-2.1192154213786125,-2.0967689529061317,1.4383656283219656e-05,2.93839332243806e-06,0.0023477758125712476,0.0352967893704772,8.254120270411173
789,-1.9220168987909954,-1.9229951357399975,-1.891342110104031,0.0009782195643142418,1.0,3.474976454998358e-06,0.002589908385373376,0.03700105342324133,5.950140564529984,-1.2277380637824538,-1.2277474713822205,-1.216823734343052,9.404495358467102e-06,8.192869605257632e-06,0.004514961290018012,0.05934056872501969,8.71668154001236
790,-2.006015799663685,-2.0077066642266734,-1.9900954520260845,0.0016908427631413495,1.0,1.9827093671699038e-05,0.00632305765800454,0.06900393397167877,7.1563985259444625,-1.9959461788336434,-1.9959577570358913,-1.9831936359405518,1.1591784035166105e-05,2.0319329072056764e-05,0.005862327603002389,0.0698859126617511,8.55436207850774
791,-2.272973987791273,-2.2738650198336,-2.2762801161518804,0.0008910452878033673,1.0,1.679853595406813e-05,0.004523482863549833,0.05297900067159423,6.042339572200069,-2.0002895543972654,-2.000298703710238,-1.9944024433692296,9.150554736455282e-06,1.008603116285182e-05,0.003361424411802242,0.04536939738318324,8.581637998421987
792,-2.4620815824579307,-2.462895905530011,-2.4597679950572826,0.0008143252106728378,1.0,8.176267345805644e-06,0.0027859788129313123,0.039188767334929216,5.63558237640946,-2.037266736229261,-2.0372754856944084,-2.031603795786699,8.750163639585177e-06,5.596322580458946e-06,0.0024317222220512726,0.035157607635483146,8.123170912265778
793,-2.524912745864303,-2.525812934946131,-2.5243105976669877,0.0009001944628026751,1.0,4.92005432938135e-06,0.0023819467018323915,0.035523660825910394,5.767243173387316,-2.022588536143303,-2.0225986118117967,-2.0014246304829917,1.006200909614563e-05,3.6468026299492826e-06,0.0022881742528018854,0.033714091715713344,8.445600092411041
794,-2.6171580685509577,-2.6179762151506214,-2.6187817873778165,0.0008181514977305024,1.0,3.408064946631418e-06,0.0023538132879400145,0.034385701503466676,5.587282763587104,-2.0437150821089745,-2.04372530678908,-2.034987303117911,1.0214513167738914e-05,2.583513738348605e-06,0.0023172550621287278,0.034055340103805065,8.348601202170054
795,-1.724205403416245,-1.7251164775203776,-1.727639325790935,0.0009110765186724839,1.0,4.960248352964064e-06,0.0035466845406012405,0.04421559438385345,7.173149426778157,-1.8540706162651381,-1.854082077741623,-1.8366046622395515,1.1461786925792694e-05,1.2889990216535807e-05,0.006596756633371115,0.07827763476719458,9.99934216340383
796,-2.0912550864396273,-2.092248417713024,-2.096358546504268,0.0009933473473345792,1.0,1.9946133020480544e-05,0.006929820437950117,0.07453988989194234,6.651729195206253,-2.0042741770545645,-2.0042860383788743,-1.9900464117527008,1.1869550993045172e-05,1.5580526527022204e-05,0.005700311778734128,0.0715345493517816,8.830944220225017
797,-2.284409275761357,-2.285882865941083,-2.2742775237118757,0.0014735852126721983,1.0,1.3446938754458205e-05,0.004588654540755131,0.05811155345980768,6.39756856141267,-2.057032885650794,-2.0570442378520966,-2.043759829054276,1.1362057800094286e-05,8.075294848216194e-06,0.0034201006831911704,0.04685085507420202,8.381991108258564
798,-2.4176551986623696,-2.418715962657222,-2.4289613608960754,0.0010607797928430416,1.0,6.715108240853253e-06,0.0031661389706035457,0.04452295332319207,6.156282919424552,-2.059820421040058,-2.0598330795764923,-2.043488929669062,1.2652017176151276e-05,4.7769351757172745e-06,0.002907362077773238,0.04309087657990555,8.588237742582956
799,-2.4769999075818947,-2.477981980200167,-2.493868848791829,0.0009820786201291615,1.0,4.359475412827494e-06,0.0030163325610812063,0.046463595082362495,6.328020431377269,-2.155598357319832,-2.1556111176808677,-2.150661140680313,1.2743907670180002e-05,3.0674926752756924e-06,0.0030337384863135717,0.05165846133604646,8.57001256942749
800,-2.4096356862121158,-2.4108969182879836,-2.403057324665564,0.001261246356147307,1.0,3.0355038065695056e-06,0.0032576699827418284,0.054227785793719466,6.838786902251067,3.0827850004037223,3.0827714701493583,3.0855066577593484,1.3536307960748672e-05,2.436607654014248e-06,0.0031149564019870013,0.05238984369983276,8.35664133230845
801,-1.5897427206790005,-1.5907462581440255,-1.5776625948923606,0.001003526979022556,1.0,1.2983005911303701e-05,0.006479897820908163,0.08045543854435284,7.0706892013549805,-1.9386234879493713,-1.93863778313001,-1.9262342900037766,1.428346149623394e-05,2.1331656625989126e-05,0.007739606934289138,0.09228477347642183,9.389599204063417
802,-2.2331448484350136,-2.234035438961453,-2.2285841041141086,0.0008905825239640695,1.0,1.6906020425301028e-05,0.005851383803895226,0.07569987437239399,5.979855078238028,-2.0670081079006195,-2.067020778854688,-2.065302327275276,1.267335998515288e-05,1.1912406572870774e-05,0.0040631593340852605,0.05384852131828666,8.489139000574747
803,-2.452481755503902,-2.4531427842599376,-2.46409895684984,0.0006610277212328381,1.0,8.397604317535837e-06,0.0032072135557730994,0.04843642431552763,5.592242408681799,-2.0555967191855116,-2.055607996881008,-2.0562931299209595,1.1288095265626907e-05,5.89522973844699e-06,0.0025524283604075513,0.038687552558258176,8.11722942193349
804,-2.554860971592091,-2.555757310655382,-2.5441604013796204,0.0008963401670809146,1.0,4.770508692470483e-06,0.0024675056079609525,0.04048116339577569,5.7419797402841075,-2.0578420559565225,-2.0578525761763253,-2.0512439782420793,1.0530464351177216e-05,3.60105277271335e-06,0.002283269064112877,0.035857717196146645,8.32386217514674
805,-2.5801928573184543,-2.580944220225016,-2.569302797317505,0.0007513530414413523,1.0,3.019027745823324e-06,0.002382095420250186,0.03909253963717708,5.771278275383843,-1.7823794161279995,-1.7823903635144234,-1.762281062702338,1.0958096633354822e-05,2.693677619921194e-06,0.002431443843912954,0.03766221017576754,7.9588157534599295
806,-2.434827376295019,-2.436071691689668,-2.4260961744520397,0.0012443241559796864,1.0,2.968725901290007e-06,0.0027912490983942042,0.04156860774727883,6.0679154572663485,-2.0138956060012183,-2.0139079044262567,-2.0011084377765656,1.2317517151435217e-05,2.9705186837721462e-06,0.0029925640070966133,0.04470370632285873,8.538985451062521
807,-2.4356276988983154,-2.43662546299122,-2.421291086408827,0.000997782305434898,1.0,3.4564248178665166e-06,0.0031728604291048315,0.04964617508705015,5.992449106993498,-2.092459912101428,-2.09247650206089,-2.0760278602441153,1.658243127167225e-05,3.163515496377537e-06,0.00313679394700254,0.04628032694260279,8.111080348491669
808,-2.569300572077433,-2.570075167549981,-2.5766247113545737,0.0007745977491140366,1.0,3.215334598078496e-06,0.0029087913722765668,0.04247853560028253,5.3476597291451915,-1.7524683848023415,-1.752488650381565,-1.737587456901868,2.0280946046113968e-05,2.6642763468013677e-06,0.002626937445408354,0.04247119106973211,8.230627020200092
809,-2.2801460425059,-2.2809902164671154,-2.2733592457241483,0.0008441843782310132,1.0,3.379227042319986e-06,0.0030282469535315476,0.047495577622342994,5.988491305598506,-2.1806521465380984,-2.1806655873854957,-2.1694888224204383,1.3445426399509111e-05,4.311791940381227e-06,0.0035169549519196153,0.05053863627836108,7.98431783914566
810,-2.3937990223919905,-2.3947775717134827,-2.3949904530136674,0.0009785524948879524,1.0,5.6090419564969595e-06,0.0035330491157731523,0.05231290103660689,5.609377242900707,-2.0819907387097674,-2.0820030768712363,-2.066065023342768,1.231417991220951e-05,5.107663980652433e-06,0.003084014509416496,0.04514508554711938,8.112253050009409
811,-2.522458204516658,-2.5234187929718583,-2.5164471158274897,0.0009606048740722515,1.0,4.487457705114072e-06,0.0028615033133300364,0.04156603871120347,5.8939925652963145,-2.106349567572275,-2.1063604950904846,-2.097507173816363,1.0908503706256548e-05,3.4457569029200386e-06,0.0026154561007084944,0.039857166508833565,8.424454470475515
812,-2.1348257947851113,-2.13533236362316,-2.1071849310839617,0.0005065611805076953,1.0,2.9761631678950465e-06,0.002376829291245452,0.03813290302814157,5.507767898065072,7.83075882991155,7.830749710400899,7.816502233346303,9.176554158329964e-06,2.909347481742467e-06,0.0026974505744874477,0.04007721195618311,7.750797768433889
813,-0.9626825633976195,-0.9655148348322621,-0.9688924280581651,0.0028322764706832392,1.0,3.268471674447129e-05,0.0126955542816884,0.1189745050613527,11.763761273136845,-1.4855529814958572,-1.4856136441230774,-1.4753314356009166,6.066348093251387e-05,6.508811763220972e-05,0.019243521771083277,0.17691757157444954,12.510626395543415
814,-1.7132901792173032,-1.7146477699279785,-1.7222796457785148,0.0013576049909547524,1.0,5.542470824837909e-05,0.015002754085731727,0.14364427783423,8.032374858856201,-1.745621174573898,-1.7456728567679722,-1.7364057451486588,5.168343583742777e-05,3.449572985421886e-05,0.010582667891867459,0.11081630860765775,9.65047627687454
815,-2.0351258207250527,-2.036040986025775,-2.041241747361642,0.0009151559874967292,1.0,2.3741343856845224e-05,0.007532289208568356,0.09224235162966782,6.401186801769115,-1.8521906832853954,-1.8522347311178844,-1.8526368389527004,4.406397541364034e-05,1.5478580886944353e-05,0.005262490264916171,0.06327168162291248,8.891194462776184
816,-2.1858256039796053,-2.187098843080026,-2.1903157940617315,0.001273226475826016,1.0,1.2187296693742542e-05,0.004472457036307013,0.05817136582401064,6.405370676959002,-1.8994719510277114,-1.8995047087470691,-1.899916224181652,3.2750191166996956e-05,8.906208828799814e-06,0.003628161493300771,0.04898009278501073,8.475235899289448
817,-2.2382044350659407,-2.239324371019999,-2.2340985663511135,0.001119924157306,1.0,8.08313788419818e-06,0.0038680921360436413,0.05536828562617302,6.872441715664333,-1.9402785673737528,-1.940301701426506,-1.9425210356712341,2.314041679104169e-05,5.863282808604708e-06,0.003426720902401333,0.05609837360680103,8.472721616427103
818,-2.379505740271674,-2.3807261652416654,-2.3727216632277877,0.0012204112416064298,1.0,5.204670860284413e-06,0.003271187888458371,0.05018906088338958,6.293514905152498,-2.0278920630613966,-2.027919160823027,-2.0241651237010956,2.709946905573209e-05,3.946313787158336e-06,0.0030176672347200415,0.04929613585894307,8.238894959290823
819,-2.526725733721698,-2.5275770205038564,-2.5192574659983316,0.0008512803663810095,1.0,3.48281187817284e-06,0.002808358675489823,0.045894223989711866,5.663020116311532,-2.0581096708774567,-2.058142604927222,-2.0647851613660655,3.292077841858069e-05,2.9370368016164625e-06,0.0025875477973992624,0.03932680127521356,8.005903045336407
820,-2.3238859883061163,-2.324672495877301,-2.3282886434484413,0.000786517091371395,1.0,3.084225521955954e-06,0.002663787661327256,0.040605180655364635,5.551391937114574,-1.6103416408101718,-1.61040448397398,-1.60645725329717,6.285286508500576e-05,4.832759752086228e-06,0.0031927115439126887,0.04155248597574731,8.078645209471384
821,-2.36864196812665,-2.3694684858675354,-2.3639782358098915,0.000826500701131644,1.0,6.979986041928727e-06,0.0033528781151054084,0.04234733060002327,5.579908406292951,-2.0703625629345574,-2.0704363783200583,-2.064524228374163,7.380715881784757e-05,6.735625258140014e-06,0.00290672115321892,0.03650885191746056,8.071661154429117
822,-2.519511664355243,-2.5203458733028836,-2.511353342621415,0.000834216743155762,1.0,5.392248533974419e-06,0.002613307334724124,0.036990807495183416,5.664062129126655,-1.9934704477588336,-1.9935267195105553,-1.9832204754153888,5.6274080028136574e-05,3.839159347762688e-06,0.0022301752906059846,0.03122411505319178,8.349603374799093
823,-2.4903508954577975,-2.4918368215914124,-2.484298065856651,0.0014859321354715913,1.0,3.6465290425743055e-06,0.002594476332888007,0.038756939892967544,6.362568766982467,-2.1613729596138,-2.1614191780487695,-2.163066719969114,4.620547406375408e-05,2.8804992003491256e-06,0.0027975027138988176,0.04165147291496396,8.394661525885265
824,-2.247813911349685,-2.2487127449777393,-2.2483877936999,0.0008988020320733389,1.0,2.8099267115909177e-06,0.0031980464700609446,0.04960749256942007,6.17450871290984,-2.187655771772067,-2.1877180884281793,-2.175049126148224,6.231308604280154e-05,4.314717765889024e-06,0.00396027640090324,0.05610975483432412,7.997602681318919
825,-2.3740858722616127,-2.3750021281065763,-2.377525885899862,0.0009162399089998669,1.0,6.135089616118758e-06,0.0040319672768452655,0.0520207267254591,5.561091193446407,-2.136556312441826,-2.1366014877955117,-2.1293147603670755,4.518264904618263e-05,5.738356511149807e-06,0.003372495605920752,0.04434706022342046,8.274938205877941
826,-2.562613010406494,-2.5632412521927446,-2.563586049609714,0.0006282259192731646,1.0,4.687034493987018e-06,0.0029157231113425006,0.03991544357052556,5.492055071724786,-2.1078592787186308,-2.1078931217392287,-2.1047271887461343,3.3846901108821235e-05,3.3208031216721188e-06,0.0023443432388982424,0.032957599110280476,8.078761140505472
827,-1.9933777694348935,-1.9938339215737801,-1.9847857333995678,0.00045616731599525166,1.0,3.762492833966799e-06,0.002484313919450398,0.03672859693566958,5.560352537367079,-1.9716395884752274,-1.9716784904400508,-1.9586395919322968,3.889854997396469e-05,9.974739744696611e-06,0.004241206857841462,0.05278231777871648,8.448650976022085
828,-2.1160335452468306,-2.117270725744742,-2.122581062493501,0.001237178980200379,1.0,2.0383488946309728e-05,0.005456277893649207,0.062040427423737665,6.409780316882664,-1.996204803387324,-1.9962371637423832,-1.9835808078447978,3.2365244502822556e-05,1.9214853258138948e-05,0.004857608039552967,0.05308088008314371,8.482170422871906
829,-2.309069624653569,-2.30999055173662,-2.3103797965579562,0.0009209128717581431,1.0,1.5490650892186546e-05,0.0038135579735454586,0.046235877399643265,5.982401371002197,-1.9659496719638505,-1.965972105662028,-1.9605337431033452,2.244293379286925e-05,9.828649922383192e-06,0.0028929202526342124,0.0368507516104728,8.433443645636242
830,-2.448653949631585,-2.4496259336118347,-2.454699644335994,0.0009719906719746413,1.0,8.012788654283483e-06,0.0027526314542801293,0.0382179951088296,5.792726922918249,-2.0724347680807114,-2.0724556545416513,-2.0682415639360747,2.089181604484717e-05,5.378729156291229e-06,0.002452137317353239,0.03315087555286785,8.084923962752024
831,-2.58509608551308,-2.585772055166739,-2.584804543742427,0.0006759553733799192,1.0,4.55212474898198e-06,0.0023543624793765723,0.034110286445529374,5.573387799439607,-2.1026799380779266,-2.1026994387308755,-2.102207305530707,1.9503602137168247e-05,3.356807051583625e-06,0.002202495854968826,0.0312724670705696,7.9036136865615845
832,-2.410661029594916,-2.411497442810624,-2.4084033414169594,0.0008364239086707433,1.0,3.0036651171232934e-06,0.002168313940745537,0.0351414596316991,5.254467875869186,1.867674097418785,1.8676552673180897,1.884585753083229,1.8834757308165233e-05,3.1281145425055e-06,0.0024541987707683197,0.032517417799681425,7.833064079284669
833,-1.7710841805846602,-1.772148956855138,-1.7814784513579474,0.0010647814444921634,1.0,1.4806331810851353e-05,0.004911534082903354,0.05543673300632724,6.43550607893202,-1.9246697078148522,-1.924694483478864,-1.9155255158742268,2.4755097304781277e-05,2.0967808116741555e-05,0.005692861353357633,0.06165351656575998,8.424066106478373
834,-2.298177030351427,-2.298824504569725,-2.270270440313551,0.000647479737246478,1.0,1.8672790988434657e-05,0.004486920553501006,0.053465008114775024,5.664240881248757,-1.9857719043890636,-1.9857942933837573,-1.9868629798293114,2.2393418475985527e-05,1.198747357496662e-05,0.0030018414642351368,0.03641065186820924,8.06931851307551
835,-2.4083608123991223,-2.409421775076124,-2.3943419147420815,0.0010609827521774503,1.0,9.9481811014778e-06,0.0028298976399970277,0.03890579856104321,6.08120075861613,-1.9943836430708568,-1.9944037894407909,-1.9888337900241215,2.015902039905389e-05,6.6486010344609286e-06,0.0023057917424011976,0.03202776703983545,7.985058784484862
836,-2.5664075392263905,-2.5670562850104437,-2.576688042393437,0.0006487504061725405,1.0,5.6266023033525995e-06,0.002235019394127583,0.03274266801222607,5.312505624912403,-2.060350372145573,-2.060370416690906,-2.0556884246567884,2.002653976281484e-05,4.100389711917766e-06,0.002135276396681244,0.029931637303282816,7.84609733025233
837,-2.5117859685862505,-2.512714273399777,-2.5088607337739735,0.0009282924648788241,1.0,3.810911165500228e-06,0.0026118972821644057,0.04262996458069042,6.273761802249485,-2.201453988750776,-2.2014732410510383,-2.2044275626540184,1.9232121606667835e-05,2.9568916109686447e-06,0.002482402642878393,0.03552846796810627,7.961258927981058
838,-1.3220522729335007,-1.3226218670606613,-1.339218251131199,0.0005696039922811367,1.0,4.441670474382893e-06,0.0028828299406019075,0.040838475373608095,6.146218264544451,-1.2672375341256459,-1.2672661915421486,-1.2537040089567502,2.86492674301068e-05,2.3731660273066762e-05,0.007000377518124878,0.07212248429035147,13.716917753219604
839,-1.482922081594114,-1.4843381466688934,-1.4874064789877997,0.0014160569343301985,1.0,8.176556568489307e-05,0.013445683306565991,0.11067065375822562,10.63947836558024,-1.5213115413983662,-1.5213744690020878,-1.514796684185664,6.2919066598018e-05,0.00011056471885240171,0.014721011704144379,0.11696555372327566,10.944520711898804
840,-1.7785533843217072,-1.7803257836235895,-1.7802992705945615,0.0017723956455787022,1.0,8.845657012662505e-05,0.010938703755123748,0.09949884329129148,7.1522323113900645,-1.7613698492447531,-1.761416996518771,-1.759436731537183,4.714603225390116e-05,6.694328052011163e-05,0.007607981795445085,0.07226863348235686,9.139444549878439
841,-2.0611604849497476,-2.062568117071081,-2.0657921146463463,0.0014076373643345302,1.0,4.7670183751809723e-05,0.005610708164534083,0.05681747205003544,6.01551322583799,-1.8524844199419022,-1.8525379995505016,-1.8605297654867172,5.356672530372938e-05,3.378226908049934e-05,0.003982306952821091,0.0433152763483425,8.498421927293142
842,-2.270448574313411,-2.272404763433668,-2.2659857626314515,0.0019562003651150952,1.0,2.4197260009478434e-05,0.0031006959163480336,0.03764920812790041,5.7602737391436545,-1.8366012598077455,-1.8366618330279987,-1.8469804376363754,6.057531572878361e-05,1.6934449945438246e-05,0.002513445923492933,0.03055455341624717,8.197032729784647
843,-2.061559897881967,-2.0636347664727106,-2.0524391818929604,0.002074867831888022,1.0,1.417692746380689e-05,0.002842137374466768,0.03767399193236121,6.903105841742621,-1.9975131352742515,-1.997582991917928,-1.9913494437932968,6.985749738911788e-05,1.5462577872919308e-05,0.004121365083847195,0.04820975956196586,8.550904512405396
844,-2.298000282711453,-2.299139420191447,-2.306803615004928,0.001139125062359704,1.0,1.3337876562555149e-05,0.0040487117841149925,0.050337021618529605,6.238372449521665,-2.0608390669027963,-2.060910334189733,-2.060584992170334,7.126938241223495e-05,9.865048089826208e-06,0.003426487227746596,0.04450425373700758,8.34167355298996
845,-2.40869908089991,-2.410067007497505,-2.399141325994774,0.0013679238381209197,1.0,6.9529697207649915e-06,0.003169932221579883,0.04329801047289813,6.316401737707633,-2.0959343860546746,-2.096000333627065,-2.10182032485803,6.593344733119011e-05,4.7981194863192895e-06,0.0028549735725391656,0.04483007127419114,8.211384753386179
846,-2.5444445786652743,-2.5465948581695557,-2.54514487584432,0.002150272398635193,1.0,4.112308437874566e-06,0.002635678802444427,0.0380237884129639,5.868731180826823,-2.0426719610889754,-2.0427440454562507,-2.0454346065719924,7.205906634529431e-05,2.9420907784090864e-06,0.0024469053508558622,0.03835428374198576,8.135282834370932
847,-2.4914510779910617,-2.492847853236728,-2.48849066540047,0.0013967751766796464,1.0,2.9642409302781474e-06,0.0025190650744156707,0.03885004614238386,5.6870799947668,-1.9857214937607446,-1.9857699871063232,-1.985577719906966,4.849776936074098e-05,3.0036918208982874e-06,0.002721902390476316,0.039663855995362006,7.8035828073819475
848,-2.52940387196011,-2.5304440480691417,-2.53430704275767,0.0010401590692776222,1.0,3.9109233040545844e-06,0.0029579454136115534,0.043506908127003245,5.57931011694449,-2.2164868811766305,-2.216527725259463,-2.2154695838689804,4.083709791302681e-05,3.3367128745946197e-06,0.002676843840163201,0.03830707476784786,7.730066994825999
849,-2.104309623302133,-2.1051650753727666,-2.127783927997505,0.000855462556635892,1.0,2.9360385859170627e-06,0.0024158475980921475,0.03686562373682305,5.276228233619973,-0.8795614770497195,-0.8795977486491514,-0.8704368301356832,3.627586799363295e-05,5.018704181717719e-06,0.0032645605873161307,0.04690525665258368,7.713740607102713
850,-2.0474901817463063,-2.0494646540394537,-2.0386887435559875,0.0019744716032787605,1.0,1.904189041481543e-05,0.00549997266864887,0.0596018145205798,6.400645715219003,-2.0151918033758798,-2.0152347683906555,-2.0051076461871467,4.2954226955771446e-05,2.3684500623251854e-05,0.0055308970040641725,0.06946357634539406,8.177948455015818
851,-2.2905373131787337,-2.292945632228145,-2.2942246860928006,0.002408294145155836,1.0,1.9952417325704892e-05,0.00436713568072904,0.05190116470610654,5.5184258266731545,-2.054270620147387,-2.054302046696345,-2.054564227660497,3.142856682340304e-05,1.2452656164896325e-05,0.003111396625172347,0.04038734563315908,7.843261440594992
852,-2.5173389823348433,-2.518473015891181,-2.5365555109801114,0.0011340570118692187,1.0,1.0007481082370591e-05,0.0025282425254031463,0.033738524549537234,4.917712626633821,-1.9030819634596505,-1.9031096622347832,-1.9149295339981716,2.7684572463234265e-05,6.437407364501269e-06,0.0020644529577111825,0.030074375526358683,8.127515355745953
853,-2.598931109463727,-2.5998181766933866,-2.581229006802594,0.0008870826137286645,1.0,5.707521941749965e-06,0.0019704429475866534,0.029789968773170753,5.29978362719218,-1.9362248393396537,-1.9362509089211624,-1.9429156295955181,2.608013649781545e-05,4.157441878760437e-06,0.0019463303275794412,0.02928431921948989,8.114961008230845
854,-2.6288569503360324,-2.630087940781205,-2.634019728060122,0.0012309610567711017,1.0,3.834295613261121e-06,0.0021062795616065464,0.03243479601762913,5.438731961780125,-2.1053586254517236,-2.105380952358246,-2.1097348680098853,2.2326596081256866e-05,2.989930114457214e-06,0.002136076393071562,0.03263787987331549,7.962362090746562
855,-1.7832815680238936,-1.7840735051367018,-1.7912502222590976,0.0007919387684928046,1.0,4.2316768300494274e-06,0.002557290562738975,0.035936457898329804,5.8695548022234885,-1.229978655775388,-1.229998658100764,-1.214934264620145,2.0014044518272083e-05,1.4162867425208484e-05,0.005232455616351217,0.06817113965128858,7.951760073502859
856,-1.95071135185383,-1.9519958363638983,-1.9442730965437713,0.0012845046542308948,1.0,3.1051903735917425e-05,0.0068561711900488095,0.07757199748798653,6.514145127049199,-1.9288706928491592,-1.9288902133703232,-1.9171980222066243,1.950073055922985e-05,3.647704284048814e-05,0.006331811659038067,0.07608863416438301,8.249377747376759
857,-2.248935160813508,-2.249621444278293,-2.247926191047386,0.0006862956064718741,1.0,2.791189931654285e-05,0.004726959392428398,0.0557235900864557,5.443635428393328,-1.9935940802097318,-1.9936070094505947,-1.9905633876721065,1.2912399445970854e-05,1.698976033518799e-05,0.0032568670285400003,0.04268781328573823,8.102798362572988
858,-2.4247891726317228,-2.425617076732494,-2.4276984532674155,0.0008279016172444379,1.0,1.333836176113605e-05,0.0026362924922809557,0.037051916812305095,5.37539800008138,-1.918711540599664,-1.918723354736964,-1.9251324410239856,1.1803427090247473e-05,8.3797292707762e-06,0.0021866187501776344,0.030464177718386054,7.980842014153798
859,-2.548840390311347,-2.5494548832928694,-2.563055400495176,0.0006144918777324536,1.0,7.610864401983606e-06,0.0021063356565449525,0.030516901570889685,5.051246996279116,-1.9282782375812533,-1.9282903373241425,-1.9263882028559844,1.2104321892062822e-05,5.441071796970694e-06,0.001971865145605989,0.029313007990519207,8.000557959079742
860,-2.560917342150653,-2.5620644180862993,-2.574228631125556,0.0011470851108983712,1.0,4.866876157326193e-06,0.002147953151035364,0.03387840002499245,5.441966127466272,-2.0675248901049295,-2.0675430645545325,-2.06008123109738,1.8147286027669907e-05,3.764787190145095e-06,0.002115659861980627,0.031941640113169946,7.86660220225652
861,-2.6898318661583795,-2.6905201894265636,-2.6447183379420527,0.0006883058145090386,1.0,3.4495696362918587e-06,0.0021130729647767213,0.03331681320236789,5.595790951340287,-2.066048855582873,-2.0660702511668205,-2.0713940809170404,2.1407225479682285e-05,2.5475057630804563e-06,0.0019704837274427214,0.030539467465132475,7.928830961386364
862,-1.9755934852140922,-1.9763251543045044,-1.987999297954418,0.0007316547411459464,1.0,3.2974087305235486e-06,0.0027480440007315744,0.042693554527229734,6.09776567529749,-1.705470676223437,-1.7054854730765026,-1.6742063760757446,1.479607696334521e-05,7.329493371344142e-06,0.004772509748969848,0.07596553737918536,8.073990941047668
863,-2.098054629785043,-2.099161898648297,-2.094997847521747,0.0011072880416004747,1.0,1.4258131462459763e-05,0.005780360713187192,0.0838537810853234,6.882965396951746,-2.0776436030864716,-2.0776546647151313,-2.067303722103437,1.1059455573558807e-05,1.3262972326325931e-05,0.005315641930792481,0.08683740456278126,8.447719415028889
864,-2.441679212782118,-2.4420920654579445,-2.4300023273185447,0.00041285391758989407,1.0,1.062694890505453e-05,0.003850889340456989,0.05592059592405955,5.311806714093244,-2.1044445782899857,-2.1044564892848334,-2.1063263763984046,1.193086306254069e-05,7.056568695891959e-06,0.002812588723221173,0.04799208277836442,7.918705006440481
865,-2.5969217265093767,-2.597393795295998,-2.620157568543046,0.00047206954547652493,1.0,5.322751163745394e-06,0.0022999780269822587,0.038182327454840695,5.063563523469148,-2.0761211216449738,-2.0761339937647185,-2.065312777956327,1.2856830532352129e-05,3.889508510231583e-06,0.002108380494367642,0.037440259009599686,7.803278923034669
866,-2.6232063593687833,-2.6237331452193082,-2.62146434519026,0.0005267750195882938,1.0,3.470403364055393e-06,0.0021167421730718125,0.03485130449687993,5.374772001195837,-2.2015392531951266,-2.2015539358059564,-2.189778650800387,1.4700305958588919e-05,2.9041477678977876e-06,0.002326421488154059,0.037150380201637745,7.732583324114481
867,-2.1319976206179017,-2.132565493936892,-2.0991625962433993,0.0005678750436615061,1.0,3.1629718469722085e-06,0.002501436017660631,0.04206732439774054,5.729573232156259,-2.1277067561944327,-2.127720276514689,-2.1145713130633035,1.351449949045976e-05,5.724680382475829e-06,0.0036350389030606798,0.05397143944477042,7.42202627658844
868,-2.254333602057563,-2.2548254242649786,-2.2474772576932556,0.0004917839886965575,1.0,1.1614896400849964e-05,0.004322547025771605,0.056702847558039206,5.5341447635933205,-2.1011936267216997,-2.1012038389841714,-2.0945174197355905,1.0235467925667763e-05,1.2015583820357278e-05,0.004018273592616121,0.05361899764587482,7.8372297286987305
869,-2.491703810515227,-2.492106737913909,-2.484067060329296,0.00040291097980958446,1.0,9.370721660094137e-06,0.0030517257853514617,0.04193505375749535,5.148753484090169,-1.9771768525242805,-1.9771883140007656,-1.9808306321501732,1.146155409514904e-05,5.906911515770237e-06,0.0022866184202333293,0.034055668550233044,8.138237575689951
870,-2.589704919744421,-2.5904231248078524,-2.5930163772017867,0.000718226311383424,1.0,4.970116892595628e-06,0.0021218398534175423,0.033512137140388844,5.303901690023917,-2.084007054567337,-2.0840208530426025,-2.0799858247240386,1.379125751554966e-05,3.6257876748398607e-06,0.002022429456701502,0.03232132278693219,7.725022931893667
871,-2.652040684664691,-2.6525206477553755,-2.6453556572949446,0.0004799462578914784,1.0,3.3345340852974914e-06,0.0020771563415312106,0.03391313980574961,5.393534254144739,-2.140371546149254,-2.1403868198394775,-2.1363677034775415,1.525521899263064e-05,2.680375274621838e-06,0.0021336484836259237,0.03410214573765794,7.570506314436595
872,-2.0668524779655315,-2.067975409604885,-2.0449239015579224,0.001122949437962638,1.0,3.7539569146045123e-06,0.0026862303407310887,0.04218361071414418,5.672086742189196,-1.7842510491609573,-1.784265622496605,-1.77228382229805,1.45848219593366e-05,7.557750185090602e-06,0.004289155350609993,0.05959564866498113,8.035878201325735
873,-2.2883906541047274,-2.289160622490777,-2.286444655171147,0.0007699688689576255,1.0,1.1691480452740237e-05,0.004439599061798718,0.05472105838082455,5.6796530176092075,-2.068997412919998,-2.0690087974071503,-2.0630105833212533,1.1387746781110764e-05,9.758292624913642e-06,0.00358275572458903,0.0489813156115512,8.337410112222036
874,-2.514462780069422,-2.5150684780544705,-2.498375830826936,0.0006057037109578097,1.0,8.344621029984276e-06,0.0028661803247545053,0.0394315745819498,5.430927417896412,-2.063609833518664,-2.0636209845542908,-2.0570327068368592,1.115165650844574e-05,5.3919918438320264e-06,0.002157280944326582,0.031364938554664455,7.649000525474548
875,-2.453548537360297,-2.454468939039442,-2.4504985765174583,0.0009204008513026767,1.0,4.6276928279203946e-06,0.002382993646379974,0.03626954245070616,6.2918723335972535,-2.222137028972308,-2.2221493323644004,-2.210422689716021,1.2308591976761818e-05,3.990268339748582e-06,0.0026847311043335744,0.04289755038917065,7.936746259530386
876,-2.6753802034589977,-2.675981565758034,-2.6742904716067843,0.0006013481567303339,1.0,3.46227831734588e-06,0.0025858456286153306,0.042693644417104895,5.33382041366012,-2.227379674712817,-2.2273952265580497,-2.229711482922236,1.5553707877794903e-05,2.5428435132350082e-06,0.002285791536754308,0.03727350252059599,7.7128445506095895
877,1.0483539706027065,1.0470477789640427,1.0175599544136613,0.001306227649803515,1.0,7.018819549860685e-05,0.009961991648500165,0.0845433454270716,15.29053364859687,-0.5282157647113005,-0.528390118231376,-0.5138352115948995,0.00017435499466955662,0.0004979340810677968,0.042285149451345205,0.24913644542296728,34.2913769086202
878,-0.6109161641862657,-0.6129239488531042,-0.6242598140681231,0.00200778149344303,1.0,0.0007981568191166001,0.06392101336408544,0.3501628030229498,26.419351153903538,-0.7305622647205988,-0.7307441706458727,-0.7244453653693199,0.00018190941773355007,0.0006630501569209931,0.07207582735766967,0.3851967205603917,20.716269095738728
879,-0.8845602693381133,-0.8879172073470222,-0.8888501480773643,0.003356939457632877,1.0,0.0005413097711021288,0.0546561943160163,0.3120244840780894,16.742793401082356,-1.0226691961288452,-1.0228118523955345,-1.0170046786467235,0.00014265060114363828,0.00034185469363971305,0.041705131996423006,0.24989184675117335,15.306361635526022
880,-1.2209802821830467,-1.2237490503876298,-1.2225309522063643,0.0027687688254647786,1.0,0.00026818900746379597,0.029419271896282833,0.19455219446508973,11.856323842649106,-1.3299617270628612,-1.3301248500744502,-1.3247148245573044,0.00016311509534716606,0.00014572967878242102,0.018957879471903045,0.12898394092917442,12.639180620511372
881,-1.5853591804151181,-1.5872913952226992,-1.5999199284447565,0.001932215773397022,1.0,9.540561977364296e-05,0.012707189035912355,0.09931427281763819,9.143520302242703,-1.5743653923273087,-1.5745791097482045,-1.5746247544884682,0.0002137291400382916,5.1723977321671555e-05,0.00798566466740643,0.06515283106515805,10.434465646743774
882,-1.8010607251414545,-1.8039654824468825,-1.7975615859031677,0.002904758478204409,1.0,4.616904381556971e-05,0.006786272481635765,0.0600950933854889,8.438103834788004,-1.6912231892347336,-1.6914108047882717,-1.690985341866811,0.00018762207279602686,3.057198856974234e-05,0.005273347836919129,0.049118650456269584,9.859205802281696
883,-2.005848381254408,-2.010756505860223,-2.0333279371261597,0.004908145094911258,1.0,2.450809814844332e-05,0.004602655664914184,0.04591881628665659,6.988938102015743,-1.7827799320220945,-1.7829387957851093,-1.780253107349078,0.0001588383068641027,1.8848833330290898e-05,0.0038568059098906815,0.040051271518071495,9.09014008442561
884,-2.168749451637268,-2.1715781688690186,-2.1817990409003363,0.0028287044001950156,1.0,1.6372324588937097e-05,0.0037453910077197682,0.041898952314147246,6.459758917490642,-1.7851686055461569,-1.7854338337977727,-1.8026569709181786,0.0002652342276026805,1.0354054287139055e-05,0.002920319423234711,0.032028904650360346,8.87353006998698
885,-2.1095609113022133,-2.11265496412913,-2.114468510504122,0.003094040823203546,1.0,1.3227679759169135e-05,0.003959057869872561,0.042950289185952256,7.0317178655553745,-1.9350727200508118,-1.9352131833632786,-1.9310819109280903,0.00014046571838359037,9.096931288847069e-06,0.0035402330104261637,0.0427444369221727,8.826760470867157
886,-2.3427219655778675,-2.345648067968863,-2.3489617153450295,0.0029261398508592888,1.0,6.735455153156417e-06,0.002999456064706599,0.03641404163230349,6.109065462041785,-1.992839147647222,-1.9930198738972347,-1.9819420451919239,0.00018071872182190418,5.287201872761216e-06,0.002757776547999432,0.033731934459259115,8.485345979531607
887,-2.1927671564949884,-2.1961594450253026,-2.18640866930838,0.0033923013618698825,1.0,7.407356355947235e-06,0.003974449553492444,0.04424208292254695,7.30393233122649,-2.0582638879617057,-2.0583840111891427,-2.064904590447744,0.00012013502418994904,6.6160281638379575e-06,0.0038522016645098725,0.047029448517908655,8.69513507684072
888,-2.447850068410238,-2.4500792997854726,-2.447584876307735,0.002229244827672287,1.0,4.481492935694944e-06,0.0031590677487353482,0.04210218483651126,5.975031446527551,-2.0363773281375566,-2.0365258927146592,-2.036018058657646,0.0001485566608607769,3.276614667887164e-06,0.0025219493836630136,0.03046713847046097,8.484745860099792
889,-2.3147266617527715,-2.3170273303985596,-2.3226418186117104,0.002300649674402343,1.0,3.515989865937391e-06,0.002771875579599981,0.035030517658149754,5.849527553275779,-1.8224338938792546,-1.8225364635388057,-1.8075055728356044,0.00010256616709132989,7.87957882645666e-06,0.004127911107692246,0.04662790863464276,8.113563934961954
890,-2.244724710782369,-2.2461097461205943,-2.236489627096388,0.0013850335445668963,1.0,1.2583069645996955e-05,0.004735539124036829,0.050105597409937114,5.742853694491917,-2.044804399212201,-2.0448689262072244,-2.0447010000546775,6.452505476772785e-05,9.886032974767053e-06,0.0037466504339439175,0.04354300908744335,8.26512904961904
891,-2.5130864161032216,-2.5142649368003562,-2.5259279233438,0.001178535529308849,1.0,6.881441869929269e-06,0.0027014682397108387,0.03400037789510356,5.264730170921043,-1.8363159572084744,-1.8363859026382368,-1.8634049569567044,6.995435493687789e-05,3.6779333640879486e-06,0.001887847082495379,0.023709037341177464,8.12519774834315
892,-2.4180543290244207,-2.4208103639108165,-2.39960546736364,0.0027560399224360785,1.0,3.823327292425178e-06,0.0025032837055968464,0.03337491503744214,6.665459703516077,-2.1678215215603513,-2.1678729007641473,-2.161408692598343,5.1386343936125435e-05,3.894293399753224e-06,0.0033093443780671805,0.041601760778576136,8.610975960890451
893,-1.8127541266105793,-1.8141501082314386,-1.8322248138763286,0.0013959749981209083,1.0,3.2409616324002855e-06,0.00294708533005582,0.0390765906346065,5.718100159256546,0.09615316071237126,0.09611107409000397,0.12635077132532993,4.208794174094995e-05,1.078213487441341e-05,0.005420744690733652,0.05713855506231388,11.398161570231121
894,-1.3289109229765557,-1.3347684191194948,-1.3436714190023917,0.005857483449357527,1.0,8.30550714588888e-05,0.013214907591679582,0.10683148561252488,10.936832940136945,-1.4840178241332374,-1.4841088404258092,-1.4735960364341736,9.101466275751591e-05,0.00010975234848350131,0.015489227138459682,0.1226967756326,11.617698589960735
895,-1.737513815915143,-1.742766428876806,-1.7394544680913289,0.005252611995847137,1.0,9.706102530428864e-05,0.012205482495051843,0.09607738339238697,7.43814539026331,-1.7657477011283238,-1.7658385634422302,-1.7593689014514287,9.086153780420621e-05,6.966888440729235e-05,0.00870554696302861,0.07894839408497016,8.944252073764801
896,-2.0343647797902427,-2.0375921196407742,-2.021018619890566,0.003227340885334545,1.0,5.284078091520954e-05,0.0065576706461056514,0.06347307880167607,6.236340646390562,-1.9205925365289052,-1.9206994324922562,-1.9157582769791286,0.00010688121741016705,3.374740830016284e-05,0.00448871228339461,0.04429466603323817,8.387327015399933
897,-2.259635572080259,-2.2625320929068105,-2.2736098413114196,0.0028965148936819147,1.0,2.5318999110755545e-05,0.003561450065010124,0.03761233568743423,5.56361397990474,-1.8670694554845493,-1.8672455325722694,-1.8839886263012886,0.00017607243110736212,1.5705707824054116e-05,0.002587306371424347,0.029745145856092375,8.19894979397456
898,-2.397339529461331,-2.399938848283556,-2.366084787580702,0.002599337241715855,1.0,1.3152926873805916e-05,0.002380909372328056,0.027802164148953225,5.7542653790226685,-1.897775376836459,-1.8979761997858684,-1.9194410641988118,0.00020082139720519385,9.217488961136647e-06,0.002097541044349782,0.026226276997476816,7.983251849810283
899,-2.4232108504683882,-2.426701965155425,-2.4189822982858726,0.0034911026143365437,1.0,8.066532195193253e-06,0.0022580994991585612,0.03085136279049847,5.8896472895586935,-1.9122452400624752,-1.9125659378866355,-1.9318851567804813,0.00032070201511184376,5.861406634721789e-06,0.0021995776041876525,0.027880922813589375,8.417372624079386
900,-2.5483592527884023,-2.5529353706925004,-2.5466254463902227,0.004576124664809968,1.0,4.9018900527799915e-06,0.0022166066337376833,0.032631985636221036,5.570883397702818,-2.0614917501807213,-2.0617676774660745,-2.0618367517987886,0.0002759090469529231,3.848994822419627e-06,0.002079792247968726,0.028959404832373064,7.898438851038614
901,-2.6429233286115856,-2.6490309679949724,-2.655384558218497,0.006107653387718731,1.0,3.2757161534391344e-06,0.002062104745871491,0.030102618935483473,5.272841188642714,-1.959706890086333,-1.9600921521584194,-1.965746625016133,0.00038524701570471126,2.5579962823485403e-06,0.0020208675656855726,0.028271232498809695,7.922817687193552
902,-2.2173328267203436,-2.2215050679666026,-2.2139087738814176,0.004172249800629086,1.0,3.6505617083969775e-06,0.0028748466003755174,0.03817427931008516,6.200897446385136,-2.0077671806017556,-2.0078659107287726,-1.9928110539913177,9.872034812966983e-05,6.06202384763795e-06,0.004396109977581848,0.05367843325560292,8.56224771340688
903,-2.472229074548792,-2.474728540137962,-2.46093840069241,0.0024994469627186103,1.0,6.378243310960157e-06,0.004031817704715111,0.05091785198008573,5.410369184282091,-2.19094879925251,-2.1910129288832345,-2.1847669929265976,6.413646042346954e-05,4.551960500975838e-06,0.0030434785003308207,0.03946800258321067,8.014005978902182
904,-2.672865947087606,-2.674659737834224,-2.667243410039831,0.0017938022674233824,1.0,3.4756980295680008e-06,0.0023523073393368612,0.03227598154572425,5.127970448246709,-2.055544664462407,-2.0555976579586663,-2.071453938881556,5.30087078611056e-05,2.4982080522780357e-06,0.001933501266951983,0.02692234911955893,7.798533499240874
905,-1.5269678080523457,-1.529742251943659,-1.5219759736899976,0.0027744441672607704,1.0,8.636150082734443e-06,0.003553876329937743,0.041404201200714814,6.590196185641819,-1.6996339162190754,-1.6997086505095165,-1.6873341699441273,7.472575331727664e-05,2.6784480269270716e-05,0.007673902902752161,0.07539584363500278,8.759530782699585
906,-1.9853948266417891,-1.9918606016370985,-1.9881499299296626,0.006465771407992752,1.0,3.453851779879726e-05,0.007853853085112793,0.0765531759157225,6.584042814042833,-1.9697314202785494,-1.9697906921307247,-1.9625184734662373,5.9256174912055336e-05,3.2079613826378285e-05,0.006362820723249267,0.062888878552864,8.114812433719635
907,-2.2005381319257946,-2.2052491815001876,-2.19937554553703,0.004711052609814538,1.0,2.3449755274298326e-05,0.004741209196961588,0.05250805478405069,5.7937674875612615,-2.026649072766304,-2.0266979038715363,-2.0193165987730026,4.881395337482294e-05,1.6596186507437476e-05,0.003505436315511664,0.038180998681734,7.959307273228964
908,-2.3979758907247475,-2.4011905237480446,-2.4121858058152377,0.003214620398702445,1.0,1.3453528313052462e-05,0.002930427522019104,0.03474230650398466,5.331752415056582,-1.935151035586993,-1.9351888572176297,-1.942098853488763,3.7824735045433044e-05,9.132730838246061e-06,0.0023463830972711244,0.028187521655733388,8.222642362117767
909,-2.5444803414521395,-2.5467708993841103,-2.539906413466842,0.0022905636578798294,1.0,7.732774907641147e-06,0.002136585337144357,0.029072204259810625,5.1814027362399635,-1.9895834823449452,-1.9896164958675702,-1.9806085675954819,3.302105081578096e-05,5.608351690019238e-06,0.0018873585116428633,0.02464480884373188,7.71890793244044
910,-2.5335618036764638,-2.536552561653985,-2.5405702966230885,0.002990763496469568,1.0,4.998529406024048e-06,0.001995696612909712,0.02960905425802425,5.348166041904026,-2.1731008837620416,-2.1731312374273934,-2.161525552471479,3.0356148878733318e-05,4.176613420744009e-06,0.0021935355422707894,0.029740657502164442,7.640222251415254
911,-2.6395790665237993,-2.6418115033043756,-2.62826908076251,0.0022324467836706725,1.0,3.858735740154602e-06,0.002120355877128464,0.027782912607546204,5.347216800407127,-2.1049520323673883,-2.104984144369761,-2.1015058582027755,3.211402023832003e-05,2.8174533307871266e-06,0.0019344878528499976,0.027088661134863894,7.993454734484355
912,-2.611346880594889,-2.6131453249189587,-2.607825341048064,0.0017984580524541714,1.0,2.8370593217577727e-06,0.0021733668917376134,0.0318612906805895,5.323069016138713,-2.2409490942955017,-2.240984325607618,-2.2358153760433197,3.522331826388836e-05,2.5702887095728024e-06,0.002245131167001091,0.030757744796574116,7.484110573927561
913,-2.5248709696310536,-2.526859654320611,-2.538714302910699,0.0019886933819011406,1.0,2.8399926821765363e-06,0.002438392274564615,0.0345038547422047,5.350115016654685,-2.1237785071134567,-2.123808443546295,-2.11469200750192,2.9949393744270008e-05,2.6767768777820797e-06,0.0024368439141350486,0.031103331440438826,7.791186352570851
914,-1.8198034090024453,-1.8220830173404128,-1.8268790399586712,0.0022796188239698058,1.0,5.37221111934977e-06,0.0039018655833960685,0.04697359180836766,6.781646534248635,-1.9419358571370442,-1.9419590085744858,-1.9349932422240574,2.3148953914642334e-05,1.1033254205964719e-05,0.006790240450451772,0.08196617274855574,8.88355274995168
915,-2.2350049018859863,-2.2372983473318593,-2.241806670471474,0.0022934486192685588,1.0,1.1714850003314765e-05,0.006241101219698235,0.0755043494756575,6.134877390331692,-2.173395022749901,-2.173417021830877,-2.162321090698242,2.200730765859286e-05,9.475369665778999e-06,0.004927033306254695,0.06159661648174127,8.248133679231008
916,-2.4117379409295543,-2.4138417464715465,-2.4095892166649855,0.002103802782517892,1.0,6.8767628818022786e-06,0.0037554615366928003,0.04876821391560413,5.869852242646394,-2.14158995449543,-2.1416102796792984,-2.1399079660574594,2.0336204518874485e-05,4.718968928803709e-06,0.0029909892085318765,0.04075026713932554,8.3083735704422
917,-2.606751874641136,-2.6081553211918584,-2.5968019520794905,0.0014034540013030724,1.0,3.91635069684492e-06,0.002825051847914303,0.038759819266420824,5.601350890265571,-2.260344256957372,-2.2603661815325418,-2.269044583042463,2.191394257048766e-05,3.1076958274904123e-06,0.002416903900060182,0.034730991115793586,7.522818585236867
918,-2.687712634051288,-2.6893676298635976,-2.6788726956756026,0.001654973460568322,1.0,2.586903010355686e-06,0.0022535063197008437,0.03293995186686516,5.37849669986301,-0.05105641453216472,-0.05108052942280968,-0.06794028884420793,2.411574435730775e-05,2.192573807254424e-06,0.0020638158360573775,0.029433304211124778,7.620139201482137
919,-1.0844223019149568,-1.0862462437815137,-1.0929647700654135,0.0018239506278876906,1.0,1.896927355355055e-05,0.006572599997054096,0.06879766450987922,7.664021386040582,-1.7225178927183151,-1.722538247704506,-1.7115005205074947,2.035149373114109e-05,3.6779537291901455e-05,0.009598144873355826,0.08757878250132005,9.85311156511307
920,-2.023909436331855,-2.0266136593288846,-2.029339247279697,0.002704226377385634,1.0,3.658891701316288e-05,0.007939533951381842,0.07275894298045724,6.169182123961272,-2.0021274586518607,-2.0021445751190186,-1.9952182273070018,1.7128419131040573e-05,2.7208427657872864e-05,0.005739511378730337,0.055570835868517555,8.07383112112681
921,-2.331160624821981,-2.3325681774704545,-2.3222786673793085,0.0014075352637856096,1.0,2.0369869903165466e-05,0.004233674810233491,0.04750553870366679,5.140522930357191,-2.055649980902672,-2.055665746331215,-2.0532254725694656,1.577675963441531e-05,1.310412672713331e-05,0.003035706923886513,0.032920591067522764,7.884240448474884
922,-2.460933460129632,-2.4631373617384167,-2.4711175627178616,0.002203924995329645,1.0,1.0836679343305554e-05,0.0026262207474145624,0.03150479129895016,5.336448272069295,-2.0050649543603263,-2.005082612236341,-2.000478138526281,1.7659816270073254e-05,7.256527832547969e-06,0.0021502971018586927,0.026625303473944466,7.796118795871735
923,-2.501505154150504,-2.504123564119692,-2.515388047253644,0.002618390514894768,1.0,6.504684026569723e-06,0.002184622869309452,0.028824487149163528,5.564195350364402,-2.0180825665593147,-2.0180995042125383,-2.0222868844866753,1.6926554962992668e-05,4.955873142383401e-06,0.002038538388054197,0.027465556903431814,8.076386431852976
924,-2.4517797099219427,-2.4539671694790877,-2.445064937626874,0.0021874545900909988,1.0,4.90505143952086e-06,0.0025704917325465766,0.037945023427406945,6.22728932345355,-2.212190235654513,-2.2122217367092767,-2.202753151456515,3.150012344121933e-05,4.014334668530258e-06,0.0025990511348936707,0.038783980533480644,7.951110144456228
925,-2.6769050050664833,-2.678096471009431,-2.6674033359245017,0.0011914437291798768,1.0,3.4638733857853502e-06,0.002269885709716214,0.03456296109490924,5.19518627943816,-2.1953894595305123,-2.1954195499420166,-2.2043207759658494,3.0101044103503227e-05,2.670579580884199e-06,0.0020608922301713997,0.03047598696624239,7.518704493840536
926,-2.290573800051654,-2.2922605761775263,-2.292943830843325,0.001686765639870255,1.0,3.14918619787258e-06,0.0025088918628171086,0.035281214104206475,5.839809779767637,-2.209558223684629,-2.2095770835876465,-2.2016570220390954,1.8863317867120106e-05,4.0510343145191046e-06,0.003160216564234967,0.046922410217424236,7.872456173102061
927,-2.518360491152163,-2.5194191049646446,-2.526159326235453,0.0010586258161950995,1.0,4.824307813612029e-06,0.003209734361411797,0.04604395768708653,5.056266422624941,-2.220284014940262,-2.220298861463865,-2.224843586484591,1.4842332651217779e-05,4.133093530829986e-06,0.00271769020279559,0.040043591832121216,7.752209862073262
928,-2.6841817255373353,-2.6853722996181912,-2.6815334690941706,0.001190579530817491,1.0,3.472478755173614e-06,0.0023178509220963825,0.033211083599814666,5.146740471875226,-2.090517958005269,-2.0905348137021065,-2.094071830312411,1.6871141269803047e-05,2.5640382167087714e-06,0.0019196307645567383,0.030196350455905,7.898966292540231
929,-0.9761162356094077,-0.9771357840961881,-0.9759949578179253,0.0010195301362761744,1.0,5.230836635477047e-06,0.002541845207344051,0.03577800467610359,6.482809199227227,-1.4431498249371846,-1.4431671301523845,-1.4328522483507793,1.7305603250861168e-05,3.694051436771891e-05,0.00789532259417077,0.08442394404361646,14.150019447008768
930,-1.3053607278399997,-1.3087183435757954,-1.3038074970245361,0.003357625531929511,1.0,0.00016428687040051618,0.01709188852045271,0.12790414194266,11.551843890437373,-1.3417673657337827,-1.3418048570553462,-1.333026001850764,3.748961413900057e-05,0.00019317499087871207,0.01880111296971639,0.15273625403642654,11.954938252766926
931,-1.602727426422967,-1.6051027333294903,-1.6006982414810746,0.002375297248363495,1.0,0.00017404242303369015,0.01465790718793869,0.11441907148670268,7.25633970896403,-1.6578729301691055,-1.6579015006621678,-1.654535045226415,2.855900675058365e-05,0.00012505521772254724,0.010309847149377068,0.08710942820956309,8.944660345713297
932,-1.865531356246383,-1.8678961727354262,-1.8751480446921454,0.0023648113840156132,1.0,9.860005660879392e-05,0.008113400303517227,0.06395849488951542,6.277166039855392,-1.817287564277649,-1.817309762040774,-1.8137049277623494,2.2178050130605698e-05,6.620031778462969e-05,0.0055052181899858015,0.050793697126209736,8.465762535730997
933,-2.0558199374764055,-2.0583078066507974,-2.0471819506751165,0.0024878779357230224,1.0,5.48207832185586e-05,0.004660940461757558,0.04393052330447568,6.3956874388235585,-1.8533896456162133,-1.85340711971124,-1.8616546243429184,1.7484882846474648e-05,3.584430207107895e-05,0.0032934784928026297,0.03620359495592614,8.330699880917868
934,-2.303289325148971,-2.304747396045261,-2.3051451312171087,0.001458062203945937,1.0,2.9289231962239784e-05,0.002860267646610737,0.030440223299794726,5.206004972811098,-1.8356827323635418,-1.8357001418868701,-1.8595885584751766,1.739167297879855e-05,1.98612854849974e-05,0.0022470746722926074,0.027347554142276447,7.864984432856243
935,-2.4104675628520824,-2.4120476952305547,-2.4149583092442266,0.0015801118203887232,1.0,1.6131734709132514e-05,0.002091733777585129,0.026073093146637635,5.169217886748137,-1.7793012807766597,-1.7793167630831401,-1.7973806882898014,1.5479900563756626e-05,1.1419119005040557e-05,0.0018268734032365803,0.023637005127966404,8.079076250394184
936,-2.4882686491365784,-2.4898650028087475,-2.494331686585038,0.0015963340799013774,1.0,9.392270789653088e-06,0.0018189274102311443,0.02278066823190009,5.186684431853117,-1.8258373439311983,-1.8258518998821576,-1.8391867006818454,1.455362265308698e-05,7.193615545020293e-06,0.0017397037930398558,0.02334366583575805,7.915156980355581
937,-2.499804894129435,-2.50145396038338,-2.5059937547754356,0.0016490518356914873,1.0,6.56662735275825e-06,0.0019498886712999255,0.024338910597617978,5.491096417109172,-2.0235080271959305,-2.023520514369011,-2.0413978497187295,1.2492295354604721e-05,5.237950972514227e-06,0.0020018915141311786,0.02750229261194666,7.906561414400737
938,-2.4874817077760345,-2.4887864931865975,-2.4915863893650196,0.0013047682328356637,1.0,4.631007860317132e-06,0.0021411488220716515,0.027071872070707655,5.57859632703993,-2.1357192893822994,-2.135732983549436,-2.133637016018232,1.3696417833367983e-05,4.137686403282714e-06,0.0024262252845801413,0.03371406199100117,8.023019949595135
939,-2.603384591914989,-2.605053115774084,-2.591842465930515,0.0016685183401461,1.0,3.546720731888113e-06,0.0025060665836833694,0.033844096379147634,5.686862874914099,-2.166612058877945,-2.1666264484326043,-2.1772122035423913,1.4407172178228697e-05,2.9794267675242736e-06,0.002249283774290234,0.03143235381382207,7.792265474796295
940,-2.3389719415594032,-2.3405167482517384,-2.334565763120298,0.001544803311979329,1.0,2.8117896514838017e-06,0.002664664768855329,0.036093391547048534,6.052147052906178,-2.181500405073166,-2.1815146108468375,-2.1711516280968985,1.4210119843482971e-05,3.244890090551659e-06,0.0031373130332212895,0.04676323632399241,7.867689847946167
941,-2.5620977613661022,-2.56291929880778,-2.598380344885367,0.0008215391663489518,1.0,3.6014260971299976e-06,0.003087842561028622,0.04162256592125804,4.803389346158063,-2.2317061722278595,-2.2317215700944266,-2.235046078761419,1.541214684645335e-05,3.2026372688657525e-06,0.002697462671979641,0.03978509696510931,7.65398238102595
942,-2.671105473129838,-2.6722362218079745,-2.6393479152962014,0.0011307644761270946,1.0,2.7042606571167533e-06,0.0023680120508221014,0.032563317429136346,5.32356595993042,-0.8263105551401774,-0.8263251452396313,-0.8331415007511774,1.4584744349122047e-05,2.225466298947746e-06,0.0020562185624536746,0.03093409553791086,7.49010157585144
943,-1.5079656309551663,-1.5093960541265983,-1.5049667264576312,0.0014304306909993843,1.0,1.1748664721583029e-05,0.004227056642304416,0.04889858486475768,6.121697814376266,-1.9261988550424578,-1.9262150625387828,-1.9135096023480098,1.619810548921426e-05,2.29527565807075e-05,0.005655229382682592,0.06287582637742162,8.39469035466512
944,-2.237394350546378,-2.2387343600944236,-2.226013876773693,0.001340019620127148,1.0,2.2780834451960226e-05,0.004933205528046798,0.05270286166557559,5.570328403402258,-2.092226465543111,-2.092240795493126,-2.0869348098834357,1.4308917646606764e-05,1.6847235921583586e-05,0.0036256583989597857,0.043437017438312374,7.580838918685913
945,-2.4254746128011635,-2.4266892627433494,-2.426912855218958,0.0012146508390152896,1.0,1.32994172990611e-05,0.003011553772483711,0.035752442147996694,5.374313036600749,-2.0134958674510317,-2.013508121172587,-2.0266868447264037,1.2249220162630081e-05,8.724455748658025e-06,0.002291651578464856,0.031073956672723096,7.782707432905833
946,-2.5633485979504056,-2.5646482838524713,-2.5755562075862177,0.0012996801071696812,1.0,7.023900319904054e-06,0.0021183706552687065,0.02732966274574951,4.993835537521927,-2.080515630543232,-2.080527752637863,-2.0929368436336517,1.212822583814462e-05,5.261901094399946e-06,0.00187078248806453,0.0266953615937382,7.368923584620158
947,-2.628193828794691,-2.6292882142243563,-2.627685538044682,0.001094405573827249,1.0,4.62197568527632e-06,0.0018960109403080962,0.026049960404634476,5.167675071292454,-2.0930666277805963,-2.093079542120298,-2.1051302179694176,1.2902930999795595e-05,3.5692373785423115e-06,0.0017869594206179802,0.02611108000079791,7.503393431504568
948,-2.6125139307092735,-2.6146928292733653,-2.611463290673715,0.00217889449386685,1.0,3.4285752985009887e-06,0.002099767409230548,0.02926486927188105,5.823952639544451,-2.2765388190746307,-2.2765537152687707,-2.2857830077409744,1.4908456554015478e-05,2.712833046795519e-06,0.0020638922239110493,0.030259493893633287,7.322317222754162
949,-2.061294539383164,-2.062716150035461,-2.062348610825009,0.0014216157573240776,1.0,3.085600837948732e-06,0.0022300431953260194,0.03170129629196944,5.300767139152244,-1.8246406813462575,-1.8246545940637589,-1.8175541659196217,1.3903947547078133e-05,6.607338339866449e-06,0.003593110052558283,0.047246644428620733,7.51585312684377
950,-2.1933199299706354,-2.194441071263066,-2.1801023836489075,0.0011211372911930084,1.0,1.2762637618800875e-05,0.004624534889848696,0.05824972923707079,5.808499795419198,-2.119452292720477,-2.1194679786761603,-2.115423301855723,1.5689758583903313e-05,1.3792220897812513e-05,0.004325208525794248,0.05310450602943698,7.5339236458142596
951,-2.3735955114717835,-2.3751125733057656,-2.374217951739276,0.0015170563150335241,1.0,1.067380940690378e-05,0.003511030916814451,0.04190734477230796,5.657145350067704,-2.117381970087687,-2.117395574847857,-2.1292751133441925,1.3611279428005219e-05,7.599169445408431e-06,0.002591269051966568,0.03343492327257991,7.647982954978944
952,-2.585729069179959,-2.5865004239258944,-2.589959917245088,0.0007713503997634958,1.0,6.48124407436828e-06,0.002444946465806829,0.03368467989343184,5.077406618330214,-2.1359108487764993,-2.135926013191541,-2.1483616828918457,1.5174193928639093e-05,4.736305034687878e-06,0.0020222237556784726,0.028794251770401996,7.385647217432658
953,-2.6218966797546104,-2.6226816420201904,-2.616912347299081,0.0007849573675129148,1.0,4.033831794879882e-06,0.0019802540989109765,0.029006308772497706,5.283562386477435,-2.1692417363325753,-2.169256861011187,-2.176610713203748,1.5126230816046396e-05,3.300099782184892e-06,0.0020020262309117243,0.030931649962440133,7.4819129308064785
954,-2.6690389668499983,-2.670463932885064,-2.6760706018518516,0.0014249875589653297,1.0,2.9064929263027067e-06,0.0020863606758346714,0.03165409331106477,5.204163074493408,-2.1295774579048157,-2.1295928905407586,-2.1348234017690024,1.5447614714503288e-05,2.469898248591562e-06,0.0019410070187101762,0.02943429971734683,7.304896016915639
955,-2.0548683316619307,-2.0558421876695423,-2.04008682458489,0.0009738618714941873,1.0,3.006299578003193e-06,0.0022842284395462936,0.034573770921539376,5.480611500916658,-2.0628803074359894,-2.0628933360179267,-2.052549362182617,1.3030289361874262e-05,5.768061384969769e-06,0.0036287873226683587,0.04524459131062031,7.717187464237214
956,-2.372346012680619,-2.3736334641774497,-2.3630781085402877,0.001287456946792426,1.0,7.814561606075452e-06,0.004122264553896255,0.04556268350117736,5.646082136366102,-2.170958951115608,-2.1709711054960885,-2.169715200861295,1.2167263776063919e-05,6.817453784909351e-06,0.0033977013372350484,0.040775776064644255,7.694810509681701
957,-2.5862825358355486,-2.5869482358296714,-2.585551208919949,0.0006656967517402437,1.0,5.806482780220297e-06,0.0027412586604003554,0.03248828287339873,4.902450535032484,-2.1151799708604813,-2.1151913007100425,-2.1335279991229377,1.1338076243797937e-05,3.7929934630180164e-06,0.001992811929085292,0.025623187733193237,7.458355685075125
958,-2.6424084769354925,-2.6434632495597556,-2.640946105674461,0.001054758964865296,1.0,3.560934222453701e-06,0.0020455317269941725,0.02512038223169468,5.260489375502975,-2.1867550164461136,-2.186769023537636,-2.206560656428337,1.4021216581265131e-05,2.842297012269531e-06,0.0019358832457025226,0.03165486532573899,7.3903689583142596
959,-2.544587568000511,-2.545350118919655,-2.550912371388188,0.0007625367078516218,1.0,2.575806505504901e-06,0.001926803819110824,0.02762852326311447,5.033919016520183,-1.5657870993018153,-1.5658000123997529,-1.598258691529433,1.2899050489068031e-05,2.588444762826233e-06,0.002055898861726746,0.03100329264998436,7.209204097588858
960,-2.164142264260186,-2.1649098617059215,-2.1422727196304887,0.0007676169690158633,1.0,6.164668253337301e-06,0.003039895772451052,0.0410660446655971,5.259578413433498,-2.100472758213679,-2.100485771894455,-2.0986384948094687,1.3013059894243876e-05,8.058922200386101e-06,0.0034657071034113565,0.04696179972961545,7.572957615057627
961,-2.5113339865649187,-2.5118759561468056,-2.506367912998906,0.0005419899330095008,1.0,7.929843663818988e-06,0.0028863805604891647,0.03912018660317968,4.813545377166183,-2.097162460287412,-2.0971734821796417,-2.1073369358976684,1.1018322159846624e-05,5.7630291886804725e-06,0.00221791855195382,0.032007456912348665,7.572122395038606
962,-2.6531576580471463,-2.6538272433810763,-2.65999354256524,0.0006695756757700885,1.0,4.942035586821105e-06,0.0019474505593448325,0.026861634657338814,4.764357990688747,-2.0377653812368712,-2.037773810327053,-2.050937650104364,8.427072316408157e-06,3.4186633683930268e-06,0.0017136025756675128,0.02514880724872152,7.473672231038412
963,-2.737141255979185,-2.7376771944540517,-2.734939372098004,0.0005359589639637205,1.0,3.231557549817673e-06,0.0016809217976751151,0.023841960355639458,4.717162547288118,-2.068776150544484,-2.068784050643444,-2.0764240647355714,7.921441768606504e-06,2.601594000376887e-06,0.0016389535351966817,0.024474594664449494,7.384284873803456
964,-2.6753257822107384,-2.6761993302239313,-2.6587614395000316,0.0008735453916920556,1.0,2.5185139562651145e-06,0.0018815399682218278,0.028679142878563317,5.3551239790739835,-2.0840851217508316,-2.0840940525134406,-2.099904276430607,8.920983721812567e-06,2.1532865967325656e-06,0.0019386299876108144,0.027326455029348534,7.425372759501139
965,-1.2024033886414986,-1.2034809158907995,-1.2007156952663705,0.0010775242138791967,1.0,1.4525195377212151e-05,0.005174604391127273,0.059648680604166456,7.545303450690375,-1.7987912446260454,-1.7988070646921794,-1.7874757250150044,1.583271659910679e-05,4.160589014645666e-05,0.009926743727798263,0.10603260155767202,9.288440247376759
966,-1.9416005699722856,-1.9426186482111614,-1.928474501327232,0.0010180880350095253,1.0,4.95882078313217e-05,0.008951946730828948,0.08723806548449728,6.379810969034831,-1.9694602737824125,-1.9694741119941075,-1.9667013237873714,1.3850939770539602e-05,3.9113037322143405e-05,0.00634588988032192,0.06864626985043287,7.824274778366088
967,-2.2651440258379334,-2.2661554195262767,-2.265231803611473,0.0010113892041974598,1.0,2.782784307513524e-05,0.004574436470176335,0.05142791162210482,5.132659391120628,-1.9949993391831715,-1.9950109819571178,-2.015321468313535,1.1662797381480535e-05,1.6811913117938577e-05,0.00298443267820403,0.03607803590906163,7.765482902526855
968,-2.4284620152579413,-2.429314233638622,-2.430062762013188,0.0008522023757298788,1.0,1.2608535885023971e-05,0.0025155947034902594,0.03140105534758833,5.229327387279934,-2.01444120456775,-2.0144518141945205,-2.032296617825826,1.0599459831913313e-05,9.028350784016462e-06,0.002123404100226859,0.028782463477303583,7.333926300207774
969,-2.5011422485113144,-2.501761433702928,-2.5167489970723786,0.0006191863643902319,1.0,7.240526109079063e-06,0.002058691750453026,0.028059769318335585,5.225939821313928,-2.0034069567918777,-2.0034225657582283,-2.052242378393809,1.560058444738388e-05,5.559940670233725e-06,0.001962654117960483,0.027975808829069138,7.5410139958063755
970,-2.5913883050282798,-2.5920721734011614,-2.5732793189861156,0.0006838727190538689,1.0,5.015973581774031e-06,0.002152954887909194,0.03063703618115849,5.33001051125703,-2.1050930544734,-2.1051138242085776,-2.1240139678120613,2.0771830653150875e-05,3.7637591200715783e-06,0.0019944498296050974,0.02980134783623119,7.573504845301311
971,-2.721285925971137,-2.721856982619674,-2.706088145573934,0.0005710558896815335,1.0,3.267253953675175e-06,0.0018386491315646304,0.0278646986655615,5.026909580937138,-1.9834060842792194,-1.9834268478055794,-2.015126571059227,2.0763914411266644e-05,2.512751564154314e-06,0.0016594910412095487,0.024403211350242298,7.624932368596395
972,-2.6797692952332675,-2.6808159439652055,-2.6830255102228233,0.0010466534230444166,1.0,2.50064106323946e-06,0.002027255401049775,0.030641774612444418,5.323613043184634,-2.206211323539416,-2.20623117685318,-2.2240415612856546,1.9861307616035145e-05,2.1349278114257686e-06,0.0020221555460011587,0.03005133445064227,7.588806172211965
973,-0.12582068310843575,-0.12704708068459122,-0.12364600433243646,0.0012263764661771279,1.0,2.597207332689356e-05,0.006483234529797401,0.06481369922834414,10.347771167755127,-1.0871791541576385,-1.0872390816609065,-1.0778716678420703,5.993076289693514e-05,0.00012695986849090937,0.021874973317608237,0.17866560195883116,17.349687258402508
974,-1.2539326658955328,-1.2568088681609542,-1.2451348128142181,0.0028762040590798415,1.0,0.00021396652246713293,0.025752062460890523,0.17983043938875198,12.736906475490994,-1.3099594215552013,-1.3100051134824753,-1.303051767249902,4.5688279593984284e-05,0.00020761199812113773,0.023126171125719946,0.1859208190192779,12.28783663113912
975,-1.552493722350509,-1.5543143484327528,-1.5422601479071159,0.0018206351195220595,1.0,0.0001616287196089548,0.0167798038089165,0.12977810314408056,7.9067624939812555,-1.6109410872062049,-1.610973447561264,-1.6055929213762283,3.2359578957160316e-05,0.00010952941435486234,0.012042020913213491,0.10181099517891805,9.309290448824564
976,-1.858918101699264,-1.8608570452089663,-1.8610421507446855,0.001938945993229195,1.0,8.28492319905544e-05,0.00864460790115926,0.06937736148635547,6.26526203861943,-1.808828259507815,-1.8088585088650386,-1.8065042048692703,3.02497452745835e-05,5.3062400790319465e-05,0.006034182326402515,0.05427307030186057,8.462494969367981
977,-2.1244366301430597,-2.1266669741383306,-2.117852696666011,0.0022303609660378207,1.0,3.9049484661922586e-05,0.0044656236897464155,0.041643079818674815,5.702187220255534,-1.8523903737465544,-1.8524226148923237,-1.8691145529349644,3.223912790417671e-05,2.5378558499748276e-05,0.0032876108889468014,0.033132498462994896,8.012210925420124
978,-2.308249592781067,-2.310271978378296,-2.3143522562804044,0.0020224146406959604,1.0,1.937076929068469e-05,0.0026277808593241155,0.029126762240021316,5.217226399315728,-1.8204080226520698,-1.82045961668094,-1.8306559392561514,5.1596201956272125e-05,1.4317277608218623e-05,0.002187029026875583,0.023845403144756954,7.819218734900156
979,-2.3687260459970543,-2.3714255933408386,-2.3602184940267494,0.0026995541044959317,1.0,1.2716731294791248e-05,0.00211330135870311,0.024884721195256268,5.455949465433757,-1.8769223938385646,-1.8769724369049072,-1.897281547387441,5.004415288567543e-05,9.946250524232406e-06,0.0019710868218680844,0.02251580563218643,7.648999949296315
980,-2.4783290050647877,-2.480491276140566,-2.485802244257044,0.0021622824586100048,1.0,8.865847828726854e-06,0.001928328618372756,0.024137715981514367,5.058089203304714,-1.9134861826896667,-1.9135557500024636,-1.9351846356876194,6.955660258730252e-05,6.744785612985045e-06,0.0017646788134394835,0.021565622844112415,7.3179771900177
981,-2.5259246472959167,-2.528466167273345,-2.533771934332671,0.0025415260482717444,1.0,5.562414015811454e-06,0.0017690302467801506,0.023390682828095224,5.11323141168665,-1.8491776560743651,-1.849270502726237,-1.8788101933896542,9.286644247670968e-05,4.513285963033316e-06,0.001725703017048848,0.021976087514000636,8.14357715845108
982,-2.5623031280658863,-2.564916169201886,-2.571562793519762,0.0026130477587381997,1.0,4.41853985143502e-06,0.0020093109018893707,0.027124253550061473,5.379417949252659,-2.1294078181187315,-2.1295392711957297,-2.13345197836558,0.00013145734556019306,3.7107242860656697e-06,0.0020565990513811507,0.02691852192704876,7.763356546560923
983,-2.5352947932702525,-2.538005029713666,-2.540087417319969,0.0027102536211411157,1.0,3.304470906355332e-06,0.002108374119011892,0.02941074077453878,5.721227195527819,-2.221429641048114,-2.2215008984009423,-2.2279080599546432,7.128071350355943e-05,2.957437629902415e-06,0.0023801796584545323,0.0327090248465538,7.728056073188782
984,-2.652667752018681,-2.6544533658910683,-2.661661598417494,0.0017855984883175956,1.0,2.6471320358757146e-06,0.00248366960807255,0.03638414521184233,5.232890023125543,-2.0546337316433587,-2.0547456641991935,-2.0719013710816703,0.00011196344469984372,2.225301197237665e-06,0.0022136431119482345,0.02945739054121077,7.52718448638916
985,-1.9909233307396923,-1.9928747680452135,-1.9944738657386214,0.001951439306139946,1.0,5.4786480463749116e-06,0.0033488090503615915,0.04290708927092729,5.889693948957655,-1.9841757267713547,-1.9842192729314168,-1.9743774930636089,4.3528852984309196e-05,1.0046373821145002e-05,0.0046044957513610525,0.059170696108291544,9.100893954435984
986,-2.424366765552097,-2.425888732627586,-2.4373331158249467,0.0015219685932000477,1.0,1.0659024492606815e-05,0.0040750647808804556,0.04912649695244101,5.073439297852693,-2.1846320529778795,-2.184662342071533,-2.193780397375425,3.029126673936844e-05,6.89421415245306e-06,0.002907811615538473,0.038510800494501986,7.5218566457430525
987,-2.6580431637940585,-2.659324716638636,-2.651162068049113,0.0012815389092321748,1.0,5.281922666553227e-06,0.0022791610444309533,0.03175984098817463,4.778274562623766,-2.051572884122531,-2.051604208846887,-2.1013542811075845,3.133062273263931e-05,3.459855330826637e-06,0.0017187359189847484,0.02393316974242528,7.425445079803467
988,-2.7434190290945546,-2.7448578852194325,-2.746583920937997,0.0014388524685744887,1.0,2.9442494956634214e-06,0.0016941854695755024,0.0241908207880678,4.807618874090689,-2.0657683623333774,-2.065797840555509,-2.113731798250228,2.9480007166663807e-05,2.4412631205450452e-06,0.0016046903231957306,0.022687264640505116,7.37958417336146
989,-2.6326133145226374,-2.63483672230332,-2.6347249437261513,0.0022234214400803603,1.0,2.3526641025792167e-06,0.0018801906197849247,0.025643559793631237,5.144377708435059,-1.903236322104931,-1.9032648727297783,-1.9194019262989361,2.8550392016768456e-05,2.1966163217257417e-06,0.002024911814563287,0.028405779041349888,7.062451044718425
990,-2.297841544504519,-2.2996670294691017,-2.283944152019642,0.0018254900006232438,1.0,3.9154589372898314e-06,0.0031087575566575484,0.04020085220259649,5.590485820063838,-2.248481343189875,-2.248504181702932,-2.265430266658465,2.2838125005364418e-05,4.28983264555427e-06,0.003206714929547161,0.039464815985411406,7.492927809556326
991,-2.712700358143559,-2.7137133103829845,-2.7040110605734364,0.0010129732804165946,1.0,3.6002874939758505e-06,0.0025245125051932753,0.03563014410988048,4.728867168779726,-2.1492719997962317,-2.149296283721924,-2.191798761487007,2.42781825363636e-05,2.4799202738752988e-06,0.001840172544082937,0.02464332749756674,7.122474193572997
992,-2.4397804781242654,-2.4411202514613115,-2.4304765153814247,0.001339772923125161,1.0,2.4573799961486926e-06,0.0018319220678811824,0.026529271362556353,4.82963318294949,-1.9538370867570243,-1.9538584823409717,-1.9788919538259506,2.1384252856175106e-05,3.3508973539634703e-06,0.002275341597851366,0.029266249621286988,6.890182137489319
993,-2.4899776732480086,-2.4910200392758406,-2.4876387384202747,0.001042368925280041,1.0,5.528889502144281e-06,0.002808744398256143,0.0359026726887182,5.02453547053867,-2.211950500806173,-2.211967413624128,-2.219040483236313,1.690676435828209e-05,5.206490754972037e-06,0.0026405206978476294,0.03509200123759607,7.542439341545106
994,-2.6487663410328053,-2.6501045138747603,-2.6581093470255532,0.001338172634994542,1.0,4.470128580443863e-06,0.0022720505431708363,0.028859989372668444,4.885251575046116,-2.1253263851006827,-2.1253459403912225,-2.14290089905262,1.955839494864146e-05,3.07592406064335e-06,0.0017884179251268506,0.024889985642706353,7.590698957443237
995,-2.7777827933982566,-2.7789918846554227,-2.776743279563056,0.0012090980178780025,1.0,2.8017904772544475e-06,0.001743498758447391,0.023574568883136467,4.780937609849153,-2.1677171016732855,-2.167735400299231,-2.2012010576824346,1.830452432235082e-05,2.10061719959261e-06,0.0015924670685005065,0.02420473168604076,7.166456580162048
996,-2.11429966862003,-2.115694139359726,-2.1117117439431174,0.0013944355563984977,1.0,3.861282729539434e-06,0.0026110407197847962,0.03544347360730171,5.504367457495795,-2.13219778239727,-2.132218370834986,-2.1273964444796243,2.0592939108610153e-05,6.2200986500708195e-06,0.003738390310900286,0.04907552835841974,8.035641252994537
997,-2.5432013317390725,-2.5442133214738636,-2.546050204171075,0.0010119815253549153,1.0,6.171813277399417e-06,0.003258840646594763,0.03997014745793961,4.794109635882908,-2.2374623715877533,-2.2374789466460547,-2.241663212577502,1.6562407836318016e-05,4.3534485219727985e-06,0.0023780104141527167,0.03354116855189204,7.196379641691844
998,-2.73818960013213,-2.7392151444046586,-2.728436920377943,0.0010255341314607197,1.0,3.5064219311472563e-06,0.0019511384889483452,0.02750195200658507,4.702939863558169,-2.0584906563162804,-2.0585049937168756,-2.0739568571249642,1.4336857323845228e-05,2.5010947221441406e-06,0.0015814367652637884,0.024641814874485135,7.427461862564087
999,-2.8148337293554238,-2.815755040557296,-2.8300041092766657,0.0009213216188881132,1.0,2.2675940019528043e-06,0.001552526282870935,0.023244240459192683,4.533038368931523,-2.0223589837551117,-2.022373134891192,-2.035144447038571,1.4126145591338476e-05,1.8741555483832901e-06,0.0015266720050324996,0.022783001225131255,7.421016136805216
1000,-1.787267988478696,-1.7881873531474008,-1.8038130628841895,0.0009193525270179466,1.0,7.388092138137802e-06,0.0031434618178065176,0.037505571764928324,5.412131185884829,-2.100552176435788,-2.100565771261851,-2.0956866443157196,1.3587065041065216e-05,1.454468845925779e-05,0.0046193551970645785,0.053023479878902435,7.747505724430084
1001,-2.4001793596479626,-2.4013800709335893,-2.4065532419416638,0.0012007443993179887,1.0,1.3078967269932576e-05,0.003750599808646021,0.044597713828638745,5.069231245252821,-2.1651288121938705,-2.165139779448509,-2.1698442896207175,1.0974006727337837e-05,9.146881761049977e-06,0.002789393028554817,0.033904138719663024,7.376878996690114
1002,-2.641762786441379,-2.642341057459513,-2.63326123908714,0.0005782719149633691,1.0,6.492539223809554e-06,0.0020913531900280053,0.027319995996852715,4.5680898030598955,-2.0082538848121962,-2.008264704296986,-2.0693582197030387,1.0815449059009552e-05,4.558206740057358e-06,0.0016903534027126927,0.022699503460898995,7.182292461395264
1003,-2.646996400974415,-2.647837656515616,-2.6532983514997692,0.0008412459520278153,1.0,3.9284911879265025e-06,0.0016169098283474643,0.02310600435292279,4.888621392073454,-2.0337568546334905,-2.033769634862741,-2.0486982502043247,1.278643806775411e-05,3.135113056866127e-06,0.0016988471810085077,0.023601061664521694,7.655951976776124
1004,-2.7376813093821206,-2.73859770209701,-2.7367848555246987,0.0009163900933883808,1.0,2.792519808281213e-06,0.001806946031542288,0.026233422604423982,4.938178345009133,-2.197481222450733,-2.197494732836882,-2.2312797183791795,1.3515974084536234e-05,2.3663343332221607e-06,0.0018080033429820712,0.0261057341316094,7.409756104151408
1005,-1.6746081792645984,-1.675450828064371,-1.6825875805483923,0.0008426450054954599,1.0,2.15228375829476e-06,0.0018856479415532063,0.027565569306413334,5.149555541850902,1.957280824581782,1.9572700411081314,1.9415605266888936,1.0765312860409418e-05,3.0941828867980803e-06,0.002465930418111384,0.033521150859693684,7.610347330570221
1006,-0.29350693461795646,-0.29607589584257865,-0.27714157076897444,0.002568960189819336,1.0,0.00012735117956321187,0.02058884423847,0.14094932322148923,17.819473796420628,-1.0455558374524117,-1.0456151366233826,-1.0397831549247105,5.9302663430571556e-05,0.00022781186210825885,0.03529642910386125,0.20805983369549116,16.443270524342854
1007,-1.2108769593415436,-1.2138134506013658,-1.2080880359367088,0.0029364969857313015,1.0,0.0002090185702804269,0.03041173676373782,0.19856472589351512,12.176700309470847,-1.340026140213013,-1.3400753637154896,-1.3329717715581257,4.921139528354009e-05,0.00015347538525626683,0.02148393743361036,0.13356554011503854,12.217653950055439
1008,-1.5555498688309282,-1.558118462562561,-1.5618671708636813,0.0025685949733963718,1.0,0.00011984374092814203,0.01608648430556059,0.11249858913598237,8.353800173159,-1.6033870031436284,-1.6034358193476994,-1.598591645558675,4.88299410790205e-05,7.551070575573249e-05,0.01045204089799275,0.07061091872553031,10.19523052374522
1009,-1.807574713671649,-1.8112687159467626,-1.8015389729429174,0.0036940026890348505,1.0,5.445935689581179e-05,0.008162512219752427,0.06499990751897847,7.824415030302824,-1.7462908128897348,-1.7463560650746028,-1.7527076701323192,6.525591015815735e-05,3.245955235797737e-05,0.005421427854647239,0.040476419342060886,9.147679249445597
1010,-2.0712608893712363,-2.0743338576069585,-2.0699376353511103,0.003072967752814293,1.0,2.8669865666112553e-05,0.004702343157044164,0.04222551167563156,6.519585097277606,-1.844669649998347,-1.8447955201069515,-1.8533536990483601,0.0001258536552389463,1.7488694349291716e-05,0.0032914895564317703,0.03036239541446169,8.326261242230732
1011,-2.303854536127161,-2.3068120126371032,-2.3004203549137823,0.002957489548457993,1.0,1.4087955774071074e-05,0.0027920468279195054,0.028122807921910728,5.673499072039569,-1.8344577501217523,-1.8346489692727725,-1.8418066228429477,0.0001912078975389401,8.941367904450695e-06,0.0021596910761824497,0.0222008250032862,7.9099733432134
1012,-2.4128231560742415,-2.4174322375544794,-2.4244101930547646,0.004609086516278761,1.0,8.096683494066517e-06,0.0022117517353897847,0.026591095935415338,5.472349361137107,-1.9313378396133578,-1.9315254092216492,-1.9599090702831745,0.00018757488578557968,5.513219605290942e-06,0.0019739537965506315,0.02042666911923637,7.587374309698741
1013,-2.544691531746476,-2.5481494311933166,-2.5364290210935803,0.003457895928510913,1.0,4.499946869516323e-06,0.0018661213193640665,0.021280000503692362,5.321427566033822,-1.938453570008278,-1.9386779541770618,-1.9738982965548832,0.00022439278351763883,3.3991047985182377e-06,0.0018601996125653386,0.021707419422455132,7.718253910541535
1014,-2.553222250055384,-2.5571428625671953,-2.558900237083435,0.003920624860458904,1.0,3.5050474067517186e-06,0.002299176977464446,0.029644191644533916,5.622131400638157,-2.1632685313622155,-2.1634300549825034,-2.1813514480988183,0.00016150840868552527,2.474607934270049e-06,0.0020469446996382126,0.02686464103559653,7.812215665976207
1015,-2.51968839874974,-2.521808624267578,-2.523468600379096,0.002120221654574076,1.0,2.993073141826446e-06,0.002240722964483279,0.02903421340441262,5.0403271251254615,-2.277326077222824,-2.2774174362421036,-2.272464474042257,9.137143691380818e-05,3.898899914626479e-06,0.002596263453597203,0.031856469732398786,7.316744009653728
1016,-2.67248355017768,-2.674220747417874,-2.667615678575304,0.001737206553419431,1.0,3.4569004078043185e-06,0.002159687375684303,0.02575855391720931,4.734829205053824,-2.107037122050921,-2.1071034322182336,-2.1300685554742813,6.631381499270599e-05,2.3482726068853785e-06,0.0016443267862390105,0.021377589437179267,7.474324266115824
1017,-2.304764398822078,-2.3065424296591015,-2.3217783117735826,0.0017780289743785506,1.0,3.398926221759919e-06,0.0020703863593991155,0.02486361987474892,5.122976329591539,-1.7230907380580904,-1.7231708019971848,-1.7116690178712208,8.005959292252858e-05,8.374189159591575e-06,0.003993726898139964,0.046300259574006,7.820093135039012
1018,-2.2455209493637085,-2.2480531798468695,-2.247638291782803,0.0025322108219067254,1.0,1.3692149877897464e-05,0.004420024351458307,0.05029328084654278,5.074855539533827,-2.1435095320145288,-2.1435701698064804,-2.13842536509037,6.066720622281233e-05,1.1860468475788366e-05,0.0035328528999040523,0.04305821657180786,7.614436447620391
1019,-2.389908484424706,-2.3924160450696945,-2.382290620908693,0.0025075387761548714,1.0,9.802833490000382e-06,0.003075740895130568,0.035571803580279705,5.818479855855306,-2.111077293753624,-2.1111202711860337,-2.141365078588327,4.2979527885715164e-05,5.873407985745871e-06,0.0023163369526931397,0.028311933934067685,7.528856337070464
1020,-2.646735941922223,-2.648530712834111,-2.654184676982738,0.001794773671362135,1.0,4.47157843289595e-06,0.002049927466066071,0.025629641764141894,4.891057561945032,-2.0645169094204903,-2.064560423294703,-2.077246526877085,4.3528697763880096e-05,2.8349875928294446e-06,0.001615173202784111,0.021981448827621836,7.490454216798147
1021,-2.2964995083985507,-2.2985634362256087,-2.2979884059340865,0.002063916720173977,1.0,2.871009857901501e-06,0.0021500958957605893,0.029210883330691745,6.189240526269983,-2.1798403710126872,-2.179893637696902,-2.172683924436569,5.3269012520710625e-05,3.3777412132470395e-06,0.0041655923511522515,0.060214750158290066,8.959628701210022
1022,-2.577910440939444,-2.5798230877629034,-2.5843107435438366,0.0019126435120900471,1.0,2.8066780891499043e-06,0.003935565085460742,0.049837316351908224,5.8385550269374145,-2.25860229631265,-2.2586698283751807,-2.2443667203187943,6.75367967536052e-05,1.8772385317333828e-06,0.002941696506847317,0.04330292468269666,8.017811059951784
1023,0.9072750072788309,0.9044165932745846,0.8904247639907731,0.0028583551584570495,1.0,9.783914131528743e-05,0.014690228056645504,0.11911046905098138,17.635870880550808,-0.640206458667914,-0.6402781258026758,-0.6277079408367475,7.166387513279915e-05,0.00047524623975429375,0.04347004058460394,0.2555427209784587,30.348401069641117
1024,-0.8049892429952268,-0.8147031598620944,-0.8095050630746065,0.009713919833302498,1.0,0.000408615181826193,0.04778286111023691,0.29835586470586284,21.625987512094003,-0.9659660135706266,-0.9660398736596107,-0.9600112413366636,7.38659097502629e-05,0.00035011276728861657,0.04365829362844428,0.25004023623963195,15.844595591227213
1025,-1.1566237122924239,-1.1642466121249728,-1.1640058446813513,0.007622889139586025,1.0,0.0002295928031714909,0.032976138646955845,0.1928916002313296,11.922820938958061,-1.2940730800231297,-1.2941582997639973,-1.2879778842131298,8.521842149396737e-05,0.00019531426247946607,0.023461542325094342,0.1527839209884405,11.822664101918539
1026,-1.5123248674251415,-1.521301132661325,-1.5107586251364813,0.008976270617158324,1.0,0.0001120417005882633,0.01678200911178633,0.11559836538853469,9.33919382095337,-1.6427281598250072,-1.642816369732221,-1.6360188573598862,8.819547171394031e-05,6.125723378621235e-05,0.009964034737398228,0.07790720431754987,9.922412157058716
1027,-1.8690282901128132,-1.8769616462566234,-1.8743281408592507,0.007933364215272444,1.0,3.3671587920657155e-05,0.006885035239436009,0.06095499614322627,7.577531991181551,-1.7183007349570592,-1.7183900624513626,-1.7127888053655624,8.933905822535355e-05,2.1163030472356088e-05,0.004782336162558447,0.04382607977216443,9.083664516607922
1028,-2.135464076642637,-2.1387627477999085,-2.123814167799773,0.0032986499783065584,1.0,1.6732350795118016e-05,0.003994503360310638,0.04211173006505878,6.292073885599772,-1.9226523637771604,-1.9227601041396458,-1.9181864261627197,0.00010772887617349625,1.3295722055772785e-05,0.0033126836254571876,0.03350271525171896,8.187835077444714
1029,-2.2825718102631747,-2.2860647749017784,-2.2777341118565313,0.0034929613962217613,1.0,1.0440381124175878e-05,0.0029371777394165597,0.033546006238019024,5.928157082310429,-1.9370209276676178,-1.9371332253019016,-1.9413351366917293,0.0001123082668830951,8.378702375466673e-06,0.0026708281851218394,0.0302335221786052,8.04517537355423
1030,-2.3100656182677657,-2.315085459638525,-2.3185709891495883,0.005019860618092396,1.0,7.893058645330947e-06,0.002666811984791248,0.03262700616485543,5.871568061687328,-1.988256206115087,-1.988321602344513,-1.989641398191452,6.53911071519057e-05,7.162988708842022e-06,0.0026632016815710813,0.031415031757205725,8.0997483531634
1031,-2.4037925667232938,-2.4080609657146312,-2.416921580279315,0.004268424171540473,1.0,5.882105445683313e-06,0.002480473179646112,0.03155174892809656,5.569786195401792,-1.8649985740582147,-1.8650763804713886,-1.870426706969738,7.781479507684708e-05,4.7763099549532244e-06,0.002287855459144339,0.02872964266377191,8.559665620326996
1032,-2.3945380758356163,-2.398202829890781,-2.3944231227592185,0.003664747846347314,1.0,4.949958515175644e-06,0.002513681874713964,0.030530396434995864,5.7535355885823565,-2.142040401697159,-2.1421201725800834,-2.1325251311063766,7.976971877117951e-05,4.725558426343923e-06,0.0025449297875942043,0.0313596511259675,7.622913102308909
1033,-2.5264473402941667,-2.5286539748862937,-2.5236746116920754,0.0022066398351280776,1.0,4.512560449425278e-06,0.002431564787575216,0.031125640807052452,5.2422795648928044,-2.0661855340003967,-2.0662569602330527,-2.0696397398908934,7.144936049977939e-05,3.2690018656467146e-06,0.0020733910302321115,0.025870575414349634,7.931068420410156
1034,-2.5598317605477794,-2.563414485366256,-2.550791025161743,0.0035827128837505975,1.0,2.771329651228303e-06,0.0020328099899752823,0.02676465617561782,5.4677841221844705,-2.0205919196208315,-2.020654926697413,-2.021915311614672,6.299217542012532e-05,2.8263975480058434e-06,0.0021172861500720805,0.026150998892262578,7.378517786661784
1035,-2.6037108456646956,-2.605639095659609,-2.617112883815059,0.0019282421993988533,1.0,2.913695981179545e-06,0.002219343044864083,0.028244155286638824,4.938700252109104,-2.140983526905378,-2.14107708632946,-2.1435701648394265,9.355888081093629e-05,2.6844519140922785e-06,0.002156691611162387,0.02765200713959833,7.595950047175089
1036,-2.4799199589976557,-2.482392421475163,-2.470230813379641,0.0024724651679948525,1.0,2.840207621880432e-06,0.0022558172759427515,0.02765652675319601,5.235216246710883,-2.1576309700806933,-2.1577197313308716,-2.152687723437945,8.874386548995972e-05,3.7444503580748765e-06,0.002626522812837114,0.03282901458442211,8.193702260653179
1037,-2.4036549197302923,-2.406183026455067,-2.402409306278935,0.0025281319049773395,1.0,3.5846329090553034e-06,0.002710948396405136,0.032591984020891016,5.993641765029342,-2.2632571111122766,-2.2633299976587296,-2.265940268834432,7.292131582895915e-05,3.5838730430744667e-06,0.0030539527845879397,0.039840362034738064,7.837674458821615
1038,-2.5759516336299755,-2.578387807916712,-2.5876777922665632,0.0024361672500769296,1.0,2.949935664960153e-06,0.0027339414055286733,0.035011861093894196,5.400606473286946,-2.228095238407453,-2.228175317247709,-2.22336678703626,8.009428468843301e-05,2.244203386680965e-06,0.0022998670756351203,0.03252422778556744,7.898721655209859
1039,-2.3274993145907366,-2.329063331639325,-2.340771233593976,0.0015640245681559598,1.0,3.180439164309603e-06,0.0028377574678786375,0.03264022784100638,5.177083677715725,-2.0614801545937858,-2.061542804042498,-2.058662881453832,6.265526947875817e-05,4.626582817005935e-06,0.0035447830256695547,0.043198232694218554,7.4957759976387015
1040,-2.5008450790687844,-2.5024764096295393,-2.503693801385385,0.0016313374594405846,1.0,5.023753618405425e-06,0.0032213731427435523,0.03725411039259699,4.993375778198242,-2.2596159825722375,-2.259669507543246,-2.250265354911486,5.350812959174315e-05,3.666591491461683e-06,0.00254451577590468,0.03363453969359398,7.379923423131308
1041,-2.709601322809855,-2.7111197665885642,-2.7112745532283076,0.0015184586798703229,1.0,3.034449382202756e-06,0.0020590219948509775,0.02789531047973368,4.8052929154148805,-2.181560290356477,-2.1816387896736464,-2.1863724117477736,7.84934964030981e-05,2.1462721472668513e-06,0.0017235479754162952,0.023205623884374898,7.138949076334636
1042,-2.314251562235532,-2.316799782492496,-2.313900855956254,0.0025482232923860902,1.0,2.6826289993348637e-06,0.0020651309276689535,0.025816215064238618,5.441010475158691,-1.8389307757218678,-1.838987683256467,-1.8290709952513378,5.689659155905247e-05,4.639965917855686e-06,0.003159401695787286,0.036694962764158845,7.570820649464925
1043,-2.4387532516762063,-2.440115972801491,-2.4371242964709245,0.0013627121569933715,1.0,6.913880211127603e-06,0.003454738762229681,0.035945030550161995,5.00817890520449,-2.1913074354330697,-2.1913590331872306,-2.1841953297456107,5.160753304759661e-05,5.366783644452274e-06,0.0029419762334631137,0.03441669520301124,7.5442877014478045
1044,-2.633834551881861,-2.6352573147526495,-2.6268652236020125,0.0014227371386907718,1.0,4.419375862333389e-06,0.0023196388415440364,0.028003075125592726,4.985524195211905,-2.1710729772845903,-2.1711073691646257,-2.174434853096803,3.4396459038058914e-05,2.8098810484304218e-06,0.0018389480877279614,0.023553344964360196,7.362233420213063
1045,-2.7091765756960267,-2.7105495929718018,-2.716311869797883,0.0013730329357915455,1.0,2.600040404474755e-06,0.0017245337841342444,0.022196093160245154,4.795699940787421,-2.1313556929429374,-2.131397736569246,-2.1312330588698387,4.201087479790052e-05,2.1350834344957548e-06,0.0017166451677136745,0.023405919239545863,7.227980573972067
1046,-1.856206481103544,-1.8583191522845515,-1.8574922195187322,0.0021126871169717225,1.0,6.201885020750018e-06,0.003582070292732506,0.04006306561468928,6.702025448834455,-1.9933738062779107,-1.993441641330719,-1.9838268607854843,6.78400198618571e-05,1.1127675785852867e-05,0.005109508929308504,0.0571888469470044,8.906109829743704
1047,-2.3738797505696616,-2.3756369396492287,-2.371164577978629,0.0017571931497918235,1.0,1.1173818856386114e-05,0.004476344730291102,0.04696297962908392,5.191292338901096,-2.1751290510098142,-2.1751818110545478,-2.1705530931552253,5.27948917200168e-05,6.845744830267601e-06,0.00330846116412431,0.03848551446571946,7.771444062391917
1048,-2.487704034204836,-2.489605419061802,-2.494258921455454,0.0019014021036801514,1.0,5.862488301823356e-06,0.0027146897692647246,0.03310042109202455,5.348253453219378,-2.19101744890213,-2.1910600612560907,-2.207840790351232,4.258798435330391e-05,3.882005084202926e-06,0.0023549173589951047,0.030102179540942114,7.50928920507431
1049,-2.6767351318288735,-2.6784394758718983,-2.6791643566555448,0.001704326175429203,1.0,3.3102061883659594e-06,0.0020583750749075852,0.025705217487282224,4.995193552087854,-2.1762907654047012,-2.176336290935675,-2.181016897161802,4.5524987702568374e-05,2.3417376269208035e-06,0.001850703430439656,0.0261936509826531,7.490131676197052
1050,-2.71465054264775,-2.716210232840644,-2.7115889920128717,0.0015596908137754158,1.0,2.1807713176679464e-06,0.0018009795393380853,0.024264870211482048,4.808950742085774,1.1275747356315453,1.1275315284729004,1.1105458724002044,4.319349924723307e-05,2.003749865290653e-06,0.0017972691033113126,0.02530278676810364,7.230305314064026
1051,-2.0185688684384027,-2.0202523756910256,-2.0015344407271454,0.0016835171867299963,1.0,6.226523821708354e-06,0.003166393247536487,0.03534341789782047,5.391880494576913,-2.053549518187841,-2.0535829613606134,-2.0410341123739877,3.344674284259478e-05,8.715072131811516e-06,0.003942996273205305,0.043559372114638485,7.68540503581365
1052,-2.480216353027909,-2.4817078466768616,-2.4716491875825106,0.0014915042729289443,1.0,8.260727251278391e-06,0.0032942657600398416,0.037362560974778955,5.072059313456218,-2.2402302622795105,-2.2402565330266953,-2.2337142129739127,2.6266478622953098e-05,5.124477278665533e-06,0.0024399281149574867,0.030142347794026136,7.217739363511404
1053,-2.646396133634779,-2.6477916019934193,-2.6330786016252308,0.0013954495942151105,1.0,4.279446767651717e-06,0.002045292726338462,0.02695669068230523,5.071251498328315,-2.1839385479688644,-2.1839578996102014,-2.194080432256063,1.9340853517254192e-05,2.8605383117034458e-06,0.0017113150825025514,0.024285938202713925,7.086157977581025
1054,-2.700155403878954,-2.701785021358066,-2.7162131600909762,0.0016296040956620818,1.0,2.771505638453096e-06,0.0017675784657950754,0.025024987170817675,4.95566005176968,-2.292319893836975,-2.2923446744680405,-2.3045691698789597,2.4774655078848202e-05,2.229942850817679e-06,0.0017938823633206387,0.027732111591224868,7.0597395698229475
1055,-2.6320120052055076,-2.6337324689935753,-2.6218373510572643,0.0017204504046175214,1.0,2.1977634492874066e-06,0.001895883931191983,0.02673595198602588,5.219663284443043,-2.1303997188806534,-2.1304315527280173,-2.131777579585711,3.183097578585148e-05,2.1118442721975348e-06,0.002028323918542204,0.02979788362669448,7.609391132990519
1056,-2.080084618870859,-2.081445276737213,-2.0789014539784856,0.0013606550378931893,1.0,5.768322134153331e-06,0.00327657056213529,0.03932471269810641,5.338066869311863,-2.168101211388906,-2.168132190903028,-2.163558507959048,3.098642143110434e-05,7.931492291390896e-06,0.003948291695754354,0.04732660297304392,7.68508646885554
1057,-2.4509398683353707,-2.4523126494001457,-2.4490063146308616,0.0013727860318289862,1.0,6.83966084546194e-06,0.003136684885248542,0.0361322435653872,5.171107433460377,-2.2282296319802604,-2.228258411089579,-2.2351115544637046,2.877096024652322e-05,4.825147774075352e-06,0.0027300297612479576,0.0370592613859723,7.53465094168981
1058,-2.660471872047142,-2.661726633707682,-2.658299931773433,0.0012547640060936963,1.0,4.033510482191492e-06,0.0024235388350293593,0.0321071847445435,5.086375351305361,-2.2379419306914015,-2.2379690458377204,-2.2445709481835365,2.7108782281478245e-05,2.9848567256370493e-06,0.0020045060615908974,0.0276950653642416,7.361092746257782
1059,-2.6883130647518017,-2.6896272897720337,-2.697403735584683,0.0013142186044542879,1.0,2.6078969649798063e-06,0.0018661647897075724,0.025677342830156838,4.857884495346634,-2.1187291691700616,-2.1187627414862313,-2.1376946469148,3.35622268418471e-05,2.355427720128015e-06,0.0018571884284028783,0.02732352400198579,7.329608440399171
1060,-2.5678478788446495,-2.5692345610371343,-2.5699059300952487,0.0013866977835143054,1.0,2.276580491727347e-06,0.0018541622104951078,0.0250724903135388,4.788152050088953,-1.9594875872135165,-1.9595187827944756,-1.97559550901254,3.122158038119475e-05,2.4328514503698293e-06,0.002078037476167083,0.028453654920061428,6.804309070110321
1061,-2.3980848833366677,-2.399352996437638,-2.390923433833652,0.0012680993725856145,1.0,4.3515703712020895e-06,0.002792383561393729,0.03320233854982588,5.2313197630423085,-2.254719128211339,-2.2547458012898765,-2.248951648672422,2.66818484912316e-05,4.359909136534649e-06,0.0027913216423864164,0.037741234758868814,7.5553222099939985
1062,-2.716060002644857,-2.7170233814804643,-2.728685829374525,0.0009633754552514465,1.0,3.7487925257866864e-06,0.0022448395223667226,0.02999232536940663,4.524836699167888,-2.2223962048689527,-2.2224199324846268,-2.2343667075037956,2.3712714513142903e-05,2.5684570251390446e-06,0.001819722640599745,0.028175609807173412,7.20452731847763
1063,-2.6579055565374867,-2.6588448727572405,-2.652080081127308,0.0009393160817799744,1.0,2.2887832495110126e-06,0.0016237816005876219,0.024253465545674164,4.636219890029342,-1.5803780431548753,-1.5803977052370708,-1.5863080496589343,1.9654864445328712e-05,2.174990314074421e-06,0.0017060538618049275,0.024396083783358335,6.94861485560735
1064,-1.9087720027676336,-1.9096921395372461,-1.9217808445294697,0.0009201418746400763,1.0,9.137706355330818e-06,0.003420486300321365,0.03767684453891383,5.232255511813694,-2.0916135013103485,-2.0916431148846946,-2.0841328551371894,2.962475021680196e-05,1.4671299595647724e-05,0.004387477383716032,0.051243911031633615,7.780645211537679
1065,-2.3916949960920544,-2.3933689373510854,-2.400936581470348,0.001673931669857767,1.0,1.1853974043602918e-05,0.0036620151389528204,0.043074096725494775,5.2075831713499845,-2.1902803281943006,-2.1903087943792343,-2.1931562225023904,2.8482405468821526e-05,7.770685745830027e-06,0.002617274731164798,0.03428386764911314,7.269629776477814
1066,-2.537520090738932,-2.538982660682113,-2.5263405287707292,0.001462596227173452,1.0,6.202859300106799e-06,0.0023259978905251183,0.02902922320559069,5.230251382898401,-2.149132122596105,-2.1491566946109137,-2.1583821723858514,2.459646202623844e-05,4.244264971475786e-06,0.0018865367795418326,0.02668632318576177,7.239941120147705
1067,-2.708105369850441,-2.7093378791102656,-2.7242618755058006,0.0012324920820969123,1.0,3.6853823362266497e-06,0.0016877166236992235,0.023114609876992525,4.67165634367201,-2.0909807483355207,-2.0910068502028785,-2.103777344028155,2.61042732745409e-05,2.7048261680799137e-06,0.001596917791175656,0.023206544962401193,7.475163439909617
1068,-2.657835916236595,-2.659274048275418,-2.6656427869090327,0.0014381372818240412,1.0,2.5732107107816974e-06,0.001782025921986335,0.025925720248509337,5.070942631474248,-2.3083816717068353,-2.30841825902462,-2.3248915125926337,3.659197439750036e-05,2.3311943664339196e-06,0.001974371693601521,0.0310843160841614,7.003246665000915
1069,-2.7068912629727966,-2.7075691046538175,-2.720064578232942,0.0006778286425051865,1.0,2.2447422401859917e-06,0.001843684275324146,0.025679659891735623,4.388103997265851,-1.5626567900180819,-1.5626943682630856,-1.5840430880586307,3.757537342607975e-05,2.1959555880357584e-06,0.0018693490710575134,0.0268680010146151,6.91888173421224
1070,-1.725478052817009,-1.7262773880804028,-1.7302123346814402,0.0007993113249540329,1.0,8.891530034849927e-06,0.0034642508425922307,0.03702460167308649,5.357676753291377,-2.0251530011494956,-2.0251792669296265,-2.015093117952347,2.6270436743895214e-05,1.794933041310287e-05,0.005129296701246251,0.0574598863410453,7.920500377813975
1071,-2.265431280489321,-2.2666238016552396,-2.2659755503689802,0.001192515371022401,1.0,1.8260634364937517e-05,0.004301455001243287,0.04248998217560627,5.064951366848415,-2.1129499127467475,-2.112975706656774,-2.1102448453505835,2.579623833298683e-05,1.3383358502020807e-05,0.003255096855961407,0.03925632406026125,7.529263913631439
1072,-2.547331368481671,-2.5484647574248136,-2.531401651876944,0.0011333961177755285,1.0,9.494586888818216e-06,0.0024994818441983727,0.029696104634139273,4.6392433113522,-2.111743172009786,-2.1117691149314246,-2.126697008808454,2.5932366649309795e-05,6.071864106615976e-06,0.001879080290867326,0.02492779966754218,7.020543018976847
1073,-2.6440420239060014,-2.6452642988275596,-2.642226316310741,0.0012222878221008512,1.0,4.914390156382406e-06,0.0016749654465389471,0.022791017709230935,4.784334200399893,-2.079768086473147,-2.079796224832535,-2.0885710467894874,2.8150777022043865e-05,3.8260256095175764e-06,0.0015587147402887542,0.02117896805672596,7.257658501466115
1074,-2.7451651008040816,-2.745906185220789,-2.74836442205641,0.0007410613061101349,1.0,3.3311092314155153e-06,0.0015324469983439754,0.021191867758278495,4.525342490937975,-2.0194949557383852,-2.0195197438200316,-2.029911590119203,2.477581923206647e-05,2.5786618683317406e-06,0.0014315529018252466,0.020838782113666337,7.30491050084432
1075,-2.7995368551324913,-2.800290098896733,-2.818218946456909,0.000753247489531835,1.0,2.536852729530505e-06,0.0014575133143268802,0.020579644858285232,4.437653621037801,-2.125560611486435,-2.12558750808239,-2.1253312776486077,2.6904745027422905e-05,2.0287871980902614e-06,0.0014735268390116592,0.021877077020083863,7.210290948549907
1076,-2.2744438957284996,-2.2755241371967174,-2.2840797349258706,0.0010802665104468663,1.0,2.962401060392073e-06,0.0018582823427600993,0.02318373049988791,4.785698837704128,-1.973655586441358,-1.9736737807591755,-1.972867210706075,1.8188807492454846e-05,5.267079321432296e-06,0.002915478815945486,0.0367034706287086,7.8068459033966064
1077,-2.470586626617997,-2.471381584803263,-2.47860825503314,0.0007949394208413583,1.0,6.921105270723476e-06,0.002947092108014557,0.0338956703328424,4.75700197396455,-2.179947445789973,-2.179965019226074,-2.1752078185478845,1.759338192641735e-05,5.954853084707186e-06,0.002541486610425636,0.03160475039233764,7.076533854007721
1078,-2.672926699673688,-2.673533801679258,-2.6612928531788014,0.0006071175276129334,1.0,4.621045263775159e-06,0.001998428863266276,0.026495860544619738,4.566769917805989,-2.1116001258293786,-2.1116158043344817,-2.1131849313775697,1.569751960535844e-05,3.423181491749953e-06,0.0016408642695751041,0.022592539588610332,7.097132583459218
1079,-2.751221109319616,-2.751968268994932,-2.7443404374299227,0.000747153052577266,1.0,2.8690017946549537e-06,0.001599413847240309,0.022270574613853737,4.781704743703206,-2.168051327268283,-2.1680655429760614,-2.1776762306690216,1.422626276810964e-05,2.3459707373755614e-06,0.0015299214428523555,0.022631471200535696,7.038847943147023
1080,-2.691872000694275,-2.692725168334113,-2.676561377666615,0.0008531676398383246,1.0,2.1493773584990307e-06,0.0015783437389742445,0.022420286062966893,4.909816176803024,-1.0032825449792049,-1.0033018550214667,-0.9968220572918653,1.9313301891088486e-05,1.9643596260721097e-06,0.001678473893358993,0.025783435286333162,7.2908997535705575
1081,-2.6387317887058965,-2.639365620083279,-2.6328054048396923,0.0006338395868186597,1.0,2.7609493481914222e-06,0.0020262815394542283,0.0274159693400617,4.6536562707689075,-2.3116600116093955,-2.311675503849983,-2.3130380709966025,1.5497906133532524e-05,2.5044465701284935e-06,0.002052799827652052,0.030647187881792586,7.116002678871155
1082,-1.8997492834373757,-1.9005925964426111,-1.9238093870657462,0.0008433281823440835,1.0,2.1028705953506653e-06,0.0017292886817206938,0.024161995699008305,4.570354505821511,20.220922072728474,20.220903317133587,20.18395757675171,1.8738287811477978e-05,2.619569348401759e-06,0.0020411967367787534,0.029069909282649558,6.9023220141728725
1083,0.2943664645707166,0.2925633451452962,0.2952116788537414,0.0018031286696592967,1.0,0.00018156920749687642,0.021947832760849485,0.12689545322899465,20.47615001819752,-0.9037937596440314,-0.9039050564169884,-0.8940853923559189,0.000111291262631615,0.00036925464276767644,0.04067111310238639,0.225154056524237,19.74834640820821
1084,-1.0635340765670493,-1.0660965023217377,-1.060273007110313,0.002562418442081522,1.0,0.0003178870365782468,0.037714609462353915,0.214766890362457,14.664658511126483,-1.1762372627854347,-1.1763242805997531,-1.169319140414397,8.702573056022327e-05,0.00024780740144099883,0.029238067800179124,0.19055581092834473,13.570223728815716
1085,-1.3615486489401922,-1.3637965740980926,-1.3607063867427684,0.0022479336432836674,1.0,0.00020417171698581014,0.0225720524236008,0.1325110078409866,9.64080430843212,-1.4314755350351331,-1.4315707683563232,-1.4232837011416752,9.52347181737423e-05,0.000148241635542945,0.016301880047346156,0.11805521789938211,11.053482453028362
1086,-1.654060231314765,-1.6562852991951837,-1.6572162133676034,0.0022250606367985406,1.0,0.00010967089716965954,0.01238538121321687,0.08085955610429799,7.495142707118282,-1.6820556372404096,-1.6823051919539769,-1.6709754814704258,0.00024955890451868373,7.230323884262664e-05,0.008497648348566145,0.06966409195835392,9.190341194470722
1087,-1.9101808115288064,-1.9182336021352697,-1.9136642394242462,0.008052794538714268,1.0,5.260786989917202e-05,0.006523260156865473,0.047042126318922746,6.7695177925957575,-1.8252391467491784,-1.8255512764056523,-1.808404843012492,0.00031212042085826397,3.131225942828072e-05,0.004209077946143225,0.038073154321561255,8.644521653652191
1088,-2.11739299915455,-2.1227928267584906,-2.1135185206377947,0.0053998009060268045,1.0,2.503356996317894e-05,0.003749351776032536,0.03129238869856905,6.259354061550564,-1.8453105265895522,-1.8467831164598465,-1.8354856024185817,0.0014725942940761645,1.5344390514352806e-05,0.002670570722936342,0.02658139665921529,8.193679690361023
1089,-2.369597726398044,-2.374906557577628,-2.37852786205433,0.005308831524517801,1.0,1.2396744481251247e-05,0.0023216335620317194,0.023214716636748227,5.216852196940669,-1.8401356935501096,-1.8412272483110428,-1.8422407458225887,0.0010915439731130998,8.657681007662177e-06,0.001885616210832571,0.019179269943075877,7.853216071923574
1090,-2.1625516414642334,-2.168952500378644,-2.1781561772028604,0.006400886923074722,1.0,1.0484472467295644e-05,0.002658833615930268,0.025764159858226776,6.096275771105731,-2.007431119680404,-2.0077933768431344,-1.9980584631363552,0.0003622596462567647,1.0822685188334921e-05,0.003288710916725298,0.04179057362489402,8.415282984574635
1091,-2.4654241226337574,-2.467490275700887,-2.4588476022084556,0.002066170658778261,1.0,7.4811428526623385e-06,0.002707491956513237,0.027436942965896043,5.366577598783705,-2.0246211389700575,-2.0250507866342864,-2.0210388153791428,0.0004296478194495042,4.4377258063832414e-06,0.001969953649677336,0.023689425783231854,7.789313813050588
1092,-2.555972690935488,-2.5601235407370107,-2.5577154424455433,0.004150857597037598,1.0,3.943575797570196e-06,0.0019516256568884408,0.02214324281171516,5.276781329402217,-2.0714707225561138,-2.071918770670891,-2.0603661835193634,0.0004480418283492327,3.322286943330255e-06,0.0018439397147934262,0.021733728315060336,7.581110159556072
1093,-2.6103525912320173,-2.615158292982313,-2.6013134717941284,0.004805714029956747,1.0,3.113847444385303e-06,0.0019131672732463037,0.020897149246323993,5.302284788202356,-2.1278295715649924,-2.128056546052297,-2.116498706241449,0.00022695539519190788,2.7409309382164793e-06,0.0018899859229956444,0.02266177504012982,7.682109912236531
1094,-2.501034807275843,-2.503909530463042,-2.516148748221221,0.0028747526445874463,1.0,3.1042627218387984e-06,0.002142884440858055,0.024666086874074407,4.796715709898207,-2.1140861908594766,-2.1142493933439255,-2.1059751162926355,0.00016320915892720222,4.187760756243127e-06,0.0025191718013957143,0.028769352938979864,7.322217444578807
1095,-2.5996234593568026,-2.6020476199962475,-2.5924848273948387,0.002424157879970692,1.0,4.051173197728565e-06,0.002389471098366711,0.028166159159607358,4.839267024287471,-2.1973681847254434,-2.1974937468767166,-2.2120660742123923,0.00012554647400975227,3.1284590704672155e-06,0.0019231424375902861,0.023719576963533957,7.168199439843495
1096,-2.674685654816804,-2.6777582610094988,-2.6814498636457653,0.003072617851473667,1.0,2.6943321497836023e-06,0.00185891664242027,0.02355583943426609,4.981895031752409,-2.0313226456443467,-2.0314230347673097,-2.0571008697152138,0.00010038260370492935,2.1426691887427296e-06,0.0015740438054005306,0.020412514684721828,7.610942145188649
1097,-2.717649318553783,-2.7201861010657415,-2.714370118247138,0.0025367769240229217,1.0,2.188048037405005e-06,0.0017298028580154533,0.021288613512836122,4.810570902294582,-2.06296390046676,-2.063119893272718,-2.071178898215294,0.00015598698519170284,2.111638072695617e-06,0.0016908529311573754,0.021295239062358935,7.297676225503285
1098,-2.456849036393342,-2.459132119461342,-2.4820839784763478,0.002283083688881662,1.0,3.2180257676373003e-06,0.002270042417674429,0.026718240024314985,4.887202536618268,-2.1987362802028656,-2.1988109797239304,-2.193939750393232,7.470052999754746e-05,3.7336354997326757e-06,0.00259191722337467,0.03112229029648006,7.466657062371572
1099,-2.7031104299757214,-2.7051108766485146,-2.6966573309015343,0.0020004546062813867,1.0,3.193505925217458e-06,0.0022596513843853717,0.027151651611482655,4.774766215571651,-2.144640540083249,-2.144697700937589,-2.153657724459966,5.714401292304198e-05,2.172673257897865e-06,0.001685991703804272,0.02120791534737994,7.334713836510976
1100,-2.5174562577848083,-2.5236731237835355,-2.514378137058682,0.006216881934691359,1.0,2.2347932102733197e-06,0.0018231685152622285,0.02220169810095319,4.896520596963388,-2.116605704029401,-2.116663252313932,-2.116116613149643,5.751832698782285e-05,3.076600592066825e-06,0.0022632726710677766,0.028204080027838547,7.039670825004578
1101,-2.5756937486154063,-2.577068240554244,-2.588937512150517,0.0013744911109959638,1.0,3.930153508446421e-06,0.0024791859926793862,0.02806899644848373,4.548761049906413,-2.2051266481479006,-2.2051798601945243,-2.207135165731112,5.321142574151357e-05,3.5005875057928884e-06,0.002126827821484767,0.026651699251184862,7.443570097287496
1102,-2.77157864747224,-2.773105683150115,-2.785877739941632,0.0015270354709139577,1.0,2.731043486568928e-06,0.0017971921910497326,0.022901294752955437,4.411543280990036,-2.011583117147287,-2.0116357853015265,-2.0218892246484756,5.266155737141768e-05,2.0303307716555232e-06,0.001487771961061905,0.019931093712026875,7.0879661043485
1103,-2.5463986573395907,-2.548614665314003,-2.5553110352268926,0.0022160139072824408,1.0,2.4024125827458597e-06,0.0017330368023572697,0.021329262604316074,4.661157051722209,-2.2808318386475244,-2.280873348315557,-2.279682939251264,4.1514247034986816e-05,3.5304956706265025e-06,0.002231905896527072,0.02779034369935592,7.121412297089893
1104,-2.7496583373458297,-2.7508688149628817,-2.7732629069575556,0.001210460439324379,1.0,3.1784992879019463e-06,0.0020194364349461263,0.0250220681299214,4.242996189329359,-2.071338966488838,-2.0713730603456497,-2.0709725817044577,3.4116984655459724e-05,2.3566870197555545e-06,0.001569775806274265,0.02117771589352439,7.481490135192872
1105,-2.6750743521584406,-2.6766976162239358,-2.676095309080901,0.0016232782767878638,1.0,2.2850012421123985e-06,0.001626772163608284,0.020751240249309275,4.659402732495908,-2.2636425892512007,-2.263670598467191,-2.2619992991288504,2.8009604041775067e-05,2.4382393443526476e-06,0.0018387954575397696,0.023324262738848727,7.0481661955515555
1106,-2.7598504666928894,-2.7610803886696145,-2.7648505899641247,0.0012299112147755092,1.0,2.419284336846667e-06,0.001808178934475614,0.023531592692489976,4.419814886870207,-1.6554679088294506,-1.6554979756474495,-1.6717483748992283,3.0060453961292904e-05,2.1066960584903427e-06,0.0016412588108020525,0.021933123003691435,7.001776119073233
1107,-2.2356348788296736,-2.237552845919574,-2.2351067772618047,0.001917957638700803,1.0,4.593317557750938e-06,0.0024527602708312095,0.03023581669010498,4.842010551028782,-2.134168903032939,-2.134190877278646,-2.1247937232255936,2.1989379699031513e-05,7.574157109502266e-06,0.0031798458949197084,0.03757113629641632,7.415992180506387
1108,-2.6035119515878185,-2.6057193720782243,-2.615155025764748,0.002207403381665548,1.0,6.222344095645154e-06,0.0025738347925383736,0.029600757070713572,4.390771026964541,-2.1484348624944687,-2.1484523812929788,-2.148546352982521,1.752477449675401e-05,4.061628014066325e-06,0.001863077040373658,0.024744351860135794,7.308965722719828
1109,-2.776233425846806,-2.777580323042693,-2.785232014126248,0.0013468863649500741,1.0,3.079569389093969e-06,0.0015443312952777854,0.020978736311749176,4.337097176799068,-2.084475062787533,-2.084491257866224,-2.1039198711514473,1.6221155722935993e-05,2.398806017822608e-06,0.0013955180814567332,0.019078915162632864,6.96012419462204
1110,-2.790173711600127,-2.791774140463935,-2.806268996662564,0.001600443075100581,1.0,2.1194064090566286e-06,0.001387394430046832,0.019055155588796845,4.460675027635363,-2.0819797689716024,-2.0819961527983346,-2.0977384423216185,1.6379946221907932e-05,1.999561609030328e-06,0.0014933772229899962,0.02096725336741656,7.256841580073038
1111,-2.345566338962979,-2.346718668937683,-2.336578636257737,0.0011523185228859937,1.0,2.350874389641696e-06,0.001764772869474082,0.022780539433437365,4.730797829451384,-1.9641365309556325,-1.9641527235507965,-1.9582931647698085,1.6183825209736824e-05,4.894631975579007e-06,0.002943431269765521,0.03630317739831904,7.2959610025087995
1112,-2.4361987113952637,-2.4381919878500478,-2.44480119811164,0.0019932823186671294,1.0,8.193187888402329e-06,0.003349691896733862,0.03535512683016283,4.7816498191268355,-2.222966561714808,-2.222982242703438,-2.2174768447875977,1.5665233756105106e-05,7.194585937971472e-06,0.0028462920357317976,0.03486977672825257,7.2777765194574995
1113,-2.420201963848538,-2.4220515622033014,-2.419339965890955,0.0018495602740181817,1.0,5.5846672963795114e-06,0.0027833344173376208,0.03754544354699276,5.983828429822569,-2.205304568012555,-2.2053261746962867,-2.2113300810257592,2.159038558602333e-05,3.9698348738663e-06,0.002538022837446382,0.038902547443285584,7.622560838858287
1114,-2.7016294885564736,-2.703464949572528,-2.719278406213831,0.0018354726058465462,1.0,3.0570915980745297e-06,0.0020806033345353273,0.03333692852821615,4.754657886646412,-2.1422503342231116,-2.142271955808004,-2.1454013362526894,2.1609244868159294e-05,2.2844319763256258e-06,0.0017799714405555278,0.028816815232858062,7.48494537671407
1115,-2.5951473238291562,-2.5961160041667797,-2.602128685624511,0.0009686932381656435,1.0,2.16289711934897e-06,0.0017541057680285088,0.025496245672305424,4.62432023330971,-1.0007006889209151,-1.0007163183763623,-0.9868192461629709,1.5620142221450806e-05,2.296201661996141e-06,0.0019859385890110084,0.02925211051478982,6.803528408209482
1116,-2.409345719549391,-2.410491387049357,-2.3979533822448165,0.001145673570809541,1.0,4.566881999481767e-06,0.0027343829860910773,0.03252439621697973,4.866388347413805,-2.2915809204181037,-2.291594997048378,-2.284941385189692,1.4081519717971483e-05,5.357318798360211e-06,0.002797213771070043,0.03787504400437077,7.054029802481334
1117,-2.6856646493629173,-2.687628949130023,-2.6752944699040166,0.001964311494871422,1.0,4.144661084461e-06,0.002247333099755148,0.03027908210815103,4.722964101367527,-2.138171998163064,-2.138187234600385,-2.1517351989944777,1.524016261100769e-05,2.8168433535332347e-06,0.001675632947202151,0.024969530214245122,7.211955269177754
1118,-2.8133283014650696,-2.8147486757349083,-2.8127741107234248,0.0014203690958243828,1.0,2.5005566654996343e-06,0.0015398338437080383,0.02176959221078842,4.399459803545916,-2.1316711852947874,-2.131690283616384,-2.1396022414167724,1.9095294798413914e-05,2.09057081216694e-06,0.001489537574040393,0.024483936605975032,6.894019067287446
1119,-2.574763629171583,-2.5760297422055847,-2.5644538358405784,0.0012661135169091048,1.0,2.444820354328301e-06,0.0017369233364998191,0.0253792984618081,4.693215555614895,-2.235384220878283,-2.235401769479116,-2.238038256764412,1.752291185160478e-05,2.6660507709645267e-06,0.002068492841014328,0.030377040849998593,7.09201584259669
1120,-2.7318857510884604,-2.7329108538451017,-2.727923137170297,0.001025109655327267,1.0,2.75597508166188e-06,0.0019262478367804928,0.02616901171428186,4.279797183142768,-2.2520863612492876,-2.2521031151215234,-2.2470648859937987,1.676116759578387e-05,2.3331008757547047e-06,0.0017203765746671706,0.025814368699987728,6.971329271793366
1121,-2.6999829433582447,-2.7012691851015442,-2.677099616439254,0.001286235189548245,1.0,2.3856090323264383e-06,0.00163820990861428,0.024224319046846143,4.556549372496428,-1.9445933699607851,-1.944608782728513,-1.9506030927101772,1.5405549978216488e-05,2.344989345222833e-06,0.0017094749491661787,0.025584725430235267,7.159069438775381
1122,-2.586411983878524,-2.5875572164853415,-2.5892428468774864,0.0011452272258422993,1.0,2.526638859813425e-06,0.0018491148388151218,0.025775399921392952,5.11459622559724,-2.1694802343845367,-2.1694936404625573,-2.1752891639868417,1.3418650875488916e-05,2.4970165668491973e-06,0.0024927314855934433,0.03908619020755092,7.625050445397695
1123,-2.7838442590501575,-2.784913327958849,-2.793554173575507,0.0010690524208324928,1.0,2.3391745487431223e-06,0.0022482746841247987,0.03350142675831362,4.636944311636466,-2.3294050941864652,-2.3294194837411246,-2.3460272550582886,1.438280257085959e-05,1.832381580394819e-06,0.0019386884620568405,0.03464467078447342,7.012135982513427
1124,0.8314865187362388,0.8289653396716824,0.8377667742746847,0.0025211712000546634,1.0,8.423105222627109e-05,0.010039739806584461,0.07353030110674875,15.816035014611703,-0.506914034485817,-0.5069507422546545,-0.49307600905497867,3.671071802576383e-05,0.00034783560477080755,0.03441366801659266,0.208879878744483,29.155689001083378
1125,-0.7884709437688192,-0.7964047105224045,-0.8017749322785271,0.00793376675358525,1.0,0.00043933603511605825,0.04252910172497785,0.2706335468424691,21.30261159826208,-0.9246420909961065,-0.9246860295534134,-0.9195620541771253,4.393646183113257e-05,0.000370238831237657,0.044578191048155226,0.29221640278895694,18.65902849038442
1126,-1.1113876788704484,-1.1212558856716863,-1.121394035992799,0.009868212872081332,1.0,0.00029152217515123385,0.03424975124222261,0.21754454379832303,13.412639723883736,-1.2166252012054126,-1.2166628763079643,-1.2106014291445415,3.765833874543508e-05,0.00019987294642002476,0.02657318999990821,0.18486992456018925,13.951486627260843
1127,-1.4826535604618214,-1.4911222634492096,-1.4941749396147552,0.008468711610745501,1.0,0.0001398612498801581,0.01778427111329856,0.12486464930353341,9.156346709639937,-1.5659985045591993,-1.5660401036341984,-1.5607615113258362,4.160846583545208e-05,6.22280341910179e-05,0.011021135918175181,0.08546837915976842,10.755582213401794
1128,-1.9001803795496623,-1.9083905661547627,-1.9087840009618688,0.008210189709508861,1.0,3.713607508904749e-05,0.007042121650927045,0.06277799647715357,7.412475162082249,-1.776610443989436,-1.7766618529955547,-1.771971973280112,5.141498210529486e-05,1.5677550284938963e-05,0.004336760825632761,0.04039782122708857,9.047653456528982
1129,-2.221626732084486,-2.227533225659971,-2.2256573482796,0.00590649605901153,1.0,1.0757096653698548e-05,0.0033048333651903602,0.034688377407965834,5.965256585015191,-1.86590779821078,-1.8659602055946987,-1.854031225045522,5.239535433550676e-05,7.051906607102865e-06,0.0025574501196388155,0.0244301815982908,8.311662753423054
1130,-2.315403461456299,-2.323032785345007,-2.330193047170286,0.007629316369140589,1.0,6.7763992909156644e-06,0.0025825682268650445,0.028595946798170055,5.7756510487309205,-1.9435302540659904,-1.9435746719439824,-1.9345096250375111,4.440817671517531e-05,5.322108696266999e-06,0.002328681031940505,0.02620219943734507,7.847770671049753
1131,-2.484126188136913,-2.4888410215024597,-2.4791235040735313,0.0047148411610612164,1.0,4.602621562231367e-06,0.002164299091048263,0.026662482362654474,5.3125979988663286,-2.0024457598725953,-2.0024967094262442,-1.9934249644478161,5.094544030725956e-05,3.6300326655691606e-06,0.0019908326357835904,0.023599893359156947,7.824099997679393
1132,-2.3875898906478175,-2.392504296920918,-2.3731626531592123,0.0049144239337356,1.0,3.858073215370597e-06,0.0023319668231394004,0.029012146578342828,5.88393642284252,-2.1458239605029426,-2.1458753695090613,-2.1401900251706443,5.143073697884878e-05,4.2353295460391864e-06,0.002550311900752907,0.02999729321648677,7.69239354133606
1133,-2.5815970367855496,-2.586039763909799,-2.58246933972394,0.0044427090496928605,1.0,3.2086588732824936e-06,0.0022887897082707947,0.029052448148528736,5.131367365519206,-2.152864009141922,-2.1529130339622498,-2.145797689755758,4.901279074450334e-05,2.651630012451278e-06,0.0019151356730920572,0.024641252006404102,7.396253486474355
1134,-2.5709503050203675,-2.573460093250981,-2.5789397999092385,0.0025097861610077045,1.0,2.6967365590314365e-06,0.0019632600187496456,0.026902594224170403,4.724361057634707,-2.183336541056633,-2.183398053050041,-2.1759919226169586,6.151789178450902e-05,3.0723751365258067e-06,0.002152005530660972,0.025524403279026348,7.386568486690521
1135,-2.675935665766398,-2.6788074087213585,-2.6842644302933305,0.002871764478860078,1.0,2.8719720106622575e-06,0.0020009525318595545,0.02655844059255388,4.76466632772375,-2.230899373690287,-2.2309477676947913,-2.2206113040447235,4.8416899517178535e-05,2.3005065467411137e-06,0.0017748046763396512,0.022925012279301882,7.189621826012929
1136,-2.68487016359965,-2.687438399703414,-2.694047707098502,0.0025682265835779683,1.0,2.1968615000231593e-06,0.0017647835279435472,0.02308180362538055,4.635804644337407,-2.1799528300762177,-2.1800184150536857,-2.1722624947627387,6.557962236305077e-05,2.252828210203006e-06,0.0018580508573601644,0.02307953080162406,7.402912159760794
1137,-2.7297145084098533,-2.7318500501138194,-2.7372105916341147,0.0021355383925967747,1.0,2.143532044471983e-06,0.0017620928594152684,0.023922256849430227,4.59597768606963,-2.255728527903557,-2.2557822118202844,-2.2602954357862473,5.369773134589195e-05,1.9020584147710906e-06,0.001688041632102492,0.021223487992150087,7.075739125410716
1138,-2.691482588096901,-2.6938291214130543,-2.6948685116238065,0.002346546699603399,1.0,2.0634956349062527e-06,0.0018596369428215203,0.026053728225330513,4.709794123967488,-2.2238296965758004,-2.223881552616755,-2.2179862558841705,5.1860930398106575e-05,1.992633727354587e-06,0.0018268466083100066,0.023005388444289565,7.208411216735839
1139,-2.563292450375027,-2.565554870499505,-2.554483245920252,0.002262407844817197,1.0,2.4046285118486224e-06,0.001979892094688559,0.025215834896597598,4.755323277579413,-2.126770863930384,-2.1268164217472076,-2.1158787409464517,4.555261693894863e-05,2.755106568959794e-06,0.0022752391329656043,0.0281562515689681,7.140496770540873
1140,-2.7101231504369667,-2.7115114529927573,-2.7207213242848716,0.0013882977267106373,1.0,2.60650548019233e-06,0.002033033248692475,0.026845388873307792,4.372413758878355,-2.2665015508731203,-2.2665260235468545,-2.260730519890785,2.4472208072741825e-05,2.1386357881662357e-06,0.0017047811901041616,0.02169590094126761,6.857886711756388
1141,-2.7963356618528015,-2.7980019163202354,-2.803788079155816,0.0016662546743949254,1.0,1.9564091055009932e-06,0.001634456674326901,0.021963210121073103,4.506940356007329,-2.273426125446955,-2.273454894622167,-2.2706071585416794,2.877747950454553e-05,1.8313055107910259e-06,0.001546870490225653,0.020387547051844496,6.9474067489306135
1142,-0.408899610793149,-0.41151658252433493,-0.4110379329434148,0.002616955174340142,1.0,2.0399756307496216e-05,0.005167083784558431,0.0379232580739039,10.74731817068877,-0.9998461157083511,-1.0000450784961383,-0.9803728883465131,0.00019896721156934896,0.0001065916606724689,0.01746415812522173,0.10322727138797443,19.511529286702473
1143,-1.2761111480218392,-1.2826438656559698,-1.27134597963757,0.006532715426550971,1.0,0.00014021695339276144,0.022428887999720044,0.14768536968363655,14.286932450753671,-1.3839234560728073,-1.3841778635978699,-1.37526173889637,0.0002544100085894267,0.000135409857648483,0.021237558918073773,0.1605737159649531,12.352974891662598
1144,-1.5982361104753282,-1.6038861627931948,-1.6066344093393397,0.005650056733025445,1.0,9.354155419579776e-05,0.015626357557872932,0.1254504498232294,8.067010349697536,-1.67667784790198,-1.6768987824519475,-1.669353425502777,0.00022093260971208414,6.668646513692995e-05,0.011902536343162259,0.10667138639837503,9.180313229560852
1145,-1.9175095293256972,-1.922608150376214,-1.909796048093725,0.005098610840461872,1.0,4.144443371640389e-05,0.008511207152709917,0.0838745175688355,6.396694095046432,-1.908806006113688,-1.909067263205846,-1.904200365146001,0.0002612531340370576,2.789884373063008e-05,0.006192963958407442,0.06326780344049136,8.04535702864329
1146,-2.0180752321525857,-2.0272550406279386,-2.0206365011356495,0.009179807302576524,1.0,1.7478324210700253e-05,0.004560658613357831,0.0526337512527351,6.144598016032466,-1.9298346787691119,-1.9301961660385132,-1.9256903380155563,0.00036148657090961933,1.3659155740697315e-05,0.0038600934688777975,0.044996931217610836,8.284361640612286
1147,-2.2460931362929166,-2.2526312669118247,-2.260592473877801,0.006538121305682041,1.0,1.4020465709176346e-05,0.003808191442793166,0.0455709634417737,5.647580482341625,-2.0316066245237985,-2.0318202823400497,-2.031592756509781,0.00021366332657635212,1.1657704722741377e-05,0.003344823344377801,0.03980882791802287,7.773915608723958
1148,-2.343300406579618,-2.34913835922877,-2.3702142658057035,0.0058379655496941674,1.0,9.479787978408342e-06,0.0031288001876048467,0.042488076344684315,5.58440367380778,-2.102449124058088,-2.1025932182868323,-2.115070884426435,0.00014413575020929179,6.759782271122579e-06,0.002437723499800389,0.03126654385899504,7.211030364036559
1149,-2.5223321031641075,-2.5265993630444563,-2.5161470660456904,0.0042672670549816554,1.0,5.122109289206694e-06,0.0021421482389861785,0.03190814427755497,4.99844863679674,-2.1289583295583725,-2.1290843884150186,-2.1435284862915673,0.0001260621938854456,5.016268744384433e-06,0.0019843378007256738,0.026335572823882103,6.964551607767741
1150,-2.6486210469846374,-2.650926881366306,-2.6504506093484386,0.0023058432119864004,1.0,3.941689269763797e-06,0.0017373141298001563,0.02569217155515044,4.516794911137334,-2.1366073340177536,-2.13672012090683,-2.142723962664604,0.00011278743234773476,3.662894329181654e-06,0.0016844047883447881,0.022083758415343862,6.877631982167562
1151,-2.6419952986416995,-2.645069718360901,-2.6453209938826383,0.003074399092131191,1.0,2.8657851813746944e-06,0.0015580900384251166,0.023750825560893172,4.559316873550415,-2.003230455021064,-2.003341794013977,-2.0261730924248695,0.00011133713026841481,2.6843662510600552e-06,0.0015322150138672441,0.02026639098767191,7.277244567871094
1152,-2.588685711224874,-2.591694180612211,-2.5763308527293027,0.0030084610399272707,1.0,2.784637352440903e-06,0.0019149158098217514,0.02741635621835788,5.3181181307192205,-2.301012545824051,-2.3011095573504767,-2.292660747965177,9.700919811924298e-05,2.8084304706984162e-06,0.0021748794679297134,0.026991673434774082,7.249662776788076
1153,-2.689398032647592,-2.6930851494824446,-2.694602515962389,0.003687126079091319,1.0,2.2646993203226075e-06,0.0021584846027609375,0.02843852962056796,5.021051468672575,-2.3654675483703613,-2.3655478407939277,-2.3679739087820053,8.029048331081867e-05,1.9896647103223586e-06,0.001978877766911561,0.026584825245663524,6.890427827835082
1154,-2.797717906810619,-2.7994690382922136,-2.8019725569972285,0.0017511370695299571,1.0,1.7845518287787045e-06,0.0017013798890359423,0.02410387910074658,4.302276726122256,-2.278871422012647,-2.2789414624373117,-2.281482587258021,7.003832918902238e-05,1.825150855931194e-06,0.0016707477722472202,0.02335529262199998,6.959126035372416
1155,-2.743697925850197,-2.7456752547511347,-2.749111149046156,0.001977354633035483,1.0,1.8666155272984287e-06,0.0016824513096017418,0.024986673836354858,4.415179835425483,-1.9492857431372008,-1.9493438154459,-1.9449728305141132,5.8070989325642586e-05,1.8814187920194552e-06,0.0016937879360436152,0.02232577729349335,6.709158380826315
1156,-2.5609392589992948,-2.5625303144808167,-2.552841230675026,0.0015910675542222129,1.0,2.365404481207844e-06,0.0019535424524090355,0.025495245466353716,4.503559121379146,-2.2931132217248282,-2.293158769607544,-2.286140317718188,4.554640812178453e-05,2.5046578192207867e-06,0.0020333849194382005,0.027336761510620516,6.875751336415608
1157,-2.8277284922423185,-2.8291737326869257,-2.81151595822087,0.0014452529312283904,1.0,2.145903198214472e-06,0.001741320524295723,0.024117299803981074,4.4917161817903875,-2.2981256544589996,-2.298168415824572,-2.3089907467365265,4.275065536300341e-05,1.744532677131853e-06,0.0014974002406233922,0.02078055908593039,6.746779322624207
1158,-2.7130654785368176,-2.714745556866681,-2.6998287395194724,0.0016801072353566134,1.0,1.7659233814507995e-06,0.0016771711633299237,0.02450716843897546,4.787129675900495,-2.0683763225873313,-2.0684099892775216,-2.0760408813754716,3.3673675109942756e-05,1.7848461718964852e-06,0.0017931264301296324,0.02489280227261285,7.04230119784673
1159,-2.7384063402811685,-2.7396007467199257,-2.7456998736770064,0.0011943985052682736,1.0,1.8529254677762058e-06,0.0017389504420053628,0.025204721734755568,4.24725549309342,-1.5047436927755673,-1.5047795350352924,-1.5004356627662976,3.5860653345783554e-05,1.8306319115405738e-06,0.0016741593863116577,0.022941105378170807,6.671128789583841
1160,-2.583575133924131,-2.5845356517367892,-2.5722858243518405,0.0009605291954897068,1.0,2.227967018842281e-06,0.001863205197474195,0.024835666503619264,4.2638776832156715,-2.2236334681510925,-2.2236616959174476,-2.2216921697060266,2.8226602201660473e-05,2.320568626146269e-06,0.0018587655892285209,0.02420370055673023,6.810206631819407
1161,-2.71844572491116,-2.719638846538685,-2.723073954935427,0.001193109071917004,1.0,2.20484707824653e-06,0.001761208986863494,0.024026939059021295,4.47903056497927,-2.335513393084208,-2.3355421076218286,-2.3309191862742105,2.8741157924135525e-05,2.1677547200245804e-06,0.0017086849450909842,0.02279652833628158,6.718807220458984
1162,-2.8752748171488443,-2.8760811487833657,-2.873231146070692,0.0008063123871882757,1.0,1.9473492287673892e-06,0.0015709898693280087,0.021831020195451047,4.180485804875691,-2.246856744090716,-2.2468831638495126,-2.237353970607122,2.641044557094574e-05,1.7111371117077094e-06,0.0014344056059295933,0.019820220535621047,6.917155623435974
1163,-2.450461917453342,-2.4519170257780285,-2.4543606087013528,0.0014551040475015288,1.0,2.261052339202218e-06,0.0018221288617631351,0.0239672240352741,4.607379515965779,-2.1429076939821243,-2.142924204468727,-2.136219079295794,1.651809240380923e-05,3.046121368773432e-06,0.002377964216672505,0.03021084424108267,7.3737841844558725
1164,-2.7730906627796315,-2.7739332163775408,-2.77348671136079,0.0008425440777231146,1.0,2.8030983348462206e-06,0.002048521557029475,0.025286858797901206,4.291859308878581,-2.292752067248027,-2.2927703509728112,-2.2972335716088614,1.8287372464934986e-05,2.0415194133723467e-06,0.0016024751481988158,0.021429159096442163,6.895708660284678
1165,-2.760389866652312,-2.761723522786741,-2.761160049173567,0.0013336758646700117,1.0,1.9173155410330595e-06,0.00167513868978454,0.023809689062613028,4.868957731458876,-2.3317236651976905,-2.3317415912946067,-2.344377147654692,1.794658601284027e-05,1.7462593149275563e-06,0.0017123295353182282,0.02323766906435291,6.874867737293243
1166,-2.12009297311306,-2.121123587091764,-2.123576902129032,0.0010306112192295215,1.0,2.554272420504141e-06,0.0021535530945079196,0.02590289332524494,5.072538049132736,-2.057992006341616,-2.0580068627993264,-2.0477449198563895,1.4871746922532717e-05,5.0442027941244305e-06,0.003342315952371185,0.037705204682424664,7.984537164370218
1167,-2.3571760433691518,-2.35870568840592,-2.3653573945716575,0.0015296494519269025,1.0,6.967201999133168e-06,0.0036098517615486075,0.034157806972938555,5.349802423406531,-2.233667716383934,-2.2336812615394592,-2.2239518215258918,1.3533358772595724e-05,5.62880730588707e-06,0.002991016119873772,0.0372295833658427,7.562893331050874
1168,-2.6345180670420327,-2.636129034890069,-2.6293259726630316,0.0016109707454840343,1.0,4.145166889833894e-06,0.0024152250175743743,0.029800866282096616,4.904893318812053,-2.285843595862389,-2.2858578165372214,-2.2982819080352783,1.4221606155236563e-05,2.8661040497960735e-06,0.0018235896325980623,0.02408644595804314,6.764951705932616
1169,-2.8015604372377747,-2.80260960261027,-2.8160374517794007,0.0010491573010329848,1.0,2.5206343168435894e-06,0.0016628783109977289,0.022833147983032244,4.430937678725631,-2.283665130535762,-2.2836785117785134,-2.2878602047761283,1.3390478367606798e-05,2.05161168291094e-06,0.001513242139481008,0.021638169845876593,6.7207010984420785
1170,-2.9026329075848616,-2.903596012680619,-2.8961303145797164,0.0009631135811408361,1.0,1.870989337846738e-06,0.001424353875875197,0.02045805603955631,4.315820570345278,-2.2786528964837394,-2.2786654780308404,-2.280577843387922,1.2595904991030693e-05,1.6091012990197366e-06,0.001403806687449105,0.020398355593594413,6.837866922219594
1171,-0.7392874448387711,-0.7408103920795299,-0.7419261093492862,0.0015229451021662465,1.0,1.3170822521041609e-05,0.003983776680090361,0.031406374337772526,8.431801221988819,-1.2838890701532364,-1.2839033404986064,-1.265872058769067,1.426840511461099e-05,4.074834964740148e-05,0.010722938575781882,0.0671634217724204,14.616688132286072
1172,-1.6353402844181768,-1.637207035665159,-1.6559589968787298,0.001866742761598693,1.0,6.229514595664416e-05,0.012424051071758624,0.07949934223735775,9.16576588595355,-1.712336828311284,-1.7123554348945618,-1.7043375670909882,1.8621872489651043e-05,5.039677868505047e-05,0.010628929866167406,0.08413281353811423,9.277650872866314
1173,-1.9418752679118403,-1.9434685442182753,-1.9276787572436862,0.0015932874823058093,1.0,4.083753002406512e-05,0.00822323502075893,0.06668236217013111,6.438896232181126,-1.950924391547839,-1.9509430279334385,-1.943523998061816,1.8620165064930916e-05,2.4320473054710117e-05,0.005632367761184772,0.05154005531221628,7.972483277320862
1174,-2.244759696501273,-2.2460078530841403,-2.23072580937986,0.001248147545589341,1.0,1.787139650265022e-05,0.004291618260106555,0.03993175220158365,5.333265781402588,-2.078096340099971,-2.0781170427799225,-2.07834829390049,2.0676758140325546e-05,1.1136719270628722e-05,0.002932910244756689,0.029786750286196668,7.207594573497772
1175,-2.4959586284778736,-2.4967591144420482,-2.4995649567356817,0.0008004591282871035,1.0,9.151684362559873e-06,0.0023789989020399473,0.02618038861287965,4.542848878436619,-2.045286883910497,-2.0453114062547684,-2.0478369891643524,2.4527388935287792e-05,6.167420906422194e-06,0.0018080811229689668,0.020124272714989882,7.04037050406138
1176,-2.5869647132025824,-2.588098994007817,-2.5849834548102484,0.001134282667879705,1.0,5.990751594287792e-06,0.0017193852173578409,0.01961038051242078,4.679108354780409,-2.0943642059961953,-2.0943855394919715,-2.097089007496834,2.1339782203237217e-05,4.594747376055845e-06,0.0015330279566114768,0.02006928331684321,6.862200001875559
1177,-2.6201284373248064,-2.6213673220740423,-2.633658912446764,0.001238886887828509,1.0,4.039207649637117e-06,0.001581239440754332,0.020075592626300123,4.686644501156277,-2.1478355874617896,-2.147854899366697,-2.1605334828297296,1.931594063838323e-05,3.416076348609446e-06,0.0016170390202508618,0.021791466783421736,6.956080993016561
1178,-2.7448685699039035,-2.7462007999420166,-2.7555883725484214,0.0013322263818096231,1.0,3.184105009023807e-06,0.0015712864265811663,0.021752617770323047,4.459675947825114,-2.207211121916771,-2.207229405641556,-2.2200914919376373,1.8287915736436844e-05,2.4686326203967233e-06,0.0014641420809008803,0.01952919519195954,6.765395204226175
1179,-2.7757138676113553,-2.77676941730358,-2.768776399117929,0.0010555394821696812,1.0,2.411212428207229e-06,0.0015214682099650855,0.021238233894109726,4.703517852006136,-2.227516864736875,-2.2275334149599075,-2.2408777376015983,1.6528026511271794e-05,2.008202547661616e-06,0.0015287249067720647,0.02154690706326316,6.896835148334504
1180,-2.8917102107295283,-2.8925392097897,-2.8920196338936135,0.0008289855387475756,1.0,1.8982755684057203e-06,0.001476154839447527,0.020508254188354367,4.2499052595209195,-2.254540036122004,-2.2545562436183295,-2.266857529679934,1.6203072542945545e-05,1.6325337478898898e-06,0.001418097778999557,0.02042531598514567,6.818923592567443
1181,-2.2733199066585965,-2.27416812049018,-2.2561327439767345,0.0008482092784510718,1.0,1.909161946295407e-06,0.0016508205466110397,0.022248076550938464,5.149960667998703,-1.6900549257795014,-1.6900639211138089,-1.683671737710635,8.995877578854561e-06,2.9198904390644507e-06,0.0027750495452589044,0.0374077467713505,9.215766767660776
1182,-2.5135080814361572,-2.514234525186044,-2.5183166839458324,0.0007264626522858938,1.0,3.7369061121555406e-06,0.003516200955750214,0.042155819910543936,5.445306760293466,-2.3415198922157288,-2.341530958811442,-2.3375574946403503,1.1074822396039963e-05,3.258008869503707e-06,0.0033676413974414268,0.04952816804870963,7.433366119861603
1183,-2.727416162137632,-2.728064051380864,-2.72417128527606,0.0006479142854611079,1.0,2.4657538443972483e-06,0.0025431042994131093,0.03408163461696218,4.415672646628486,-2.3251043111085887,-2.3251188149054847,-2.3304861237605414,1.4491146430373192e-05,1.926154742667071e-06,0.0019803186102459827,0.03086028923280537,6.839276432991029
1184,-2.8139544151447438,-2.8148160069077104,-2.819005771919533,0.0008615879686894241,1.0,1.974342564136788e-06,0.0017615693655830841,0.024257018299842323,4.23980552178842,-2.3218134492635727,-2.32182768980662,-2.3333583374818168,1.4238137130935987e-05,1.717090574023435e-06,0.0015979590534698218,0.025891751516610384,6.712402621905008
1185,-2.6742642234872886,-2.675104306803809,-2.6701628113234483,0.0008400575154357486,1.0,1.7612832784329335e-06,0.0017184137142504806,0.02372127750681506,4.790746944921988,-2.3583534906307855,-2.3583675175905228,-2.3855719616015754,1.4022613565127054e-05,1.8488346995582106e-06,0.0018632590460280578,0.02769317493463556,6.886082967122396
1186,-2.3281488948398166,-2.3287353780534534,-2.3352588017781577,0.000586476797858874,1.0,2.2300554039449908e-06,0.0020539774904372514,0.02833333694272571,4.433400171774405,-1.6801242853204408,-1.6801365936795871,-1.6710075040658314,1.2328848242759705e-05,3.631645663896658e-06,0.0028738773932370045,0.040975500751907624,7.202410062154133
1187,-2.4412623246510825,-2.442073009632252,-2.417743682861328,0.0008106842223140928,1.0,5.478716561642445e-06,0.0029743076474578294,0.033503365978874544,4.785664267010159,-2.3017809192339582,-2.3017919659614563,-2.2963877419630685,1.1048978194594383e-05,5.043182587390523e-06,0.0026814997157392404,0.03880637364151577,6.930489420890807
1188,-2.635049376222822,-2.635662434277711,-2.620484020974901,0.0006130552954143948,1.0,3.918482476634651e-06,0.0022104696232687544,0.03053868023885621,4.975754040258902,-2.2835385849078493,-2.2835496167341867,-2.2955539574225745,1.1017235616842905e-05,2.8548677543464387e-06,0.001977203913459865,0.035475827753543854,7.122592290242514
1189,-2.7901211226427995,-2.7909301298635976,-2.7940891495457403,0.0008090163960501,1.0,2.467321312198894e-06,0.0017933842070676663,0.02757908003749671,4.572050023961951,-2.308110733826955,-2.3081216166416803,-2.3266346206267676,1.0881029690305391e-05,1.974998104022537e-06,0.0015861808594005804,0.029984493274241686,6.720441281795502
1190,-2.653286099433899,-2.6539810012888023,-2.6487204675321228,0.0006949115130636427,1.0,1.8912814741472378e-06,0.0015159091972573489,0.022904611192643642,4.381007812641285,-2.1104977130889893,-2.1105067829291024,-2.110831846793493,9.057422478993734e-06,2.0820094306372994e-06,0.0017756430218772341,0.029499171146502096,6.647492269674936
1191,-2.6566616694132485,-2.6575821461500944,-2.6413151820500693,0.0009204659059091851,1.0,2.6089470229298633e-06,0.0021008271810219244,0.028761501458507997,4.702574253082275,-2.385708009203275,-2.385716885328293,-2.392914349834124,8.888154601057371e-06,2.333306980517591e-06,0.002005193780253952,0.03228712143997351,6.742478827635448
1192,-2.7661880917019315,-2.767436663309733,-2.7498839254732483,0.0012485738153810854,1.0,2.1934356145383964e-06,0.001789464507493432,0.02680153761886888,4.795081315217195,-2.361836825807889,-2.3618460496266684,-2.3558798929055533,9.234994649887085e-06,1.8852366470885802e-06,0.001651042223481151,0.02761988869557778,6.750527620315552
1193,-2.2892515504801714,-2.289960276197504,-2.2910490411299245,0.000708726062266915,1.0,1.7794540688690311e-06,0.0015386244307996498,0.0228540088498482,4.142155179270992,2.895748923222224,2.8957390089829764,2.9004649817943573,9.89770827194055e-06,2.329450874564524e-06,0.0019247088979075973,0.028784867531309526,6.755824685096741
1194,-1.3384017127531547,-1.3398340543111165,-1.339112147136971,0.001432338108619054,1.0,3.144292582469966e-05,0.006383808062377351,0.05692156362864706,8.7281750926265,-1.7744232912858329,-1.7744363347689311,-1.764407863219579,1.3046897947788239e-05,5.257953534965054e-05,0.0085743762125882,0.08685080365588267,9.186792890230814
1195,-2.0381424647790416,-2.039214906869111,-2.034375786781311,0.0010724309141989107,1.0,4.277347707776008e-05,0.006985511854980831,0.0652002550109669,5.920635046782317,-2.04007650911808,-2.040084943175316,-2.0375164449214935,8.43444528679053e-06,3.056799073419825e-05,0.005010560368342946,0.061188144609332085,7.437846004962921
1196,-2.3763064013587103,-2.3769057944968894,-2.3873955497035273,0.0005993979672590891,1.0,1.7167183647904528e-05,0.00357344428387781,0.04115742527776294,4.477988198951438,-2.1535890450080237,-2.153596192598343,-2.155528242389361,7.141148671507835e-06,1.1812641484236034e-05,0.0025220047391485423,0.03229700610972941,7.028855343659719
1197,-2.6026563202893294,-2.60328683146724,-2.5941531128353543,0.0006305014507638083,1.0,8.025267039489268e-06,0.001991045105064081,0.02655710590382417,4.424185390825625,-2.1240176806847253,-2.1240253349145255,-2.1414826810359955,7.637388383348783e-06,5.961670998052189e-06,0.0016002166278970738,0.022573941736482084,6.742704490820567
1198,-2.666547501528705,-2.6673085910302623,-2.6533077557881675,0.0007610761181071952,1.0,4.5455246975136645e-06,0.00153629164452906,0.02316621049410767,4.626242893713492,-2.201307520270347,-2.2013148367404938,-2.1947809358437858,7.323532675703366e-06,4.1139981779754935e-06,0.001452945555987147,0.02161301878125717,6.539011359214783
1199,-2.796970111352426,-2.79794736261721,-2.792765767486007,0.000977266855813839,1.0,3.1574033561843897e-06,0.00137396023557004,0.01967992964718077,4.215314476578324,-2.167835017045339,-2.167842840154966,-2.177993302543958,7.822954406340918e-06,2.7990606573287855e-06,0.0013150273346885417,0.020096096326597035,6.7242048382759085
1200,-2.8373925862488925,-2.8380203511979847,-2.8090218084829823,0.0006277815749247869,1.0,2.443643021858103e-06,0.0013106254541694565,0.021147585853382393,4.43271326135706,-2.230473741889,-2.230482508738836,-2.2388795788089433,8.770730346441269e-06,2.1086383317954946e-06,0.0013475612746939685,0.020941947121173143,6.58414888381958
1201,-2.6137495747318975,-2.614398576595165,-2.611934264500936,0.0006490208346534659,1.0,2.0832538851849407e-06,0.0016418875462410074,0.02513629135986169,5.058406829833984,-2.3891896506150565,-2.389197622736295,-2.3779614120721817,7.978252445658049e-06,2.2060180432011598e-06,0.0021932388481218368,0.030979109462350607,7.133794089158376
1202,-2.705056111017863,-2.705889207345468,-2.714200743922481,0.0008331032262908088,1.0,2.004382837286458e-06,0.0021866800099680267,0.03090181781185998,4.960748257460417,-2.3929190884033837,-2.392927184700966,-2.385656471053759,8.0897007137537e-06,1.6832024414270563e-06,0.0018810470792232081,0.027344769837024312,6.5648814638455715
1203,-2.6575588561870434,-2.6584882029780634,-2.6553151960726136,0.0009293238183966389,1.0,1.8804505501706174e-06,0.001994493214792951,0.028905650393830404,4.451516010143139,-1.7510824451843894,-1.7510903477668762,-1.7428188075621922,7.903901860117912e-06,1.954666141538534e-06,0.0019660205580294132,0.029233821978171665,6.710444529851278
1204,-2.3507884255161993,-2.351395108081676,-2.3660158139688,0.0006066775294365707,1.0,3.218631912171043e-06,0.0023115602994544637,0.028839254441360634,4.261111559691252,-2.3094210475683212,-2.3094279815753302,-2.3030112187067666,6.947433575987816e-06,4.0680866959519335e-06,0.0025923476399232945,0.03424180446503063,6.962088743845622
1205,-2.693994504434091,-2.6945773937084057,-2.690825444680673,0.0005829174899392658,1.0,3.7725688310240877e-06,0.0021741124542637,0.02625360677915591,4.265021686200742,-2.350226437052091,-2.3502322832743325,-2.345543841520945,5.842496951421102e-06,2.7241230119064617e-06,0.0017606447023960452,0.025959252767885726,6.596711953481038
1206,-2.844057462833546,-2.844663946716874,-2.857733620537652,0.0006064792612084637,1.0,2.423651039862307e-06,0.0014887570006841863,0.021024015766602976,4.170673917841028,-2.2825895299514136,-2.282595251997312,-2.2716134786605835,5.714905758698781e-06,1.9113188566658814e-06,0.0013407205212085198,0.020683754041480523,6.496981938680013
1207,-2.826270310967057,-2.826868428124322,-2.8175088829464383,0.0005981210205290052,1.0,1.8198178732173229e-06,0.0013204923943030062,0.020257807888642506,4.375944640901354,-2.1045053650935492,-2.1045104960600534,-2.1118196894725165,5.137718593080838e-06,1.7187556219748028e-06,0.0013639342651003972,0.02020477957557887,6.894206881523132
1208,-2.2303605565318354,-2.2309386686042503,-2.224509005193357,0.0005781068984005186,1.0,2.788425410505658e-06,0.001997705307547693,0.025115926198109432,4.519606413664641,-2.096079314748446,-2.0960863133271537,-2.093467270334562,6.991671398282051e-06,5.683691995272966e-06,0.003135214385110885,0.0372405411520352,7.370873669783275
1209,-2.5664790029878968,-2.5670098110481545,-2.5635708967844644,0.0005308286183410221,1.0,6.606648926040011e-06,0.00284262595663744,0.0306029272162252,4.448761913511488,-2.335555295149485,-2.3355609277884164,-2.3351784298817315,5.634967237710953e-06,4.3539398196420125e-06,0.0022291642429384715,0.029526171972975135,6.737106164296468
1210,-2.7919076990198204,-2.7925032862910517,-2.7941357206415245,0.0005955987920363744,1.0,3.319865215787474e-06,0.001694198745233869,0.023420370011417953,4.229987497682925,-2.2344862719376883,-2.234490916132927,-2.2631711214780807,4.626810550689697e-06,2.3384668660734556e-06,0.001372500565291072,0.01968807032487045,6.639643867810568
1211,-2.844726637557701,-2.8453173946451256,-2.850264655219184,0.0005907668145718398,1.0,2.046361053679128e-06,0.001255183312524524,0.018200305066312903,4.130715299535681,-2.1085859884818396,-2.108590309818586,-2.1145776311556497,4.307444517811139e-06,1.8489612377455462e-06,0.001283563348503473,0.020015458886822064,6.917732457319896
1212,-2.9250524397249573,-2.9255339481212475,-2.932106962910405,0.0004815134323305554,1.0,1.8356072907274076e-06,0.0013340619409939758,0.018993728794157505,4.04016520358898,-2.2849013606707254,-2.2849058409531913,-2.2807662338018417,4.4959597289562225e-06,1.644927569562545e-06,0.0013264705776236951,0.019447103375568986,6.66666054725647
1213,-1.0000930792755551,-1.0011151598559485,-0.99772480626901,0.001022101621384974,1.0,1.2829648127350353e-05,0.003814332225980858,0.03282618370872957,7.778131131772642,-1.5446152140696845,-1.5446397239963214,-1.5296554540594418,2.4501622344056766e-05,3.792799270740943e-05,0.008413359464611858,0.06240553859000405,12.250557661056519
1214,-1.8815421837347526,-1.882742374031632,-1.8797675327018455,0.0012001777412714782,1.0,4.6069026278995875e-05,0.008496779586291976,0.0659403356688994,7.581604374779595,-1.9128601203362148,-1.9128844887018204,-1.9072633634010951,2.4369219318032265e-05,3.5178484570982015e-05,0.006920292721285175,0.06874289456754923,8.390451669692993
1215,-2.216773995646724,-2.217861281500922,-2.2030133582927562,0.0010872940636343425,1.0,2.6186443830266836e-05,0.005123871395847312,0.05111777761744128,5.170280668470594,-2.0936424881219864,-2.0936646262804666,-2.092365632454554,2.2127603491147358e-05,1.5128029758670891e-05,0.0034489925504506878,0.03770071702698866,7.4521396557490025
1216,-2.4979195683090776,-2.498714217433223,-2.487362543741862,0.0007946579544632523,1.0,1.1320086472281858e-05,0.0026802048302703987,0.03246314520085299,4.638359352394387,-2.146746521194776,-2.146766578157743,-2.1572294384241104,2.004695124924183e-05,6.767722728303245e-06,0.0019248051879306634,0.024019742539773386,6.741562485694884
1217,-2.628449704911974,-2.6296711188775523,-2.5959148097921303,0.001221416587079013,1.0,5.620097757249217e-06,0.0016962300804961058,0.02267099865194824,4.695876015557183,-2.0372322648763657,-2.0372479061285653,-2.042558322350184,1.5635664264361065e-05,4.029865806387534e-06,0.0014878112027266373,0.02039442063930134,7.211599191029866
1218,-2.7591052938390663,-2.76021968876874,-2.7604461157763445,0.001114389341738489,1.0,3.892556513299631e-06,0.0014559996305723434,0.020396827237197646,4.29531208674113,-2.188006117939949,-2.1880196084578833,-2.1921360343694687,1.349044032394886e-05,2.9241641451941782e-06,0.001352372593828477,0.01891789655201137,6.577411532402039
1219,-2.6983034125080816,-2.6997034593864724,-2.7071620932331792,0.0014000644700394736,1.0,2.723891712877149e-06,0.0014782642074688166,0.021854726735640456,4.820944185610171,-2.2694230998555818,-2.2694348841905594,-2.298102669417858,1.1749565601348877e-05,2.4532441689946913e-06,0.0015709513439408813,0.022889952136514086,6.671666006247203
1220,-2.798543029361301,-2.7995850951583297,-2.7811792956458197,0.001042060829974987,1.0,2.3102915275996095e-06,0.0016541890498181736,0.02605695329192612,4.703133194534867,-2.2478501846392946,-2.2478622073928514,-2.2701792692144713,1.2014216432968775e-05,1.8632056632365372e-06,0.0015302875690395012,0.02298894280102104,6.809138397375743
1221,-2.779382511421486,-2.780062790270205,-2.81804562498022,0.0006802826429958697,1.0,1.779442624394034e-06,0.0014937500150322362,0.022003936684793897,3.9543367756737604,-2.223657637834549,-2.2236701200405755,-2.249942128856977,1.2479800110061964e-05,1.8156983401240723e-06,0.0016054544976213947,0.023412374779582024,6.41675502061844
1222,-2.7096901116547762,-2.7103611804820873,-2.724410551565665,0.0006710569615717288,1.0,2.1438585320168016e-06,0.0017164279275608282,0.022892340155387367,4.037980847888523,-2.2212306757767997,-2.2212434162696204,-2.226813947161039,1.27376988530159e-05,2.3084500071490766e-06,0.0017473919288022444,0.024759741500020027,6.6423190633455915
1223,-2.8700680202907987,-2.870741181903415,-2.8757259404217757,0.0006731618195772171,1.0,2.1053886956468447e-06,0.001551828950781513,0.022589466120633814,4.11513814219722,-2.276717498898506,-2.276728093624115,-2.2812521010637283,1.0593018184105555e-05,1.759572469950399e-06,0.0013491859669253852,0.019769864118037123,6.624403834342956
1224,-2.7331653524328163,-2.733649801324915,-2.732720957862006,0.0004844344738456938,1.0,1.907845229551539e-06,0.00141183923309048,0.02078187065543952,4.015112338242708,-2.058741187055906,-2.058754106362661,-2.0676726351181665,1.291333076854547e-05,2.1369704038913064e-06,0.0016259774808228638,0.022637980214009683,6.30172477165858
1225,-2.862337032953898,-2.862871858808729,-2.8759939317350036,0.0005348196460141076,1.0,2.1816987959431976e-06,0.001537223566426999,0.021114353021537816,3.86344321568807,-2.2323835839827857,-2.2323942333459854,-2.2399597813685737,1.0642300670345625e-05,1.8282809766863768e-06,0.0013612046799001594,0.019985849930283923,6.726905703544616
1226,-2.821156731358281,-2.8217067100383617,-2.8370048469967313,0.0005499748858036819,1.0,1.809760335533981e-06,0.001292912138591486,0.0202438130767809,3.902613745795356,-2.2657930701971054,-2.2658028999964395,-2.2717608710130057,9.820796549320221e-06,1.8621855607155642e-06,0.0013949218700872734,0.020782242218653362,6.741819858551025
1227,-2.681422374866627,-2.6822581688563027,-2.6979996893141003,0.0008357759841062405,1.0,2.1072719728518103e-06,0.0015357107105147508,0.02255679670445345,4.180766511846472,-2.3588398297627764,-2.3588489294052124,-2.3603820304075875,9.082335357864698e-06,2.385203705064972e-06,0.0017895706211371969,0.02546549658291042,6.63751753171285
1228,-2.83214298442558,-2.832899402689051,-2.833129052762632,0.0007563925313728827,1.0,2.1587572763126915e-06,0.0016575841215887555,0.023677476371328037,4.319388831103289,-2.3496356755495076,-2.3496427883704505,-2.3738802621761956,7.122599830230077e-06,1.7932676096658422e-06,0.0014531311899190769,0.02129536630430569,6.466113984584808
1229,-2.6783525855452925,-2.678861865290889,-2.6833553314208984,0.0005092460800100256,1.0,2.006982375254059e-06,0.0015635391550690488,0.02041889237308944,4.084162376545094,-2.322263404726982,-2.322273646791776,-2.331052819887797,1.0258362938960394e-05,2.222644961117718e-06,0.001746995859624197,0.025329538543398183,6.549751659234365
1230,-2.8966277793601707,-2.8971677974418357,-2.8969902903945357,0.0005400304303125098,1.0,2.075619675081355e-06,0.0015007640856007736,0.019931017352199112,3.9914855692121716,-2.1882378881176314,-2.188245140016079,-2.1942966679732003,7.265092184146245e-06,1.6971366439596143e-06,0.0012804439465980977,0.01853996926608185,6.554312984148661
1231,-2.285968667931027,-2.2868420238848084,-2.281593168223346,0.0008733627834805736,1.0,2.8205890379871967e-06,0.0019328744728463116,0.024077800964867627,4.715528117285834,-2.1865913967291513,-2.186606173714002,-2.1863616009553275,1.4786065245668093e-05,4.272230967217183e-06,0.002551079960539937,0.036038715935622655,6.9694942235946655
1232,-2.6903266112009683,-2.690811766518487,-2.689501100116306,0.0004851745648516549,1.0,4.304188796258704e-06,0.0021872889397113963,0.027917770392916822,4.21852480923688,-2.2989002764225006,-2.2989093909660974,-2.316273257136345,9.100418537855148e-06,3.011130957020214e-06,0.0017054791290623446,0.024781779774154227,6.635371446609497
1233,-2.865908481456615,-2.8665134288646557,-2.8714498149024115,0.000604968242071293,1.0,2.5610614321286213e-06,0.0014353568225892053,0.020613913562286784,4.102782973536739,-2.223764402170976,-2.2237712492545447,-2.2275732097526393,6.864468256632487e-06,2.053645365170572e-06,0.001241557135169084,0.018773111475942034,6.440471728642781
1234,-2.9554843372768826,-2.9560357288078025,-2.9613121968728526,0.0005513900132090957,1.0,1.8812342945979995e-06,0.001201957826399141,0.017243746978541214,4.006447703750045,-2.050964631140232,-2.050971488157908,-2.0693103348215423,6.872539718945821e-06,1.5836937829287006e-06,0.0011528991938879092,0.017579013869787257,6.791130522886912
1235,-1.7096491654713948,-1.7103870025387518,-1.6961920173079879,0.0007378212693664762,1.0,7.855345643292821e-06,0.002711733639309252,0.029173074876544653,5.394053980156228,-1.9068841884533565,-1.9069013794263203,-1.8939309765895207,1.719617284834385e-05,1.6046706681057305e-05,0.004215444457562019,0.04371375978613893,7.873452067375182
1236,-2.2909847542091653,-2.2917947239345975,-2.2868935156751564,0.0008099668279842094,1.0,1.4906515759691871e-05,0.004016166682251626,0.0420224461014624,5.611283929259689,-2.252057080467542,-2.2520686785380044,-2.2549118995666504,1.1609323943654696e-05,1.0036261130608182e-05,0.0029854975000489503,0.035039647637555994,6.913077493508657
1237,-2.6489361303823964,-2.6494956722965948,-2.6465229988098145,0.0005595236326809283,1.0,6.958876872010512e-06,0.002223384122502197,0.02837502056111892,4.299632575776842,-2.215390518307686,-2.2153994565208754,-2.245169440905253,8.95544265707334e-06,4.265543926370204e-06,0.001598249048887131,0.021372881368733943,6.560084501902262
1238,-2.855413878405536,-2.855900358270716,-2.8525237418987133,0.0004864514425948814,1.0,3.3605015401176558e-06,0.0013528374515266882,0.019263411147726908,3.9302948404241493,-2.0502136424183846,-2.0502207800745964,-2.0712831914424896,7.164043684800466e-06,2.4347480215662167e-06,0.001134664145259497,0.01649590798964103,6.7618202567100525
1239,-2.842473268508911,-2.843326798191777,-2.85351824760437,0.0008535149886652276,1.0,2.2260496482178696e-06,0.001245165079901064,0.01891670279480793,4.305642189802946,-2.120703063905239,-2.1207093621293702,-2.1300186986724534,6.302259862422943e-06,1.9785006202255317e-06,0.0012719827112353717,0.02066816040314734,6.9135889410972595
1240,-2.9445978888758906,-2.9450113949952303,-2.9427819781833224,0.00041350598136583966,1.0,1.8320161677399516e-06,0.0012708451271195103,0.01962170073831523,4.002557003939593,-2.0682096009453135,-2.068215357760588,-2.0862030312418938,5.784444510936737e-06,1.616030047557615e-06,0.0012177111493656412,0.019312949657129746,6.602472861607869
1241,-2.1427479209723295,-2.1433390621785766,-2.1504796235649675,0.0005911438277474156,1.0,3.855639104383752e-06,0.0022123119474768086,0.026306305115145666,4.763039783195213,-2.211372504631678,-2.21137972176075,-2.211789975563685,7.221552853782971e-06,5.9272434782542405e-06,0.002927244951327642,0.03593167942017317,7.336038927237193
1242,-2.6676910806585243,-2.6691149870554605,-2.6615819136301675,0.0014239095013450693,1.0,5.206180065687039e-06,0.0023440167445827414,0.028304058989440953,4.253523552859271,-2.275817965467771,-2.2758239209651947,-2.290012893577417,5.9639569371938705e-06,3.5371912000906982e-06,0.0017163501033792272,0.023282509103106957,6.62236875295639
1243,-2.8356254012496382,-2.836456961101956,-2.8422548947510897,0.0008315633016603964,1.0,2.6901265747020026e-06,0.0014506428355902986,0.020174884133868747,4.218637236842403,-2.1185342391642434,-2.1185412478322783,-2.162782875200113,6.9945429762204485e-06,2.061165451057908e-06,0.0012259123468538746,0.018413872884896893,6.628024419148763
1244,-2.9410472446017795,-2.9414444499545627,-2.936167981889513,0.00039719955788718327,1.0,1.91356275115174e-06,0.0011960604762727464,0.018044162783081883,3.8576045389528626,-2.1755214209357896,-2.1755279153585434,-2.191070339332024,6.513437256217003e-06,1.71372437307582e-06,0.0011846099854058896,0.018227078757869702,6.539745350678762
1245,-2.8073505295647516,-2.8079187781722457,-2.818158423459088,0.0005682250829758468,1.0,1.8794269054625247e-06,0.0012762982536245276,0.018071315751445514,3.7927755779690213,-2.17744350930055,-2.1774497578541436,-2.193101689219475,6.251735612750053e-06,1.9008848444930966e-06,0.0013894044483701389,0.020472750572177272,6.568581978480021
1246,-2.9073427341602467,-2.90778535383719,-2.908219196178295,0.00044261043270428974,1.0,1.9790140826174778e-06,0.0013280308986496595,0.017770200726334697,3.811711152394613,-2.18900029361248,-2.189006395637989,-2.194586435953776,6.085960194468498e-06,1.6396426616438475e-06,0.0012116900470573455,0.018043480658282835,6.385228315989176
1247,-2.583908994992574,-2.584515002038744,-2.5830222059179238,0.0006060059423799868,1.0,2.0536443588315266e-06,0.0013472122329942606,0.017567010285953682,3.9506708869227656,-2.1994987080494566,-2.1995041966438293,-2.197321817278862,5.498450870315234e-06,2.852182262813585e-06,0.0017408558390646551,0.02375368296634406,6.599650720755259
1248,-2.7792798148261175,-2.779882280914872,-2.7801727012351707,0.0006024557407255526,1.0,3.1251372800195695e-06,0.0016745651804807562,0.021540476595637976,4.014430416954888,-2.268491993347804,-2.268497586250305,-2.268839811285337,5.60229333738486e-06,2.4848090257971003e-06,0.0014484743781698246,0.020594660891219974,6.468373894691467
1249,-2.931681412237662,-2.9322792953915067,-2.935684221762198,0.0005978689425521427,1.0,2.1463017800569005e-06,0.0012201050779333822,0.017493071276004666,3.8636244844507286,-2.229242779314518,-2.229248190919558,-2.230085705717405,5.4262733707825346e-06,1.776540509960493e-06,0.0011076972902325604,0.016372676550721128,6.405304233233133
1250,-2.282312629399476,-2.282981617031274,-2.2736636814143925,0.000668991357088089,1.0,1.964559466479706e-06,0.001421716385434761,0.02194126453940515,4.70627968399613,-1.7693163702885308,-1.7693229392170906,-1.769851451118787,6.571412086486816e-06,3.8188271768528166e-06,0.002649236897317072,0.03546088747680187,7.294330656528472
1251,-2.365467596937109,-2.3662060499191284,-2.38618951815146,0.0007384364251737241,1.0,8.33684911143522e-06,0.0034102678850845055,0.035675955660365244,4.90053191891423,-2.219339976708094,-2.2193476408720016,-2.21351366241773,7.663620635867119e-06,7.607834011954158e-06,0.003235572949051857,0.03988255257718265,7.292674620946248
1252,-2.703680294531363,-2.704070479781539,-2.701007436822962,0.00039018994128262556,1.0,5.8096603862833475e-06,0.002245781856968447,0.029484714312409913,4.0752452744377985,-2.1598652750253673,-2.159870818257332,-2.1914121781786284,5.511877437432607e-06,3.2759970736151445e-06,0.0015780917359127973,0.021333790112597246,6.805463910102844
1253,-2.8565261363983154,-2.856949664928295,-2.844033029344347,0.00042351045542293124,1.0,2.902031273724451e-06,0.0013404944868482373,0.02016463999946912,4.128308225561072,-2.1407937978704767,-2.1407987996935844,-2.171958699822426,4.997554545601209e-06,2.1079832682365427e-06,0.0012171132548246533,0.017733669102502365,6.678949713706969
1254,-2.9131185478634305,-2.913851190496374,-2.9153774049546985,0.0007326764365037283,1.0,2.048203298356923e-06,0.0012001342278111864,0.01780288849301912,4.119982489833125,-2.235574632883072,-2.2355799277623496,-2.2515810752908387,5.314359441399574e-06,1.7467819333205625e-06,0.0012309636901287984,0.01820703591996183,6.619501411914825
1255,-2.472528651908592,-2.4730331787356623,-2.4826237824228077,0.0005045446256796519,1.0,1.963985512163533e-06,0.0013988303210310362,0.020922876204605454,4.036883654417815,-2.2645600885152817,-2.2645661433537803,-2.2598748405774436,6.0605040440956754e-06,3.2713548894965547e-06,0.0021619416317359232,0.02944687583173315,6.900392969449361
1256,-2.628410498301188,-2.628860032116925,-2.626091409612585,0.00044954092138343386,1.0,4.767278133604796e-06,0.002352051695601808,0.029103144554904214,4.231138008612174,-2.331125319004059,-2.331131378809611,-2.33219521244367,6.066169589757919e-06,3.945342522608068e-06,0.002011545574835812,0.0274311068157355,6.722173810005188
1257,-2.6587916833383067,-2.659485967070968,-2.649489265901071,0.0006942537233785346,1.0,3.3082308921924173e-06,0.0018250251801132603,0.025295968857352382,4.912594901190864,-2.2045881499846773,-2.204594870408376,-2.234152098496755,6.714525322119395e-06,2.3003049136605114e-06,0.0018186098556422319,0.030972443365802366,7.351341088612875
1258,-2.899638679292467,-2.900059770654749,-2.916256692674425,0.00042112150953875645,1.0,2.0636290864112433e-06,0.0015833624983551326,0.029642077162861824,4.1262705679293035,-2.2865764424204826,-2.286585924526056,-2.313859691222509,9.485287591814995e-06,1.6482832402668162e-06,0.0014349149375145014,0.027160985783363383,6.627380987008413
1259,-2.0106896029578314,-2.011263304286533,-1.9899979322044938,0.0005736881522116837,1.0,3.3196059592699855e-06,0.001982460958296778,0.03262571873212302,4.756878896995827,-1.980999300877253,-1.9810082862774532,-1.9702289005120595,8.9862539122502e-06,8.98392158887873e-06,0.00403250598659118,0.05481139554952582,8.019549429416656
1260,-2.2853775598384716,-2.286187317636278,-2.2742819521162243,0.000809797810183631,1.0,1.5736479360418377e-05,0.004256996809056512,0.048972899853079406,5.31059988339742,-2.2054839481910067,-2.205492446819941,-2.2062292993068695,8.492730557918549e-06,1.186813149918938e-05,0.0033387742490352443,0.0443811301762859,7.0206868052482605
1261,-2.6638924369105585,-2.6643333081845886,-2.67563471087703,0.000440861063974875,1.0,7.929218975698825e-06,0.0022899908125745476,0.029253113014554535,3.8774287877259432,-2.1999088550607366,-2.1999158983429274,-2.2216242477297783,7.050111889839172e-06,4.440955384173624e-06,0.0015626972453901544,0.02444338530767709,6.529860099156698
1262,-2.8396842303099454,-2.840057796902127,-2.83177230976246,0.00037357142126118696,1.0,3.4603116697932515e-06,0.0012822612706157896,0.0194493867456913,3.9961609310574002,-2.135425509264072,-2.1354320583244166,-2.167818876604239,6.572110578417778e-06,2.6134244706099707e-06,0.0011998585008162384,0.020839755384561915,6.447712500890097
1263,-2.9089131355285645,-2.9094246051929615,-2.922078494672422,0.0005114769080170879,1.0,2.4437381987943944e-06,0.00118425945509915,0.019721014045730786,4.0034215008770975,-2.2182713349660235,-2.2182774196068444,-2.230028100311756,6.094807758927345e-06,1.9245819800062236e-06,0.0011716378503479064,0.02077762794215232,6.501673976580302
1264,-2.851299793631942,-2.8518013623025684,-2.8487247625986734,0.0005015751553906335,1.0,1.8598929887890268e-06,0.0012436163421996214,0.019710160033018502,4.198845042122735,-2.0225663284460706,-2.0225733816623688,-2.014722558359305,7.069669663906097e-06,1.7652755370060429e-06,0.0014739723604482908,0.025854177268532414,7.02600226799647
1265,-2.70926093172144,-2.7097190662666604,-2.7115123448548495,0.0004581126073996226,1.0,1.9963898483655172e-06,0.0015846280062019272,0.02555103889769978,4.165915171305339,-2.276846701900164,-2.2768540928761163,-2.282725512981415,7.379800081253052e-06,2.027686434757925e-06,0.0016912443388719112,0.025878234339567523,6.623778164386748
1266,-2.549603506370827,-2.5501027372148304,-2.535368557329531,0.0004992422958215078,1.0,2.0548666060238717e-06,0.0015785433179526418,0.022246297379886662,4.597916815016005,-1.6188125958045323,-1.6188208634654682,-1.6114601070682208,8.269989242156347e-06,2.3460199164067794e-06,0.0021036916150478646,0.034898354361454643,7.868216474850972
1267,-2.4033700625101724,-2.4038433498806424,-2.4028270067992032,0.0004733019956835994,1.0,3.6732493400551093e-06,0.002922164862630544,0.04068741202354431,4.894986073176066,-2.1841632674137754,-2.1841751436392465,-2.181531404455503,1.1881425355871519e-05,4.912503792790328e-06,0.003238870034692809,0.04920095422615608,7.175545950730642
1268,-2.6551101075278387,-2.6557306536921748,-2.647785782814026,0.0006205443016908787,1.0,4.045208933584271e-06,0.0025815429614373933,0.035457064087192215,4.591465791066487,-2.4317926267782846,-2.431803067525228,-2.4407437642415366,1.0448507964611053e-05,3.1568786577433152e-06,0.001985310489544645,0.033047212132563196,6.424482127030689
1269,-2.933058641575001,-2.933512387452302,-2.941619184282091,0.00045374194505038085,1.0,2.313430235921664e-06,0.0015450480773493095,0.02454164030927199,3.9658632543351917,-2.3279157380263014,-2.327925364176432,-2.3337701509396234,9.634532034397125e-06,1.776481212800718e-06,0.0012679522284694638,0.0223964872614791,6.397156675656635
1270,-1.537333544757631,-1.5378858371189348,-1.5477908622059557,0.0005523131953345404,1.0,4.855372089372799e-06,0.0020098184856275716,0.026085475977096293,5.357773966259426,-1.2237191448609035,-1.2237330228090286,-1.201655385394891,1.3876861582199732e-05,2.4518169008539797e-05,0.0060751879354938865,0.06560118108366926,10.458988984425863
1271,-1.862505837723061,-1.8637399805916681,-1.8609399530622694,0.0012341403160934096,1.0,5.2610391557445165e-05,0.007998678781506088,0.07650189377643445,7.087057219611274,-1.8868083407481515,-1.8868212401866913,-1.8773796111345291,1.2887874618172646e-05,5.0612477025424596e-05,0.007264796178787947,0.08226179641981919,8.194147686163584
1272,-2.223856462372674,-2.2244290069297508,-2.2185833056767783,0.0005725377963648902,1.0,3.309482208688105e-05,0.00497737708846452,0.048758437374123824,4.680671568270083,-2.1328177700440087,-2.132826045155525,-2.1361262649297714,8.281165113051733e-06,1.9635315614626354e-05,0.0033920462301466614,0.04050755384378135,6.919329563776651
1273,-2.5442251982512296,-2.544874871218646,-2.5257217619154186,0.0006496654478488145,1.0,1.2725870099664596e-05,0.0024260863860103266,0.029796599031046585,4.2362968568448665,-2.167796090245247,-2.167803610364596,-2.1757190823554993,7.521128281950951e-06,8.256667759572641e-06,0.001773020359299456,0.023912703307966392,6.581826984882355
1274,-2.735190091309724,-2.7357687685224743,-2.7387329913951732,0.0005786967360311084,1.0,6.057049884273309e-06,0.001415818088894917,0.01907454099920061,3.95433865653144,-2.1173632393280664,-2.1173708190520606,-2.139166941245397,7.58484626809756e-06,4.381618812961581e-06,0.0012381697597447783,0.018834603717550635,6.36416498819987
1275,-2.8151556474191173,-2.815729953624584,-2.8182850502155445,0.0005743134490869663,1.0,3.752661204661881e-06,0.0011573373469420606,0.01788562587979767,3.999680589746546,-2.066354220112165,-2.0663611938556037,-2.075842206676801,6.959851210316022e-06,3.0898313715018353e-06,0.0011289310593080397,0.018197293664949637,6.58360234896342
1276,-2.8481920471897832,-2.848859283659193,-2.833125767884431,0.0006672639951661781,1.0,2.7542955733763477e-06,0.0011667919461615384,0.018093658611178398,4.226047118504842,-2.123936372498671,-2.1239427054921785,-2.15002927929163,6.34238434334596e-06,2.2677913117756057e-06,0.0011565135258327548,0.019459028728306293,6.588604013125102
1277,-2.958226380524812,-2.958717204906322,-2.9611990451812744,0.0004908246574578461,1.0,2.113908484110046e-06,0.0011345947148381835,0.017534344422596472,3.884391528588754,-2.1736090953151384,-2.1736152693629265,-2.1858505023022494,6.1622510353724165e-06,1.7761054304325323e-06,0.0011311682270995032,0.018899943795986474,6.486380457878113
1278,-2.814358260896471,-2.8152861330244274,-2.8164964031290123,0.0009278588134933401,1.0,1.7918889835965711e-06,0.0013080863152734106,0.019905916277181218,4.32750497923957,-1.2885952486346166,-1.2886021711553137,-1.2958108106007178,6.924460952480634e-06,1.7446287898792434e-06,0.001320882545163234,0.021572716417722404,6.823803921540578
1279,-1.7732754581504397,-1.7739245229297214,-1.7723883506324556,0.0006490749203496509,1.0,7.663605923948193e-06,0.003045536793285498,0.03462717002602639,5.509794279381081,-2.023361409703891,-2.0233769565820694,-2.012484153111776,1.5559916694959004e-05,1.3392522873800772e-05,0.0042161368182860315,0.04995499737560749,7.452216784159343
1280,-2.4494072993596396,-2.4500222868389554,-2.445560901253312,0.0006149796148141226,1.0,1.2301388408188898e-05,0.0035723185994558865,0.04243027501636081,4.700575378206041,-2.298290411631266,-2.298300708333651,-2.3016645163297653,1.0311215495069822e-05,7.78409929580448e-06,0.0024049953596356013,0.033461926116918526,6.426953037579855
1281,-2.746872584025065,-2.7475555384600603,-2.7490199230335377,0.0006829425692558289,1.0,5.4324936155791405e-06,0.0018674395978450775,0.023886734240308957,3.9930195190288402,-2.166823700070381,-2.1668322744468846,-2.1808141209185123,8.56087232629458e-06,3.4421247789850895e-06,0.001326372686889954,0.020465818777059514,6.424886306126913
1282,-2.8620397249857583,-2.862631603523537,-2.854859149014508,0.0005918897136493966,1.0,2.851547538672026e-06,0.0012122888626806714,0.018849457010488818,4.071520240218551,-2.1420611689488096,-2.1420683736602464,-2.1695482805371284,7.209212829669316e-06,2.2737673930350866e-06,0.0011230089803575538,0.018303259159438312,6.426433424154917
1283,-2.953199130517465,-2.9535944020306624,-2.9607645758876093,0.0003952742726714523,1.0,2.0592318226893744e-06,0.0011314272781385592,0.018010319624510076,3.831717994478014,-2.2605388686060905,-2.260545658568541,-2.29675380140543,6.7766134937604266e-06,1.7778607694178088e-06,0.0011690196552081034,0.020563895581290126,6.192791799704233
1284,-2.641473514062387,-2.642000767919752,-2.645403822263082,0.0005272510289042084,1.0,1.9472747302036928e-06,0.0012635610592379063,0.019005432828432985,3.9324781982987016,-2.27754944562912,-2.277555505434672,-2.2742861409982047,6.044128288825353e-06,2.5980147787170913e-06,0.0017019896574007969,0.02818782111474623,6.539914985497791
1285,-2.831444122173168,-2.832177409419307,-2.8387566054308855,0.0007332797955583643,1.0,2.9741860779958423e-06,0.0016822834818244533,0.025437053706910875,3.9275400285367614,-2.2980035990476604,-2.2980089833339057,-2.3024180928866067,5.386381720503171e-06,2.3438318900540858e-06,0.00141719491512049,0.02289445612890025,6.523914138476053
1286,-2.9551055431365967,-2.9554877369492143,-2.955240170160929,0.0003821699431648961,1.0,1.994555578608857e-06,0.0012215174329294652,0.017911419893304508,3.7363376087612576,-2.0982294902205467,-2.098234485834837,-2.1266561026374498,4.97838482260704e-06,1.735476814701542e-06,0.0011031315467941265,0.01869002349364261,6.260833164056142
1287,-2.7362191632941917,-2.7370432085461087,-2.721438725789388,0.0008240508398524037,1.0,2.0322479654337427e-06,0.001260664594290709,0.01950742897612077,3.959261037685253,-1.6922888209422429,-1.6922935793797176,-1.7004911340773106,4.75393608212471e-06,2.2286864312566954e-06,0.001506982443970628,0.02320752451972415,6.3945496280988054
1288,-2.6771003316949913,-2.677645590570238,-2.670171433024936,0.0005452507347972305,1.0,2.8762298185298547e-06,0.001634774328623381,0.023210098759995565,3.91646589173211,-2.3082236101229983,-2.3082279165585837,-2.3132709662119546,4.308919111887614e-06,2.783827085295343e-06,0.0015437491771687444,0.022672598366625607,6.557068347930909
1289,-2.960567695123178,-2.9609652448583534,-2.969482660293579,0.00039753918018605973,1.0,2.359537326676083e-06,0.001249957995713447,0.01859333566217511,3.693567664534957,-2.2161612162987394,-2.2161648720502853,-2.2351296742757163,3.6663065354029336e-06,1.8250689777232765e-06,0.0010737777896186647,0.01787872639639924,6.248017589251201
1290,-2.9226413744467274,-2.9230473041534424,-2.9091577971423113,0.0004059145985930054,1.0,1.7869827102172334e-06,0.0011146583387421237,0.017831965694548906,4.027336941825019,-0.8041443658682208,-0.8041488227124015,-0.8311587438608209,4.460491860906283e-06,1.6006045910899047e-06,0.001182374651155745,0.02098467534718414,6.014213025569916
1291,-1.7861857706749882,-1.7867250127924814,-1.7794565072766058,0.0005392459807572541,1.0,7.341379820765589e-06,0.0024931050397248734,0.0285217708873528,4.674718980435972,-1.9887809256712594,-1.988792563478152,-1.976664776603381,1.1634314432740211e-05,1.5854154336617892e-05,0.004093647177796811,0.05163056900103887,7.55245715379715
1292,-2.3897900493056685,-2.390326014271489,-2.375912251295867,0.0005359660696100305,1.0,1.5361831376342e-05,0.003467917080140776,0.03985814194850348,4.413012310310647,-2.2266918371121087,-2.2266994963089624,-2.22827943166097,7.659740125139555e-06,1.075612237855239e-05,0.0025004995501755425,0.03272432267355422,6.549932221571605
1293,-2.716825803120931,-2.717324142102842,-2.7283693507865623,0.0004983308414618174,1.0,7.51993824181867e-06,0.0017721523332444053,0.02266143964327596,3.7544076442718506,-2.10692568620046,-2.10693022608757,-2.1235502511262894,4.539033398032188e-06,4.358062312803668e-06,0.0012806440596856798,0.019240490859374404,6.373244047164917
1294,-2.8838823194856995,-2.8842157081321433,-2.896049640796803,0.0003333922337602686,1.0,3.3052205657845157e-06,0.0010884833776530017,0.01570462982204777,3.6272321188891374,-2.0422721107800803,-2.0422763178745904,-2.061067392428716,4.1907187551259995e-06,2.650568944773113e-06,0.0010203039637417533,0.0161354219308123,6.2985471089680996
1295,-2.8096469199215925,-2.8103395612151534,-2.8124045884167708,0.0006926375682707186,1.0,2.5666882653173096e-06,0.0011729008703561569,0.017853613097772555,4.280046922189218,-2.1968806510170302,-2.1968876843651137,-2.2278328960140548,7.0213185002406435e-06,2.1954344617824972e-06,0.0012339353415882215,0.018707528477534652,6.4068523446718855
1296,-2.9115637055149786,-2.9120115880612976,-2.904991388320923,0.0004478835121349052,1.0,2.0234827481410186e-06,0.0012920989516984533,0.019345174474572693,4.069205063360709,-2.2924843927224474,-2.2924908101558685,-2.307216045757135,6.4139409611622495e-06,1.755895183919165e-06,0.0012193688938471798,0.018790163449011743,6.360877454280854
1297,-0.6586636918838378,-0.6590868942439556,-0.6754066447416941,0.0004232147087653478,1.0,4.354193610770044e-06,0.0018072138837952581,0.021761660050186846,5.998786369959514,-0.17940240155439824,-0.17942980106454343,-0.14691345630368838,2.739842360218366e-05,3.9083588641612245e-05,0.007248660161470373,0.05712936787555615,17.98793582121531
1298,-1.1016739639970992,-1.1030712458822463,-1.1345343987147014,0.0013972926470968458,1.0,0.0001742165249770214,0.020959394432052417,0.1327848088134218,15.966234842936197,-1.214949294924736,-1.215032731493314,-1.2080990622440975,8.34233748416106e-05,0.00020967760732067595,0.025723029548923176,0.18565044862528643,14.660171230634054
1299,-1.4200518793529935,-1.4213178422715929,-1.418205455497459,0.001265975888128634,1.0,0.00016682616546017084,0.020109563065623795,0.13461096750365364,9.998412450154623,-1.508515015244484,-1.5085976868867874,-1.50173619389534,8.267404822011788e-05,0.00012654787315113936,0.014409763117631277,0.11066174476097028,10.339685916900635
1300,-1.7267119310520314,-1.7280491060680814,-1.7309822638829548,0.0013371763957871331,1.0,9.07903026759245e-05,0.010897529483945281,0.07709914997771934,7.24901979940909,-1.7478044132391615,-1.7478929807742436,-1.7423781553904216,8.856590526799361e-05,6.312960370754202e-05,0.007626874023117125,0.060968707936505474,8.876388967037201
1301,-2.037761021543432,-2.0388871740411827,-2.029683479556331,0.0011261506351055923,1.0,4.5995118853170425e-05,0.005748476729624801,0.04575397550231881,5.8665294294004084,-1.9258782217899957,-1.9260133802890778,-1.9293713569641113,0.0001351617587109407,2.8886040581710404e-05,0.0039322492472517,0.034934178848440446,7.865648587544759
1302,-2.2832858120953596,-2.2847572565078735,-2.280935556800277,0.0014714475169225975,1.0,2.02743848839654e-05,0.003043652132705406,0.02880241169973656,5.181531605897127,-1.9472927053769429,-1.9474513878424962,-1.9702198555072148,0.00015867571346461773,1.3381775299118695e-05,0.0022089306148700416,0.02218568588917454,7.444873531659444
1303,-2.4469783747637712,-2.44907068323206,-2.446121410087303,0.002092286530468199,1.0,1.141196265019028e-05,0.002077405284917741,0.021659161619566106,4.8633990905903,-2.031622290611267,-2.0317340195178986,-2.053163468837738,0.00011173301997284095,9.07586079771742e-06,0.0017787850083550438,0.01987572751628856,6.911267201105754
1304,-2.569704881420842,-2.5714401271608143,-2.566140726760582,0.001735254501303037,1.0,6.9990818432146355e-06,0.0016364355838892084,0.018930289549408136,4.586834739755701,-2.0696241284410157,-2.069732223947843,-2.0970146358013153,0.00010811056320865949,6.535019925498394e-06,0.001566961349453777,0.018633937230333686,6.570297082265218
1305,-2.605907882805224,-2.6073481766162097,-2.6002058829698296,0.001440277530087365,1.0,5.12147692090905e-06,0.0014804952467481296,0.01863036035663552,4.516433468571416,-1.6944158089657624,-1.694540036842227,-1.7282753610052168,0.0001242214348167181,4.055797054055195e-06,0.001393972920292678,0.01750832563266158,7.536693215370178
1306,-2.5744836374565407,-2.5760160861191927,-2.568295946827641,0.0015324214818301025,1.0,4.8047716316230235e-06,0.0019569714398433766,0.02372581349616801,5.024647209379408,-2.3032536755005517,-2.3033247689406076,-2.3176589707533517,7.107295095920563e-05,4.103535654091199e-06,0.0017946704319911078,0.021968514697315793,6.436304489771525
1307,-2.794009835631759,-2.795631655940303,-2.7927986604196056,0.0016218182389382964,1.0,3.1575531196452815e-06,0.0015206927675063962,0.01971182158147847,4.2723988073843495,-2.108567925480505,-2.108628286359211,-2.153841730207205,6.0389284044504166e-05,2.355059033713284e-06,0.0013078098175659154,0.01658394451563557,6.60068678855896
1308,-2.8114177739178694,-2.8127768834431968,-2.815106745119448,0.0013591239435805215,1.0,2.2778661593326468e-06,0.0012995336222013942,0.017453362820325075,4.096671413492273,-2.083596535027027,-2.0836504300435386,-2.1043042466044426,5.389129122098287e-05,2.2798069826042897e-06,0.0013779599103145301,0.017981964202287298,6.695016284783681
1309,-2.8089647469697177,-2.8104398250579834,-2.8075217317651817,0.0014750835382276112,1.0,2.57673013105954e-06,0.0015427533243955285,0.02202271625261616,4.154686124236496,-2.2863279034694037,-2.2863851189613342,-2.3103185296058655,5.72354377557834e-05,2.1864196260897493e-06,0.0013821419027711575,0.018549042016578216,6.400563180446625
1310,-2.7079208073792636,-2.709630741013421,-2.693355984157986,0.001709920526654632,1.0,2.086321278174755e-06,0.0014137041160008973,0.020462489997347195,4.474236947518808,-2.2400334179401398,-2.240080957611402,-2.272625287373861,4.753928321103255e-05,2.186862985809057e-06,0.0014791912835789844,0.021728195444059867,6.1359854340553275
1311,-2.6901734228487366,-2.6909946865505643,-2.693024511690493,0.0008212631499325787,1.0,3.6106908164920577e-06,0.0018850762474661071,0.024778854136389715,3.9039366333572953,-2.2850752025842667,-2.2851248333851495,-2.2939082384109497,4.963669925928116e-05,3.314753286076666e-06,0.0017034594687477995,0.023425297423576314,6.658164143562316
1312,-2.8865230083465576,-2.8878945421289512,-2.879293026747527,0.0013715155008766386,1.0,2.7816433127251608e-06,0.0014288965742000276,0.020074959326949384,4.093117855213307,-2.0996892899274826,-2.0997238233685493,-2.16534211486578,3.455315406123797e-05,1.9490631141631334e-06,0.001097337320970837,0.01710722960221271,6.4477797746658325
1313,-2.5555704964531794,-2.556408135979264,-2.5856116303691157,0.0008376404919006207,1.0,2.4901435827578772e-06,0.0013433117635065206,0.01894800602975819,3.7907684555760137,-2.04214878877004,-2.042185679078102,-2.0440299411614737,3.6891549825668335e-05,4.441461442183936e-06,0.0019684479581580185,0.026354099391028285,6.613746722539266
1314,-2.576257970598009,-2.5773977880124694,-2.586415988427621,0.0011398084461688995,1.0,5.789348523211191e-06,0.0020642366294783576,0.026180143778522808,4.012099910665442,-2.2989313304424286,-2.298960636059443,-2.317338397105535,2.9326494162281353e-05,5.009397095060801e-06,0.0017809940424437325,0.022308940921599667,6.291740099589029
1315,-2.8077225420210095,-2.808483326876605,-2.8101606722231263,0.0007607907194782187,1.0,4.324451647671931e-06,0.0014787804964860832,0.019783719994679646,3.8486535902376526,-2.1326858028769493,-2.132711342225472,-2.1960202045738697,2.5538261979818344e-05,3.023438144585574e-06,0.001167850762916108,0.015692520265777905,6.2687313357989
1316,-2.946891263679222,-2.9477597254293935,-2.969783791789302,0.0008684738918587014,1.0,2.5440357839451516e-06,0.0010802582471148559,0.015520993551170384,3.6685635160516807,-2.1371279756228128,-2.1371510413785777,-2.1828739338864884,2.3060400659839313e-05,2.038010587549858e-06,0.0010178547502922204,0.014249744669844707,6.1427003145217896
1317,-2.862085399804292,-2.8634594281514487,-2.8561999047244035,0.0013740339350921135,1.0,1.9890808457771697e-06,0.0011407083667883719,0.016368559561669827,4.31475469801161,-2.2614408979813256,-2.261464367310206,-2.2743768046299615,2.3487644890944164e-05,1.8706151886741889e-06,0.0013039984332863241,0.017817547855277855,6.502165913581848
1318,-2.8107616106669107,-2.811858963083338,-2.8028487629360623,0.0010973448968595928,1.0,2.0611059375773443e-06,0.0015781509120845133,0.022203274623111443,4.345209616201895,-2.3738431781530376,-2.373863155643145,-2.3773813992738724,1.9987346604466438e-05,1.8289318622540425e-06,0.0014676946302643046,0.020410861587151885,6.484122018019358
1319,-2.3470361276909157,-2.348182205800657,-2.3723215924368963,0.0011460834907160865,1.0,2.844365317960856e-06,0.0018203015465082394,0.022342818651210378,4.437052294060036,-2.221520096063614,-2.2215380370616913,-2.2185649077097573,1.7943171163400013e-05,4.6901136556698475e-06,0.002636751305544749,0.03354440497544905,7.183565358320872
1320,-2.6972505428172924,-2.6978386684700295,-2.713023371166653,0.0005881287571456698,1.0,4.981016967643949e-06,0.002450723765866348,0.0300752109054614,4.034361839294434,-2.3617071956396103,-2.361720328529676,-2.3642539580663047,1.3114884495735168e-05,3.474307485854903e-06,0.0018290312533887725,0.023743762789915007,6.4160735209782915
1321,-2.953144011674104,-2.9538204581649214,-2.9488683894828513,0.0006764500091473261,1.0,2.6825249295614882e-06,0.001373634098045942,0.01914735569584149,3.688777623353181,-2.108400975664457,-2.108415402472019,-2.159243789811929,1.4450245847304663e-05,1.8698930451440294e-06,0.001039775323685414,0.014617513710012039,6.343561927477519
1322,-2.542496790488561,-2.5435931472866624,-2.561726838350296,0.0010963728030522664,1.0,2.010406450170666e-06,0.001165944668981764,0.016519395531051688,4.075882726245457,-2.0823858976364136,-2.082399477561315,-2.076594591140747,1.3580002511541048e-05,3.2678234636781176e-06,0.0018731093102057155,0.025178259471431375,6.636393328507741
1323,-2.618888492937441,-2.61940896069562,-2.634768998181378,0.000520480520747326,1.0,5.295791972322924e-06,0.002295046195353347,0.02802846673876047,3.8531307997526945,-2.27032999197642,-2.270345225930214,-2.268964265783628,1.5240007390578588e-05,4.918739819004259e-06,0.002077936772063064,0.0267980614832292,6.612318674723308
1324,-2.8638998490792735,-2.8645919075718633,-2.8767327909116394,0.0006920602862481717,1.0,3.7218526695478766e-06,0.0015685815424485892,0.020901183218315796,3.6875309767546476,-2.157203396161397,-2.1572171250979104,-2.1846509352326393,1.3752297187844912e-05,2.5382080745354565e-06,0.0011327085109466377,0.016557018971070647,6.400846302509307
1325,-2.918243571564003,-2.9189332679465965,-2.921893698197824,0.0006896849997617581,1.0,2.2577524103124033e-06,0.0011114459312348455,0.01649721222067321,3.9925747182634144,-2.268775070707003,-2.2687921077013016,-2.2975775972008705,1.7049179101983707e-05,1.8553943590404742e-06,0.0011252627009525895,0.016112656022111576,6.191826562086741
1326,-1.6211259409233376,-1.6219910223174978,-1.612211103240649,0.0008650567658521511,1.0,1.8056343159750448e-06,0.0011812420346325747,0.018679604658650026,4.180402614452221,6.193496882915497,6.193475902080536,6.173467755317688,2.0995658511916797e-05,3.61816959563536e-06,0.0023048405128065497,0.029351082164794207,9.492356518904367
1327,-0.8265239883352209,-0.828458058613318,-0.8248741030693054,0.0019340802122045446,1.0,9.30859254771753e-05,0.014373934801874889,0.10549951158463955,14.89002369068287,-1.3007787962754567,-1.300854817032814,-1.2919233193000157,7.603433914482594e-05,0.00013077484709356213,0.020095252354318898,0.14872248532871404,13.655610799789427
1328,-1.5360059296643291,-1.53763480981191,-1.5369147062301636,0.0016288818032653243,1.0,0.00013500082099603282,0.01658676088684135,0.11393794044852257,8.770686820701316,-1.6593408236900964,-1.659403418501218,-1.653830776611964,6.258984406789143e-05,9.475123927889702e-05,0.011532187306632599,0.07964873717476924,9.334748784701029
1329,-1.8723295308925487,-1.8746068036114727,-1.864226363323353,0.002277271960068632,1.0,7.03659270247617e-05,0.008970642169178636,0.06727810204029083,6.402325877436885,-1.9408721973498664,-1.9409207701683044,-1.9357093572616577,4.857514674464861e-05,4.0085707799638236e-05,0.005353333370294422,0.041595571053524814,7.791198511918386
1330,-2.275932682885064,-2.277759242940832,-2.2686633268992105,0.0018265595728600467,1.0,2.2186073440227323e-05,0.00381732696701807,0.03627254075750157,5.001992843769215,-2.055230423808098,-2.0553127328554788,-2.058916836977005,8.230733995636304e-05,8.59608724113059e-06,0.0021083470734690004,0.021077334880828857,6.994523664315542
1331,-2.556001663208008,-2.558428031426889,-2.5404164526197643,0.0024263593195765105,1.0,6.618774983103827e-06,0.0017697488526917165,0.022040232843546954,4.555127444090666,-1.9525538235902784,-1.9526720295349758,-1.9636823534965515,0.00011818141986926396,4.384844676981932e-06,0.0013420442167747144,0.014737491612322628,6.839740852514902
1332,-2.6725195248921714,-2.674724300702413,-2.6821805238723755,0.0022047814671640044,1.0,4.166231915574086e-06,0.001453868337665443,0.018953048382644302,4.344994677437676,-2.0856827571988106,-2.085849978029728,-2.0898487865924835,0.00016720406711101532,2.8600319978977495e-06,0.0012286187848076224,0.01498431374784559,6.457820673783621
1333,-2.7749510782736317,-2.777003879900332,-2.7611181471082897,0.002052773756009561,1.0,2.6885507024956126e-06,0.0012369991357748706,0.017548380005690787,4.272028128306071,-2.091407279173533,-2.091585513204336,-2.111078585187594,0.00017823542778690657,2.2785090910322956e-06,0.0012042856105836108,0.015376663999632001,6.589943110942841
1334,-2.88083525940224,-2.882568500660084,-2.8863714359424733,0.0017332313927235427,1.0,2.1892602169962764e-06,0.0012480456692477067,0.018116546346357575,3.930765010692455,-1.9380995631217954,-1.9382531369725864,-1.9555758039156597,0.0001535532840838035,1.7230203231595926e-06,0.0011204014566222515,0.015778033761307597,6.314573109149933
1335,-2.8177462463025695,-2.8194964859220715,-2.8280564458281905,0.0017502513472680693,1.0,1.7838535600107949e-06,0.0012046973958301048,0.016696591551105183,4.07914662361145,-1.0526139459883175,-1.052715027704835,-1.0834681292374928,0.00010108994320034981,1.6747382526697645e-06,0.001239084333064966,0.016884052970757086,7.437663594881693
1336,-2.6365493226934364,-2.6378485273431846,-2.623770837430601,0.001299210720592075,1.0,2.484291763317338e-06,0.0017637974384275298,0.023382263741007558,4.3279313599621805,-2.350164502859116,-2.3502467374006906,-2.3674876540899277,8.225083972016971e-05,2.4894529246921593e-06,0.0018342788195392739,0.022448563016951084,6.523775080839793
1337,-2.8330652051501803,-2.8347447227548668,-2.842020856009589,0.0016795263660174828,1.0,2.2959162311895787e-06,0.0016147019902106236,0.021776323241216165,4.059648557945534,-2.3030202612280846,-2.303086784978708,-2.325433818002542,6.651094493766625e-05,1.774614896514019e-06,0.0012837497876413788,0.01680233395503213,6.298337002595265
1338,-2.835241927040948,-2.837189201955442,-2.842029081450568,0.0019472804334428576,1.0,1.803080648541153e-06,0.0013535940476382773,0.020033606362563593,4.179715209537083,-2.2160847385724387,-2.216145490606626,-2.232231264313062,6.0754905765255295e-05,1.7220615404767159e-06,0.0013857691180116187,0.01841237539580713,6.554318527380625
1339,-2.6473486026128135,-2.64841561405747,-2.6329169891498707,0.001067011237696365,1.0,1.9035270287093698e-06,0.001462577087632208,0.020590220957442566,4.095468900821827,-2.100404153267543,-2.1004603703816733,-2.1143751740455627,5.62005831549565e-05,2.3717241125117048e-06,0.00159978965530172,0.02042996898914377,6.800492405891419
1340,-2.838656019281458,-2.839678932119299,-2.8292620093734175,0.0010229222200534962,1.0,2.5064878678272685e-06,0.0017155706623776092,0.02262160692501951,4.120009175053349,-2.338472639520963,-2.3385140945514045,-2.349605515599251,4.145215886334578e-05,2.0164272029887798e-06,0.001502488783444278,0.021002129030724365,6.126454194386801
1341,-2.9605163556558116,-2.9616863197750516,-2.9544801535429777,0.0011699662578326683,1.0,1.7748139742724124e-06,0.0012489743660100633,0.01876661312524919,3.808930591300682,-2.1224303791920347,-2.1224661295612655,-2.1522875241935253,3.572491308053335e-05,1.5762319994413094e-06,0.001134001555328723,0.017349417593019705,6.222328782081603
1342,-2.4988107019000583,-2.499799684241966,-2.4786688442583436,0.0009889734426030406,1.0,1.981091040087685e-06,0.0016725726761958664,0.023691698908805847,4.9320037894778785,-2.343184068799019,-2.3432176361481347,-2.341860835750898,3.356952220201492e-05,2.529589001672624e-06,0.0023180939266846203,0.0322180453222245,6.550352772076925
1343,-2.723643585487648,-2.7247290037296437,-2.712485353151957,0.001085432039366828,1.0,2.7250309560460864e-06,0.002231749115270321,0.029872613993507845,4.4844578637017145,-2.405225430925687,-2.4052603592475257,-2.415198360880216,3.492405327657858e-05,2.189037653958318e-06,0.001813797799210685,0.025717048013272386,6.586879710356395
1344,-3.002786053551568,-3.0036810062549733,-3.017606090616297,0.0008949377332572584,1.0,1.7868542483012316e-06,0.0013959359731180248,0.020742004288843385,3.7160577950654208,-2.3094145034750304,-2.309456209341685,-2.347385404010614,4.170664275685946e-05,1.4853708970955874e-06,0.0011472573508702528,0.01794456810845683,6.191689272721608
1345,-0.02340494261847602,-0.024963608494511357,-0.003585008559403596,0.0015586813980782474,1.0,3.180579697662459e-05,0.006150055499919863,0.04575931943125195,10.744949102401733,-1.3509967227776845,-1.3511157631874084,-1.3416505008935928,0.00011903257109224796,8.856478446735612e-05,0.01662913605105132,0.12024556783338387,14.816056966781614
1346,-1.4747546646330092,-1.4786269708915993,-1.4762150314119127,0.003872297842193533,1.0,0.00011252372173152657,0.01747073705687567,0.1204463458723492,10.369910187191433,-1.5759751796722412,-1.5762876470883687,-1.569754883646965,0.00031245949988563854,8.509955841873307e-05,0.014339190248089531,0.10405215372641881,9.780667503674824
1347,-1.792080702605071,-1.7955436441633437,-1.7881777198226363,0.003462937832982452,1.0,7.007348809835364e-05,0.010780589896495696,0.07782258369304516,6.418860329522027,-1.8439615766207378,-1.8443051526943843,-1.8378939976294835,0.0003435729692379634,3.987256089506749e-05,0.00744743903245156,0.05990804856022199,8.107865293820698
1348,-2.091477455916228,-2.0972497551529496,-2.0989200715665466,0.0057723116543557905,1.0,3.0782126621623456e-05,0.00568916223494819,0.048388293426897794,5.175508287217882,-2.0248610228300095,-2.0251828730106354,-2.0189665853977203,0.00032184769709904987,1.8802640511239588e-05,0.0038199243135750294,0.03349699848331511,7.390668312708537
1349,-2.3534691598680286,-2.3601833361166493,-2.3488933598553694,0.006714143893784947,1.0,1.4434259119971776e-05,0.003089383925759682,0.030605757540022885,4.770326543737341,-2.06877010067304,-2.069362446665764,-2.0667694161335626,0.0005923390854150057,8.819186177788652e-06,0.002114694880826088,0.02154862112365663,6.844244658946991
1350,-2.561679239626284,-2.566898549044574,-2.568879763285319,0.005219292723470264,1.0,7.904834445879613e-06,0.00179607300001576,0.020803997051660663,4.227495529033519,-2.0163101504246392,-2.0166699762145677,-2.026687443256378,0.0003598255570977926,5.9243970440547855e-06,0.0013884150733550389,0.014907608235565325,6.702869514624278
1351,-2.7049366721400507,-2.7087158185464366,-2.7129792195779308,0.003779157237322242,1.0,5.492695149937559e-06,0.001301515558562069,0.01621832774469146,3.9785029888153076,-2.0025991822282476,-2.0028027445077896,-2.011949715514978,0.0002035604945073525,4.449305284500345e-06,0.0011262136977165937,0.012864535713257888,6.503338158130646
1352,-2.782763119097109,-2.7860572867923312,-2.7908019489712186,0.00329413630620197,1.0,3.837310318717586e-06,0.001125999844926237,0.015390638193046605,4.002854426701863,-2.0569394702712693,-2.0570737471183143,-2.0789626017212868,0.00013426722337802252,3.1166532702779173e-06,0.0010765948827611282,0.013347650528885424,6.424174129962921
1353,-2.8739049522965043,-2.877616935306125,-2.8785086472829184,0.003711981905831231,1.0,2.8472837854038786e-06,0.0010646328338663334,0.014317717868834734,3.811899776811953,-1.9982717360059419,-1.998416282236576,-1.9954040398200352,0.00014457517924408117,2.3630917288149553e-06,0.000984628949178538,0.012979786532620588,6.597489555676779
1354,-2.9289774983017534,-2.931501105979637,-2.924109935760498,0.0025235935355778093,1.0,2.149001741397822e-06,0.0010062294593943214,0.01517159229627362,3.8509755399492054,-2.1746533488233886,-2.174770310521126,-2.192864657690128,0.00011695385910570621,1.9433893262051547e-06,0.0010342820169171318,0.0132309784530662,6.266304651896158
1355,-2.9543356012415,-2.9572171016975686,-2.96368787906788,0.0028815212211123218,1.0,1.8226871942614607e-06,0.0011396090827744316,0.01624602538154081,3.9328593324731895,-2.161520279943943,-2.161586952706178,-2.1961487705508866,6.668362766504288e-05,1.6636136734859974e-06,0.0010989124154245171,0.014717959682457149,6.123466690381368
1356,-2.858005417717828,-2.8598849420194274,-2.8738221327463784,0.0018795258193104356,1.0,1.6997202389272086e-06,0.0012228644573716101,0.016970612143200857,3.6980640093485513,-1.9925076117118197,-1.9925508325298626,-2.0279897451400757,4.323013126850128e-05,1.836645694197614e-06,0.0013280138324868556,0.017287047308248777,6.128066380818685
1357,-2.7408348940036915,-2.741897393155981,-2.741200840031659,0.0010624925985380455,1.0,2.2316773530056472e-06,0.001431711453565017,0.019191277351368358,3.5923200448354087,-2.329353665312131,-2.329396973053614,-2.3411404540141425,4.330797431369623e-05,2.3645736935880754e-06,0.0014904165436746553,0.01892224873881787,6.150565644105276
1358,-2.938024291285762,-2.940562539630466,-2.9321988423665366,0.0025382457232033767,1.0,2.13981782811364e-06,0.0012584830897308334,0.018406370809922617,3.789789155677513,-2.21540301044782,-2.2154529094696045,-2.2526279712716737,4.98949084430933e-05,1.6903083898493303e-06,0.0010717444650557202,0.015524575292753676,6.244419376055399
1359,-2.874496663058246,-2.875931457236961,-2.8827046994809753,0.0014348030090332031,1.0,1.7889041567253084e-06,0.0011083973653580029,0.015574312113501408,3.7038017555519387,-2.1573526437083883,-2.1573936343193054,-2.190092404683431,4.098812739054362e-05,1.8569095298441123e-06,0.0012493095515916746,0.017960715456865728,6.063216149806976
1360,-2.8267269509809987,-2.8297989346362926,-2.8291892497627824,0.003071994900151535,1.0,1.917311566204363e-06,0.0014285115585489958,0.020815838887183753,4.35424706670973,-2.374086886644363,-2.374126290281614,-2.393208091457685,3.9392694210012756e-05,1.7123988129696954e-06,0.0014734384700811158,0.019886380061507225,6.375366230805715
1361,-2.6494073514585144,-2.6507420760613902,-2.652973762264958,0.00133472660349475,1.0,1.8615764508501375e-06,0.0014538559114077576,0.020021069174011547,3.773339448151765,-2.2832548518975577,-2.283291682600975,-2.3142383644978204,3.6805092046658196e-05,2.3914917809027734e-06,0.0017620052919179823,0.02071933898453911,6.411887387434642
1362,-2.8033200634850397,-2.804727068653813,-2.814652822635792,0.0014070048238392229,1.0,2.747555712361376e-06,0.001708908459275133,0.021514714764500106,3.854131230601558,-2.3688539365927377,-2.3688844392697015,-2.3927686313788095,3.047659993171692e-05,2.24228723292678e-06,0.0014512699369030695,0.018621706442597013,6.090454677740732
1363,-2.802770014162417,-2.804363292676431,-2.8151304633529097,0.0015932715463417549,1.0,1.9889944522017486e-06,0.0015039431250274734,0.02297821816884809,4.568099119045116,-2.3068062663078313,-2.306825950741768,-2.3444933692614236,1.968311456342538e-05,1.8936515999712356e-06,0.0015145185704265411,0.02534923772327602,6.3768779039382935
1364,-2.819608219243862,-2.820755777535615,-2.8213060564464993,0.0011475531177388297,1.0,1.6726630157656338e-06,0.0013163561104900306,0.02005109504831058,3.9412914823602745,0.5005010446378341,0.5004821536907306,0.4589299299598982,1.8893663461009662e-05,1.6596959255821275e-06,0.001367733003765655,0.02233354952962448,6.207361181577046
1365,-1.4175172674435157,-1.4197048842906952,-1.429075233362339,0.0021876228490361463,1.0,1.4451590177318226e-05,0.0042248476227676425,0.03935067590188097,6.49733946941517,-1.9375735570987067,-1.9376168499390285,-1.9304961214462917,4.328903742134571e-05,2.414655993258445e-05,0.006253508773321907,0.06622453561673562,8.706153750419617
1366,-2.2767000551576966,-2.2785562497598155,-2.274864223268297,0.0018561677662310776,1.0,1.914336583771122e-05,0.004826723873891213,0.05160551118078055,4.838237241462425,-2.2157119661569595,-2.2157546877861023,-2.2111763854821525,4.2712315917015076e-05,1.3800145969374475e-05,0.003551534745686998,0.04105229574876527,6.713872055212656
1367,-2.595555402614452,-2.59745482162193,-2.5921761901290328,0.0018993948620778542,1.0,9.019579398160136e-06,0.0025013299460557325,0.03243204023413084,4.0399303083066584,-2.2492326498031616,-2.249257504940033,-2.2630914549032846,2.483945960799853e-05,6.210101465361125e-06,0.0017819663529129077,0.023183072412696976,6.3042334119478864
1368,-2.803596328805994,-2.8050418694814048,-2.8026560500816062,0.0014455277058813307,1.0,4.508056042174792e-06,0.0013737104686528997,0.020065419927791314,3.7709940804375544,-2.0325628196199736,-2.0325843021273613,-2.0678409884373345,2.1474435925483704e-05,3.3666928042445457e-06,0.001156401480936135,0.015526284618924061,6.427078604698181
1369,-2.9155093652230724,-2.9170418050554066,-2.928630890669646,0.0015324493525204835,1.0,2.9766057086480606e-06,0.0010517287322458018,0.015274428883222517,3.5889708642606384,-2.068553155908982,-2.0685728788375854,-2.092898199955622,1.9718892872333527e-05,2.3956074907497773e-06,0.0010235332544349756,0.014441250512997309,6.233654002348581
1370,-2.9930519351252802,-2.994095661022045,-2.9929580511870206,0.001043735623911575,1.0,2.2053482856184323e-06,0.0009553334999105169,0.014192109444627055,3.571997810293127,-2.098806083202362,-2.0988242936631045,-2.1259716637432575,1.8222955986857414e-05,1.8358140276101647e-06,0.0009475093781171987,0.013133512654652199,6.104615747928619
1371,-2.977177699406942,-2.978740444889775,-2.970395900585033,0.001562739067055561,1.0,1.876484096404359e-06,0.0010130469907178646,0.014821152133798157,3.8668768494217485,-2.1871038849155107,-2.1871212547024093,-2.20131403952837,1.737801358103752e-05,1.6228306852402359e-06,0.0010410560401699815,0.015038935467600822,6.192812124888102
1372,-2.9164492377528437,-2.9174875683254666,-2.9181585046980114,0.0010383363675188135,1.0,1.578928133851689e-06,0.0010461833099489686,0.015941103506419394,3.6636619214658386,-2.104209527373314,-2.1042246942718825,-2.129524012406667,1.5153549611568451e-05,1.5855406445552944e-06,0.0011676257418002933,0.017133280634880066,6.262300690015157
1373,-2.95579285091824,-2.9566828233224376,-2.97667897189105,0.0008899738529214153,1.0,1.7250228110141406e-06,0.0011929925444915338,0.017461838580116077,3.542811473210653,-2.284142019848029,-2.284155940016111,-2.3266038447618484,1.3904490818579992e-05,1.5725129382341645e-06,0.0011595749917129676,0.01646588339159886,6.089174588521321
1374,-2.8998456531100802,-2.900961752291079,-2.889453552387379,0.0011160853146402925,1.0,1.6072515968011835e-06,0.0011191664444696573,0.01621982534588487,3.6266500420040555,-2.232652641832829,-2.2326656381289163,-2.2606930707891784,1.300188402334849e-05,1.635263155700765e-06,0.001187128034265091,0.016082050317587953,5.885729600985845
1375,-2.921833603470414,-2.9227156550795943,-2.9254829618665905,0.0008820547135891738,1.0,1.776841427440727e-06,0.0012055843275178362,0.016668560914695263,3.571072128083971,-2.260352646311124,-2.2603642493486404,-2.2918014600872993,1.160839262108008e-05,1.611175444319694e-06,0.001158444337003554,0.015718530941133697,6.1538499395052595
1376,-2.9606975184546576,-2.961591367368345,-2.950089772542318,0.0008938548465569814,1.0,1.5634705261146774e-06,0.0011157623289532407,0.01559444689364345,3.8510930361571134,-1.3769390050244206,-1.3769512336002663,-1.417137624695897,1.2216546262303988e-05,1.4190165652886815e-06,0.001123726232132564,0.015966940787620842,6.158316433429718
1377,-1.8330258870566334,-1.8337636954254575,-1.8258810893253044,0.0007378167162338892,1.0,6.130237710311593e-06,0.0023875430579883635,0.025716050562483293,4.744112147225274,-2.186894471446673,-2.186910296479861,-2.185345341761907,1.5813158825039864e-05,1.0088788542361726e-05,0.0033838287248120955,0.035738782258704305,6.970177213350932
1378,-2.578356045263785,-2.5796648308082863,-2.5816174701408103,0.0013087783698682433,1.0,8.152230293489993e-06,0.0026844148437871976,0.03199003333294833,4.23344502625642,-2.3313841869433722,-2.3313971807559333,-2.340279226501783,1.2978523348768553e-05,4.947559129201788e-06,0.0019525617293159787,0.02496433607302606,6.316456178824106
1379,-2.898354309576529,-2.8990296875988997,-2.892788798720748,0.0006753886463465514,1.0,3.8103278257040074e-06,0.0013999522521367504,0.018581373237625317,3.4573264475221985,-2.142172530293465,-2.142185049752394,-2.1691714922587075,1.2511232246955236e-05,2.541108405769895e-06,0.001053847362830614,0.014824794644179443,6.192975024382273
1380,-2.9698333828537553,-2.9708756429177745,-2.979260833175094,0.0010422608228745284,1.0,2.2177784423412824e-06,0.0009505378397147137,0.014303852286603715,3.6191643785547325,-2.050169358650843,-2.050180380543073,-2.0898875488589206,1.104509768386682e-05,1.931922705959247e-06,0.0009441572159024266,0.013813615466157595,6.387294948101044
1381,-2.9695651442916304,-2.970336265034146,-2.976332673320064,0.0007711104634735319,1.0,1.8473056663289619e-06,0.0009677841918784435,0.013886220218544756,3.7527629092887596,-2.005641541133324,-2.005651159211993,-2.0431658134330064,9.592544908324877e-06,1.6604200775797533e-06,0.0010365421621827409,0.015692279286061723,6.712654570738475
1382,-2.9794735643598766,-2.9803187052408853,-2.983601066801283,0.000845153988511474,1.0,1.6031286509974894e-06,0.0011972109485348618,0.017892892782886822,3.9853240472299083,-2.3694710632165275,-2.369479392965635,-2.3867755035559335,8.340071265896162e-06,1.4757995216996278e-06,0.0012330067353711154,0.016416484916893143,6.356482108434042
1383,-1.9438151518503826,-1.9446515904532538,-1.9528637329737346,0.0008364153543004284,1.0,3.798355999572744e-06,0.0020419609155160963,0.022732785109568526,4.6694928981639725,-2.0923650364081063,-2.0923727303743362,-2.0920740962028503,7.685273885726929e-06,7.485699787442475e-06,0.003205797082046047,0.035385688145955406,8.002933005491892
1384,-2.6035222477383084,-2.6043981975979276,-2.586192325309471,0.0008759528950408653,1.0,7.346047756005579e-06,0.0027602484656704795,0.030440321951000777,4.393026475553159,-2.359490538636843,-2.3594963451226554,-2.366602117816607,5.7907309383153915e-06,4.814222165805404e-06,0.002067581367252084,0.024917013244703412,6.2916852831840515
1385,-2.8342088681680186,-2.8350526447649353,-2.8290326992670694,0.0008437912911176682,1.0,3.408612411914402e-06,0.0015603582271271283,0.021168535782231226,3.891077854015209,-2.1833216970165568,-2.1833275531729064,-2.213683344423771,5.840246255199115e-06,2.4473278112206267e-06,0.001169013514299877,0.01563244507027169,6.3486551245053615
1386,-2.9632322788238525,-2.9641474706155284,-2.953366588663172,0.000915208003587193,1.0,2.0847297971866083e-06,0.0011388495741239577,0.01815033255627862,3.7950898806254068,-2.255279287695885,-2.2552856455246606,-2.288430800040563,6.332450235883395e-06,1.9183193273875077e-06,0.0010897820805742715,0.014580767330092689,6.042238175868988
1387,-3.0520090527004666,-3.052722833774708,-3.0501005384657116,0.0007138165334860483,1.0,1.7404858083493849e-06,0.0010009475345550865,0.01619224652165064,3.6191360729712025,-2.1977068148553367,-2.1977133440474668,-2.2400912207861743,6.504279250899951e-06,1.527471421051511e-06,0.000983377229810382,0.01354270288720727,5.905155837535858
1388,-2.302242155428286,-2.302888026943913,-2.299779655756774,0.000645870135890113,1.0,1.960940397583289e-06,0.0011963517775897075,0.01761978809480314,3.886552192546703,-2.041477387150129,-2.0414854884147644,-2.050187163054943,8.11081069211165e-06,4.26316216817213e-06,0.002091178592915336,0.02508449189675351,6.985340038935343
1389,-2.561820701316551,-2.5627269038447626,-2.54843509638751,0.0009061850055500314,1.0,6.224393018783303e-06,0.0024219169108955947,0.026647849146414687,4.527650718335752,-2.3404827266931534,-2.3404881805181503,-2.355091407895088,5.459645763039589e-06,5.2417540246096905e-06,0.0020773308109104014,0.025041662932684023,6.402879496415456
1390,-2.8447535744419805,-2.8456205173775,-2.8231812847985163,0.0008669479025734796,1.0,4.004731838196878e-06,0.0016358766696174388,0.021117363504513546,3.849814044104682,-2.261207163333893,-2.2612125823895135,-2.2995990787943206,5.411216989159584e-06,2.6359695937117067e-06,0.0011831789355104168,0.015273528639227152,6.023486336072286
1391,-3.0055725662796586,-3.0061249909577548,-3.023197227054172,0.000552431990702947,1.0,2.2703334336795336e-06,0.001003117218648118,0.015085095815636494,3.4430052042007446,-2.1442056708037858,-2.1442115120589733,-2.1829454824328423,5.8499475320180254e-06,1.9171245781990365e-06,0.0009175236918963492,0.012193890657120695,5.987126251061757
1392,-3.0888726711273193,-3.089309480455187,-3.1020741021191633,0.00043678725207293474,1.0,1.735308160277782e-06,0.0008795507040944089,0.013422279411719905,3.3693048424190946,-2.0190359596163034,-2.01904211131235,-2.0839638945957026,6.1623286455869675e-06,1.5326464601154537e-06,0.0008811328807496466,0.012886536055399725,6.283994932969411
1393,-2.8386922589054815,-2.8393163504423917,-2.827924039628771,0.000624104713400205,1.0,1.7177499482083174e-06,0.0010250483475694502,0.01612346160604998,3.748159585175691,-2.213126634558042,-2.2131325403849282,-2.228861098488172,5.910793940226237e-06,1.8377317966648359e-06,0.0012414455268299207,0.017317085914934676,6.315198262532553
1394,-2.9516235016010426,-2.9524214797549777,-2.9563441629763,0.0007979671160380045,1.0,1.859484954096573e-06,0.0012298393908336206,0.01651388299823911,3.6798266393167003,-2.2938156773646674,-2.293821612993876,-2.3336196318268776,5.927324915925662e-06,1.6101610592992681e-06,0.0011043350774950038,0.014697867562063038,6.059790352980296
1395,-3.031945316879838,-3.0324620229226573,-3.0328394130424217,0.0005166804486954654,1.0,1.625474940030674e-06,0.001066699604659031,0.016182865740524396,3.39878257115682,-2.217154644429684,-2.2171620403726897,-2.2591900378465652,7.410766556859016e-06,1.486769458362384e-06,0.0010104564450254354,0.014478957707372805,6.097296794255575
1396,-2.2789803047974906,-2.279525856177012,-2.289100090662638,0.000545561244642293,1.0,2.393853189156895e-06,0.0012905713282870474,0.01623334438988456,3.7171507058320223,-2.039953569571177,-2.0399607668320336,-2.052127947409948,7.197493687272072e-06,4.493548582710598e-06,0.0019899557810276747,0.022657192739037175,6.816967229048411
1397,-2.6250956411714905,-2.6257614912810148,-2.6193712287478976,0.000665870667607696,1.0,6.146045018761436e-06,0.0020433108460296084,0.02345039657558556,3.8606482081943088,-2.3094835182030997,-2.3094876060883203,-2.323730488618215,4.09207617243131e-06,5.004080511146943e-06,0.0016817570140119642,0.02022071850175659,6.197793523470562
1398,-2.8809565084951894,-2.8818108240763345,-2.8838936222924128,0.0008543193754222658,1.0,3.690076423649939e-06,0.0013371187529561143,0.01873667727879904,3.578476181736699,-2.1326521635055546,-2.1326575353741646,-2.1677456870675087,5.364107588926951e-06,2.604773574906479e-06,0.0009821628749098938,0.012539746200976273,5.972288767496745
1399,-3.037224372227987,-3.037661384653162,-3.0320361102068865,0.00043701870297944105,1.0,2.3001442910013053e-06,0.0008888047434286111,0.012608921327800662,3.377129669542666,-2.1008432134985924,-2.100848806401094,-2.138644573201115,5.601750065883e-06,1.9479952300116565e-06,0.0008493181546024667,0.011229472933337092,5.842582921187083
1400,-2.8485153549247317,-2.84909834795528,-2.8480356247336776,0.0005829983425361139,1.0,1.9306742750039255e-06,0.0011369784586821442,0.015965111363955117,4.136785763281363,-2.4093401730060577,-2.4093474000692368,-2.421208863457044,7.22147524356842e-06,1.7842644505587184e-06,0.0013130782269096624,0.018190549647745986,6.110325316588085
1401,-3.0121048247372664,-3.0125378458588212,-3.01034888514766,0.0004330147057771683,1.0,1.6383091734597756e-06,0.0012212832225486636,0.017684011133732618,3.827873291792693,-2.2497081582744918,-2.249716304242611,-2.271396974722544,8.181280766924223e-06,1.4597170405750148e-06,0.0010868224320195925,0.014778189593926072,6.154762903849283
1402,-1.1207164895755273,-1.12198615902,-1.0855006697001282,0.0012696566819040864,1.0,1.1581931356953714e-05,0.0029445658373232516,0.027240594642029867,6.313522965819748,-1.6668639332056043,-1.6668735295534134,-1.6610768884420395,9.60224618514379e-06,3.094224681869188e-05,0.00661266273042808,0.05343988910317421,9.865408400694529
1403,-2.065795964664883,-2.0665833287768893,-2.0588729867228754,0.0007873663885725869,1.0,3.7952154107861805e-05,0.006207930113844297,0.052541752311366575,5.776793709507695,-2.071784401933352,-2.071793923775355,-2.0733820348978043,9.510355691115061e-06,2.4961027368893458e-05,0.004974785823530207,0.049117525263379015,7.0842319528261815
1404,-2.3856117063098483,-2.3862648186860262,-2.3842614933296487,0.0006531013382805719,1.0,1.718813180357554e-05,0.0035810902266314735,0.03984565453396903,4.407764929312247,-2.2103686034679413,-2.2103764911492667,-2.2182435045639672,7.881317287683487e-06,9.67820521206401e-06,0.002322989884608736,0.026253076425443094,6.451255599657694
1405,-2.7024734638355397,-2.7030114156228526,-2.688541288729067,0.0005379558575374109,1.0,7.303263575724688e-06,0.0016770845201487343,0.020441679128756125,3.735978329623187,-2.1602999195456505,-2.160308519999186,-2.1926440795262656,8.59804761906465e-06,5.154007756876429e-06,0.0012884351793521394,0.016892111704995234,6.040272672971089
1406,-2.8085277168839067,-2.809168643421597,-2.8246442785969488,0.000640932677520646,1.0,4.204347752184495e-06,0.0011760949704761583,0.017543626293815947,3.7144187644675926,-2.0369304483756423,-2.0369393141008914,-2.115913094331821,8.864561095833778e-06,3.5683612698752163e-06,0.0010424290206477356,0.015185476009113094,6.06478589773178
1407,-2.7814511822329626,-2.7820331354935965,-2.76301246881485,0.0005819691276108777,1.0,2.9895167775369678e-06,0.0009692691663211142,0.014417416743796182,3.989913154531408,-1.9511573066314063,-1.951166572670142,-1.949650305012862,9.252922609448433e-06,2.8524207493774156e-06,0.0011078114936632726,0.015859435002009075,6.822974145412446
1408,-2.829862780041165,-2.8304300440682306,-2.840324560801188,0.0005672861028600622,1.0,2.658028481366475e-06,0.0012800327019283065,0.017841018098234025,4.0472760377106844,-2.3069568872451782,-2.306969235340754,-2.3095871210098267,1.235143281519413e-05,2.4718812312585214e-06,0.0013361641467781737,0.018665612520029146,6.3192858298619585
1409,-3.005516908786915,-3.005928366272538,-3.0054953981328896,0.00041144644772564924,1.0,2.08033451245784e-06,0.0011746273311372432,0.01720507060074144,3.6001134271974915,-2.1911541298031803,-2.1911679208278656,-2.217098625997702,1.3810660069187483e-05,1.7332172935387764e-06,0.0010331988354058315,0.015474751514072219,6.229699969291688
1410,-3.0655653211805554,-3.0658790712003356,-3.0509711548134133,0.00031375733238679394,1.0,1.5093817561743588e-06,0.0009287868893739802,0.013944488260205145,3.469736205206977,-1.698603246361017,-1.6986158912380536,-1.727132889131705,1.2646739681561788e-05,1.4751721029900484e-06,0.000939004739241985,0.01403301756363362,5.943713525931041
1411,-2.56063300591928,-2.5611995811815613,-2.565855282324332,0.0005665610509890097,1.0,2.3480856809867503e-06,0.0012821529806522583,0.01623605143416811,3.6651938138184725,-2.265147104859352,-2.2651557127634683,-2.2713345686594644,8.60891304910183e-06,3.037600161330071e-06,0.0015504295539964612,0.020650747542579968,6.277289311091105
1412,-2.9532917075686984,-2.9537277398286044,-2.9425379965040417,0.0004360551635424296,1.0,2.5798176424090073e-06,0.0012972599102391137,0.01648699709524711,3.4413225474180997,-2.2931254853804908,-2.2931334475676217,-2.3058226903279624,7.95186497271061e-06,1.990157841191831e-06,0.0010409670333804872,0.014279811681869129,5.945092876752218
1413,-3.0623828128532127,-3.0628059528492115,-3.0765081953119346,0.0004231469636714017,1.0,1.736204105192748e-06,0.0009276544205258014,0.014333100144371943,3.3220479444221214,-1.8999453106274207,-1.899953756481409,-1.9645416997373104,8.43320352335771e-06,1.5924078553553045e-06,0.0008522481148247607,0.01249602202248449,5.910577793916066
1414,-2.7621386580997043,-2.7626607947879367,-2.7723613403461598,0.000522144345773591,1.0,2.0010681585821053e-06,0.0010242095859548837,0.014868287024674591,3.4251854066495544,-2.2594032486279803,-2.259409323334694,-2.276139502724012,6.050880377491315e-06,2.3445218459983153e-06,0.001237735094036907,0.015943600020060938,6.196743567784627
1415,-2.9735354052649603,-2.974058160075435,-2.9707578464790627,0.0005227777141111868,1.0,2.153560693066673e-06,0.00118373177031538,0.0162569231664141,3.7006360513192638,-2.276224101583163,-2.27623072018226,-2.2840670868754387,6.64141650001208e-06,1.7126007492151984e-06,0.0010328215673022594,0.014608121535275131,5.982616861661275
1416,-2.9912346998850503,-2.99162311024136,-3.002111938264635,0.0003884324321040401,1.0,1.5985930177622422e-06,0.0009407780124564413,0.014449406380730646,3.3803751645264803,-1.1806066284577053,-1.1806127162029345,-1.2145914730305474,6.090461586912473e-06,1.5285161272989474e-06,0.0009499164225417189,0.013667231677876165,5.902038276195526
1417,-2.4029161311961986,-2.4035391012827554,-2.3971764511532254,0.0006229851256918024,1.0,3.268714812697403e-06,0.0015439194308041974,0.0189754129042504,3.941771083407932,-2.2160216271877284,-2.216027940313021,-2.2272921750942865,6.302337472637494e-06,4.22318568856402e-06,0.0018530452168003346,0.023478438961319625,6.68745360771815
1418,-2.8998705546061196,-2.9002060095469155,-2.9070176195215294,0.00033546335719249865,1.0,3.613447301244445e-06,0.001459468962383215,0.018441472650954017,3.370671757945308,-2.21944946795702,-2.2194547404845557,-2.252168339987596,5.285798882444699e-06,2.3445792199557522e-06,0.0010949974433363725,0.015084480478738746,6.094655493895213
1419,-2.9926008736645735,-2.993193644064444,-3.008285893334283,0.0005927768156484321,1.0,2.0346281804382605e-06,0.0009809821257712665,0.014370403373269018,3.5778821132801197,-2.1924801419178643,-2.1924856702486673,-2.194104781995217,5.520569781462352e-06,1.782390285143265e-06,0.0009728722943691537,0.01499436815114071,6.0785815715789795
1420,-3.0812909779725253,-3.081729385587904,-3.0905154192889177,0.0004383834009921109,1.0,1.5583966404409256e-06,0.0009251407334684498,0.015091872429130253,3.4419734566300004,-2.0364657516280813,-2.036471645037333,-2.04910292600592,5.878430480758349e-06,1.4712295429338458e-06,0.0009345623911940493,0.014450819580815732,6.1335458755493155
1421,-2.284416565188655,-2.284777720493299,-2.2886117823697902,0.0003611532350381215,1.0,3.1966335427568993e-06,0.0014197307690564129,0.017753315917043773,3.7040693583311857,-2.20670868953069,-2.2067150523265204,-2.1989791492621102,6.345488751928012e-06,5.436073649889295e-06,0.0020449882334408662,0.025919284981985886,6.48758065700531
1422,-2.750438434106332,-2.750981896011918,-2.7586979777724654,0.0005434545239916554,1.0,5.000668436507651e-06,0.0017529934498102025,0.021513439921869174,3.7373855467195862,-2.261521279811859,-2.2615253180265427,-2.270925914247831,4.004376629988353e-06,3.282850409884001e-06,0.00130361583433114,0.017551409546285868,6.137958089510599
1423,-2.9908777784418175,-2.9912347263760037,-2.99534750867773,0.000356969044164375,1.0,2.540734495023908e-06,0.0010235116222045487,0.014738229086139688,3.2789319621192083,-2.0769782240192094,-2.0769819021224976,-2.104592160632213,3.6912194142738977e-06,2.13563205875289e-06,0.0008683877240400761,0.012957667252824953,6.007339060306549
1424,-3.0522199471791587,-3.052555446271543,-3.0372311804029675,0.0003354775684851187,1.0,1.9130150711269515e-06,0.0008362873297840081,0.012377832619542325,3.4295122181927717,-2.1038035079836845,-2.1038078938921294,-2.119696711500486,4.380398119489352e-06,1.7739189814847123e-06,0.0008598134493998563,0.012741873079600433,6.020365595817566
1425,-3.0485658204113997,-3.0489265653822155,-3.045575415646588,0.00036075117963331715,1.0,1.6870625737889593e-06,0.000925167743978953,0.014005961707206789,3.663081310413502,-2.163966028640668,-2.1639711720248065,-2.202849489326278,5.1443930715322495e-06,1.5153400028111719e-06,0.0009498260963785773,0.013717213141111037,6.113975465297699
1426,-2.684628897243076,-2.6850724573488587,-2.6912562008257264,0.00044356527979727144,1.0,1.9837443224551627e-06,0.0011638842449799456,0.015451149152660812,3.4485642733397306,-2.205744182070096,-2.2057487865289054,-2.219636524717013,4.623318091034889e-06,2.5531981388364025e-06,0.0013590028005031247,0.017285109342386324,6.20653889576594
1427,-3.0099621967033103,-3.010362907692238,-2.993607838948568,0.00040070767755861635,1.0,2.2390102761467765e-06,0.001180578540596697,0.016698559090771056,3.4870077239142523,-2.2020116175214453,-2.202015201250712,-2.2227948357661567,3.6071675519148507e-06,1.769660433600014e-06,0.0009484036151358547,0.01372574525885284,6.080239137013753
1428,-2.819742421309153,-2.820091649338051,-2.8398385180367365,0.0003492203023698595,1.0,1.5862675160894501e-06,0.0008529278372103969,0.013307818660029658,3.2379057583985507,3.285856455564499,3.285851856072744,3.2370672623316445,4.600655908385913e-06,1.5366594065350607e-06,0.0009175097026551763,0.012981075638284286,5.740588814020157
1429,-2.2287978640309087,-2.229322640984147,-2.227719276039689,0.0005247735728820165,1.0,4.915781531693668e-06,0.0019898721969824422,0.021528218493417458,4.550458987553914,-2.2102185388406115,-2.2102250705162683,-2.206238423784574,6.5391262372334795e-06,5.7897728993339115e-06,0.00234855655192708,0.02754764856460194,6.88290657599767
1430,-2.7740572381902626,-2.7745180748127125,-2.7817668738188566,0.0004608371053580885,1.0,4.8105167580716725e-06,0.0018359811985175366,0.02146995816103838,3.6562100957941124,-2.2640623052914934,-2.2640670786301293,-2.264780687789122,4.770544668038686e-06,2.8710014324436392e-06,0.0012677774114611868,0.017272303424154718,6.059703807036082
1431,-2.8526953282179655,-2.853364944458008,-2.840547058317396,0.0006696092033827746,1.0,2.5252156521876004e-06,0.0010814458644879913,0.015745233364955143,3.9742819909696228,-2.1052822917699814,-2.1052858531475067,-2.097787544131279,3.5606790333986282e-06,2.1029333415375127e-06,0.0010620147659210488,0.016237081843428314,6.36543865998586
1432,-2.9715309937795005,-2.9719849162631564,-2.995942398353859,0.0004539332456058926,1.0,2.1409438330819184e-06,0.0011636416505401332,0.018032330571225396,3.624557777687355,-2.3166610995928445,-2.316665773590406,-2.3263580749432244,4.689286773403485e-06,1.800971925073706e-06,0.0010911943657750574,0.01616116923590501,6.007592121760051
1433,-3.105782252770883,-3.106089786246971,-3.107113423170867,0.00030752650841518687,1.0,1.5769307234828982e-06,0.0009501438622397405,0.014581478459553586,3.3239204265453197,-2.08316171169281,-2.0831661807994046,-2.1010830824573836,4.4765571753184e-06,1.397824855568312e-06,0.0008882228915657228,0.012932857129878053,6.066478292147319
1434,-2.6094604200787015,-2.6098631267194397,-2.603598815423471,0.0004027033293688739,1.0,2.170830490050085e-06,0.0011920106804205312,0.01637574061061497,3.5950145721435547,-2.1672419607639313,-2.167245070139567,-2.17672823369503,3.0959490686655045e-06,2.709436226192944e-06,0.0014542280841851607,0.018925577712555725,6.287739455699921
1435,-2.9828330322548195,-2.983173476325141,-2.9972565174102783,0.0003404557291004393,1.0,2.3207648180484994e-06,0.00117261202669599,0.016599355403471877,3.211297591527303,-2.249808040757974,-2.249810924132665,-2.2647918288906417,2.8988191237052283e-06,1.941437327938426e-06,0.000984984772609702,0.01412425353191793,5.936951458454131
1436,-3.1116256184048123,-3.1119226349724665,-3.1138215506518327,0.00029701518791693226,1.0,1.6464543511608132e-06,0.000842186837905535,0.013277153346549582,3.246002859539456,-2.0089855839808783,-2.008988454937935,-2.044499741246303,2.8731301426887512e-06,1.4874022866706582e-06,0.0008028338221871915,0.011367421907683214,6.029720743497212
1437,-2.805115311234086,-2.8054703253286855,-2.798996360213668,0.0003549999522942084,1.0,1.764281612984767e-06,0.001059144966011108,0.017148557446759055,3.77026359240214,-2.337317059437434,-2.337319696942965,-2.3686676571766534,2.6288131872812905e-06,1.8717267806778182e-06,0.0012908557400805876,0.019429849227890372,6.006757160027822
1438,-2.9698255680225514,-2.9701951521414296,-2.972131269949454,0.00036956728608519943,1.0,1.7557295753552655e-06,0.0010997055150154564,0.01616489959673749,3.4782211692244918,-2.2118385285139084,-2.2118418340881667,-2.2412970264752707,3.3052638173103333e-06,1.6611875726842602e-06,0.0010566414033140366,0.015045206295326352,5.98007082939148
1439,-3.039250294367472,-3.03963158748768,-3.0394115536301225,0.0003812735279401143,1.0,1.7220823262202127e-06,0.0010350357969636443,0.015086260382775907,3.395018966109664,-1.8898819585641227,-1.889885442952315,-1.912465289235115,3.498746082186699e-06,1.5313922906064665e-06,0.0009867645203485154,0.014799851807765663,5.917188286781311
1440,-2.6781063786259405,-2.678471008936564,-2.6696265361927174,0.00036463955486262285,1.0,2.0924344047064856e-06,0.00114070843361939,0.015894114315785742,3.377073702988801,-2.151668210824331,-2.151671439409256,-2.1724763611952462,3.2410801698764167e-06,2.529594903914282e-06,0.001266530777987403,0.01664521572335313,6.204572975635529
1441,-2.891947772767809,-2.892550159383703,-2.864001335921111,0.0006024028967928003,1.0,2.404759218027013e-06,0.0011910377329008447,0.017185092593232792,3.6711925488931163,-2.2765739733974137,-2.2765791540344558,-2.3247576132416725,5.21121546626091e-06,2.092412396829483e-06,0.0010500523809848044,0.014137473849890133,5.802354534467062
1442,-3.0937868135946767,-3.094029329441212,-3.100255180288244,0.00024252909201162833,1.0,1.8968853847009423e-06,0.0008861099550914434,0.013405954499763471,3.1584112820801913,-2.0733710204561553,-2.0733770839869976,-2.10970491108795,6.040480608741443e-06,1.6155002432090744e-06,0.0008402260815879951,0.011973142488083491,5.920475125312804
1443,-3.0979172830228454,-3.0982017428786666,-3.1031440099080405,0.00028445426788594987,1.0,1.6238432475869626e-06,0.0008196141635481683,0.012106073589098675,3.1928432870794228,-2.072414959470431,-2.072420852879683,-2.094902445872625,5.892245098948479e-06,1.51075778849948e-06,0.0008465448991046287,0.01218080687491844,5.797516862551371
1444,-2.7986052301194935,-2.798938821863245,-2.7881794505649142,0.0003335836722894951,1.0,1.8020507763207274e-06,0.0010029537327311657,0.014831347977397618,3.449710351449472,-2.255627910296122,-2.25563191374143,-2.2632883588473,3.980395073692004e-06,1.9976161145981073e-06,0.001189764365941907,0.01568519906140864,6.0289961496988935
1445,-3.039722760518392,-3.040007396980568,-3.0444742573632135,0.00028462287176538395,1.0,1.8985156497432467e-06,0.0010433779486144583,0.01485332455141125,3.282486836115519,-2.166756394008795,-2.1667598262429237,-2.198240175843239,3.421446308493614e-06,1.6194695859894637e-06,0.0009200519950051481,0.013468893244862556,5.8098015288511915
1446,-3.054243326187134,-3.0545582859604448,-3.068585854989511,0.00031495860053433315,1.0,1.5799430330945243e-06,0.0008579711192632439,0.01276674816660859,3.191637807422214,-1.852832085142533,-1.852835760762294,-1.8814352800448735,3.6616499225298562e-06,1.5008794633786238e-06,0.0009053069322059552,0.013114392873831093,6.15253625313441
1447,-2.7469888704794423,-2.7475008964538574,-2.7449766794840493,0.0005120443939058869,1.0,1.8938287372226046e-06,0.0011015547874935524,0.0155569595043306,3.5205491560476796,-2.345362514257431,-2.3453666816155114,-2.3496620456377664,4.159829889734586e-06,2.201508351618031e-06,0.0012767443016249065,0.017010062971773248,6.025183518727621
1448,-3.0545995853565358,-3.054844520710133,-3.0523832550755254,0.0002449356985312921,1.0,2.0417210517162283e-06,0.001053893800686907,0.0156220821318803,3.2055600219302707,-2.166928924620151,-2.1669322103261948,-2.195029047628244,3.2946312179168067e-06,1.6498608535660726e-06,0.0008650962918181904,0.013006836525164545,5.919589479764302
1449,-3.053537565248984,-3.0538599182058266,-3.0539697143766613,0.00032236882381969027,1.0,1.5775462282329467e-06,0.0007813188756160714,0.01162402157637256,3.344519129505864,-2.1478866835435233,-2.1478904088338218,-2.164517724265655,3.7394153575102487e-06,1.505689193474306e-06,0.0008943781940615736,0.012488048620677242,6.140015920003256
1450,-2.788744467276114,-2.789142882382428,-2.794356275487829,0.0003984302834228233,1.0,1.6177861391918636e-06,0.0010923101109693999,0.014868342697068496,3.505599472257826,-2.212451249361038,-2.212457815806071,-2.2167604068915048,6.576379140218099e-06,1.9956119198620095e-06,0.0013255514301514875,0.01704011073646446,6.1596280336380005
1451,-2.9572300292827465,-2.9575379336321794,-2.9557387122401484,0.0003079000722478937,1.0,2.1936952373801397e-06,0.0012597222467539487,0.01692786612720401,3.3343208807486073,-2.318047419190407,-2.3180519392093024,-2.333460919559002,4.541982586185138e-06,1.86054662284126e-06,0.0010641063539272484,0.013865651174758872,5.855005145072936
1452,-3.107836926424945,-3.1082100956528276,-3.103396980850785,0.0003731615013546414,1.0,1.6592874266684198e-06,0.0009205508287306185,0.013649000130869724,3.3132923620718495,-1.7030171751976015,-1.7030205428600311,-1.7205903933693965,3.3645580212275186e-06,1.4070496424286223e-06,0.0007989418663782999,0.010959388397168368,6.037232617537181
1453,-2.2724209841754703,-2.272774917659936,-2.250823228447526,0.00035392941424140225,1.0,3.847054009148215e-06,0.0014392748341412731,0.01630665620581971,3.852287769317627,-2.1968918343385058,-2.1968965927759805,-2.1936375250418982,4.763482138514519e-06,5.851992151898837e-06,0.0019472939505552251,0.022441819348993402,6.375452061494191
1454,-2.880303948013871,-2.8805808579480208,-2.8839254555878817,0.00027692476632418456,1.0,4.398997841942926e-06,0.0014542613730386452,0.017576018520803365,3.2793131934271917,-2.182584270834923,-2.1825885052482286,-2.208994261920452,4.231308897336324e-06,2.9140382290885705e-06,0.0010151854512514547,0.012959733605384827,6.001554886500041
1455,-3.06150511459068,-3.0618213106084755,-3.067724687081796,0.0003162146442466312,1.0,2.327398373448954e-06,0.0008360769823883418,0.011513832042476645,3.2367214185220226,-1.9939877546081939,-1.9939919446284573,-2.0427509024739265,4.216562956571579e-06,1.924831896834197e-06,0.0007650885090697557,0.010704949071320394,5.867498616377512
1456,-3.1261059178246393,-3.1264224405641907,-3.1329736886201083,0.0003165243262494052,1.0,1.8021011143260963e-06,0.0007795078391036777,0.013594507757160399,3.273075916148998,-1.957130001236995,-1.957134060561657,-1.9970470269521077,4.060488815108935e-06,1.5268681371101895e-06,0.0007962200106703676,0.011531602222627649,6.253694236278535
1457,-1.783092737197876,-1.783414371587612,-1.7770819067955017,0.0003216413574086295,1.0,1.7850038644879802e-06,0.0010504125125913157,0.015314766930209266,4.268242491616143,-0.625237105259051,-0.625246706729134,-0.6088120232646664,9.603643169005712e-06,4.931692330956139e-06,0.0027001300477422774,0.02712214575149119,10.972106655438742
1458,-1.7035306647971824,-1.7044533844347354,-1.6892589374824807,0.0009227071509317115,1.0,2.1440242394250903e-05,0.007561703350532938,0.06152807203707872,9.312749491797554,-1.8487576047579446,-1.8487776468197505,-1.840528388818105,2.0039500668644905e-05,2.57622237616791e-05,0.008437402895651758,0.08009067814176281,8.59571236371994
1459,-2.1487321191363864,-2.14930084016588,-2.144163171450297,0.0005687210984804012,1.0,2.0415625166842126e-05,0.006435242343555998,0.05978446633175567,5.147872659895155,-2.146454781293869,-2.1464719573656716,-2.147125462690989,1.7191205794612568e-05,1.1607587680373399e-05,0.003881056453489388,0.03983710892498493,6.839373330275218
1460,-2.499813706786544,-2.5006932152642145,-2.502357103206493,0.0008794739842414856,1.0,8.340614099493164e-06,0.002988223038199875,0.03361015942775541,4.241570057692351,-2.1028729329506555,-2.1028883208831153,-2.1159077187379203,1.540508431692918e-05,4.681973355976273e-06,0.0017593990536018584,0.02105172269511968,6.545071542263031
1461,-2.765975581275092,-2.7668086687723794,-2.7529115588576705,0.0008330721822049883,1.0,3.929112692815208e-06,0.0015090060403087624,0.018988470270953798,3.794188384656553,-1.9037069445475936,-1.9037231920907896,-1.9425432235002518,1.627199041346709e-05,2.7482919430591815e-06,0.001055669990212967,0.013213808531872928,6.252570192019145
1462,-2.952283020372744,-2.9528191266236483,-2.953883930488869,0.0005360965927441915,1.0,2.7366574394599646e-06,0.0010012536507996697,0.013712927906049622,3.359403124562016,-1.8736587973932426,-1.8736752628659208,-1.9475147786239784,1.646772337456544e-05,2.0614086129929396e-06,0.0008419059595325962,0.010368013754487038,5.974609454472859
1463,-2.735895602791398,-2.736666167223895,-2.7439009878370495,0.0007705729868676928,1.0,2.1898636246246666e-06,0.0011286725014172218,0.01602333991063966,4.495032204522027,-2.1775778035322824,-2.177590866883596,-2.196120500564575,1.3055900732676188e-05,2.0865850037428877e-06,0.0014129064074950293,0.019662092439830303,6.933393200238546
1464,-2.981824927859836,-2.9821681799712003,-2.987955199347602,0.0003432409354933986,1.0,2.080235621751517e-06,0.001383718008313466,0.018321625922841055,3.676025487758495,-2.2979199066758156,-2.297936157633861,-2.3405699816842875,1.6251811757683754e-05,1.5778290010833491e-06,0.0012053183842605601,0.01784041931387037,6.053874870141347
1465,-2.9438161849975586,-2.9443699474687928,-2.936335832984359,0.0005537558484960486,1.0,1.549441561918583e-06,0.0011524036030836956,0.016657309606671333,3.9427261352539062,-2.1660758101691804,-2.166088690981269,-2.236352105935415,1.2890979026754698e-05,1.4618530362516442e-06,0.0011630383911930646,0.01562088867649436,6.061231950918834
1466,-1.8669141310232658,-1.867528043411396,-1.866044658201712,0.000613918114039633,1.0,4.380744076957786e-06,0.001998867891314957,0.022092921590363537,4.602188905080159,-1.8909954180320105,-1.891017993291219,-1.8880134969949722,2.256206547220548e-05,1.0963753955669139e-05,0.0037653978700594357,0.03742476746750375,7.713922540346782
1467,-2.3886352998239024,-2.38927780257331,-2.370289361035382,0.0006425176505689267,1.0,1.3376948876005676e-05,0.0034841118915075503,0.034631045880141084,4.519308037228054,-2.254730060696602,-2.254746491710345,-2.253249848882357,1.6441568732261658e-05,9.46504820831251e-06,0.0027437135577201843,0.031545736050854124,6.482752084732056
1468,-2.7311463532624423,-2.73176935867027,-2.729360024134318,0.0006229968534575568,1.0,6.491469784358978e-06,0.0019225733984192764,0.022935054299456102,3.611754779462461,-2.229714721441269,-2.2297286043564477,-2.250698432326317,1.3889822488029798e-05,3.639573103934405e-06,0.0012918607875083883,0.017864112742245197,6.083512226740519
1469,-2.8687285670527705,-2.8693209798247725,-2.8799018639105336,0.0005924207054906421,1.0,3.1247529595593398e-06,0.0010732404383209844,0.015724856147749558,3.6722138546131275,-2.116447446246942,-2.1164587071786323,-2.1600186076636114,1.1259767537315687e-05,2.4143591019765154e-06,0.0010288052581017837,0.01546905527357012,6.0459812084833775
1470,-3.0484194314038313,-3.048700394453826,-3.060053410353484,0.0002809553234665482,1.0,2.1666236559920235e-06,0.000939616469959556,0.01475924653587518,3.218128875449852,-2.0689644825955233,-2.068975383415818,-2.1247381418943405,1.0917506491144499e-05,1.7683364887943753e-06,0.0008897562972075926,0.013840376438262561,5.87503202756246
1471,-3.1040589809417725,-3.104372227633441,-3.1207562022738986,0.00031326317952738865,1.0,1.7293086405819242e-06,0.0008583963650313241,0.013970063481893804,3.258808648144757,-2.0780062363483016,-2.078017979549865,-2.1291895508766174,1.1761284743746122e-05,1.5063507419199595e-06,0.0008424799646794175,0.012888868630398065,5.968210339546204
1472,-3.0887237654791937,-3.089185599927549,-3.0832016556351274,0.00046183644897407957,1.0,1.4520764150600169e-06,0.0008397482107048509,0.013886994061370691,3.4236221578386097,-2.1762655302882195,-2.176276025672754,-2.2068079287807145,1.0508888711531958e-05,1.3577817554732974e-06,0.0008608751304564066,0.012962688808329403,5.9484701951344805
1473,-2.523103210661146,-2.523683446424979,-2.491543341566015,0.0005802483194404178,1.0,1.8727571513308148e-06,0.001260317648605754,0.018164754103593254,3.9873149218382657,-2.2935447394847874,-2.293551986416181,-2.308418706059456,7.264316082000732e-06,2.6715415989049993e-06,0.001821370281201477,0.023207705351524055,6.493529816468556
1474,-2.7946913330643266,-2.7949980629814997,-2.8036083821897155,0.00030675206195425106,1.0,3.1744306296685763e-06,0.0017297689854684803,0.02150165831187257,3.5821563226205333,-2.400214711825053,-2.4002199371655784,-2.4200373739004135,5.2209167430798216e-06,2.5436373884228183e-06,0.0014272156598356862,0.019684231102777023,5.883310317993164
1475,-3.01462929337113,-3.0150967527318886,-3.01977186732822,0.000467444873518414,1.0,2.1386161456070517e-06,0.0011268608138413616,0.01625336289267849,3.431655106721101,-2.20707456767559,-2.2070810149113336,-2.244896543522676,6.42783318956693e-06,1.6333093431815844e-06,0.0009317612566519529,0.013381630182266235,5.951740642388661
1476,-3.090206472961991,-3.090552144580417,-3.081898910027963,0.0003456714114657155,1.0,1.5758111944537464e-06,0.0008842518350488886,0.013466532997511051,3.403116084911205,-2.0451907912890115,-2.045196714500586,-2.0976471981654563,5.921504149834315e-06,1.454257021767565e-06,0.0008961184503277764,0.012539799441583455,5.8836948076883955
1477,-2.783245669470893,-2.783624560744674,-2.7797428060460976,0.0003788750618696213,1.0,1.7034786963079199e-06,0.0010022834283989614,0.015124789007973892,3.3143258183090776,-2.1981369704008102,-2.1981417909264565,-2.2454748898744583,4.821456968784332e-06,1.999150133732049e-06,0.0012293895075951393,0.016717140562832355,6.016915122667949
1478,-2.8079381695500127,-2.8083236394105136,-2.7893875616568105,0.00038546013335386914,1.0,2.61005337691771e-06,0.0012985251076450502,0.01679225186644881,3.4582513085118047,-2.248292880753676,-2.2482964048782983,-2.3009386310974755,3.528237963716189e-06,2.4276419689310083e-06,0.0011759629123844206,0.01558677883197864,5.891644140084584
1479,-3.040652601807206,-3.0409944234070956,-3.0683974778210676,0.00034181890940224684,1.0,2.044209795544534e-06,0.0010041878601812102,0.014663192857470777,3.2571910045765065,-2.0637352823590236,-2.063740008510649,-2.1177774456640086,4.7280142704645795e-06,1.6722209229177072e-06,0.0008831804395110036,0.012870556713702777,5.830877363681793
1480,-2.940692733835291,-2.9411945475472345,-2.945398794280158,0.0005018124011931596,1.0,1.665035108965606e-06,0.0009883322140753822,0.01481783155489851,3.6243088951817266,-1.9991089304288228,-1.9991153658678134,-2.04586814964811,6.4391642808914185e-06,1.6286312434961776e-06,0.0010732230051265408,0.015289453867202004,5.992827693621318
1481,-3.0450004824885615,-3.0453246699439154,-3.0298859190057823,0.0003241873173801987,1.0,1.5655012593587916e-06,0.0010078230342413816,0.015342353860399238,3.3572200845789024,-1.8018520722786584,-1.8018610725800197,-1.8536923167606194,9.010080248117447e-06,1.4731912945838606e-06,0.000940987022962266,0.013827280199620873,5.808107852935791
1482,-2.2942321631643505,-2.294631182043641,-2.311364973032916,0.00039902329444885254,1.0,2.9658303312182262e-06,0.0015608287757021134,0.019142931913612066,3.97113694968047,-2.2161319851875305,-2.2161445021629333,-2.207794894774755,1.2504402548074722e-05,4.527405148261702e-06,0.0022162334353197366,0.026101695800510544,6.952301224072774
1483,-2.801158834386755,-2.8013839015254267,-2.7972766293419733,0.00022508797270280343,1.0,4.05935465837333e-06,0.0017810882095040546,0.021443006651545013,3.398280735369082,-2.3403588185707727,-2.3403684745232263,-2.3469493786493936,9.634066373109818e-06,2.8015829608799927e-06,0.001349911472061649,0.017215189679215353,5.92008876800537
1484,-2.9855149675298622,-2.985852603559141,-2.9727772341834173,0.0003376193344593048,1.0,2.423424967269562e-06,0.001059434809980707,0.014818014628771279,3.4201702806684704,-2.079066534837087,-2.079073153436184,-2.1001618492106595,6.597023457288742e-06,1.8205881010165588e-06,0.0008716995434951968,0.01265885568379114,5.795029481252035
1485,-3.08563142352634,-3.0859377207579435,-3.0752868917253284,0.00030632337762249843,1.0,1.7394553171672871e-06,0.0008555283959679029,0.013248128368070832,3.367193893150047,-2.1339875062306723,-2.1339934145410857,-2.1525842448075614,5.913743128379186e-06,1.5614313326750562e-06,0.0008354960615785482,0.012060339659607658,5.966718395551046
1486,-2.9985290280094854,-2.998880465825399,-2.991081988369977,0.0003514454044677593,1.0,1.5204164027535526e-06,0.00086769446109732,0.013113087560567591,3.44466413391961,-2.1429981937011084,-2.143004989872376,-2.1771909998108945,6.8051740527153015e-06,1.4870799181683954e-06,0.0009603418996751619,0.014953025965951383,5.738060504198074
1487,-2.928225605576127,-2.928579233310841,-2.9362460330680564,0.00035358689449451586,1.0,1.7277490382251994e-06,0.0010932743294957887,0.015403385791513655,3.430473897192213,-2.2779794633388524,-2.2779837995767593,-2.305324837565422,4.331658904751142e-06,1.6826608041734896e-06,0.0010897457468672656,0.01615620074638476,5.712479839722316
1488,-2.6940703436180398,-2.6943914978592485,-2.689094305038452,0.0003211209895434203,1.0,1.8539816269198869e-06,0.001029908726060832,0.014774902240821609,3.2227023442586265,-2.145624652504921,-2.145629068215688,-2.171405039727688,4.414391393462817e-06,2.600310551770235e-06,0.0012922044261358678,0.017073272184158366,5.965603550275167
1489,-2.7497982625608093,-2.7500450522811324,-2.7398123741149902,0.0002467568825792383,1.0,3.775875037953719e-06,0.0013920310798480554,0.01779220363608113,3.357383410135905,-2.2839378565549846,-2.2839425206184387,-2.2879168540239334,4.66429628431797e-06,3.6386856929008595e-06,0.0013331031514098868,0.01811222576846679,5.904740730921428
1490,-3.0177762155179626,-3.018057425816854,-3.030876283292417,0.000281215817840011,1.0,2.697179769273606e-06,0.000989124241405753,0.014234244150833951,3.1393967469533286,-1.9953617894401154,-1.9953647184496124,-2.0568047215541205,2.9134098440408707e-06,2.052912378758265e-06,0.0008071311628251957,0.011910206929314882,5.905460913976034
1491,-3.0917546395902282,-3.0920363355565956,-3.0887002326824047,0.00028172073264916736,1.0,1.863990603481027e-06,0.0007588937253415308,0.011608877322740026,3.3173047524911388,-1.9562300158043702,-1.9562333536644776,-2.01923801501592,3.3324273924032846e-06,1.6135416795274675e-06,0.000774171894590836,0.011632247517506281,6.010263542334238
1492,-3.062031277903804,-3.0624019923033536,-3.0749741395314536,0.00037072723110516864,1.0,1.5785426302062223e-06,0.0008539276529551933,0.013249755457595543,3.3394965330759683,-2.0366298891603947,-2.036633683989445,-2.060817849667122,3.7838084002335868e-06,1.4436191738316968e-06,0.0008603131839966712,0.013016329166324189,6.008630017439524
1493,-2.945290477187545,-2.9462651764905012,-2.988689661026001,0.0009746807454912751,1.0,1.587613437718742e-06,0.0009596227965731588,0.01371932859291081,3.2471346766860396,-2.232641652226448,-2.232647031545639,-2.2632697572310767,5.378853529691696e-06,1.6238500866923762e-06,0.0010765120071785834,0.01565453759394586,5.976424853006998
1494,-2.8049437734815807,-2.8053274949391684,-2.7908007480480053,0.0003837267005885089,1.0,2.05127672095976e-06,0.0011542632623955055,0.01544708906914349,3.336969984902276,-2.0815328657627106,-2.0815372690558434,-2.0988649080197015,4.407096033294995e-06,2.1759264920243973e-06,0.0011777251978249599,0.01566702655206124,5.950192987918854
1495,-3.035803282702411,-3.036028429313942,-3.0659044053819446,0.00022515854625790207,1.0,2.1343984102444395e-06,0.0010323083498170254,0.01519157039001584,2.9769977419464677,-2.1207046024501324,-2.1207092193265757,-2.159089549134175,4.623861362536748e-06,1.759229088330964e-06,0.0008734260482015088,0.013063887599855661,5.828067640463511
1496,-3.0197454028659396,-3.020133760240343,-3.0158563631552235,0.000388343025136877,1.0,1.7488130239413564e-06,0.0009072620413024668,0.014129171406643258,3.5454351990311235,-2.1770031998554864,-2.1770073572794595,-2.201040434340636,4.1549404462178545e-06,1.569158821250009e-06,0.0009073135394525403,0.014208461487820992,5.898402750492095
1497,-2.9095969553346985,-2.909876702008424,-2.9065643416510687,0.00027976674890076674,1.0,1.6315140353779295e-06,0.0008867622128929253,0.012937119868756444,3.1249992317623563,-2.2301042477289834,-2.2301079084475837,-2.2578048408031464,3.650551661849022e-06,1.9219364304490227e-06,0.0010641292440899026,0.015009902340049544,5.932156662146251
1498,-3.0732677777608237,-3.0734648792831987,-3.0870077874925403,0.00019711987287909896,1.0,2.0078603492274177e-06,0.0009693141996481076,0.014289368720104298,3.005227495122839,-2.143760231633981,-2.1437642946839333,-2.1779073625802994,4.066076750556628e-06,1.6604345205450954e-06,0.0008329944078771708,0.012141173996496946,5.676677107810974
1499,-3.0228332943386502,-3.0230927643952548,-3.0252629386054144,0.00025947909388277266,1.0,1.6547301297746512e-06,0.0007853501980813841,0.011348160949570162,2.999700413809882,-2.127549727757772,-2.127553711334864,-2.154636691013972,3.975893681248029e-06,1.694513883876425e-06,0.000839320695376955,0.012003320249884078,5.629678696393968
1500,-3.134411917792426,-3.1346734982949718,-3.1280932514755815,0.0002615769152288084,1.0,1.6403857435526099e-06,0.0007972588754017596,0.011681077398221803,3.1281681767216436,-1.8156820653627315,-1.815684715906779,-1.8649046967426937,2.645499383409818e-06,1.4737771039108338e-06,0.0007667680038139224,0.012012770496464023,6.086219052473704
1501,-2.072838177283605,-2.0732497771581015,-2.0761975055491484,0.0004115943555478697,1.0,4.629908874920619e-06,0.0016503937831320971,0.019664191468446342,4.367225947203459,-2.0994272381067276,-2.09943825006485,-2.102658232053121,1.1011802901824316e-05,8.749367395921581e-06,0.0027448452504662177,0.03422529002030691,6.7094628016153965
1502,-2.6787410842047796,-2.6790097731131093,-2.68825689068547,0.0002686981525686052,1.0,8.056728347582975e-06,0.002123097078529773,0.024782709535901195,3.424690935346815,-2.3352349251508713,-2.335242117444674,-2.3450316786766052,7.19795934855938e-06,4.817057231321087e-06,0.0014647723680051665,0.01990576720951746,5.870073676109314
1503,-2.992507846267135,-2.992735889222887,-2.996202504193341,0.00022804205892262635,1.0,3.4052185734860054e-06,0.001016927572588126,0.014206232140875526,3.1550734131424516,-1.9916357015414785,-1.9916403787986685,-2.0672144008179507,4.664451504747073e-06,2.4416825207633033e-06,0.0007742264254678352,0.011343530689676603,5.6287060876687365
1504,-3.122829649183485,-3.123057577345106,-3.124501113538389,0.00022791926231649186,1.0,2.1693577191736375e-06,0.0007103867203652582,0.010039603941280532,3.04870245191786,-1.924586206053694,-1.9245899046460788,-1.991550959336261,3.727152943611145e-06,1.7797109184887934e-06,0.0006948764275875874,0.010424534130531052,5.778899451096852
1505,-2.8803602346667536,-2.8806985131016485,-2.8737080229653253,0.00033826725902380767,1.0,1.8281033867929687e-06,0.0010528585019831855,0.01514653597647945,4.044942476131298,-2.3296996355056767,-2.3297076721986136,-2.3361384073893228,8.032890036702156e-06,1.7660649784071818e-06,0.0011635147287355114,0.017136108013801277,6.283764421939851
1506,-2.381078675941185,-2.381297323438856,-2.3465689023335776,0.0002186299060229902,1.0,1.5720558613557606e-06,0.000985607515623862,0.01431990611470408,3.33411494007817,2.471941649913788,2.4719359427690506,2.4268375039100647,5.697598680853844e-06,1.8811684536027922e-06,0.001167508977232501,0.015570697258226573,6.138473669687906
1507,-1.290175316510377,-1.2913633397331945,-1.2963788630785766,0.0011880168070395787,1.0,2.8761543111007388e-05,0.00574066838318551,0.04847654579552235,8.599691285027397,-1.7596562753121059,-1.7597025036811829,-1.7524730016787846,4.6239777778585754e-05,5.0069004828401376e-05,0.009365918192391595,0.08915011088053386,9.339560210704803
1508,-2.0672956705093384,-2.0684110544345997,-2.0706364269609803,0.0011153826834978881,1.0,3.3130361164997644e-05,0.007006066385656595,0.06518423978101325,5.220394690831502,-2.07245693107446,-2.0726404190063477,-2.068469315767288,0.00018349840926627317,2.051050819318334e-05,0.00486402588042741,0.05480853576834003,7.112460056940714
1509,-2.4614102752120406,-2.463115789272167,-2.4660449911046913,0.001705511369638973,1.0,1.2168340230413446e-05,0.0032135308763288238,0.03675036211670549,3.911310972990813,-2.224287802974383,-2.224452535311381,-2.225140169262886,0.00016475802597900233,7.368683005400574e-06,0.002148495288565755,0.0277014064292113,6.2907766699790955
1510,-2.7295964735525624,-2.732416453184905,-2.7360351615481906,0.0028199792874080165,1.0,4.647692481672426e-06,0.0015530644062285621,0.020788058017690975,3.547552294201321,-2.1269313519199686,-2.1270235205690065,-2.1613048811753592,9.216958036025365e-05,3.906864302886485e-06,0.0011946848462685011,0.017325584427453578,5.955755770206451
1511,-2.887797090742323,-2.8890773013786033,-2.897392679143835,0.0012801891123806989,1.0,3.043864075556889e-06,0.001010023557615501,0.014160009342487212,3.375665231987282,-2.0359696994225187,-2.0360508672893047,-2.0603257504602275,8.116809961696465e-05,2.918176202607962e-06,0.0009336653577823503,0.012983467158240577,5.939321597417195
1512,-2.979427938108091,-2.9803391297658286,-2.9773248389915183,0.0009111815166694147,1.0,2.4251126567967866e-06,0.0008709052754393606,0.012630730384477862,3.3497720471134893,-2.1373246585329375,-2.1373841563860574,-2.1365968299408755,5.948233107725779e-05,2.1222281200531747e-06,0.0008538292434726221,0.012158771821608147,5.807115991910298
1513,-2.996447483698527,-2.997388067068877,-3.0031031944133617,0.0009405898551146189,1.0,1.9083973854692346e-06,0.0009046015372775771,0.012967587483149988,3.5112560678411415,-2.196800660341978,-2.1968418024480343,-2.244177474329869,4.1127437725663185e-05,1.6982856484067572e-06,0.0008702243091344523,0.012694893676477173,5.711686412493387
1514,-3.038574465998897,-3.0393258068296642,-3.034282852102209,0.0007513475224927619,1.0,1.5753129050440126e-06,0.0009065700729412061,0.013538213394996192,3.517339759402805,-2.0726227685809135,-2.07265696922938,-2.0780631924668946,3.4200105195244156e-05,1.491476723458618e-06,0.0009532594219005356,0.013184403534978628,5.7579430143038435
1515,-2.6946218102066606,-2.695235702726576,-2.686353736453586,0.0006138834136503714,1.0,2.0459582317387146e-06,0.001171559856393961,0.016455527912411425,3.5738554707279913,-1.8844896256923676,-1.884506732225418,-1.8922579884529114,1.7105058456460636e-05,2.8707445854555167e-06,0.0013859273361352582,0.016859531208562355,6.117920021216074
1516,-2.9536462448261402,-2.9540522540057146,-2.9502374242853233,0.0004060282889339659,1.0,2.7756515195236446e-06,0.0012462508597376723,0.016692050939632788,3.1835689456374556,-2.2786935543020563,-2.2787102684378624,-2.2808864638209343,1.6682160397370655e-05,2.0742114656968624e-06,0.000939178173818315,0.011903140577487648,5.77492610613505
1517,-3.12077675042329,-3.121302940227367,-3.127379567534835,0.0005261878034582844,1.0,1.763578636739651e-06,0.000810091603650815,0.012483078158564039,3.1010070465229176,-1.9836549693718553,-1.9836691160065432,-2.037093510851264,1.4129870881636938e-05,1.575584188155214e-06,0.0007477020941829929,0.010423029540106654,5.702273319164912
1518,-3.105904738108317,-3.1064473434730813,-3.098057234728778,0.0005426010185921634,1.0,1.5319491282112992e-06,0.0007968367167955472,0.011502337848974599,3.306942180350975,-1.6165544039880233,-1.6165663137411077,-1.6400182889774442,1.1920696124434471e-05,1.4382314693269411e-06,0.0008243803167715669,0.011625152120056251,5.970261971155803
1519,-2.423678680702492,-2.4243837374228017,-2.4200549876248396,0.0007050780372487174,1.0,3.0335975056745895e-06,0.001337930180684284,0.016100511989659734,3.8057259541970714,-2.3226610273122787,-2.3226717561483383,-2.3439260721206665,1.0726507753133774e-05,4.192052737532019e-06,0.0016611076425760984,0.017841933101105194,5.937931418418884
1520,-2.909270198256881,-2.9099794846993907,-2.89575312755726,0.0007092779571259463,1.0,3.2140848260395514e-06,0.0013306361161758778,0.016801907439474708,3.5353906949361167,-2.168060394624869,-2.168072961270809,-2.2138045815130076,1.2572544316450754e-05,2.1965038664954286e-06,0.0009907439938009095,0.012907444033771753,5.929572979609172
1521,-2.992135454107214,-2.992563901124177,-2.984908828028926,0.00042843804867179306,1.0,2.0287456529196653e-06,0.0010120614466291886,0.016409133457475238,3.6921786997053356,-2.2009381875395775,-2.200953555603822,-2.22977173452576,1.5379860997200012e-05,1.7487057656732456e-06,0.0009519696371474614,0.012472410143042604,5.9052855769793196
1522,-3.1216784053378634,-3.1221034791734485,-3.122592502170139,0.00042509122027291194,1.0,1.6077878870890817e-06,0.0009050552034750581,0.015276628132495616,3.2311612323478416,-2.1100197806954384,-2.1100311341385045,-2.142701051197946,1.1362756292025248e-05,1.4858522566404038e-06,0.0008371454702379803,0.01094442328515773,5.7192775408426915
1523,-2.8502563900417752,-2.8505909884417497,-2.86292615643254,0.00033461923400561017,1.0,1.7674184307368165e-06,0.0009073451359721797,0.013724755426799809,2.982974229035554,-2.2610013484954834,-2.261009988685449,-2.285977760950724,8.640034745136896e-06,2.033634264838232e-06,0.001031477013990904,0.012851518772852918,5.825273543596268
1524,-2.9894652278335005,-2.989851192191795,-2.9760116736094155,0.0003859686354796092,1.0,2.1905876413560086e-06,0.0009991395765812034,0.01353033506139009,3.171866187342891,-2.1942553420861564,-2.1942622512578964,-2.222596483925978,6.914837285876274e-06,1.9118672677601958e-06,0.0008985333479358815,0.011919646659710756,5.675017952919006
1525,-2.9953029597247087,-2.995687864444874,-2.9989353197592274,0.00038490292650681957,1.0,1.8260164754085256e-06,0.0008154386671742907,0.011852794913230118,3.0267846054501004,-1.9921386577188969,-1.9921453607579072,-2.041281070560217,6.712585066755612e-06,1.8054307275860992e-06,0.0008338805079498949,0.011259959040520092,5.87294324239095
1526,-3.0025504959954157,-3.0028468591195567,-2.9959321640155934,0.00029635801911354065,1.0,1.966121548893743e-06,0.0008973833065721448,0.01306199903289477,3.2714990598184093,-2.1981495966513953,-2.1981544395287833,-2.22988823056221,4.836590960621834e-06,1.7590804048950304e-06,0.0008671068911401866,0.011630464092983553,5.734718789656957
1527,-3.076164581157543,-3.0764209341119835,-3.087743706173367,0.00025631742620909655,1.0,1.708030544654725e-06,0.0008004018605721218,0.011896554328915145,2.952379994922214,-1.9865712439641354,-1.986575096535186,-2.012695693100492,3.85140689710776e-06,1.6380822624266027e-06,0.0007851180222739155,0.011323760903906077,6.054979006449382
1528,-3.0811628500620523,-3.081420412770024,-3.0844302707248263,0.00025754421949386597,1.0,1.5966758745115065e-06,0.0007766237982583267,0.011682081139749952,3.1162533495161266,-1.9408949464559553,-1.9408984184265137,-1.9719757921993732,3.470884015162786e-06,1.4858554351349085e-06,0.0008201451006849917,0.01157041935948655,5.970673402150473
1529,-2.9386875894334583,-2.939096291859945,-2.9251126360010216,0.0004086898018916448,1.0,1.5926897487116986e-06,0.0008811402712362232,0.012899416619566855,3.2954901589287653,-2.168988361954689,-2.1689917147159576,-2.215192804733912,3.3387914299964905e-06,1.673781866884383e-06,0.0009648634659242816,0.013119171024300158,5.7437116503715515
1530,-3.1047752256746644,-3.1051089057215937,-3.0913847552405462,0.0003336904639447177,1.0,1.685732130412092e-06,0.0009616083741463997,0.01449419302796876,3.1620618325692638,-2.0896747608979545,-2.0896790573994317,-2.1395292902986207,4.307289297382037e-06,1.541665042736895e-06,0.0008365941782055112,0.01148927741451189,5.634702652692795
1531,-2.6047181862371938,-2.604993462562561,-2.5905800925360785,0.00027527301399796097,1.0,2.054579963610363e-06,0.0009724101961452376,0.013022798630926345,3.2254827464068376,-2.1683771262566247,-2.168382614850998,-2.1845978250106177,5.480910961826642e-06,3.3712759848943583e-06,0.0013316246525694926,0.01660136292533328,6.092483301957448
1532,-2.8379617443791143,-2.838416240833424,-2.844730050475509,0.0004544930739535226,1.0,3.387941205801326e-06,0.0013955215733774283,0.017575121208749437,3.687399908348366,-2.3077664474646253,-2.307770644625028,-2.324499174952507,4.212372004985809e-06,2.495216458934616e-06,0.0010453090969046268,0.014823407788450519,5.703136702378591
1533,-3.072448147667779,-3.0728086983716048,-3.0877327389187283,0.00036056036198580706,1.0,2.097526164477501e-06,0.0008910274784149671,0.013344579255553308,3.1671794608787254,-2.0569818957398334,-2.0569856135795512,-2.1021140764156976,3.705965355038643e-06,1.7298475351405311e-06,0.0007514282648723262,0.010294481491049131,5.783993085225424
1534,-2.891560896679207,-2.8921394877963595,-2.9050725830925836,0.000578570490082105,1.0,1.7017932636749552e-06,0.0009176779335744128,0.013768138312217262,3.800721459918552,-2.3019061287244162,-2.301910107334455,-2.3124114175637565,3.98016224304835e-06,1.6167929288712912e-06,0.0012868261352802317,0.0199859954106311,6.464415748914083
1535,-3.0723768693429454,-3.0726398715266474,-3.0682479628810175,0.00026301066908571456,1.0,1.5643472495328212e-06,0.0012436951489049803,0.01801509137644812,3.5351124339633517,-2.3708754430214563,-2.370879665017128,-2.39098451534907,4.236275951067607e-06,1.3282900728957732e-06,0.0010536016440407063,0.01683366500462095,5.930222948392232
1536,0.3792554333254143,0.3778191793847967,0.38953933119773865,0.0014363094750377866,1.0,3.8847105298811116e-05,0.007047494817352681,0.04504990363838496,12.331276778821591,-1.1465783193707466,-1.1466286952296894,-1.1381653224428494,5.035738771160444e-05,9.983598495940289e-05,0.018519532478724916,0.09264983733495076,17.147920290629067
1537,-1.3639785007194236,-1.3654298826500222,-1.3607533684483282,0.0014513786882162094,1.0,0.00011865426818581505,0.020504068307302618,0.12806436640244942,12.53689193725586,-1.4916201680898666,-1.4917138020197551,-1.4862399995326996,9.362345250944297e-05,7.629987461162575e-05,0.016368157075097162,0.10526674489180247,11.081750512123108
1538,-1.6942856709162395,-1.6959029215353507,-1.6976719741468076,0.0016172564829941148,1.0,6.881923454110856e-05,0.013286692642227368,0.10548020071453518,7.98069065588492,-1.784367914001147,-1.7845605909824371,-1.7823022107283275,0.00019267364405095577,3.4374145570836845e-05,0.008506244067878773,0.06591501242170732,8.7963986992836
1539,-2.0407490023860224,-2.043515196552983,-2.0399923147978605,0.002766187130301087,1.0,2.8289225627775994e-05,0.006717581750342139,0.05865384596917364,5.98484558529324,-2.0092313090960183,-2.0098015566666922,-2.0097673883040748,0.0005702481915553411,1.543946999997085e-05,0.004277763519591342,0.04264844084779421,7.493539333343506
1540,-2.3805137563634804,-2.383076968016448,-2.3875233597225614,0.002563206892874506,1.0,1.077113797186434e-05,0.0032971504239227485,0.03562834831299605,4.802294121848212,-2.0136304075519247,-2.014926957587401,-2.048098156849543,0.0012965464654068153,6.449193601080576e-06,0.002097547689724403,0.026072305782387655,6.954871992270152
1541,-2.628982773533574,-2.6345739364624023,-2.619166436018767,0.005591151545997019,1.0,5.072788806299084e-06,0.0018152256013342627,0.02173555104268922,4.345776504940456,-2.0267336579660573,-2.029048199454943,-2.0701238363981247,0.002314533960695068,4.090717766302987e-06,0.0013754836497052263,0.016639690885009866,6.378023982048034
1542,-2.786046716901991,-2.7923652595943875,-2.7805775536431208,0.0063185542132015585,1.0,3.3058296409122974e-06,0.0012769464756948528,0.01632084166286168,3.952882492983783,-2.0360202764471373,-2.0371984243392944,-2.079409796744585,0.0011781448653588693,2.822526482759713e-06,0.0011133344160043634,0.01416903097803394,6.218565742174785
1543,-2.817745972562719,-2.8216092542365745,-2.786417528435036,0.003863284433329547,1.0,2.869416709506401e-06,0.0013201370818057545,0.01792631743268834,4.263857064423738,-2.0312033891677856,-2.0317205047855773,-2.0551688338940344,0.0005171232235928377,2.1234970735880174e-06,0.0010324913309887052,0.01324110412194083,6.269511858622233
1544,-2.9873583581712513,-2.990131519458912,-2.9819817189817077,0.0027731453516968976,1.0,2.006994653432533e-06,0.0010448277462273836,0.014842202542004761,3.657518775374801,-2.0685919237633548,-2.0691676971813044,-2.0836684529980025,0.000575777996952335,1.6482368465631225e-06,0.0009084687311163483,0.01211382836724321,6.168062170346578
1545,-3.014081275021588,-3.0176046159532337,-3.00438035859002,0.003523343691119441,1.0,1.6055901184059891e-06,0.0009649739820613629,0.013330865133967664,3.658684394977711,-1.957044627517462,-1.9575008265674114,-1.9863827625910442,0.000456214960043629,1.6790716301784414e-06,0.001044366149775063,0.014014584672016403,5.7692290643850965
1546,-2.816521485646566,-2.8199020756615534,-2.8196180043397128,0.0033805905668823806,1.0,2.363712614741989e-06,0.0014380262905938758,0.019234164169541112,3.838614304860433,-2.3060165643692017,-2.3062752758463225,-2.3294376035531363,0.0002587332855910063,1.997459240972906e-06,0.0012083310430170968,0.016145113079498213,6.173552592595418
1547,-2.794139912282979,-2.7958033239399946,-2.8122754571614443,0.0016634153133189237,1.0,1.6644534702613278e-06,0.0010037424120431144,0.014056669927581592,3.2886357925556324,-2.0680188710490865,-2.0681593666474023,-2.1058530062437057,0.0001404913297543923,2.760252224713137e-06,0.0014039850696766127,0.016288924457815785,6.085472544034323
1548,-2.68102733735685,-2.6826067059128373,-2.672528068224589,0.0015793393745466514,1.0,4.623305913911382e-06,0.0019321563239726755,0.020737047617634136,4.266349306812993,-2.369857827822367,-2.369927470882734,-2.3976821452379227,6.962691744168599e-05,4.009659600493857e-06,0.001615390656904007,0.017597723558234673,5.979311704635619
1549,-3.0070649782816568,-3.008367564943102,-3.034728624202587,0.0013025989411053834,1.0,2.8520388468677993e-06,0.001236134702426002,0.01676354067469085,3.2175295971058033,-2.0274898003165918,-2.0275658291454115,-2.054746314883232,7.604008230070274e-05,1.784427335375464e-06,0.000832063141084897,0.011393228720407933,6.052608986695608
1550,-3.1114546987745495,-3.113030680903682,-3.113062055022628,0.0015759939948717754,1.0,1.646730850182023e-06,0.0008258279585451992,0.012541864670951057,3.3577088338357433,-2.157992586493492,-2.158075675368309,-2.202686719596386,8.310059395929177e-05,1.502243539637978e-06,0.0008299407588007549,0.012709690044478824,5.672778030236563
1551,-3.0292384094662137,-3.030374359201502,-3.0436638019703053,0.001135960359264303,1.0,1.5744148127110006e-06,0.0008947263208769813,0.013185985662319042,3.225221033449526,-2.262277565896511,-2.2623344187935195,-2.298100377122561,5.6839936102430023e-05,1.7136716887004393e-06,0.0009908252929259713,0.013449164514895529,5.713762174050013
1552,-2.964484099988584,-2.9659352479157626,-2.9877530027318886,0.0014511461335199852,1.0,1.5710076181844837e-06,0.0009356801596435684,0.013688562903553247,3.1504490110609265,-1.4201961966852346,-1.4202516729322572,-1.4718101968367894,5.5469650154312454e-05,1.6448577042638135e-06,0.0009570488497653665,0.012897845221838603,5.659668236970901
1553,-2.233271285339638,-2.2344027669341475,-2.2122211191389294,0.001131472005336373,1.0,3.920176162089909e-06,0.0023399494174453947,0.026455526136689715,5.068955836472688,-2.3097714136044183,-2.3098127990961075,-2.2994462500015893,4.1404428581396736e-05,5.306957992464352e-06,0.0029490943221996226,0.0352697343720744,6.7286949555079145
1554,-2.7838483916388617,-2.78508229608889,-2.7745585441589355,0.001233893895038852,1.0,4.361858575268545e-06,0.002221850674013021,0.025298755719429918,3.62895933787028,-2.4177284538745885,-2.4177791625261307,-2.417293960849444,5.070740977923075e-05,2.6365332625270335e-06,0.0014265625116725762,0.018184594615983467,6.02158151070277
1555,-3.1074642340342202,-3.108342479776453,-3.1039967360319913,0.0008782716123042283,1.0,1.954890076713464e-06,0.0010426778958558484,0.01380781534438332,3.211577945285373,-2.1322098262608047,-2.13226426144441,-2.155417997390032,5.442695692181587e-05,1.4857948021547902e-06,0.0007710023079804765,0.011122843095411858,5.718423535426457
1556,-2.4180307675290993,-2.4192322227689953,-2.4224722672391823,0.0012014775226513545,1.0,1.804512079514906e-06,0.0008910155566236763,0.012265613354328606,3.6844821947592274,-0.6012118967870872,-0.601252960662047,-0.6003062960226089,4.1064806282520294e-05,4.25713816791055e-06,0.0018632388722229127,0.021292472917897005,6.600581586360931
1557,-2.249507709785744,-2.250840019296717,-2.252971503469679,0.0013323019914053104,1.0,1.2452116135574653e-05,0.002954566648609384,0.029388092251287565,4.501383198632134,-2.1901352951924005,-2.190176417430242,-2.188218802213669,4.113271522025267e-05,1.3698681868845597e-05,0.0031589986950469515,0.03292999408828715,6.818957527478537
1558,-2.6470313248810946,-2.6485525678705284,-2.6463006249180547,0.0015212512678570217,1.0,1.0173103705542249e-05,0.0023267401158119792,0.026401117788972677,3.5475911299387612,-2.325462559858958,-2.325497423609098,-2.3341620763142905,3.484434758623441e-05,6.022959306998625e-06,0.001596276512524734,0.019295764698957402,5.871754467487335
1559,-2.975697296637076,-2.976700641490795,-2.9703241807443126,0.0010033552017476824,1.0,4.168527892842475e-06,0.001129020757852467,0.01483332931443497,3.0365159334959806,-2.0062754495690265,-2.0063105604300895,-2.0512167724470296,3.5092001780867577e-05,2.783239712774351e-06,0.0008368850370364574,0.011225192671796927,5.874319533507029
1560,-3.0346404623102257,-3.0358786936159485,-3.050733945987843,0.0012382271665113945,1.0,2.4506360803031754e-06,0.0007736128992056129,0.011466724798083305,3.228573869775843,-1.9774885135702789,-1.9775234881478052,-2.0130849505464234,3.497923413912455e-05,2.066070223349925e-06,0.0007468273615813814,0.01053492195205763,5.816267291704814
1561,-3.0275088990176164,-3.0286377050258495,-3.0265352725982666,0.0011288146315901369,1.0,2.0599048698218042e-06,0.0008530959301559185,0.012615140630967088,3.4447002940707736,-2.2572182615598044,-2.2572485531369844,-2.269193815688292,3.0291810010870297e-05,1.8257350594315842e-06,0.0008755053131608292,0.012626308074686676,5.6544968485832205
1562,-3.141997805348149,-3.1429381370544434,-3.150881113829436,0.0009403179779096886,1.0,1.6706880101251212e-06,0.0008323151161204334,0.012716285987860627,3.1713900212888366,-2.0744859110563993,-2.0745155115922294,-2.11021097501119,2.961085798839728e-05,1.4957000805300897e-06,0.0007584179499341795,0.011115278020345917,5.806677242120108
1563,-2.351706843133326,-2.3527841485208936,-2.35630370731707,0.0010773040768173006,1.0,2.6787343577544326e-06,0.0011477951430370686,0.015849354021527148,3.4531035776491517,-2.1353646318117776,-2.1353898296753564,-2.1302880148092904,2.518606682618459e-05,5.295958809862593e-06,0.0018182292842539027,0.021503157642049093,6.41344294945399
1564,-2.771195473494353,-2.772027095158895,-2.774636074348732,0.0008316184911462995,1.0,5.476433384669859e-06,0.0016609478603910517,0.019693814562978567,3.316436489423116,-2.302428384621938,-2.302451307574908,-2.3224619925022125,2.2932499026258785e-05,4.1545978319845744e-06,0.0013270955581295614,0.016810959787108004,5.773960073788961
1565,-3.001149574915568,-3.0021665891011557,-3.0041458165204085,0.0010170261203138917,1.0,3.166544081102108e-06,0.0010365600033697706,0.014280437767781594,3.1049686008029513,-2.071141758312782,-2.071163003643354,-2.11024838561813,2.1234620362520218e-05,2.206455093300974e-06,0.0007999911152486069,0.01122674571039776,5.690191209316254
1566,-3.1547991699642606,-3.1554954846700034,-3.142496868416115,0.0006962999425552509,1.0,2.045349754519487e-06,0.000699819147552329,0.010519633224854866,3.02503905472932,-1.8293850127762803,-1.8294088029457878,-1.8735358913739522,2.377682055036227e-05,1.7594068992821121e-06,0.0006561098319555944,0.009480302493708829,5.818913201491038
1567,-3.0594653994948775,-3.060482731571904,-3.0652096094908536,0.0010173202802737553,1.0,1.6832996152515989e-06,0.0007565025072027412,0.011957462808048283,3.436525309527362,-2.2358959193030996,-2.2359194109837213,-2.2750548496842384,2.3496880506475765e-05,1.6190950731242992e-06,0.0008545805418786282,0.013087919699804237,5.670522212982178
1568,-3.0188220783516213,-3.0198801711753562,-3.0161425449230053,0.0010580776466263665,1.0,1.5919714710603497e-06,0.0008274315688241688,0.012621342118277593,3.064932973296554,-2.170714419335127,-2.170733874042829,-2.2083050534129143,1.9440660253167152e-05,1.6393255369469746e-06,0.0008831421728245914,0.012198071034314731,5.744561950365703
1569,-3.1248045055954545,-3.125603375611482,-3.1377516675878456,0.0007988671875662274,1.0,1.7051247848737855e-06,0.0008628797928664695,0.012818375567871111,2.998576385003549,-1.7452885295885305,-1.7453049326625962,-1.791251686712106,1.6399969657262165e-05,1.5190140108719181e-06,0.000794212285351629,0.011308280634693801,5.467337876558305
1570,-2.90249209050779,-2.9033436245388455,-2.907202234974614,0.0008515370664773164,1.0,1.7600395402176353e-06,0.0008948041423637834,0.012897565512469521,3.1751942457976163,-2.2027431478103003,-2.2027599463860192,-2.2090152204036713,1.6806026299794514e-05,1.837305366810445e-06,0.0009912685466891464,0.014490424383742114,5.7240107357501975
1571,-2.945050416169343,-2.946075388678798,-2.9568059267821134,0.0010249616785181893,1.0,1.8117614554621806e-06,0.0009576264398034524,0.013509364591704475,3.460927892614294,-2.0852307056387263,-2.0852469305197396,-2.105434791495403,1.6233107695976894e-05,1.8800917587213917e-06,0.0010970627336064354,0.014901556462670365,6.387910683949788
1572,-3.0382123434985124,-3.0389110688809997,-3.0257991861414024,0.0006987201394858184,1.0,1.791015826576633e-06,0.00110850844282174,0.017015207403649885,3.4770412974887424,-2.175932022432486,-2.175953134894371,-2.1908275994161763,2.1111297731598217e-05,1.5849333863116044e-06,0.0009587447299660804,0.013760773930698633,5.8742045164108285
1573,-3.009229545240049,-3.0098463694254556,-3.0058489640553794,0.000616813423456969,1.0,1.6491545398754102e-06,0.0009300452592368755,0.01350029537247287,3.073172754711575,-2.2258200372258825,-2.225840578476588,-2.2411415750781694,2.0536594092845917e-05,1.6127537871094926e-06,0.0009050993054794768,0.013417759056513509,5.716450790564219
1574,-3.0397901976550066,-3.0402576835067183,-3.0481573122519032,0.00046750151172832204,1.0,1.6588754045153986e-06,0.000864170616734083,0.01229741748560358,2.8982471536706993,-2.1459048787752786,-2.1459251244862876,-2.1773391080399356,2.02679851402839e-05,1.6727182791479815e-06,0.000848165356728714,0.012267965221932778,5.640577077865601
1575,-3.127235447918927,-3.1280002329084606,-3.139047861099243,0.0007647928540353422,1.0,1.5753404004162466e-06,0.0008032229875593826,0.011781643713927932,3.0469574486767805,-2.0770900025963788,-2.077110749979814,-2.1268050459523997,2.074001046518485e-05,1.455164370630276e-06,0.000764604912546929,0.011476225918158889,5.787556866804759
1576,-3.0045148266686335,-3.0049864716000028,-3.015365900816741,0.00047164817375165447,1.0,1.5618740260631764e-06,0.0007867157411830569,0.011746047892504267,2.937280946307712,-1.9300530279676118,-1.9300707777341206,-1.9790396603445213,1.773657277226448e-05,1.6224329660493215e-06,0.0008567156158581687,0.011889255178781847,5.9948248863220215
1577,-3.0269941135689065,-3.027391230618512,-3.0224662533512823,0.00039711753251375976,1.0,1.8823931297986376e-06,0.0009060398830721775,0.013278147930072414,2.962589882038258,-2.163831502199173,-2.1638475731015205,-2.1795091281334558,1.605297438800335e-05,1.6794738352624943e-06,0.0008422727502572039,0.01221984118456021,5.864180664221446
1578,-3.1221536265479193,-3.122990131378174,-3.130464377226653,0.0008364839962235203,1.0,1.6083914294574275e-06,0.0008298510198343407,0.013569053883353869,3.24962999202587,-2.0970790702849627,-2.097096617644032,-2.180490588148435,1.753369967142741e-05,1.4350531406156126e-06,0.0007472273112701563,0.010949372216903916,5.6000454127788535
1579,-2.697825211065787,-2.698147102638527,-2.693855215001989,0.00032189260754320357,1.0,1.9778136590873516e-06,0.0009003253847671052,0.012658492489545434,2.9806353604352034,-1.969345880051454,-1.969363157947858,-2.006370117266973,1.7276654640833538e-05,2.769561035620427e-06,0.0012298073900941138,0.015193535053792099,5.732694377501805
1580,-2.89037408652129,-2.8909849060906305,-2.8833227775715016,0.0006108259851181949,1.0,3.005675007780492e-06,0.0011627739058221104,0.01435413849712522,3.201440599229601,-2.1557849049568176,-2.1558009137709937,-2.182809109489123,1.599399062494437e-05,2.5111756182620106e-06,0.001015419091951723,0.01419720018748194,5.658446898063024
1581,-3.1045439508226185,-3.1049991537023476,-3.095713173901593,0.00045519646395135807,1.0,2.179026885776828e-06,0.0008563535520806909,0.012719460883764204,3.059881678333989,-2.023997224867344,-2.0240129623562098,-2.0831801493962607,1.572452796002229e-05,1.7951126854616935e-06,0.0007069796726379233,0.010306555564360073,5.599479178587595
1582,-3.194515095816718,-3.1949891161035606,-3.1955851272300437,0.0004740496752438722,1.0,1.6574360786223594e-06,0.0006655947999442342,0.010454152727982512,2.9656267784259938,-1.965368070950111,-1.965383693575859,-1.9974971432238817,1.5632715076208115e-05,1.4891973544687669e-06,0.0006705252162646502,0.009737863088957965,5.748249312241873
1583,-2.933460178198638,-2.9339539342456393,-2.9177812382026955,0.0004937626697398998,1.0,1.5045667606938406e-06,0.0007292755051619477,0.01153001849781032,3.1731897636696145,-1.23553713131696,-1.2355525152136881,-1.2687435699626803,1.5386845916509628e-05,1.6957357805343538e-06,0.0009043816947572244,0.012377974984701723,5.441058099269866
1584,-2.767967462539673,-2.7687450029231884,-2.7414993754139654,0.0007775758427602273,1.0,2.649203435322744e-06,0.0012389904435689528,0.01562507605801026,3.6124120465031377,-2.3599239538113275,-2.359935407837232,-2.373849868774414,1.1450999105970064e-05,2.7210387164207836e-06,0.0012279350485187024,0.015717133608025808,5.76844213406245
1585,-2.9308978694456593,-2.9316816418259233,-2.9171610430434898,0.0007837851428323322,1.0,2.262095201196509e-06,0.0011597586433506673,0.016665407490951044,3.9732715818617077,-2.2595921382308006,-2.2596034506956735,-2.287727835277716,1.1313629026214281e-05,1.7806669442658556e-06,0.0009800841459461178,0.014941140660084784,5.872233907381694
1586,-3.0874476962619357,-3.0879502208144576,-3.1034980791586415,0.0005025516643568322,1.0,1.7091021146808526e-06,0.0010330951470812714,0.014867966684202353,3.446961005528768,-2.1643508921066923,-2.1643623982866607,-2.207542051871618,1.151029330988725e-05,1.4568968396133641e-06,0.0009147451589039216,0.014127002757353088,5.858271936575572
1587,-2.7985913532751576,-2.7989401110896357,-2.8313013624261925,0.0003487619536894339,1.0,1.7332492916466435e-06,0.0009843770811265265,0.013501870618374259,2.9734914391129106,-2.275232970714569,-2.275242894887924,-2.299367571870486,9.919206301371256e-06,2.1229158164715045e-06,0.0011469013358388718,0.015385996472711364,5.811103711525599
1588,-3.0181958498778165,-3.0187184810638428,-2.991413257740162,0.0005226578149530622,1.0,2.1127368528242287e-06,0.001036133517994097,0.013803914637753257,3.269265095392863,-2.1828569471836095,-2.1828671346108117,-2.2311537538965545,1.0178269197543463e-05,1.8273068794390686e-06,0.0009104657195469675,0.012652997820017239,5.621140559514364
1589,-2.9868182668255434,-2.987346261739731,-2.9828688507830656,0.0005279858079221514,1.0,1.7344899013685925e-06,0.000857861736289191,0.012727861258166807,3.46538245677948,-2.094871041675409,-2.094881698489189,-2.116011100510756,1.0658133154114088e-05,1.6481307767435283e-06,0.001013464340455054,0.015708659348698955,5.919589877128601
1590,-3.0262400662457503,-3.0267781151665583,-3.028974594893279,0.0005380727902606681,1.0,1.7869894008981646e-06,0.0010800155427272398,0.015963393435985955,3.3023426267835827,-2.3599475969870882,-2.359959860642751,-2.39730304479599,1.2277935942014059e-05,1.589188689384476e-06,0.0009964368315801646,0.01510254266516616,5.606772909561793
1591,-3.016643970100968,-3.017193882553666,-3.016928849396882,0.0005499208001074967,1.0,1.484484557665753e-06,0.0009298989661382857,0.014271964267310169,3.2749337002083108,0.5511196253937669,0.5511070564195203,0.4900701425115888,1.256680116057396e-05,1.4160550279029849e-06,0.0008694201436204215,0.012807388382498175,5.536833057800929
1592,-2.437502110445941,-2.4379518032073975,-2.4434379692430848,0.00044969131273251995,1.0,2.6602928157983655e-06,0.0014013324635689733,0.01771024121316495,3.6663017537858753,-2.2173367142677303,-2.2173480788866677,-2.230282187461853,1.1394654090205828e-05,3.662907412641895e-06,0.0018401071235227089,0.02413606569947054,6.357114056746165
1593,-2.9387210033558033,-2.939170175128513,-2.929979924802427,0.0004491650809844335,1.0,3.087629836415915e-06,0.0013920948215484343,0.019596423384630017,3.195590266474971,-2.3226005683342614,-2.3226125836372375,-2.3538522819677987,1.2011577685674032e-05,2.2368155327967543e-06,0.0010883292052312754,0.01684188035627206,5.574149837096532
1594,-3.1300886118853533,-3.130539814631144,-3.1337353918287487,0.000451166734651283,1.0,1.8844508868251406e-06,0.0008281526000549396,0.0129604274234562,3.074885447820028,-2.145640813939584,-2.14565454396264,-2.231548917790254,1.3725832104682922e-05,1.6897432525790161e-06,0.0007773593800569264,0.012652800205008438,5.422901153564453
1595,-3.154820583484791,-3.155314807538633,-3.1455763975779214,0.0004942259854740567,1.0,1.5776380408809658e-06,0.0007770072185882816,0.013548317744776054,3.3003776250062167,-2.093047145754099,-2.0930626429617405,-2.118977027324339,1.5505744765202206e-05,1.402630980843848e-06,0.0007579196729542067,0.012926272271821896,5.781418045361837
1596,-2.768359135698389,-2.7687907263084695,-2.7519486171227916,0.00043159702585803135,1.0,1.5759663896191072e-06,0.0008995767005857218,0.013254343687246243,3.294935138137252,-2.1643712545434632,-2.164382348457972,-2.1925523430109024,1.10830490787824e-05,1.9722714531174765e-06,0.0011532073500954236,0.015171337368277213,5.87902933359146
1597,-3.073738698606138,-3.0740361920109502,-3.079989857143826,0.0002975036148671751,1.0,2.182722255383851e-06,0.0010792229117618667,0.014703568209100652,2.858100334803263,-2.2379532443980374,-2.2379637906948724,-2.288010746240616,1.0555532450477282e-05,1.754906373700275e-06,0.0008843429507881714,0.012689550019179782,5.5865481197834015
1598,-3.157010617079558,-3.1574147365711354,-3.1533307101991443,0.0004041201814457222,1.0,1.62374667272363e-06,0.0007880740212621513,0.011620054400905414,3.064791794176455,-1.9416655076978107,-1.941675203697135,-1.982787838826577,9.695611273248991e-06,1.414603810682517e-06,0.0007118874612691192,0.010832945078921815,5.91664304335912
1599,-2.9575474438843905,-2.958020157284207,-2.9531026592961065,0.00047271684915931137,1.0,1.5594710273742546e-06,0.0007789133836653222,0.011260385383610372,3.067455940776401,-2.2325312197208405,-2.2325404956936836,-2.269791394472122,9.29002029200395e-06,1.645737327748975e-06,0.0008800503759024044,0.012632319723100712,5.509918500979742
1600,-2.8513690453988536,-2.85163148244222,-2.838980524628251,0.000262425246613997,1.0,2.3465640121382116e-06,0.001012684637249482,0.013945208034581609,2.953770319620768,-2.2383160019914308,-2.238324075937271,-2.266134669383367,8.086906746029854e-06,2.4545210427125617e-06,0.001027270433648179,0.013567568346237143,5.675066322088242
1601,-3.0976891341032804,-3.0983345861788147,-3.108087416048403,0.0006454642862081528,1.0,2.153930465822298e-06,0.0008882894892142051,0.012748215606229173,3.0862216772856534,-2.131755879769723,-2.1317635911206403,-2.1625272476424775,7.706616694728533e-06,1.6318101311677917e-06,0.0007294677925528958,0.010868016436385611,5.503552297751109
1602,-3.2341255611843533,-3.234457581131547,-3.2266249833283602,0.0003320318819196136,1.0,1.5579002752861857e-06,0.0006596406887250918,0.010531572952728581,2.9023786474157265,-1.6426035513480504,-1.64261242809395,-1.7179397568106651,8.875892187158266e-06,1.4256997502570812e-06,0.0006531894347669246,0.009861071031385412,5.605937401453653
1603,-2.9549657062247947,-2.955392872845685,-2.963944682368526,0.0004271426134639316,1.0,1.6827239935284726e-06,0.0007974603040902703,0.012020986854892087,3.001316529733163,-2.300916075706482,-2.300923059384028,-2.3119061638911567,6.9784776618083315e-06,1.7630201701498056e-06,0.0008838318268923709,0.012646961336334547,5.509762406349182
1604,-3.029320142887257,-3.0297556629887334,-3.0244115193684897,0.0004355216881743184,1.0,1.805686435074205e-06,0.0008445340273384419,0.012557383212778304,3.1098729769388833,-2.0782138456900916,-2.078221251567205,-2.12066817159454,7.3875611027081805e-06,1.6498315792053593e-06,0.0007903864995266,0.011288793059065938,5.9005444049835205
1605,-3.0041345666956016,-3.004492415322198,-3.002057252106843,0.00035784158993650364,1.0,1.7147194065964194e-06,0.0009614680678135266,0.014269180716601786,3.4517396026187472,-2.3099760661522546,-2.3099836657444635,-2.348232261836529,7.617209727565448e-06,1.6635927930034693e-06,0.0009662737332594892,0.01632580642277996,5.561908334493636
1606,-3.1954802672068277,-3.195744417331837,-3.1941665366843894,0.0002641394320461485,1.0,1.5629907171320088e-06,0.0008081498974071885,0.012431646438522471,2.892644202267682,-1.8454433195681,-1.8454512882744893,-1.917625941336155,7.967930287122726e-06,1.3813562939427964e-06,0.0007233606132407052,0.011813222915710261,5.509478390216827
1607,-3.094620183662132,-3.094856350510209,-3.0907331660941795,0.00023617823090818193,1.0,1.5238507347492959e-06,0.0007481429083445282,0.01178127187476666,2.8142454270963317,-2.1320750011752048,-2.1320820363859334,-2.159365228532503,7.036374881863594e-06,1.4672507309872647e-06,0.0007405349800440794,0.01087165055408453,5.609407683213552
1608,-3.000375367977001,-3.000719944636027,-2.9849596906591347,0.0003445839716328515,1.0,1.5043608990944684e-06,0.0007645298675116566,0.011452504985586361,3.125431705404211,-1.34367235043707,-1.3436797754062961,-1.3718773871660233,7.4392495055993395e-06,1.6246828948851544e-06,0.0008807416622100087,0.013394336235554269,5.657177170117696
1609,-2.962007036915532,-2.9622923886334456,-2.964127196205987,0.0002853281244083687,1.0,1.9236275563714486e-06,0.0009341069100493634,0.013609805454810461,2.911352625599614,-2.2440074570477013,-2.2440137838323913,-2.2748468155041337,6.311961139241855e-06,1.9838172136132926e-06,0.0009155084674906296,0.012509874999523163,5.6148700316747036
1610,-3.2258370010941118,-3.2261638464751066,-3.213617280677513,0.0003268466917452989,1.0,1.7156482364818523e-06,0.0007398770044178322,0.01110055532168459,2.855422196564851,-1.9563263797511656,-1.9563339110463858,-2.0131006687879562,7.5106509029865265e-06,1.4464579199587508e-06,0.0006356706653605215,0.009490339473510781,5.46711861093839
1611,-2.821265366342333,-2.821602048697295,-2.818137734024613,0.00033668138914638094,1.0,1.719909610747655e-06,0.0007167201277937878,0.010921033513214853,2.9502196841769748,-2.183858595788479,-2.183865169684092,-2.2120407074689865,6.593919048706691e-06,2.4302531187458953e-06,0.0010573087298932176,0.013301837937130282,5.5724932452042895
1612,-3.0700165695614285,-3.0702335392987288,-3.0659584292659052,0.0002169490412429527,1.0,2.584233428664178e-06,0.001002106938459393,0.012728048695458306,3.023001847443757,-2.2453832179307938,-2.2453893000880876,-2.2890245467424393,6.105207527677218e-06,2.0203367322816725e-06,0.0008232792485311317,0.012020092399325222,5.429258813460668
1613,-3.2235810580076993,-3.223874560108891,-3.2254762914445667,0.0002935091378512206,1.0,1.7018845878906345e-06,0.0006879918294510355,0.010739502738471384,2.904946459664239,-1.799288069208463,-1.7992953521509965,-1.8514479224880536,7.266799608866374e-06,1.4512692511440644e-06,0.0006221887306310236,0.009779796314736208,5.665662844975789
1614,-2.781225575341119,-2.781641606931333,-2.7775069342719183,0.0004160292446613312,1.0,1.86471188751764e-06,0.0007809558193440791,0.011662570242252614,3.026031251306887,-2.184406528870265,-2.1844123701254525,-2.2168724363048873,5.829691266020139e-06,2.5073012560975863e-06,0.0010457321113790385,0.014792910388981303,5.803004304567972
1615,-3.0052301353878446,-3.0056420343893544,-3.0015005270640054,0.0004119085216963733,1.0,2.36071292436935e-06,0.001105322179177569,0.01660033894909753,3.490200996398926,-2.2691927825411162,-2.269199858109156,-2.308843328307072,7.0839499433835345e-06,1.8325518785407742e-06,0.0008712456256034784,0.012668967926098654,5.5462346971034995
1616,-3.183589299519857,-3.1839134339933044,-3.2043731389222323,0.00032415585937323394,1.0,1.6870426028011327e-06,0.000757763940513272,0.011338242036462933,2.9415034320619373,-2.161026112735272,-2.1610351031025252,-2.1998701815803847,8.992695560057959e-06,1.4659514467515085e-06,0.0007078940640591705,0.010976919438689947,5.378110021352768
1617,-2.2160658869478436,-2.2163899507787495,-2.22070664829678,0.0003240695568146529,1.0,1.946281734624925e-06,0.0008081026953058663,0.011367497413798614,3.117328158131352,-1.058216406032443,-1.0582237417499225,-1.0519791767001152,7.3375025143225985e-06,5.413107487584057e-06,0.0017638892798762147,0.019196679427598912,6.970230042934418
1618,-2.336309561023006,-2.336783528327942,-2.345384959821348,0.0004739599233424222,1.0,1.4312773095702545e-05,0.0028006234033792106,0.027137341495189402,4.447003797248557,-2.169720565279325,-2.169731671611468,-2.1689870158831277,1.1098959172765413e-05,1.2808574145613724e-05,0.0025256973749492317,0.02576161785206447,6.447627325852713
1619,-2.6962769384737366,-2.6969740567383944,-2.6922769281599255,0.0006970869446242297,1.0,1.0014450051837937e-05,0.0018453933212354227,0.019871867641254707,3.342377777452822,-2.169900258382162,-2.1699098298947015,-2.1839624469478927,9.561190381646156e-06,5.739312143759889e-06,0.0011556089787821595,0.013799697975628078,5.972890595595041
1620,-3.006594083927296,-3.007023652394613,-2.9987348362251565,0.00042955522184018736,1.0,4.203671088126376e-06,0.0009111823768492926,0.01192977432920425,2.960837143438834,-1.8763228810081878,-1.8763311964770157,-1.9638604124387105,8.334483330448469e-06,2.7943277321658875e-06,0.0006824825516863106,0.009138539511089524,5.509052137533824
1621,-3.1601896904132984,-3.1604946277759693,-3.160657282228823,0.0003049263247737178,1.0,2.5462275230152215e-06,0.0006236510461248043,0.008882431796303502,2.759703371259901,-1.7883793649574122,-1.7883872799575329,-1.8670339211821556,7.921441768606504e-06,1.9868690325589946e-06,0.0005796818246987338,0.008424879400990903,5.372608443101247
1622,-3.221105451937075,-3.2214069719667786,-3.2295549092469393,0.00030152658345522704,1.0,1.858626407940594e-06,0.0005661611751377306,0.008871373427272946,2.763288224184955,-1.7334291959802308,-1.7334368601441383,-1.7995652829607327,7.655161122481028e-06,1.6474876408286339e-06,0.0005625744185332829,0.008434653941852352,5.553286423285803
1623,-3.229897463763202,-3.230157013292666,-3.2280784006471985,0.0002595644996122078,1.0,1.5766588856220349e-06,0.0005771127223313131,0.009198399208900001,2.7723780473073325,-1.831710171652958,-1.8317178047727793,-1.8927586656063795,7.62396181623141e-06,1.4525511791892616e-06,0.0005947589525021613,0.008806186961010098,5.584960341453551
1624,-2.9631586560496577,-2.9634904905601784,-2.954607941486217,0.00033184058136410185,1.0,1.5200383140162793e-06,0.0006877888830516625,0.011008151306736248,3.075510104497274,-0.4287320588288519,-0.42873858134650317,-0.4776240175221271,6.519646073381106e-06,1.7210765292929864e-06,0.0008460047295860326,0.011942201701458544,5.575904647509256
1625,-2.5880149205525718,-2.588287830352783,-2.5816163707662514,0.0002729080065532967,1.0,3.333595646768959e-06,0.001190530241863733,0.015212993310005576,3.2547769634811967,-2.256366362174352,-2.2563722729682922,-2.264175926645597,5.90435229241848e-06,4.294875869466826e-06,0.0013132596601887296,0.01623843451185773,5.7626814643541975
1626,-3.044122722413805,-3.0444621598279036,-3.0432344807518854,0.0003394501766672841,1.0,3.3229885216483296e-06,0.0010101916440935046,0.013918649922642443,2.79726450531571,-2.0113809797912836,-2.011388235104581,-2.0813319285710654,7.245922461152077e-06,2.245423852779519e-06,0.0007227278159310421,0.010497157947005084,5.561163783073425
1627,-2.7950166861216226,-2.795253603546708,-2.7838394376966686,0.00023690480049009676,1.0,2.4033418463255252e-06,0.000980162372191747,0.01352887536847481,3.825182976546111,-2.2797668228546777,-2.279782767097155,-2.277274246017138,1.5932290504376095e-05,2.2351525785779813e-06,0.0011175143711928588,0.017643936754514773,6.004659414291382
1628,-3.1220242888839156,-3.1223953476658575,-3.14181590963293,0.0003710413282668149,1.0,1.867146331143751e-06,0.000917452077070872,0.014414028333569015,3.1337042296374285,-2.1213348483045897,-2.121352955698967,-2.1738293121258416,1.8115776280562084e-05,1.5983479168350339e-06,0.0007973747851792723,0.013297316385433078,5.789936979611714
1629,-3.255162795384725,-3.255388780876442,-3.255754311879476,0.00022600701561680548,1.0,1.4644526379049272e-06,0.0006979956653796964,0.010989123024046421,2.7840792956175626,-1.9077084831272562,-1.907725909569611,-1.988157719373703,1.7430400475859642e-05,1.396245309592814e-06,0.0006741322237454975,0.01075833517825231,5.408417105674744
1630,-2.748417165544298,-2.748629759859156,-2.748198319364477,0.00021259735027949014,1.0,1.7726272837400622e-06,0.0008024238761410945,0.011497054680216091,2.925528049468994,-2.0277745301524797,-2.027784655491511,-2.0524760087331138,1.0125339031219482e-05,2.2985759452846346e-06,0.00101131418099006,0.013918990230498215,5.841612915198008
1631,-3.017749645091869,-3.017999022095292,-2.992266955199065,0.00024938459197680157,1.0,2.373662886788629e-06,0.0009898388547029484,0.013424926713384964,3.0611120418266013,-2.2200964788595834,-2.2201054145892463,-2.2549564292033515,8.933401356140772e-06,2.0307517019091392e-06,0.0008488869910555271,0.012253621825948358,5.611737688382466
1632,-3.188722327903465,-3.1889203036272966,-3.216421789593167,0.0001979764137003157,1.0,1.7908376540381816e-06,0.0006896080190522803,0.010922554587186486,2.5969958393662065,-1.8892041191769142,-1.88921353717645,-1.9347760304808617,9.40860869983832e-06,1.6182958546551163e-06,0.0006322055196505971,0.00987116782926023,5.68936221798261
1633,-2.9591994219356113,-2.959592514567905,-2.9445262772065623,0.0003931039461383113,1.0,1.7134377854004182e-06,0.0008578628142088375,0.01416239083779079,3.539039585325453,-2.2470754459500313,-2.2470872327685356,-2.268865625063578,1.1806686719258627e-05,1.7398864429196692e-06,0.0008431613823631778,0.012535278180924555,5.695173641045889
1634,-3.167409208085802,-3.167657013292666,-3.1771180982942933,0.0002477973423622273,1.0,1.6398043195901362e-06,0.0007725266170584493,0.011105239080886046,2.8830259111192493,-2.1512091867625713,-2.1512222861250243,-2.1874562855809927,1.3107589135567347e-05,1.4903434504276447e-06,0.0007071089324502585,0.011536240829930952,5.321698407332102
1635,-3.0903687653718173,-3.0907082204465515,-3.0910968250698514,0.0003394481760484201,1.0,1.5482748739048947e-06,0.0007624791620333714,0.01141964992577279,2.9545498335802995,-1.3931974942485492,-1.3932126946747303,-1.4262768117090066,1.520997223754724e-05,1.5236536322997078e-06,0.0007695287592165793,0.012116562245258441,5.503107577562331
1636,-2.8707240599173085,-2.8709758475974754,-2.887131037535491,0.0002518172065416972,1.0,1.8320768007200698e-06,0.0008621677902906582,0.012749405439805102,2.800136177628129,-2.2132040734092393,-2.213217901686827,-2.2413613398869834,1.3840384781360626e-05,2.133131782026491e-06,0.0009676241194635319,0.014127283007837832,5.614510655403136
1637,-3.141150262620714,-3.1413126256730823,-3.144296080977828,0.00016236767448760844,1.0,1.871601465676644e-06,0.000794206323378064,0.012109093816468009,2.7059621810913086,-1.9292408755669992,-1.9292530661138396,-1.993202310676376,1.220040333767732e-05,1.647557212436368e-06,0.000692457462719176,0.011078446579631418,5.697395026683807
1638,-3.231364055916115,-3.23157000541687,-3.217546083309032,0.00020594832797845206,1.0,1.5784402109973059e-06,0.0006409331539611298,0.01047935458417568,2.826526677166974,-2.0263289169718823,-2.0263408347964287,-2.0836531208672873,1.1926284059882164e-05,1.4691165735788065e-06,0.0006324390415102243,0.01001011609332636,5.331257919470469
1639,-3.065247076529044,-3.06544945858143,-3.0945371433540627,0.0002023939871125751,1.0,1.4503989868225525e-06,0.000657497519299526,0.010523913997328944,2.89945505283497,0.4060310797067359,0.4060215919356172,0.36927769775502384,9.486917406320572e-06,1.484751389095133e-06,0.0007522609739680775,0.01202822121558711,5.6808709899584455
1640,-2.8490000433391995,-2.849282838680126,-2.837070087591807,0.0002828018256911525,1.0,2.1988470364333437e-06,0.0009816296795314109,0.014001831067381081,3.0720071527693005,-2.180278991659482,-2.1802862038215003,-2.1939500446120896,7.220931972066562e-06,2.0965685791907163e-06,0.0009400611112747962,0.014219348900951445,5.858929355939229
1641,-3.1378319881580494,-3.138171090020074,-3.1322543885972767,0.00033912855993818356,1.0,1.793290729673808e-06,0.0008557126210588547,0.013367934342197798,3.1250307295057507,-2.1558693374196687,-2.1558760156234107,-2.1865698074301085,6.693415343761444e-06,1.513862737094011e-06,0.0007194824138423428,0.011493114987388253,5.496089269717534
1642,-3.0481195405677513,-3.048325370859217,-3.058422671424018,0.00020584250213923278,1.0,1.4834233247206107e-06,0.0006681727655059485,0.010036683693114255,2.8840574423472085,-2.071706381936868,-2.0717123237748942,-2.0959056404729686,5.9265488137801485e-06,1.5828727271127718e-06,0.0007666128124886503,0.011549574866270026,5.576829622189203
1643,-2.973309889987663,-2.9736617384133517,-2.9680644560743263,0.0003518585667566017,1.0,1.7703983564421866e-06,0.0010060740449396824,0.015211030978847432,3.6197635156136974,-2.3098255197207136,-2.3098334074020386,-2.3376164784034095,7.90079745153586e-06,1.6199522055633981e-06,0.0010411535404273309,0.0146584736648947,6.0604013204574585
1644,-3.189645255053485,-3.1897981343445956,-3.20411636211254,0.00015286314818594191,1.0,1.4787133632462765e-06,0.0008530279436079716,0.01312100676888669,2.8582911314787687,-0.2602121677870552,-0.26022199758638936,-0.3048045914620161,9.825841213266054e-06,1.3131413917714478e-06,0.0007147423990924532,0.010747700890836617,5.51306806008021
1645,-1.3881767127248976,-1.3887284265624151,-1.381920795749735,0.0005517165969919275,1.0,9.19177337318952e-06,0.002548067817567951,0.02300429185507474,5.735523488786486,-2.0702745119730634,-2.0702861547470093,-2.0616886814435325,1.1639979978402456e-05,1.5186819913045232e-05,0.0038311598376215747,0.03724524433103701,7.131117343902588
1646,-2.484869435981468,-2.4852838427932173,-2.481990098953247,0.0004144099161580757,1.0,1.3194875127400909e-05,0.0030672776478308217,0.031489287261609676,3.855649956950435,-2.332480321327845,-2.3324956744909286,-2.3274644911289215,1.5385060881574947e-05,6.804792462844489e-06,0.0020742218524295217,0.0240591800538823,5.857933243115744
1647,-2.823688198018957,-2.824282178172359,-2.819449619010643,0.0005939700813205154,1.0,4.9797635997324336e-06,0.0014826850750035158,0.017708827844924398,3.1982363683206065,-2.257230793436368,-2.2572441597779593,-2.2632271200418472,1.3361452147364616e-05,3.1931927158742233e-06,0.0010257057147100568,0.013175707640281567,5.5628783504168196
1648,-3.0587046676211886,-3.059139030951041,-3.0567224908758095,0.00043435988050919994,1.0,2.7175816049512597e-06,0.0008439615614608758,0.0115718231536448,2.9455946109913014,-1.9568979137887559,-1.9569079261273146,-1.9838854760552447,9.989055494467417e-06,2.0877723017065364e-06,0.000677017718165492,0.009029374554908523,5.6085473497708636
1649,-3.0565338134765625,-3.056929455863105,-3.0631299990194814,0.0003956590813619119,1.0,2.0302787830856957e-06,0.0007519831609291335,0.01091365185048845,3.207464959886339,-2.025787024448315,-2.0257964059710503,-2.055703744292259,9.373218442002932e-06,1.7209933247386289e-06,0.0006953262224366578,0.009863567577364543,5.591309845447541
1650,-3.1856927695097745,-3.186002846117373,-3.193723696249503,0.0003100857138633728,1.0,1.6590957885556336e-06,0.0006915397114223904,0.010154294453699279,2.9527550361774586,-2.0590880215168,-2.0590977097551026,-2.106917282566428,9.674889345963797e-06,1.491056778490929e-06,0.0006567963525109614,0.009446531534194946,5.462967534859976
1651,-3.216518013565629,-3.2168076126663774,-3.2055501496350325,0.00028958302681092864,1.0,1.4508930656086672e-06,0.0006672305473195458,0.010680409458776316,2.9759402010175915,-2.0811449289321904,-2.0811517958839736,-2.12391474408408,6.8678054958581924e-06,1.3741063942992089e-06,0.0006802169227739796,0.009906176768708974,5.450745513041814
1652,-2.8280080689324274,-2.8283051208213523,-2.8401932495611684,0.00029704147190959365,1.0,1.6411718669823366e-06,0.0007872561454186561,0.01119262600938479,2.959465168140553,-2.165494916339715,-2.1655022290845714,-2.217212793727716,7.2946616758902865e-06,2.1226351805125887e-06,0.001022589220762408,0.013655783918996653,5.711335817972818
1653,-3.1150915534408004,-3.1153844550803855,-3.106267284463953,0.0002929189552863439,1.0,1.965522764530087e-06,0.0009249715841616746,0.013411538364986578,2.9471646591469094,-2.1463164445012803,-2.146322142953674,-2.197087883638839,5.671676869193713e-06,1.670582671901381e-06,0.0007689299624568472,0.011610038811340928,5.553881843884787
1654,-3.2610048099800393,-3.2612793887103044,-3.2494837884549743,0.0002745715556321321,1.0,1.522839978760102e-06,0.0006529514082810945,0.009623619124155354,2.8218560218811035,-1.9482455421239138,-1.9482509729762871,-1.980228281269471,5.4209182659784956e-06,1.3796486229011862e-06,0.0006103769458907967,0.009814470055668304,5.421625852584839
1655,-2.3851279285218983,-2.385494150497295,-2.3770637070691145,0.0003662321164652153,1.0,1.671374644939971e-06,0.0007720618396652517,0.01112742899675612,3.3332326412200928,-1.9193816979726157,-1.9193888157606125,-1.933133063217004,7.099239155650139e-06,3.6963025612143006e-06,0.0015194227162282914,0.017994090061013896,6.401720404624939
1656,-2.586120437692713,-2.586443653813115,-2.57778478551794,0.000323220259613461,1.0,7.298947854939831e-06,0.0020509302676482884,0.021712992719754024,3.8627952381416604,-2.3526126593351364,-2.3526199211676917,-2.349014386534691,7.257331162691116e-06,6.7300547357262985e-06,0.0018561093165772036,0.023160983226262033,5.914162337779999
1657,-2.973939206865099,-2.9741434432842113,-2.9675711084295204,0.00020423338369086937,1.0,4.471861369960674e-06,0.001269098858486999,0.01588696888130572,2.810904697135643,-2.1806717589497566,-2.180678794781367,-2.208964478224516,7.018912583589554e-06,2.7768856038316394e-06,0.0008507439221527117,0.011846292628130565,5.476537843545278
1658,-3.1324498741715043,-3.1327136357625327,-3.1306998994615345,0.00026377000742488436,1.0,2.244633530305388e-06,0.0007028642360603919,0.009882337551701951,2.9157487904583967,-1.8436999445160231,-1.843707699328661,-1.9319389114777248,7.746974006295204e-06,1.9094053413937218e-06,0.000644914087994645,0.010010794115563234,5.548814405997594
1659,-3.20104123044897,-3.2012304729885526,-3.204684946272108,0.0001892593033887722,1.0,1.717728848773361e-06,0.0006179242864837525,0.009627856590129711,2.8694286081526013,-2.091815959584589,-2.091823937914645,-2.1218017196903625,8.012711380918821e-06,1.6046804868589486e-06,0.00064343101742755,0.009970074849358449,5.369618594646454
1660,-3.224721078519468,-3.224977978953609,-3.2261338057341398,0.0002569062290368257,1.0,1.5180062628469723e-06,0.000654053445301812,0.009994866774865874,2.9330457581414118,-2.1305422001945162,-2.130549503005265,-2.1752515751868486,7.291634877522786e-06,1.4043549280510585e-06,0.0006637105810417173,0.010220412320146957,5.309575130542119
1661,-3.1682708704913103,-3.1685520631295665,-3.1840389746206776,0.00028120519386397465,1.0,1.337673977643674e-06,0.000637966167198977,0.009771885315853136,2.7299380125822843,-1.211809513469537,-1.2118168336649735,-1.265674342090885,7.318876062830289e-06,1.324685645916664e-06,0.0006544040127967795,0.01021291499879832,5.307506263256073
1662,-2.33689104296543,-2.3372328590463707,-2.3290457979396537,0.0003418151841119484,1.0,3.2207472284224223e-06,0.001191047996851719,0.013811751579244932,3.301338628486351,-2.226831004023552,-2.2268358121315637,-2.2167956878741584,4.828597108523051e-06,5.341199634282627e-06,0.001639317725979102,0.019384993938729167,5.9080224235852565
1663,-2.8337438018233687,-2.8342009120517306,-2.822957480395282,0.00045712299093052196,1.0,4.661977797055712e-06,0.0015568113325301696,0.019534149241668207,3.4823257746519864,-2.3209297508001328,-2.3209342459837594,-2.3421094243725142,4.499296968181928e-06,2.9862755657935245e-06,0.0010046379538835026,0.014180128462612629,5.473922163248062
1664,-3.1143239869011774,-3.1146184691676386,-3.1170271502600775,0.0002945061359140608,1.0,2.3526000337302256e-06,0.0008244149697323641,0.013124217330995534,3.0051573117574057,-1.9589072577655313,-1.958910958841443,-2.035108591119448,3.6916850755612054e-06,1.9481490672509003e-06,0.0006635359386564232,0.009899193071760237,5.464035352071126
1665,-3.243822106608638,-3.244010748686614,-3.262237133803191,0.00018865221904383766,1.0,1.7047643891769607e-06,0.0006037890335493204,0.010319574822292284,2.692704580448292,-1.6452845335006716,-1.6452883444726467,-1.7231719096501668,3.825640305876732e-06,1.5233019325933128e-06,0.0005697287415387109,0.008555082759509483,5.761921723683676
1666,-3.1109028304064714,-3.1110582616594105,-3.114747303503531,0.00015541717961982445,1.0,1.6124284238011804e-06,0.000631834268225012,0.009984215755981428,2.81476217729074,-2.1373084010798875,-2.1373120937738954,-2.1940544471144676,3.686950852473577e-06,1.6294638764217477e-06,0.000724870466607778,0.010053251908781627,5.335415283838907
1667,-3.215896836033574,-3.2160682060100414,-3.197605106565687,0.00017138004854873375,1.0,1.5732514510899718e-06,0.0006786928171533402,0.009893528116797959,2.801726981445595,-2.059459645844375,-2.0594634093188993,-2.1312553534905114,3.74671071767807e-06,1.4248152950813164e-06,0.0006340137600394277,0.0094368866023918,5.350497394800186
1668,-3.091459618674384,-3.0916624952245644,-3.0932150505207203,0.00020288131027309983,1.0,1.433396787602019e-06,0.0006575430527812352,0.010391270914287478,2.8481020044397423,-2.0162231934567294,-2.0162263326346874,-2.0707149744654694,3.1269931544860205e-06,1.4636988794336503e-06,0.0006915058426481361,0.010276002654184898,5.504980544249217
1669,-3.1955911583370633,-3.1957028883474843,-3.193338146916142,0.00011173773694921422,1.0,1.6120779525442263e-06,0.0006991004446279947,0.01048501755145413,2.6367512897208885,-2.0333660133183002,-2.0333692704637847,-2.0796149292339883,3.2606379439433417e-06,1.4572987083738553e-06,0.0006443215873635685,0.00925920915324241,5.448681741952896
1670,-3.113936499313072,-3.1141095293892755,-3.1165165415516607,0.0001730099320411682,1.0,1.426050200987245e-06,0.0005916125050538944,0.00927027982349197,2.656072316346345,-1.8353374544531107,-1.8353405762463808,-1.8787064117689927,3.1128680954376855e-06,1.4783227679041981e-06,0.000646359083475545,0.008923487873592725,5.366702338059743
1671,-3.1037501670696117,-3.1039100223117404,-3.1046181608129433,0.00015985931235331077,1.0,1.6901006734702538e-06,0.0007168181365597304,0.010172306284032486,2.713867920416373,-2.1325310667355857,-2.1325338830550513,-2.173306987931331,2.8158538043498993e-06,1.678427144232349e-06,0.0007107702937598029,0.009631845129964253,5.448013166586557
1672,-3.1735581512804383,-3.1737765780201665,-3.1777477396859064,0.0002184311548868815,1.0,1.5909767070196622e-06,0.000717428178716175,0.010771229225038379,2.9819903991840504,-2.130370029558738,-2.130373371144136,-2.160484532515208,3.338092938065529e-06,1.4452101263865795e-06,0.000686540559399873,0.01007545948959887,5.473133385181427
1673,-2.908275661645112,-2.9089560508728027,-2.894014826527348,0.0006803829498864987,1.0,1.5533796318710234e-06,0.0007134236921383827,0.010933148812640596,2.939695879265114,-2.2211449841658277,-2.2211481829484305,-2.219645773371061,3.1858993073304496e-06,1.897892327444121e-06,0.000924921638215892,0.012618917525590708,5.693363507588704
1674,-3.1316808064778647,-3.131948047214084,-3.136289022586964,0.00026724701402363953,1.0,1.85098113652876e-06,0.0008878364827035477,0.012370932847261429,2.8363946587951094,-2.1830850231150785,-2.1830885745584965,-2.2071017188330493,3.550434485077858e-06,1.6094324403563103e-06,0.0007346370427209573,0.010029001471896967,5.413028160730998
1675,-3.2567305829789905,-3.25690167038529,-3.2450643203876637,0.0001710843018911503,1.0,1.5562810168140224e-06,0.0006258711154158744,0.009664554373119716,2.677691344861631,-1.9373120903037488,-1.9373156361592312,-1.9554477830727894,3.5416645308335624e-06,1.4006751977528136e-06,0.0005683585453274039,0.008036692064100256,5.42849721511205
1676,-3.070949112927472,-3.0711231143386275,-3.078794143818043,0.00017403004070123038,1.0,1.4401729105076001e-06,0.0006130001619803133,0.00957042611790476,2.727448684197885,-1.8063005836059651,-1.8063036873936653,-1.8430448956787586,3.077322617173195e-06,1.564233547431589e-06,0.0007244748873442101,0.010124275654864809,5.444324791431427
1677,-3.1559344132741294,-3.1561011649944164,-3.1583019450858787,0.00016675261711632765,1.0,1.6430345752909219e-06,0.0007037111208774149,0.009909636013347793,2.6987681565461337,-1.9856542584796746,-1.9856570102274418,-2.023018611401009,2.749574681123098e-06,1.4747022684484061e-06,0.0006496554415207356,0.009257702350926897,5.42217833797137
1678,-3.169251079912539,-3.1693595427053944,-3.170888830114294,0.00010846313779000882,1.0,1.5217748383562409e-06,0.0006183044881456428,0.009245857096242684,2.6297012523368553,-1.7680265000090003,-1.7680290037145217,-1.8198505342006683,2.4884939193725586e-06,1.4590366532729604e-06,0.000645919278516279,0.009030479297507554,5.404974033435186
1679,-3.1469729211595325,-3.147186844437211,-3.1451012470104076,0.00021392769283718534,1.0,1.610319217164673e-06,0.0006565177981327805,0.009424726530495618,2.689701614556489,-2.0249076581870513,-2.02491037423412,-2.084032721196612,2.715891848007838e-06,1.4971644096325083e-06,0.0006480171480992188,0.008838585151048997,5.458872963984808
1680,-3.262729909684923,-3.2630574350003845,-3.2560686888518156,0.000327529799607065,1.0,1.4561122472716509e-06,0.0006249199116912981,0.009460036211681587,2.6858500992810286,-1.90551185371199,-1.9055154318533216,-1.9546401153008144,3.5948275278011956e-06,1.3644672189154032e-06,0.0005813407454600868,0.008371364383492619,5.481064081192017
1681,-2.592634621723038,-2.592931806825584,-2.6013890433090703,0.00029719558854897815,1.0,1.6623710137166739e-06,0.0007536117767880636,0.010763651622390305,3.3071176122736046,-1.1157044892509778,-1.1157091297209263,-1.118471547961235,4.632631316781044e-06,2.7376847526738857e-06,0.0013813823752570897,0.016351361681396764,6.408922294775645
1682,-2.5692334219261452,-2.5696004320074013,-2.5673854174437345,0.00036702353369306637,1.0,5.3036547056022015e-06,0.0018526139815717383,0.020945609581691248,3.719085702189693,-2.37246477107207,-2.3724708606799445,-2.36787877480189,6.091858570774396e-06,5.274622102054612e-06,0.0016307812669159223,0.01988737378269434,5.8259288271268215
1683,-3.0658191486641213,-3.0659908453623452,-3.0620503513901323,0.00017168862676178969,1.0,3.5037873776336375e-06,0.0010851677054435844,0.014941243472060672,2.671007023917304,-2.037957983712355,-2.0379628874361515,-2.077236513296763,4.8852525651454926e-06,2.2718443375424613e-06,0.0007229204056784511,0.010132325172889978,5.550257543722789
1684,-3.1751111613379583,-3.1753051899097584,-3.1790379329963967,0.00019403781603883813,1.0,1.9423381150705544e-06,0.0006171644016393219,0.009049869521900459,2.8308893000638045,-1.931083252032598,-1.9310868866741657,-1.9597152819236119,3.6197404066721597e-06,1.7130837856408714e-06,0.0006136736192274839,0.008773030693798015,5.420294751723607
1685,-3.0744671291775174,-3.0747494013221175,-3.0734537067236722,0.00028229994630372084,1.0,1.7070459745338195e-06,0.0007195210524110331,0.010251672921219358,3.1971763328269676,-2.1622790402422347,-2.1622850789378085,-2.1775735473881164,6.0336509098609286e-06,1.613382342687449e-06,0.0008149482843388493,0.01130678877234459,5.6758519013722735
1686,-3.2889543639289007,-3.2890868010344327,-3.281494458516439,0.00013243531187375387,1.0,1.4919075586779702e-06,0.0007016033524888809,0.010291933220017839,2.715587686609339,-2.073735061412056,-2.0737430887917676,-2.089638970171412,8.04453156888485e-06,1.3260136645006544e-06,0.0006155787535438625,0.00938726837436358,5.3586490253607435
1687,-1.779931984565876,-1.780190642233248,-1.7938163766154536,0.0002586563566216716,1.0,4.359365128173657e-06,0.0012413512191010846,0.013065451204224868,3.824169061802052,-1.796780457099279,-1.796794186035792,-1.7902189642190933,1.3733205075065294e-05,1.1949224851074783e-05,0.0027959647219783315,0.02493157524925967,7.830252806345622
1688,-2.4600258668263755,-2.460858040385776,-2.44963652116281,0.0008321631423853061,1.0,1.373812726039129e-05,0.0028060453305779783,0.026923303285406694,4.309476119500619,-2.3262850046157832,-2.3263034373521805,-2.3320692429939904,1.8446318184336025e-05,8.553069960726134e-06,0.002034563110404027,0.022443709157717723,5.833606521288553
1689,-2.872135038729067,-2.872789744977598,-2.882850011189779,0.0006547076282677827,1.0,5.9444830219069475e-06,0.0014056894772996504,0.016667293350177782,2.8392385641733804,-2.152472709616025,-2.1525049470365047,-2.1924407109618187,3.223610110580921e-05,3.734360253323151e-06,0.000926291041347819,0.012257685031120976,5.551593124866486
1690,-3.0984777079688177,-3.099167585372925,-3.0987432267930775,0.0006898845097532978,1.0,3.0308890472952044e-06,0.0007340130180603376,0.010909279308247345,2.8135394431926586,-1.8275695306559405,-1.8275914653204381,-1.9116294880708058,2.1936992804209392e-05,2.2937916147232804e-06,0.0006128070672275499,0.008696525842727473,5.517594089110692
1691,-3.230784610465721,-3.231149108321578,-3.240304470062256,0.00036449757991013703,1.0,2.0821380783470686e-06,0.0005630472593043965,0.008774449289948852,2.5996153266341597,-1.686089584759126,-1.686112382138769,-1.7630985739330451,2.2794740895430248e-05,1.7619185541661864e-06,0.0005285771270185554,0.007622308990297218,5.45150445898374
1692,-3.206309680585508,-3.2067902794590704,-3.2029361636550338,0.00048058190279536776,1.0,1.6949513455646983e-06,0.0005750182554712174,0.008928796431670586,2.8646152990835683,-2.0099277179688215,-2.0099444845691323,-2.0440340880304575,1.6782355184356373e-05,1.600461473572068e-06,0.0006042339446139522,0.008199008918988207,5.386700272560119
1693,-3.232591222833704,-3.232884230437102,-3.2402000338942916,0.00029300939705636766,1.0,1.5110301058451081e-06,0.0006316274801200187,0.010128887930746984,2.8770657424573547,-2.0396294941504793,-2.0396454191456237,-2.0607640700569996,1.5925693636139233e-05,1.4160173170315222e-06,0.0006702025857521221,0.009980977221857756,5.6853818496068325
1694,-3.173873680609244,-3.174155014532584,-3.1824227703942194,0.00028130508683345935,1.0,1.428396288887328e-06,0.0006564044570377855,0.010152180920596476,2.821876362518028,-1.7161231643209853,-1.7161321695894003,-1.774623307089011,9.012408554553986e-06,1.3862333029616518e-06,0.0007006712185102515,0.010044105739022294,5.463970899581908
1695,-2.1969924536016254,-2.197375751203961,-2.196598195367389,0.0003833106408516566,1.0,2.2143635634266602e-06,0.001203434095562746,0.01670366984412626,4.147363680380362,-1.8520589967568717,-1.8520693083604176,-1.8461018453041713,1.0310749833782515e-05,4.6407036127978545e-06,0.0022878913926736764,0.03159476451886197,7.073300202687582
1696,-2.66451104482015,-2.6648605311358415,-2.6701906787024603,0.000349481831546183,1.0,6.068416294308716e-06,0.002187112242811256,0.026323961231995513,3.595746252271864,-2.3638811707496643,-2.3638895551363626,-2.361362104614576,8.381980781753858e-06,4.59320093189793e-06,0.001764649122681779,0.02314610922864328,5.937448779741923
1697,-3.0316835421103017,-3.0319496702264854,-3.041213132716991,0.00026612225230093355,1.0,3.1785328886784285e-06,0.001197820885055181,0.015972487180045358,2.894683731926812,-2.129433660457532,-2.1294386001924672,-2.1589298297961554,4.92359201113383e-06,2.033759746685367e-06,0.0008299426748029267,0.012406402480943749,5.590311566988627
1698,-3.102624743073075,-3.1029051409827337,-3.119962723166854,0.00028039908243550197,1.0,1.9281660823051225e-06,0.0007802980016330602,0.012882561353897606,3.0677546748408564,-2.1759095018108687,-2.175914242863655,-2.2033096849918365,4.7390349209308624e-06,1.6659187499120283e-06,0.0007534813363842355,0.011143073750038942,5.460551689068477
1699,-3.2248764479601824,-3.2251024511125355,-3.2358093526628284,0.0002260160528951221,1.0,1.6008125174738342e-06,0.0006733338048905824,0.009866138868447807,2.9124459072395608,-2.0309454014835255,-2.0309502145585916,-2.0769581366330385,4.839540148774783e-06,1.3864275085021898e-06,0.0006845788157079369,0.011048209174380949,5.5706774691740675
1700,-3.2095468132584184,-3.2097673504440873,-3.205270104938083,0.0002205394622352388,1.0,1.3792557975075734e-06,0.0006868763033438612,0.011353162444989991,2.9568666881985135,-2.092982152011245,-2.0929872491396964,-2.1293760053813457,5.125300958752632e-06,1.3151011207431413e-06,0.0007191037269270358,0.011133695331712564,5.5200943648815155
1701,-2.989089091618856,-2.989295725469236,-2.98801408873664,0.00020662971116878367,1.0,1.3607137900719493e-06,0.000710143677510873,0.010932366139496918,2.8106642210925066,-1.2452954699595769,-1.2452998589724302,-1.284513762841622,4.3889352430899935e-06,1.4700992731301692e-06,0.0008013598223139221,0.010934552391214917,5.356979886690776
1702,-2.6460832489861383,-2.6463504279101335,-2.6559318657274598,0.00026717423288910477,1.0,2.5010690099710096e-06,0.0011165212490595877,0.014793494647299801,3.053763910576149,-2.2380500808358192,-2.2380544369419417,-2.262217588722706,4.37364603082339e-06,3.2621798501016506e-06,0.0013031081568139296,0.015402964626749357,5.823172946770986
1703,-3.000106581935176,-3.0004249060595476,-2.9909653310422546,0.000318326676885287,1.0,2.9497009647996122e-06,0.001074906033291309,0.014323978391648442,2.9992710484398737,-2.1118404045701027,-2.1118444676200547,-2.135434435059627,4.04876967271169e-06,2.034389713874892e-06,0.0008007047144928947,0.011287994275335222,5.739304453134537
1704,-3.218232861271611,-3.218403692598696,-3.2141524685753717,0.00017081518416051512,1.0,1.873988434521447e-06,0.0007088480719917074,0.0106474366383972,2.8130247592926025,-2.0473945836226144,-2.0473982815941176,-2.0762272560968995,3.685088207324346e-06,1.5744223370954085e-06,0.0006554736246471293,0.010349190987957021,5.456688205401103
1705,-3.281742537463153,-3.281929051434552,-3.2958249780866833,0.00018652942445543077,1.0,1.4640178404887492e-06,0.0005886275935659392,0.009083785892774662,2.6770643172440707,-1.8692311065581937,-1.869233972703417,-1.9466049385567505,2.8881089140971503e-06,1.379079127635426e-06,0.000576770915358793,0.008901818927067021,5.515066961447398
1706,-3.3207539982265897,-3.320897455568667,-3.3238895999060736,0.00014344451052171212,1.0,1.342694603139265e-06,0.0005614313650531349,0.008849274591301326,2.6260004573398166,0.8881500118101637,0.8881472437642515,0.8301892249534527,2.772392084201177e-06,1.2516720554837473e-06,0.0005710888884398931,0.008428063107809672,5.277363121509551
1707,-1.123487260054659,-1.1241662038697138,-1.1409071719756834,0.000678957129518191,1.0,1.2450251111423077e-05,0.0025094672800386668,0.02265958315520375,5.521728524455318,-1.9349441776672998,-1.9349659234285355,-1.9246853689352672,2.1748399982849758e-05,2.1156150144937175e-05,0.004575212369672954,0.045960063580423594,7.5934255719184875
1708,-2.4091917585443565,-2.4099692856823958,-2.414542374787507,0.0007775247924857669,1.0,1.6749384620332557e-05,0.00346867427126401,0.03534943086129648,4.036221795611912,-2.307350158691406,-2.3074293583631516,-2.3032234460115433,7.920308659474055e-05,1.112659909570842e-05,0.002366169278199474,0.025370100357880194,5.898522675037384
1709,-2.838170546072501,-2.8392394383748374,-2.8353944884406195,0.001068891543481085,1.0,6.380474234093627e-06,0.00154056932768543,0.01963705007262804,2.906952659289042,-2.254155764977137,-2.2544139325618744,-2.266923730572065,0.0002581692145516475,4.171269021450523e-06,0.0010494126327103004,0.013131476667088767,5.517037361860275
1710,-2.987387939735695,-2.98887421908202,-2.9948359065585666,0.001486292384840824,1.0,3.0417553868270866e-06,0.0008926548417312679,0.013334765599143726,3.066071077629372,-2.0848118538657823,-2.0849635154008865,-2.1053784464796386,0.00015164438324669996,2.776713766176423e-06,0.000774252829918017,0.011161403400668254,5.458322783311209
1711,-3.1858180982095226,-3.186606839851097,-3.1722208040731923,0.0007887334321384076,1.0,2.2526031755289835e-06,0.0006341836264322477,0.009609509535409786,2.7386595143212213,-1.7658631640175977,-1.765938659509023,-1.8406596605976422,7.550519270201524e-05,1.92682067752988e-06,0.0005895294137493087,0.008847996650729328,5.487783938646316
1712,-2.769675925925926,-2.7705161571502686,-2.771724851043136,0.0008402180478528693,1.0,2.1051420794214614e-06,0.0010878172103764006,0.02345063328673994,4.158871544731988,-2.2390430172284446,-2.239103769262632,-2.3015096113085747,6.07466014722983e-05,1.9315571790912145e-06,0.0012151267534742753,0.02679645122649769,5.848777413368226
1713,-3.190131072644834,-3.1906999658655235,-3.1900308750293873,0.0005689212293536575,1.0,1.6673274566764356e-06,0.000901781518391713,0.02055046890206911,2.934643833725541,-2.1507850255196295,-2.1508125363228223,-2.20744077116251,2.7529507254560787e-05,1.4905339895676661e-06,0.000805212652873403,0.016081257762076955,5.546094884475073
1714,-3.231128109825982,-3.231744925181071,-3.232079956266615,0.0006168105949958166,1.0,1.412382099867197e-06,0.0007118564681150019,0.014275898967214205,2.9450411884873002,-2.0604106479634843,-2.0604282363007465,-2.111281295462201,1.7587017888824146e-05,1.3342677220862242e-06,0.0006991180198383518,0.012917520090316733,5.431210120519002
1715,-3.08952788511912,-3.0899143660510027,-3.0989960917720087,0.0003865136316529027,1.0,1.3808215852703952e-06,0.0007786615061815138,0.014123020538439354,3.1960700264683477,-1.9186313807343442,-1.9186458745971322,-1.9712029074629147,1.4484239121278128e-05,1.3663847984920114e-06,0.0007478329256021728,0.013099767500534654,5.49381572008133
1716,-2.549372090233697,-2.549924302984167,-2.568710366884867,0.0005522089561930409,1.0,1.935989324145474e-06,0.0010254517827114021,0.01689532778605267,3.0278053990116827,-2.206220726172129,-2.2062346637248993,-2.2173782537380853,1.3966190939148268e-05,3.222851868637614e-06,0.0015299296404312674,0.022294803406111896,5.8318819006284075
1717,-2.9299714300367565,-2.9302861955430775,-2.9215080826370805,0.0003147907555103302,1.0,3.4774039763592385e-06,0.0013891322089842073,0.021207788803925116,3.123728769796866,-2.334294706583023,-2.334305296341578,-2.3581803987423577,1.0592862963676453e-05,2.559414904605243e-06,0.0010756773481261916,0.017132300417870283,5.620035847028096
1718,-3.1901580316049083,-3.190510211167512,-3.2082733754758483,0.000352178320840553,1.0,1.999742890061666e-06,0.0008193586642543474,0.012951286043971777,2.715656421802662,-2.046090992167592,-2.0461010355502367,-2.1367566138505936,1.0049824292461077e-05,1.6489105926590735e-06,0.0007090351791703142,0.01480532152345404,5.354282945394516
1719,-3.2963451897656477,-3.296640731670238,-3.2846803665161133,0.0002955408697878873,1.0,1.5176535010107695e-06,0.000596579912342821,0.01094171325503676,2.7663869283817433,-1.805450127149622,-1.8054583358267944,-1.8996578703324,8.214575548966726e-06,1.388227843790446e-06,0.0006035573824192397,0.01145797591501226,5.53425920009613
1720,-3.2662281725141735,-3.266484260559082,-3.281709768154003,0.0002560928050014708,1.0,1.399635502147484e-06,0.0006001014919968804,0.010140379062957235,2.6914989595059997,-1.837430231273174,-1.837436905130744,-1.925696646173795,6.659887731075287e-06,1.3487817417020171e-06,0.0006353020435199142,0.011044009899099668,5.4213150540987645
1721,-3.0485805140601263,-3.0488059167508728,-3.0381179738927773,0.00022541110714276633,1.0,1.4810949424928467e-06,0.0006797604836282079,0.011469828689263927,2.7103035273375333,-1.90742245875299,-1.9074274481584628,-1.9521636708329122,4.980713129043579e-06,1.5330607349521113e-06,0.0007671073763049208,0.012836332122484842,5.697713335355123
1722,-3.0265121813173645,-3.0268265273835926,-3.028676421554,0.00031434620420138043,1.0,1.6864087018364916e-06,0.0008125550661201554,0.01445049040571407,2.9380499256981745,-2.0469053263465566,-2.04690931395938,-2.099855246953666,3.98380992313226e-06,1.5996084480699817e-06,0.0007577037176815793,0.012606132038248083,5.420704285303751
1723,-3.1831464414243347,-3.1834208082269737,-3.171600924597846,0.0002743554887948213,1.0,1.590145921505205e-06,0.0007128036813810468,0.012155569020520758,2.8084082206090293,-2.0371733322390355,-2.0371774314553477,-2.1027238443493843,4.113263761003812e-06,1.4558246732576663e-06,0.000668663563070974,0.01146960367138187,5.340504278739293
1724,-3.1834562884436712,-3.1837323859885887,-3.1978426774342856,0.0002760943715219145,1.0,1.4312933789942353e-06,0.0006406773312914151,0.010523849736071296,2.7453264351244324,-1.7309643886983397,-1.7309682816267014,-1.788016702979803,3.904569894075394e-06,1.354040653230489e-06,0.0006569579297016995,0.011498087958898395,5.422353992859523
1725,-3.2531030442979603,-3.253298529872188,-3.2590896641766585,0.0001954853672672201,1.0,1.4452007909076876e-06,0.0006457620701338681,0.010178309572101743,2.6419887012905545,-1.9545037055698533,-1.9545070752501488,-2.024736136198044,3.37969201306502e-06,1.3219863035374146e-06,0.0006251312006497756,0.010830899060238153,5.30933204293251
1726,-2.866701121683474,-2.866924833368372,-2.8690427850793907,0.00022370899441065612,1.0,1.5111903495481884e-06,0.0006497686608108106,0.009945399662548746,2.660931772655911,-1.8104797216753166,-1.8104832768440247,-1.8412441108375788,3.5532284528017044e-06,1.8528061692298554e-06,0.0008590940512173498,0.013086140951296935,5.63247353831927
1727,-3.0070018150188305,-3.007185688725224,-3.013554078561288,0.00018388929742353934,1.0,2.2738398852366287e-06,0.0009325324898344223,0.013446077928636913,2.7247682324162237,-2.1697511672973633,-2.169755014280478,-2.206311669200659,3.863591700792313e-06,2.121160179058279e-06,0.0008441029955671789,0.013417645551574727,5.431029091278711
1728,-3.2407081303773104,-3.240893761316935,-3.246406254944978,0.00018563363011236543,1.0,1.7777747921677978e-06,0.0006748435617838469,0.011069520928517537,2.675846532539085,-1.9237736177941163,-1.9237766601145267,-1.998041524241368,3.0440278351306915e-06,1.4840680838309102e-06,0.000577721915760776,0.009996074562271437,5.32725977897644
1729,-3.1722298121010817,-3.172545266372186,-3.1646954025383347,0.00031547600196467503,1.0,1.478861349824001e-06,0.0005671369705211233,0.009148497600108385,2.8650718574170715,-2.051625527441501,-2.0516287994881472,-2.0825549562772117,3.2632766912380853e-06,1.4478450699092111e-06,0.0006800123422484224,0.010818306996952742,5.616579045852025
1730,-3.265986265959563,-3.2661695656953036,-3.252263908033018,0.00018329290604149855,1.0,1.4274393699317308e-06,0.0007028536681361773,0.01101909120808597,2.836748405739113,-2.1131619612375894,-2.1131666799386344,-2.1352420498927436,4.7335245956977206e-06,1.3230233927667239e-06,0.0006440613336356668,0.010308224280985693,5.3176334500312805
1731,-2.482939572245986,-2.4832025082023055,-2.4789506704718978,0.00026294416575520127,1.0,1.9184893744750298e-06,0.0008190062707634988,0.011113060862515812,2.926149253492002,-1.9540256559848785,-1.9540323515733082,-1.953947938978672,6.6891467819611234e-06,3.373318634203315e-06,0.0012880261298657085,0.016687406421018142,6.043528576691945
1732,-2.8733359707726374,-2.8736847506629095,-2.8738976496237294,0.00034878727186609196,1.0,4.035564584396694e-06,0.0013151166516494144,0.01644295709276641,3.085175125687211,-2.3655448307593665,-2.365549926956495,-2.3856835812330246,5.103337268034617e-06,2.988551642602033e-06,0.0010270892477516707,0.01589653412035356,5.355271677176157
1733,-3.1829193698035345,-3.183182460290414,-3.1757007439931235,0.0002630828293385329,1.0,2.270453457505802e-06,0.00075743921721975,0.011269962725540003,2.7265517711639404,-1.814464864631494,-1.8144692641993363,-1.909829134742419,4.4102004418770475e-06,1.7081898751788078e-06,0.0005928228323076231,0.009883844545887163,5.522904435793559
1734,-3.280046648449368,-3.2804799962926796,-3.2843402403372304,0.00043337626589669124,1.0,1.6577342876189505e-06,0.0005475653053037133,0.008467787730128126,2.628897706667582,-1.919512264740964,-1.919516146959116,-1.9643589723855257,3.892229869961739e-06,1.4917542093447385e-06,0.0005489813071714403,0.008734584921815744,5.236021190881729
1735,-3.3010969073684127,-3.3012930993680603,-3.2755921681722007,0.00019619958820166412,1.0,1.4245190961311757e-06,0.0005379467297138439,0.008702060854476359,2.808241614588985,-1.6902026236057281,-1.6902069486677647,-1.7822325527668,4.325139646728833e-06,1.3060768111472498e-06,0.0005709866321315834,0.010834226889225343,5.8609620332717896
1736,-3.0292279190487332,-3.029366802286219,-3.0313730990445173,0.00013889944939701645,1.0,1.3429404825055152e-06,0.0005767994562457143,0.009344918170460948,2.559111714363098,0.18141241006863612,0.18140836828388274,0.12094181946789224,4.046674196918805e-06,1.5413361514523178e-06,0.0007375317485032914,0.012207616896679005,5.386055697997412
1737,-2.3977635237905712,-2.3979795155701815,-2.421410670986882,0.0002159722563293245,1.0,4.249634866095288e-06,0.0012174604020805822,0.013962084530956216,3.065632140194928,-2.2377999673287077,-2.2378047903378806,-2.246650298436483,4.84054908156395e-06,5.74205449765941e-06,0.0015488673379877582,0.020188317440139752,5.856814543406168
1738,-2.989836436730844,-2.99009406125104,-2.983327945073446,0.0002576131373643875,1.0,4.545607739432684e-06,0.0011346673041030212,0.01509308313123054,2.7823223449565746,-2.1613682061433797,-2.161372641722361,-2.203794794778029,4.427119468649228e-06,2.7547073576291345e-06,0.0007912030535711286,0.012073414070376506,5.396383345127106
1739,-3.2440713070057057,-3.2442569379453308,-3.2351380630775735,0.00018561831503002732,1.0,2.1652390555741646e-06,0.0005946242545852092,0.009537079561225794,2.587272626382333,-1.7921948184569676,-1.79219821964701,-1.8785024136304855,3.390402222673098e-06,1.8102394013415808e-06,0.000541134328765717,0.00871813817260166,5.255864302317302
1740,-3.2953343832934343,-3.2956332807187683,-3.291250988289162,0.0002989009436633852,1.0,1.6932581106461672e-06,0.0005052278963072846,0.00854388919348518,2.583375162548489,-1.7182413581758738,-1.718246032173435,-1.804026051114003,4.697591066360474e-06,1.49950529267547e-06,0.0005021184624638408,0.008166489074938,5.426109095414479
1741,-3.28923143280877,-3.2894305917951794,-3.2775450106020325,0.00019916202183122987,1.0,1.4734678357113066e-06,0.0005202557475530301,0.008698564747141467,2.7708365828902632,-1.785062976491948,-1.7850674229363601,-1.838333601752917,4.454050213098526e-06,1.3781175027816062e-06,0.0005476001497299876,0.008679412654601038,5.337082823117574
1742,-3.024692314642447,-3.024908604445281,-3.012805214634648,0.00021627697127836722,1.0,1.4957618835372462e-06,0.0006928824867052888,0.01147216637791307,2.937003215154012,-1.8988209031522274,-1.8988245638708274,-1.945282444357872,3.66910050312678e-06,1.5693301757361648e-06,0.0007484565358026884,0.012078022623124221,5.399756093819936
1743,-3.106048336735478,-3.106292035844591,-3.1199621889326306,0.00024371173370767523,1.0,1.7274505386955785e-06,0.0007277944133858438,0.010908936460812887,2.5771156461150557,-2.059224493180712,-2.0592282532403865,-2.091227396177904,3.7526867041985192e-06,1.6360004243172928e-06,0.0006986196482709298,0.011307277988332013,5.366066912810008
1744,-3.284196730013247,-3.2843731156101934,-3.2978554566701255,0.00017636910908752016,1.0,1.5415241115853725e-06,0.0006157142375337167,0.010630467768620562,2.6070906895178334,-1.6006960024436312,-1.600699690481027,-1.6968291886150837,3.667703519264857e-06,1.3751564296171637e-06,0.0005375716500566341,0.00914628382694597,5.627615551153819
1745,-3.2255091667175293,-3.2257535281004728,-3.2603887452019586,0.00024437669802595066,1.0,1.3941286506788284e-06,0.0005931315859521015,0.00982888029129417,2.7250967114060014,-2.0317199939551456,-2.0317243731891117,-2.087394074226419,4.369765520095825e-06,1.347378884020145e-06,0.0006115456417319365,0.009554034797474742,5.326963841915131
1746,-3.036126004325019,-3.0363603432973227,-3.040893148492884,0.0002343475266739174,1.0,1.4201785410882117e-06,0.0006893072234190724,0.010710249603208568,2.8200705404634827,-2.113760066529115,-2.1137633013228574,-2.1645981557667255,3.2382862021525702e-06,1.5308729786056574e-06,0.0007595776405651122,0.010913210494133333,5.46879338224729
1747,-3.0310095327871815,-3.0312432359766075,-3.0284641760366933,0.00023369470404254066,1.0,1.7811350466622066e-06,0.000791953960692303,0.011677913574708832,2.5793275656523527,-1.8769482975670446,-1.8769512568445255,-1.9451810671016574,2.947946389516195e-06,1.7827818652449423e-06,0.0007654067837089921,0.011146831364991764,5.363289465506871
1748,-3.2244310114118786,-3.224569064599496,-3.226141187879774,0.0001380306289151863,1.0,1.7204618171928342e-06,0.0006427346983131159,0.009498101193457842,2.4607863602814852,-1.848706178367138,-1.84870903318127,-1.9463318474590778,2.867464597026507e-06,1.5309130390050996e-06,0.0005674338887426226,0.008366827988841882,5.263033131758371
1749,-3.281093332502577,-3.2813019664199263,-3.2970473059901484,0.0002086322616647791,1.0,1.4682471340131964e-06,0.0005289876921947494,0.00851137892998479,2.6150767582434193,-1.8192538594206173,-1.8192568061252434,-1.90239209557573,2.931958685318629e-06,1.3972059728454649e-06,0.0005527396157655554,0.00820444974427422,5.388703207174937
1750,-3.3026729424794516,-3.302831932350441,-3.2999722869307906,0.00015897793626343763,1.0,1.3860948818681344e-06,0.0005598170068373696,0.008960205785654209,2.53841734374011,-1.927619213393579,-1.927622446635117,-1.968032218515873,3.2168657829364142e-06,1.3145217773550637e-06,0.0005693929827733276,0.00872656871797517,5.361902077992758
1751,-3.0764041520931102,-3.076523220097577,-3.0775178494276823,0.00011905793238569188,1.0,1.364088036468645e-06,0.0005552128185863021,0.008494617814129149,2.443709232189037,-0.1966346194967627,-0.19663723542665443,-0.2410692780589064,2.6172492653131485e-06,1.466424222940077e-06,0.0006459403860693177,0.009582285128999501,5.272755692402522
1752,-2.3954057605178267,-2.3958145026807434,-2.4016780941574662,0.0004087385755998117,1.0,3.798370244112448e-06,0.001154675299336237,0.014095899097069545,3.366653671971074,-2.116096501549085,-2.1161038130521774,-2.1146457344293594,7.3069240897893906e-06,5.785493973083551e-06,0.0015095448034116998,0.01901048720659067,5.844672580560048
1753,-2.9876869961067483,-2.987917873594496,-2.9890843585685447,0.00023088735286836272,1.0,4.677730935832693e-06,0.0011512563020611803,0.015032743138295633,2.6383127283166954,-2.137946871419748,-2.1379523823658624,-2.159840195129315,5.530581499139468e-06,2.7622362210877327e-06,0.0007650925545021892,0.011306781360569099,5.400728046894073
1754,-3.2548199318073414,-3.2550417052374945,-3.2507670367205583,0.00022176177137427859,1.0,2.2019897869540728e-06,0.0005703758517349208,0.009072641385029312,2.5231036565921925,-1.6778156558672588,-1.6778189713756244,-1.774903410114348,3.319156045715014e-06,1.7986268498286033e-06,0.0004935123882508682,0.0076601176406256855,5.18739194671313
1755,-3.270661883884006,-3.2708348786389387,-3.294373600571244,0.00017301896931948486,1.0,1.6578791835989385e-06,0.0005013749070241358,0.007939555078606915,2.6100234234774553,-1.723636373877525,-1.7236391964058082,-1.8017933232088883,2.82431331773599e-06,1.4870392324913457e-06,0.0005225245186011307,0.00807312202717488,5.392417997121811
1756,-3.3391625351376004,-3.3393914964463978,-3.3022692645037615,0.00022893571467311294,1.0,1.4606445288504969e-06,0.000524029024678317,0.008516655355277989,2.674284908506605,-1.7524875005086267,-1.7524902410805225,-1.8192089746395748,2.730094517270724e-06,1.3209366661233919e-06,0.000513910591204573,0.008212016468557218,5.29762480656306
1757,-2.8645998062910856,-2.8647907221758806,-2.8648834272667214,0.00019093685679965548,1.0,1.3865352667818553e-06,0.0005814310829413848,0.009485747509946426,2.8020942034544767,-1.9223801251500845,-1.922383826225996,-1.9683949290774763,3.7163651237885156e-06,1.9230363174453182e-06,0.0008823584018197531,0.0119097790059944,5.6725276211897535
1758,-3.064918606369584,-3.065060023908262,-3.0633629428015814,0.00014140974316332076,1.0,2.520147118216469e-06,0.0009545874242946782,0.012598205633737423,2.6680695480770535,-2.2357325777411465,-2.235735515753428,-2.266106160978476,2.924740935365359e-06,2.13830283257721e-06,0.0008360029435910595,0.011936471331864595,5.396967599789302
1759,-3.3312158319685192,-3.3313730734365956,-3.324284147333216,0.0001572320168768918,1.0,1.7212257927423235e-06,0.0006019068769765672,0.008832796062860224,2.489854649261192,-1.7045620406667392,-1.7045646781722705,-1.7921560884763796,2.6337802410125732e-06,1.436104772286247e-06,0.0005000441960874014,0.0077952957556893425,5.296502451101939
1760,-3.277416538309168,-3.2775084795775236,-3.2889704969194202,9.19373361048875e-05,1.0,1.390287105062237e-06,0.00046111007772937966,0.007300383980489439,2.308208840864676,-1.5634985230863094,-1.5635011494159698,-1.6416131152460973,2.629899730285009e-06,1.4076184887320171e-06,0.0005105274904053658,0.007512612481756757,5.382212847471237
1761,-3.128709572332877,-3.1289033359951444,-3.1316632076546,0.00019375407309443863,1.0,1.5682326698475258e-06,0.0005521516453612734,0.008298080690481045,2.4775425460603504,-1.8539573073697586,-1.8539596054082115,-1.8973280061036348,2.2870954126119614e-06,1.6462524001781276e-06,0.0006021583224840773,0.009088272461667657,5.376747906208038
1762,-3.165021613792137,-3.165184497833252,-3.1609532921402543,0.00016289114676139974,1.0,1.7376887289746837e-06,0.0005950007212555243,0.008976788484249954,2.467913062484176,-1.8366300887428224,-1.8366327043622732,-1.896661455432574,2.615464230378469e-06,1.7199847614316848e-06,0.000594906700522794,0.008891495293937624,5.427977363268535
1763,-3.264486145090174,-3.26462079860546,-3.2557502146120423,0.00013466841644710966,1.0,1.6251047209489453e-06,0.0005232209762282393,0.0075437680180012075,2.381149892453794,-1.778818170229594,-1.7788208375374477,-1.8443722482770681,2.677630012234052e-06,1.5618012270124382e-06,0.0005203956861805636,0.007950260148694118,5.223936140537263
1764,-3.0573075435779713,-3.0576468573676214,-3.0558549518938416,0.00033932551741600037,1.0,1.5926554742354373e-06,0.0006078959753115972,0.009394307465602955,2.8157639459327415,-1.7256805524230003,-1.7256861651937168,-1.8069078947106998,5.616884057720502e-06,1.7310632548136102e-06,0.0006884505783091299,0.012141462376651665,5.464350710312526
1765,-3.0717790480013245,-3.0719170305464,-3.080356862809923,0.00013794591305432496,1.0,1.9313976054036175e-06,0.0006796188622333661,0.010216086585488584,2.4728894940129034,-1.89170247502625,-1.8917061995404463,-1.95446032534043,3.7111652394135794e-06,1.9738822440255413e-06,0.0006606224730300406,0.009516759620358547,5.4865940908590956
1766,-3.2386152037867793,-3.2388275464375815,-3.234538338802479,0.00021233589009002403,1.0,1.7907745494219988e-06,0.0006126617609643963,0.010303412167424406,2.7036513840710676,-1.743147219220797,-1.7431508017083008,-1.8138011917471886,3.579848756392797e-06,1.5581088395795935e-06,0.0005417754218797199,0.00847824263231208,5.568134486675263
1767,-3.3400963324087636,-3.3402590575041593,-3.322531744285866,0.00016273054535742158,1.0,1.460066869185539e-06,0.0005118144305284928,0.008215762450601216,2.631791936026679,-1.654390932371219,-1.6543954958518345,-1.7263681264594197,4.551606252789497e-06,1.3262543584839175e-06,0.0005050004341076905,0.008196103017932424,5.509739925463994
1768,-2.666745862475148,-2.666947763275217,-2.6439685548345246,0.00020189735072630424,1.0,1.3871378028111562e-06,0.0005648016209576141,0.008764542397801523,3.006018532647027,-1.2247969346741834,-1.2248010424276192,-1.2896922193467617,4.1085295379161835e-06,1.9106298812706277e-06,0.0008948749261132131,0.013396435708273202,5.925298035144806
1769,-2.598056024975247,-2.5983609667530767,-2.5995888710021973,0.00030493005006401627,1.0,4.699372715953763e-06,0.0017757227049312657,0.02243466009558351,4.044148957287824,-2.3064901481072106,-2.306500901778539,-2.3020868649085364,1.0761898010969162e-05,4.640283464141248e-06,0.0018802119157044217,0.028561828696789842,6.315929134686788
1770,-3.034866553765756,-3.0351178822694003,-3.0269615650177,0.00025132864161773967,1.0,3.411205549734101e-06,0.001234279492766493,0.01682233782830062,2.8743513513494423,-2.22312314560016,-2.2231337279081345,-2.2621301089723906,1.0590689877669016e-05,2.1416954751884987e-06,0.0008454517083009705,0.013937681370104352,5.428201427062352
1771,-3.2206206674929017,-3.2209026416142783,-3.2395534250471325,0.0002819706030465938,1.0,1.758947026549625e-06,0.0006606469374943386,0.009859451454960637,2.739243745803833,-1.844099345306555,-1.8441088398297627,-1.934637427330017,9.48924571275711e-06,1.5057506838426586e-06,0.0006152374189696275,0.010301416332367808,5.540712197621663
1772,-3.220491325413739,-3.2207303400392884,-3.2066311527181557,0.00023903387288252512,1.0,1.461198739552519e-06,0.0006656896094446656,0.010108948461021538,2.981518833725541,-2.0336888556679087,-2.0337021884818873,-2.0883735517660775,1.333754820128282e-05,1.3798309481671822e-06,0.0006799647793134985,0.010557723173405975,5.660067498683929
1773,-2.2160327125478676,-2.216172880596585,-2.2314937997747353,0.00014019046944600564,1.0,1.3588739159752517e-06,0.000616152654401958,0.009634230337623093,2.642829736073812,0.6422997950673259,0.642285928450292,0.5744773384794826,1.3857847079634666e-05,2.3452973702357363e-06,0.0011772962510197733,0.014770060641846309,7.7890587250391645
1774,-1.83250962584107,-1.8333688952304699,-1.8261090936484161,0.0008592517977511441,1.0,1.658353316660968e-05,0.003968909628585809,0.03666459755213172,6.5463149989092795,-2.036508157849312,-2.036729166905085,-2.0303967346747718,0.0002210005186498165,1.7552484526580276e-05,0.004992635163944215,0.057354687402645745,7.247893313566843
1775,-2.3984978199005127,-2.4013781989062273,-2.3999474313524036,0.0028803721760158186,1.0,1.4847994794696138e-05,0.0035885916936590715,0.03958347605334388,3.951805105915776,-2.3069302638371783,-2.307332823673884,-2.307737951477369,0.00040255580097436905,7.990246520724517e-06,0.002163468966803824,0.02366763570656379,5.8899414738019304
1776,-2.830266590471621,-2.833433672233864,-2.8526109147954872,0.0031670714832014507,1.0,5.539916889608355e-06,0.001505146096288054,0.017519032686120935,2.7590038776397705,-2.1961803833643594,-2.1967620129386582,-2.2262491633494697,0.0005816166133930286,3.47382679895721e-06,0.000987259038083721,0.012016916569943229,5.4854449431101475
1777,-3.0532440609402127,-3.0553523522836192,-3.054157195267854,0.002108287066221237,1.0,2.784918782102371e-06,0.0008119653168789766,0.0117940504828261,2.801264661329764,-1.8683617126662284,-1.868590595588709,-1.975925433759888,0.00022888222398857275,2.395452213477256e-06,0.000645818050543312,0.008890148717910051,5.405319303274155
1778,-3.215321832233005,-3.217028759143971,-3.1986019169842757,0.0017069423640215838,1.0,2.065409043333838e-06,0.0005719912878703326,0.00815963963288124,2.6760801385950157,-1.609335054953893,-1.6094234461585681,-1.7236612023164828,8.839353298147519e-05,1.8093485512811942e-06,0.0005166627318734148,0.007943370457117757,5.457187910874684
1779,-3.3013938356328896,-3.3022100925445557,-3.314991076787313,0.0008162638103520429,1.0,1.6618898825981887e-06,0.0005018365724633137,0.008007650073893645,2.517111813580548,-1.563779953867197,-1.563833087682724,-1.7509429510682821,5.312054418027401e-05,1.5017639801347589e-06,0.0004884160492413988,0.007757714435380573,5.360660552978516
1780,-3.057688409531558,-3.0587969930083663,-3.0581931184839317,0.001108588167914638,1.0,1.578670372105585e-06,0.0006990824088764688,0.010170198580319131,3.188414564839116,-2.286064813534419,-2.286121721069018,-2.2886450638373694,5.692065072556337e-05,1.4760088618004374e-06,0.0007504729946958832,0.01205879719539856,5.488571296135584
1781,-3.3369686515242964,-3.3374843155896223,-3.328914863091928,0.0005156827607640514,1.0,1.3154312152134178e-06,0.0006170546209129194,0.009986239468195924,2.677829526088856,-2.002557520754635,-2.0026035925062993,-2.029914134492477,4.606274887919426e-05,1.2557417411092804e-06,0.0005462183107738383,0.009031727948846916,5.1440148552258815
1782,-2.5491147372457714,-2.549972594888122,-2.550262102374324,0.0008578779244864429,1.0,2.1066894288634542e-06,0.0009136935933148143,0.012361992857660408,3.2922028082388417,-2.2514787515004477,-2.251490280032158,-2.258026733994484,1.15223228931427e-05,3.24897685762456e-06,0.0014196229118776198,0.018408842384815216,5.795474966367086
1783,-3.077294773525662,-3.0779262118869357,-3.0779698424869113,0.0006314385682344437,1.0,2.6537734440892194e-06,0.001097743339077742,0.01424175675061566,2.7993323273128934,-2.3290073201060295,-2.329019551475843,-2.36261277894179,1.2203197305401167e-05,1.880533687881325e-06,0.0008116411336231977,0.011768433342998227,5.220176080862681
1784,-3.2850403079280146,-3.2856261995103626,-3.292676157421536,0.0005858673679607886,1.0,1.6045178915225766e-06,0.0006345509447985225,0.009667735253633172,2.640366271690086,-1.8475634654363,-1.8475725253423054,-1.9397150113557775,9.086836750308672e-06,1.4033690500051914e-06,0.0005503506145032588,0.008730512112379074,5.27836071451505
1785,-3.372544906757496,-3.3728050744092024,-3.37573974220841,0.00026016358148168636,1.0,1.3669974973877456e-06,0.0005163730475706634,0.0080768256103275,2.5347148224159524,-1.6446147275467713,-1.6446224016447861,-1.7364246274034183,7.67510694762071e-06,1.2689016368009713e-06,0.0005055364405658717,0.008309785140833506,5.462112784385681
1786,-3.306250501562048,-3.3064976180041277,-3.316531852439598,0.00024709167579809826,1.0,1.2710310733786578e-06,0.0005259947836209365,0.007898945749426881,2.436101105478075,0.44039942913999164,0.4403923026596506,0.3522354722954333,7.129119088252385e-06,1.2554504991157955e-06,0.0005507606001629028,0.008563395570187518,5.217618366082509
1787,-2.200537145137787,-2.2011209748409413,-2.225264059172736,0.0005838424657230024,1.0,2.5657793348391016e-06,0.0011614289854791154,0.014898641517868749,3.3804176913367376,-2.205170507232348,-2.2051786681016288,-2.2008600731690726,8.142242829004923e-06,3.898444864110691e-06,0.0015188820786230888,0.01974627565747748,6.047992606957754
1788,-3.009391325491446,-3.0097934934828015,-3.0174309412638345,0.0004021778564762186,1.0,3.034343198696324e-06,0.001195832834734271,0.014496239764546906,2.7339908061204135,-2.2974992593129473,-2.2975072960058847,-2.325362299879392,8.030251289407412e-06,2.2726401122478515e-06,0.0008730906411074102,0.012793385210291794,5.282765418291092
1789,-3.2889244114911116,-3.2892424088937267,-3.2969850257590965,0.0003179905729161368,1.0,1.8057706770209566e-06,0.0006237309673990778,0.009010038459328589,2.372265171121668,-1.5923920404165983,-1.5923996455967426,-1.667433291984101,7.606577128171921e-06,1.5675467987345353e-06,0.000507664766094725,0.008007245400222018,5.254590064287186
1790,-3.343915029808327,-3.3442716510207564,-3.3653294245402017,0.0003566096916242882,1.0,1.4850430632038667e-06,0.0004742984515528574,0.007459921598503435,2.374964126834163,-1.479348788658778,-1.4793554445107777,-1.606821022927761,6.648168588678042e-06,1.4173716256967357e-06,0.0004720019484617903,0.0071579576275932295,5.243622273206711
1791,-3.2756272157033286,-3.2758355935414634,-3.2706474904660827,0.00020838114950391982,1.0,1.4796401720323721e-06,0.0004886293382797805,0.007538275965661915,2.426855926160459,-1.735131159424782,-1.735136269281308,-1.8009368013590574,5.110632628202438e-06,1.4491204325395302e-06,0.0005282471138343681,0.007787685550283641,5.2413501143455505
1792,-3.2035064079143383,-3.2037228831538447,-3.202006384178444,0.00021645461243611794,1.0,1.420598592900475e-06,0.0005609916730059518,0.008708208695881896,2.5284892011571816,-1.2679952767988045,-1.2679997844000657,-1.3433325464526813,4.511636992295583e-06,1.4822636605534474e-06,0.0005735379575829332,0.008552438928745687,5.265126595894496
1793,-3.139212555355496,-3.1394196881188288,-3.1555952584301985,0.0002071147577630149,1.0,1.5643421715207364e-06,0.0005861762156537561,0.008578599516854243,2.3737784535796553,-1.8573408164083958,-1.8573443324615557,-1.918311523894469,3.521175434192022e-06,1.6290331359414267e-06,0.0006094407751030909,0.008854586883292844,5.185481309890747
1794,-3.272919354615388,-3.27309521039327,-3.2890757013250282,0.0001758661948972278,1.0,1.564635870939431e-06,0.0005299827467684669,0.008452578033838008,2.349283077098705,-1.712042948231101,-1.7120464698721964,-1.7934857547904055,3.5470972458521524e-06,1.479698970759576e-06,0.0005155384945586169,0.007955258576354632,5.278704086939494
1795,-3.3801624686629683,-3.3802974930515997,-3.3658088136602333,0.00013504515367525596,1.0,1.4013933827704427e-06,0.0004512634994979534,0.007271020242047531,2.311039430123788,-1.4814667950073879,-1.481470602254073,-1.6093003066877525,3.8077899565299353e-06,1.3118246329213434e-06,0.00045157513886806555,0.007136784358105312,5.246943652629852
1796,-3.223226794490108,-3.2234281875469066,-3.2198802806712963,0.0002013962991811611,1.0,1.3764878640695652e-06,0.0004887682584079879,0.0071327722786615295,2.5025306851775557,-1.5486543600757914,-1.5486583163340886,-1.6346609197401751,3.955249364177386e-06,1.4007574975494208e-06,0.0005470040038441463,0.008237558514034996,5.404648621877035
1797,-3.364595369056419,-3.364782942665948,-3.367729239993625,0.0001875774727927314,1.0,1.373438433600111e-06,0.0005055422963643516,0.007846354748363848,2.3932351580372564,-1.670783095061779,-1.670786661406358,-1.780814279646923,3.55656569202741e-06,1.270168240807834e-06,0.00048521708352685283,0.0077408411404273165,5.236390928427379
1798,-3.135790886702361,-3.1359798466717757,-3.1334476117734558,0.00018896355673118874,1.0,1.3134481672817923e-06,0.0005068862476575843,0.007832062672133799,2.5105307941083557,-1.8636274418483179,-1.8636312652379274,-1.9378559527297814,3.8173360129197436e-06,1.4012049310470804e-06,0.0005971537078342711,0.008526283452132096,5.234696755806605
1799,-3.1616284494046814,-3.161849763658312,-3.174984843642623,0.00022130521635214487,1.0,1.6101850582749144e-06,0.000661984894476417,0.00944744880069737,2.5480231885556823,-1.9567938226585586,-1.9567973089093964,-2.0031646421800056,3.497116267681122e-06,1.4952993723227337e-06,0.0006228137378154012,0.008591633852726469,5.285031527280807
1800,-3.389809105131361,-3.3899355199601917,-3.3871716305061623,0.00012639413277308145,1.0,1.4207081996439094e-06,0.0005122444504026875,0.007827884172675785,2.3415397273169622,-1.5086496081203222,-1.508653166393439,-1.5835314196689676,3.5377064098914466e-06,1.2987006433225663e-06,0.00045546097923458245,0.0067377287487033755,5.23289492726326
1801,-3.174481718628495,-3.174685407567907,-3.178423042650576,0.0002036921817947317,1.0,1.3822121984587823e-06,0.0005002114275056454,0.007739606123693564,2.551187899377611,-2.023358771577478,-2.0233618896454573,-2.079071805346757,3.1007609019676843e-06,1.4402513860053052e-06,0.0005873922515699329,0.008700560215705385,5.270945092042287
1802,-3.256634328100416,-3.2568263610204062,-3.268719646665785,0.00019202795293596055,1.0,1.3413193545164649e-06,0.0005565658233266462,0.008643005474436062,2.602166493733724,-1.9910609827687342,-1.9910650979727507,-2.0127446247885623,4.120171070098877e-06,1.330981381405157e-06,0.0006156181892341314,0.010391370044089854,5.368149518966675
1803,-3.3245328267415366,-3.324675295088026,-3.3221126662360296,0.00014245399722346552,1.0,1.3355731922544052e-06,0.0005879903220813032,0.0093547522297336,2.3846130856761225,-1.7622292190790174,-1.7622340538849433,-1.827106757555157,4.8351163665453596e-06,1.2849701344445446e-06,0.0005756513722493158,0.010183124958227078,5.2420115768909445
1804,-2.494186515609423,-2.4946397691965103,-2.5106479475895562,0.00045324241121610004,1.0,2.2535736990094947e-06,0.0008178127539361378,0.010419414464936213,2.8028081037380077,-2.078932782014211,-2.0789378682772317,-2.0875842720270157,5.079045270880063e-06,3.3817887109914104e-06,0.0010786047957177896,0.01443782887266328,5.666302293539047
1805,-3.120524318129928,-3.120834986368815,-3.11275604919151,0.00031067562048082,1.0,2.73435373148661e-06,0.0008686141852565386,0.012005248745144517,2.526512115089982,-2.0982485363880796,-2.0982532054185867,-2.147580293317636,4.6603381633758545e-06,2.0531389755736504e-06,0.0006552610842239422,0.010315463742396483,5.227097213268281
1806,-3.2174193064371743,-3.217718795493797,-3.2118471022005433,0.00029949616226885054,1.0,1.796669140377263e-06,0.0006138873771609118,0.010321825466774128,2.744195567237006,-1.6372141937414806,-1.6372172807653744,-1.6859310703972976,3.0804270257552466e-06,1.6438716556876898e-06,0.0005111355385452043,0.008678042756703993,5.420824875434239
1807,-3.3877536102577492,-3.3879009087880454,-3.3753740699202925,0.00014729680562460863,1.0,1.487782271767544e-06,0.0004605445849140071,0.007010291882411197,2.390062349813956,-1.6606377412875495,-1.660640887916088,-1.7428003867777686,3.142127146323522e-06,1.3885072860375658e-06,0.00045815737394150347,0.00736146704487813,5.150369793176651
1808,-3.2672291331821017,-3.267685563475997,-3.2605047490861683,0.0004564385723184656,1.0,1.3724044644429039e-06,0.0005059126329056367,0.008226123750554743,2.8174800828651145,-1.9698709522684414,-1.9698743242770433,-2.0078509468585253,3.367274378736814e-06,1.315858289293222e-06,0.0005620192132482771,0.00841839126466463,5.434410810470581
1809,-3.1950752293622053,-3.1952514251073203,-3.1775791733353227,0.0001762086456572568,1.0,1.2800903185187188e-06,0.0005421631794888526,0.008638815669756796,2.478401546125059,2.4526443779468536,2.452640801668167,2.3787607699632645,3.5861351837714515e-06,1.3140017784962765e-06,0.0005881512042833492,0.008214090000061939,5.112895677487056
1810,-2.249287638399336,-2.2497562258331865,-2.2600517328138703,0.000468603507788093,1.0,3.6981262602003646e-06,0.0012067096282003655,0.013304278340742545,3.44765297571818,-2.2045986354351044,-2.204603890577952,-2.209701200326284,5.269733568032582e-06,5.711360643090302e-06,0.001569674471587253,0.01956046112657835,5.850186129411061
1811,-2.9997564333456532,-3.0000628718623408,-3.0110937047887734,0.00030644955458464446,1.0,3.9626096605826645e-06,0.001170970848761499,0.015330886244083996,2.6843172488389193,-2.2243284036715827,-2.224332264314095,-2.274380385875702,3.876785437266032e-06,2.5655256763457146e-06,0.0007980287142951662,0.011018530640285462,5.278250396251678
1812,-3.3116104249601013,-3.3117980427212186,-3.326242314444648,0.00018760962066826997,1.0,2.040045682473714e-06,0.000567122150203903,0.008428799695576783,2.3098910914527044,-1.676816796263059,-1.6768206432461739,-1.7844843020041783,3.858779867490132e-06,1.6676265630621856e-06,0.0004697256408690009,0.007205317223755022,5.184694170951842
1813,-3.3825428220960827,-3.3827461666531033,-3.3981397593462908,0.00020335676769415537,1.0,1.537117197114168e-06,0.00043947277784657973,0.006820960573990036,2.3266884397577354,-1.695463745544354,-1.6954669964810212,-1.7627105750143528,3.2576887557903924e-06,1.4670964247898155e-06,0.0004525764828334407,0.006870341215593119,5.161379913489023
1814,-3.370340841787833,-3.3705969165872642,-3.3712403023684465,0.0002560957024494807,1.0,1.3748507104470196e-06,0.00047092140152084604,0.007498201379483497,2.539216650856866,-1.6172622814774513,-1.61726609369119,-1.7238468565046787,3.799252832929293e-06,1.298673315848949e-06,0.0004607749882173569,0.006864039207963894,5.346225470304489
1815,-3.2989223179993807,-3.2991659464659513,-3.29764246057581,0.00024363971142857163,1.0,1.2967394022106654e-06,0.0005297931654947913,0.008836415906747183,2.7365549582022206,-2.0288510920169456,-2.028854536047826,-2.092437001566092,3.4471352895100913e-06,1.287310832746395e-06,0.0006252479094352262,0.011110755537326137,5.333834350109101
1816,-2.443753613366021,-2.443958975650646,-2.431104470182348,0.00020535193659641123,1.0,1.281472704148554e-06,0.0005868667924207532,0.009454858661801726,2.7145664427015515,-1.2373406812548637,-1.2373439973841112,-1.2935992019871871,3.30867866675059e-06,1.687386401272306e-06,0.0008729568944545463,0.013387544623886546,6.413900077342987
1817,-2.0538725897117898,-2.05441196097268,-2.0721364153756037,0.0005393575325056359,1.0,9.928617045160434e-06,0.002618962364202296,0.026306036135388747,5.188834605393587,-2.152518565456073,-2.1525312264760337,-2.144807368516922,1.2673592815796534e-05,1.3513430341542213e-05,0.0035376426919052997,0.044523836889614664,6.668309847513835
1818,-2.624235250331737,-2.6247115753315113,-2.6268390902766474,0.000476318652983065,1.0,9.794157971622621e-06,0.0024645450973400365,0.02817501976258225,3.4386513321487993,-2.375748068094253,-2.375769888361295,-2.380293001731237,2.1803736065824825e-05,5.6319093838889484e-06,0.001598229549320725,0.021303209709003568,5.611212422450383
1819,-3.009142416494864,-3.0097497745796487,-3.01917631537826,0.0006073626379172007,1.0,4.000082054955311e-06,0.0011060797820661079,0.014830049748222033,2.647340209395797,-2.09702181071043,-2.0970679807166257,-2.150141131132841,4.616387498875459e-05,2.438791142367336e-06,0.0007370868091432688,0.010913602697352568,5.384351481993993
1820,-3.2040881933989347,-3.204758087793986,-3.201270907013505,0.0006699135044106731,1.0,2.228670883528981e-06,0.0006308592219957737,0.00936926958254642,2.6458237082869918,-1.7998900394886734,-1.7999217379838228,-1.8856695940097172,3.169414897759756e-05,1.798204683230627e-06,0.0005312921978960125,0.00830001407302916,5.258228013912837
1821,-3.2772575660988137,-3.2778240663033946,-3.253052976396349,0.0005664944096847817,1.0,1.7147759257972616e-06,0.0005094393704052049,0.007760982115373567,2.6757809232782432,-1.636822082102299,-1.636845809717973,-1.741681187103192,2.3727382843693096e-05,1.599318352418777e-06,0.0004828210803680122,0.0071329207470019656,5.352889627218246
1822,-3.254098795078419,-3.254424046587061,-3.253420322029679,0.00032525061181298007,1.0,1.564868790006181e-06,0.0005272982557976826,0.008698050864040852,2.7224042106557778,-1.8602700345218182,-1.8602828520039718,-1.9685107146700223,1.2819344798723856e-05,1.4184891294159267e-06,0.0006139135706083229,0.009117325651459396,5.346872369448344
1823,-3.3297910866913973,-3.330122055830779,-3.3198371904867665,0.0003309767969228603,1.0,1.430508666123421e-06,0.0005919550549825308,0.009089559437362131,2.6674602649830006,-1.9174088950579364,-1.9174213094326358,-1.9914912109573681,1.241220161318779e-05,1.2752250408235948e-06,0.0005586717610034005,0.008341340852590898,5.325751503308614
1824,-3.2627863354153104,-3.2632530088777894,-3.250390238232083,0.00046669636611585265,1.0,1.2637007818772905e-06,0.0005899008311745194,0.009849725204899355,2.9052789741092258,-1.8634749562479556,-1.8634839616715908,-1.9400228261947632,8.990522474050522e-06,1.2520564780515997e-06,0.0005876291640258083,0.00922960095340386,5.298326700925827
1825,-3.1124499020753085,-3.112680691259879,-3.117100644994665,0.0002307973250194832,1.0,1.3478079549882008e-06,0.0006289649151127647,0.009641034476872947,2.4250585591351546,-1.5176569347580275,-1.5176631783445675,-1.5921355461080868,6.246768559018771e-06,1.4665594581704984e-06,0.0006824807157196725,0.009518930901928494,5.296364217996596
1826,-3.0876208941141763,-3.0878312940950745,-3.0770147464893483,0.0002103877012376432,1.0,1.6510666430096737e-06,0.0006729562279630314,0.009445639051221035,2.4349577162000866,-2.0280261424680552,-2.02803204782928,-2.0754458786298833,5.905516445636749e-06,1.6477501768955942e-06,0.0006520294870521562,0.008606923394836485,5.360138475894927
1827,-3.2439755068884955,-3.244116668347959,-3.2244973889103643,0.00014115745822588602,1.0,1.6001046442734488e-06,0.0005569955187470272,0.008368186152505654,2.32712134608516,-1.7257160830001035,-1.7257208699981372,-1.817005707571904,4.778771350781123e-06,1.5427771889638582e-06,0.0005302199145565586,0.007654068700503558,5.2289390961329145
1828,-3.3741559629087097,-3.374359695999711,-3.360061433580187,0.00020372674421027855,1.0,1.4836605428340758e-06,0.0004792984907032439,0.0074148113597874285,2.426813761393229,-1.7111867368221283,-1.7111909464001656,-1.7683174133611221,4.21664056678613e-06,1.3824927786269352e-06,0.0004701283760368824,0.007062481910300751,5.180458207925161
1829,-3.3780877236966735,-3.378234695505213,-3.368926171903257,0.00014696608263033408,1.0,1.3284837189496979e-06,0.00046502477360061475,0.007596812642144936,2.4588337827611855,-1.5078638295332591,-1.5078684849043686,-1.585026727989316,4.649007072051366e-06,1.2631024522609853e-06,0.000480355662148213,0.007409550230174015,5.352672775586446
1830,-3.090384986665514,-3.09058646802549,-3.078894023542051,0.00020144231341503286,1.0,1.3982977996554972e-06,0.0005390519746234295,0.008389096741599066,2.490441119229352,-1.9936914034187794,-1.9936962947249413,-2.046355669386685,4.8798974603414536e-06,1.5393265660653317e-06,0.0006489463485195301,0.008965139859355986,5.351722647746404
1831,-3.2439577932711,-3.2442459177087852,-3.256087170706855,0.0002881317502922482,1.0,1.5704010946946155e-06,0.0006234292652354472,0.009736598279603102,2.466862612300449,-1.8992843665182593,-1.8992883507162333,-1.9726207181811333,3.99700365960598e-06,1.4364977355777835e-06,0.0005766674839833286,0.008795158471912146,5.1459762553373976
1832,-3.2932000954945884,-3.2933910157945423,-3.2825068632761636,0.0001909236803098961,1.0,1.4409200646157303e-06,0.0005361881997453531,0.008636587920288244,2.466708019927696,-1.6619360446929932,-1.661939151585102,-1.766483801106612,3.108133872350057e-06,1.3655945518091055e-06,0.0004973526047251653,0.007327836928501104,5.310490796963373
1833,-3.2310535554532653,-3.231782480522438,-3.2395372832262956,0.0007289337615172068,1.0,1.3837683396828922e-06,0.0005308039350590358,0.008480857074674632,2.621574322382609,-1.7407312964399655,-1.7407364298899968,-1.851325809955597,5.141676714022954e-06,1.3458584836219718e-06,0.0005570184875978157,0.008273148133109013,5.391341745853424
1834,-3.322844770219591,-3.3230398142779314,-3.304316617824413,0.0001950406089976982,1.0,1.3351771620498901e-06,0.0005716948804480058,0.00920443505876594,2.606897892775359,-1.8304347122708957,-1.8304416723549366,-1.951852917515983,6.958609446883202e-06,1.2620238294402952e-06,0.0005335391033440828,0.008254080972013375,5.239583174387613
1835,-3.290715800391303,-3.2909196306157997,-3.3150280669883445,0.00020382615427176157,1.0,1.264872855278588e-06,0.0005117435950389201,0.007906892785319575,2.5031516640274614,-1.6814769456783931,-1.6814840926478307,-1.7552501435081165,7.153721526265144e-06,1.2636310865824878e-06,0.0005415942093047003,0.00856362316214169,5.696895301342011
1836,-3.230326365541529,-3.230502821781017,-3.2445265937734535,0.0001764482370129338,1.0,1.2596389238010656e-06,0.0005849736346000875,0.009217951032850478,2.5143293981198913,-1.8776568801452715,-1.8776633658756812,-1.9567708956698577,6.508237371842067e-06,1.2851197936925018e-06,0.0006292379791072259,0.009241122053936124,5.1672489742438
1837,-3.0679403411017523,-3.0680972646783897,-3.053579648335775,0.0001569234386638359,1.0,1.415375209035119e-06,0.0006421438883990049,0.009497908323451324,2.42181036207411,-1.5482748380551736,-1.5482797504713137,-1.6015053403874238,4.9176160246133804e-06,1.5317444971666798e-06,0.0006647435123644149,0.008997158865289142,5.276130259037018
1838,-3.1196593002036765,-3.119772292949535,-3.121558772193061,0.00011299343572722541,1.0,1.7317809545568674e-06,0.0006389183151811638,0.009102142743628335,2.2442234092288547,-1.9649271624512041,-1.964931626280304,-2.027794117728869,4.46933942536513e-06,1.733393896567274e-06,0.0006159089874320974,0.008888794536081454,5.184698333342871
1839,-3.0519244560488947,-3.052140681831925,-3.0374592895861023,0.00021623171589992666,1.0,1.6806974540654832e-06,0.0006708390881410904,0.011040040826493944,3.1271294487847223,-2.078970605507493,-2.078978383913636,-2.1225744988769293,7.760478183627129e-06,1.6135258202136054e-06,0.0008546549385452332,0.017679601558484137,5.722838004430135
1840,-3.2914275769834167,-3.291735560805709,-3.262004640367296,0.00030798078687102707,1.0,1.4934232147559804e-06,0.000728361492898936,0.013539097125262575,2.860740657205935,-2.156057719141245,-2.156066316490372,-2.217044774442911,8.587570240100225e-06,1.3442135156083168e-06,0.0006706454126591174,0.015018149395473301,5.070053825775782
1841,-3.168331442055879,-3.1684709986050925,-3.164908356136746,0.00013956027450384917,1.0,1.2843917147620232e-06,0.0005391687079315523,0.009691400729395725,2.4373900669592397,-1.8538795659939449,-1.8538864565392335,-1.8948590407768886,6.893106425801913e-06,1.357854695053599e-06,0.0006102701154304668,0.010271108689873168,5.24293652176857
1842,-2.8367211608975023,-2.8370409685152547,-2.8236503104368844,0.00031981286075380113,1.0,1.9625345860024227e-06,0.0010293755352635075,0.015847671673529677,3.243905429486875,-2.3957350452740984,-2.395741800467173,-2.420991207162539,6.7711807787418365e-06,2.1218456538463215e-06,0.0010174929290466632,0.0156718868141373,5.364930063486099
1843,-3.309441981492219,-3.3096363456160933,-3.2795683631190546,0.00019437819719314575,1.0,1.6696127347502085e-06,0.0007417633088253853,0.010999136362914686,2.6286752886242337,-1.931708497305711,-1.9317142441868782,-2.066491129497687,5.747269218166669e-06,1.3916678274957424e-06,0.0005631511351869752,0.009954288776498288,5.110698372125625
1844,-3.3765128630178944,-3.3766702634316905,-3.387736991599754,0.00015738254619969262,1.0,1.3044935435068005e-06,0.0005087565481921451,0.008600677329081076,2.4258666656635426,-1.546610084672769,-1.5466146940986316,-1.633297738308708,4.5995693653821945e-06,1.2570120730970302e-06,0.0005111849944417676,0.008985821002473434,5.157206326723098
1845,-3.1287125569802745,-3.1288595729404025,-3.1193449232313366,0.00014702782586768822,1.0,1.3726419183512917e-06,0.0005591040481468317,0.008903937604002378,2.428486695996037,-2.057956282515079,-2.0579600784306726,-2.1238811196138463,3.785050163666407e-06,1.4593161002570316e-06,0.0006314583539885158,0.010371707399220517,5.208600848913193
1846,-3.2807594935099282,-3.2809112160294145,-3.2805576854281955,0.00015172893526377502,1.0,1.4180819368481967e-06,0.0005739192430930281,0.00933349323976371,2.37739814652337,-1.8873649897674718,-1.887368407100439,-1.9857768937945366,3.4197388837734857e-06,1.3675321781647654e-06,0.0005446206450869795,0.009062128122119853,5.153214812278748
1847,-3.177612198723687,-3.17773202613548,-3.1796238952212863,0.0001198183055277224,1.0,1.4013647463192076e-06,0.0005012246859863539,0.008173052376757065,2.3037867413626776,-1.4993231470386188,-1.499326025446256,-1.5601686875646312,2.875225618481636e-06,1.4920681981796708e-06,0.0005712606653105468,0.009082348047134777,5.1301548182964325
1848,-3.242260535558065,-3.2423829149316856,-3.2565848297542996,0.0001223721300010328,1.0,1.6054863939037507e-06,0.0005712802521884441,0.00896598628066756,2.2996882023634733,-1.9472186143199604,-1.9472215694064896,-1.9867838091837864,2.9444539298613868e-06,1.5221606114816193e-06,0.0005530721100512892,0.009150330636960765,5.15231333176295
1849,-3.1644881853350886,-3.1646364662382336,-3.143296606010861,0.00014829421760859313,1.0,1.4183543347220013e-06,0.0005986361701852056,0.010090369877784892,3.0368350788399026,-1.8799799655874567,-1.8799846253047388,-1.9875096306204796,4.682689905166626e-06,1.4368550296239846e-06,0.0006547731851848463,0.011229304654989392,5.421561499436696
1850,-3.2543783805988453,-3.254556249689173,-3.269553573043258,0.00017788371554127447,1.0,1.4135301348182516e-06,0.0007144174499747654,0.013110215241020476,2.656649916260331,-2.121969886124134,-2.121975683917602,-2.2229657570521035,5.799500892559688e-06,1.3445245059529043e-06,0.0006761247447381417,0.011815087539919963,5.195757061243057
1851,-3.256494133560746,-3.256612945485998,-3.248961819542779,0.00011881972076716247,1.0,1.3172213618451711e-06,0.0005654000819453762,0.008992526792334738,2.344673024283515,-1.943381970748305,-1.9433869030326605,-2.0350824346144996,4.949125771721204e-06,1.3578299918511523e-06,0.0005793886606018835,0.00918124346450592,5.229881465435028
1852,-3.2470297283596463,-3.2471767443197743,-3.252868722986292,0.00014702858472311937,1.0,1.4064086818271555e-06,0.0005549800655528627,0.008648149065535378,2.308522312729447,-1.9260694766417146,-1.9260737768684824,-1.985733839372794,4.304417719443639e-06,1.4162995635539726e-06,0.0005664945589766527,0.009059085258437941,5.088735063870748
1853,-3.3386598516393593,-3.3388656510247126,-3.33103166686164,0.00020579552208935774,1.0,1.3290740441705026e-06,0.0004964026458630407,0.008037001817245726,2.3065735366609363,-1.613342660168807,-1.6133460054794948,-1.728813259008651,3.3515971153974533e-06,1.318266110198844e-06,0.0004932051706418861,0.008137222592874119,5.117729127407074
1854,-3.1762441705774376,-3.1763743029700384,-3.1853379850034362,0.0001301314957715847,1.0,1.3806965255382778e-06,0.0005334961525578466,0.008421944212858324,2.488905173760873,-1.5880886209973444,-1.5880926028670121,-1.6264105401933193,3.977833936611812e-06,1.4197964854171612e-06,0.000611932295820831,0.009661821900711706,5.464866588513057
1855,-2.9738764464855194,-2.9740022956221193,-2.969890128131266,0.00012584789483635514,1.0,1.5794643567696092e-06,0.0007894018695137843,0.0118875902629009,2.973129254800302,-2.2535717487335205,-2.2535852442185083,-2.2581367244323096,1.3512171184023222e-05,1.630466409589341e-06,0.0008285866473064137,0.012085910459669927,5.398649086554845
1856,-3.3821904129452176,-3.3822868488453053,-3.375609247772782,9.642134386080283e-05,1.0,1.5259124792363664e-06,0.000625594313196079,0.009609009760121504,2.298638357056512,-1.875152934032182,-1.8751643820044894,-1.9154207060734432,1.1452085648973783e-05,1.2859554866887872e-06,0.0005094987342696792,0.008126113360049203,5.174382805824281
1857,-3.386181937323676,-3.386265260201913,-3.3917812682964184,8.331246122165962e-05,1.0,1.2919561843066024e-06,0.0004418207433816321,0.006907283897615141,2.143327827806826,-1.4014435249070327,-1.4014530802766483,-1.4454972206925352,9.563441077868143e-06,1.2783949188133192e-06,0.0004644854767927124,0.0073310185204415275,5.145880430936813
1858,-3.222094977343524,-3.222240677586308,-3.214664865423132,0.00014571590280091322,1.0,1.3319911010546126e-06,0.00046422400541982996,0.0071645403211867366,2.3263260391023426,-1.500325883428256,-1.5003335364162922,-1.5366710778325796,7.650892560680708e-06,1.339159581448257e-06,0.000499749028676888,0.007802023144904524,5.295580397049585
1859,-3.1931778678187617,-3.1933245923784046,-3.151065402560764,0.0001467171780489109,1.0,1.410703185279595e-06,0.0005273831743074374,0.008098433001173867,2.5093222900673195,-1.785718775043885,-1.7857240438461304,-1.8224849725763004,5.284246678153674e-06,1.4628754172463232e-06,0.000557296375821655,0.008638077318513146,5.423435946305593
1860,-3.169965470278705,-3.1701032938780607,-3.1610344339300087,0.00013782939425221197,1.0,1.585404414038715e-06,0.0005866229378928741,0.008816886037864067,2.5272833329659923,-2.0360405097405114,-2.0360468216240406,-2.0665654887755713,6.316229701042175e-06,1.6385576676232934e-06,0.0006241175966958205,0.010241206793580204,5.312920023997624
1861,-3.3540394482789218,-3.35412335395813,-3.3528120517730713,8.38942273899361e-05,1.0,1.5201003954509226e-06,0.0004995480423396522,0.007384897727105353,2.141187623695091,-1.6705926631887753,-1.6705982002119224,-1.7426204572742183,5.531512821714084e-06,1.426593385644992e-06,0.0004630831099348143,0.007659844200437267,5.128028521935145
1862,-3.2378863581904658,-3.238130004317672,-3.236621141433716,0.00024366247709150667,1.0,1.4179114950147103e-06,0.00044865080013146833,0.006702451897716081,2.3772572897098683,-1.4961389017601807,-1.4961436986923218,-1.5512555831422408,4.81229896346728e-06,1.4465439572101484e-06,0.00048037650776677765,0.0074859326317285495,5.511539111534754
1863,-3.1103798283471003,-3.1105115060453064,-3.1082577440473766,0.00013168080261460058,1.0,1.716615239881018e-06,0.0005660162553087705,0.008356168486729817,2.53139838024422,-1.9970883106191955,-1.9970917875568073,-2.0233775849143663,3.4865612785021463e-06,1.7405055861748526e-06,0.0006130888771925432,0.00957451966435959,5.1716975569725046
1864,-3.3931328543910273,-3.3932260230735496,-3.4139819498415345,9.320007154235134e-05,1.0,1.5684735469929162e-06,0.0004983402484665728,0.008234367636894738,2.1906958244465016,-1.5792354779938855,-1.5792381738622983,-1.6287107843284805,2.692065512140592e-06,1.3817246440339659e-06,0.0004496544703821807,0.007358545097910489,5.274358451366424
1865,-3.393504990471734,-3.3937305256172463,-3.393831668076692,0.00022551782981113151,1.0,1.3655605589182987e-06,0.00044037180594858473,0.0070597638324317,2.380967458089193,-1.6044705001016457,-1.6044737609724204,-1.6575450592984755,3.2712705433368683e-06,1.3069807778265385e-06,0.0004415702678670641,0.006875186945156504,5.243341734011969
1866,-3.115665359629525,-3.115848112989355,-3.117152802370213,0.00018275011744764115,1.0,1.3539469389595777e-06,0.0005444637898579929,0.009180856083899184,2.789606147342258,-2.0322025183510655,-2.032206968210327,-2.0838094018399715,4.4513338555892306e-06,1.4609660183850792e-06,0.0007072797792109972,0.01085975991251568,5.638585358858109
1867,-3.1597596097875527,-3.159951819313897,-3.1515369415283203,0.0001921862087867878,1.0,1.5167440189408673e-06,0.0007291246955800387,0.01142072472376404,2.760891481682106,-1.9115399823834496,-1.911545803770423,-1.9623016748131097,5.820300430059433e-06,1.4504104891936247e-06,0.0006269953858767016,0.009462354627127448,5.3883830308914185
1868,-3.3212137487199573,-3.3213498239164,-3.3406913898609303,0.00013607305785020193,1.0,1.3891632011951447e-06,0.0005409110281443982,0.00834795262630063,2.2669442229800754,-1.7180028768877187,-1.7180071882903576,-1.7795246119300525,4.316680133342743e-06,1.338390925790615e-06,0.0005220892853685655,0.008126621833071113,5.088606129089991
1869,-3.3381505365724915,-3.338261463023998,-3.3221209667347096,0.00011092990084930702,1.0,1.3296817045287483e-06,0.0004737287429937472,0.007486243016534933,2.2588490115271673,-1.4219127496083577,-1.4219162066777546,-1.520375796283285,3.4801972409089408e-06,1.3235669342748224e-06,0.0004801353255364423,0.007455181097611785,5.142807910839717
1870,-3.062665908424943,-3.0627898154435336,-3.0651116989277027,0.00012390101673426452,1.0,1.4718738115064937e-06,0.0005225391209091025,0.007947549732677915,2.335138824250963,-1.726460818822185,-1.7264650389552116,-1.7492120725413163,4.212837666273117e-06,1.7118557925262696e-06,0.0006350522283658696,0.00923987285932526,5.313884178797404
1871,-3.201389886714794,-3.201527569029066,-3.187648225713659,0.00013767141434881423,1.0,1.7718752116235447e-06,0.0006119348809416233,0.008523385713083876,2.453731550110711,-1.9033746073643367,-1.903377580145995,-1.9732553539797664,2.9757308463255563e-06,1.6618443604935844e-06,0.0005466245820571203,0.008257030024348447,5.113055189450582
1872,-3.3829849119539612,-3.383115635977851,-3.3936211709622985,0.00013073968390623728,1.0,1.5165733581549528e-06,0.0004695823569178443,0.0071452959716595986,2.3536330108289367,-1.6120739715794723,-1.6120764600733917,-1.6826613216350477,2.493771413962046e-06,1.3625264566978028e-06,0.0004534099219502726,0.007419573870720342,5.309243828058243
1873,-3.437012054302074,-3.4370923307206898,-3.4315156671735974,8.028511095930028e-05,1.0,1.3031367205729584e-06,0.00042852597349944216,0.00653244330789204,2.292924086252848,-1.6391546924908955,-1.6391574094692867,-1.7102636682490509,2.7218678345282874e-06,1.267421784708252e-06,0.00045495126202392083,0.007855114109891778,5.192279487848283
1874,-3.0623240294279874,-3.0624502588201454,-3.066565341419644,0.00012624601799028892,1.0,1.2771647519642741e-06,0.0005138295441779688,0.00845638898856662,2.551299112814444,-2.0956469997763634,-2.095650946100553,-2.14425290748477,3.959052264690399e-06,1.4443504075719222e-06,0.0007077367602808712,0.013551530777476728,5.309955865144729
1875,-3.312112728754679,-3.31230154743901,-3.317814765153108,0.00018880378316949914,1.0,1.5615112976808665e-06,0.0006563375850587532,0.00981527777319705,2.414606977392126,-1.9971475836937318,-1.9971515016125825,-2.0366053065905967,3.922575463851293e-06,1.4077119961560431e-06,0.0005692057129635941,0.011323941017811498,5.157975484927495
1876,-3.409971864135177,-3.4100541008843317,-3.418812151308413,8.224026748427639e-05,1.0,1.3235811003916616e-06,0.0004488909660183169,0.0069885453881902825,2.1869550060342857,-0.8177361531804005,-0.81773960031569,-0.9112946474924684,3.4424010664224625e-06,1.2434724065239304e-06,0.0004401340411277488,0.008287213403188312,5.10580978790919
1877,-2.48211485920129,-2.4823428889115653,-2.4919051649393857,0.00022803681592146555,1.0,2.5462967625100176e-06,0.0007724453677871713,0.010358730951944986,2.7281150508809975,-2.242035205165545,-2.2420401722192764,-2.2480471382538476,4.96689851085345e-06,4.263305546222303e-06,0.0012192882180291538,0.02055638050660491,5.757968207200368
1878,-3.187067252618295,-3.1872016942059553,-3.196600878680194,0.00013444345030519698,1.0,3.0790361978250546e-06,0.0008291829985359476,0.011740969778555963,2.2695945413024337,-1.978417896355192,-1.9784223794316251,-2.0349413380026817,4.48742260535558e-06,2.096099052550926e-06,0.0005928637886730334,0.010974355546447137,5.1147950291633615
1879,-3.4122518874980785,-3.41240515532317,-3.4064939375276917,0.00015325533847014108,1.0,1.744777073832261e-06,0.0004247206886281708,0.006980847575943227,2.204055733150906,-1.4320885703588522,-1.43209203115354,-1.5449330336414278,3.4808957328399024e-06,1.5154867204122031e-06,0.000404550701205153,0.007567465082199003,5.078049262364705
1880,-3.3958667119344077,-3.39607654677497,-3.409876002205743,0.00020985146639523682,1.0,1.460951786477246e-06,0.00040780068202703087,0.00707620348677867,2.368695758007191,-1.6255722890297573,-1.625576416651408,-1.7492763089636962,4.113341371218364e-06,1.3645780304235207e-06,0.0004460982284702671,0.008508454707528776,5.16071413954099
1881,-3.3267502321137323,-3.3268667834776418,-3.334688639199292,0.00011654405130280388,1.0,1.322922062004013e-06,0.0004831837334980567,0.008270400628033612,2.5228863027360706,-1.9887410402297974,-1.9887487183635433,-2.0725143030285835,7.671924928824106e-06,1.334939810249125e-06,0.0005737773681175895,0.010069301254892101,5.216703106959661
1882,-2.684808241824309,-2.6849249035671905,-2.692517555301526,0.00011667864466155017,1.0,1.2915605499007075e-06,0.0004949869687186072,0.007860198151320219,2.335200552587156,-1.97103542710344,-1.9710429745415847,-1.9999394367138545,7.553802182277043e-06,1.8863499207100176e-06,0.0008115261710675744,0.011090013004528979,5.627635896205902
1883,-2.3552716926292137,-2.355550421608819,-2.3546330487286604,0.00027873318780351566,1.0,6.756513349265097e-06,0.001816485353090145,0.021586273244961544,3.943636355576692,-2.271510610977809,-2.2715190649032593,-2.2637174477179847,8.467429627974829e-06,8.735184527116266e-06,0.0019592951769785336,0.028635768258633714,5.68667854865392
1884,-2.957626810780278,-2.957788176006741,-2.967824211827031,0.00016138109344023246,1.0,5.966400496820117e-06,0.0012670219940547314,0.01753745771323641,2.4605275171774403,-2.1875036656856537,-2.1875124350190163,-2.21852524826924,8.753733709454536e-06,3.4556738815657204e-06,0.0008321724817506038,0.013180264853872359,5.255723615487415
1885,-3.2418804080397994,-3.242230865690443,-3.251044158582334,0.0003504506829712126,1.0,2.6160516923752126e-06,0.0006050144298502279,0.009630923590588349,2.4125484846256398,-1.6506374378999074,-1.650643582145373,-1.7285660679141681,6.147582704822223e-06,1.9753004352196513e-06,0.00047518706681633677,0.007815815217327327,5.18377207716306
1886,-3.4018951698585793,-3.402048252246998,-3.4106001059214273,0.00015307914603639533,1.0,1.7357305279330359e-06,0.0004091447475797462,0.006570375438227698,2.1792065214227745,-1.4434891436249018,-1.4434954300522804,-1.5339639365362625,6.293334687749545e-06,1.5767958814194571e-06,0.0004052990407217294,0.006857681194863592,5.11609090367953
1887,-3.406438915817826,-3.4065703992490417,-3.4186097427650735,0.00013146646044872427,1.0,1.4843377963795017e-06,0.00039395342119624493,0.006484433982728256,2.2688650908293546,-1.5208545004328096,-1.520860745261113,-1.6084173582494259,6.225969021519025e-06,1.405607145935998e-06,0.0004312182391004171,0.0069705856731161475,5.165379265944163
1888,-3.407817425551238,-3.4079211817847357,-3.413525519547639,0.00010375209428645946,1.0,1.3579109884597496e-06,0.0004337792763383024,0.0074247524176758745,2.385580857594808,-1.6296572511394816,-1.629663348197937,-1.7238931922862928,6.1034224927425385e-06,1.2750399254931228e-06,0.0004603472286059211,0.007399448377933974,5.277055650949478
1889,-3.436858751155712,-3.4370474462155944,-3.436885286260534,0.00018871140976746878,1.0,1.2444529307618655e-06,0.00043294129621547955,0.0071518925294556,2.284189308131183,-0.2835473486532767,-0.28355313433955115,-0.32903509059300023,5.7926711936791735e-06,1.1942573602633881e-06,0.0004299173403220872,0.007117844671787073,5.18519514799118
1890,-2.014806685624299,-2.015354284533748,-2.0159173100082963,0.0005475912519075253,1.0,3.7454369198207537e-06,0.0010690645873115431,0.012198825522015492,3.397707559444286,-2.1308134694894156,-2.1308253705501556,-2.115152736504873,1.1913866425553957e-05,5.98298326319006e-06,0.001629161565991429,0.01917346442739169,5.958736201127371
1891,-3.022458147119593,-3.0228452770798295,-3.0159883852358216,0.0003871453443059215,1.0,4.35458283660679e-06,0.0011375479861507538,0.014781780575436575,2.5049364655106157,-2.2389952739079795,-2.2390907208124795,-2.2626409716904163,9.545466552178065e-05,2.639505443842912e-06,0.0007918021583463997,0.011607580080938837,5.216169397036235
1892,-3.2902214527130127,-3.291182853557445,-3.2760324478149414,0.000961390910325227,1.0,2.099332543063307e-06,0.0005946398316020215,0.008947202487400285,2.4845952413700245,-1.505617216229439,-1.5056880600750446,-1.6027395945663254,7.08245982726415e-05,1.6169311483812028e-06,0.00045519108850082074,0.007638604341385265,5.309266557296117
1893,-3.3485349460884377,-3.3492179181840687,-3.3465864658355713,0.000682982098725107,1.0,1.555415316808514e-06,0.00044202709277332933,0.007236596507330735,2.4495197711167513,-1.6193743894497556,-1.619403248031934,-1.7013187613338232,2.8848648071289062e-05,1.4799662721998175e-06,0.00047401394112966955,0.007971228837656478,5.187463164329528
1894,-3.350329657395681,-3.3507107937777483,-3.3393631445036993,0.00038112610302589556,1.0,1.374434999787708e-06,0.00045050835211036936,0.008125637028435315,2.464250538084242,-1.8133036134143672,-1.8133391303320725,-1.873488110800584,3.552017733454704e-05,1.3454821896630165e-06,0.0005318389679208243,0.00861069600796327,5.360715458790461
1895,-3.414903729050248,-3.4152762624952526,-3.40733446015252,0.0003725163362644337,1.0,1.29152446485629e-06,0.0005134673556312919,0.009056341955093321,2.5043133320631803,-1.6346685215830803,-1.6346903145313263,-1.7415924593806267,2.1769509961207707e-05,1.2402364622706348e-06,0.0004894519794712929,0.007553777938786273,5.34848568836848
1896,-2.893085890346103,-2.893306842556706,-2.892879494914302,0.00022096752568527504,1.0,1.3772356034543783e-06,0.0005384113120035854,0.00813124440955343,2.3246031602223716,-1.888339117324601,-1.888348429153363,-1.9486870840191841,9.303058808048567e-06,1.8329537236165077e-06,0.0007680053507404713,0.010320267096782723,5.530723839998245
1897,-3.120153780336733,-3.1204949308324745,-3.1319853729671903,0.00034115270332053853,1.0,2.0971316206231237e-06,0.0008153669790502776,0.011627703060016589,2.4513806060508445,-2.1191326876481376,-2.1191411142547927,-2.1686472495396933,8.43685120344162e-06,1.8324072357245313e-06,0.0006857586777186953,0.010491758623781303,5.253220021724701
1898,-3.413262720461245,-3.4135345529626915,-3.403926964159365,0.0002718268445244542,1.0,1.5680853443377096e-06,0.0005164359474157984,0.00923709564462856,2.2619058114510997,-1.5155378145476182,-1.5155447696646054,-1.6361593169470627,6.92725492020448e-06,1.3649432020201857e-06,0.0004272788173693698,0.007294343318790197,5.145627409219743
1899,-3.347275389565362,-3.347478985786438,-3.343528460573267,0.00020357166175489073,1.0,1.3300897560636965e-06,0.00041973720416771593,0.007180928269884101,2.451365731380604,-1.839650068820144,-1.8396581317453335,-1.8535696243246396,8.053844794631004e-06,1.3133895132947753e-06,0.000504957681793409,0.00835591263603419,5.206352521975835
1900,-3.423100745236432,-3.4232363965776234,-3.4094581957216614,0.00013567334799854844,1.0,1.292337363641612e-06,0.0004933414920405657,0.007902261171558941,2.381929940647549,-1.7487050605316954,-1.748712374518315,-1.807183112949133,7.2979989151159925e-06,1.2371228166330184e-06,0.0004908601913484745,0.00789603014709428,5.16564025481542
1901,-3.001381896160267,-3.0015187705004656,-3.002134084701538,0.0001368783414363861,1.0,1.2959729129188755e-06,0.0004794011237444701,0.006858859556140723,2.235135480209633,-1.8123255033666885,-1.8123302462821205,-1.8724905873338382,4.725996404886246e-06,1.6491221875488311e-06,0.0006667297954360644,0.008616634702775627,5.42154664794604
1902,-3.304018576939901,-3.304181116598624,-3.30505453215705,0.00016254179731563286,1.0,1.679602729820073e-06,0.0006153739932752042,0.00873918838247105,2.264104030750416,-1.8948290335635343,-1.8948322674259543,-1.9583863069613774,3.242865204811096e-06,1.4599701453713958e-06,0.0005408156866906211,0.008359951141756028,5.148437847693761
1903,-3.437732564078437,-3.4378637119575783,-3.418090475930108,0.00013114194627161378,1.0,1.3730450855628415e-06,0.00043449710830356235,0.006782010473586895,2.2433013077135437,-1.4218929434816043,-1.421896838893493,-1.5368713728773098,3.8888150205214815e-06,1.2857544646749375e-06,0.0004082922314410098,0.006663794813600059,5.081630935271581
1904,-3.465079563635367,-3.465200998164989,-3.4769674142201743,0.00012145377695560455,1.0,1.2760926850845593e-06,0.00039884186116978526,0.006423541612026316,2.156046637782344,-1.487511749068896,-1.487516136219104,-1.549281601968687,4.37186099588871e-06,1.220168906949463e-06,0.00041152691968212213,0.006715620276130115,5.113750586907068
1905,-3.1644806596967907,-3.164648453394572,-3.1672901665722883,0.0001678143248513893,1.0,1.2430156807062708e-06,0.0004079750387636186,0.006627398525813111,2.15472204596908,-1.691105021784703,-1.6911090941478808,-1.7618787537018459,4.07826155424118e-06,1.4523910086457665e-06,0.0005369743460808726,0.007719243197546651,5.192459096511205
1906,-3.184972948498196,-3.1851626678749367,-3.173220502005683,0.00018972951780866693,1.0,1.5678948599357952e-06,0.0006252292552273031,0.010312622516519494,2.5879725173667625,-1.964451146622499,-1.9644550792872906,-2.001107243821025,3.954550872246425e-06,1.4737207436610333e-06,0.0005684832115851653,0.008533023006748408,5.257693578799565
1907,-3.4046953784094915,-3.4048373345975524,-3.4112944779572665,0.00014196577723379488,1.0,1.4034336867620436e-06,0.0004802380399606018,0.00720665935875365,2.286108127346745,-1.510686365266641,-1.5106894820928574,-1.6249802721043427,3.1194649636745453e-06,1.2636531323551026e-06,0.0004376336522303366,0.007398034232513358,5.203731278578441
1908,-3.3404945444177696,-3.3405807901311806,-3.3343657829143383,8.624716213455906e-05,1.0,1.31150904036514e-06,0.00041690246736699783,0.0065871693055938796,2.114294502470228,-1.2762316366036732,-1.276234358549118,-1.342897763165335,2.7196171383062997e-06,1.315295132068665e-06,0.0004498292085675833,0.007398463028948754,5.142304688692094
1909,-3.3178501394059925,-3.318021889086123,-3.3207754735593444,0.00017174526497169777,1.0,1.3385331638144432e-06,0.00043978970670313747,0.007244095370104468,2.2585646002380937,-1.7506865908702216,-1.7506896456082661,-1.784116047124068,3.0327743540207544e-06,1.3172590579794512e-06,0.0004738352933297089,0.007423996828341235,5.047626376152039
1910,-3.042159848743015,-3.0429024210682623,-3.0411554045147366,0.0007425880542507878,1.0,1.4977830839294863e-06,0.0005399176023072667,0.007866334023506002,2.4878634170249656,-1.9266043367485204,-1.9266077888508637,-1.9316999949514866,3.4603290259838104e-06,1.7319850798003245e-06,0.0006550358133002495,0.00959223520476371,5.344619631767273
1911,-3.3796371442300304,-3.379787294952958,-3.382884837962963,0.0001501489982560829,1.0,1.6053884884833543e-06,0.0005267680616169754,0.00771311369586598,2.1183075375027127,-1.4934524012108643,-1.4934562680621941,-1.5827583229790132,3.865299125512441e-06,1.4044473412392715e-06,0.00044908025908322696,0.007641263529270266,5.075272520383199
1912,-3.3772580182110823,-3.3773756292131214,-3.377429794382166,0.00011759837744412598,1.0,1.376668731407133e-06,0.0003861088200075621,0.006245234291310664,2.0918445189793906,-0.6005684000750382,-0.6005730791948736,-0.6826306683942676,4.682301854093869e-06,1.3399234622587148e-06,0.000408182357205078,0.006251661659916863,5.043986658255259
1913,-3.231729613410102,-3.231918961913497,-3.256325500982779,0.00018935940331882902,1.0,1.5125590843362496e-06,0.0004525697440840304,0.006448745287747847,2.115210762730351,-1.3134352639317513,-1.3134391258160274,-1.3992143094462033,3.872284044822057e-06,1.4969565237758313e-06,0.0004730754553747829,0.0072304819865773124,5.037832389275233
1914,-3.1560376396885625,-3.1561477272598832,-3.1394304964277477,0.00011006439173663104,1.0,1.5648262079695187e-06,0.00045235257669076046,0.007106544467172137,2.183152887556288,-0.8469848815972607,-0.8469882612116635,-0.9348523419951865,3.372396652897199e-06,1.7209092201634728e-06,0.0005101370613071291,0.007844099483918399,5.120822101831436
1915,-2.9593988171330206,-2.959562804963854,-2.954485610679344,0.00016400204212577255,1.0,2.416498436677675e-06,0.0006000309960519964,0.008525613350448784,2.3130909425240977,-1.975337525208791,-1.975341157366832,-1.9890132608513038,3.6196627964576087e-06,2.7607255882837003e-06,0.0006498349321191199,0.009708860132377595,5.215820451577504
1916,-3.264384561114841,-3.2646058488775185,-3.2602276978669344,0.00022130142207498903,1.0,2.2882236028938982e-06,0.0005442066758405417,0.008175239242889263,2.4128167496787176,-1.559599544852972,-1.559603650122881,-1.6181339101555448,4.09812976916631e-06,1.8776886084500195e-06,0.00043919400923186913,0.007087347747680421,5.159852306048076
1917,-3.376617007785373,-3.376760579921581,-3.3718828095330133,0.00014356744510156136,1.0,1.7055347775062223e-06,0.00041449629740479094,0.00636446994246432,2.34943284811797,-1.4848021914561587,-1.4848061104615529,-1.6160490072021882,3.910778711239497e-06,1.5194327147582953e-06,0.0004162592279802387,0.00720486697779658,5.100225160519282
1918,-3.489152263712,-3.4892454235642045,-3.4952579427648476,9.315867942792397e-05,1.0,1.4176310464285457e-06,0.0003692012752354559,0.006035851875182103,2.145529446778474,-1.3924291121462982,-1.3924324934681256,-1.503702777127425,3.3989393462737403e-06,1.3308985273852159e-06,0.000383500124977824,0.006693545195351665,5.036413908004761
1919,-3.529173462479203,-3.52926120934663,-3.5379334379125527,8.773134538420925e-05,1.0,1.2842779521330765e-06,0.00035428420179178593,0.0058832085363704845,2.023020280732049,-1.2122603595877688,-1.2122634751722217,-1.3300084128665428,3.1134113669395447e-06,1.213696762647487e-06,0.00036662421795578365,0.006164319425200422,5.097733239332834
1920,-3.0569850736194186,-3.0570989582273693,-3.048727379904853,0.0001139057179292043,1.0,1.260371694418912e-06,0.0003979166503995657,0.007419640974452098,2.292823310251589,-1.5748178934057553,-1.5748217503229778,-1.6939527007440727,3.8566843916972475e-06,1.5270309413987586e-06,0.0005801185191861199,0.00874482923730587,5.267101536194483
1921,-2.8981899552875094,-2.8983808093600802,-2.9019565184911094,0.00019086035037482225,1.0,2.5779757682660906e-06,0.0007950716751144717,0.010901298218717178,2.5835321700131453,-2.1486584047476454,-2.148661901553472,-2.165477469563484,3.5052653402090073e-06,2.7043090161290215e-06,0.0008137719899726411,0.011783288849983364,5.261536151170731
1922,-3.2778430956381337,-3.278002897898356,-3.2657711152677185,0.00015979625836566643,1.0,2.166262435012969e-06,0.00063204534213852,0.009416399954783695,2.416991436922992,-1.6168075104554493,-1.6168107117215793,-1.69278442983826,3.1989378233750663e-06,1.6531345797451043e-06,0.0004474167180887889,0.00791711145817923,5.154039919376373
1923,-3.49360548125373,-3.4937214056650796,-3.4821669084054454,0.00011593627708929557,1.0,1.4830869337890395e-06,0.00036914584213971265,0.006066896228326691,2.1078886544262923,-1.1386214398468535,-1.1386246690526605,-1.2839961390321453,3.2325430462757745e-06,1.3588101808181818e-06,0.0003586274348587419,0.006070433514347921,5.05065534512202
1924,-3.4660094579060874,-3.466138177447849,-3.4571109347873263,0.00012871422977359207,1.0,1.3183534764283212e-06,0.0003558830142504087,0.006056634959316364,2.2831608675144337,-1.113268962750832,-1.1132730847845476,-1.2009197197233636,4.127776871124904e-06,1.2530578459291064e-06,0.0004062630105181597,0.007192988385213539,5.457994927962622
1925,-3.340918293705693,-3.341124923140914,-3.33627336996573,0.00020662184666704248,1.0,1.2813151005064828e-06,0.0004713942061816515,0.007737779420697027,2.4914105556629322,-1.742845490574837,-1.742850864926974,-1.8586293458938599,5.378543088833491e-06,1.251243508212004e-06,0.0005223172447585966,0.010200773346393058,5.243998438119888
1926,-3.234601965656987,-3.2346822950575085,-3.24374399361787,8.033967956348702e-05,1.0,1.3050554807031638e-06,0.0004682760455007492,0.007447238200930534,2.0741857643480652,-1.708323650062084,-1.7083281750480335,-1.7993331228693326,4.539964720606804e-06,1.3671920460941085e-06,0.0005241402698932992,0.008891639784754565,5.230886032183966
1927,-3.4776487791979753,-3.477755520078871,-3.473190501884178,0.00010676205986075931,1.0,1.3247046674088644e-06,0.00043081667994287,0.006498551858520067,2.065046928547047,-1.2880427750448384,-1.2880462532242138,-1.3725696268181007,3.4777137140432992e-06,1.2170275880407644e-06,0.00038422759947328206,0.006940240321758513,5.214991509914399
1928,-3.255211900781702,-3.2553595701853433,-3.2414235318148577,0.00014769644648940475,1.0,1.219417072206852e-06,0.0003696215129888582,0.005873315821022347,2.22989531799599,0.6246260972693563,0.6246211353378991,0.4970962133569022,4.964337373773257e-06,1.2831527840262424e-06,0.00046774366395159933,0.007754300391146292,5.3639626801013955
1929,-2.6309302581681147,-2.631176471710205,-2.620551970269945,0.00024619029351958524,1.0,2.0904641107538028e-06,0.000834274153156137,0.010863085863766846,3.196274417418021,-2.2511117259661355,-2.2511235773563385,-2.2326312164465585,1.1838662127653757e-05,2.4140423467618652e-06,0.0012407584630030517,0.019732690959547956,6.115743060906728
1930,-3.1685389236167625,-3.1687185852615922,-3.1703841068126537,0.00017966799162052297,1.0,1.987212718395986e-06,0.0009062317161199948,0.012279316196563068,2.662792766535724,-2.1464771727720895,-2.1464845513304076,-2.171302128583193,7.3928385972976685e-06,1.5321109903728332e-06,0.0006511713994162468,0.010277117233878622,5.162561555703481
1931,-3.4534390855718544,-3.4535479457290084,-3.45778434364884,0.00010886815962968049,1.0,1.4097721237636439e-06,0.0004726953823895504,0.007339872816508567,2.07365443971422,-1.503426197916269,-1.5034326228002708,-1.5945005392034848,6.428143630425136e-06,1.2733689421414358e-06,0.00040569417978986166,0.006333017430733889,5.1071633497873945
1932,-3.4436329205830893,-3.443720649789881,-3.451268125463415,8.772941375220264e-05,1.0,1.2660711987606461e-06,0.00036801626642786516,0.005816761464639394,2.0756712268899986,-1.0044312879132726,-1.0044373143464327,-1.098748284081618,6.023949633042018e-06,1.2294548052220005e-06,0.00039502917691910017,0.006511572457384318,5.1013378997643795
1933,-3.320240691856102,-3.320394374706127,-3.3094297691627785,0.00015368202218302973,1.0,1.3026615895931307e-06,0.0004264314646004803,0.007015574982182847,2.2626197735468545,-0.9878105043123167,-0.9878147472627461,-1.07500094268471,4.2568426579236984e-06,1.278632372721707e-06,0.00044685187337260385,0.007424174284096807,5.285213390986124
1934,-3.137820914939598,-3.137919690873888,-3.160147534476386,9.875972237851884e-05,1.0,1.5042836509935484e-06,0.0004897988757066843,0.007051719680290531,2.076882079795555,-1.5564117766916752,-1.556415726741155,-1.6095022968947887,3.948419665296872e-06,1.6226471709993955e-06,0.0005432196048786864,0.007937963877338916,5.1588537991046906
1935,-3.2583345395547374,-3.258476654688517,-3.257783201005724,0.00014210671738342003,1.0,1.6582662999132513e-06,0.0004815542121866235,0.0072704310166753,2.1032967920656556,-1.800711047525207,-1.8007140215486288,-1.853041824574272,2.963856483499209e-06,1.6230803983792914e-06,0.00047102694467563805,0.007388044594942282,5.031616826852162
1936,-3.4375515072434037,-3.437641797242341,-3.4373748037550182,9.028089267236215e-05,1.0,1.4685863671157104e-06,0.00038030097601693814,0.005976825460998548,2.0552077337547585,-1.37382943648845,-1.3738322323188186,-1.429074072026803,2.804212272167206e-06,1.3844195621004474e-06,0.0003757306355206917,0.006275671330513433,5.076952934265137
1937,-3.3909171422322593,-3.391012765743114,-3.3666448946352356,9.561212802374805e-05,1.0,1.396791082731431e-06,0.0003702786871818481,0.005992556016685234,2.2794547345903187,-1.2482439329226813,-1.2482471043864887,-1.303065338016798,3.166496753692627e-06,1.3411405698586047e-06,0.0004120325381033278,0.006350632873363793,5.0367083350817365
1938,-3.458928381955182,-3.459008084403144,-3.467146361315692,7.972348895337846e-05,1.0,1.3477368922933777e-06,0.00039258011491727775,0.006105404028117105,2.061908390786913,-1.4386833521227043,-1.4386867384115856,-1.5047125772107393,3.3695250749588013e-06,1.2586950409361937e-06,0.00038192608796331723,0.006209444138221443,5.048263629277547
1939,-3.1382177582493536,-3.1383471842165345,-3.1301380086828163,0.00012944818094924644,1.0,1.3644861214574863e-06,0.0004470709515131872,0.007170564977935067,2.353705781477469,-1.80947543354705,-1.8094797153025866,-1.8480186636249225,4.286644980311394e-06,1.5264912652431424e-06,0.0005138812593941111,0.007752073695883155,5.220744709173839
1940,-3.341751398863616,-3.341835887343795,-3.330609683637266,8.451517809320379e-05,1.0,1.6037135024075891e-06,0.00047426996752619743,0.007168623782625353,2.061884955123619,-1.5667190427581468,-1.5667225265254576,-1.6322290326158206,3.4662274022897086e-06,1.447877115386594e-06,0.0004225126237239844,0.006994613844047611,5.117863744497299
1941,-3.491434371029889,-3.491548017219261,-3.4905980074847185,0.00011364004954143807,1.0,1.361433583547801e-06,0.00036627589724957943,0.005791996683304508,2.1309096901505082,-1.4427135773003101,-1.4427162890012066,-1.502186578931287,2.7019220093886056e-06,1.2814599254321972e-06,0.00037078493793766637,0.006185078838219245,5.043064733346303
1942,-2.468228181651621,-2.46837544016954,-2.47774461104914,0.00014724803191644174,1.0,1.442083539923597e-06,0.00043043089573513026,0.006429219523582746,2.4100860401436135,-1.2371218176558612,-1.2371314694173634,-1.2518243361264467,9.65051973859469e-06,3.085260497452206e-06,0.0009888717152837974,0.011705260588011393,6.925859610239664
1943,-2.587500775301898,-2.587851471371121,-2.5844925774468317,0.0003506897224320306,1.0,6.30484019994684e-06,0.0016000324286761934,0.017272640192122372,3.7446110160262496,-2.35448969900608,-2.3545017590125403,-2.355382119615873,1.2075761333107948e-05,6.043365128031534e-06,0.0015864846936892718,0.022439388480658334,5.526559631029765
1944,-3.032113861154627,-3.0325304402245417,-3.0357700453864203,0.00041657575854548703,1.0,4.450812681440126e-06,0.0010992869113882382,0.01584926515783149,2.6180136733584933,-2.0501281303974492,-2.0501421483544013,-2.1034187842160463,1.4005151266853014e-05,2.5690247961544324e-06,0.0006921977959185218,0.01203978422563523,5.196516205867131
1945,-3.156238531624829,-3.156600544298137,-3.1553393922470234,0.00036202488398110426,1.0,2.293849884490892e-06,0.0006605917253721229,0.011605193666009992,2.8617770362783364,-1.8699128683656454,-1.8699264423921704,-1.9378669895231724,1.3592885807156563e-05,1.8739973957811646e-06,0.0005678670907703539,0.009332251987264803,5.167504727840424
1946,-3.4382846355438232,-3.438466363483005,-3.417598565419515,0.00018172442085213133,1.0,1.6880152231722065e-06,0.0004490922718239879,0.0072043526796969,2.2199360529581704,-1.2354429483724134,-1.2354573621414602,-1.3244971581734717,1.4410509417454401e-05,1.444243110881871e-06,0.00040021375389187597,0.006846605072496459,5.298935621976852
1947,-3.4514070793434426,-3.4516129670319735,-3.464924512086091,0.00020587796138392555,1.0,1.3861608160233892e-06,0.00037695847762127716,0.006286625250208157,2.186692198117574,-1.4182965668539205,-1.4183050319552422,-1.4818777636392042,8.460289488236109e-06,1.3366015044387798e-06,0.0004120106993165488,0.006615698609190683,5.183292875687282
1948,-3.5446982736940735,-3.5448146572819463,-3.559019618564182,0.00011637786196337806,1.0,1.2880707892556394e-06,0.00037355714421546845,0.006337330236824023,2.020232836405436,-1.4058289577563605,-1.4058362568418186,-1.4790433027471106,7.290315503875415e-06,1.2325935851246566e-06,0.0003842190950914907,0.006262857680364202,5.051199585199355
1949,-3.3126755732077138,-3.312808451829133,-3.3050681749979653,0.00013285192350546518,1.0,1.2275308891831728e-06,0.00037710997922759916,0.0063268717861285914,2.156516287061903,-1.5230012262860935,-1.5230050993462403,-1.623191962018609,3.886719544728597e-06,1.3031474471366284e-06,0.000476742066287746,0.00720886408817023,5.261218249797821
1950,-3.3884982003106012,-3.388629992802938,-3.4044226893672236,0.0001318064276818876,1.0,1.3221994726740781e-06,0.00045012678903596544,0.007270253194427049,2.116832278392933,-1.0595839989061155,-1.0595874421608944,-1.1309462028245132,3.462657332420349e-06,1.2633269363959698e-06,0.00044663858231312287,0.007147083233576268,5.114413519700368
1951,-3.4360277741043657,-3.436147195321542,-3.4482544086597584,0.00011942307982179854,1.0,1.2989402320171293e-06,0.0004125791386252752,0.007074468613912662,1.9934693177541096,-1.303623606140415,-1.3036266316970189,-1.3533717983712752,3.04573525985082e-06,1.2357286796789897e-06,0.0003927011324170356,0.0060824475173528,5.104805916547776
1952,-3.1866082615322537,-3.186755233340793,-3.190127452214559,0.0001469778103960885,1.0,1.333242944720378e-06,0.0004323744603122274,0.006877188501810586,2.219428124251189,-1.6031012857953708,-1.6031044349074364,-1.670311078429222,3.131261716286341e-06,1.3954715285535713e-06,0.0004811689893055397,0.006810992946460222,5.370217949151994
1953,-3.378124881673742,-3.3782563430291637,-3.384050903496919,0.00013147053067330962,1.0,1.3753924029650214e-06,0.00044288640169219836,0.007450008971823586,2.161358692027904,-1.5964587405323982,-1.596463757256667,-1.6893501716355483,5.011291553576787e-06,1.3269984814693696e-06,0.0004687556720455177,0.006960350709656875,5.300258994102478
1954,-3.4663529219450773,-3.466498931248983,-3.466599358452691,0.00014600957985277528,1.0,1.275041073414387e-06,0.00043076183862501274,0.0070682026411372206,2.2682438823911877,-1.5242394109567006,-1.5242451280355453,-1.5847006315986316,5.7191743204991026e-06,1.212927917511782e-06,0.00042093139806335483,0.006793226474352802,5.26592293381691
1955,-2.1441120450143463,-2.1442464463136814,-2.1439217124824173,0.00013438729500329054,1.0,1.543674077058515e-06,0.0005329516220458403,0.007777528095714472,2.624671313497755,-1.3754700217396023,-1.3754815968374412,-1.3789146896451712,1.156919946273168e-05,4.428918013369791e-06,0.0013537968382782613,0.013981554618415734,7.652119040489198
1956,-2.525636558179502,-2.526057172704626,-2.5392238122445567,0.00042063177183822347,1.0,8.818704019278004e-06,0.0019419937118611954,0.02056917213593368,3.9061363449803106,-2.3602103143930435,-2.3602333615223565,-2.3567284295956292,2.3060400659839313e-05,7.739878469692485e-06,0.0018387950452355046,0.02300464439516266,5.695358326037725
1957,-3.0054599708980985,-3.00588791458695,-2.997006063108091,0.0004279193364911609,1.0,5.156294769727134e-06,0.0011698196952541668,0.015562724253093754,2.558234205952397,-2.153364392618338,-2.1534187917908034,-2.1856736913323402,5.442036005357901e-05,2.947123429445734e-06,0.0007426026083218554,0.010365603394651165,5.252882281939189
1958,-3.341589000489977,-3.342111075365985,-3.3688416834230774,0.0005220509375686999,1.0,2.2673410866344866e-06,0.0005289724913718938,0.007811280898749828,2.092097790152938,-1.513648028485477,-1.5136829152082403,-1.5908211854208882,3.487329619626204e-05,1.8279364060920973e-06,0.0004231670924734014,0.006049354133817057,5.135104934374491
1959,-3.302679388611405,-3.3031145643304893,-3.2870593512499773,0.0004351744083342729,1.0,1.7598304911761833e-06,0.00045511421329272843,0.007540534146957927,2.5714429263715393,-1.6008426068971553,-1.6008560384313266,-1.653027789046367,1.343386247754097e-05,1.6285589481412899e-06,0.0004622199206399576,0.0077715781711352365,5.313105642795563
1960,-3.389426072438558,-3.389806588490804,-3.412522148202967,0.00038050032324261137,1.0,1.490814703949447e-06,0.0004296948415382455,0.007260624405548528,2.323888098752057,-1.6619480177760126,-1.661959357559681,-1.7424789915482204,1.1349407335122427e-05,1.3849237632257427e-06,0.00045332172643005225,0.007008990195269386,5.134179522593816
1961,-3.4327132172054715,-3.4329624087722213,-3.42346398918717,0.0002491952230532964,1.0,1.3450368467399837e-06,0.0004722244770231622,0.008842593731565608,2.4465867236808494,-1.6260635989407697,-1.62607317045331,-1.7140840142965317,9.59029421210289e-06,1.2736855836692484e-06,0.00044059335535469774,0.0066945374419447035,5.167832722266516
1962,-3.384299808078342,-3.3844804763793945,-3.3743564641034163,0.00018064643221872825,1.0,1.2220393012251374e-06,0.00038263620700928623,0.006767010850900853,2.148691102310463,-0.2777174736062687,-0.2777230106294155,-0.3507393964876731,5.529417345921199e-06,1.2310823270430167e-06,0.000416870756453136,0.006566056661540642,5.417279014984767
1963,-3.1782004038492837,-3.178448103092335,-3.183366139729818,0.0002477002778538951,1.0,1.442711924971297e-06,0.0005386357240947998,0.008488143483797709,2.283542354901632,-1.9267428691188493,-1.9267467676351469,-1.9715403976539772,3.900922213991483e-06,1.4813180087003275e-06,0.0005697615209404224,0.008140817323389152,5.16575308640798
1964,-3.421960053620515,-3.422162930170695,-3.3984009601451732,0.00020287365273193077,1.0,1.3625488345833556e-06,0.0004558116930571419,0.0072722044531945826,2.1807027790281506,-1.5271203213681777,-1.5271241770436366,-1.5879018151511748,3.874146689971288e-06,1.2767895801365132e-06,0.00039651606857660227,0.006089734835162138,5.0490526755650835
1965,-3.4178626272413464,-3.418006826330114,-3.4395370571701616,0.00014418963756826188,1.0,1.2527660070797235e-06,0.00036306952070272355,0.005821745523631021,1.9576237289993852,-1.0807213671505451,-1.080724764925738,-1.1691752951592207,3.3947483946879706e-06,1.2779928558378135e-06,0.0003978665857478821,0.0059137719896777225,5.1071428060531625
1966,-3.385441298838015,-3.3855643184096724,-3.342595594900626,0.00012302736717241782,1.0,1.2854552593395326e-06,0.0003902873841407536,0.006142235171325781,2.285408201041045,-1.406452922616154,-1.4064576528035104,-1.4113495307586466,4.718235383431117e-06,1.2632793774021895e-06,0.00043579474489282194,0.007033803374118482,5.2895217935244245
1967,-3.422867218653361,-3.4230231002525047,-3.3962047453279847,0.00015585648792761344,1.0,1.2673574432213812e-06,0.00044004992944084935,0.0070724106066066906,2.2358191587306835,-1.7461102114369471,-1.7461153057714303,-1.7655255662975833,5.0924718379974365e-06,1.2312778589299949e-06,0.0004437373960778738,0.006464038694199796,5.1036510070165
1968,-3.4299587585307934,-3.43008440512198,-3.4336803842473915,0.00012560733766467483,1.0,1.2164208345455808e-06,0.00039022309916887296,0.006330686060849715,2.0735324444594205,0.9862344279924098,0.9862303691334091,0.933025510981679,4.055599371592204e-06,1.2097040714328007e-06,0.00040929316067680094,0.006302329090734323,5.105904082457225
1969,-2.447456087779116,-2.447712037022467,-2.442358337894634,0.0002559536585101375,1.0,2.0805951795342415e-06,0.0008899543123940626,0.015664827561488858,3.1648985103324607,-2.1865438173214593,-2.186552052696546,-2.1858713825543723,8.218766500552496e-06,3.095246161895678e-06,0.0011170384411040384,0.017771308465550344,5.679475645224254
1970,-3.2217380823912443,-3.2219347335674144,-3.221772458818224,0.00019664358761575486,1.0,2.6069838070354848e-06,0.0007951924732575814,0.011510186914906458,2.3155552369576915,-2.0151680277970927,-2.0151726965171597,-2.054146964723865,4.652887582778931e-06,1.7998704890942463e-06,0.0005725532925377289,0.00908913523502027,5.038123269875844
1971,-3.5008806034370705,-3.5010012520684137,-3.498518016603258,0.00012064456111854977,1.0,1.5121643257400677e-06,0.00040631025223302896,0.006575755136846392,2.05008891776756,-1.2604834043110411,-1.260487752656142,-1.3660609138508637,4.346870506803195e-06,1.3759084348900312e-06,0.00036486153718821396,0.0060729105898644775,5.031864871581395
1972,-3.297620533793061,-3.2977562226631023,-3.2766434296413705,0.00013568548968544714,1.0,1.4091971462659313e-06,0.0004491282711064236,0.007202914614161408,2.655476309635021,-1.817837554573392,-1.8178452864134063,-1.8557469341903925,7.727493842442831e-06,1.359573417403226e-06,0.0005403254266032794,0.009213536065847924,5.293841779232025
1973,-3.525566242359303,-3.5256801181369357,-3.535448021358914,0.00011388288327941188,1.0,1.2983371528173815e-06,0.0004325537862583857,0.007259096838188944,2.1051446949994124,-1.4801419757617018,-1.4801491151253383,-1.5554982958516728,7.120659574866295e-06,1.2042175256965493e-06,0.00040888096918934025,0.0070184597473902,5.1040907005469
1974,-3.3160506972560175,-3.3162195329312927,-3.295795996983846,0.00016883574426174164,1.0,1.2109690201382531e-06,0.00043715695803122663,0.007877654076933308,2.378796374356305,-0.7513801467915376,-0.7513849350313345,-0.7837816424046954,4.790335272749265e-06,1.237656922133586e-06,0.0005136781777158225,0.009903743087003628,5.167845179637274
1975,-3.0286318549403437,-3.0287594706923873,-3.0343856988129794,0.00012762271971614273,1.0,1.5192853281944366e-06,0.0005681300223201375,0.008360355557804858,2.1762355080357305,-2.044581890106201,-2.044585975507895,-2.053684292982022,4.082685336470604e-06,1.6192806479390736e-06,0.0006558059127807306,0.011174731402813146,5.372188776731492
1976,-3.4651353182616056,-3.4652497856705278,-3.4545612776720964,0.00011447472152886567,1.0,1.4659006250507513e-06,0.00047846166826612143,0.00772204463094197,2.0736375164102623,-1.4593053333616508,-1.4593094577236723,-1.4965477515943348,4.135072231292725e-06,1.2932652282415802e-06,0.00040643087534893613,0.007477125870840003,5.188717405001322
1977,-3.547859580428512,-3.5479563253897206,-3.558124224344889,9.674323653733288e-05,1.0,1.253900193289694e-06,0.00034911938322087127,0.006155856505588249,2.013704012941431,-1.3261737991124392,-1.326177580282092,-1.3606670796871185,3.7703818331162133e-06,1.1981584198868707e-06,0.00037163937304285355,0.006602061039302498,5.071955631176631
1978,-3.5074260234832764,-3.507627919868187,-3.481879569866039,0.00020190293866175193,1.0,1.204317451689955e-06,0.0003642856533621886,0.006036222265619371,2.234179898544594,-1.3439182447424778,-1.343922139921536,-1.4063943941146135,3.90014611184597e-06,1.1687646927308986e-06,0.00039428286133140017,0.00680255966532665,5.1019772589206696
1979,-2.6905401658128807,-2.690674505851887,-2.687324486396931,0.000134340590900845,1.0,1.4018746696820017e-06,0.00048441747828662673,0.006820104826517679,2.377634600356773,-1.8615181222558024,-1.8615259615083535,-1.8802340527375538,7.822178304195404e-06,2.1565720752884468e-06,0.0008475049035041593,0.011404770736893019,5.8933788140614825
1980,-3.2345373365614147,-3.2347208747157343,-3.222279778233281,0.0001835244949217196,1.0,2.184840868553524e-06,0.0007610576619670071,0.010553401480946276,2.4041095044877796,-2.050117179751396,-2.0501213371753693,-2.0634819169839225,4.189865042765935e-06,1.6983067941585734e-06,0.0005896901529922616,0.009257011425991854,5.127437353134155
1981,-3.5235671908767134,-3.52368731851931,-3.5553964067388466,0.00012013005713621776,1.0,1.4427434246465931e-06,0.0004248559955697231,0.006831351469305379,1.923343746750443,-1.2526592047264178,-1.2526629564041893,-1.3212394366661708,3.75874030093352e-06,1.284454076729465e-06,0.0003571517020949007,0.006042079165733109,5.067518522342047
1982,-3.5826038166328713,-3.5827082528008356,-3.570260409955625,0.0001044439634791127,1.0,1.263957853081121e-06,0.0003240257760302888,0.00564608714301829,2.0374909109539456,-1.1290265663216512,-1.1290305548657973,-1.2145649393399556,4.002048323551814e-06,1.2014632109943098e-06,0.00034136645020529005,0.005901142896618694,5.082179854313533
1983,-3.5484645278365523,-3.548532318185877,-3.533712042702569,6.780518149888074e-05,1.0,1.1815931033938628e-06,0.00030796480779018666,0.00506553917053949,1.9415818408683494,1.035409449134022,1.0354054859684159,0.9716436915720502,3.970616186658542e-06,1.170004689280783e-06,0.0003398270891921129,0.005803855262153472,5.101885259151459
1984,-2.347852693663703,-2.3480925736603915,-2.343544434618067,0.00023988413589972037,1.0,2.1825642938387723e-06,0.0007349229568650049,0.010835765602274073,2.8191368050045438,-2.04765651623408,-2.0476633509000144,-2.0409135272105536,6.835053985317548e-06,3.302134473415208e-06,0.0010473919537616894,0.013395021766579399,5.641463736693064
1985,-3.069421547430533,-3.0696016020245023,-3.056422056975188,0.00018004086558465605,1.0,2.973188488626706e-06,0.0010439841210393719,0.017391684085682587,2.8001261243113764,-2.0112966323892274,-2.0113002148767314,-2.0291919422646365,3.5830307751893997e-06,2.1766355284095575e-06,0.0006044596884748898,0.009322607521122942,5.214833815892537
1986,-3.4552846308107728,-3.455401032059281,-3.468909192968298,0.000116423186328676,1.0,1.8182116634677556e-06,0.00044365368214332394,0.006709812622931268,1.9336561781388741,-1.3212065144131584,-1.3212100819995005,-1.3772935507198174,3.5696818182865777e-06,1.4810708819368301e-06,0.00036272253782954067,0.005898749407303209,5.010729710261027
1987,-3.5689978158032454,-3.56910452136287,-3.5772461361355252,0.00010671666650860398,1.0,1.403143258997901e-06,0.0003074161757939254,0.004981712714113571,1.8761876203395702,-0.9091177346805732,-0.9091215829054514,-0.9696461632847786,3.845120469729106e-06,1.3089994013171236e-06,0.0003082330877077766,0.0052032643094814075,5.056024531523386
1988,-3.581834589993512,-3.581928774162575,-3.577182275277597,9.417389002111222e-05,1.0,1.28276995517943e-06,0.00029394267174346305,0.004896723544570031,1.941868199242486,-1.019854595263799,-1.019858501230677,-1.0962129396696885,3.921411310633023e-06,1.2216192999403575e-06,0.0003237142506501793,0.0053739358942645294,5.085920890172323
1989,-3.5484753361454717,-3.5486537792064525,-3.5388386249542236,0.000178444923626052,1.0,1.2343172354829019e-06,0.0003243428751981507,0.0058214096956093,2.090683663332904,-1.2156361655021706,-1.215640447102487,-1.2675208834310372,4.278806348641713e-06,1.1819505990236696e-06,0.000341317582448634,0.0057151383759143455,5.05541189511617
1990,-3.4909354139257363,-3.491056300975658,-3.481772440451163,0.00012087483924848062,1.0,1.1933798136683268e-06,0.0003486560135907321,0.005878490240623553,2.0760701674002187,-1.0793673722073436,-1.0793703645467758,-1.108313628161947,2.990632007519404e-06,1.1788248694225938e-06,0.0003790468642061266,0.0059177235622579856,5.172861198584239
1991,-3.387901880122997,-3.3880640577386925,-3.3854078186882868,0.0001621878257504216,1.0,1.2196913227550492e-06,0.0003978407077267076,0.006705996002656994,2.062658190727234,-1.3033609172950187,-1.303363468342771,-1.341177435591817,2.557411789894104e-06,1.1944108896007795e-06,0.00038660702072472003,0.005918801878578961,5.137149105469385
1992,-3.485850634398284,-3.485948818701285,-3.467643940890277,9.818547577769668e-05,1.0,1.2041899329536439e-06,0.0003637432366506093,0.005878637717277916,2.065663704165706,-0.844925387452046,-0.8449279454847177,-0.9045888854501148,2.575339749455452e-06,1.1780267783478848e-06,0.0003739690837392118,0.006088762612004454,5.065381675958633
1993,-3.1341293387942843,-3.1342224059281527,-3.110335915176957,9.308279388480716e-05,1.0,1.3084149646534502e-06,0.00044201303562321873,0.0071516028191480376,2.1361958892257125,-1.7659182382437089,-1.7659207965868216,-1.7903174435098965,2.582324668765068e-06,1.3803471385169057e-06,0.0004943753180365699,0.007505019117767612,5.159922033548355
1994,-3.0263143557089345,-3.026447803885848,-3.010221900763335,0.0001334345175160302,1.0,1.586746019778797e-06,0.0005188671218800462,0.008097238424751494,2.1797670876538313,-1.7356248111755121,-1.7356272852339316,-1.7549203603218,2.4833716452121735e-06,1.9650205208184466e-06,0.0005812908214769171,0.008490550642212233,5.357960919539133
1995,-3.415164938679448,-3.4152481732545077,-3.4122967896638094,8.323278140138697e-05,1.0,1.7972186730764439e-06,0.0004505331852231865,0.006628360021514473,1.9160250557793512,-1.2461691489443183,-1.2461712768611808,-1.3050514583786328,2.1195349593957267e-06,1.501078974304922e-06,0.00036650643111594644,0.005981410572227712,5.022392243146896
1996,-3.458589059335214,-3.458720648730243,-3.4692336983150907,0.00013160595187434443,1.0,1.436877798571206e-06,0.00033948387998087264,0.005468155973142496,2.069808765693947,-1.0992055044819913,-1.0992075096194942,-1.1641980955998104,1.995979497830073e-06,1.3454251520291412e-06,0.000357914042979246,0.0058966884680558,5.23333066701889
1997,-3.536631434052079,-3.536720531958121,-3.5244439001436585,8.909473264658893e-05,1.0,1.2910226637864575e-06,0.0003250000493911405,0.005733552000795801,2.030527781557154,-1.2302703736349938,-1.2302723027144868,-1.2701791288952033,1.913247009118398e-06,1.2696347274262128e-06,0.0003463420119563428,0.00555757011170499,5.08643040060997
1998,-3.5323838304590294,-3.5325198350129305,-3.5220881832970514,0.00013601924810144637,1.0,1.2459612645654016e-06,0.0003482605367295306,0.00600793159187392,2.1654067922521523,-1.359800995327532,-1.3598032053560019,-1.4069080706685781,2.214995523293813e-06,1.197967587055852e-06,0.0003492149990051985,0.005311919589682172,5.001371890306473
1999,-3.516271856096056,-3.5163733959198,-3.534749075218483,0.00010155030974635372,1.0,1.1852682830606312e-06,0.0003704817262823107,0.006323404851611014,2.1806389225853815,-1.4002226889133453,-1.400224747757117,-1.4596383944153786,2.063733215133349e-06,1.1622223468066295e-06,0.0004105595508008264,0.006485876510851085,5.175218641757966
2000,-3.196440069763749,-3.196520858340793,-3.1998090655715377,8.080416807421932e-05,1.0,1.2425031467568328e-06,0.0004200491066849618,0.006506109808537143,1.9241565068562825,-1.6488689507047334,-1.6488713435828686,-1.7141052534182866,2.3862036565939584e-06,1.3025358119496862e-06,0.00046402032846041646,0.006935277953743935,5.06612554192543
