epoch,train_loss,train_nll,train_nll_nonctx,train_kl,beta,train_var_min,train_var_mean,train_var_max,train_mae,val_loss,val_nll,val_nll_nonctx,val_kl,val_var_min,val_var_mean,val_var_max,val_mae_02,val_mae_04,val_mae_06,val_mae,val_mae_fixed_holdout,val_mae_inverse_holdout,val_weighted_score
1,1.4963622655508653,1.4963622655508653,1.4963622655508653,47.23356160577738,0.0,0.1904615517002794,1.181179959819002,2.875204580010108,107.5866677626124,106.81382675170899,0.6856851453582445,0.6856851453582445,106.12814127604166,0.05173304307584961,0.4165793796380361,0.9091736674308777,70.32620442708334,67.26729965209961,59.1434928894043,67.26729965209961,61.16903966267903,49.03908665974935,51.46507726033529
2,0.6059122347044494,0.5960950196351645,0.5960950196351645,98.17214865054724,0.0001,0.019249750345172185,0.3207066705766714,0.8137748775617132,63.099597571031104,100.5857650756836,0.4428600159784158,0.4428600159784158,100.14290517171224,0.006958234876704713,0.41102746029694875,0.9250567903121313,70.45263188680013,63.1812141418457,53.4736213684082,63.1812141418457,51.093606821695964,53.93781483968099,53.36897323608399
3,0.42083766915888154,0.402860552634833,0.402860552634833,89.88558844800265,0.0002,0.008805902358495965,0.2616810312248626,0.6059701853203323,55.71767170024368,98.4339588801066,0.29597950434933107,0.29597950434933107,98.13797912597656,0.004407923195200661,0.22110751618941624,0.4348927771051725,70.43349253336588,63.418688201904295,54.94233322143555,63.418688201904295,53.03333460489909,45.33182957967122,46.8721305847168
4,0.41779617877360786,0.3930538217712826,0.3930538217712826,82.4745166706589,0.0003,0.004601981115246297,0.2374493474105619,0.5402669608592987,59.782362668019424,124.6407595316569,0.5616390799482663,0.5616390799482663,124.0791202545166,0.001752676252120485,0.2796464333931605,0.6231513718763987,92.65914357503256,84.75574798583985,77.89288889567057,84.75574798583985,77.36294962565104,70.35584437052408,71.75726542154948
5,0.2973393822475424,0.2617477935756434,0.2617477935756434,88.97897295681935,0.0004,0.0029785373393129908,0.2416317119913281,0.5233989560379172,53.867055748993494,100.4802079518636,0.2219268475077115,0.2219268475077115,100.25828158060709,0.003542638224704812,0.17811708003282548,0.39862678001324336,73.82975209554037,64.74340845743815,52.0585075378418,64.74340845743815,45.68451487223307,42.856963602701825,43.42247385660807
6,0.2736034926800233,0.23914333211723715,0.23914333211723715,68.92031881944189,0.0005,0.0019699380763823974,0.1937534508277785,0.4132148325443268,54.36829196282153,78.42750714619955,0.0031752221984788775,0.0031752221984788775,78.42433160146078,0.0015609673515427857,0.21751617441574733,0.46649582833051684,76.1859634399414,70.05599746704101,59.675524139404295,70.05599746704101,49.910508473714195,54.71020711263021,53.75026738484701
7,0.07729402289919134,0.042903802575069074,0.042903802575069074,57.31703132053591,0.0006,0.0015689188544199151,0.2566653352301076,0.5282357391321434,56.50468243293042,56.29168097178141,-0.07550857206224464,-0.07550857206224464,56.36718953450521,0.0015367174773321798,0.2060450792312622,0.38561972926060356,66.06204986572266,57.0923090616862,46.96916631062825,57.0923090616862,42.9909782409668,34.87197049458822,36.49577204386394
8,0.05174039360487236,0.018622430023860256,0.018622430023860256,47.311379738573756,0.0007,0.0012160216146236602,0.20477282410522676,0.43538975378252426,52.330653928360846,58.31351795196533,-0.14648546136450022,-0.14648546136450022,58.46000347137451,0.0012035011119830112,0.21623655731479327,0.4355036124587059,65.334738667806,56.88084284464518,46.51601765950521,56.88084284464518,39.59307581583659,35.52101211547851,36.33542485555013
9,0.10069175103222425,0.06066840427339007,0.06066840427339007,50.029187508349146,0.0008,0.0011276746309309635,0.20824788229645425,0.4664900814587215,54.13124303997687,49.87926642100016,-0.108537795196753,-0.108537795196753,49.987804094950356,0.0010073999253412088,0.22303865452607471,0.4529189815123876,66.04089584350587,58.188795979817705,49.332647705078124,58.188795979817705,50.664374033610024,38.809913889567056,41.180805918375654
10,0.06534987030867136,0.02936385182734087,0.02936385182734087,39.98446622884499,0.0009,0.0010402070529723787,0.23068786454650592,0.4812251633068301,54.945947611107016,47.75901374816895,0.14441416256595402,0.14441416256595402,47.61459964116414,0.0011194291505186508,0.2361442099014918,0.4645308867096901,64.92072092692057,56.51425018310547,46.08960444132487,56.51425018310547,47.3273198445638,38.80378163655599,40.508489278157555
11,-0.05602707657611595,-0.09349779059829295,-0.09349779059829295,37.47071215791522,0.001,0.001157438714180212,0.20882983055879484,0.44921544756529463,52.14859347073537,40.272584946950275,-0.2308455461713796,-0.2308455461713796,40.50343055725098,0.0011095102313750734,0.1456621954838435,0.3086770648757617,65.46126556396484,56.46738077799479,46.07482401529948,56.46738077799479,46.805372619628905,36.61237093607585,38.650971272786464
12,-0.01612675464097059,-0.06019824982251761,-0.06019824982251761,40.06499639547096,0.0011,0.0010717341671961378,0.21617557642594823,0.45988647274251254,53.5562396859223,41.721598879496256,0.25124153510744995,0.25124153510744995,41.47035732269287,0.0010428189164182792,0.21940630922714868,0.5131217375397682,76.15989634195964,71.73960723876954,63.614837646484375,71.73960723876954,68.85537033081054,56.0689084370931,58.62620081583659
13,0.23777014365033158,0.19615339199608228,0.19615339199608228,34.68062415212955,0.0012,0.0010426230794521717,0.24258066235848194,0.5667802646475019,56.29797816726396,33.48228874206543,-0.012142014259006828,-0.012142014259006828,33.494430764516196,0.0011404762937066457,0.23158305461208026,0.4859775871038437,65.52305704752604,58.688743336995444,49.61578191121419,58.688743336995444,52.40824483235677,40.66788991292318,43.0159608968099
14,-0.08364865725051682,-0.12549204092455218,-0.12549204092455218,32.187218216230285,0.0013,0.0011028829426065368,0.1839425802793143,0.41730049871048835,50.1239128112793,31.20384645462036,-0.15053987248781292,-0.15053987248781292,31.354386234283446,0.0011021064148129275,0.15857147524754206,0.32263528207937875,69.97590993245443,60.972390747070314,49.352054087320965,60.972390747070314,48.31185658772787,37.81872876485189,39.917354329427084
15,-0.0637100228582913,-0.10367441423817204,-0.10367441423817204,28.54599427277187,0.0014,0.0011109502520412207,0.23645565532288462,0.5623127199568838,55.226940083053876,30.580365816752117,-0.18177143310507138,-0.18177143310507138,30.762137540181477,0.0011399033712223173,0.2203126907348633,0.4535963848233223,65.5489128112793,57.46774088541667,48.75869928995768,57.46774088541667,51.39759877522786,42.87836201985677,44.582209370931
16,-0.13743714095567758,-0.18040874784039157,-0.18040874784039157,28.64773807885512,0.0015,0.0010844285573529185,0.19129007464309908,0.42178994360959754,50.665294611229086,34.25782089233398,-0.19761680015653837,-0.19761680015653837,34.45543753306071,0.0011028844610943148,0.2174331692357858,0.45282474160194397,66.02269770304362,58.56099014282226,47.78039296468099,58.56099014282226,46.7107172648112,39.11031926472982,40.6303988647461
17,-0.1615391979169733,-0.20605685945626628,-0.20605685945626628,27.823539014132518,0.0016,0.0010722658623291074,0.1935803122677893,0.4230611341179542,50.862008724572526,34.03238093058268,-0.10326554364291951,-0.10326554364291951,34.13564650217692,0.0010593780083581806,0.17612916529178618,0.362195252875487,66.75215377807618,57.85371322631836,46.116895039876304,57.85371322631836,40.35430781046549,44.08886184692383,43.341951039632164
18,-0.11305035236028005,-0.15983322176880221,-0.15983322176880221,27.51933486506624,0.0017,0.0010401950160674048,0.2563351626103779,0.5959381939105268,59.23111832816646,31.817420482635498,-0.278919366064171,-0.278919366064171,32.09634002049764,0.0010168032293828824,0.2054429220656554,0.416778993109862,68.56295420328776,58.740193430582686,48.420999654134114,58.740193430582686,44.48284047444661,37.37368494669597,38.7955160522461
19,-0.2032206509051458,-0.2456738344340954,-0.2456738344340954,23.5851023332128,0.0018,0.001017140391511175,0.20881373308739573,0.4907697394209088,53.93859517799233,26.659646034240723,-0.2430956529841448,-0.2430956529841448,26.902741559346516,0.0010139486209178965,0.1924827550848325,0.41371029019355776,65.19386800130208,57.88253173828125,48.42398173014323,57.88253173828125,53.522786712646486,40.62019627888997,43.200714365641275
20,-0.09085932236937981,-0.1330906104753321,-0.1330906104753321,22.22699289501838,0.0019,0.001020689494907856,0.21178169154895926,0.4810789429916526,54.14045081948334,24.52616958618164,-0.19508152784158786,-0.19508152784158786,24.721251169840496,0.0010589062391469877,0.2997225801150004,0.6104774743318557,67.44317525227865,60.462111409505205,53.387472279866536,60.462111409505205,56.925219217936196,43.145382690429685,45.90134999593099
21,-0.14656841649480587,-0.1923206352018136,-0.1923206352018136,22.87610861940204,0.002,0.0010231378672749928,0.21562913538150066,0.5209859058542071,53.08937994039284,26.677055009206136,-0.039558319487453746,-0.039558319487453746,26.716613419850667,0.0010193156078457833,0.17298297161857287,0.35204837322235105,80.36859385172527,70.10875345865885,58.929054514567056,70.10875345865885,56.19805755615234,43.20722427368164,45.80539093017578
22,-0.09899530127503962,-0.1467856908884813,-0.1467856908884813,22.757328771195322,0.0021,0.0010171350386028863,0.2173294228202892,0.4877813992635259,59.100177153101505,24.789128239949545,-0.20337599964501957,-0.20337599964501957,24.992504247029622,0.0010258992377202957,0.2580830472211043,0.5770754049221675,66.43550338745118,58.416969299316406,49.882223765055336,58.416969299316406,55.26557922363281,42.929457600911455,45.39668192545573
23,-0.08103429469859826,-0.12062529100649902,-0.12062529100649902,17.99590803542227,0.0022,0.0010150219972754986,0.289156455476329,0.6854108729452457,61.858315809717716,21.0257447719574,0.30371431382372976,0.30371431382372976,20.72203057607015,0.001012051039530585,0.20870835011204084,0.41058440307776134,75.34503275553385,66.2862444559733,59.108706919352215,66.2862444559733,57.7377077738444,60.830763244628905,60.21215215047201
24,-0.009307147337580627,-0.049093214700817796,-0.049093214700817796,17.298289784845316,0.0023,0.0010407185753069396,0.22013863724357677,0.46811418938186933,56.37833786010742,21.99384880065918,-0.17223814839186768,-0.17223814839186768,22.16608697573344,0.001027098313594858,0.18008655632535617,0.3828981056809425,69.18777262369791,60.966559092203774,50.3494021097819,60.966559092203774,53.817633056640624,35.59694277445475,39.24108083089193
25,-0.16285059284770265,-0.2100203978271171,-0.2100203978271171,19.654084223621297,0.0024,0.0010277204619685435,0.2149652824649271,0.49253270873483623,53.893468604897556,18.85284070968628,-0.22268934960787495,-0.22268934960787495,19.075530020395913,0.0010233217559289186,0.20196830555796624,0.43030995031197866,65.36162465413412,56.789414723714195,46.055196634928386,56.789414723714195,44.259928385416664,37.57769597371419,38.91414245605469
26,-0.221517358467264,-0.26957769423529926,-0.26957769423529926,19.224134355221153,0.0025,0.0010181321556029736,0.18344498046164243,0.4142452832662834,49.85634911735103,21.815306409200033,-0.084085747464754,-0.084085747464754,21.899392143885294,0.0010194156474123397,0.2404644673069318,0.47293092012405397,69.59313608805338,63.209853108723955,54.64856872558594,63.209853108723955,54.0216672261556,52.19995905558268,52.56430068969727
27,-0.07978221995510021,-0.12813513149630348,-0.12813513149630348,18.59727407851309,0.0026,0.0010161433711577698,0.22748399568053912,0.5180415972223822,57.527664688398254,29.590221277872722,-0.08021033458256473,-0.08021033458256473,29.670431486765544,0.0010098765313159674,0.22803440913558007,0.48456153521935147,80.94951934814453,74.89035186767578,60.35571492513021,74.89035186767578,60.98371073404948,35.186193974812824,40.34569732666016
28,-0.04747224012214058,-0.09125669365573041,-0.09125669365573041,16.21646445652224,0.0027,0.0010250433027427996,0.2534120257170695,0.5744033399617897,57.21587746098356,19.81038277943929,-0.18906289419780176,-0.18906289419780176,19.99944559733073,0.0010079970719137539,0.19998036275307338,0.45755146245161693,73.01849670410157,64.06909917195638,56.4605962117513,64.06909917195638,55.54971745808919,53.34927215576172,53.78936121622722
29,-0.04570868555104957,-0.0865780353317705,-0.0865780353317705,14.596197182277464,0.0028,0.001017279503427727,0.21636922657489777,0.5654374310430491,57.27074792250147,16.611704762776693,-0.22203370063410452,-0.22203370063410452,16.83373851776123,0.0010379532837153723,0.2455878548324108,0.6460938155651093,67.14361801147462,59.43998692830404,51.24996770222982,59.43998692830404,54.381693267822264,50.30729726155599,51.12217646280924
30,-0.15458403411760646,-0.20126642635364508,-0.20126642635364508,16.097377201296247,0.0029,0.0010151990649799973,0.2061741274763953,0.5258614685175553,55.31568541616764,17.810766887664794,-0.19614002980912726,-0.19614002980912726,18.006906938552856,0.0010331107652746141,0.3061458473404249,0.7280264993508657,66.22897389729818,59.05446548461914,52.93638407389323,59.05446548461914,58.22456512451172,62.1617426554362,61.37430714925131
31,-0.1759594280694453,-0.21965382042789022,-0.21965382042789022,14.564797113526541,0.003,0.0010147473120288748,0.23675622580186376,0.5699888203503951,53.76155176702535,15.202218818664551,-0.022093642963833798,-0.022093642963833798,15.224312448501587,0.0010203892888966948,0.2533980133632819,0.4955091888705889,68.47516530354818,62.13180974324544,58.02543334960937,62.13180974324544,61.31905008951823,52.746813710530596,54.46126098632812
32,-0.14863546171559477,-0.19202912739425335,-0.19202912739425335,13.997956608826259,0.0031,0.001023618267181347,0.22953176301605296,0.5073343189257495,53.12758035479852,12.80369683901469,-0.17317883887250599,-0.17317883887250599,12.976875686645508,0.001023216056637466,0.20560507600506148,0.43979338655869166,71.92090530395508,64.82121607462565,56.61610488891601,64.82121607462565,66.66055908203126,51.197035471598305,54.2897401936849
33,-0.11270215453685455,-0.1597703654178471,-0.1597703654178471,14.708816654277298,0.0032,0.0010125356932820858,0.24790798268228206,0.5738526245333114,59.05083472773714,12.182777659098308,-0.1270342902018456,-0.1270342902018456,12.309811973571778,0.001008701299239571,0.24438586086034775,0.5917585253715515,72.82502085367838,68.66553192138672,66.50003611246744,68.66553192138672,73.2852279663086,70.15823822021484,70.7836361694336
34,-0.12102159942096134,-0.1627260605927627,-0.1627260605927627,12.637716014430207,0.0033,0.0010096885720795056,0.25742502341855245,0.5840366285926891,59.33579059816756,16.671468671162923,-0.15397508184347922,-0.15397508184347922,16.82544371287028,0.0010038975238179167,0.2634170373280843,0.547920419772466,72.58234888712565,61.17046890258789,49.02702941894531,61.17046890258789,46.38301289876302,39.03943061828613,40.50814707438151
35,-0.11900258345424004,-0.16422289899849105,-0.16422289899849105,13.300092553192714,0.0034,0.0010053877200369003,0.2219018536918568,0.5088333228849015,55.60371067838849,13.789851649602253,-0.04953506774327252,-0.04953506774327252,13.839386653900146,0.0010170305652233461,0.23764858072002729,0.4887229174375534,65.76003926595052,57.92343292236328,51.39620590209961,57.92343292236328,57.79056065877278,45.99522120157878,48.35428909301758
36,-0.1754270798333411,-0.21935076786662047,-0.21935076786662047,12.549624596001967,0.0035,0.0010130620992057167,0.2064027783443343,0.451912558865997,51.065648744691096,14.72523112297058,-0.28034166401873034,-0.28034166401873034,15.005572732289632,0.0010174747634058197,0.2268460735678673,0.46895705809195837,67.11496175130209,58.231406148274736,48.38118235270182,58.231406148274736,52.85830917358398,47.41885655721028,48.50674708048503
37,-0.12624990581622664,-0.1740800805635891,-0.1740800805635891,13.286159929239526,0.0036,0.0010097605804473442,0.2616961348169255,0.5865862701299056,62.41282542246692,11.046028860410054,-0.09168244979033867,-0.09168244979033867,11.137711302439373,0.0010166509988872956,0.3539385428031286,0.7019247223933538,70.9857292175293,67.1043073018392,62.932419840494795,67.1043073018392,77.77138290405273,65.49981460571288,67.95412826538086
38,-0.025720186320678243,-0.06538622712119008,-0.06538622712119008,10.7205517876823,0.0037,0.0010099632353609744,0.30808163757594126,0.6606290250454309,60.11921022523124,11.861054134368896,-0.15314403686012762,-0.15314403686012762,12.014198128382365,0.0010092467302456499,0.24248172243436178,0.5235382462541263,69.75203552246094,59.759351603190105,48.59779561360677,59.759351603190105,58.058345794677734,46.819069163004556,49.06692448933919
39,-0.19150480171138384,-0.2328281137523382,-0.2328281137523382,10.874555533786989,0.0038,0.0010065841312818932,0.20744262354553872,0.4723746754088492,54.124826107385026,13.324999380111695,-0.2678021661316355,-0.2678021661316355,13.592801507314046,0.0010065809939987958,0.2406199961900711,0.5155719464023908,67.33928909301758,58.07551854451497,47.73090159098307,58.07551854451497,48.55250829060872,44.77878112792969,45.533526560465496
40,-0.20560149588393714,-0.2527219186457893,-0.2527219186457893,12.082159771109527,0.0039,0.0010056579463570466,0.22548942127317753,0.5086150489888102,55.89555855517118,15.098630142211913,-0.26203513896713654,-0.26203513896713654,15.360665273666381,0.001004290592391044,0.2605677823225657,0.5647963503996531,68.8164067586263,59.98511454264323,47.82720947265625,59.98511454264323,55.6637565612793,35.90483182271321,39.856616770426434
41,-0.24655026236092145,-0.2953379843032585,-0.2953379843032585,12.196930111579174,0.004,0.001002347738183332,0.2130667558818493,0.534885768058165,52.651174941152895,12.588898181915283,-0.23197451045853085,-0.23197451045853085,12.820872688293457,0.0010027055783818166,0.22047767266631127,0.5022552624344826,74.29188079833985,66.23151397705078,52.471473439534506,66.23151397705078,49.96865259806315,45.8083381652832,46.6404010518392
42,-0.2114134704307565,-0.25650543448919394,-0.25650543448919394,10.998039875390395,0.0041,0.001002762567708796,0.22614138587465826,0.5775862538589621,55.94445361731187,10.054535524050396,-0.13779689089860767,-0.13779689089860767,10.192332394917806,0.0010064782147916655,0.26859032933910687,0.5717645108699798,74.52931162516276,67.32548904418945,64.27880655924479,67.32548904418945,80.23453038533529,55.80398712158203,60.69009577433269
43,-0.07155742816064718,-0.12172121392070966,-0.12172121392070966,11.943758757609242,0.0042,0.0010034699115972474,0.2944074897271282,0.756853811021121,60.949431005513894,10.829278747240702,-0.23094321081104377,-0.23094321081104377,11.060222069422403,0.0010052507316383223,0.27275653009613354,0.6385149995485941,66.91790059407552,59.766214752197264,49.14302444458008,59.766214752197264,56.15293451944987,52.265069325764976,53.04264236450196
44,-0.16992800387571444,-0.2133257788307262,-0.2133257788307262,10.092505553983292,0.0043,0.0010034782649457174,0.26090466188934613,0.6154308088545529,58.70633452793337,13.167444165547689,-0.22854417779793343,-0.22854417779793343,13.395988353093465,0.0010014756951325884,0.2719680214921633,0.6504776765902837,71.51799672444662,63.45512949625651,52.401251475016274,63.45512949625651,53.02697601318359,45.02354125976562,46.62422821044922
45,-0.18785993066036477,-0.23342343402218144,-0.23342343402218144,10.355341776362005,0.0044,0.0010022102648673474,0.22509432204489438,0.5480802885766299,54.49055290222168,7.89053651491801,-0.1599675863670806,-0.1599675863670806,8.050504088401794,0.001010231557302177,0.24580333903431892,0.5755251899361611,66.66933797200521,60.52572402954102,55.51158040364583,60.52572402954102,64.31423365275064,59.4490473429362,60.42208460489909
46,-0.18202269172190494,-0.22224744201971675,-0.22224744201971675,8.938833650553002,0.0045,0.001005771616034491,0.24244681338094315,0.5906887470551256,58.20805718763819,10.377050693829855,-0.22167073593785366,-0.22167073593785366,10.59872141679128,0.0010043919299884388,0.2515783739586671,0.6296592613061269,69.36138254801432,63.78730748494466,57.42300923665365,63.78730748494466,65.60928726196289,64.28254699707031,64.54789505004884
47,-0.10479532540687975,-0.14434518088709633,-0.14434518088709633,8.597794523778951,0.0046,0.00100698693049193,0.2682838892599322,0.7521435460954342,58.77333637453475,8.576248852411906,-0.2453567420442899,-0.2453567420442899,8.821605594952901,0.0010088191328880688,0.24943910141785938,0.6291365027427673,66.05073674519856,60.05996297200521,54.36539052327474,60.05996297200521,62.162576039632164,54.149069722493486,55.751770985921226
48,-0.20045339421562428,-0.2399774301305132,-0.2399774301305132,8.40936945069511,0.0047,0.0010031311935305876,0.2407598411137203,0.5834540668523537,59.09876035294443,9.551591300964356,-0.18864764090588626,-0.18864764090588626,9.740238936742147,0.0010002735749973606,0.1966651829580466,0.4709244524439176,69.68291880289713,61.05327809651693,47.85896708170573,61.05327809651693,57.38721288045247,38.2402151743571,42.06961471557618
49,-0.22309542475443966,-0.2666639303700682,-0.2666639303700682,9.076771538212615,0.0048,0.0010012733345886446,0.20892669232386463,0.49962268854087255,53.61873086893333,11.50706238746643,-0.3043372031611701,-0.3043372031611701,11.811399547259013,0.001001000926286603,0.20367560187975567,0.4894459341963132,68.66730473836263,59.07922465006511,49.23830591837565,59.07922465006511,48.18567021687826,46.90144348144531,47.1582888285319
50,-0.2021679061131095,-0.24864194622122734,-0.24864194622122734,9.484497556146586,0.0049,0.001002012885983963,0.22551349086581535,0.5784479632692517,57.32327245316416,9.570185367266337,-0.19619090023140112,-0.19619090023140112,9.766376296679178,0.0010006073629483581,0.2778981712957223,0.6629001955191295,70.41250762939453,66.6789321899414,61.12605209350586,66.6789321899414,70.57900390625,63.32282079060872,64.77405741373698
51,-0.2341751077054244,-0.2726703219924052,-0.2726703219924052,7.699043031008738,0.005,0.0010003839676567124,0.22285156401823153,0.5617898798213815,53.99644268683667,9.774282836914063,-0.2157370316951225,-0.2157370316951225,9.990019861857096,0.001000198459951207,0.18249457627534865,0.44237564702828724,71.91109720865886,62.43975270589193,49.938419596354166,62.43975270589193,53.964229583740234,35.745438766479495,39.38919692993164
52,-0.25331189349856015,-0.3027031096972455,-0.3027031096972455,9.68455178782625,0.0051,0.0010008528029089266,0.19606248275288995,0.5175313955208041,51.756694937652014,10.924600855509441,-0.3305001902083556,-0.3305001902083556,11.25510102113088,0.0010017004911787807,0.20938995778560637,0.4917809451619784,66.22981465657553,57.10901819864909,47.491251118977864,57.10901819864909,53.28082860310872,46.6437733968099,47.97118443806966
53,-0.2417739636774333,-0.2899414158232932,-0.2899414158232932,9.26297154516544,0.0052,0.0010015919479488763,0.21292688908442012,0.5426764926820431,53.938254446353554,10.26662445863088,-0.2598348017161091,-0.2598348017161091,10.526459248860677,0.0010015490658891698,0.2571952559053898,0.628593776623408,69.47834930419921,60.462965647379555,49.05624516805013,60.462965647379555,51.64751358032227,44.79991556803385,46.16943517049154
54,-0.2537966750843345,-0.29312268857194007,-0.29312268857194007,7.420002478473592,0.0053,0.0010008895066830348,0.21189444104455551,0.5511388019570764,53.99835205078125,8.662881779670716,-0.30248520666112505,-0.30248520666112505,8.965366999308268,0.0010008692586173614,0.19342743282516797,0.4806986798842748,65.85374094645182,58.124063618977864,46.79664866129557,58.124063618977864,51.9109135945638,40.96403376261393,43.153409729003904
55,-0.23668344659765936,-0.2797445930224263,-0.2797445930224263,7.974286106397521,0.0054,0.0010015314734839605,0.19753153326938738,0.5097939568870472,54.29552283377018,9.107021959622701,-0.13139685192145406,-0.13139685192145406,9.238418865203858,0.0010006051937428613,0.23700969244043033,0.5590530415376027,75.83834788004557,70.8509740193685,62.867591094970706,70.8509740193685,74.40781758626302,45.98708699544271,51.671233113606775
56,-0.19254638609599392,-0.23538472529342575,-0.23538472529342575,7.788788885440466,0.0055,0.00100172709515494,0.2643459062531309,0.6558011151709646,57.74972120321022,7.991795619328816,-0.2387345700757578,-0.2387345700757578,8.23053019841512,0.0010002149307789903,0.21784826914469402,0.49831014772256216,67.75879109700521,58.93457132975261,50.54375203450521,58.93457132975261,50.87430953979492,50.25252888997396,50.37688501993816
57,-0.2302697880439601,-0.27012594539742424,-0.27012594539742424,7.117171017628796,0.0056,0.0010008868950260978,0.20545201847013436,0.5150379307989804,54.60664655577462,9.215633201599122,-0.24043142923619598,-0.24043142923619598,9.456064661343893,0.0010005547820279995,0.2191600099205971,0.5357371399799983,71.42056401570638,62.31781692504883,52.01099166870117,62.31781692504883,50.2480588277181,43.19187622070312,44.60311274210612
58,-0.24044109230755634,-0.2836343068278061,-0.2836343068278061,7.577756989676997,0.0057,0.0010017166397411307,0.22174530377927817,0.5606500208377838,54.26307930136627,9.284638277689616,-0.30755288948615395,-0.30755288948615395,9.592191163698832,0.001000720417747895,0.224620371311903,0.5445786853631337,66.7777712504069,58.37346471150716,47.9941047668457,58.37346471150716,54.51477635701497,43.76036554972331,45.911247711181645
59,-0.2741789081538061,-0.3237421614170637,-0.3237421614170637,8.545388320706925,0.0058,0.0010010335673490223,0.19047297171826633,0.48695242011322165,49.93631578841299,8.483690039316814,-0.3330166039367517,-0.3330166039367517,8.816706609725951,0.0010006456597087285,0.189302579810222,0.4682104100783666,65.23320134480794,55.847102355957034,46.3115239461263,55.847102355957034,47.06645024617513,41.35105768839518,42.49413619995117
60,-0.27414722782823275,-0.31539438058674896,-0.31539438058674896,6.991042425047676,0.0059,0.0010007728387619245,0.19506549750858881,0.5012847438173474,52.50391168414422,8.458159224192302,-0.27275657864908376,-0.27275657864908376,8.730915832519532,0.0010004586035696169,0.23771812493602434,0.5615322013696035,68.24699300130209,60.39061609903971,50.23680674235026,60.39061609903971,54.40491511027018,40.65375798543294,43.40398941040039
61,-0.26437714963026765,-0.30686755337805116,-0.30686755337805116,7.08173383406873,0.006,0.001000670081373515,0.20374849691705885,0.5403493417883819,53.06246311259719,8.350513466199239,-0.24360801352886483,-0.24360801352886483,8.594121448198955,0.0010003051080275326,0.17512548888723056,0.4517671485741933,70.64314473470053,62.926832580566405,51.88091761271159,62.926832580566405,53.32575963338216,50.90115254720052,51.38607396443685
62,-0.22142469791590041,-0.2659663750157463,-0.2659663750157463,7.301914327549484,0.0061,0.0010008516167905534,0.22632610319920307,0.5739261091880079,56.300941035432636,7.178302748998006,-0.29790914729237555,-0.29790914729237555,7.476211905479431,0.00100085354448917,0.2299120215078195,0.5566696087519328,66.45407587687174,57.6965939839681,49.87426223754883,57.6965939839681,59.21626612345378,44.61766866048177,47.53738815307617
63,-0.29589043121855213,-0.3371871992383363,-0.3371871992383363,6.660768724837393,0.0062,0.0010003762688698633,0.19382748963697902,0.53304205300673,51.09016245716023,6.728295540809631,-0.28827667344982427,-0.28827667344982427,7.0165722370147705,0.0010001818727081021,0.17101467524965605,0.44863405177990595,67.62347895304362,58.942206319173174,48.563788350423174,58.942206319173174,54.050515238444014,40.57957000732422,43.27375905354818
64,-0.2554467186894057,-0.29660028191107624,-0.29660028191107624,6.53231161945271,0.0063,0.0010006404196281197,0.20209259230573223,0.549745574874698,54.39010195462209,7.727817217508952,-0.25646798821787037,-0.25646798821787037,7.98428521156311,0.0010010944097302854,0.2322671189904213,0.579493076602618,70.58654581705729,62.64790344238281,55.6384038289388,62.64790344238281,58.7615717569987,53.91088689168294,54.8810238647461
65,-0.2310647729713962,-0.2807144211991778,-0.2807144211991778,7.757757852662285,0.0064,0.0010008610288594973,0.23761667957845725,0.6735817160246507,53.92079187789053,8.939434560139974,-0.31278836509833735,-0.31278836509833735,9.252222895622253,0.0010004217620007694,0.20571405241886775,0.5151451006531715,66.45342864990235,57.66049550374349,46.86262613932292,57.66049550374349,50.03982009887695,39.614277903238936,41.699386342366545
66,-0.3052221069920738,-0.35151246218186505,-0.35151246218186505,7.1215930030031025,0.0065,0.0010004394560314293,0.17751314280168065,0.4737654671354114,49.30037538060602,6.881538542111715,-0.32414631471037864,-0.32414631471037864,7.205684884389242,0.001000354109176745,0.17713117276628812,0.44877200623353325,66.83704833984375,58.30774408976237,46.330132548014326,58.30774408976237,47.54595718383789,44.13075332641601,44.81379409790039
67,-0.30188476146673254,-0.3441213900750538,-0.3441213900750538,6.399489542223373,0.0066,0.001000379464799925,0.1808630572456234,0.5143229685864359,50.90505635963296,10.078590798377991,0.12726372237084432,0.12726372237084432,9.951327061653137,0.0010000332219836613,0.14376171467204887,0.4221698358654976,77.03795928955078,73.52146352132162,66.75867309570313,73.52146352132162,70.58572591145834,55.16441879272461,58.24868021647136
68,-0.2707157811887984,-0.3117759509873137,-0.3117759509873137,6.128383937871681,0.0067,0.0010006922266428482,0.19975115738387378,0.5774519769650586,53.416103147110846,9.021470133463541,-0.28342652358114717,-0.28342652358114717,9.304896688461303,0.0010004178582069775,0.20125952636202177,0.5062540506323179,65.48315938313802,58.53203608194987,49.117268880208336,58.53203608194987,56.42317454020182,40.508429209391274,43.69137827555339
69,-0.28582309966660896,-0.3356509141905128,-0.3356509141905128,7.327619444649175,0.0068,0.0010006347723867533,0.20216999441947578,0.5576652175975296,52.249705800470316,8.758289138476053,-0.268078926919649,-0.268078926919649,9.026368069648743,0.0010000257345382125,0.16136193610727786,0.46863707304000857,65.6666015625,57.5734006245931,45.236883799235024,57.5734006245931,53.12905578613281,36.989188766479494,40.21716217041016
70,-0.30481291358482165,-0.3517600385085592,-0.3517600385085592,6.80393141620564,0.0069,0.0010003336608620747,0.17609220715063922,0.4984456401950908,49.77370046219736,7.196114031473796,-0.35905746743083,-0.35905746743083,7.555171497662863,0.0010004227806348354,0.2030094025035699,0.5292331809798877,63.976454416910805,55.67330551147461,46.93567123413086,55.67330551147461,52.68087361653646,43.249307759602864,45.13562093098958
71,-0.28601185935285856,-0.3302751844221691,-0.3302751844221691,6.3233318778703795,0.007,0.001000401970297801,0.19357220252167504,0.5816176331268167,51.52508861613723,5.21413588921229,-0.3012252518907189,-0.3012252518907189,5.515361173947652,0.0010000554049232355,0.1778976358473301,0.531332240998745,61.61294937133789,55.169335174560544,46.25682423909505,55.169335174560544,51.68520812988281,44.81690343221029,46.19056437174479
72,-0.2861780823682839,-0.32114658849138134,-0.32114658849138134,4.9251415189707055,0.0071,0.001000321494362686,0.19176216268876814,0.5629547407042306,50.33711289459804,7.539401582876841,-0.34489131743709245,-0.34489131743709245,7.884292920430501,0.00100006206970041,0.1580529361963272,0.4851115142305692,59.27025833129883,54.53127899169922,44.699928029378256,54.53127899169922,45.6461301167806,40.25151570638021,41.33043858846029
73,-0.31920728741108245,-0.36397158059309115,-0.36397158059309115,6.21726294283597,0.0072,0.001000286174393347,0.1693207987074582,0.5035872420050064,48.34712665485886,5.412776863574981,-0.34756054120759167,-0.34756054120759167,5.7603374242782595,0.0010001328696186344,0.1639263078570366,0.44188535362482073,66.46115748087566,57.15730565388997,46.68140207926432,57.15730565388997,44.162862141927086,48.151841481526695,47.35404561360678
74,-0.2952437768075264,-0.33960782972006304,-0.33960782972006304,6.0772673049063055,0.0073,0.0010004752153038698,0.1821725718536467,0.5383107679070167,50.72682081978276,6.368976680437724,-0.37308059458931286,-0.37308059458931286,6.742057279745738,0.001000349239135782,0.18970175832509995,0.5277611340085665,62.70502471923828,53.80095520019531,46.54644215901693,53.80095520019531,48.74775683085124,46.85675862630208,47.23495826721191
75,-0.3443529667719355,-0.3890384235331472,-0.3890384235331472,6.038575397347504,0.0074,0.0010003165192550645,0.1714421275932834,0.49938204490913535,47.19033586753989,6.969266263643901,-0.3960322750111421,-0.3960322750111421,7.365298517545065,0.0010001328443953147,0.1615368320296208,0.5014156118035317,58.40889205932617,50.628457132975264,42.007836151123044,50.628457132975264,50.02307027180989,37.90806490580241,40.33106597900391
76,-0.38064803541550096,-0.4284512387975207,-0.4284512387975207,6.373760583265772,0.0075,0.0010001316231693018,0.16096370990546244,0.5274640563523995,45.40742409904048,5.656698898474375,-0.3673923184474309,-0.3673923184474309,6.024091227849325,0.0010001405860142162,0.16503228570024173,0.5638115619619687,61.026423899332684,53.55215047200521,45.420666758219404,53.55215047200521,56.498792521158855,44.22099889119466,46.6765576171875
77,-0.38053982620531657,-0.4253597634862054,-0.4253597634862054,5.897359636594665,0.0076,0.001000173712799431,0.16045922308035618,0.537727064681503,45.776960444900226,6.030346806844076,-0.3592864515880744,-0.3592864515880744,6.389633258183797,0.0010000940936151892,0.17100830314060053,0.5017543618877729,58.4579111735026,53.56440048217773,46.930676523844404,53.56440048217773,55.07190856933594,42.452155049641924,44.976105753580725
78,-0.3383679621905651,-0.38048221873787214,-0.38048221873787214,5.469383887524875,0.0077,0.0010001205131938717,0.1668764108194495,0.5181310739157334,47.54884996954,7.034469485282898,-0.27167882091986634,-0.27167882091986634,7.306148290634155,0.0010000567669825008,0.15814778606096905,0.5160946627457936,57.372337341308594,52.968893432617186,46.39679489135742,52.968893432617186,57.996628824869795,36.26778920491537,40.61355712890626
79,-0.3872866271379984,-0.4294435678506797,-0.4294435678506797,5.4047362714443565,0.0078,0.0010000936366301382,0.15059573161152173,0.49713884547071635,43.923564586999284,5.945400122801463,-0.4479751467704773,-0.4479751467704773,6.3933752854665125,0.001000090145195524,0.1505509439855814,0.451053786277771,53.713644917805986,47.06365865071614,39.79133783976237,47.06365865071614,45.27667058308919,40.919028727213544,41.790557098388675
80,-0.4083675042075931,-0.4528123550819901,-0.4528123550819901,5.625931087529884,0.0079,0.0010000727433746434,0.1426803670682997,0.4863189998662697,43.07139025994067,5.3377541144688925,-0.3957230364282926,-0.3957230364282926,5.733477131525675,0.0010000898774402836,0.14369202529390654,0.48110726326704023,56.63026657104492,49.0742800394694,42.84857864379883,49.0742800394694,45.30598119099935,46.13003260294597,45.96522232055664
81,-0.4516307909814817,-0.5014592766199472,-0.5014592766199472,6.2285605061729,0.008,0.0010000441645113926,0.12973646622783733,0.44977990720631944,40.76588681059064,6.927280986309052,-0.3919111980125308,-0.3919111980125308,7.319192218780517,0.001000009678925077,0.10825106638173262,0.3593123473227024,52.84773203531901,49.10848668416341,41.70984153747558,49.10848668416341,39.60267130533854,37.96528409322103,38.29276153564453
82,-0.45492545107625565,-0.4991577829954759,-0.4991577829954759,5.46078194762176,0.0081,0.00100003801207146,0.12335949601992122,0.4061680925342272,40.089088367965985,6.132748234272003,-0.5063693602879842,-0.5063693602879842,6.639117614428202,0.0010000275913625955,0.11016909778118134,0.3917163083950678,49.57360738118489,44.229652404785156,37.10980339050293,44.229652404785156,42.7667231241862,35.22297744750976,36.731726582845056
83,-0.5193459835817229,-0.5625662604030573,-0.5625662604030573,5.270765273076184,0.0082,0.0010000246089338412,0.09719259945570298,0.3581055023197858,37.07743349615133,6.9262338280677795,-0.573164642850558,-0.573164642850558,7.4993984738985695,0.001000034884782508,0.10826993423203628,0.38486302544673284,46.889513142903645,40.58513387044271,33.40693219502767,40.58513387044271,37.467729059855145,34.857214736938474,35.37931760152181
84,-0.5128435967665799,-0.5639141376288432,-0.5639141376288432,6.153077426946388,0.0083,0.0010000244903220039,0.1006621058397698,0.3895296519095043,36.27928737424455,10.816208096345266,-0.5494178747137387,-0.5494178747137387,11.36562602519989,0.0010000118035047004,0.09056069701910019,0.36325794955094654,44.69121170043945,42.73249282836914,34.416707356770836,42.73249282836914,36.532598876953124,29.679945119222005,31.05047587076823
85,-0.5480749550855385,-0.5946846469393317,-0.5946846469393317,5.548772744412692,0.0084,0.0010000337266697075,0.09468232074154997,0.40212263251250646,35.55951629494721,7.217795419692993,-0.5162649142245451,-0.5162649142245451,7.734060327212016,0.0010000196401961149,0.09502071756869554,0.3940201595425606,44.55677795410156,41.21806335449219,35.45364214579264,41.21806335449219,37.044453684488936,37.5661813100179,37.46183578491211
86,-0.5351771062837457,-0.5808432051595652,-0.5808432051595652,5.3724820298968625,0.0085,0.0010000322945415974,0.09900081445867161,0.41087500329287546,35.79112117695359,4.981793165206909,-0.6111488764484724,-0.6111488764484724,5.592942039171855,0.0010000432453428705,0.11256329839428265,0.43749408175547916,45.14179484049479,37.943478139241535,31.049081802368164,37.943478139241535,35.80622774759929,32.756967035929364,33.366819178263356
87,-0.5682673040988311,-0.6156663408256927,-0.6156663408256927,5.511515959253851,0.0086,0.0010000422227916853,0.08976746997180975,0.4090289720949137,34.174334004240215,6.151722204685211,-0.5918928066889445,-0.5918928066889445,6.743615011374156,0.0010000343589733043,0.09781999811530113,0.42575887143611907,42.56632843017578,39.25602289835612,33.318241628011066,39.25602289835612,36.905130004882814,32.69067649841308,33.53356719970703
88,-0.6194290276968254,-0.6626231299256379,-0.6626231299256379,4.9648395844225615,0.0087,0.0010000253184083497,0.08369489147696856,0.42104189182227514,32.75275960958229,5.190669318040212,-0.6360996062556903,-0.6360996062556903,5.826768898963929,0.0010000341921113432,0.07994282636791468,0.3824050262570381,43.03160705566406,38.046800740559895,32.3525271097819,38.046800740559895,37.15234235127767,26.573641713460287,28.689381841023764
89,-0.5831796943016772,-0.6280408777155966,-0.6280408777155966,5.097861555387389,0.0088,0.001000035538795,0.08863434307980088,0.42881969235978035,32.82844698204185,5.604056000709534,-0.6205781905911862,-0.6205781905911862,6.22463420232137,0.0010000220014868926,0.08408012917886178,0.383992438018322,40.90782470703125,36.360664240519206,33.39926948547363,36.360664240519206,38.2566162109375,26.15932299296061,28.57878163655599
90,-0.6173149442897653,-0.6657656903536815,-0.6657656903536815,5.443903954523914,0.0089,0.0010000227902190021,0.08412232608446535,0.4085176606785576,32.648385605722105,5.906179404258728,-0.6164238343636195,-0.6164238343636195,6.52260324160258,0.0010000228299759327,0.08543647105495135,0.3840009955068429,41.35540644327799,37.278197860717775,31.90241877237956,37.278197860717775,33.18380991617838,33.15029474894206,33.156997782389325
91,-0.664875642870957,-0.710676833706082,-0.710676833706082,5.089020944991201,0.009,0.0010000199633035456,0.06962984223973076,0.36801126065119255,30.77594413397447,3.991292707125346,-0.6276637986302376,-0.6276637986302376,4.618956510225932,0.0010000445996411144,0.0846457201987505,0.4215222964684168,41.039772033691406,37.09150110880534,31.81925214131673,37.09150110880534,31.91437021891276,31.89988835652669,31.90278472900391
92,-0.6463694988556627,-0.690455195476424,-0.690455195476424,4.844581532028486,0.0091,0.0010000336651672733,0.07762425610760473,0.43528851866722107,31.337512826019864,5.6383564352989195,-0.5359952888141076,-0.5359952888141076,6.174351716041565,0.001000023033702746,0.06369731842229763,0.32804921194911,44.26544723510742,39.07290852864583,33.23827896118164,39.07290852864583,36.79583536783854,28.369526036580403,30.054787902832032
93,-0.6531717957190748,-0.6991514794106753,-0.6991514794106753,4.997791542197174,0.0092,0.0010000471869167293,0.0721740317091627,0.4065700758178279,31.058767246750165,5.878782546520233,-0.6805228759845098,-0.6805228759845098,6.55930540561676,0.0010000505154797187,0.08497267371664445,0.4241134616235892,37.54202092488607,33.40602073669434,28.952861277262368,33.40602073669434,28.532144673665364,29.010362497965495,28.91471893310547
94,-0.7064350281121596,-0.7495777933102734,-0.7495777933102734,4.639006925079058,0.0093,0.0010000325251757255,0.06143474269588039,0.3601527990035291,28.27408551270107,5.050909372170766,-0.6819489985704422,-0.6819489985704422,5.732858339945476,0.0010000218191028884,0.058226432340840496,0.3274866878986359,37.894450124104814,32.694505564371745,28.25139185587565,32.694505564371745,30.6334716796875,26.36497294108073,27.218672688802087
95,-0.7212118990016434,-0.7663453761136757,-0.7663453761136757,4.801434085054217,0.0094,0.0010000260212933117,0.06211607544770781,0.35634695471457717,28.095212522542703,7.540636984507243,-0.7010767122109731,-0.7010767122109731,8.241713714599609,0.0010000284508957216,0.058214782861371835,0.35481922229131063,36.178140004475914,33.48773244222005,28.18130416870117,33.48773244222005,31.119395065307618,25.25311762491862,26.42637311299642
96,-0.7375841270077903,-0.7917971869684616,-0.7917971869684616,5.706638331683177,0.0095,0.0010000308228762082,0.058331570043316426,0.3633740980107829,26.89227474860425,5.450121653079987,-0.6963810081283252,-0.6963810081283252,6.146502653757731,0.001000040847187241,0.059436616984506446,0.32728033562501274,36.160879135131836,32.605491892496744,29.491422271728517,32.605491892496744,36.67768694559733,26.518114852905274,28.550029271443687
97,-0.7475340366363525,-0.7932332321157995,-0.7932332321157995,4.760332705839625,0.0096,0.0010000306295828436,0.05681941366561179,0.3600361868739128,27.217782830292325,7.699514659245809,-0.6925449500481288,-0.6925449500481288,8.392059604326883,0.001000015193130821,0.056674966712792714,0.3853930888076623,33.68476308186849,31.349550755818687,29.068907165527342,31.349550755818687,34.207906341552736,25.701511891682944,27.402790781656904
98,-0.7483834776113618,-0.7927925969069859,-0.7927925969069859,4.578259180176933,0.0097,0.001000024681418853,0.05665358591754482,0.37877091090634185,26.842276951052106,5.812326653798421,-0.7929760749141376,-0.7929760749141376,6.605302699406942,0.001000040825844432,0.05698294707884391,0.3255305970708529,34.60013593037923,28.79649937947591,24.596170043945314,28.79649937947591,27.684970982869466,28.02371114095052,27.955963109334313
99,-0.7573863684006457,-0.8034902687342662,-0.8034902687342662,4.70447925801547,0.0098,0.0010000316817137711,0.055918887327864486,0.3470081604033146,26.380302051328265,5.655319460233053,-0.8504282226165135,-0.8504282226165135,6.505747683842977,0.0010000349798550208,0.05387637621412675,0.3115196593105793,30.75121726989746,26.632737604777017,22.451955604553223,26.632737604777017,24.25641040802002,20.876827239990234,21.552743873596192
100,-0.7834147377958838,-0.8332147199027943,-0.8332147199027943,5.030301247002943,0.0099,0.0010000346514027355,0.0498569463643263,0.3186030132028292,25.41093631960311,4.9352533459663395,-0.8068251838286717,-0.8068251838286717,5.742078522841136,0.0010000627196859568,0.056988110889991124,0.3332334540784359,30.78256352742513,27.977732340494793,24.31346918741862,27.977732340494793,29.211968612670898,24.74003359476725,25.634420598347983
101,-0.7830669396328476,-0.8285650824600795,-0.8285650824600795,4.549814593117192,0.01,0.0010000416824488708,0.05171248183216689,0.3145874339454579,24.99475083261166,4.22874835729599,-0.7507298077146213,-0.7507298077146213,4.979478164513906,0.0010000333694430688,0.04469034432743987,0.26421649667123953,31.193584314982097,27.40488446553548,25.5807741800944,27.40488446553548,28.818143208821613,26.449221420288087,26.923005777994796
102,-0.8177570430737622,-0.8660406537775723,-0.8660406537775723,4.780555968014699,0.0101,0.001000039951594652,0.043475222861710586,0.2837376416010677,23.92792327449007,7.52175756295522,-0.7733167817195257,-0.7733167817195257,8.295074383417765,0.0010000641806982458,0.057805518495539825,0.30540410429239273,30.105859375,28.900829188028972,26.947949854532876,28.900829188028972,29.258483505249025,23.05290781656901,24.294022954305014
103,-0.7883344472579237,-0.839892993558128,-0.839892993558128,5.054759219007672,0.0102,0.0010000619914312407,0.04699669637770023,0.2730601855887557,24.37703199206658,4.5331304709116615,-0.8186574598153432,-0.8186574598153432,5.351787916819254,0.0010000709677115082,0.05747364070266485,0.3072270579636097,29.696194330851238,25.901112238566082,24.38343645731608,25.901112238566082,23.455237070719402,26.495398966471353,25.887366587320965
104,-0.7943788345129985,-0.8425895211831579,-0.8425895211831579,4.680648565292358,0.0103,0.0010000573304253368,0.04617418317159392,0.253872645632276,24.238288609486705,3.9549099008242288,-0.808679982026418,-0.808679982026418,4.763589894771576,0.0010000939636180797,0.05262942090630531,0.28714411829908687,30.168110148111978,27.352236811319987,24.692331059773764,27.352236811319987,28.62548942565918,26.060327275594076,26.573359705607096
105,-0.8927826797062496,-0.9419083044214068,-0.9419083044214068,4.723617967569603,0.0104,0.0010000459634575923,0.036258411189576366,0.22559255403730105,21.010067112040968,4.291780296961466,-0.9110482633113861,-0.9110482633113861,5.20282857020696,0.001000028031800563,0.03260444033270081,0.2012313996752103,27.40813751220703,23.433948771158853,20.36765416463216,23.433948771158853,22.62812919616699,19.959170977274578,20.49296262105306
106,-0.8274845154780262,-0.8761052376819107,-0.8761052376819107,4.630544896395701,0.0105,0.0010000632917684204,0.04095489148683143,0.26235988989191233,23.793296723995567,8.415398744742076,-0.8302272170782089,-0.8302272170782089,9.2456259171168,0.0010000707445821414,0.05164799975852172,0.31154754186669986,28.17711410522461,26.176288096110024,23.374682744344074,26.176288096110024,24.675591786702473,22.681612904866537,23.080408681233727
107,-0.8207624093541559,-0.8672437487908129,-0.8672437487908129,4.385031956546712,0.0106,0.0010000777755916682,0.04118686924987244,0.24982984926340715,23.00814387483417,4.433904945850372,-0.8196761856476465,-0.8196761856476465,5.253581142425537,0.0010000373527873307,0.03945533344522119,0.23494709879159928,26.70241584777832,24.14443918863932,23.97409578959147,24.14443918863932,29.80280367533366,22.799250666300455,24.199961268107096
108,-0.8628741052915465,-0.9109536004516313,-0.9109536004516313,4.493410479347661,0.0107,0.0010000661472385785,0.03933940402601125,0.24340908974409103,21.8529852921108,3.902885413169861,-0.8726540058851242,-0.8726540058851242,4.775539414087931,0.0010001086804550142,0.04570671891172727,0.26995357051491736,26.99370994567871,23.209445444742837,22.024035008748374,23.209445444742837,24.558234532674152,23.192069244384765,23.465302302042645
109,-0.8720463086973946,-0.922433687830871,-0.922433687830871,4.665498130726364,0.0108,0.0010000803674799653,0.03640885760058772,0.25317965293267986,21.51304552690038,4.109912872314453,-0.8342973351478576,-0.8342973351478576,4.94421020746231,0.0010001111251767725,0.04469485090424617,0.25294470426936944,29.78514862060547,25.363585662841796,22.8655086517334,25.363585662841796,23.266460927327476,28.54055010477702,27.485732269287112
110,-0.8839795353277674,-0.9337584213265833,-0.9337584213265833,4.566870352007308,0.0109,0.0010000668896608196,0.036179715064617826,0.2301921490228401,21.33618586918093,3.949084242184957,-0.7374636349578698,-0.7374636349578698,4.6865478674570715,0.0010001030653559913,0.0369600221204261,0.22586027743915718,27.291374969482423,24.72433369954427,24.142774454752605,24.72433369954427,27.563117345174152,27.605803044637046,27.59726590474447
111,-0.8605640856724865,-0.9125467201448837,-0.9125467201448837,4.725694121054883,0.011,0.0010000906383864723,0.039259073798948864,0.26263972343701236,22.03266386715871,3.776231412092845,-0.9581683705250422,-0.9581683705250422,4.734399791558584,0.001000072731403634,0.036754038246969385,0.22314599379897118,24.263232930501303,21.012011845906574,19.41927000681559,21.012011845906574,20.475121307373048,18.768049875895183,19.109464162190758
112,-0.9261565107219624,-0.9770647647245875,-0.9770647647245875,4.586329167743899,0.0111,0.001000068714965205,0.031966182631704046,0.21214080658161416,20.145255808560353,3.683745193481445,-0.9842011560996373,-0.9842011560996373,4.6679463386535645,0.001000074475693206,0.033868415157000224,0.20132755947609743,21.566932487487794,20.121495882670086,18.240953636169433,20.121495882670086,21.85935834248861,23.13819147745768,22.882424850463867
113,-0.9230629419380764,-0.9761533073659213,-0.9761533073659213,4.7402111854193345,0.0112,0.0010000743841717267,0.030815655998182746,0.19141659913760312,19.97980412897074,3.551375420888265,-0.8967809438705444,-0.8967809438705444,4.448156368732453,0.0010000964510254561,0.03716971945638458,0.23476513872543972,24.863571039835612,22.775576782226562,21.154990832010906,22.775576782226562,24.377051862080894,24.031183115641277,24.100356864929203
114,-0.9220584361058362,-0.9677787153226025,-0.9677787153226025,4.046041992475402,0.0113,0.001000084683632935,0.032843475107033296,0.20583331486526527,20.481555452886617,4.989302774270375,-0.9051141987244288,-0.9051141987244288,5.894416987895966,0.00100006580275173,0.030855692022790513,0.19006146403650442,24.022785949707032,21.68341433207194,20.462064361572267,21.68341433207194,24.34218839009603,23.851653162638346,23.949760208129884
115,-0.9732584458477093,-1.0252638369236353,-1.0252638369236353,4.561875689704463,0.0114,0.0010000889558555944,0.027558075843976355,0.18675833687467394,18.556218003326993,5.404957683881124,-0.9426603376865387,-0.9426603376865387,6.347618059317271,0.0010000409442000092,0.02603455213829875,0.17236960548907518,23.94342981974284,21.724894332885743,19.603536224365236,21.724894332885743,21.591066106160483,20.42687924702962,20.659716618855793
116,-0.9775620642698036,-1.0212736124137662,-1.0212736124137662,3.8010037080296932,0.0115,0.0010000824871174289,0.026484847771671583,0.17511843102720548,18.452530231115954,4.761020604769389,-0.9758523533741633,-0.9758523533741633,5.736872935295105,0.0010000636529487869,0.02569858212955296,0.16152833725015323,23.042316182454428,20.87784194946289,19.075490697224936,20.87784194946289,21.706488609313965,17.766785685221354,18.55472627003988
117,-0.9674340149141708,-1.0195190934640057,-1.0195190934640057,4.490093213207317,0.0116,0.0010001095525814959,0.0268205888569355,0.18589624727390847,18.493726622383548,4.044110866387685,-1.0382519046465555,-1.0382519046465555,5.082362767060598,0.0010000517126172782,0.02739879578972856,0.19461182790497938,21.233428319295246,18.823419189453126,16.70857302347819,18.823419189453126,18.34799798329671,18.64895184834798,18.58876107533773
118,-0.9965280867972464,-1.0421810105161846,-1.0421810105161846,3.9019590278841414,0.0117,0.0010001080501648896,0.026028071161148685,0.18875807031707945,18.08646835471099,4.0849014540513355,-1.051847384373347,-1.051847384373347,5.1367488662401835,0.001000124285928905,0.02917388981829087,0.18816961348056793,20.50693359375,18.495655822753907,17.24189147949219,18.495655822753907,19.121027374267577,18.53419761657715,18.651563568115236
119,-0.9559892297915693,-1.007746602566737,-1.007746602566737,4.386217504177454,0.0118,0.0010001189404887693,0.026145260113309015,0.17864341359093505,18.654164188313036,5.881104322274526,-0.9280076771974564,-0.9280076771974564,6.809111980597178,0.0010000632998223107,0.028106744308024643,0.1820559917638699,22.828044764200847,21.30821329752604,20.659130223592122,21.30821329752604,25.451313145955403,19.017504056294758,20.304265874226886
120,-0.9974851135937672,-1.0449298226608421,-1.0449298226608421,3.9869499116573692,0.0119,0.0010001443409940825,0.027320163535340777,0.19117331504821777,18.21348823691314,4.231483892599742,-0.9731333037217458,-0.9731333037217458,5.204617178440094,0.001000038159933562,0.02189032230526209,0.14689677804708481,21.22630500793457,19.288231531778973,18.510964139302573,19.288231531778973,21.02946834564209,18.491917673746745,18.999427808125816
121,-0.9456052577720498,-0.9945035340651026,-0.9945035340651026,4.074856222800489,0.012,0.001000145878554937,0.028287726823451383,0.19517966507459586,19.61969087708671,3.9021353840827944,-0.9175577580928802,-0.9175577580928802,4.819693116346995,0.0010001275145138304,0.029614086883763473,0.20434540510177612,23.25258865356445,21.619700876871743,21.52742118835449,21.619700876871743,26.10320053100586,23.754601923624673,24.22432164510091
122,-0.9921234081376273,-1.038381077208609,-1.038381077208609,3.822947785539447,0.0121,0.0010001388870460807,0.02702448306218633,0.16806508952154303,18.059189310613668,3.3321277161439258,-0.9883328961829344,-0.9883328961829344,4.320460617542267,0.0010001215579298636,0.02665776200592518,0.1672676137338082,22.74023005167643,20.001209894816082,18.54822743733724,20.001209894816082,19.57201868693034,21.162870407104492,20.844700063069663
123,-1.0144914950964585,-1.0631972123991769,-1.0631972123991769,3.9922722960418127,0.0122,0.0010001258704951913,0.024190482788912532,0.1611178143406814,17.80823662595929,6.987489132086436,-0.9482303569714229,-0.9482303569714229,7.935719497998556,0.0010000506144327423,0.02200492238625884,0.16323796684543293,19.820316569010416,19.226809946695962,18.80704345703125,19.226809946695962,23.315592320760093,18.60435199737549,19.546600062052413
124,-0.9937559816072572,-1.0490162293865997,-1.0490162293865997,4.492703604248335,0.0123,0.0010001454546274442,0.02645816372812919,0.18113066157642402,17.937414889065725,3.2154801825682324,-0.9869320064783096,-0.9869320064783096,4.202412176132202,0.0010001114763629932,0.024598147192349037,0.17329232295354208,21.934917195638022,19.675559171040852,19.27287368774414,19.675559171040852,24.725839869181314,17.575924809773763,19.005907821655274
125,-1.002270631070407,-1.0513751585528535,-1.0513751585528535,3.96004226972472,0.0124,0.0010001706179090827,0.02367018272151362,0.16036084097511363,17.628483250456036,3.3070420066515607,-1.012503182888031,-1.012503182888031,4.319545205434164,0.0010002398048527539,0.02806905092050632,0.18912272453308104,20.667120488484702,18.085925356547037,17.922597948710123,18.085925356547037,20.423853556315105,21.466684913635255,21.258118642171226
126,-1.0290621114227008,-1.075189695043384,-1.075189695043384,3.6902069055809164,0.0125,0.001000192003184051,0.02428784098405883,0.17990026988510815,17.16234545437795,3.2253113090991974,-1.039853683114052,-1.039853683114052,4.26516497929891,0.0010000803779500226,0.023026710391665497,0.14989806128044922,19.865284093221028,18.14464391072591,17.541463724772136,18.14464391072591,20.410694249471028,15.227172025044759,16.263876469930015
127,-1.0384720069057536,-1.0884644872737381,-1.0884644872737381,3.967656855313283,0.0126,0.0010001948652437554,0.022886934918615053,0.15824756771326065,16.990508385424345,3.6400469462076823,-0.9794950058062871,-0.9794950058062871,4.619541966915131,0.0010002794985969861,0.02747819765160481,0.18351180801788966,21.853888066609702,19.16451905568441,18.47194169362386,19.16451905568441,19.901113065083823,22.261857096354166,21.789708290100098
128,-1.0149788181736785,-1.063472958105915,-1.063472958105915,3.8184361502809345,0.0127,0.001000204136735707,0.024208129576916964,0.17554234249411887,17.347430427119416,3.697550775607427,-1.1014680008093516,-1.1014680008093516,4.799018760522206,0.0010001341036210457,0.02414935822598636,0.16228808170805376,18.41746775309245,16.592125765482585,15.647231483459473,16.592125765482585,17.5473019917806,17.147904014587404,17.227783610026044
129,-1.0562422039373867,-1.1069156966119442,-1.1069156966119442,3.958867167526821,0.0128,0.001000176845030543,0.02191174473121481,0.15130355581641197,16.421989638850373,3.3995223601659137,-0.8747187554836273,-0.8747187554836273,4.27424111366272,0.0010001358013444891,0.026059197975943485,0.18869617233673733,22.653218714396157,21.851558049519856,20.935992685953774,21.851558049519856,25.486819076538087,17.154731877644856,18.821149317423504
130,-1.011263166958431,-1.0597367938959374,-1.0597367938959374,3.7576453955668323,0.0129,0.0010002459715700374,0.0252007057468565,0.19380845733970967,17.49821087099471,3.1421326736609143,-0.9525711466868718,-0.9525711466868718,4.094703829288482,0.0010002931715765346,0.024219296965748073,0.16578622063000997,22.194873936971028,19.922946548461915,18.355440139770508,19.922946548461915,22.321279780069986,22.395390192667644,22.38056811014811
131,-1.0115227598064351,-1.063631201690098,-1.063631201690098,4.008341240433027,0.013,0.0010002535737102043,0.023197447881102562,0.1634044259927183,17.114211478323305,3.2286009867986043,-1.0608909944693248,-1.0608909944693248,4.289491979281108,0.0010002711535586665,0.027382167583952347,0.18479323629289865,20.910840479532876,17.553334999084473,15.4036283493042,17.553334999084473,19.047000821431478,15.489937337239583,16.20135003407796
132,-1.0444136824247972,-1.0946102131087825,-1.0946102131087825,3.831795728431558,0.0131,0.0010002490730499321,0.022309599057683406,0.15385399308969389,16.710219941049253,3.264848478635152,-0.9570507317781448,-0.9570507317781448,4.221899211406708,0.0010001939410964648,0.022702852605531613,0.14538326902935902,22.054114278157552,19.82904968261719,18.406642850240072,19.82904968261719,22.33721981048584,15.817494583129882,17.121439628601074
133,-1.0168173909187317,-1.0650281827404815,-1.0650281827404815,3.652332647791449,0.0132,0.0010002420420037969,0.023540752131562186,0.1703017197971074,17.45823556072307,3.8205177466074627,-1.031434523065885,-1.031434523065885,4.851952270666758,0.001000167765111352,0.022765594984715185,0.15370865426957608,20.408321634928384,19.107257970174153,17.532128651936848,19.107257970174153,22.26651554107666,17.83590119679769,18.722024065653486
134,-1.0310982521974816,-1.079682374900242,-1.079682374900242,3.6529415733409376,0.0133,0.0010002023773267865,0.02416044464862009,0.16595557831087202,17.385412720014465,4.438250891367594,-0.9025603423515955,-0.9025603423515955,5.340811264514923,0.0010000647782968978,0.01895070718601346,0.125914653763175,20.564248657226564,19.659760348002116,19.011585680643716,19.659760348002116,21.300386428833008,16.797060267130533,17.69772549947103
135,-1.0044325252748885,-1.0537390382784717,-1.0537390382784717,3.679591034943203,0.0134,0.0010001940657121111,0.024202990169935632,0.17599991076397445,17.687618165645958,5.097261500358582,-1.066622081398964,-1.066622081398964,6.163883570830027,0.0010001714845808843,0.022058419262369473,0.15206530131399632,18.873856163024904,17.563529141743977,17.021008173624676,17.563529141743977,19.533199882507326,15.459307988484701,16.27408636728923
136,-1.0504589699349314,-1.101511540277949,-1.101511540277949,3.7816714925586052,0.0135,0.001000188315234516,0.0218229528235377,0.16630698824828527,16.66031612540191,5.42105188369751,-1.0012226998806,-1.0012226998806,6.42227456967036,0.0010001801051354657,0.026525124379744133,0.17284852042794227,21.839162826538086,19.21981455485026,18.10317471822103,19.21981455485026,21.63276850382487,20.732295163472493,20.91238983154297
137,-1.0617563747010141,-1.1122308317220435,-1.1122308317220435,3.7113574720778555,0.0136,0.0010001633869800364,0.02170689518229579,0.1550645224468888,16.212413661884813,3.484779683748881,-1.0912708004315694,-1.0912708004315694,4.576050492127736,0.0010001881474939486,0.021118536048258345,0.13782838347057502,18.405011622111,16.800860087076824,16.256459172566732,16.800860087076824,20.48679002126058,18.152702395121256,18.61951992034912
138,-1.066691406492917,-1.1156926042628739,-1.1156926042628739,3.5767297204935327,0.0137,0.001000184930404121,0.02156574788661498,0.159818652946994,16.400198270689767,3.861415982246399,-1.0557344575723013,-1.0557344575723013,4.917150437831879,0.0010001409779457997,0.020891008417432508,0.1563911609351635,18.58814016977946,17.726751836140952,16.569959958394367,17.726751836140952,20.131284268697105,16.574298286437987,17.28569548288981
139,-1.0905894772061762,-1.1405668269913152,-1.1405668269913152,3.6215476944761456,0.0138,0.00100021601768808,0.019921665132608055,0.15667436876386967,15.562017872648418,3.6772494971752168,-1.1467477669318518,-1.1467477669318518,4.823997271060944,0.001000252845309054,0.021317929914221167,0.14276914540678262,17.548174730936687,15.310099283854166,14.871430397033691,15.310099283854166,17.844130579630534,16.66520226796468,16.900987930297852
140,-1.0800492741026968,-1.1287666626696318,-1.1287666626696318,3.5048488311047823,0.0139,0.0010002275142502392,0.020422863018400263,0.16071045961020128,16.142976059103912,3.301344750324885,-1.0623645206292471,-1.0623645206292471,4.3637092789014185,0.001000255501518647,0.021165028012668095,0.15459258196254572,18.2166472752889,16.5604523340861,15.746672248840332,16.5604523340861,17.40497792561849,21.0933172861735,20.355649414062498
141,-1.076099416557348,-1.1233383990683645,-1.1233383990683645,3.3742131737043275,0.014,0.0010002333481954236,0.019880829712832875,0.15638207862118506,15.99990546028569,3.4533994615077974,-1.1724557836850484,-1.1724557836850484,4.62585525115331,0.001000200417668869,0.018284956645220517,0.1440501986692349,16.356153361002605,14.58145523071289,14.581669489542643,14.58145523071289,17.383446184794106,16.039464060465495,16.308260485331218
142,-1.1149807943488068,-1.163928823651008,-1.163928823651008,3.4714921330505946,0.0141,0.0010002730238550114,0.018482720619946155,0.14105846683652895,15.148194241073897,3.5159534931182863,-1.1450875838597616,-1.1450875838597616,4.6610410690307615,0.00100038781723318,0.02097362445977827,0.15396718432505926,17.37503293355306,15.252234204610188,15.149833997090658,15.252234204610188,18.563939984639486,17.798366610209147,17.951481285095216
143,-1.0653014194290593,-1.1167814242389966,-1.1167814242389966,3.625351959804319,0.0142,0.0010002851442275744,0.01966586262690571,0.15570584740841165,15.921855566636571,3.340153928597768,-1.1100531379381815,-1.1100531379381815,4.450207070509593,0.0010002038771441827,0.021735194511711596,0.15131025227407616,17.28683878580729,16.73353665669759,15.360531107584636,16.73353665669759,19.169528261820474,16.08883851369222,16.70497646331787
144,-1.0763609105685972,-1.1265505462322596,-1.1265505462322596,3.5097649547289,0.0143,0.0010002685759111115,0.02117247921678255,0.1522337386630616,16.075484833627378,3.6799691379070283,-1.0472925116618474,-1.0472925116618474,4.727261654535929,0.0010001896085062374,0.018055372157444557,0.1298107374459505,18.16328131357829,16.96317939758301,16.57785587310791,16.96317939758301,19.213004620869956,18.15605703989665,18.36744655609131
145,-1.0933665846878629,-1.1406517051300913,-1.1406517051300913,3.2836888961072237,0.0144,0.001000257707552387,0.0201391445402548,0.15060785848577068,15.494602995098761,3.7481821815172833,-1.05641361673673,-1.05641361673673,4.804595796267192,0.0010002559031515072,0.017738973706339797,0.12715885682652395,17.954864247639975,16.32270844777425,16.250858052571616,16.32270844777425,20.326323064168296,18.989361381530763,19.25675371805827
146,-1.0770341585267265,-1.1260240719003498,-1.1260240719003498,3.37861460559773,0.0145,0.0010002372228487763,0.0192083389726731,0.13434959610678116,15.795209416803324,3.3927697936693826,-1.0915723353624345,-1.0915723353624345,4.4843421339988705,0.0010001830058172345,0.020214944100007414,0.13926638178527356,19.491177368164063,16.843071937561035,15.78767795562744,16.843071937561035,18.252731641133625,17.088603274027506,17.32142894744873
147,-1.0782273198073764,-1.1285367911716677,-1.1285367911716677,3.4458542140025012,0.0146,0.0010002265346043234,0.018987474611626483,0.14327905397370178,15.805451627047557,2.6599621335665384,-1.1039612938960393,-1.1039612938960393,3.763923422495524,0.0010003208318570009,0.022973264660686256,0.16074641284843286,19.032137044270833,16.23031520843506,14.912728373209635,16.23031520843506,18.77044595082601,17.046134122212727,17.390996487935386
148,-1.0862919317101531,-1.138709789177157,-1.138709789177157,3.5658407166319073,0.0147,0.0010002915800180075,0.020470946166172344,0.15425198918805932,15.574141160497126,2.596955358982086,-1.1298778106768925,-1.1298778106768925,3.726833160718282,0.0010002526299407084,0.019593198721607526,0.1299873379369577,18.212976264953614,15.516409238179525,14.865001360575357,15.516409238179525,17.354609107971193,16.860178184509277,16.959064369201663
149,-1.105745350414852,-1.1572797017277412,-1.1572797017277412,3.4820518313713795,0.0148,0.0010002566246702423,0.018722402107603144,0.1441248301768078,15.203936144990742,3.415049757560094,-1.0754899899164836,-1.0754899899164836,4.490539753437043,0.0010001742164604365,0.01588741342226664,0.11375436714539926,17.321501350402833,16.602447319030762,16.49944477081299,16.602447319030762,20.55890375773112,17.030361938476563,17.736070302327477
150,-1.095897081887947,-1.146899106367579,-1.146899106367579,3.4229549731848374,0.0149,0.0010002875010887125,0.01918376101848652,0.1418876381555818,15.424034424547878,4.237555785973867,-1.110920262336731,-1.110920262336731,5.3484760562578835,0.0010002546342244992,0.02140364327157537,0.16670687446991603,16.844539960225422,15.977640342712402,15.647373135884603,15.977640342712402,19.347500228881835,18.63739102681478,18.779412867228192
151,-1.0787766744505685,-1.1285671513035613,-1.1285671513035613,3.319364754658825,0.015,0.0010002405351941597,0.01996049407939866,0.1470086599858302,15.780627538573068,3.081848998864492,-1.1459519882996878,-1.1459519882996878,4.227800989151001,0.0010002425328517954,0.020314522180706264,0.151397717744112,16.525400797526043,15.304182815551759,14.68486893971761,15.304182815551759,16.177898089090984,17.369972928365073,17.131557960510257
152,-1.1082692028216596,-1.1633515335478872,-1.1633515335478872,3.6478368066391855,0.0151,0.0010002599677668427,0.01811099012013314,0.13364352222602321,15.173129477590885,3.017781049013138,-0.9919046799341837,-0.9919046799341837,4.009685738881429,0.0010001841369861116,0.02147728969963888,0.16041068714112044,20.517052332560223,19.07770493825277,18.44448127746582,19.07770493825277,18.973857116699218,20.85825513203939,20.481375528971355
153,-1.0643434063443598,-1.1142987294017144,-1.1142987294017144,3.2865343723656997,0.0152,0.0010003148279381247,0.021783398394033593,0.1792013410408542,16.32058735613553,3.565695971250534,-1.0987582474946975,-1.0987582474946975,4.664454237620036,0.0010002896247897296,0.021467102458700538,0.14557566059132418,17.95834445953369,16.94699058532715,16.07916514078776,16.94699058532715,19.283458773295084,16.470310592651366,17.03294022878011
154,-1.1122686761730123,-1.162003239370742,-1.162003239370742,3.250625470899186,0.0153,0.0010002239405195105,0.01841812171393408,0.13994463476932273,14.925079921506486,3.2958549658457437,-1.0777247120936713,-1.0777247120936713,4.373579641183217,0.0010001874431812515,0.018405934361120067,0.13264984786510467,18.60257994333903,17.046481577555337,15.80613333384196,17.046481577555337,19.368310991923014,18.57409553527832,18.73293862660726
155,-1.1571164963380345,-1.2048713801042088,-1.2048713801042088,3.1009668876539984,0.0154,0.0010002537472349293,0.017020867698175728,0.12170058847317156,14.195811865464696,2.7959920247395833,-1.1571753750244775,-1.1571753750244775,3.953167402744293,0.0010001817640538017,0.018437895691022277,0.13627425146599612,16.91665725708008,15.473760668436686,14.666759872436524,15.473760668436686,18.074955240885416,17.326234499613445,17.47597864786784
156,-1.1221919070999578,-1.1706144483584278,-1.1706144483584278,3.124034987305695,0.0155,0.0010002850212227062,0.0184606121290686,0.13855141928454615,14.97710512269218,2.952713352441788,-1.1416895598173142,-1.1416895598173142,4.094402901331583,0.0010003335153063138,0.017579313709090154,0.12993550524115563,16.34491761525472,14.37596575419108,14.493118794759114,14.37596575419108,17.607837804158528,16.611321449279785,16.810624720255532
157,-1.1071902412288595,-1.1555598760550876,-1.1555598760550876,3.100617818112643,0.0156,0.0010003565617327421,0.019586161165586057,0.1472190053395505,15.386828728441921,2.7476400276025137,-1.0905274917682013,-1.0905274917682013,3.8381675243377686,0.0010004453302826732,0.020882232564811906,0.15359894409775735,18.246473821004233,16.63967030843099,16.494922574361166,16.63967030843099,20.375286547342935,19.28227335611979,19.50087599436442
158,-1.0938370396506112,-1.1459021512067542,-1.1459021512067542,3.3162494200580523,0.0157,0.0010003853272998109,0.019126635220534396,0.14549719008072368,15.551536542064738,2.569036936759949,-1.0791632612546285,-1.0791632612546285,3.64820020198822,0.0010003204108215869,0.021007481574391324,0.1491054318845272,17.7388100306193,16.459835942586263,16.510039456685384,16.459835942586263,20.81163241068522,17.559709612528483,18.21009417215983
159,-1.0846646799231476,-1.1351466831171289,-1.1351466831171289,3.195063685471157,0.0158,0.0010002893769129547,0.019903764146257122,0.13488836403725282,15.770649226206654,2.2488232453664145,-1.14371877014637,-1.14371877014637,3.3925420165061952,0.001000189781188965,0.020939601631835104,0.15163503071914117,17.806408627827963,14.864513142903645,14.102804120381673,14.864513142903645,16.860600916544595,16.235709317525227,16.3606876373291
160,-1.0912808652194042,-1.141240067077133,-1.141240067077133,3.142088125336845,0.0159,0.0010002718399331537,0.019490727522182016,0.15042582301879828,15.431480947530494,3.1252479215463,-1.0365315467119216,-1.0365315467119216,4.161779483159383,0.0010002728435210884,0.01821644084217648,0.12942185215651988,18.685380999247233,17.15717862447103,17.126980336507163,17.15717862447103,19.860706202189128,18.1953529993693,18.52842363993327
161,-1.1089762235587497,-1.162945275036794,-1.162945275036794,3.373065282713692,0.016,0.0010002700629521092,0.017648213050978363,0.12448288809578374,14.955469437365261,2.8844065686066944,-1.1776394853989283,-1.1776394853989283,4.06204606294632,0.001000169338658452,0.016534293117001653,0.1296227799107631,16.078706995646158,14.520727157592773,13.872680155436198,14.520727157592773,15.58097801208496,15.078362782796225,15.178885828653973
162,-1.1540644202592238,-1.2034420191117052,-1.2034420191117052,3.0669318055206873,0.0161,0.0010002708734663309,0.01627688512276366,0.11794903951714623,14.278517777065062,2.7369485994180045,-1.14609095454216,-1.14609095454216,3.8830395499865213,0.0010001655959058554,0.014587265796338518,0.12155091445893049,16.155240885416667,14.65250695546468,14.205875333150228,14.65250695546468,16.553894170125325,17.440944735209147,17.26353462219238
163,-1.1460691645460308,-1.1968227669877827,-1.1968227669877827,3.1329385154652147,0.0162,0.0010002601896149088,0.01679237687714257,0.14102664379016408,14.476274526344156,2.4571005503336587,-1.035905021429062,-1.035905021429062,3.4930055578549704,0.001000498499100407,0.022535873716697095,0.1719899710267782,19.38965129852295,17.351103019714355,16.73234011332194,17.351103019714355,19.995803578694662,19.0574010848999,19.245081583658852
164,-1.1147717327441808,-1.165052979622247,-1.165052979622247,3.0847391564891025,0.0163,0.0010003675530963348,0.018440029056707642,0.14148880864651697,14.986295915999502,3.0347179075082145,-1.102714223663012,-1.102714223663012,4.137432130177816,0.001000274686763684,0.016898770925278465,0.13092527737220128,16.567217508951824,15.459008280436198,15.452789497375488,15.459008280436198,18.78589299519857,17.265853691101075,17.569861551920575
165,-1.1632773921174824,-1.2142643444942978,-1.2142643444942978,3.1089604260786525,0.0164,0.001000289980954719,0.01601985172491591,0.11932639637083378,14.010022055427983,2.135750343402227,-1.1740770200888315,-1.1740770200888315,3.309827375411987,0.0010003837912033002,0.020620817954962452,0.16447439454495907,16.028535461425783,14.722866439819336,14.75383637746175,14.722866439819336,18.061477025349934,17.51545804341634,17.62466183980306
166,-1.1368492290658772,-1.187558095410185,-1.187558095410185,3.0732647922803773,0.0165,0.001000351887547745,0.016856640612460533,0.12504922465052246,14.371378160872549,1.9834321359793345,-1.2229458053906759,-1.2229458053906759,3.2063779473304748,0.001000251768467327,0.013900950038805603,0.09943013321608304,15.559830474853516,13.584686915079752,12.758075205485026,13.584686915079752,16.259504254659017,15.329427083333334,15.515442517598473
167,-1.132067157412475,-1.1808461434436295,-1.1808461434436295,2.9384928536864945,0.0166,0.0010003718450876339,0.016681446693837643,0.11878450671738049,14.72264901647028,2.4074184278647106,-0.9985920190811157,-0.9985920190811157,3.406010452906291,0.0010006531258113683,0.023652922982970875,0.1588450955847899,19.779052797953288,17.664959335327147,17.80037981669108,17.664959335327147,19.998108291625975,23.825543149312338,23.060056177775067
168,-1.112921490984143,-1.1622077372838866,-1.1622077372838866,2.9512724156649606,0.0167,0.0010004366488846124,0.01874162195215248,0.1318223683058091,14.969599903754467,3.3207875728607177,-1.1174022177855174,-1.1174022177855174,4.4381897926330565,0.0010002710390836001,0.01600076095201075,0.11918861450006564,17.035168393452963,15.877341016133625,15.416882514953613,15.877341016133625,19.62716293334961,17.854206085205078,18.208797454833984
169,-1.160511849061498,-1.212456781909151,-1.212456781909151,3.0919604886252925,0.0168,0.0010003309218072384,0.01593615717412728,0.12855496074793474,13.929325589593851,3.4708286841710407,-1.1212183743715287,-1.1212183743715287,4.592047055562337,0.001000442202591027,0.020563269204770526,0.15026477836072444,17.788646761576334,16.68199609120687,15.770713806152344,16.68199609120687,19.162378883361818,16.97674814860026,17.413874295552574
170,-1.1817093041707885,-1.2325644673041578,-1.2325644673041578,3.009181411761158,0.0169,0.001000297956502522,0.015540673836784542,0.12081749399877945,13.674162558789524,3.6454720199108124,-1.1469533801078797,-1.1469533801078797,4.792425402005514,0.001000384627453362,0.018070668649549284,0.14931084420531987,16.058214886983237,15.068868637084961,15.352495257059733,15.068868637084961,18.23527386983236,18.57832406361898,18.50971402486166
171,-1.1453054558556035,-1.1961026765265554,-1.1961026765265554,2.9880711492502465,0.017,0.0010004512469266665,0.016758184809729737,0.12151751055751207,14.351497956042019,2.1798239747683206,-1.141195190946261,-1.141195190946261,3.321019160747528,0.0010003563676339886,0.01851763448988398,0.14067468121647836,16.904050064086913,15.710038757324218,15.408652941385904,15.710038757324218,18.787583986918133,17.212095642089842,17.527193311055502
172,-1.1753475812246215,-1.2262970062921632,-1.2262970062921632,2.979498548327752,0.0171,0.001000259321991284,0.01572762326038671,0.12235761778253429,13.989860066827738,2.5948835094769795,-1.1386601865291595,-1.1386601865291595,3.7335437059402468,0.0010001889138948172,0.013644364662468433,0.11172096865872543,17.10871353149414,15.716078122456869,14.468725903828938,15.716078122456869,17.03542079925537,15.315321985880534,15.659341748555502
173,-1.1659631549187426,-1.2146081766992245,-1.2146081766992245,2.828199226901216,0.0172,0.001000356544160618,0.015603955343084515,0.11879927932091479,13.791570879378408,2.442213167746862,-1.106258859237035,-1.106258859237035,3.548472046852112,0.0010003251140005887,0.015301727736368776,0.12253201163063447,15.914425404866536,14.548410097757975,14.864854621887208,14.548410097757975,17.514160029093425,15.876583162943522,16.204098536173504
174,-1.1673464493931465,-1.2249287434344023,-1.2249287434344023,3.328455792283112,0.0173,0.0010003897510820403,0.01466215338628247,0.11512906132441647,13.656658622453797,2.161686756213506,-1.1178484539190927,-1.1178484539190927,3.2795352061589558,0.0010003916686400771,0.015650537113348642,0.1320239701618751,15.642809359232585,14.219184303283692,13.392408816019694,14.219184303283692,15.6569304784139,15.301217079162598,15.37235975901286
175,-1.2055624071157203,-1.2539963047459441,-1.2539963047459441,2.7835568167128653,0.0174,0.0010003777537143455,0.014119645703654244,0.1164363349243155,13.23865368681134,2.769615711768468,-1.2745657294988633,-1.2745657294988633,4.044181450208028,0.0010002639164061597,0.014138972262541454,0.11216177443663279,14.55298932393392,12.737343470255533,11.815060551961263,12.737343470255533,15.032471656799316,13.872793006896973,14.104728736877444
176,-1.137200212703561,-1.1885579228401184,-1.1885579228401184,2.9347266453617022,0.0175,0.0010003553097189036,0.015818745442578254,0.11971477622974594,14.137261453664527,2.4712383727232616,-1.0942372659842172,-1.0942372659842172,3.5654756506284078,0.0010004211314177762,0.020007761179779968,0.15801512549320856,16.63163007100423,16.533767700195312,16.789418347676595,16.533767700195312,17.445679918924967,18.846311187744142,18.566184933980306
177,-1.1031394398437355,-1.1524056083751175,-1.1524056083751175,2.799213872765595,0.0176,0.0010004437128784804,0.01789075529800271,0.12581163307405868,15.319376657593924,1.9353036145369211,-1.1638855040073395,-1.1638855040073395,3.0991891105969747,0.0010005572616743545,0.023513375020896395,0.16157913866142432,16.84764486948649,14.40371831258138,13.763227399190267,14.40371831258138,14.932809956868489,16.336824035644533,16.056021219889324
178,-1.11713508052646,-1.1712199775677807,-1.1712199775677807,3.055643862148501,0.0177,0.001000531004601211,0.017954569995262713,0.13279473008412235,14.982922464046839,2.1944999118645985,-1.14560078283151,-1.14560078283151,3.340100689729055,0.0010005602748909344,0.019862695938597123,0.149571974016726,17.10627244313558,15.776756095886231,15.550940704345702,15.776756095886231,18.660382588704426,18.367365137736,18.425968627929688
179,-1.159695825486813,-1.209553355315946,-1.209553355315946,2.800984211687772,0.0178,0.0010004151252291675,0.016098701482955016,0.12582045695129432,14.093799788996858,1.9459470609823863,-1.2015184154113134,-1.2015184154113134,3.147465483347575,0.0010003835389701028,0.016358969205369552,0.12917664349079133,15.460012817382813,14.070677884419759,14.431501706441244,14.070677884419759,17.556237602233885,17.43660399119059,17.46053071339925
180,-1.1670632463581156,-1.2192427785891407,-1.2192427785891407,2.9150575241952574,0.0179,0.0010003652423620224,0.016222515881483286,0.1380995439611516,14.129566372565503,2.818671121199926,-1.2077310274044673,-1.2077310274044673,4.026402139663697,0.0010003984459520628,0.017925667095308503,0.12697250358760356,15.656801223754883,14.25572026570638,13.57390022277832,14.25572026570638,17.83129660288493,14.745819473266602,15.362914899190269
181,-1.1978902524372317,-1.251944898434405,-1.251944898434405,3.003036280847945,0.018,0.0010003225926204392,0.014586170731147504,0.11752151191796896,13.393933943982395,2.4269439816474914,-1.0951158970594406,-1.0951158970594406,3.52205988963445,0.0010002601775340736,0.013549321983009576,0.12073423477510611,16.70730628967285,15.601153882344564,16.01694081624349,15.601153882344564,19.879180335998534,15.971312713623046,16.752886238098146
182,-1.1738366338441957,-1.2244155710598208,-1.2244155710598208,2.7944162094368123,0.0181,0.001000409767927848,0.01617733768697055,0.1312471217704269,13.995898912537772,2.3382291734218597,-1.1445794224739074,-1.1445794224739074,3.4828085899353027,0.0010003220154127727,0.01783305055772265,0.15641462411731483,16.475674883524576,15.129196929931641,14.444349479675292,15.129196929931641,17.021250406901043,15.892430877685547,16.118194783528647
183,-1.192524126115835,-1.2388168179763939,-1.2388168179763939,2.5435544702242003,0.0182,0.0010003495548482773,0.015167001634836197,0.1226851133945978,13.545140572313992,2.087685602903366,-1.2187480529149373,-1.2187480529149373,3.3064336578051248,0.0010005565166162948,0.016744610046346982,0.14685152024030684,15.140685399373373,13.884934488932291,13.72440840403239,13.884934488932291,14.505272610982258,15.92818152109782,15.643599739074707
184,-1.2205085833117646,-1.2698595163957127,-1.2698595163957127,2.6967720130704484,0.0183,0.0010004971277425593,0.01468465842728345,0.12474195947343449,13.059833400654343,2.0361416856447856,-1.2183908879756928,-1.2183908879756928,3.2545325756073,0.0010002768191043287,0.012243416424219807,0.10768741449962059,15.019188372294108,13.223600514729817,13.010758209228516,13.223600514729817,15.20707041422526,14.648571459452311,14.760271250406902
185,-1.190897822380066,-1.243958851076522,-1.243958851076522,2.8837515610568927,0.0184,0.001000461104888258,0.01444495450002405,0.11952519058337752,13.33804333884761,2.067961273590724,-1.182543237010638,-1.182543237010638,3.250504513581594,0.001000311264457802,0.013606828637421131,0.10956734226395687,15.260361862182616,14.303851636250814,14.659449704488118,14.303851636250814,16.699004300435384,15.763257598876953,15.95040693918864
186,-1.1681735684286874,-1.2205945275864512,-1.2205945275864512,2.8335654398180403,0.0185,0.001000427474039343,0.01540731422532842,0.1188725229563578,13.94754316221993,1.6190988918145497,-1.199351966381073,-1.199351966381073,2.8184508681297302,0.0010004837162947903,0.016850383067503572,0.13498434567203124,15.560719426472982,14.628068351745606,13.57378298441569,14.628068351745606,15.192115910847981,15.802151044209799,15.680144017537437
187,-1.1558568376415181,-1.2063377477088064,-1.2063377477088064,2.7140269032064475,0.0186,0.0010004593103350896,0.0168583778277883,0.14437892723758267,14.231976059247863,2.3360827843348186,-1.2302789052327474,-1.2302789052327474,3.566361701488495,0.001000365944734464,0.016109269640098015,0.13373462023834387,14.916707674662272,13.254552332560221,12.896357599894205,13.254552332560221,15.208571942647298,15.529139709472656,15.465026156107585
188,-1.2055104262423966,-1.2575427237546668,-1.2575427237546668,2.7824757369059436,0.0187,0.0010003777229631284,0.014413508041849677,0.11465868951295907,13.307883424578973,1.9447313924630483,-1.1824279268582663,-1.1824279268582663,3.12715931336085,0.0010002952301874756,0.016024411702528597,0.12681840881705284,15.77630786895752,14.583407020568847,13.233007367451986,14.583407020568847,15.520941797892252,14.790107027689617,14.936273981730146
189,-1.1843230904273268,-1.2339467867365423,-1.2339467867365423,2.639558362510969,0.0188,0.0010004224022850394,0.014988986265687447,0.11874165870952157,13.39444916203337,2.0787543753782907,-1.202907219529152,-1.202907219529152,3.281661593914032,0.0010004241000084828,0.01591314490263661,0.1323564479748408,15.212547556559246,13.872857030232748,13.803939501444498,13.872857030232748,16.478988774617513,17.828775469462077,17.558818130493165
190,-1.1416264030168641,-1.1925952434539795,-1.1925952434539795,2.696764152005034,0.0189,0.001000491897839139,0.016178449650980392,0.11655395836481508,14.32015023141537,2.1414582709471386,-1.1700890829165778,-1.1700890829165778,3.31154735883077,0.0010005114017985761,0.019424533812950055,0.15211578787614902,17.27436726888021,14.947654851277669,14.231964429219564,14.947654851277669,16.377717781066895,15.312965710957846,15.525916124979656
191,-1.149594783782959,-1.2014367029352009,-1.2014367029352009,2.728522291723287,0.019,0.001000504663987261,0.01743968050786347,0.12890376818348775,14.275469959906811,2.0220710496107737,-1.2484180629253387,-1.2484180629253387,3.2704891085624697,0.0010002764000091701,0.014515380188822747,0.11394672654569149,14.6797269821167,13.563225682576498,12.812161064147949,13.563225682576498,14.179460461934408,14.55061829884847,14.476386731465658
192,-1.2030029218151885,-1.261379471365011,-1.261379471365011,3.056364324857604,0.0191,0.0010002460418585336,0.014040980804360137,0.11206360076958279,13.161893367767334,2.072914034128189,-1.2118595093488693,-1.2118595093488693,3.284773544470469,0.0010002415937681993,0.013951662136241794,0.10996070622156064,15.220238939921062,13.771571477254232,13.263137690226237,13.771571477254232,15.715936215718587,16.05490926106771,15.987114651997887
193,-1.1430905753711484,-1.194692146103337,-1.194692146103337,2.6875816043817773,0.0192,0.0010004730341639722,0.017419589349543147,0.1418450599149713,14.267892441659603,2.2609384953975677,-1.098076006770134,-1.098076006770134,3.3590144991874693,0.001000252952023099,0.013825471528495352,0.09922331677128872,16.285631052652995,15.407820320129394,15.792649269104004,15.407820320129394,18.831333923339844,17.997544797261558,18.164302622477216
194,-1.19114351272583,-1.247817172194427,-1.247817172194427,2.936458760837339,0.0193,0.001000361712561604,0.014234960202197984,0.1150267113632751,13.52273926644955,2.4514522810777026,-1.08319131731987,-1.08319131731987,3.534643598397573,0.0010003437908987203,0.01579170177380244,0.12428798253337542,17.24067274729411,16.470772488911948,15.816373380025228,16.470772488911948,17.199922370910645,16.0040381749471,16.24321501413981
195,-1.2028484333236262,-1.252191183702001,-1.252191183702001,2.543440771552752,0.0194,0.001000415287771315,0.013936620223212917,0.10469550639390945,13.190471289292821,1.7077167987823487,-1.2448982814947764,-1.2448982814947764,2.9526150663693747,0.0010005698442303887,0.014039763653029998,0.10246075633913279,15.041346867879232,13.211598841349284,12.522848383585613,13.211598841349284,14.760964012145996,15.885791142781576,15.660825716654461
196,-1.1988527572379921,-1.2485271141214191,-1.2485271141214191,2.5474027935064063,0.0195,0.0010004643447486298,0.014520405211819793,0.11249525929397007,13.426630667920383,2.0590683102607725,-1.042563929160436,-1.042563929160436,3.1016322414080304,0.0010004553070757539,0.015438540140166879,0.1235635586703817,17.903245608011883,16.904294776916505,16.669485918680827,16.904294776916505,18.30339946746826,18.063202476501466,18.111241874694826
197,-1.184720350886291,-1.2369529807342674,-1.2369529807342674,2.6649302356647997,0.0196,0.0010003887802221864,0.014883061062614873,0.1214359905219303,13.717737449789947,1.7225256284077963,-1.178529582420985,-1.178529582420985,2.9010552128156024,0.0010004612539584437,0.01681840888534983,0.12536574049542348,15.501458994547527,13.793757057189941,13.148145929972332,13.793757057189941,16.055875968933105,15.031140836079915,15.236087862650555
198,-1.1681751125263717,-1.2189673466502495,-1.2189673466502495,2.5782861169779077,0.0197,0.0010005033812222053,0.015374704290462553,0.1241149957168777,13.7927851047156,2.4172633230686187,-1.1668186912933984,-1.1668186912933984,3.584082023302714,0.0010003617751256873,0.016189481675003965,0.12400192115455866,15.404198837280273,14.792675526936849,14.383072408040364,14.792675526936849,16.838415972391765,17.9323424021403,17.713557116190593
199,-1.220865007841362,-1.2755787350096792,-1.2755787350096792,2.763320115377318,0.0198,0.0010003098089001931,0.013705723681750725,0.11373368749078715,12.910351033480662,2.194969626267751,-1.0435463567574819,-1.0435463567574819,3.2385160009066265,0.0010002233379054815,0.016454454371705653,0.13334438869108756,16.97349796295166,16.278321011861166,15.766279474894207,16.278321011861166,17.62740796407064,15.801301447550456,16.166522750854494
200,-1.2247213102736563,-1.27555273276455,-1.27555273276455,2.5543428726916044,0.0199,0.0010003752343110599,0.013565265116685966,0.10173178337654977,12.721318298915648,1.6620325108369192,-1.224840192993482,-1.224840192993482,2.886872700850169,0.0010003900524073591,0.012756693627064426,0.10401003422836462,14.88061065673828,13.406175422668458,13.620070457458496,13.406175422668458,14.810558636983236,15.748834737141927,15.56117951711019
201,-1.234362561747713,-1.2841065717193316,-1.2841065717193316,2.4872005165747875,0.02,0.0010004780048785626,0.013167562578224911,0.10309485114126835,12.566014739702332,1.8148052414258322,-1.1514549434185029,-1.1514549434185029,2.9662601709365846,0.0010003013090075304,0.011602564396647115,0.09606015564252933,15.622256151835124,14.718595504760742,14.135908635457357,14.718595504760742,16.76203269958496,14.51185417175293,14.961889877319337
202,-1.174459938733083,-1.2249219102679558,-1.2249219102679558,2.5105457058492697,0.0201,0.001000483691657208,0.014889501333939579,0.11468414449185696,13.677853062467754,1.8032873670260112,-1.154957472284635,-1.154957472284635,2.9582448482513426,0.0010004719855108608,0.015218126432349285,0.11961765432109435,15.279780769348145,13.956238047281902,14.517692883809408,13.956238047281902,16.366363843282063,17.139232190450034,16.984658521016442
203,-1.2101022353712119,-1.2632947058047888,-1.2632947058047888,2.6332907541742863,0.0202,0.0010004237509455601,0.01390588503190369,0.10586753002596351,13.03319531566692,2.343374224503835,-1.16870327492555,-1.16870327492555,3.512077490488688,0.0010004246898461134,0.01572682362360259,0.12136613031228384,15.742517725626628,14.541429011027018,14.269901847839355,14.541429011027018,17.134229214986167,16.53080202738444,16.651487464904786
204,-1.188585028333484,-1.2425403010170415,-1.2425403010170415,2.6578950567065545,0.0203,0.0010003809254827364,0.014178196723871637,0.11071934213615814,13.240450346244955,1.7078059434890747,-1.2441159238417943,-1.2441159238417943,2.951921872297923,0.0010003880112587165,0.015092227142304182,0.11755860211948553,15.508475748697917,13.677622731526693,12.608166885375976,13.677622731526693,14.251540819803873,14.667530186971028,14.584332313537598
205,-1.1688038976687305,-1.2219861116049424,-1.2219861116049424,2.606971279630121,0.0204,0.0010004663457742558,0.014922927239171739,0.11906301426999974,13.7547634232719,1.4947824478149414,-1.1961288740237555,-1.1961288740237555,2.6909113128980002,0.0010005119140259922,0.015335181929791967,0.11273670345544815,15.427607218424479,14.032327588399252,13.975996081034342,14.032327588399252,16.852580261230468,18.858215522766113,18.457088470458984
206,-1.2102937034840853,-1.262159303674158,-1.262159303674158,2.5300291574226237,0.0205,0.0010004351684331613,0.013943591190256038,0.10775033440792335,13.098112484194198,1.9153564850489297,-1.1594048410654068,-1.1594048410654068,3.0747613151868185,0.001000446987260754,0.01443366144473354,0.12154921752711137,15.36296501159668,13.789257748921711,14.020890426635741,13.789257748921711,16.721016947428385,16.83314520517985,16.810719553629557
207,-1.18831881936991,-1.2402982284437936,-1.2402982284437936,2.523272550330972,0.0206,0.0010005360280321736,0.014039653757551932,0.10974730874569912,13.32101811103101,2.758034445842107,-1.237413721283277,-1.237413721283277,3.99544814825058,0.0010003265517298133,0.01340011137848099,0.10530861721684535,15.593514569600423,13.617765363057455,12.995424683888753,13.617765363057455,14.476162211100261,13.243048985799154,13.489671630859377
208,-1.2080163798242245,-1.2634437893921475,-1.2634437893921475,2.67765279086131,0.0207,0.0010004512820709144,0.014501588612373145,0.1252838688076667,13.229403045942199,1.8098669826984406,-1.1448204825321833,-1.1448204825321833,2.954687476158142,0.0010004534133865187,0.014176670539503297,0.11068949420005084,16.22144292195638,14.746221542358398,14.506632486979166,14.746221542358398,17.694027709960938,19.090003776550294,18.810808563232424
209,-1.2199401203191504,-1.2728884951123651,-1.2728884951123651,2.5455944942978195,0.0208,0.0010004754107937497,0.013801070264066165,0.11308407368806173,12.71214738881813,1.856620196501414,-1.2719185759623846,-1.2719185759623846,3.1285387754440306,0.0010006017439688245,0.013229360540087024,0.10898361566166083,14.296937179565429,12.720877965291342,12.232018280029298,12.720877965291342,14.976774533589682,15.102165540059408,15.077087338765464
210,-1.2473361503403142,-1.303099938158719,-1.303099938158719,2.668123314965446,0.0209,0.0010005460089986336,0.01224077393669846,0.0939268104661748,12.297984465113226,1.5784518619378407,-1.2501336753368377,-1.2501336753368377,2.8285855412483216,0.0010005295645290366,0.01517125313791136,0.1286378962919116,14.28816687266032,13.054904047648112,12.422029495239258,13.054904047648112,14.857999801635742,16.858945020039876,16.45875597635905
211,-1.2335322150644266,-1.288158137843294,-1.288158137843294,2.6012346587091124,0.021,0.0010004849041337675,0.013461247824554174,0.10395064310364004,12.689614259971762,1.867650822798411,-1.0213453630606333,-1.0213453630606333,2.88899619380633,0.0010005697491578757,0.014320331998169422,0.10459503699094057,16.661915969848632,16.09392878214518,16.419677416483562,16.09392878214518,18.278072357177734,19.266189193725587,19.06856582641602
212,-1.2199102145320964,-1.2703947571088683,-1.2703947571088683,2.392632468691412,0.0211,0.0010004156963231991,0.014217228435401647,0.11390376456503598,13.097609591933915,1.5672252615292868,-1.1854602108399073,-1.1854602108399073,2.7526854634284974,0.001000303051356847,0.012387321121059358,0.09834630681822697,15.394592475891113,13.318116887410481,13.031940841674805,13.318116887410481,13.954021708170574,16.19938367207845,15.750311279296875
213,-1.2276538250581273,-1.2821302706340574,-1.2821302706340574,2.5696439518118805,0.0212,0.0010003680077750447,0.013470574132746682,0.09790871770314451,12.677945388937896,1.8271880785624186,-1.1145313203334808,-1.1145313203334808,2.941719392935435,0.0010001751128584147,0.009917947114445269,0.08362443627168735,15.348308881123861,13.91040719350179,14.215347480773925,13.91040719350179,15.516383870442708,16.44610398610433,16.260159962972004
214,-1.1799121274138398,-1.2370146288062043,-1.2370146288062043,2.6808690822349406,0.0213,0.0010004574411003938,0.01468445590855378,0.12305981989176769,13.660360480254552,1.5034876227378846,-1.2412910093863805,-1.2412910093863805,2.744778633117676,0.0010003715753555298,0.015050848216439287,0.10681811645627022,14.66211420694987,13.486272493998209,12.781108093261718,13.486272493998209,15.80682601928711,14.536765480041504,14.790777587890625
215,-1.2242517291374926,-1.2779440340006127,-1.2779440340006127,2.508985980501715,0.0214,0.0010003531615267384,0.01340136300983294,0.11595256218932709,12.979693268829921,1.9144992907842,-1.1719441999991735,-1.1719441999991735,3.0864434957504274,0.0010004056287774195,0.01454872873922189,0.1120667031655709,15.118148104349773,14.612541961669923,14.176712290445964,14.612541961669923,16.529787890116374,15.708990287780761,15.873149808247884
216,-1.2167159959955036,-1.2682347263929978,-1.2682347263929978,2.3962205063621953,0.0215,0.0010003970435135208,0.013880943536828711,0.1212443768415811,13.08926733484808,1.4803388436635336,-1.2560171276330947,-1.2560171276330947,2.7363559722900392,0.0010006080090533942,0.016129246928418675,0.12399196674426397,13.832904942830403,12.937974993387858,12.949955304463705,12.937974993387858,15.167371304829915,16.41143887837728,16.162625363667807
217,-1.255590577170534,-1.3096209528311245,-1.3096209528311245,2.5014064266996563,0.0216,0.0010004261297718534,0.013188360346797502,0.11763222360948347,12.210463487877036,1.4366758783658347,-1.2627682894468308,-1.2627682894468308,2.6994441668192546,0.0010003910050727428,0.012539302627556027,0.11737506836652756,13.831398518880208,12.818238512674968,12.855496088663736,12.818238512674968,15.06037623087565,16.050170771280925,15.85221186319987
218,-1.2352066748547104,-1.2880342613975957,-1.2880342613975957,2.43445116393971,0.0217,0.0010004787868380827,0.012372412253171206,0.10404318311023263,12.506529448167333,1.6637737691402434,-1.2178736001253128,-1.2178736001253128,2.881647370258967,0.0010008920081115017,0.018205592750261228,0.14091227017343044,14.9586093266805,14.286812591552735,13.949034372965494,14.286812591552735,16.30939426422119,17.417403793334962,17.195801887512207
219,-1.2091018265148379,-1.263954557337851,-1.263954557337851,2.516180643495524,0.0218,0.0010005300249552951,0.014296287670731544,0.11877796398300045,13.223988497032309,1.6591823975245157,-1.2809204508860905,-1.2809204508860905,2.940102841456731,0.0010002525697927922,0.012253515399061143,0.10632512339701256,13.998044522603353,12.351988093058269,11.400649897257487,12.351988093058269,13.961595217386881,13.428123156229654,13.5348175684611
220,-1.2386326238794148,-1.2934913095438256,-1.2934913095438256,2.504962925641042,0.0219,0.0010004151032640125,0.013089940900791366,0.11577066870511703,12.679904955737996,1.5891835629940032,-1.3137073755264281,-1.3137073755264281,2.9028909345467886,0.0010003177352094401,0.013397435424849391,0.11023432295769453,13.859892336527507,12.227703285217284,11.868987147013346,12.227703285217284,13.902494303385417,13.969804763793945,13.95634267171224
221,-1.270848164018595,-1.322090283879694,-1.322090283879694,2.3291869141020864,0.022,0.001000350859578488,0.01199262605031144,0.09647502279225385,12.184560163965765,1.3681534866491953,-1.293726271390915,-1.293726271390915,2.66187975804011,0.001000453062200298,0.013419183095296223,0.11352043754110734,13.89370657602946,12.614005978902181,12.713883717854818,12.614005978902181,13.98151683807373,13.855560620625814,13.880751864115398
222,-1.2271526770771675,-1.2802680472158037,-1.2802680472158037,2.4034104144798136,0.0221,0.0010005017250495137,0.013279807947154314,0.11277661064885697,12.799553763191655,1.6983695467313131,-1.2063841104507447,-1.2063841104507447,2.9047536611557008,0.00100032541474017,0.012749725890656313,0.11026823613792658,14.632971636454265,13.524542172749838,13.484818649291991,13.524542172749838,16.755258242289226,15.279562441507975,15.574701601664227
223,-1.173559309176679,-1.2300897420577284,-1.2300897420577284,2.546416199432229,0.0222,0.0010004887348568103,0.015154975905733288,0.12153582123793522,13.742628007564905,1.5653815309206645,-1.2698854645093283,-1.2698854645093283,2.8352669954299925,0.001000470508976529,0.017287190817296506,0.150431492117544,13.82555700937907,12.708518155415852,12.522577412923177,12.708518155415852,14.024064763387043,14.59051342010498,14.477223688761393
224,-1.1963338806944073,-1.251548653503634,-1.251548653503634,2.475998523100367,0.0223,0.0010003957871066512,0.014563529857627626,0.12633006120065474,13.217805790451338,1.5614802996317545,-1.171062062184016,-1.171062062184016,2.732542355855306,0.0010005574071935068,0.02165082497522235,0.1896017683049043,16.115605735778807,15.138131141662598,14.510921669006347,15.138131141662598,16.2247615814209,16.028096516927082,16.067429529825848
225,-1.2101896911297205,-1.2636544625714141,-1.2636544625714141,2.3868203095670015,0.0224,0.0010005042027190047,0.014475011407344971,0.1241585780286564,12.94387142613249,2.0214116752147673,-1.2535037487745284,-1.2535037487745284,3.2749154210090636,0.0010004086419939996,0.014422132245575389,0.12344630695879459,14.59456246693929,13.493353271484375,12.75130303700765,13.493353271484375,15.795605278015136,14.038690249125162,14.390073254903157
226,-1.2279458169667226,-1.2827772127007537,-1.2827772127007537,2.436950942255416,0.0225,0.001000503800756667,0.013463425520315484,0.11216474380695594,12.81542603474743,1.692383921146393,-1.2760831713676453,-1.2760831713676453,2.968467100461324,0.0010005393569978574,0.014957713180532057,0.11774716277917226,13.649692726135253,12.555582491556804,12.448364957173665,12.555582491556804,14.755527178446451,14.843964703877766,14.826277198791505
227,-1.2219765118832857,-1.2751148984117329,-1.2751148984117329,2.3512560331596517,0.0226,0.0010004917484760848,0.013082212223759238,0.1016765664911495,12.431561847902694,1.7141270955403647,-1.231231195727984,-1.231231195727984,2.9453582882881166,0.0010003121259311834,0.012427507891940574,0.10507311516751845,13.709326616923015,13.571516036987305,13.10441411336263,13.571516036987305,15.037586085001628,15.439331944783529,15.358982772827149
228,-1.2358742738669772,-1.2899148554172155,-1.2899148554172155,2.380642387102235,0.0227,0.0010004413560173423,0.012200546679350565,0.09042199940051672,12.379455287501496,1.6240748703479766,-1.1994145462910335,-1.1994145462910335,2.8234894076983132,0.0010005670056367913,0.013860228673244516,0.10312214071551959,15.357472928365071,13.693416786193847,13.589617284138997,13.693416786193847,16.186141713460287,16.439941469828288,16.389181518554686
229,-1.2158999791685141,-1.2701021714030571,-1.2701021714030571,2.377288579940796,0.0228,0.001000522438190737,0.013242374508167213,0.10110814229778524,13.038486930559266,1.5157437344392142,-1.119457561771075,-1.119457561771075,2.635201309124629,0.0010005228221416473,0.013221876346506178,0.10947510047505299,16.053841018676756,15.353370348612467,14.843968709309896,15.353370348612467,17.664494260152182,18.271869405110678,18.15039437611898
230,-1.2459919812544338,-1.3006298474545748,-1.3006298474545748,2.385932886375571,0.0229,0.0010006022749398395,0.012600763156166617,0.10308196233972064,12.532009826516205,1.574602234363556,-1.2640007575352987,-1.2640007575352987,2.8386029879252117,0.0010007777503536393,0.01597725433918337,0.12397613717863958,13.667996660868328,12.890741920471191,12.152967707316082,12.890741920471191,14.425585810343424,15.145206133524576,15.001282068888347
231,-1.1988955646191004,-1.2539398861381243,-1.2539398861381243,2.3932315156144917,0.023,0.0010005193630690282,0.014910966193057457,0.12478310544535799,13.52346735180549,1.3227992236614228,-1.2960512200991312,-1.2960512200991312,2.6188504497210183,0.0010007042534804593,0.01695196395739913,0.1411933354412516,13.762603505452473,11.850539143880209,11.83725045522054,11.850539143880209,13.534543546040853,14.884592564900716,14.614582761128744
232,-1.231653316965643,-1.2876948208179113,-1.2876948208179113,2.4260393313641817,0.0231,0.0010004234741846064,0.013764310610603611,0.11942575597819292,12.792546578173367,1.9034333686033884,-1.2319369753201803,-1.2319369753201803,3.1353703498840333,0.0010005498537793756,0.01749123982153833,0.17060512751340867,14.88047529856364,13.567664527893067,13.283301607767742,13.567664527893067,16.25969060262044,15.022850481669108,15.270218505859376
233,-1.2347436772202545,-1.2914427889967866,-1.2914427889967866,2.4439272250769273,0.0232,0.0010004809723710114,0.013201329690175798,0.11539633333120707,12.695805351689177,1.350270970662435,-1.2203358650207519,-1.2203358650207519,2.570606831709544,0.0010007557245747497,0.017104844174658258,0.13101391916473706,14.775114822387696,13.664151255289713,13.138199806213379,13.664151255289713,16.176143328348797,16.019238217671713,16.05061923980713
234,-1.2535755713030976,-1.309617061659975,-1.309617061659975,2.4052145706032806,0.0233,0.0010005333988031126,0.012349156935189693,0.10641332511913101,12.40372740547612,1.4249272286891936,-1.2122836271921793,-1.2122836271921793,2.6372108538945516,0.00100049555573302,0.01548121979770561,0.13390382255117098,15.473020998636882,14.455172602335612,14.233770243326823,14.455172602335612,16.305769793192546,17.907390276590984,17.587066179911297
235,-1.2082527920884907,-1.2654071472725779,-1.2654071472725779,2.4424938638255282,0.0234,0.0010005414182812256,0.013968696325736225,0.11940002673358288,12.826662495451153,1.7089438676834106,-1.1015854368607203,-1.1015854368607203,2.810529307524363,0.0010004366321178773,0.013687918381765484,0.1082326781625549,16.48915360768636,15.911327425638834,15.095823351542155,15.911327425638834,16.03419303894043,18.312181027730308,17.856583429972332
236,-1.1926120851399764,-1.2510568640142117,-1.2510568640142117,2.487012010700298,0.0235,0.0010005092788663394,0.014126014843020798,0.1142876295829719,13.056571042762613,1.4517774363358815,-1.1641389598449072,-1.1641389598449072,2.615916391213735,0.0010002717414560418,0.01251760683953762,0.11722715857128302,14.755636850992838,14.228522364298502,13.983972613016764,14.228522364298502,16.25307165781657,16.126213963826498,16.151585502624513
237,-1.2186396009517166,-1.2753573701066792,-1.2753573701066792,2.4032953145369045,0.0236,0.0010004981666943938,0.013451776695701311,0.10570783958823052,12.805269367289993,1.265112441778183,-1.1641604204972584,-1.1641604204972584,2.429272864262263,0.0010005691243956487,0.01566163425644239,0.13470500639329355,14.858917045593262,14.138823064168294,14.663889058430989,14.138823064168294,16.468281936645507,19.01089382171631,18.50237144470215
238,-1.2388863079952743,-1.2943440282119896,-1.2943440282119896,2.3399876581048065,0.0237,0.0010005091404858624,0.012995424689197878,0.10746808167336122,12.53142463935996,1.5245557685693105,-1.231453675031662,-1.231453675031662,2.756009445587794,0.001000550197204575,0.015153407802184422,0.128426106646657,14.531941731770834,13.63426431020101,13.718427149454753,13.63426431020101,14.642013231913248,15.348951148986817,15.207563565572105
239,-1.2888864065116306,-1.344244473385361,-1.344244473385361,2.3259693766539953,0.0238,0.0010003758273702467,0.011938506816425975,0.11044991424061218,11.776350309263986,1.3526652991771697,-1.30199081103007,-1.30199081103007,2.65465611020724,0.0010004997854897132,0.013892947152877847,0.15295517581204573,13.510401026407878,12.009991645812988,12.15336176554362,12.009991645812988,13.954501342773437,16.66050516764323,16.119304402669272
240,-1.2253911337762509,-1.2833250333678048,-1.2833250333678048,2.4240124270601093,0.0239,0.0010007218334753558,0.014193520169564575,0.11833814752973476,12.792241726281508,1.314698326587677,-1.2959884464740754,-1.2959884464740754,2.6106867730617522,0.0010005849607599279,0.014428650339444479,0.13163881823420526,12.526192792256673,12.097783406575521,12.123461786905924,12.097783406575521,14.333243242899577,13.574128723144531,13.72595162709554
241,-1.2490506700749666,-1.3043506494108237,-1.3043506494108237,2.304165763675042,0.024,0.0010005242503160294,0.012187529205924497,0.10156908743786362,12.21742412279237,1.5081861426432928,-1.1825176080067952,-1.1825176080067952,2.690703745683034,0.0010004734775672355,0.011454041115939617,0.09718705353637537,14.324523226420085,13.684421094258626,13.324133936564127,13.684421094258626,16.289431190490724,16.946297772725423,16.814924456278483
242,-1.2247714175368256,-1.2791776184765797,-1.2791776184765797,2.257518653599721,0.0241,0.0010006193067210744,0.012646326874294933,0.10386937800443398,12.715318337926325,1.2201196451981862,-1.2806068768103918,-1.2806068768103918,2.5007265249888104,0.001000355597352609,0.012046162543507913,0.11405319515615701,13.674560165405273,12.774602508544922,12.372878265380859,12.774602508544922,15.070837020874023,15.552608807881674,15.456254450480143
243,-1.2907079998052344,-1.347833608681301,-1.347833608681301,2.3605621040992015,0.0242,0.0010004315617547002,0.011684651592008348,0.10573527867079906,11.754237714803443,1.1829401632150014,-1.20449604789416,-1.20449604789416,2.3874362111091614,0.0010002353597277154,0.008687989173146586,0.07706002599249283,14.568953196207682,13.606936200459797,12.363881556193034,13.606936200459797,15.455347506205241,11.846276060740154,12.568090349833172
244,-1.2706217540884919,-1.325547902089245,-1.325547902089245,2.2603351530039086,0.0243,0.0010004575355505607,0.01179225330750616,0.09726293574807779,11.89803250330799,1.4900108496348063,-1.2416188329458238,-1.2416188329458238,2.7316296776135762,0.0010004670009948313,0.013992806190314393,0.12302329521626235,14.060692405700683,13.853223419189453,14.176792780558268,13.853223419189453,17.321371650695802,17.32158508300781,17.32154239654541
245,-1.223320039938081,-1.2833997382307953,-1.2833997382307953,2.462282900540334,0.0244,0.0010004928159826206,0.013113357768095326,0.11076202334941558,12.780987703575278,1.2935718735059103,-1.2526395161946615,-1.2526395161946615,2.54621138771375,0.0010008403449319303,0.017799714223171274,0.14222448579967023,14.673455810546875,13.420361200968424,13.343982251485189,13.420361200968424,16.211376444498697,14.485225423177083,14.830455627441406
246,-1.2741086809140332,-1.331327811726984,-1.331327811726984,2.335474918473442,0.0245,0.001000486681114812,0.011914447398047964,0.09955771942183657,11.963470566947505,1.4761879861354827,-1.233873967329661,-1.233873967329661,2.710061957438787,0.0010004962522846958,0.014118169605111083,0.1390757542103529,14.526884269714355,13.560563278198241,13.47551778157552,13.560563278198241,16.80484759012858,15.491749699910482,15.754369277954101
247,-1.2104137371171195,-1.265496018922554,-1.265496018922554,2.2391174896708073,0.0246,0.0010006078101589151,0.014188729068440086,0.12480835996146472,13.273677978875503,1.4804369588692983,-1.2770905057589212,-1.2770905057589212,2.7575274606545768,0.0010005677274117868,0.013135349998871485,0.11511158794164658,13.163244183858236,12.362409083048503,12.172793197631837,12.362409083048503,14.549445215861002,14.307396507263183,14.355806248982748
248,-1.196592852754413,-1.2529710677434813,-1.2529710677434813,2.282518838936428,0.0247,0.001000638328545358,0.015078167852787476,0.11350795464976779,13.206614548305296,1.5420468270778656,-1.1524928232034048,-1.1524928232034048,2.694539654254913,0.0010003493070447197,0.013015051294739047,0.09784270304565629,15.759509086608887,14.944829241434734,14.680878448486329,14.944829241434734,15.49977798461914,16.05884526570638,15.947031809488934
249,-1.2240467273964073,-1.2832643715840466,-1.2832643715840466,2.387808122724857,0.0248,0.0010005258515758334,0.0131923747161087,0.11498985882356481,12.745736643953144,1.5873020271460214,-1.3189749370018642,-1.3189749370018642,2.9062769571940104,0.0010005261069939782,0.013212398377557595,0.10893412232398987,13.22093874613444,12.067899386088053,11.644279925028483,12.067899386088053,14.30017058054606,14.925031979878744,14.800059700012207
250,-1.2600177841366462,-1.3198179658853784,-1.3198179658853784,2.401613624590748,0.0249,0.0010005476915295112,0.012561122104877009,0.11080930909177042,12.013609382341492,1.2414202491442363,-1.279519725839297,-1.279519725839297,2.5209399720033008,0.0010003555818305662,0.012151032569818199,0.11681039140870174,13.490791447957356,12.039729499816895,12.694800313313802,12.039729499816895,15.746753565470378,16.54856719970703,16.3882044728597
251,-1.2967290518418797,-1.3511673212051392,-1.3511673212051392,2.1775306890595636,0.025,0.0010004795270638083,0.011213595179384047,0.1016861655802097,11.783979955709205,1.219792862733205,-1.2368106961250305,-1.2368106961250305,2.4566035608450574,0.001000734269230937,0.014840272177631656,0.13457564463218052,14.162284024556477,13.322480201721191,13.376080894470215,13.322480201721191,13.17332649230957,14.041248766581218,13.86766431172689
252,-1.259213461066192,-1.3182192197385825,-1.3182192197385825,2.3508267402648926,0.0251,0.001000561863447557,0.012643523364907728,0.10561411012456103,12.113689044736466,1.6097316046555836,-1.1978944112857184,-1.1978944112857184,2.807626020908356,0.0010003700309122602,0.012066597289716204,0.11226116344332696,14.718788210550944,13.49239870707194,13.622567431132,13.49239870707194,17.00204626719157,15.644749959309896,15.916209220886232
253,-1.2579847304326184,-1.3153829282184817,-1.3153829282184817,2.2777064566342338,0.0252,0.0010005086440733582,0.012240819088271205,0.09687824357511862,12.211040478832317,1.1229421575864156,-1.2634295225143433,-1.2634295225143433,2.3863716781139375,0.0010007829308354606,0.018054655644421776,0.17901847238341967,13.85222568511963,13.20028387705485,13.17036158243815,13.20028387705485,16.906366030375164,14.418822733561198,14.916331392923992
254,-1.2663020109230618,-1.3211422303937517,-1.3211422303937517,2.1675974602969186,0.0253,0.0010005655140563282,0.012115878755894472,0.10133891883042623,12.1113651743475,1.3582485775152842,-1.2241200615962347,-1.2241200615962347,2.5823686401049297,0.001000897630971546,0.01622631223872304,0.1375174996132652,14.318877792358398,13.557080777486165,13.552697626749675,13.557080777486165,16.49796962738037,17.35487232208252,17.18349178314209
255,-1.2818884197271094,-1.3397245013488914,-1.3397245013488914,2.277011180823704,0.0254,0.001000645271730873,0.012073651905048569,0.10350201820146362,11.820327884746048,1.383828592300415,-1.2743416408697763,-1.2743416408697763,2.6581702291965486,0.001000573734442393,0.012183146947063506,0.11428249118228753,13.837496248881022,12.748714383443197,12.291664441426596,12.748714383443197,14.493669700622558,15.019225184122721,14.91411408742269
256,-1.2888765739944745,-1.347600133913868,-1.347600133913868,2.3028845517140515,0.0255,0.0010005049649098852,0.011342391573806416,0.10206179475446917,11.792178495874944,1.411888494094213,-1.255376723408699,-1.255376723408699,2.667265220483144,0.0010004310810472817,0.01314565724072357,0.12654933134714763,14.545714378356934,13.3374392191569,13.190246836344402,13.3374392191569,16.24629084269206,14.587396621704102,14.919175465901695
257,-1.2595175808330752,-1.3172099781486224,-1.3172099781486224,2.253609187198135,0.0256,0.0010005436279758248,0.011857910556191543,0.09682471695233066,11.864287268440679,1.0107446551322936,-1.2426218251387278,-1.2426218251387278,2.2533664802710214,0.0010009950570141275,0.01954859628652533,0.15163444901506107,14.206977526346842,12.792886479695637,12.514382870992025,12.792886479695637,14.90777556101481,16.583360735575358,16.24824370066325
258,-1.2654851416371904,-1.3236975681107,-1.3236975681107,2.2650748378825636,0.0257,0.0010006262103693102,0.01202851127973705,0.10129511553161549,12.058011639792964,1.2545616269111632,-1.2177235742410024,-1.2177235742410024,2.472285201152166,0.0010007359262090177,0.013423336483538151,0.11749630477279424,14.532095781962077,13.830840301513671,13.532901446024576,13.830840301513671,16.544132804870607,16.789085833231606,16.740095227559408
259,-1.2689441847351361,-1.3253232015753693,-1.3253232015753693,2.1852330576698735,0.0258,0.0010006308801612765,0.012124833791464005,0.09247548076904046,11.984576855065688,1.1404020845890046,-1.2766765485207239,-1.2766765485207239,2.4170786341031394,0.0010007927368860692,0.012842203009252746,0.09504602948824564,14.007032839457194,12.705680720011394,12.201626141866049,12.705680720011394,14.625264422098796,14.257321612040203,14.330910174051922
260,-1.2547196251041484,-1.3156975496490046,-1.3156975496490046,2.3543600316317574,0.0259,0.001000687486562386,0.012175423796025087,0.10040387862695838,12.395276573469054,1.3597000499566396,-1.2787022213141124,-1.2787022213141124,2.6384022712707518,0.0010005276184529067,0.01219351232672731,0.10742033291608095,13.743682861328125,12.84892234802246,13.143883895874023,12.84892234802246,16.103602345784505,13.486849594116212,14.010200144449872
261,-1.3114019542370203,-1.367998723713857,-1.367998723713857,2.1767988002525187,0.026,0.0010005044333531328,0.010902893070553272,0.09771497965843048,11.366135597229004,1.3277025560537974,-1.268971065680186,-1.268971065680186,2.5966736217339834,0.0010003513210297872,0.011281499468411008,0.11183794035265843,13.135355122884114,12.37466360727946,12.218418057759603,12.37466360727946,13.780950673421223,13.74108149210612,13.749055328369142
262,-1.2673738317669563,-1.3270308634020247,-1.3270308634020247,2.285709725235993,0.0261,0.0010005151809035044,0.012119307982260888,0.11312213863404293,12.0553188773821,1.093439483642578,-1.3084701339403788,-1.3084701339403788,2.401909617582957,0.0010003366643407694,0.01153026856482029,0.1119940656547745,12.8152769724528,11.771573956807455,11.64925537109375,11.771573956807455,14.434620348612468,13.815019416809083,13.93893960316976
263,-1.2222443762815223,-1.2810187497228946,-1.2810187497228946,2.243296373565242,0.0262,0.0010005293110877556,0.014161444444841933,0.11694398244737454,12.812030828224039,1.028011507789294,-1.2560705641905467,-1.2560705641905467,2.284082072973251,0.0010004185081925244,0.01180862975306809,0.11774754381428162,13.755455589294433,12.727840677897136,12.117566235860188,12.727840677897136,14.630771319071451,16.46292190551758,16.096491788228356
264,-1.300032747241686,-1.3574610926070303,-1.3574610926070303,2.183587422910726,0.0263,0.0010005184537116086,0.010833180685228896,0.09504695531894576,11.419136002378643,1.1543710728486378,-1.2372026483217875,-1.2372026483217875,2.3915737231572467,0.0010007554199546575,0.014042293730502328,0.12043716801951329,14.293924585978191,13.525437164306641,13.103378677368164,13.525437164306641,15.831420135498046,15.295247459411621,15.402481994628907
265,-1.3157194268028691,-1.3728003546876728,-1.3728003546876728,2.162156401940112,0.0264,0.0010006069469283211,0.01069585368353522,0.09850890013688016,11.308071109483826,1.358911935488383,-1.239896410703659,-1.239896410703659,2.598808346192042,0.001000436700026815,0.009779084171168507,0.08307855144763986,13.3474884668986,12.72169189453125,12.033870315551757,12.72169189453125,13.55886173248291,13.178211975097657,13.254341926574709
266,-1.2232958112122878,-1.281954823799853,-1.281954823799853,2.2135472837484107,0.0265,0.001000618441293965,0.01343807755565306,0.11858625597548934,12.647998198023382,1.4427716493606568,-1.2293720304965974,-1.2293720304965974,2.6721436858177183,0.0010003605488842974,0.011822388290117185,0.10400446181495984,13.802221616109213,13.358833694458008,13.018580945332845,13.358833694458008,16.482442092895507,13.970748329162598,14.473087081909181
267,-1.2852335493519622,-1.3428442714349278,-1.3428442714349278,2.1658167411696234,0.0266,0.0010004064775476196,0.011795136611908674,0.10310105332788431,11.858465239686787,1.1107833176851272,-1.110661780834198,-1.110661780834198,2.221445103486379,0.001000294457965841,0.010766735991152625,0.09815842683116595,14.511288897196453,13.975696690877278,14.195944658915202,13.975696690877278,16.314130528767905,16.88644027709961,16.77197832743327
268,-1.2688508461106498,-1.3269583189262535,-1.3269583189262535,2.176309716026738,0.0267,0.0010006289362450534,0.012209827396667228,0.10849422216415405,12.228862618500331,0.9193381081024806,-1.1974930266539257,-1.1974930266539257,2.1168311337629953,0.0010007939223820965,0.014970202402522167,0.14571793240805467,14.605703608194988,13.084732882181804,14.054014587402344,13.084732882181804,15.159922472635905,20.432390213012695,19.37789666493734
269,-1.2311545312404633,-1.2887461938948002,-1.2887461938948002,2.1489424413105227,0.0268,0.001000809955480948,0.012636606071917515,0.10631705419916027,12.37352767080631,0.8983155806859334,-1.236899463335673,-1.236899463335673,2.1352150440216064,0.0010008082919133207,0.015019712084904314,0.14053198043256998,15.027935345967611,13.60499127705892,13.511104202270507,13.60499127705892,14.72370522816976,15.849073600769042,15.623999926249187
270,-1.2599341172092366,-1.3168427876706392,-1.3168427876706392,2.1155641011472017,0.0269,0.0010007155997643494,0.012852478034372599,0.11039191589884038,12.254257436068553,1.2291597803433736,-1.2862900535265605,-1.2862900535265605,2.5154498318831124,0.0010005800266905376,0.014442719922711452,0.14170102508117755,13.198113441467285,12.292002614339193,12.469967269897461,12.292002614339193,15.269246164957682,15.563902346293132,15.504971110026043
271,-1.2707130661550559,-1.3272707552280065,-1.3272707552280065,2.0947293650429204,0.027,0.0010006080012557642,0.011886541599864667,0.10546247140978868,11.802349018600752,1.4255737692117691,-1.0960735857486725,-1.0960735857486725,2.521647351980209,0.0010009447132082036,0.01671375349784891,0.13117802621175845,16.854582405090333,16.177563603719076,16.761653900146484,16.177563603719076,17.944930203755696,18.927334531148276,18.730853665669763
272,-1.2411673878723721,-1.2975867233186398,-1.2975867233186398,2.0818940491046547,0.0271,0.0010006457725364082,0.012298248980616062,0.09605112506674146,12.39717649063974,1.021588667233785,-1.257353170712789,-1.257353170712789,2.278941837946574,0.001000545466861998,0.01152104411739856,0.11228667174776395,14.13670113881429,12.745774586995443,12.194422213236491,12.745774586995443,13.945251592000325,14.066024208068848,14.041869684855143
273,-1.2257468666670457,-1.2824601362336356,-1.2824601362336356,2.0850465500129842,0.0272,0.0010006553647196237,0.013019760771882985,0.1069780336517208,12.907309190282282,1.0913501878579457,-1.1239949693282445,-1.1239949693282445,2.2153451522191365,0.0010005204259262732,0.013781687353427212,0.123853084196647,15.092069816589355,15.048538144429525,16.330709966023765,15.048538144429525,18.8966464360555,19.48765494028727,19.36945323944092
274,-1.2495974099861,-1.3056052135971357,-1.3056052135971357,2.0515682134988174,0.0273,0.0010005226578422874,0.012328450647094901,0.11509995879429691,12.117647341962131,1.1063463747501374,-1.283451642592748,-1.283451642592748,2.389798015356064,0.0010004475945606828,0.012477920902892948,0.11445939932018519,13.401995658874512,12.4115265528361,12.08828665415446,12.4115265528361,13.459966977437338,16.35308895111084,15.774464556376142
275,-1.3275052297790095,-1.383777584669725,-1.383777584669725,2.053735757773777,0.0274,0.0010005033350953796,0.010828381017693933,0.1083358375461034,11.11196373093803,0.8406356553236644,-1.3497775087753932,-1.3497775087753932,2.1904131631056467,0.0010004378273151815,0.011457198648713529,0.10420047324150801,12.771371014912923,11.644698905944825,11.512395095825195,11.644698905944825,14.218941752115885,12.87891305287679,13.146918792724609
276,-1.2265065779101174,-1.2861327718732491,-1.2861327718732491,2.168225290640345,0.0275,0.0010005880327332976,0.012472140207394676,0.11679906619466701,12.476704570482362,0.8699382801850637,-1.2754081984361012,-1.2754081984361012,2.145346478621165,0.0010005480997885266,0.013720110842647652,0.12330847997218371,13.60868117014567,13.17005697886149,12.701282056172689,13.17005697886149,15.544543584187826,16.03019816080729,15.933067245483398
277,-1.2698763473978583,-1.3325385788701616,-1.3325385788701616,2.270370645343133,0.0276,0.0010005333065494614,0.011795513191313113,0.10081811945112247,11.831775584310856,0.8500247379144033,-1.2429060528675715,-1.2429060528675715,2.092930793762207,0.001000548330678915,0.01393983350135386,0.13149662520736455,14.704026667277018,13.430073992411296,12.986611620585125,13.430073992411296,13.69371509552002,18.704521052042644,17.70235986073812
278,-1.2821427966063876,-1.3393427043590906,-1.3393427043590906,2.064978559062166,0.0277,0.001000752283769818,0.012495138814215953,0.10474195324306218,11.794127302349738,0.7953376928965251,-1.290751043955485,-1.290751043955485,2.0860887368520102,0.0010008039709646255,0.011648862219105164,0.1030144746725758,13.22443510691325,12.77914644877116,12.52435245513916,12.77914644877116,13.828126080830891,14.82797679901123,14.628006655375163
279,-1.2865124131148715,-1.3453570176970284,-1.3453570176970284,2.116712435236517,0.0278,0.0010007905536594819,0.011170769672629968,0.08618516460904535,11.781301129539058,1.1069601058959961,-1.2402969390153884,-1.2402969390153884,2.3472570439179736,0.001000885032893469,0.012352620344609022,0.09321979973465204,13.386442756652832,13.059210141499838,12.880529467264811,13.059210141499838,14.4282164255778,15.909382184346518,15.613149032592775
280,-1.247141182422638,-1.306743010035101,-1.306743010035101,2.1362659863705904,0.0279,0.0010006191288033184,0.0125531538934359,0.10091234849027868,12.39926091679987,1.0734228591124217,-1.3271152396996817,-1.3271152396996817,2.4005380988121034,0.0010004759610941012,0.013100333232432603,0.10556913074105978,12.900897598266601,11.583217430114747,11.6179869333903,11.583217430114747,14.015846824645996,15.033638636271158,14.830080273946127
281,-1.2840247289189752,-1.3434599525523636,-1.3434599525523636,2.1226863793607027,0.028,0.0010005801516356615,0.011450691324359965,0.08993657087942339,11.580193132724402,0.9904483536879222,-1.2731063892443975,-1.2731063892443975,2.263554741938909,0.0010005086485762149,0.011890136248742541,0.1117149713759621,13.524156125386556,13.0098570505778,12.702672131856282,13.0098570505778,15.467506790161133,13.363783836364746,13.784528427124023
282,-1.2875294359225147,-1.3456625949661687,-1.3456625949661687,2.068795622519727,0.0281,0.0010007063831852854,0.012142660061143479,0.11055247879253244,11.906625666708317,0.9010380844275157,-1.2998440285523734,-1.2998440285523734,2.200882112979889,0.001000630580044041,0.012685727964465817,0.11346417888998986,12.658796310424805,12.174321746826172,12.150432904561361,12.174321746826172,14.090889803568523,14.240457026163737,14.210543581644695
283,-1.284549447725404,-1.3418981174253068,-1.3418981174253068,2.0336411044282734,0.0282,0.0010007246603908123,0.011426089559945295,0.09785054567849862,11.731612007572966,1.1546974500020346,-1.252276254693667,-1.252276254693667,2.4069737076759337,0.0010010287417874981,0.01239054446729521,0.0967700632289052,13.716342671712239,13.751814905802409,13.195520337422689,13.751814905802409,14.320246569315593,14.618067423502604,14.558503252665203
284,-1.2536148114024468,-1.3101709125176915,-1.3101709125176915,1.9984484416133952,0.0283,0.0010008621227242194,0.012478433804199943,0.10693679131426902,12.131476402282715,1.2801953713099161,-1.1706146955490113,-1.1706146955490113,2.450810068845749,0.0010007857500265041,0.012875733136509856,0.10283934598167738,14.854213078816732,13.694504674275716,13.424707285563152,13.694504674275716,13.997223726908366,15.090948232014973,14.872203330993653
285,-1.243998815428536,-1.3054100409993585,-1.3054100409993585,2.1623670739947625,0.0284,0.0010006812572444105,0.012696729920242192,0.10255668881647992,12.319485520416835,1.2540237744649252,-1.2244833360115688,-1.2244833360115688,2.4785071114699044,0.0010006921230039248,0.013092829116309683,0.10265335850417615,14.494484774271648,13.286649068196615,13.260275395711263,13.286649068196615,16.453631591796874,16.86373036702474,16.781710611979168
286,-1.2780384185179225,-1.3370506673488978,-1.3370506673488978,2.070605498439861,0.0285,0.0010006179558640382,0.011100086664675542,0.09178749331325856,11.641976329515565,1.2708654234806696,-1.170843306183815,-1.170843306183815,2.44170872370402,0.0010006741116133828,0.012940137647092342,0.10611327489217122,15.32564182281494,14.988948885599772,14.924902725219727,14.988948885599772,17.48583641052246,13.949744351704915,14.656962763468425
287,-1.287001685151514,-1.347035383278469,-1.347035383278469,2.0990802387021623,0.0286,0.0010006669227842172,0.011576686774925241,0.10021118334722968,11.601072905198583,1.2899997214476266,-1.1664942778646945,-1.1664942778646945,2.4564940015474956,0.0010004810736669847,0.010386092114883165,0.08279661371683081,13.957608159383138,13.53394209543864,12.85926965077718,13.53394209543864,13.784166781107585,13.302006022135417,13.39843817392985
288,-1.2782374957822404,-1.3391829886526432,-1.3391829886526432,2.1235362403797655,0.0287,0.0010006798097406918,0.011132506073786403,0.09340813411575444,11.760385243397838,0.8812496920426687,-1.2910130927960077,-1.2910130927960077,2.1722627858320873,0.001000781493106236,0.01324955776023368,0.12670347963770232,13.609363110860189,12.05007464090983,11.352293586730957,12.05007464090983,13.627508481343588,15.335143025716146,14.993616116841636
289,-1.3071722354529038,-1.3650345397445391,-1.3650345397445391,2.009108113792707,0.0288,0.001000537457963768,0.0109957137566833,0.09558624556323267,11.366922612460154,1.1331957817077636,-1.2210950871308646,-1.2210950871308646,2.354290872812271,0.0010004452196881175,0.011764238759254416,0.11109235162536303,14.400271224975587,13.586880493164063,13.281190490722656,13.586880493164063,16.33575782775879,17.023167610168457,16.885685653686522
290,-1.291957458235183,-1.35305185025593,-1.35305185025593,2.1139928124985605,0.0289,0.001000689101001283,0.011433736017008997,0.10471429278687486,11.682389286329162,0.9215630153814952,-1.321218740940094,-1.321218740940094,2.2427817563215893,0.0010005689458921553,0.013118650182150304,0.11361945886164904,12.48702958424886,12.124613444010416,12.03266461690267,12.124613444010416,14.48815466562907,13.441032409667969,13.65045686086019
291,-1.296964799458126,-1.3563999398699347,-1.3563999398699347,2.0494876087836498,0.029,0.0010006111532555155,0.01145148663869444,0.11305463890422066,11.465119397865152,1.0122312694787978,-1.2163525909185409,-1.2163525909185409,2.2285838623841605,0.0010004553517016272,0.010134270406949024,0.08197686293472846,13.84971612294515,13.569057591756184,13.009738985697428,13.569057591756184,15.16989320119222,15.924011103312175,15.773187522888186
292,-1.2741343660174675,-1.33694360391149,-1.33694360391149,2.1583930411428773,0.0291,0.0010006256436683096,0.011810938441106733,0.10700620366436131,11.863422717688218,1.5383623083432516,-1.0945765892664592,-1.0945765892664592,2.632938899596532,0.0010004748532082886,0.012624443043023348,0.12124593071639538,15.062878290812174,14.490106709798177,14.484576161702474,14.490106709798177,16.703037770589194,16.508458518981932,16.547374369303384
293,-1.2511012812830367,-1.3130194747223045,-1.3130194747223045,2.120486187485029,0.0292,0.0010006303288358843,0.012405166481533702,0.11211386101566395,12.172816564451974,0.8589620858430862,-1.1324309368928274,-1.1324309368928274,1.9913930217425029,0.0010005105655485143,0.011193135745512943,0.09727687630802392,14.396943728129068,14.194443575541179,13.886428769429525,14.194443575541179,15.407722409566244,19.054060554504396,18.324792925516768
294,-1.226421812795243,-1.2825206608142492,-1.2825206608142492,1.9146364027599119,0.0293,0.0010006184017566859,0.012391783147698865,0.10968394577503204,12.276890772693562,0.9651007115840912,-1.281570984919866,-1.281570984919866,2.2466716945171354,0.001000527882327636,0.01302704809543987,0.11814608828475077,13.64117889404297,12.33047669728597,12.29714781443278,12.33047669728597,14.078393236796062,14.818540827433269,14.67051130930583
295,-1.2765996928484935,-1.3321245548860081,-1.3321245548860081,1.8886009927065868,0.0294,0.0010005787590448305,0.01115809753537178,0.09066747582324271,11.971463851208958,0.8475249975919723,-1.272244789203008,-1.272244789203008,2.119769783814748,0.0010006082127802074,0.0124247372460862,0.11128161909679572,13.86522979736328,12.855414454142252,11.95619150797526,12.855414454142252,14.089105923970541,13.729098383585612,13.801099891662599
296,-1.3330203092323158,-1.3896110845061969,-1.3896110845061969,1.9183313914065092,0.0295,0.0010005615098085607,0.00928619132324491,0.08156446269098318,10.800555975931996,1.209361614783605,-1.2484080861012141,-1.2484080861012141,2.457769697904587,0.0010007852727236847,0.011431523544403414,0.09935763981193305,13.486906178792317,13.234372647603353,12.963977559407551,13.234372647603353,16.36744073232015,13.210499318440755,13.841887601216635
297,-1.2672340071426247,-1.3310093722253475,-1.3310093722253475,2.154572992954614,0.0296,0.0010009720956660666,0.011122307915873122,0.08773849510921622,11.752983651071224,1.4080800354480743,-1.303355555733045,-1.303355555733045,2.711435588200887,0.0010010425796887527,0.012721795332618057,0.10049770418554545,12.920167032877604,12.233209228515625,11.814978853861492,12.233209228515625,13.606194178263346,12.94572639465332,13.077819951375325
298,-1.3129203364534199,-1.3734364352136288,-1.3734364352136288,2.0375792013024383,0.0297,0.0010006055235862732,0.011490673995313217,0.10617379633323201,11.24567015665882,0.8848621626694997,-1.3199333409468332,-1.3199333409468332,2.204795503616333,0.0010004389546035479,0.010463682631962002,0.11155858511726062,12.631457583109539,11.646856943766275,11.442957750956218,11.646856943766275,14.376275253295898,13.931802813212077,14.020697301228841
299,-1.280812016073263,-1.3413051614221536,-1.3413051614221536,2.0299714443818577,0.0298,0.001000613615549398,0.011112662981141289,0.10245545064362716,11.856580068480294,1.1155693352222442,-1.2596831093231837,-1.2596831093231837,2.3752524475256602,0.0010005410314382365,0.012320005257303515,0.12333796070888639,13.6316619237264,13.294165674845377,13.138323402404785,13.294165674845377,16.849088033040363,14.077659670511881,14.631945343017579
300,-1.3217938216227405,-1.381026972014949,-1.381026972014949,1.981041669845581,0.0299,0.001000471784346649,0.010526195801091645,0.09446387393575795,11.129706463723812,0.8880467494328816,-1.3217369784911475,-1.3217369784911475,2.209783726930618,0.0010004511238851895,0.011008776359570522,0.10002494901418686,12.687855847676595,11.70722147623698,11.980173619588216,11.70722147623698,13.826884905497232,16.92461172739665,16.305066363016767
301,-1.2777467786141161,-1.3342638713008952,-1.3342638713008952,1.883902830897637,0.03,0.001000633577482318,0.011882308975986714,0.10575883438424119,11.830539802335343,0.7858158747355143,-1.303187910715739,-1.303187910715739,2.0890037854512533,0.001000818982720375,0.015894260148828228,0.14345457709083956,13.402126185099284,12.154847399393718,11.734057108561197,12.154847399393718,14.053476969401041,13.51704381306966,13.62433044433594
302,-1.2828860901436716,-1.3426407620591938,-1.3426407620591938,1.9852052094801418,0.0301,0.0010005863787571215,0.011735090941963892,0.10207011234366668,11.586949924253068,0.7000596404075623,-1.3615135192871093,-1.3615135192871093,2.061573159694672,0.0010006213444285095,0.012277745106257499,0.12359745670109987,12.510958353678385,11.363560167948405,11.369461377461752,11.363560167948405,13.531958961486817,14.152532132466634,14.028417498270672
303,-1.2976757276732966,-1.3538209818444162,-1.3538209818444162,1.859114500711549,0.0302,0.001000651577926891,0.01138737730084444,0.0979743102600552,11.612804646761912,0.7332127908865611,-1.351517814397812,-1.351517814397812,2.084730605284373,0.0010005686121682326,0.010711896132367353,0.08951370927194754,12.969572321573894,11.402392450968424,10.84408613840739,11.402392450968424,12.66735445658366,12.561905860900879,12.582995580037435
304,-1.2780967770882372,-1.3379005756018296,-1.3379005756018296,1.973722592839655,0.0303,0.0010007375231856164,0.011603252382351542,0.1003805289290986,11.963289242870403,0.9144254048665365,-1.1511978844801585,-1.1511978844801585,2.065623289346695,0.001000882644439116,0.012094101853047807,0.11059435966114203,15.301736195882162,14.724478975931804,14.077533785502116,14.724478975931804,16.554194831848143,15.767974535624186,15.925218594868978
305,-1.264729045472055,-1.3249388269658358,-1.3249388269658358,1.9805849273249787,0.0304,0.0010007429749371026,0.011741926515791213,0.10684126081331721,12.069368524371454,1.0397447129090627,-1.1815298964579901,-1.1815298964579901,2.2212746103604633,0.0010010093275923282,0.017609418354307613,0.15926532447338104,15.855142466227214,15.033190536499024,14.955334536234538,15.033190536499024,16.851474380493165,18.184166145324706,17.9176277923584
306,-1.2853190741449032,-1.3474103639710624,-1.3474103639710624,2.0357800632152916,0.0305,0.001000436018484662,0.012198206133929626,0.1156794158214668,11.716419777780208,0.9458575069904327,-1.210931345820427,-1.210931345820427,2.1567888518174487,0.0010002811652763436,0.009797953185625374,0.08678493443876505,12.937485186258952,12.753149541219075,12.770505205790203,12.753149541219075,15.78832867940267,16.226194381713867,16.138621241251627
307,-1.3102403226888404,-1.372407668041733,-1.372407668041733,2.0316127088834657,0.0306,0.001000488616244973,0.01042709567250227,0.09155827444398178,11.01382343724089,0.8666011730829875,-1.3247381508350373,-1.3247381508350373,2.1913393239180246,0.001000623581542944,0.012510784117815395,0.10890003107488155,12.679273541768392,11.881449762980143,11.959482383728027,11.881449762980143,15.236801910400391,12.829671414693196,13.311097513834637
308,-1.2843572980952713,-1.3442078603888459,-1.3442078603888459,1.9495296095902066,0.0307,0.001000680782797061,0.011927168008010343,0.11011753899027717,11.685828928677541,0.6480512857437134,-1.298899132013321,-1.298899132013321,1.9469504177570343,0.001000801291471968,0.013157217934106787,0.12096904671440521,13.18922462463379,11.898885726928711,11.932060559590658,11.898885726928711,13.515486717224121,14.713720194498698,14.474073499043783
309,-1.3328735940861252,-1.3891274794092718,-1.3891274794092718,1.8264244682383988,0.0308,0.0010006268890926017,0.010338754647956142,0.08908721242310866,11.014970986348278,0.6121012608210246,-1.3270633359750112,-1.3270633359750112,1.9391645967960358,0.0010005687227627883,0.010394617511580388,0.09303417870153984,13.306914647420248,11.508998489379882,11.75507017771403,11.508998489379882,13.639610099792481,14.142254066467284,14.041725273132325
310,-1.340449423160193,-1.3969034743758868,-1.3969034743758868,1.826991744761197,0.0309,0.001000596691397423,0.01063104641606223,0.09637740957287122,11.119554132785437,0.8066152493158977,-1.3925386846065522,-1.3925386846065522,2.19915393392245,0.0010005444792720178,0.010467034756826858,0.103119364567101,11.41032435099284,10.911900520324707,10.445477835337321,10.911900520324707,13.993867937723795,11.999128087361653,12.398076057434082
311,-1.2785724474574036,-1.3367838083573107,-1.3367838083573107,1.8777857231643964,0.031,0.0010005670406346052,0.010706111428521152,0.09972252805699718,11.747432627767887,0.8747269948323567,-1.2388122101624808,-1.2388122101624808,2.1135392049948374,0.0010005345509853214,0.012146720685996116,0.1104739253098766,13.464087231953938,12.297342681884766,12.062770080566406,12.297342681884766,15.153964424133301,12.64869925181071,13.149752286275229
312,-1.265704239314457,-1.3244048413240685,-1.3244048413240685,1.8874793727442902,0.0311,0.0010006788410773537,0.012545412740195697,0.11460173839949211,11.794926067568221,0.8544052302837372,-1.3359482248624166,-1.3359482248624166,2.1903534551461536,0.001000294518113757,0.008282820507884026,0.07379815056920051,12.264145469665527,11.186473528544107,10.722526200612386,11.186473528544107,12.870253308614094,12.497015953063965,12.571663424173991
313,-1.3211490219494082,-1.3788295849314276,-1.3788295849314276,1.8487359487785484,0.0312,0.0010006333139004572,0.010646700410980661,0.09566625292008778,11.196041251128575,1.0697663615147273,-1.1526120434204736,-1.1526120434204736,2.222378404935201,0.0010008080552021661,0.013880379366067548,0.12700737932076056,15.995693715413411,15.086148325602213,14.260551770528158,15.086148325602213,17.708601442972817,17.646520805358886,17.658936932881673
314,-1.3260303746979192,-1.3888510330668036,-1.3888510330668036,2.0070498304547004,0.0313,0.0010006032018693833,0.010645323898643255,0.10313971010300349,11.069792459595877,0.900756428639094,-1.2720707207918167,-1.2720707207918167,2.1728271484375,0.0010007322242017835,0.01287605242493252,0.11646823436021805,12.776531537373861,12.594358762105307,12.338725344340007,12.594358762105307,14.07149969736735,15.25316162109375,15.01682923634847
315,-1.3101062414781102,-1.3708079738437005,-1.3708079738437005,1.9331765332311954,0.0314,0.0010007192986964616,0.010931873597415551,0.09588058454529294,11.235941751947943,0.7380126237869262,-1.3451216359933218,-1.3451216359933218,2.083134259780248,0.0010006901051383466,0.011632536918235322,0.10624152639259894,13.14883009592692,11.945331573486328,11.09378859202067,11.945331573486328,12.29079376856486,13.912989616394043,13.588550446828208
316,-1.2925201002156959,-1.3499257024729028,-1.3499257024729028,1.8223998501615704,0.0315,0.0010007058933623276,0.011054320902264905,0.10071474422683131,11.59050724641332,0.8796562512715658,-1.2134274979432425,-1.2134274979432425,2.0930837472279866,0.0010007556120399386,0.011726608849130571,0.11037139315158129,13.971174430847167,13.473900349934896,13.49906063079834,13.473900349934896,16.2059757232666,13.836036237080892,14.310024134318034
317,-1.296855572259651,-1.3557521307243492,-1.3557521307243492,1.863815208650985,0.0316,0.0010007482905046276,0.011166766742771526,0.10826255289732285,11.537000746097204,0.8707744220892588,-1.1683551371097565,-1.1683551371097565,2.0391295591990155,0.0010006804077420384,0.012311808749412496,0.10653785982479652,15.589463869730631,14.206147638956706,14.379241053263346,14.206147638956706,17.805617650349934,16.555686378479002,16.80567263285319
318,-1.3081768312544193,-1.3673337697982788,-1.3673337697982788,1.8661493782727223,0.0317,0.0010006895095531672,0.010959153441395962,0.10733473589116672,11.324111713553375,0.9183808207511902,-1.3173229396343231,-1.3173229396343231,2.235703760385513,0.0010010075464379042,0.011492182865428429,0.10908374084780613,13.551166979471843,12.11079610188802,12.003835932413738,12.11079610188802,14.800486246744791,13.34012540181478,13.632197570800782
319,-1.3106657536524646,-1.3722217712762221,-1.3722217712762221,1.9357236623764038,0.0318,0.0010007217522042821,0.011073572789582441,0.09593921035247029,11.241768099227041,0.6158104181289673,-1.3205057124296824,-1.3205057124296824,1.9363161305586496,0.0010005814100926122,0.010841166065074504,0.0974688470053176,13.031396993001302,11.616516240437825,11.780794715881347,11.616516240437825,13.303928565979003,14.410104688008627,14.188869463602703
320,-1.319503734696586,-1.381804736155384,-1.381804736155384,1.9530092747706287,0.0319,0.0010005595043899034,0.010818584259810313,0.10925565800576839,11.262666927193695,0.7523501376310985,-1.3122052431106568,-1.3122052431106568,2.0645553807417554,0.0010003887252726903,0.010258265351876617,0.10642887689173222,12.167070706685385,11.433411916097006,11.242905616760254,11.433411916097006,12.14242935180664,14.409575271606446,13.956146087646486
321,-1.2946296874082313,-1.3567943809167393,-1.3567943809167393,1.942646620408544,0.032,0.0010005170984615415,0.011038389408363486,0.10631962134590689,11.451783495129279,0.7767478406429291,-1.3316436648368835,-1.3316436648368835,2.108391505479813,0.0010005562837856511,0.013819343456998468,0.12420696218808493,13.109697341918945,11.852236684163412,11.765470631917317,11.852236684163412,13.541550509134929,13.9087064743042,13.835275281270345
322,-1.3261570480634581,-1.3870451607794132,-1.3870451607794132,1.8968259883376788,0.0321,0.0010004510690089104,0.009922088554375014,0.09697286366432342,11.049290845978934,0.6591200341780981,-1.3645856549342474,-1.3645856549342474,2.0237056891123455,0.0010003394990538558,0.008679887605831027,0.08739830665290356,11.748657735188802,10.770561854044596,10.71585620244344,10.770561854044596,13.307429695129395,13.281000455220541,13.286286303202314
323,-1.3116728179859665,-1.3725201723710545,-1.3725201723710545,1.8896692563902657,0.0322,0.0010006202929565367,0.010467602590204409,0.09489341937708405,11.1795620288489,0.8092136164506276,-1.303506596883138,-1.303506596883138,2.1127202133337657,0.0010007714367626856,0.014126849686726927,0.12368766994525988,13.361762428283692,12.084166653951009,11.725156275431315,12.084166653951009,14.22723560333252,13.15888532002767,13.372555376688641
324,-1.3250298814953498,-1.3852475611668713,-1.3852475611668713,1.8643242368158304,0.0323,0.0010005590277460386,0.01095724340422817,0.09803392295286341,11.14818380463798,0.6211228887240092,-1.3347556233406066,-1.3347556233406066,1.9558785120646158,0.0010004108965707321,0.00933061478038629,0.08739946698769926,12.400524965922038,11.595421536763508,11.55798594156901,11.595421536763508,13.094261360168456,13.381496302286784,13.32404931386312
325,-1.3078035352365025,-1.3673192690003593,-1.3673192690003593,1.8369054142034278,0.0324,0.0010006561225174733,0.010505671920430547,0.10090027187230452,11.2699001420219,0.8686391929785411,-1.3445194045702615,-1.3445194045702615,2.213158597548803,0.001000929905179267,0.01314905940865477,0.13169040518502395,12.555584208170574,12.00631243387858,11.838466389973958,12.00631243387858,14.447072601318359,11.897493998209635,12.407409718831381
326,-1.2961871342838935,-1.35901426144366,-1.35901426144366,1.9331424303774565,0.0325,0.0010006392466888395,0.011114274327344489,0.10148251457315571,11.32677488506965,0.745916810631752,-1.2779621322949728,-1.2779621322949728,2.0238789439201357,0.001000672891192759,0.01302979572986563,0.12506681066006423,13.447175407409668,12.91235809326172,12.817185020446777,12.91235809326172,15.222577985127767,15.057319704691569,15.090371360778809
327,-1.3271763392214506,-1.3863166885555915,-1.3863166885555915,1.8141209876762245,0.0326,0.001000594729909076,0.009983853173424612,0.08910474307694526,10.99984692627529,0.9076836069424947,-1.2813195606072745,-1.2813195606072745,2.189003167549769,0.0010008849164781471,0.012056158840035398,0.1021770995731155,13.266752433776855,12.465914789835612,12.367740249633789,12.465914789835612,15.80183842976888,14.775014623006184,14.980379384358724
328,-1.3111377954483032,-1.3714668435870476,-1.3714668435870476,1.844925066210189,0.0327,0.0010006399451807705,0.01095234363708856,0.10314569713653259,11.426172481392914,0.6012506743272146,-1.309712682167689,-1.309712682167689,1.9109633564949036,0.0010009454019988576,0.014580321032553911,0.1311051808297634,13.497744369506837,11.74637966156006,11.78438040415446,11.74637966156006,13.137491416931152,13.988557116190593,13.818343976338706
329,-1.2836281758434367,-1.3462959865354143,-1.3462959865354143,1.9106037774175968,0.0328,0.0010006482216511976,0.011372862331006886,0.10482300578985575,11.692044995865732,0.617752327521642,-1.3693762103716531,-1.3693762103716531,1.9871285378932952,0.0010004512674640863,0.010865049320273101,0.10494088294605414,12.449931526184082,11.296994018554688,10.826724656422932,11.296994018554688,12.79953966140747,12.534246508280436,12.587305138905844
330,-1.3250874528345071,-1.3839953204370894,-1.3839953204370894,1.790512647268907,0.0329,0.0010006220325968177,0.010372591477309196,0.0921900062909666,10.999425168307322,0.9072836498419444,-1.214603179693222,-1.214603179693222,2.1218868295351663,0.001000491719848166,0.010826185074013969,0.11360425713161627,14.651326560974121,13.375370852152507,12.819872728983562,13.375370852152507,15.089712270100911,15.556679916381835,15.463286387125653
331,-1.2822990091341846,-1.3415988391300417,-1.3415988391300417,1.7969647286073216,0.033,0.0010006501062615018,0.010942498441644997,0.10254717217582576,11.739071315189577,0.6031021416187287,-1.3061910212039947,-1.3061910212039947,1.9092931628227234,0.0010011302559481312,0.013872817973606288,0.13859310566137234,13.257356071472168,12.283901468912761,11.879735883076986,12.283901468912761,13.583482615152995,14.405923080444335,14.241434987386068
332,-1.2985868465225652,-1.3612522629072081,-1.3612522629072081,1.8932150174986642,0.0331,0.0010005965112831513,0.011565272336087699,0.1077367255710206,11.429965595029435,0.7366407096385956,-1.264306330680847,-1.264306330680847,2.000947040319443,0.0010008348811728258,0.013067501628150542,0.11484511538098256,13.982585144042968,13.2748872756958,12.810057703653971,13.2748872756958,14.54743569691976,15.852958488464356,15.591853930155438
333,-1.2651229916878466,-1.3247184483510144,-1.3247184483510144,1.7950438958293986,0.0332,0.001000741874482834,0.012325513967365588,0.1073536773054105,12.098157126948518,0.7382928768793742,-1.2939980288346609,-1.2939980288346609,2.032290905714035,0.0010005824500694872,0.011534401269940039,0.11208618450909853,13.358048884073893,12.557827186584472,12.947058931986492,12.557827186584472,14.802732721964519,17.57640883127848,17.02167360941569
334,-1.318103142504422,-1.3805360524159558,-1.3805360524159558,1.8748620838489172,0.0333,0.001000558096423464,0.010902895249496653,0.10792773617607243,11.248088269863489,1.0527658303578695,-1.1717634618282318,-1.1717634618282318,2.2245292901992797,0.0010004976958346865,0.01101029672815154,0.10999100760867199,14.446744918823242,13.388624890645344,14.227114804585774,13.388624890645344,15.957706260681153,17.417062505086264,17.12519125620524
335,-1.275500790128168,-1.3419831091502927,-1.3419831091502927,1.9904885404514816,0.0334,0.0010006285430687778,0.011500653951376115,0.10757922954013888,11.452248636281714,0.5235685934623082,-1.3263654957214992,-1.3263654957214992,1.8499340891838074,0.0010003391633896777,0.011144517292268574,0.1048184742530187,12.701651255289713,11.398816998799642,10.668462626139323,11.398816998799642,13.682767995198567,14.190632184346518,14.08905934651693
336,-1.3426185463959317,-1.4015691415318903,-1.4015691415318903,1.7597191693647853,0.0335,0.0010005272859004589,0.009912378602784197,0.09929267411946126,10.627557295673299,0.6938370217879614,-1.2589383890231451,-1.2589383890231451,1.9527754108111064,0.0010005698384096225,0.011421750074562927,0.11892753026137749,13.429497083028158,13.00312131245931,12.832829475402832,13.00312131245931,15.397492535909016,13.73920046488444,14.070858879089357
337,-1.317672738489115,-1.377918079214276,-1.377918079214276,1.793016125571053,0.0336,0.0010005952592693128,0.01065594799605743,0.10474925136791086,11.009805886250621,0.5731378803650539,-1.2756947845220565,-1.2756947845220565,1.8488326648871103,0.0010005262835572164,0.009954560431651771,0.08480509088064234,13.371930821736653,11.577484321594238,11.455105209350586,11.577484321594238,13.376212692260742,14.62337818145752,14.373945083618164
338,-1.3028331590148639,-1.3666044563617346,-1.3666044563617346,1.892323469215969,0.0337,0.0010007692826033202,0.010934811515979609,0.10981500809485058,11.52139139175415,0.821505465110143,-1.1208601934214433,-1.1208601934214433,1.9423656602700552,0.001000323051509137,0.009219491334321598,0.09385417109976212,14.405856641133626,13.571528434753418,12.654163805643718,13.571528434753418,15.359215545654298,12.364022954305012,12.963061472574871
339,-1.3121614096299656,-1.3719612270031336,-1.3719612270031336,1.7692254174430415,0.0338,0.0010006555997467829,0.010806577341666198,0.10119926261733163,11.176976077961472,0.6454340477784475,-1.2844054539998373,-1.2844054539998373,1.9298395017782848,0.0010005163979561378,0.009536366622584561,0.09346223988880714,12.675257110595703,11.973620096842447,11.819647725423177,11.973620096842447,13.883728472391764,16.410777791341147,15.905367927551271
340,-1.3235554717621714,-1.3854982358104777,-1.3854982358104777,1.8272199023444697,0.0339,0.0010007445915725152,0.00953565342878958,0.09053904956804132,10.897873374651063,0.463890012105306,-1.3537131309509278,-1.3537131309509278,1.8176031430562338,0.0010006895967914413,0.010909528797492385,0.1033819122860829,12.338871002197266,11.233844820658366,11.067558733622233,11.233844820658366,14.485112889607747,13.384699312845866,13.604782028198244
341,-1.3214692990734893,-1.3822024588314992,-1.3822024588314992,1.78626930038884,0.034,0.001000756303393194,0.010231608551276743,0.10641235801971184,11.108617692623499,0.6108942985534668,-1.3699837148189544,-1.3699837148189544,1.9808780133724213,0.0010007924671905737,0.01170550175011158,0.11933377950141827,12.508106358846028,11.660366249084472,10.964535458882649,11.660366249084472,12.483792368570963,12.189849344889323,12.248637949625651
342,-1.3468279917285126,-1.4081339498735823,-1.4081339498735823,1.797828737294899,0.0341,0.0010006685855464552,0.009803000925425088,0.08856223994549715,10.766939352143485,0.6578000803788503,-1.164909413456917,-1.164909413456917,1.8227094968159994,0.00100084666434365,0.014763262184957663,0.14402493499219418,14.152077929178875,13.796683883666992,14.301333300272624,13.796683883666992,15.770241165161133,17.297400093078615,16.99196830749512
343,-1.3406602481626115,-1.4018935707380187,-1.4018935707380187,1.7904477771723046,0.0342,0.001000712647647509,0.009959484538379705,0.09526220234638115,10.837410081107661,0.6251585791508357,-1.2380345811446507,-1.2380345811446507,1.8631931602954865,0.001000703675284361,0.0101758861526226,0.10297799703354636,13.547126642862956,12.359166526794434,13.183805974324544,12.359166526794434,13.770047823588053,16.651438013712564,16.07515997568766
344,-1.3514622719782703,-1.4116474412522226,-1.4116474412522226,1.754669427871704,0.0343,0.0010006723459810019,0.009993028765509152,0.10270943506708685,10.674904067561311,0.561966081460317,-1.3524438758691153,-1.3524438758691153,1.9144099573294322,0.0010008985293097794,0.012658724390591184,0.12192787881940603,12.540558751424154,11.16466309229533,11.120874404907227,11.16466309229533,12.48841470082601,14.698550923665364,14.256523679097494
345,-1.3083705407268595,-1.3705404816933398,-1.3705404816933398,1.8072657495174769,0.0344,0.001000800938784795,0.010168099468398207,0.08901792866582016,11.13078437661225,0.8087484697500865,-1.2838861217101416,-1.2838861217101416,2.092634592453639,0.0010007963942674299,0.011133657318229477,0.10041288736586769,13.400186284383137,12.48247470855713,12.548785082499187,12.48247470855713,15.141565640767416,13.282601801554362,13.654394569396974
346,-1.336397963874745,-1.3976652059914931,-1.3976652059914931,1.7758620595032315,0.0345,0.0010006365823155305,0.009863344715240429,0.09501228210920433,10.789064479324052,0.7750960886478424,-1.2266192257404327,-1.2266192257404327,2.0017153143882753,0.0010005497315432876,0.011111056230341395,0.11818470905224482,14.264178721110026,13.303251838684082,13.096500714619955,13.303251838684082,15.11079807281494,14.602965609232585,14.704532101949056
347,-1.3081032813719984,-1.368909941529328,-1.368909941529328,1.7574176653376166,0.0346,0.0010006217470498017,0.011201221847309257,0.10438538384887408,11.510294617346997,0.5931867718696594,-1.3674690266450247,-1.3674690266450247,1.960655798514684,0.0010003817306521038,0.009548340186787149,0.09298075834910074,11.70080394744873,11.229610125223795,10.997011439005535,11.229610125223795,13.193266614278157,12.472612571716308,12.616743380228678
348,-1.3129562353188138,-1.372671921298189,-1.372671921298189,1.7209131504004855,0.0347,0.0010006608142745944,0.01110146782483976,0.10422251598452623,11.114254105765864,0.6127980013688406,-1.2822592188914617,-1.2822592188914617,1.8950572192668915,0.001000962790567428,0.013274264141606788,0.11502536746362844,13.742047309875488,12.754302787780762,12.61347319285075,12.754302787780762,15.99786237080892,17.849799474080402,17.479412053426106
349,-1.3061915017523855,-1.3690365980256278,-1.3690365980256278,1.8058934301700231,0.0348,0.0010008430899173585,0.011152151014374674,0.09531484980065867,11.43791088967953,0.7517898082733154,-1.320459791024526,-1.320459791024526,2.0722495992978414,0.001000594551442191,0.010295887136210997,0.09490373600274324,12.715991401672364,11.750412877400716,11.35094617207845,11.750412877400716,13.309102948506673,11.777034441630045,12.083448143005372
350,-1.2921750421793956,-1.3600214461110673,-1.3600214461110673,1.9440231143303637,0.0349,0.0010007293213967164,0.010471944626912756,0.08752299328598212,11.340535667707336,0.5309455434481303,-1.2625458161036174,-1.2625458161036174,1.7934913595517477,0.0010011706559453159,0.015680472475166123,0.14173427981634934,12.963348134358723,12.496046511332194,12.892106501261393,12.496046511332194,13.865612729390461,16.88450508117676,16.2807266108195
351,-1.2974740660415505,-1.3572901701027493,-1.3572901701027493,1.7090314019401118,0.035,0.0010007089948422224,0.011204524440163711,0.09928172053593509,11.318468228825983,0.4164662172396978,-1.3493681520223617,-1.3493681520223617,1.7658343692620595,0.0010005126241594553,0.010156645385238031,0.09185051868359248,12.58778584798177,11.368236541748047,10.876048787434895,11.368236541748047,13.087465985616047,11.346583620707195,11.694760093688966
352,-1.3272542661091067,-1.3865265981206354,-1.3865265981206354,1.688670423795592,0.0351,0.0010006405052922244,0.009777046537975658,0.08769966247227956,11.079077297786498,0.6642500996589661,-1.3045773208141327,-1.3045773208141327,1.9688274204730987,0.001000617277653267,0.010035209497436881,0.08133368492126465,13.64317544301351,12.066325378417968,12.043853378295898,12.066325378417968,13.468071619669596,16.787656402587892,16.123739446004233
353,-1.3300276938474402,-1.3908845523618303,-1.3908845523618303,1.7288876839403837,0.0352,0.0010007340504946012,0.010138875760911208,0.09316398920315616,10.97695743812705,0.5477433244387309,-1.3331143260002136,-1.3331143260002136,1.8808576504389445,0.0010004336402441064,0.0100019276374951,0.10386945338298877,12.915321350097656,11.939451980590821,11.225489457448324,11.939451980590821,13.2860538482666,13.084255536397299,13.12461519877116
354,-1.3017171362660966,-1.362815058456277,-1.362815058456277,1.7308192927882355,0.0353,0.0010006012711322532,0.011225140653550625,0.10495918001628148,11.333763626386535,0.6617674440145492,-1.2969662497440975,-1.2969662497440975,1.9587336957454682,0.0010002771062621225,0.008579519010769825,0.08335210100437204,12.421339352925619,11.623139953613281,11.965118916829427,11.623139953613281,14.923586082458495,12.784572792053222,13.212375450134278
355,-1.3347557648172919,-1.3978711614068948,-1.3978711614068948,1.782921020714742,0.0354,0.0010006010602667647,0.009469665692381139,0.07861055451322277,10.746391989150137,0.8010318368673325,-1.172501594821612,-1.172501594821612,1.9735334316889446,0.0010007217274202655,0.011236869194544852,0.09548190589994192,14.344353675842285,13.97017879486084,13.911255963643391,13.97017879486084,16.98090763092041,15.834131050109864,16.063486366271974
356,-1.3144037217464086,-1.3771505040942498,-1.3771505040942498,1.7675151285135522,0.0355,0.001000790797472703,0.011146663134601319,0.09663810598540981,11.205492397524276,0.5214718520641327,-1.3124093910058339,-1.3124093910058339,1.8338812430699667,0.001000636835427334,0.010367664337779085,0.10570251078655322,12.74523499806722,12.098972002665201,11.529343732198079,12.098972002665201,13.549798647562662,12.125225385030111,12.410140037536621
357,-1.334748163538159,-1.3987441805173766,-1.3987441805173766,1.7976409961592477,0.0356,0.001000639110504878,0.010027003509677807,0.09677520724681188,10.882775720560327,0.599013352394104,-1.3735667844613393,-1.3735667844613393,1.9725801368554434,0.0010006011774142582,0.010624836129136384,0.09939876074592273,12.332709821065267,11.124359957377116,10.430587069193523,11.124359957377116,12.402595901489258,12.760420799255371,12.68885581970215
358,-1.3247897591231004,-1.387897769235215,-1.387897769235215,1.7677312976909134,0.0357,0.001000689162503717,0.00999881717253406,0.09362692681123626,11.02600115650105,0.4619364599386851,-1.3135043342908224,-1.3135043342908224,1.7754407942295074,0.0010009412905977418,0.01323411101475358,0.14221861312786738,13.489511426289877,12.12098274230957,12.175472577412924,12.12098274230957,14.720164553324382,16.525320688883465,16.16428946177165
359,-1.3387032556083966,-1.3986704518210213,-1.3986704518210213,1.6750612978665333,0.0358,0.0010007847724306696,0.010040085174073026,0.09395174239322825,10.798489624599242,0.5848324000835419,-1.3543743699789048,-1.3543743699789048,1.9392067690690358,0.0010008568487440547,0.011742858883614342,0.11964704431593418,12.915110079447429,11.524377504984537,11.361168098449706,11.524377504984537,14.451712608337402,11.346426169077555,11.967483456929525
360,-1.319032221470239,-1.3844629121276568,-1.3844629121276568,1.8225819907098446,0.0359,0.0010007248229329598,0.01031402629395982,0.09909690614297705,11.034063474187311,0.4494708349307378,-1.3166336705287298,-1.3166336705287298,1.7661045054594675,0.0010009038844145835,0.011899321728075543,0.10876456728825966,13.297840881347657,11.88594201405843,11.595042069753012,11.88594201405843,13.005126698811848,12.407066472371419,12.526678517659505
361,-1.3298666724618875,-1.3936334162388209,-1.3936334162388209,1.7712987413946188,0.036,0.0010006941244322454,0.010147847911729565,0.1016805630950433,10.980454768774644,0.9535138249397278,-1.3277390082677205,-1.3277390082677205,2.281252833207448,0.001000337634468451,0.007550304398561517,0.07169819415236513,12.063979975382487,11.225443585713704,10.715104675292968,11.225443585713704,12.64472147623698,12.563296635945639,12.579581604003907
362,-1.3135231665845186,-1.3798360487200179,-1.3798360487200179,1.8369219640515886,0.0361,0.0010006397211361887,0.010402353559532817,0.10438859427593788,11.042455115408268,0.5848725895086925,-1.3262820919354756,-1.3262820919354756,1.911154681444168,0.0010009311779867857,0.012061414898683627,0.10771121370295683,12.937141036987304,11.965481122334799,11.399515914916993,11.965481122334799,14.675595664978028,12.81609484354655,13.187995007832846
363,-1.348784183556179,-1.411645048069504,-1.411645048069504,1.736487606786332,0.0362,0.001000728126492281,0.009266951938493634,0.08892162818953676,10.47721210515724,0.5120773762464523,-1.2923786242802937,-1.2923786242802937,1.804456001520157,0.0010011026402935385,0.011455458130997916,0.09354016392802199,13.226993815104167,12.248225275675455,12.275159136454265,12.248225275675455,13.617488670349122,13.898072942097981,13.841956087748208
364,-1.291567788933808,-1.3560606274964675,-1.3560606274964675,1.7766622417377975,0.0363,0.0010008563920152636,0.01129456888884306,0.1042252714692984,11.411382900094086,0.5843172291914622,-1.337733691930771,-1.337733691930771,1.922050921122233,0.0010007002216298132,0.01102934256196022,0.11101491960386435,12.859029706319173,11.766673469543457,11.416022682189942,11.766673469543457,13.556322733561197,12.41826073328654,12.645873133341471
365,-1.3069927534967098,-1.3725622622471936,-1.3725622622471936,1.8013600021038416,0.0364,0.0010007475810301192,0.01023774706530121,0.09576755431744288,11.154801899532103,0.5741257846355439,-1.3732466955979665,-1.3732466955979665,1.9473724802335104,0.0010005271818954498,0.008932701963931321,0.08160041716570655,12.410412979125976,10.98407039642334,10.089581616719563,10.98407039642334,12.226203854878744,12.383447329203287,12.35199863433838
366,-1.3718353509902954,-1.4344758740011252,-1.4344758740011252,1.7161788063229255,0.0365,0.0010006828541111834,0.009122938576664002,0.09196791242597238,10.389973469500271,0.7274146954218547,-1.21394335826238,-1.21394335826238,1.9413580536842345,0.0010005274593519668,0.008670053607784212,0.08530501493563254,13.7477237701416,12.717569859822591,12.370040639241536,12.717569859822591,14.700486246744791,11.764890416463215,12.352009582519532
367,-1.363668905114228,-1.4295121093965926,-1.4295121093965926,1.798994577155923,0.0366,0.001000785255664081,0.009028907144828787,0.09103030465402694,10.337573879169968,0.8137580355008444,-1.2699566860993703,-1.2699566860993703,2.0837147216002148,0.0010008580478218694,0.010403049613038699,0.11365213211004933,13.458561579386393,12.22081438700358,11.98987242380778,12.22081438700358,14.92160733540853,14.800969250996907,14.825096867879232
368,-1.2711059304903138,-1.3337029421104576,-1.3337029421104576,1.7056407568589695,0.0367,0.0010007954035657195,0.011852418854481206,0.1137380396138947,11.7626051902771,0.6479389399290085,-1.209594440460205,-1.209594440460205,1.8575333813826242,0.0010006732637217889,0.00964953526078413,0.09038893987114231,13.382844034830729,12.590605354309082,12.072222900390624,12.590605354309082,13.532191594441732,12.940315119425456,13.058690414428712
369,-1.3313204072556406,-1.3940129819905982,-1.3940129819905982,1.703602320743057,0.0368,0.0010007655287583201,0.009918713028419693,0.08227649844198856,10.89027879822929,0.31138266722361246,-1.3286837657292685,-1.3286837657292685,1.640066432952881,0.001001129656409224,0.013766044269626338,0.12740351328005392,13.412553469340006,11.83309440612793,11.201555442810058,11.83309440612793,12.452808252970378,13.39905948638916,13.209809239705404
370,-1.3348477460303396,-1.3963460618594907,-1.3963460618594907,1.6666209697723389,0.0369,0.001000692529761988,0.010158776920640244,0.08572836796630104,10.7970467423493,0.4338464081287384,-1.3616597493489584,-1.3616597493489584,1.7955061574776967,0.0010008681565523148,0.012035213503986597,0.11113049952934186,13.345288530985515,11.736539522806803,10.7153169631958,11.736539522806803,12.268263785044352,13.583836936950684,13.320722306569419
371,-1.3489024549160364,-1.4113429334928405,-1.4113429334928405,1.6875802638395778,0.037,0.0010007517741782205,0.009536654960785835,0.09109682118836439,10.861150651607874,0.5331849495569865,-1.2887625098228455,-1.2887625098228455,1.821947459379832,0.0010007529112044723,0.013555242796428502,0.11266107646127542,13.49177729288737,12.485622596740722,11.800991312662761,12.485622596740722,13.851365852355958,13.948822339375814,13.929331041971844
372,-1.3584823338490613,-1.4218864328456375,-1.4218864328456375,1.7090054053180623,0.0371,0.0010005136675043207,0.01030722834205009,0.10836311099383067,10.60574965207082,0.6338511188824971,-1.2287489473819733,-1.2287489473819733,1.8626000662644704,0.0010007081844378262,0.011376495868898929,0.11361176520586014,12.97179126739502,12.57100772857666,12.77256596883138,12.57100772857666,15.495092582702636,16.2132745107015,16.06963812510173
373,-1.3457183972844537,-1.4062783628139857,-1.4062783628139857,1.6279559045467737,0.0372,0.0010005540328697775,0.01013299753397422,0.10442525134334024,10.781988935650519,0.5130128006140391,-1.2241107881069184,-1.2241107881069184,1.737123586734136,0.0010005208663642407,0.01131000234745443,0.11661644491056601,13.812171427408854,13.340674591064452,12.494741249084473,13.340674591064452,14.888675689697266,14.705628649393718,14.742238057454427
374,-1.3753261093823415,-1.4363244861926672,-1.4363244861926672,1.6353451227242093,0.0373,0.0010005733358480458,0.009677209654155205,0.09901846607901016,10.46893473391263,0.6757376253604889,-1.345907191435496,-1.345907191435496,2.021644816795985,0.0010005209497952214,0.00915209383238107,0.09162641155223052,11.941391944885254,11.442216110229491,10.866158294677735,11.442216110229491,13.768629900614421,13.425407218933106,13.494051755269371
375,-1.3272953595755235,-1.3883399063686155,-1.3883399063686155,1.6322069595444877,0.0374,0.0010007364688581735,0.010598521315018242,0.0999700627377573,11.076414360190338,0.36790802975495657,-1.3270685424407322,-1.3270685424407322,1.6949765702088675,0.0010005545744206756,0.012191057934736212,0.11700568329542875,12.82804012298584,11.92648270924886,11.734547487894694,11.92648270924886,13.10827922821045,14.896307436625163,14.538701794942222
376,-1.3222092974860713,-1.387782466861437,-1.387782466861437,1.748618002207774,0.0375,0.0010006247430969521,0.009680635155231323,0.08903827314388077,10.68745875808428,0.5310270736614863,-1.1494724621375403,-1.1494724621375403,1.6804995357990264,0.0010010508044312398,0.01284795394167304,0.12780525020013253,15.015780512491862,13.923137346903482,14.930820020039876,13.923137346903482,16.986700375874836,18.996272850036622,18.594358355204264
377,-1.3108617236029427,-1.374448058740148,-1.374448058740148,1.6911258180186433,0.0376,0.0010007582495059327,0.01092340854295301,0.10160980556371077,11.234020053215747,0.3590033342440923,-1.3320154180129369,-1.3320154180129369,1.6910187522570292,0.0010005929798353463,0.011462185438722372,0.11485615968704224,12.342270851135254,11.577471415201822,11.746574783325196,11.577471415201822,14.886206881205242,14.02432549794515,14.196701774597168
378,-1.32589923435787,-1.3955378802317493,-1.3955378802317493,1.847178895518465,0.0377,0.001000542200240746,0.010610498400088752,0.11287896046942135,10.931737144038362,0.462236617008845,-1.2655565202236176,-1.2655565202236176,1.7277931372324626,0.0010004440691166868,0.00972154779204478,0.09772741099198659,12.536035219828287,11.948615010579427,11.690158526102701,11.948615010579427,13.983768208821614,14.146470642089843,14.113930155436197
379,-1.2937534710146346,-1.3606272441036296,-1.3606272441036296,1.7691476929862544,0.0378,0.0010007455141090279,0.011199281129212875,0.10010781961510766,11.377623117194986,0.41905292868614197,-1.2810748040676116,-1.2810748040676116,1.7001277327537536,0.0010007868773148705,0.013493097837393482,0.11528346507499615,13.270236651102701,12.27593142191569,12.209839884440104,12.27593142191569,13.539560699462891,15.786307779947917,15.336958363850911
380,-1.3051851976592586,-1.3680178129448082,-1.3680178129448082,1.6578525754640687,0.0379,0.0010007949686556491,0.010703605819352955,0.09672347617880353,11.432805295260447,0.4858943899472555,-1.238331949710846,-1.238331949710846,1.7242263396581015,0.0010007560485973954,0.014315584286426505,0.13051736721148094,15.028325907389323,13.796948178609211,13.152355194091797,13.796948178609211,16.51523469289144,13.91304416656494,14.43348227183024
381,-1.3478122882123262,-1.4093343581793443,-1.4093343581793443,1.619001865386963,0.038,0.00100065710655642,0.010017851068866703,0.100370918875033,10.615610977388778,0.27043556968371074,-1.3552835434675217,-1.3552835434675217,1.6257191141446432,0.0010006667793883632,0.010253579060857495,0.10164939916382233,12.817260869344075,11.266610527038575,11.340752283732096,11.266610527038575,13.27832088470459,13.695107014973958,13.611749788920086
382,-1.321397621676607,-1.385006603204979,-1.385006603204979,1.6695267636820954,0.0381,0.0010008391252068697,0.009939956171262377,0.09840863275359261,11.029119635527989,0.3737004111210505,-1.2323371758063635,-1.2323371758063635,1.606037586927414,0.0010008883856547377,0.012607648828998208,0.13217041498670976,13.581819852193197,13.143335596720378,13.523270479838054,13.143335596720378,14.790882364908855,15.357801628112792,15.244417775472005
383,-1.3108644834104575,-1.373947929661229,-1.373947929661229,1.651399163704998,0.0382,0.001000650541171572,0.010427206007869175,0.09967636317014694,10.96376616999788,0.5047075271606445,-1.2271628727515538,-1.2271628727515538,1.7318704009056092,0.00100040965868781,0.01149934275696675,0.10848825505624214,13.612237548828125,13.288488324483236,12.95042215983073,13.288488324483236,15.595812924702962,14.731547737121582,14.90440077463786
384,-1.3319546569068477,-1.3932762730796382,-1.3932762730796382,1.6010867109838522,0.0383,0.0010006357146919054,0.010616912409874066,0.09932869816866685,11.048969799617552,0.5066884279251098,-1.2525155772765477,-1.2525155772765477,1.7592040022214255,0.0010007302897671857,0.012002081920703253,0.11252466427783171,14.038741938273112,13.780600039164225,12.919728406270345,13.780600039164225,15.007391166687011,14.362090555826823,14.49115067799886
385,-1.3505724758472082,-1.4121809039475783,-1.4121809039475783,1.6043860608676694,0.0384,0.001000651916190279,0.00965850688692815,0.09925757875701166,10.65515813287699,0.41656264662742615,-1.3382094005743663,-1.3382094005743663,1.7547720472017925,0.0010008289478719234,0.011532507984278103,0.10806262164066235,12.691980298360189,11.612799135843913,11.525476328531902,11.612799135843913,13.684189860026041,15.834523900349934,15.404457092285156
386,-1.3759874285392042,-1.4387602311260295,-1.4387602311260295,1.6304627105874836,0.0385,0.0010006531813832105,0.009453914233676667,0.09654147255251992,10.213515938452954,0.4487334748109182,-1.2750149607658385,-1.2750149607658385,1.7237484355767567,0.0010006074424988279,0.010149012389592826,0.11100440453737974,12.084518750508627,12.523257700602214,12.095148944854737,12.523257700602214,14.76110445658366,12.735230954488118,13.140405654907227
387,-1.2658848481358222,-1.3271771770603251,-1.3271771770603251,1.58788437438461,0.0386,0.0010007086917230824,0.011996036456932998,0.11287304351352295,11.947192956816476,0.3663798928260803,-1.3240009854237238,-1.3240009854237238,1.6903808772563935,0.0010003308726785085,0.010096501659912367,0.10639906215171019,12.506143061319987,11.204690488179525,10.523950131734212,11.204690488179525,12.173487027486166,13.452748425801595,13.19689614613851
388,-1.355090928527544,-1.4180815377325382,-1.4180815377325382,1.627664251147576,0.0387,0.001000576782180875,0.0096457374528191,0.09345164750966262,10.429019811018458,0.46147377689679464,-1.2647445579369863,-1.2647445579369863,1.726218334833781,0.001000737550202757,0.010755569433482985,0.10466250982135535,13.252303123474121,12.547473589579264,12.721406173706054,12.547473589579264,15.866916338602701,15.13793347676595,15.2837300491333
389,-1.36103407391962,-1.426266314848414,-1.426266314848414,1.6812431812286377,0.0388,0.0010006087963943774,0.009443204445799566,0.09121316365616501,10.367275840831253,0.505213643113772,-1.2699405630429585,-1.2699405630429585,1.7751542061567307,0.0010006864205934108,0.01154947206377983,0.11904391919573148,14.355918693542481,12.917834663391114,12.423142623901366,12.917834663391114,14.758046722412109,13.490292485555013,13.743843332926433
390,-1.3427683823513534,-1.4077012336479042,-1.4077012336479042,1.6692249257609528,0.0389,0.0010005774543146199,0.009820655550596849,0.0992292498572255,10.649922083008963,0.44633920391400655,-1.3602343519528708,-1.3602343519528708,1.8065735558668772,0.0010004827403463424,0.01049646365766724,0.1076562948524952,12.289880688985189,11.488474718729655,11.278437836964924,11.488474718729655,12.976010449727376,11.005192883809407,11.399356396993001
391,-1.311669889486061,-1.3745980026587001,-1.3745980026587001,1.613541288195916,0.039,0.0010006538754821104,0.010514800067780153,0.10268809140290854,11.164748920584625,0.445229438940684,-1.3255669077237446,-1.3255669077237446,1.7707963466644288,0.001000502499906967,0.011141510214656591,0.10612558654199043,12.583190218607585,11.956426111857096,11.627180671691894,11.956426111857096,14.443039894104004,13.392588551839193,13.602678820292155
392,-1.3429054775328007,-1.4072716506022327,-1.4072716506022327,1.6461937584966984,0.0391,0.0010005023883971965,0.010657652588736898,0.12050360286573195,10.85791395295341,0.24098942081133526,-1.3552119026581446,-1.3552119026581446,1.5962013244628905,0.0010003072442486883,0.00914848771256705,0.10971868652850389,12.29753630956014,11.255973402659098,11.516031328837077,11.255973402659098,14.126866722106934,12.97334696451823,13.204050916035971
393,-1.3403784306544178,-1.403139373041549,-1.403139373041549,1.6010445963661626,0.0392,0.0010006619191218942,0.009750333684935884,0.09163354428590469,10.759997565791291,0.31738748451073967,-1.3576553871234258,-1.3576553871234258,1.6750428716341654,0.0010004992383377007,0.00969901589366297,0.11006184751167894,12.114009602864583,10.99870548248291,10.820635732014974,10.99870548248291,13.102586619059245,14.128700256347656,13.923477528889975
394,-1.3717857779196974,-1.4317993240536384,-1.4317993240536384,1.5270623418520082,0.0393,0.0010006857425290739,0.009017488269029924,0.08949078594879159,10.170694351196289,0.13462870915730793,-1.365978479385376,-1.365978479385376,1.500607188542684,0.0010006275648872058,0.009647905950744946,0.09387937452023228,12.326608721415202,11.120187377929687,11.636453946431478,11.120187377929687,13.082034619649251,15.023777516682943,14.635428937276206
395,-1.3728352762618155,-1.4320691733990076,-1.4320691733990076,1.5033984611619193,0.0394,0.0010007328028737935,0.008746339210291516,0.0741194024119737,10.389953379361135,0.5503313442071279,-1.1849653457601865,-1.1849653457601865,1.7352966914574306,0.001000785381377985,0.009269503651497264,0.09137456913789113,14.207501220703126,13.095746040344238,13.27684046427409,13.095746040344238,14.54866746266683,19.74187297821045,18.703231875101725
396,-1.3515870436182562,-1.4169454979446698,-1.4169454979446698,1.6546442846082292,0.0395,0.001000806085220626,0.00948172341153588,0.09508162891527391,10.403291171451784,0.38151515324910484,-1.3293218364318211,-1.3293218364318211,1.710836989680926,0.0010005443861397605,0.009416735397341352,0.08915437739342451,12.63535353342692,11.710199546813964,11.426632436116536,11.710199546813964,14.516254425048828,14.087434832255045,14.173198750813803
397,-1.3338507121463992,-1.3949953565057718,-1.3949953565057718,1.5440567686872662,0.0396,0.0010008633725415424,0.009815283146036684,0.09514973249356702,10.860093665572832,0.45977981289227804,-1.1181147148211796,-1.1181147148211796,1.5778945287068684,0.0010005724208895117,0.009877696881691616,0.10191818922758103,15.477994791666667,14.346558252970377,13.981516965230306,14.346558252970377,18.795228894551595,17.28593413035075,17.58779308319092
398,-1.322443478512314,-1.3833238381259847,-1.3833238381259847,1.5335100889205933,0.0397,0.0010006933117215082,0.010656558838233634,0.11253454311276381,11.087155063197297,0.4184969882170359,-1.28867600162824,-1.28867600162824,1.7071729898452759,0.0010008313246847441,0.012169767295320828,0.10814240382363399,13.664429855346679,12.235767873128255,12.075022443135579,12.235767873128255,13.628059450785319,15.926369984944662,15.466707878112794
399,-1.382445772863784,-1.4445584056512364,-1.4445584056512364,1.560618870663193,0.0398,0.0010006742547529768,0.009103218330738117,0.08709355816245079,10.131244479485279,0.2593884408473969,-1.3732387522856395,-1.3732387522856395,1.6326271931330363,0.0010005254143228134,0.008271979726850986,0.09337227965394655,11.20636863708496,10.470895036061604,10.335113143920898,10.470895036061604,11.559548377990723,12.356204477945964,12.196873257954916
400,-1.3703036645673357,-1.4349282350180284,-1.4349282350180284,1.6196634836916655,0.0399,0.0010006774616656156,0.009044241309517398,0.09059704523885025,10.286830542222509,0.36143415967623393,-1.3035900215307872,-1.3035900215307872,1.665024181207021,0.0010006784403230995,0.00985891524857531,0.09750458082805077,13.232841809590658,11.678709983825684,11.553899701436361,11.678709983825684,14.86856320699056,13.909458669026693,14.101279576619467
401,-1.3333052497989726,-1.3957791733291913,-1.3957791733291913,1.5618482288324609,0.04,0.0010006772815513443,0.00963392608605747,0.09791501998057905,10.89837859711557,0.20511292815208435,-1.3922413369019826,-1.3922413369019826,1.597354265054067,0.0010008540276127556,0.012367177257935206,0.13047393591453632,12.489986419677734,10.941124788920085,10.234930260976155,10.941124788920085,12.30469789505005,13.094142087300618,12.936253248850505
402,-1.3597163209375345,-1.4227685613452263,-1.4227685613452263,1.5723750951155178,0.0401,0.0010006892547573683,0.01010704996450892,0.11067824062170847,10.578841956156605,0.29780792991320293,-1.3310267865657806,-1.3310267865657806,1.6288347164789836,0.0010007355672617753,0.010544176446273923,0.10743184934059778,12.848632176717123,11.569727325439453,11.354327138264974,11.569727325439453,13.332650311787923,13.504084205627441,13.46979742685954
403,-1.306993473250911,-1.367648259648737,-1.367648259648737,1.5088255810287763,0.0402,0.0010009497197626053,0.011100935187401637,0.09539426968626256,11.267372725144872,0.25157565375169116,-1.358865753809611,-1.358865753809611,1.6104414075613023,0.0010009887414829184,0.010883948812261224,0.09635165693859259,12.091828536987304,11.069918632507324,10.921033668518067,11.069918632507324,12.717582639058431,13.069800758361817,12.99935713450114
404,-1.3220396086854755,-1.38405826631582,-1.38405826631582,1.5389245399888956,0.0403,0.0010008680906568497,0.010701553412836115,0.10468753202343886,11.151900381412146,0.330175065000852,-1.2385225951671601,-1.2385225951671601,1.5686976611614227,0.0010006834326001504,0.011201429374826452,0.11266188236574332,13.11471513112386,12.15516274770101,12.213094584147136,12.15516274770101,14.974184544881185,13.250740432739258,13.595429255167645
405,-1.3590908680322036,-1.4237917616682232,-1.4237917616682232,1.601507179017337,0.0404,0.0010007024865667776,0.009365999420999357,0.09814579387740144,10.467090678664873,0.40299276808897655,-1.3078510820865632,-1.3078510820865632,1.7108438501755396,0.0010005763945324967,0.01081870817579329,0.10931288873155912,12.902352714538575,11.918023999532064,11.38694527943929,11.918023999532064,12.803860346476236,13.930391883850097,13.705085576375325
406,-1.3306750677666574,-1.3927694401651058,-1.3927694401651058,1.5331941258232549,0.0405,0.001000591753630565,0.01025353261392634,0.10387129772384211,10.823298004438293,0.4555000384648641,-1.1081309994061788,-1.1081309994061788,1.5636310358842214,0.0010004258442980547,0.009715202295531829,0.0995270200073719,15.18418254852295,14.221712176005045,14.306579144795736,14.221712176005045,18.56188170115153,15.517610168457031,16.12646447499593
407,-1.2861783594455358,-1.3460053182997793,-1.3460053182997793,1.4735703130937972,0.0406,0.0010008295022724371,0.01093192046227039,0.11026057003522818,11.262692937311137,0.5539129316806793,-1.0644141087929408,-1.0644141087929408,1.61832704047362,0.001000814326107502,0.013806812698021531,0.1292929034680128,16.173024559020995,15.716930961608886,15.768066151936848,15.716930961608886,17.28382263183594,20.183537864685057,19.603594818115234
408,-1.3443567392961033,-1.4083991658012822,-1.4083991658012822,1.573524019628201,0.0407,0.0010006208311028357,0.009696770046468614,0.09244871673718938,10.755502125002304,0.23279067079226176,-1.3109939813613891,-1.3109939813613891,1.543784652153651,0.0010005956845513234,0.01044032860857745,0.1092020529632767,12.614068667093912,12.096514383951822,11.904304758707683,12.096514383951822,13.130786259969076,14.250408808390299,14.026484298706055
409,-1.334395521091965,-1.3952261614349653,-1.3952261614349653,1.4909471340899199,0.0408,0.0010007244692939632,0.009858950498109718,0.09503237263492818,10.776843187943944,0.2244178245464961,-1.2718475212653477,-1.2718475212653477,1.4962653458118438,0.0010010356141719966,0.012190267389329771,0.11183502115309238,13.027904065450032,12.344471295674643,12.8194304784139,12.344471295674643,14.618184471130371,16.8592498143514,16.411036745707197
410,-1.3191242600386996,-1.3815637309596223,-1.3815637309596223,1.526637443956339,0.0409,0.001000824333871451,0.010894315598427125,0.09575036132954201,11.151613685320008,0.14821080068747203,-1.3684753934542337,-1.3684753934542337,1.5166861941417058,0.001000571734039113,0.009681014522599677,0.08709380077198148,12.076291147867838,11.421385828653971,10.557663345336914,11.421385828653971,12.013117917378743,12.476765632629395,12.384036089579265
411,-1.3076961850220303,-1.3766925436145854,-1.3766925436145854,1.682837798910321,0.041,0.0010007686082730597,0.01049948594409902,0.09648851621544587,11.02722377597161,0.28986082871754965,-1.3366387526194254,-1.3366387526194254,1.6264995813369751,0.0010006003566862395,0.00909006103562812,0.08373251628751556,11.883562469482422,11.314002927144369,11.078947893778484,11.314002927144369,13.142834345499674,12.28302370707194,12.454985834757487
412,-1.3582660792008885,-1.4204891605197258,-1.4204891605197258,1.5139435642170456,0.0411,0.0010005604159438386,0.008807015482265994,0.07925942961899739,10.418989478417163,0.5670149187246959,-1.313449611266454,-1.313449611266454,1.88046452999115,0.0010009719951388737,0.011120128569503625,0.10815632622689009,12.639687538146973,11.959243647257487,11.537644259134929,11.959243647257487,13.41503512064616,15.379101181030274,14.986287968953452
413,-1.3374947331986338,-1.4011630370931805,-1.4011630370931805,1.5453471597635522,0.0412,0.0010008384662522178,0.009501798517720879,0.08608077621122576,10.7500982644423,0.3273297925790151,-1.323256899913152,-1.323256899913152,1.650586692492167,0.0010007674417768916,0.01005720473670711,0.1215116661041975,12.188654963175455,11.907183519999187,11.232749112447102,11.907183519999187,14.204389953613282,12.582424354553222,12.906817474365235
414,-1.3755367015892606,-1.443948744602923,-1.443948744602923,1.6564660207280573,0.0413,0.001000630232189202,0.009343218014417391,0.10611666904164935,10.159833629176301,0.4041168620189031,-1.3129373252391816,-1.3129373252391816,1.7170541862646738,0.0010009134750968466,0.010285288568896551,0.10073740935573976,12.452026430765788,11.688924662272136,11.465146573384603,11.688924662272136,13.305692990620932,16.378615951538087,15.764031359354657
415,-1.3297708349407844,-1.3950569449730639,-1.3950569449730639,1.5769591353974253,0.0414,0.001000842090502803,0.009646868825239956,0.0823005403409589,10.799409776363733,0.3420188516378403,-1.3304114788770676,-1.3304114788770676,1.6724303305149077,0.0010008332804621507,0.010028222117883463,0.08752733735988537,12.375018692016601,11.509754625956218,11.409939384460449,11.509754625956218,13.164615058898926,14.313486353556316,14.08371209462484
416,-1.3912289637439657,-1.4547032882582467,-1.4547032882582467,1.5295020904181138,0.0415,0.0010007226220244225,0.008581825391442146,0.07756551885801666,9.95979433239631,0.25026337305704754,-1.3212074021498361,-1.3212074021498361,1.5714707752068837,0.0010007620051813622,0.009875210506531099,0.10197816845029592,12.626377932230632,11.712415758768717,11.60914560953776,11.712415758768717,14.287064170837402,14.330808130900065,14.322059338887533
417,-1.3694810260016963,-1.4348685606470648,-1.4348685606470648,1.5718157448858585,0.0416,0.00100076893555387,0.008995857634493764,0.08179532364010811,10.226695798478037,0.21203209261099498,-1.3257331599791844,-1.3257331599791844,1.5377652525901795,0.0010008118930272757,0.011592516854094962,0.10073136600355308,12.601146443684895,12.443365287780761,11.116096750895183,12.443365287780761,13.85267613728841,12.393926429748536,12.68567637125651
418,-1.3255458181759097,-1.3887441540664096,-1.3887441540664096,1.51554758931106,0.0417,0.001000779779750924,0.010317960745250841,0.09636990494042072,10.827571149142283,0.44910346070925394,-1.3036973426739376,-1.3036973426739376,1.7528008023897808,0.0010006190413453927,0.011785435707618792,0.10825440641492605,13.135112953186034,11.754323259989421,11.565074412027995,11.754323259989421,14.782091395060222,13.807964324951172,14.002789738972982
419,-1.3242398860319606,-1.3879914756091136,-1.3879914756091136,1.5251576045774065,0.0418,0.0010006800030340564,0.010070508969771975,0.0964471884071827,10.93473167239495,0.3782099783420563,-1.3285314877827963,-1.3285314877827963,1.7067414661248526,0.001000455409909288,0.00946116311630855,0.08693790212273597,12.116976547241212,12.012800153096517,12.123419125874838,12.012800153096517,14.019810803731282,14.101504516601562,14.085165774027505
420,-1.3025556780257315,-1.3702268690433141,-1.3702268690433141,1.615064283586898,0.0419,0.0010007736932064564,0.01062304122408606,0.09571248943091563,11.296685218811035,0.3667239467302958,-1.2610502650340398,-1.2610502650340398,1.627774210770925,0.001000584770614902,0.00944930596742779,0.07908743328104416,13.42764720916748,12.448540941874187,12.28846009572347,12.448540941874187,17.42390817006429,12.993339347839356,13.879453112284343
421,-1.3257001458473925,-1.390514612197876,-1.390514612197876,1.5432016309702172,0.042,0.0010006741493202324,0.010411803566692572,0.0927352109959103,11.006564671138548,0.4410448044538498,-1.189347267150879,-1.189347267150879,1.6303920725981393,0.0010004463663790375,0.008190115153168639,0.08356013623997569,13.230704816182454,12.459827931722005,12.459137980143229,12.459827931722005,14.505505498250326,12.507389386494955,12.90701260884603
422,-1.3485031960145482,-1.4101457933209978,-1.4101457933209978,1.4641946441722367,0.0421,0.0010008052022213924,0.009582585084058766,0.09377365179781644,10.747955682142726,0.340019295612971,-1.3147135277589161,-1.3147135277589161,1.6547328233718872,0.0010005182101546475,0.008841723514099916,0.08974257555479805,12.792218081156413,11.699595006306966,11.13618933359782,11.699595006306966,13.708611488342285,13.82252140045166,13.799739418029784
423,-1.324257586362227,-1.3906463643289961,-1.3906463643289961,1.5731935793498777,0.0422,0.0010007214424955957,0.010216921269190762,0.10037864554884299,11.049945615372568,0.21281472941239674,-1.3051859547694524,-1.3051859547694524,1.5180006841818492,0.0010008305058969806,0.01101333088396738,0.10476905616621177,12.894518407185872,12.078957875569662,11.456785202026367,12.078957875569662,13.84996960957845,14.822794532775879,14.628229548136394
424,-1.3380938183586553,-1.4032888772352687,-1.4032888772352687,1.5412544102038976,0.0423,0.0010006241632168585,0.010451007116023661,0.11241619492757995,10.994741790699509,0.10614580114682516,-1.3915104210376739,-1.3915104210376739,1.4976562221844991,0.0010004643525462597,0.010590405327578385,0.11218130625784398,11.51392707824707,11.112767219543457,10.595462544759114,11.112767219543457,12.762847487131754,12.214975452423095,12.324549859364827
425,-1.3265888533502255,-1.3946046356884938,-1.3946046356884938,1.604145754058406,0.0424,0.0010006744853871049,0.010619391476348886,0.10437395195213128,11.089480319113102,0.5045236905415853,-1.2857511669397355,-1.2857511669397355,1.7902748584747314,0.0010006179140570263,0.011251563051094612,0.11575446967035533,13.064299011230469,12.159301726023356,12.239037609100341,12.159301726023356,14.900539588928222,17.16811720530192,16.714601682027183
426,-1.3536024723412856,-1.4194848807352893,-1.4194848807352893,1.550174355506897,0.0425,0.0010005960697835347,0.00978726891906194,0.09581865510850582,10.59813476058672,0.4248982628186544,-1.2325359483559926,-1.2325359483559926,1.657434211174647,0.001000942464452237,0.012881282965342205,0.12789948924134176,13.940572357177734,13.747009913126627,13.28887570699056,13.747009913126627,16.2747252146403,14.514392280578614,14.866458867390952
427,-1.2995856381812185,-1.3666758672246393,-1.3666758672246393,1.574887990951538,0.0426,0.0010007107432685651,0.010749018909233922,0.08878827587051212,11.2921924771003,0.23384188214937845,-1.360534244775772,-1.360534244775772,1.5943761269251506,0.001000461601264154,0.009288365300744773,0.08271491484095653,11.43806832631429,10.940918922424316,10.467830403645833,10.940918922424316,12.164565086364746,12.128638903299967,12.135824139912923
428,-1.3540960392861996,-1.419349897582576,-1.419349897582576,1.5281934400774397,0.0427,0.0010004726168260259,0.009596795634419288,0.09588441210535337,10.430117526144352,0.34406354824701946,-1.3671418646971385,-1.3671418646971385,1.7112054129441578,0.0010005848540458827,0.010317484079860152,0.10079428041353822,12.256109301249186,11.354574394226074,11.014219983418782,11.354574394226074,13.696357536315919,12.836473655700683,13.008450431823732
429,-1.342278577246756,-1.4111607412122331,-1.4111607412122331,1.6093964036905541,0.0428,0.0010005262359660471,0.00950083797270397,0.10451882121697911,10.503639383136102,0.33811005353927615,-1.2979580601056417,-1.2979580601056417,1.6360681136449178,0.001000720429389427,0.012768931966274977,0.13052979670464993,12.730127207438152,12.246689732869466,12.519379043579102,12.246689732869466,14.867926915486654,14.492675399780273,14.567725702921551
430,-1.3625903871824157,-1.430646097884988,-1.430646097884988,1.5863803164014276,0.0429,0.0010005856319418493,0.009803546636523504,0.09575497921345369,10.492795989198505,0.33363297780354817,-1.3064423938592276,-1.3064423938592276,1.6400753716627756,0.0010006274601134161,0.010723552883913119,0.10559222505738337,12.189225896199543,11.987958304087321,12.043950398763021,11.987958304087321,14.519378344217936,13.417114512125652,13.63756727854411
431,-1.378641058813851,-1.443497358628039,-1.443497358628039,1.5082859610611539,0.043,0.0010005728877588826,0.009003081719197755,0.08610667991188337,10.078473630941138,0.2821701347827911,-1.3938951432704925,-1.3938951432704925,1.6760652780532836,0.0010006554366555065,0.00973228864216556,0.09404637447247903,11.857124455769856,11.027710723876954,10.454810523986817,11.027710723876954,14.041856638590495,11.736510467529296,12.197579701741537
432,-1.3144350243064593,-1.3853038335746188,-1.3853038335746188,1.6442879213477082,0.0431,0.0010007544868748705,0.010110609207021178,0.10153934746137205,11.065957744166536,0.27762541075547537,-1.345150629679362,-1.345150629679362,1.6227760404348373,0.0010007397931379577,0.01248946205402414,0.12469325996935368,12.941717084248861,11.927497545878092,11.185447374979654,11.927497545878092,12.716276931762696,12.38736302057902,12.453145802815756
433,-1.3367454409599304,-1.4032784610424403,-1.4032784610424403,1.5401160357133397,0.0432,0.0010005729536543477,0.010574848558050845,0.10554754751611431,10.901162003571132,0.2174738496541977,-1.321973012884458,-1.321973012884458,1.5394468625386557,0.0010006705822888761,0.01195506271906197,0.11061105138311783,13.259511820475261,12.230888684590658,11.872825368245442,12.230888684590658,13.768072446187338,14.469651222229004,14.329335467020671
434,-1.3743209164097625,-1.439173698425293,-1.439173698425293,1.4977547627574992,0.0433,0.0010004416898876992,0.00933514632952382,0.09754473315376155,10.363380648055166,0.2306208074092865,-1.3107827166716257,-1.3107827166716257,1.5414035240809123,0.001000461329628403,0.007848819593588512,0.07138669438039263,12.318974812825521,11.806036440531413,11.376313241322835,11.806036440531413,14.692460441589356,12.218230311075846,12.71307633717855
435,-1.3659091029527053,-1.4304395441739064,-1.4304395441739064,1.4868765102242523,0.0434,0.001000692503403802,0.009372959704191055,0.10238213791459236,10.463406427851263,0.27454583446184794,-1.339384792248408,-1.339384792248408,1.613930626710256,0.0010007460077758878,0.010167581518180669,0.09962484870726863,12.596013196309407,11.484215927124023,11.467356300354004,11.484215927124023,13.386213874816894,12.712981160481771,12.847627703348795
436,-1.3957166559291336,-1.4616815976376802,-1.4616815976376802,1.516435515205815,0.0435,0.0010005601260037918,0.00847500967705306,0.08229488102754332,9.802402505334818,0.24533421496550242,-1.3239565004905065,-1.3239565004905065,1.569290715456009,0.001000599095520253,0.00820542968964825,0.07446512983491023,11.695875803629557,11.008820978800456,10.97632656097412,11.008820978800456,12.654745801289875,14.241860008239746,13.924437166849772
437,-1.3715207711705621,-1.432711954386729,-1.432711954386729,1.403467670926508,0.0436,0.001000728313196099,0.009563963385826012,0.09810567626132155,10.371447437214401,0.265902445713679,-1.3140532652537027,-1.3140532652537027,1.5799557109673819,0.0010005392172994713,0.008864560614650447,0.07863956975440184,12.533122126261393,11.439337666829427,11.155755043029785,11.439337666829427,15.002146848042806,12.900541687011719,13.320862719217937
438,-1.3653492590166487,-1.4304199083796088,-1.4304199083796088,1.4890312226313465,0.0437,0.0010006484786435118,0.009160854405600508,0.08769576251506805,10.30846031656805,0.17791952987511953,-1.2854184200366339,-1.2854184200366339,1.4633379499117534,0.0010009267639058332,0.010980330881041785,0.10444587375968695,13.101164690653484,12.353453890482585,11.642380523681641,12.353453890482585,14.686128107706706,14.37488530476888,14.437133865356445
439,-1.3146781224124837,-1.3795283807898469,-1.3795283807898469,1.4805995686998907,0.0438,0.001000845817989617,0.010090808955214496,0.0860793976078056,10.98194716111669,0.35151486496130624,-1.1950913061698278,-1.1950913061698278,1.546606171131134,0.0010006526892539114,0.011292730605540176,0.12416588465372722,14.297059249877929,13.83837947845459,13.57517738342285,13.83837947845459,16.087329610188803,16.264315859476724,16.228918609619143
440,-1.3366498902158916,-1.404633324101286,-1.404633324101286,1.548597663078668,0.0439,0.0010007460215041097,0.010168157509123942,0.09250959915653714,10.810244416290859,0.32797097563743594,-1.3243490238984426,-1.3243490238984426,1.6523199995358786,0.0010008105988769482,0.011598517543946703,0.11260389474531014,13.47143357594808,12.531399536132813,12.241310946146648,12.531399536132813,15.499420420328777,12.397143109639485,13.017598571777345
441,-1.3728813000445097,-1.4354990833210495,-1.4354990833210495,1.4231313849395175,0.044,0.001000692520975926,0.009364759505568247,0.08863048603371629,10.301106290997199,0.31806294322013856,-1.1417869577805202,-1.1417869577805202,1.4598499019940694,0.0010004871039806555,0.009899589520258208,0.1031809533946216,14.357238960266113,13.543276023864745,13.520787684122721,13.543276023864745,17.78742084503174,14.150946108500163,14.87824105580648
442,-1.313608095331012,-1.3758323574965854,-1.3758323574965854,1.4109809747282065,0.0441,0.0010008539363109278,0.010311017656382525,0.09285603301986209,11.294353314165798,0.3408397118250529,-1.24496095875899,-1.24496095875899,1.5858006705840428,0.0010003749940854809,0.008275370749955376,0.0883170019214352,13.194198671976725,12.365707270304362,12.42621930440267,12.365707270304362,16.795666058858234,14.300988070170085,14.799923667907716
443,-1.3312899987652618,-1.3944776721720427,-1.3944776721720427,1.4295854141127389,0.0442,0.0010006827904122336,0.010034397639826222,0.09273521556466255,10.869024969496817,0.11839826901753743,-1.2850644280513128,-1.2850644280513128,1.4034626970688502,0.0010006401202796648,0.010395559947937727,0.1115976819768548,13.665657806396485,12.64243106842041,11.75318660736084,12.64243106842041,13.678509585062663,12.544026565551757,12.770923169453939
444,-1.3806602212617982,-1.4434671649393045,-1.4434671649393045,1.417763941692856,0.0443,0.0010006147731130696,0.008982493638781444,0.0940049066788183,10.195794105529785,0.027923134962717693,-1.415954554080963,-1.415954554080963,1.4438776890436809,0.0010006127238739281,0.008040288866808017,0.08415333926677704,10.336973253885905,10.241906356811523,10.412069924672444,10.241906356811523,11.864905865987142,13.634282239278157,13.280406964619955
445,-1.3650164716648605,-1.4291860180081062,-1.4291860180081062,1.4452599388248515,0.0444,0.0010007089926457068,0.009530250352086886,0.09114245915750288,10.367095128545222,0.2520334859689077,-1.2838635156551996,-1.2838635156551996,1.5358970016241074,0.0010006599264064183,0.011567888168307642,0.12282644839336475,12.455297025044759,11.516700871785481,12.154496510823568,11.516700871785481,14.12958583831787,15.277213605244954,15.047688051859538
446,-1.3663109653400924,-1.4273666615756053,-1.4273666615756053,1.372038111371814,0.0445,0.0010007743038377673,0.008811286184936762,0.08460472429276637,10.201121591172129,0.39072001377741494,-1.2114081352949142,-1.2114081352949142,1.60212815006574,0.0010006456441866854,0.008727445701758067,0.08077381563683352,13.593577575683593,13.041458829243977,13.23571834564209,13.041458829243977,16.011798095703124,13.131614367167154,13.707651112874348
447,-1.3661327362060547,-1.4263317022683486,-1.4263317022683486,1.3497526195814025,0.0446,0.0010007506407762193,0.00915754715613318,0.08265054552763137,10.40555828022507,0.07607075671354929,-1.3101760690410933,-1.3101760690410933,1.3862468252579372,0.00100096314951467,0.009550892980769277,0.0871965448372066,12.344074630737305,10.764829953511557,10.810375912984211,10.764829953511557,12.74376392364502,14.700674438476563,14.309292335510255
448,-1.4090063909314714,-1.468262717408954,-1.468262717408954,1.3256449879340406,0.0447,0.0010007303164182406,0.008512720843460763,0.08272021622309145,9.792478597389078,0.10252525508403779,-1.29006786942482,-1.29006786942482,1.3925931245088576,0.0010009986678293596,0.010318779215837518,0.10076509425416588,13.519409688313802,12.227292251586913,12.180691719055176,12.227292251586913,13.96462796529134,13.95921802520752,13.960300013224284
449,-1.3531915084371027,-1.4127989040230804,-1.4127989040230804,1.3305222527036127,0.0448,0.001001051934611685,0.009351725918504427,0.0834218680436881,10.52153687207204,0.24576169451077778,-1.3044204652309417,-1.3044204652309417,1.5501821597417196,0.0010011164083456,0.012417635663102071,0.12534178830683232,13.569613965352376,12.649088064829508,12.095797793070476,12.649088064829508,14.048419030507405,13.675954437255859,13.750447355906168
450,-1.3463947480579592,-1.4102769505302861,-1.4102769505302861,1.4227661018101674,0.0449,0.001000841725881229,0.009873249089204759,0.09829679890623633,10.579922919003469,0.15695252617200214,-1.3244217336177826,-1.3244217336177826,1.4813742597897848,0.001000535226194188,0.010288618536045154,0.0911799943074584,11.504550870259603,11.408053143819172,11.222466150919596,11.408053143819172,13.061422284444173,13.170125325520834,13.148384717305502
451,-1.3764126199596334,-1.4380015089826763,-1.4380015089826763,1.368641880323302,0.045,0.001000576092475006,0.009217498463771815,0.09215694553447219,10.253088672206086,0.207999121149381,-1.201674747467041,-1.201674747467041,1.409673868616422,0.0010007199714891612,0.010106844051430622,0.09348838487640024,14.094210306803385,13.024320220947265,13.476559066772461,13.024320220947265,16.2655455271403,16.386838150024413,16.36257962544759
452,-1.3440416882622916,-1.4095125378302809,-1.4095125378302809,1.4516818433437708,0.0451,0.0010006493704288074,0.009800354150598342,0.09983507737095626,10.74220153520692,0.5490332444508871,-1.3179771542549132,-1.3179771542549132,1.8670103987058004,0.001000691760176172,0.010802117052177589,0.09791989469279845,13.979144287109374,12.053741455078125,11.627886072794597,12.053741455078125,14.094202359517416,13.236808331807454,13.408287137349447
453,-1.3800267183555748,-1.4449623823165894,-1.4449623823165894,1.4366296810923882,0.0452,0.001000632318878933,0.009379085504783774,0.08589285060341628,10.26357596775271,0.28822995026906334,-1.2528640588124593,-1.2528640588124593,1.5410940090815226,0.0010011119593400508,0.010367577026287714,0.0799189525966843,13.98291753133138,12.463922055562337,12.583091417948404,12.463922055562337,16.60099105834961,14.993473307291667,15.314976857503257
454,-1.3388001851315767,-1.4051183237219758,-1.4051183237219758,1.4639765530262354,0.0453,0.0010007909951590985,0.009909940672651777,0.10005961274201015,10.665574586616373,0.19402189950148266,-1.3448654770851136,-1.3448654770851136,1.5388873765865962,0.001000547760243838,0.009026133928758402,0.0807686581586798,12.30539779663086,11.3742244720459,11.312971305847167,11.3742244720459,13.848326174418132,13.974403063456217,13.949187685648601
455,-1.3558521720598329,-1.4227480798397425,-1.4227480798397425,1.4734779798759605,0.0454,0.0010006762184378393,0.00967006400262691,0.09363862706945753,10.553352796806479,0.16118111809094746,-1.3859395265579224,-1.3859395265579224,1.54712064464887,0.001000429408547158,0.009825241837340097,0.09587337157378593,12.368699900309245,10.943151601155598,10.767985153198243,10.943151601155598,14.24203249613444,12.89786237080892,13.166696395874025
456,-1.354556160153083,-1.4209680197373875,-1.4209680197373875,1.4596013696688526,0.0455,0.0010005265039409387,0.008892216420960877,0.08639163024864106,10.457569815077871,0.18007049759229024,-1.3386775056521099,-1.3386775056521099,1.5187480032444,0.0010005794349126518,0.012064621853642165,0.13077981503059466,12.481375948588054,11.304801495869954,11.450166765848795,11.304801495869954,13.48472391764323,14.814574114481609,14.548604075113934
457,-1.374818205833435,-1.4392367443948422,-1.4392367443948422,1.4126873364988364,0.0456,0.0010005836089510682,0.00927312437550358,0.09168608507738923,10.17975569671055,0.05745902756849925,-1.3712805559237797,-1.3712805559237797,1.4287395834922791,0.0010004896282528838,0.008007167706576486,0.07873889751111468,11.640635299682618,11.262293942769368,10.921700445810954,11.262293942769368,12.89578119913737,11.57351287206014,11.837966537475587
458,-1.332818164015716,-1.3944117753010876,-1.3944117753010876,1.3477814973525282,0.0457,0.0010007455119125123,0.009765020501360579,0.0922730177781492,10.75000683766491,0.19365974068641661,-1.27207008600235,-1.27207008600235,1.4657298266887664,0.0010012102080509066,0.013828249081658821,0.1343876521103084,14.0507111231486,12.827201016743977,12.33336722056071,12.827201016743977,16.441417503356934,15.123592376708984,15.387157402038575
459,-1.3058844928471547,-1.3703472029488042,-1.3703472029488042,1.4074826577924333,0.0458,0.0010008033681309448,0.011530059363411845,0.11550810321603182,11.18046156865246,0.03472241858641307,-1.3194552938143411,-1.3194552938143411,1.3541777124007544,0.001000931632006541,0.01166106085292995,0.1141315966223677,13.075060844421387,12.299616877237955,11.65074291229248,12.299616877237955,14.604654884338379,13.439078585306804,13.67219384511312
460,-1.3939538811737637,-1.4550398678149816,-1.4550398678149816,1.3308495890419438,0.0459,0.0010006212352616888,0.00862676152116004,0.09129788364582467,9.954447557341378,-0.00027025341987609865,-1.4028812328974405,-1.4028812328974405,1.4026109794775645,0.0010007686486157277,0.010032548747646312,0.10244313854103287,11.587922668457031,11.067370223999024,10.412379010518391,11.067370223999024,12.136494572957357,12.897671763102213,12.745436325073243
461,-1.382228304755013,-1.4486394985666815,-1.4486394985666815,1.4437214709677786,0.046,0.0010006572010065869,0.008998165170679678,0.08858211732135629,10.131695999289459,-0.11159302492936453,-1.3776865482330323,-1.3776865482330323,1.2660935233036676,0.0010007867065723985,0.010280819873635967,0.11335774188240369,12.025730005900066,10.809883467356364,10.556339772542318,10.809883467356364,13.532551193237305,14.507740147908528,14.312702356974285
462,-1.377806159685243,-1.4384178710433673,-1.4384178710433673,1.314787527300277,0.0461,0.0010006761789005602,0.009357305630198065,0.09383240890390468,10.253676009628007,-0.0034064223368962606,-1.415622893969218,-1.415622893969218,1.4122164716323218,0.001000455681545039,0.008389243475782375,0.0864816173290213,11.788209279378256,10.373044522603353,9.916299819946289,10.373044522603353,11.583542442321777,11.724525324503581,11.69632874806722
463,-1.4090025290003363,-1.473766563073644,-1.473766563073644,1.401818980585854,0.0462,0.0010005129514402658,0.008218997781920546,0.07859869357549919,9.724330812130335,0.2833148499329885,-1.258274362484614,-1.258274362484614,1.5415892124176025,0.001000613181774194,0.008893730693186323,0.0963460858600835,12.621866289774577,12.083750343322754,12.228352355957032,12.083750343322754,13.880007553100587,15.859480985005696,15.463586298624675
464,-1.3495182777350803,-1.4145503055374578,-1.4145503055374578,1.40457953821938,0.0463,0.0010007996955570186,0.009610365180052677,0.09204298022361297,10.458682213189467,0.02497417728106181,-1.364001319805781,-1.364001319805781,1.3889754970868429,0.0010011375144434473,0.01022377189559241,0.10283161060263714,11.930111948649088,11.160231971740723,11.002775446573894,11.160231971740723,14.86102746327718,12.68625348409017,13.121208279927572
465,-1.3449616173528276,-1.4091241134787507,-1.4091241134787507,1.3828125236169346,0.0464,0.0010007260859293758,0.010407323035288532,0.11065959860131426,10.918466001186731,0.05036654273668925,-1.3569544990857443,-1.3569544990857443,1.4073210418224336,0.0010004289293040832,0.009708940152389307,0.1105361536766092,11.930010350545247,11.040062618255615,11.262224833170572,11.040062618255615,14.734806124369303,12.453648376464844,12.909879926045736
466,-1.3428603568167057,-1.407671773208762,-1.407671773208762,1.3937939720333747,0.0465,0.0010005431732971152,0.009875958082529734,0.09718742460574743,10.611096157217926,-0.03211960097153981,-1.3406452675660452,-1.3406452675660452,1.3085256665945053,0.0010010485129896551,0.011954963176200787,0.10135649293661117,12.570923296610514,12.058358510335287,11.695920689900715,12.058358510335287,13.16321029663086,13.20130729675293,13.193687896728516
467,-1.389494943168928,-1.452229603281561,-1.452229603281561,1.3462375008834984,0.0466,0.0010007079932311514,0.00915235820454809,0.08756177686154842,10.07213678899801,-0.01600565711657206,-1.3780890862147013,-1.3780890862147013,1.3620834290981292,0.0010010821589579186,0.010093724401667715,0.10509410755087932,11.702171071370442,11.09185822804769,10.196435101826985,11.09185822804769,12.721368980407714,11.796437644958496,11.98142391204834
468,-1.360990213897993,-1.4242284162989203,-1.4242284162989203,1.3541371709895584,0.0467,0.0010007604943447798,0.009504106510782017,0.09260510980098877,10.636482661625124,0.24895865122477215,-1.3377652267615001,-1.3377652267615001,1.5867238779862722,0.0010009761007192233,0.012434077123180032,0.11616128329187632,12.314559364318848,11.727867889404298,11.655202770233155,11.727867889404298,13.658193016052246,12.923062833150228,13.070088869730633
469,-1.323835829518876,-1.3887050759117558,-1.3887050759117558,1.3860950762370847,0.0468,0.001000743917242255,0.009871665924295501,0.10103558801676867,10.688429355621338,0.15872768263022105,-1.341047900915146,-1.341047900915146,1.499775583545367,0.0010009458501978466,0.011773936892859637,0.1049091595535477,12.671923700968424,11.28828894297282,10.936640326182047,11.28828894297282,11.724025185902914,15.183276875813801,14.491426537831625
470,-1.3621745649373755,-1.427245704632885,-1.427245704632885,1.3874443173408508,0.0469,0.001000722206882992,0.00964545334671747,0.07958776391339752,10.325362070551458,-0.04819021224975586,-1.4023688346147538,-1.4023688346147538,1.3541786223649979,0.0010006422662020972,0.009977281667913,0.1140696544200182,12.249303944905598,11.157733949025472,10.313770389556884,11.157733949025472,13.046711031595866,11.709046109517415,11.976579093933106
471,-1.380559374701302,-1.4457972004728497,-1.4457972004728497,1.3880387038554785,0.047,0.0010006340145889037,0.008954747342768143,0.09364131402294591,10.117648943415228,0.036631601055463155,-1.2796558310588202,-1.2796558310588202,1.3162874321142832,0.001000404410297051,0.0063982788124121726,0.05922357986370722,11.853088537851969,11.40951582590739,11.14627882639567,11.40951582590739,12.254928461710612,12.914434464772542,12.782533264160158
472,-1.4238758829404723,-1.4887109927411348,-1.4887109927411348,1.3765416426478692,0.0471,0.0010006027384046113,0.007798113438458937,0.0802626749324911,9.448828778176937,0.0030567367871602376,-1.2842877487341562,-1.2842877487341562,1.2873444855213165,0.0010006139578763395,0.008320485288277269,0.08174943666284283,12.39571107228597,11.962659200032553,11.934933789571126,11.962659200032553,13.993309847513835,14.976318740844727,14.779716962178549
473,-1.3886685551337477,-1.4477675208505594,-1.4477675208505594,1.2520966035015177,0.0472,0.0010007716416609736,0.008755586435139741,0.07856879639878588,10.253139378889552,0.047543413440386456,-1.2967961331208546,-1.2967961331208546,1.344339546561241,0.0010009815935821582,0.010578167120305201,0.11175377052277327,13.25814889272054,12.331840070088704,11.837622292836507,12.331840070088704,13.898630714416504,15.198457336425781,14.938492012023925
474,-1.3650886405189082,-1.4271847976828522,-1.4271847976828522,1.3128151848631084,0.0473,0.0010009422142691208,0.009572314449919845,0.0965723933757476,10.402509275472388,-0.04825720886389415,-1.3765038440624873,-1.3765038440624873,1.3282466361920038,0.001000593484301741,0.008474499398532013,0.09291568739960591,11.811965243021648,10.675693384806316,10.092929776509603,10.675693384806316,12.113725153605143,11.86455618540446,11.914389979044596
475,-1.4020573125695281,-1.4648636107174855,-1.4648636107174855,1.3250273061248492,0.0474,0.0010006142525388947,0.008900877088308334,0.09561894514228937,9.879542152836638,-0.08266584575176239,-1.380387830734253,-1.380387830734253,1.2977219849824906,0.0010009294181751707,0.009542895046373208,0.08977943398058415,11.87602596282959,11.125671577453613,10.462639013926188,11.125671577453613,12.578255971272787,13.162600962320964,13.04573196411133
476,-1.4001678768193946,-1.4621440959426593,-1.4621440959426593,1.3047626535847503,0.0475,0.0010008623138210685,0.008698223439871141,0.08946507255423744,9.921082541627705,0.10360241035620371,-1.3358796854813895,-1.3358796854813895,1.4394820948441824,0.0010006117537462464,0.007790339140531917,0.08036409206688404,11.506855583190918,10.88350741068522,10.218292427062988,10.88350741068522,11.378281911214193,11.724376328786214,11.655157445271811
477,-1.3686673933604978,-1.4336968964000918,-1.4336968964000918,1.3661660450809407,0.0476,0.0010008471710431688,0.00872263243808499,0.08055533985343744,10.324681129095689,0.09276815354824067,-1.248763128121694,-1.248763128121694,1.3415312816699345,0.0010011349921114742,0.011206690641120075,0.09749089696755012,13.465065256754558,12.758899370829264,12.987076759338379,12.758899370829264,14.598266156514486,16.681521797180174,16.264870669047035
478,-1.4018497512025654,-1.46428851811391,-1.46428851811391,1.3089889771533463,0.0477,0.001000730977569408,0.008694206592890451,0.08941328912129942,9.833727683661118,0.09974034130573273,-1.3255604694286982,-1.3255604694286982,1.425300810734431,0.0010005980380810796,0.009406496413672964,0.09647650131955743,12.386764399210612,11.536006736755372,11.384955215454102,11.536006736755372,14.14687245686849,14.12060489654541,14.125858408610029
479,-1.3780304362189095,-1.443018841293623,-1.443018841293623,1.3595900198198714,0.0478,0.0010008138938332504,0.009069214539848408,0.08693955308002121,10.101737841120306,-0.03189692000548045,-1.299135011434555,-1.299135011434555,1.2672380914290746,0.0010010877740569413,0.009714922759061058,0.09301013567795356,12.121207936604817,11.653563245137532,11.308769861857096,11.653563245137532,12.4597318649292,15.58741111755371,14.961875267028809
480,-1.3615437408663191,-1.4272687075273045,-1.4272687075273045,1.3721287171795684,0.0479,0.001000885142206724,0.008724007597368843,0.07595905489376131,10.193556758592713,0.1133379836877187,-1.3502176821231842,-1.3502176821231842,1.463555665810903,0.0010011307739963135,0.010482368773470323,0.0973483933446308,12.420569864908854,11.667266782124837,11.378063933054607,11.667266782124837,14.599113210042317,11.718362553914387,12.294512685139974
481,-1.3548571321199525,-1.4177974395032198,-1.4177974395032198,1.3112563355913702,0.048,0.0010008404189545028,0.010030979079739103,0.09928313235066971,10.542232819323269,-0.007025424639383952,-1.3601343174775442,-1.3601343174775442,1.3531088928381603,0.0010010158837152024,0.01148494288014869,0.11506057344377041,11.738951873779296,11.030456670125325,11.374744860331218,11.030456670125325,13.273898315429687,15.734272321065268,15.242197519938152
482,-1.3636892786565817,-1.4325108190752425,-1.4325108190752425,1.4308013848538668,0.0481,0.0010007777128298327,0.009197565270060638,0.08964641068903904,10.207259007219998,0.37039494315783184,-1.2947473992904028,-1.2947473992904028,1.6651423434416452,0.0010009786133499195,0.012432531950374444,0.13394585518787305,13.966547266642253,13.178028806050618,12.853895823160807,13.178028806050618,15.462709172566731,13.620760409037272,13.989150161743165
483,-1.3592157555076312,-1.4278874622201019,-1.4278874622201019,1.4247240930233362,0.0482,0.001000752999833873,0.009566335139339263,0.0936348436505727,10.468167862802181,0.016528727610905965,-1.3930447379748025,-1.3930447379748025,1.4095734655857086,0.001000664196908474,0.009828385664150119,0.1038442788956066,11.42377789815267,10.612354882558186,10.589012908935548,10.612354882558186,12.674963315327963,12.401909828186035,12.45652052561442
484,-1.3932374490881867,-1.4606901407241821,-1.4606901407241821,1.396535982500832,0.0483,0.0010006251560418674,0.00874692015349865,0.09243203362203994,9.926825775290435,0.05618318518002828,-1.3276296128829321,-1.3276296128829321,1.3838127980629602,0.0010006157390307635,0.01136252146679908,0.11998852627972761,12.852510007222493,11.615872764587403,11.406842676798503,11.615872764587403,13.549271583557129,12.463534037272135,12.680681546529133
485,-1.4095131091351778,-1.471029650490239,-1.471029650490239,1.271003097858069,0.0484,0.001000655492117523,0.008795609811918353,0.09548551610337114,9.874793313584238,0.1366100490093231,-1.2325755228598914,-1.2325755228598914,1.3691855728626252,0.0010004485142417253,0.009433047535518805,0.09835257449497779,12.901781717936197,12.535854848225911,11.990537707010905,12.535854848225911,13.210699780782063,12.092672729492188,12.316278139750164
486,-1.3826871593043488,-1.4460401625003454,-1.4460401625003454,1.3062475829754236,0.0485,0.0010005748316751055,0.008748809745500111,0.0923373717111799,10.061394844415053,-0.036977162957191466,-1.4067810336748758,-1.4067810336748758,1.3698038707176845,0.0010006074036937207,0.009286427156378825,0.10287033164252837,11.6388765335083,10.378194681803386,9.97933152516683,10.378194681803386,11.333431053161622,12.474436410268147,12.246235338846843
487,-1.370174691362201,-1.4336134330281671,-1.4336134330281671,1.3053238504337814,0.0486,0.0010008109944327822,0.009126348166181793,0.09617948503989093,10.326569125337421,0.13769318163394928,-1.3393804222345351,-1.3393804222345351,1.4770736038684844,0.001001369528239593,0.011828839538308482,0.11949310426910718,12.883493041992187,11.880796877543132,11.052851994832357,11.880796877543132,12.786459032694498,13.004716936747233,12.961065355936686
488,-1.3530435089795094,-1.4180438406062577,-1.4180438406062577,1.3347091337419905,0.0487,0.0010008154819139614,0.00999174366336105,0.11733640094270122,10.698535118462905,0.35621588230133056,-1.1013002052903176,-1.1013002052903176,1.4575160880883535,0.0010005869475814204,0.009977154449249308,0.11049192007631063,15.597353108723958,14.01574764251709,13.082573254903158,14.01574764251709,16.083124542236327,12.403528022766114,13.139447326660157
489,-1.4121230615759797,-1.4747482493238628,-1.4747482493238628,1.2833030741169769,0.0488,0.0010005535628154593,0.008465086153866548,0.09411742411694436,9.843932322736057,0.13555221656958263,-1.2936763405799865,-1.2936763405799865,1.429228557149569,0.001000539498636499,0.010311635280959307,0.12866085730493068,12.518554941813152,11.825129795074464,11.638947614034016,11.825129795074464,13.382864316304525,13.19486083984375,13.232461535135906
490,-1.4070380296347276,-1.4699636742753803,-1.4699636742753803,1.2868229938003253,0.0489,0.001000686476165253,0.00910037172571668,0.10444721509263201,9.829001255755154,-0.00011135339736938477,-1.3443816204865773,-1.3443816204865773,1.344270267089208,0.0010005960260362674,0.009419812556977073,0.11130809200306734,12.396796544392904,11.549306392669678,10.875579897562663,11.549306392669678,13.208521143595378,11.364263852437338,11.733115310668946
491,-1.346485250401047,-1.4117075407280113,-1.4117075407280113,1.3310670459045555,0.049,0.0010007492393993263,0.0094053609085814,0.09032637538072073,10.538645285480428,0.23182012736797333,-1.1138384262720744,-1.1138384262720744,1.3456585536400476,0.001000554603524506,0.009579494354935984,0.10721504520624876,14.026250457763672,13.26000690460205,13.216382916768392,13.26000690460205,16.29475517272949,13.286344909667969,13.888026962280275
492,-1.3690785417016946,-1.4323254913653967,-1.4323254913653967,1.2881251562316463,0.0491,0.0010006886660912126,0.009298381650433788,0.08868108992025538,10.302935744231602,0.08239732384681701,-1.3594379643599193,-1.3594379643599193,1.4418352882067362,0.0010008469689637423,0.01076704307148854,0.10593505178888639,12.108044370015461,11.435137685139974,11.309154574076334,11.435137685139974,13.49521598815918,12.434648195902506,12.646761754353841
493,-1.3956782727871302,-1.4615544125718891,-1.4615544125718891,1.3389459983357843,0.0492,0.001000665984872096,0.009001253102466746,0.0988846026571854,10.014611757026529,-0.03134456773598989,-1.4120020290215811,-1.4120020290215811,1.380657461285591,0.0010005395025170097,0.008326799127583702,0.09099858785048127,11.851376597086588,10.516193199157716,9.740840339660645,10.516193199157716,11.120872624715169,11.787200546264648,11.653934961954754
494,-1.3775161662191715,-1.4427686862225801,-1.4427686862225801,1.323580488843738,0.0493,0.0010006569989271603,0.00904668550411204,0.08712516419308365,10.02769111237436,0.10226809581120809,-1.2825034270683924,-1.2825034270683924,1.3847715228796005,0.0010004988871514797,0.009468633844517172,0.08693497845282157,12.147789001464844,11.87713623046875,11.533784612019856,11.87713623046875,15.23627815246582,13.59183177947998,13.920721054077148
495,-1.4056553008421413,-1.4707829794793759,-1.4707829794793759,1.3183739736395061,0.0494,0.0010006535196465985,0.008346509258702116,0.08636376989197056,9.590472140402165,0.0313075065612793,-1.3400144457817078,-1.3400144457817078,1.3713219523429871,0.001000732354198893,0.010475466889329255,0.09851452478518088,11.927587954203288,11.599093882242839,11.212200101216634,11.599093882242839,14.33113956451416,13.966141637166341,14.039141222635907
496,-1.4045061277893354,-1.464913786582227,-1.464913786582227,1.220356727546116,0.0495,0.0010006438989086815,0.007886211668967077,0.07298600441723499,9.841372157042882,-0.18002678056557972,-1.4585104445616404,-1.4585104445616404,1.2784836639960606,0.0010008726676460356,0.010102924021581808,0.1238553270076712,11.401330629984537,9.901843738555907,9.482925955454508,9.901843738555907,12.313533687591553,12.12905413309733,12.165950043996176
497,-1.4193461098760929,-1.4828677762229487,-1.4828677762229487,1.280678778324487,0.0496,0.0010008191610774342,0.008590959539672113,0.08253174450881076,9.651850448464447,0.14721886813640594,-1.3434831668933234,-1.3434831668933234,1.4907020350297293,0.0010005437516762564,0.008880879838640492,0.09572716311862071,11.769083531697591,11.214003880818685,11.272939809163411,11.214003880818685,13.531348292032877,12.131999524434407,12.411869277954104
498,-1.4006626291095086,-1.4663498334164888,-1.4663498334164888,1.321674200723756,0.0497,0.0010005917250758634,0.00884918414741614,0.09825385593861904,9.9415748524216,-0.10086676577727,-1.3702580769856771,-1.3702580769856771,1.269391311208407,0.0010005372751038522,0.008846432133577765,0.11369454779972633,11.932981872558594,10.72066427866618,10.476883284250896,10.72066427866618,12.235142008463542,13.573741086324056,13.306021270751954
499,-1.3506331938617635,-1.4135069790876136,-1.4135069790876136,1.2625258002641067,0.0498,0.0010007621900547507,0.009070941119648094,0.09162611549474159,10.466931927878901,0.1386622468630473,-1.2904997090498607,-1.2904997090498607,1.4291619559129078,0.0010006506306429704,0.01022000628678749,0.11401713788509368,12.871253776550294,12.479369099934896,12.503390693664551,12.479369099934896,15.58749402364095,17.27716375986735,16.93922981262207
500,-1.3818269630648055,-1.4444293615952977,-1.4444293615952977,1.2545570011408824,0.0499,0.00100067099292745,0.008759673904486984,0.09470121105605701,9.994875664980906,0.06754555602868398,-1.375702961285909,-1.375702961285909,1.443248517314593,0.0010007454625641306,0.008227047401790817,0.07937111631035805,12.015371004740397,11.198632621765137,10.488911628723145,11.198632621765137,12.588689231872559,11.782440249125163,11.943690045674643
501,-1.3782560150578338,-1.444931889480015,-1.444931889480015,1.333517481695931,0.05,0.001000680110663316,0.008865146607793164,0.09423012890905705,9.946089375693843,0.037948655088742574,-1.4251685798168183,-1.4251685798168183,1.4631172349055608,0.0010005235827217499,0.008432561601512133,0.08073989000792305,11.381600697835287,10.666712697347005,10.281836287180584,10.666712697347005,12.807174746195475,11.639255936940511,11.872839698791504
502,-1.3793795985995598,-1.4452542471435834,-1.4452542471435834,1.3148633320376557,0.0501,0.0010006239040280288,0.008670006764455224,0.0856700847803984,10.08648638455373,-0.017644357681274415,-1.388672794898351,-1.388672794898351,1.3710284372170767,0.0010005189571529627,0.010600978516352673,0.11331378774096569,11.834568468729655,11.361658827463787,10.822862815856933,11.361658827463787,14.632381502787272,11.909983889261882,12.454463411966962
503,-1.3649084826685347,-1.4306620224466864,-1.4306620224466864,1.3098315045518696,0.0502,0.0010006742591460078,0.009444362378485923,0.0961409245951558,10.415921904006094,-0.03372589846452077,-1.3967239081859588,-1.3967239081859588,1.362998009721438,0.0010006260029816378,0.008030734645823637,0.07179788677021862,11.29640464782715,10.317982037862143,10.162124633789062,10.317982037862143,12.916154225667318,12.049134190877279,12.222538197835288
504,-1.3957437771671224,-1.4581598898149886,-1.4581598898149886,1.2408771121277,0.0503,0.0010006938608503849,0.008751063326479128,0.08851900872475696,10.033933333630833,-0.06882443924744924,-1.3989173452059427,-1.3989173452059427,1.3300929059584936,0.0010008082919133207,0.01103314944387724,0.11990700904279947,11.521920967102051,10.72025826772054,10.29586836496989,10.72025826772054,11.559067916870116,12.496259625752767,12.308821283976238
505,-1.3810898110551655,-1.4454381083542447,-1.4454381083542447,1.276752015329757,0.0504,0.0010006888132577515,0.009107598947044814,0.09856192272086188,10.012792758221897,-0.009284234046936036,-1.297161054611206,-1.297161054611206,1.28787682056427,0.0010004942150165638,0.009958600508980453,0.10467101416240136,13.002543449401855,12.395881589253744,11.93627478281657,12.395881589253744,14.437525177001953,10.6583558400472,11.414189707438151
506,-1.3561239478723057,-1.42241137769987,-1.42241137769987,1.3126222288833473,0.0505,0.0010005951670156617,0.009296439974656645,0.09109398430951361,10.361637259429356,0.11854753295580546,-1.294146904349327,-1.294146904349327,1.4126944373051324,0.001000485677892963,0.008368114824406803,0.07537851330513755,12.659231185913086,11.7631898244222,11.252788416544597,11.7631898244222,14.074964459737142,12.133858235677083,12.522079480489095
507,-1.400151232503495,-1.4680438963872082,-1.4680438963872082,1.3417523953149904,0.0506,0.0010005676666415245,0.008582868630874832,0.09064366805525322,9.919671283577973,0.2147957851489385,-1.2548437198003133,-1.2548437198003133,1.4696395049492519,0.0010004163292857509,0.007856516151999433,0.08103188204889496,12.58964786529541,12.370453707377116,11.426979064941406,12.370453707377116,15.52732982635498,13.576844724019368,13.966941744486492
508,-1.3874329216075394,-1.4579988920463707,-1.4579988920463707,1.3918336427436684,0.0507,0.0010005172500211113,0.008337782195083937,0.088745339017994,9.939145547039104,-0.10047848125298818,-1.4614473779996235,-1.4614473779996235,1.3609688967466353,0.0010003579586433868,0.00750795075049003,0.07856519821410378,11.194099680582683,9.94288085301717,9.11931069691976,9.94288085301717,11.052810541788737,11.522169876098634,11.428298009236654
509,-1.4081912715480012,-1.4733714967403773,-1.4733714967403773,1.2830752381738626,0.0508,0.0010005890123792134,0.008550145021938491,0.09099095212822815,9.912075636521825,-0.17276980181535084,-1.3906858662764232,-1.3906858662764232,1.2179160644610723,0.0010007357554665457,0.010281492653302849,0.09613351219644149,11.660099983215332,10.975882466634115,11.27112668355306,10.975882466634115,12.068307558695475,12.906422583262126,12.738799578348797
510,-1.3826885178404034,-1.4480436612974923,-1.4480436612974923,1.2839911152731698,0.0509,0.0010005292979086626,0.00884152029834266,0.08846342419537734,9.989282248155126,0.07956301470597585,-1.3407132118940353,-1.3407132118940353,1.4202762266000113,0.0010004514129832386,0.009164875637119015,0.10777201866731048,12.743413543701172,11.673764991760255,11.154959615071615,11.673764991760255,14.428255144755045,10.875167751312256,11.585785230000814
511,-1.3598405954972752,-1.428299240346225,-1.428299240346225,1.342326263211808,0.051,0.001000684389475522,0.009736036143775256,0.10236214168088616,10.55624593878692,0.15334822634855907,-1.3394397934277853,-1.3394397934277853,1.4927880197763443,0.0010004428777998934,0.007561470568180084,0.07511653878415624,11.39601395924886,10.638547388712565,10.71064863204956,10.638547388712565,12.372355397542318,11.991675885518392,12.067811787923176
512,-1.3686213583316442,-1.4353494126841706,-1.4353494126841706,1.3058329179601849,0.0511,0.001000713124291374,0.009297067949653796,0.10307888637455005,10.236228672963268,-0.11626741190751394,-1.3916572640339533,-1.3916572640339533,1.2753898521264395,0.0010005933057982475,0.008547770138829947,0.08937537859504421,11.079058933258057,10.098633066813152,10.36576738357544,10.098633066813152,12.272199598948161,12.573492940266927,12.513234272003174
513,-1.365651176223215,-1.4309440913065425,-1.4309440913065425,1.2752523107348748,0.0512,0.0010007348675983695,0.009117946573445257,0.09332870509264604,10.380397850612425,-0.05923980474472046,-1.432327155272166,-1.432327155272166,1.3730873505274455,0.0010007989883888512,0.010131985104332367,0.10296488817160328,11.189506721496581,10.320735836029053,9.864181518554688,10.320735836029053,11.727909596761068,11.645388666788737,11.661892852783202
514,-1.395601234346066,-1.4618260972904709,-1.4618260972904709,1.2909330635700587,0.0513,0.0010006527991895124,0.008797806511931825,0.0962026596491067,9.788557997289693,-0.02299263377984365,-1.457230089108149,-1.457230089108149,1.4342374553283055,0.00100061321281828,0.008888035294755051,0.10633747543518741,10.768862628936768,10.166448783874511,9.835170046488445,10.166448783874511,11.968975734710693,12.84409236907959,12.669069042205813
515,-1.3925430909642633,-1.4611749896463357,-1.4611749896463357,1.3352508657383468,0.0514,0.0010006429522104983,0.008959501920232796,0.10125290335349317,9.96652581556788,-0.12097966969013214,-1.4037274102369943,-1.4037274102369943,1.2827477405468624,0.0010006988886743784,0.008856525000495215,0.1007874736872812,11.379472700754802,10.387424023946126,10.07050724029541,10.387424023946126,11.980950546264648,13.248547172546386,12.99502784729004
516,-1.407686489932942,-1.4718871701438472,-1.4718871701438472,1.2466152242894442,0.0515,0.001000781372224666,0.008101256942060197,0.08157552894696875,9.536236025252432,0.0005848526954650879,-1.344110647837321,-1.344110647837321,1.344695500532786,0.0010009247363389781,0.009546702750958503,0.1107177259400487,11.947926680246988,11.098812675476074,10.601321029663087,11.098812675476074,13.476909510294597,13.332518704732259,13.361396865844727
517,-1.4064875290078938,-1.4749219507541296,-1.4749219507541296,1.326248547940884,0.0516,0.0010008316175168697,0.008442711208085969,0.09477744539672474,9.836719324003976,-0.06386588414510092,-1.3568440814812979,-1.3568440814812979,1.292978197336197,0.0010008220308615515,0.00972849417788287,0.1041421730381747,11.891816266377766,10.77295970916748,10.74218095143636,10.77295970916748,13.326740264892578,12.232086372375488,12.451017150878906
518,-1.368552381137632,-1.4348332926912128,-1.4348332926912128,1.2820293655935324,0.0517,0.0010007564725248881,0.009286560539929371,0.09272141469958818,10.23634079267394,-0.01684803267319997,-1.357683042685191,-1.357683042685191,1.3408350100119908,0.001000757080813249,0.010689393477514386,0.12079635250071684,12.849317105611165,12.070464579264323,11.333816146850586,12.070464579264323,13.675534184773763,11.5096817334493,11.942852223714192
519,-1.4006627044587765,-1.4678112245955557,-1.4678112245955557,1.2963036265013352,0.0518,0.0010006023518178823,0.00834117264855864,0.08308496537073604,9.737858871244034,0.04858268598715464,-1.3250007579723995,-1.3250007579723995,1.373583443959554,0.0010006679513026029,0.010447535982045035,0.1139120452105999,12.88221975962321,11.529183133443196,11.316102536519368,11.529183133443196,13.463855234781901,15.304936027526855,14.936719868977866
520,-1.4267418497013595,-1.4947038011730842,-1.4947038011730842,1.3094788058748785,0.0519,0.0010006415047067797,0.007846416294891035,0.08587299252174935,9.435283552925542,0.2645194411277771,-1.2059151490529378,-1.2059151490529378,1.470434590180715,0.0010005461401306093,0.007973322571100045,0.09353206530213357,12.7798002243042,12.229081344604491,12.031265958150227,12.229081344604491,16.34443613688151,14.286511166890461,14.698096160888673
521,-1.3683004053133838,-1.4366715629145783,-1.4366715629145783,1.3148300321596973,0.052,0.0010006429522104983,0.00976862810235822,0.11549133174824265,10.324731727816024,0.030113804340362548,-1.3388547986745833,-1.3388547986745833,1.368968603014946,0.0010005835230307034,0.009470168454572558,0.10247327679147324,12.140059153238932,11.562696838378907,11.179596773783366,11.562696838378907,14.832575352986654,12.679146321614583,13.109832127889
522,-1.3724698424339294,-1.437351813856161,-1.437351813856161,1.2453353078860157,0.0521,0.001000577351078391,0.009495048212625508,0.10982099372260976,10.390488903477507,-0.09966347316900889,-1.3786161760489146,-1.3786161760489146,1.2789527028799057,0.0010005939480227728,0.00964955495049556,0.08988870180522403,11.766638819376627,10.96235408782959,10.841146341959636,10.96235408782959,11.484472147623698,13.735523827870686,13.28531349182129
523,-1.3882876207243722,-1.4513991846228547,-1.4513991846228547,1.2090337332689538,0.0522,0.0010005927157043567,0.009414157259084706,0.10591569237129868,10.064902593504709,-0.19356599549452463,-1.3824100951353708,-1.3824100951353708,1.1888440996408463,0.001000685242858405,0.009146964674194654,0.10984784970059991,11.957244046529134,10.99249235788981,10.25634380976359,10.99249235788981,14.060352261861166,11.622184499104817,12.109818051656088
524,-1.393127200738439,-1.4577892051552825,-1.4577892051552825,1.2363671964069582,0.0523,0.0010006782348390738,0.008213215393348123,0.08868418985380316,9.99155121029548,-0.11802792251110077,-1.3987996657689412,-1.3987996657689412,1.2807717432578405,0.0010008541382073115,0.009119013510644435,0.08421602984890342,11.982940292358398,10.661840597788492,10.058926137288411,10.661840597788492,12.216052373250326,11.872415892283122,11.941143188476564
525,-1.3961349410830803,-1.4628481909913837,-1.4628481909913837,1.27315361544771,0.0524,0.001000802713569324,0.008718845566277797,0.08981670242435527,9.951092288179218,-0.028968658049901327,-1.275919884443283,-1.275919884443283,1.2469512263933817,0.0010006534129691621,0.0101206996710971,0.11418009170641502,12.700806617736816,12.542447090148926,12.461058870951335,12.542447090148926,14.126546859741211,16.540198453267415,16.057468134562175
526,-1.413551078652436,-1.4776397358696416,-1.4776397358696416,1.2207363146655965,0.0525,0.0010006683571088426,0.007897674176349954,0.08437244548409614,9.472251802120569,-0.1226642648379008,-1.3897026399771373,-1.3897026399771373,1.2670383751392365,0.0010010445180038611,0.00970279921311885,0.09537181705236435,11.730029996236166,11.021976375579834,10.846173826853434,11.021976375579834,12.688911628723144,12.469573465983073,12.51344109853109
527,-1.4287817658118482,-1.4927052214460552,-1.4927052214460552,1.2152748276602547,0.0526,0.00100085557271498,0.007820599286307423,0.0794499009707064,9.579120348084647,-0.06926006674766541,-1.3821236650149027,-1.3821236650149027,1.3128635982672374,0.0010007439802090328,0.01036199153556178,0.11834459422777097,12.23681214650472,11.170034662882488,11.05644474029541,11.170034662882488,14.348666826883951,11.99049752553304,12.462131385803223
528,-1.4051243651588008,-1.4706031871291827,-1.4706031871291827,1.2424823461838488,0.0527,0.0010006950491652736,0.00844224905243741,0.082841273643217,9.659769840960232,-0.13347594837347668,-1.3696212659279505,-1.3696212659279505,1.2361453175544739,0.0010005134836925814,0.008938886124330263,0.07920393475020925,12.870523262023926,11.350281206766764,10.663214874267577,11.350281206766764,12.923285738627117,11.58957742055257,11.85631908416748
529,-1.394028348742791,-1.457487035472438,-1.457487035472438,1.2018690682807058,0.0528,0.0010006105953405768,0.008865476770431927,0.09188333178325644,9.993156712010222,0.03956638375918071,-1.3163308223088583,-1.3163308223088583,1.355897206068039,0.0010006426309701055,0.009721282419438164,0.10946119176223874,12.594881757100422,12.175304698944093,11.440161482493084,12.175304698944093,13.37657871246338,11.291135120391846,11.708223838806154
530,-1.3937982838108856,-1.4597520693293158,-1.4597520693293158,1.2467633452055589,0.0529,0.0010008022742662227,0.008103438257679061,0.08063364577180934,9.618527961227128,-0.03637197216351827,-1.2971338907877603,-1.2971338907877603,1.2607619186242423,0.00100050838276123,0.008137354161590338,0.09064136290301879,12.926507314046225,11.906959470113119,10.9335755666097,11.906959470113119,13.788518460591634,13.35257453918457,13.439763323465982
531,-1.3662168034967386,-1.4299143530287832,-1.4299143530287832,1.2018404209388878,0.053,0.0010008456203032215,0.009054104323094746,0.09308127201390716,10.291758339360076,0.22033070822556813,-1.1810591250658036,-1.1810591250658036,1.4013898332913717,0.0010006591968704016,0.009508243948221206,0.09914460135623812,13.718361727396648,13.605548159281414,13.267748641967774,13.605548159281414,16.633716456095378,13.67220942179362,14.264510828653972
532,-1.361481615957224,-1.43111219271174,-1.43111219271174,1.3113102058194719,0.0531,0.001000813779614444,0.009472182196266245,0.09217827039647777,10.317512836096421,-0.11242326597372691,-1.399713683128357,-1.399713683128357,1.28729041715463,0.0010008014214690775,0.011243058446173867,0.12390951998531818,12.071338971455893,10.626358795166016,10.546621958414713,10.626358795166016,12.25097204844157,12.797070121765136,12.687850507100425
533,-1.3774406156449948,-1.445144702803414,-1.445144702803414,1.2726332713972848,0.0532,0.0010005559284626594,0.0087853432105819,0.09301686427503261,10.072971209040228,-0.026065632700920105,-1.204425510764122,-1.204425510764122,1.1783598780632019,0.001000545744318515,0.008484212611801923,0.08864417467266321,13.048899269104004,12.815598297119141,12.181271362304688,12.815598297119141,13.33365961710612,16.680765533447264,16.011344350179037
534,-1.3742103419213925,-1.437530589553545,-1.437530589553545,1.187997117357434,0.0533,0.0010006815845252208,0.008780512238307944,0.0939994235083742,10.078547486719096,-0.10673235257466634,-1.303318765759468,-1.303318765759468,1.1965864131848016,0.0010006055953757217,0.009350174898281693,0.0984532577296098,12.586188316345215,11.491365051269531,10.853191693623861,11.491365051269531,13.736184120178223,16.40088914235433,15.86794813791911
535,-1.3562996095081545,-1.421383059249734,-1.421383059249734,1.2187911958064672,0.0534,0.0010010132605631679,0.0094808858977455,0.08962270315244512,10.447555559986043,0.016156853238741557,-1.339611009756724,-1.339611009756724,1.3557678629954657,0.00100120009155944,0.011229536791021625,0.11842925089100996,12.17490946451823,11.561054611206055,11.508740107218424,11.561054611206055,13.258064969380696,13.497122955322265,13.44931135813395
536,-1.3828846531094245,-1.4499828298136872,-1.4499828298136872,1.2541714749246273,0.0535,0.0010006851275047323,0.008531907063750725,0.09041391411479914,9.911642263520438,-0.13380554815133414,-1.3270334939161936,-1.3270334939161936,1.1932279457648596,0.0010007061064243317,0.009409163620633383,0.09616385217135151,12.437872695922852,11.940125592549641,11.019018236796061,11.940125592549641,13.70379606882731,13.356369590759277,13.425854886372885
537,-1.334880657915799,-1.3999781721043136,-1.3999781721043136,1.2145059468611232,0.0536,0.0010009018686723034,0.01069644754225353,0.1130242664718403,10.79402696861411,-0.15521003802617392,-1.4043701847394308,-1.4043701847394308,1.249160146713257,0.001000759816573312,0.010989049760003885,0.11098633113627633,11.59409065246582,10.492526721954345,10.180177434285481,10.492526721954345,12.320218467712403,11.900718688964844,11.984618644714356
538,-1.404992843573948,-1.4679667769737963,-1.4679667769737963,1.172698921752426,0.0537,0.0010006130049180872,0.008403464238036354,0.08705579320777138,9.603109521685907,-0.19110369781653086,-1.2935973634322484,-1.2935973634322484,1.1024936656157176,0.0010008076981951792,0.009772049201031526,0.09263981878757477,12.510775311787922,11.388149197896322,11.695354334513347,11.388149197896322,13.490195274353027,14.796521441141765,14.535256207784018
539,-1.38683812010963,-1.4508254078199279,-1.4508254078199279,1.189354714357628,0.0538,0.0010006850638057826,0.008844828259481012,0.09549539961483118,10.012793100105142,-0.0968186358610789,-1.3385154843330382,-1.3385154843330382,1.2416968484719595,0.0010005222943921884,0.007744235277641565,0.08693792584041754,11.672907384236654,11.125421841939291,10.25272159576416,11.125421841939291,11.994565963745117,11.556208992004395,11.64388038635254
540,-1.3714234716487381,-1.437178224887488,-1.437178224887488,1.2199397660651297,0.0539,0.0010006995102882666,0.00863797590136528,0.0937173251976382,10.11163655766901,-0.09409607847531637,-1.2828352977832158,-1.2828352977832158,1.1887392193078994,0.0010007536950676391,0.010876066276493172,0.12875705622136593,13.014383125305176,12.414696629842123,12.223313585917156,12.414696629842123,14.887651697794597,15.347658665974935,15.255657272338867
541,-1.3836129836316378,-1.44204965177572,-1.44204965177572,1.082160472869873,0.054,0.0010008214981699327,0.00939250151398328,0.10341703403249101,10.383755620920434,-0.074858025709788,-1.3158626904090245,-1.3158626904090245,1.2410046646992365,0.0010013064408364396,0.011333677902196844,0.1234070570829014,13.337436358133951,12.717756080627442,11.696207745869954,12.717756080627442,16.119534047444663,12.947543716430664,13.581941782633464
542,-1.3695095732526958,-1.429163525689323,-1.429163525689323,1.1026608224185008,0.0541,0.001000810025769444,0.009423090136205813,0.08393025644264131,10.499338464916876,-0.16787669758001963,-1.3800852318604788,-1.3800852318604788,1.2122085342804592,0.0010008775493285309,0.010665806693335373,0.11295964901025096,12.561609013875325,10.71036065419515,10.180519517262777,10.71036065419515,13.291570790608723,11.511262575785318,11.86732421875
543,-1.3998770983713977,-1.461979553384601,-1.461979553384601,1.1458017331249308,0.0542,0.0010006799261560136,0.009196774287254742,0.09721689228460474,10.175377818773377,-0.16474717557430268,-1.3344087719917297,-1.3344087719917297,1.169661596417427,0.0010006885800976305,0.010753998424236973,0.11728172786533833,13.196275583902995,11.709964815775553,11.431549008687337,11.709964815775553,15.041180038452149,14.19022305806478,14.360414454142253
544,-1.4306791435997441,-1.4908739440845993,-1.4908739440845993,1.108560120159725,0.0543,0.001000656919852602,0.007813536966184401,0.08130125230494535,9.446451079170659,-0.0762096474568049,-1.3421955287456513,-1.3421955287456513,1.2659858812888463,0.0010007844151308138,0.009864064096473158,0.1168616410344839,12.290914471944173,11.881151962280274,11.088442611694337,11.881151962280274,13.408354123433432,13.631450017293295,13.586830838521323
545,-1.3774653425756491,-1.4380272019584224,-1.4380272019584224,1.1132693875510737,0.0544,0.0010008099510879168,0.009470127575661777,0.10363546674543957,10.203323877082681,-0.05166051387786865,-1.4684164146582286,-1.4684164146582286,1.4167559007803598,0.001000546336096401,0.008600148869057496,0.0993348359130323,10.742323557535807,9.884980201721191,9.263174597422282,9.884980201721191,11.561123212178549,10.603787676493328,10.795254783630373
546,-1.4198557115950674,-1.4830223445622426,-1.4830223445622426,1.159020725286232,0.0545,0.001000560938714529,0.008091457003622123,0.08222946735485545,9.59733797469229,-0.07582255403200786,-1.3158915628989538,-1.3158915628989538,1.240069008866946,0.0010009267056981723,0.009369640393803518,0.09481159591426452,12.544921366373698,11.77742977142334,11.0699857711792,11.77742977142334,15.185641797383626,13.549500719706218,13.876728935241701
547,-1.3915566498378538,-1.4546528312395204,-1.4546528312395204,1.1556077678248566,0.0546,0.001000800240292864,0.008774549340091224,0.0923626571893692,10.001239794605183,-0.23437088231245676,-1.4251131812731426,-1.4251131812731426,1.1907422989606857,0.0010011232128211607,0.009245880274102091,0.09809958493957917,11.422591272989909,10.03854325612386,10.036532656351726,10.03854325612386,11.576426124572754,12.579954369862874,12.37924872080485
548,-1.414368505747813,-1.4795053882418938,-1.4795053882418938,1.1908022660129476,0.0547,0.0010009145315841965,0.008356832784934426,0.09633313484911649,9.701523870792029,0.09440553983052571,-1.2597648243109385,-1.2597648243109385,1.3541703631480535,0.0010007120571875324,0.010630741094549498,0.1273949752251307,12.638365872701009,12.119190152486166,12.084063911437989,12.119190152486166,14.726117706298828,15.310007921854655,15.193229878743491
549,-1.4024399878843776,-1.4692028828386992,-1.4692028828386992,1.2183011106725008,0.0548,0.0010005202482647772,0.008404683901594495,0.09568406574709236,9.624668427233425,0.05559917589028676,-1.309409769376119,-1.309409769376119,1.3650089452664058,0.0010006167906491707,0.008991725471181175,0.10277690726021925,12.744343948364257,11.710850397745768,11.35940933227539,11.710850397745768,14.06869379679362,12.979054578145345,13.196982421875001
550,-1.3687581914775777,-1.4347695697028682,-1.4347695697028682,1.2023932000376143,0.0549,0.0010006871395129358,0.008892999039435724,0.10109456027594377,10.253938180095744,-0.1333804984887441,-1.3144606550534566,-1.3144606550534566,1.1810801565647124,0.0010010572227959831,0.013882911174247663,0.14834556033213933,14.208874702453613,13.214014434814453,12.098676458994548,13.214014434814453,16.92127653757731,12.851308949788411,13.66530246734619
551,-1.382491595340225,-1.4479479092472005,-1.4479479092472005,1.1901148917540065,0.055,0.0010005870838385989,0.009453604762213972,0.10000886536150608,10.199164471536312,-0.0036781946818033855,-1.3439223269621532,-1.3439223269621532,1.3402441322803498,0.0010006964633551736,0.009762403500887255,0.10637493133544922,12.023914591471355,11.674410502115885,11.157673645019532,11.674410502115885,13.157032903035482,12.908456484476725,12.958171768188476
552,-1.4089599937762853,-1.4760876601597048,-1.4760876601597048,1.2182878626967377,0.0551,0.0010006232912002026,0.008491438822293619,0.08553114860265884,9.744551478691822,-0.22464048167069753,-1.3823070714871089,-1.3823070714871089,1.1576665898164114,0.0010007144475821406,0.010197587125003339,0.10127079663798214,11.964596366882324,11.019699478149414,10.851092847188314,11.019699478149414,13.265743446350097,13.275230852762858,13.273333371480305
553,-1.389301650929001,-1.4564713959424,-1.4564713959424,1.216843253036715,0.0552,0.0010006132575173705,0.008178907068762576,0.09190458474013041,9.842574227531001,0.06195153693358103,-1.3123557458321253,-1.3123557458321253,1.3743072827657064,0.0010005944738319765,0.009186325540455679,0.09601515457034111,12.563987859090169,11.341347694396973,11.862119738260905,11.341347694396973,14.42765115102132,13.772432708740235,13.903476397196453
554,-1.4020606706727226,-1.4667841510952644,-1.4667841510952644,1.1704064079050749,0.0553,0.001000586723610056,0.008847261243060513,0.10162369182930803,10.000773807741561,-0.08670410911242167,-1.3416508356730144,-1.3416508356730144,1.2549467265605927,0.0010006292955949902,0.008880287882251044,0.10404327971239885,12.205167007446288,11.247948710123698,10.707695325215658,11.247948710123698,12.97212397257487,12.734078788757325,12.781687825520835
555,-1.3917111090894014,-1.4544538799321876,-1.4544538799321876,1.1325410323322944,0.0554,0.0010007643338538848,0.009491963206597094,0.09934482252541578,10.17671327770881,-0.15014888246854147,-1.266418567299843,-1.266418567299843,1.1162696848313014,0.0010006562923081219,0.008325641128855447,0.09422753987212976,12.969422276814779,12.297951380411783,11.127332433064778,12.297951380411783,13.77946211496989,12.329082870483399,12.619158719380698
556,-1.3713058660615165,-1.436860793041733,-1.436860793041733,1.1811696673339267,0.0555,0.0010006224147905156,0.008765703778854519,0.08717491642905856,10.119665973591355,-0.0642230381568273,-1.2702652484178543,-1.2702652484178543,1.206042210261027,0.0010010349719474713,0.011467528785578907,0.13249415708705783,13.259935824076335,12.87574323018392,12.832817967732748,12.87574323018392,13.886100260416667,16.564493878682455,16.0288151550293
557,-1.3956726766982168,-1.4593888206301995,-1.4593888206301995,1.1459739185729116,0.0556,0.0010006774968098638,0.008533506004034349,0.09648651035748562,9.703496825020268,-0.12592333157857258,-1.2594392597675323,-1.2594392597675323,1.1335159281889597,0.001000686880433932,0.00995927262119949,0.10160898733884097,13.457284927368164,12.406421788533528,12.8761355082194,12.406421788533528,16.304601669311523,14.462208493550618,14.8306871287028
558,-1.3815050484999172,-1.4442076806752187,-1.4442076806752187,1.1257205571768418,0.0557,0.0010007760698362341,0.009099462579162616,0.09298414726442886,10.10088416765321,-0.13153899212678274,-1.357991299033165,-1.357991299033165,1.2264523069063822,0.0010008035150046149,0.0096961128913487,0.10194623684510588,12.238517125447592,11.475299390157064,10.661152585347493,11.475299390157064,13.29306894938151,13.613309796651205,13.549261627197266
559,-1.4130281502345823,-1.4744447987034637,-1.4744447987034637,1.1006568422857321,0.0558,0.0010005824206361794,0.008811846726907874,0.09851904793308591,9.807571357151247,-0.06041275064150493,-1.3136986844241618,-1.3136986844241618,1.2532859335343043,0.0010006059077568353,0.008209730467448632,0.08171470115582148,11.841475359598796,11.08964007695516,10.78684508005778,11.08964007695516,12.227562650044758,13.14373099009196,12.96049732208252
560,-1.394918682440272,-1.463516892127271,-1.463516892127271,1.2271591784819118,0.0559,0.0010006677882113265,0.008744037674985966,0.08609889131390823,10.035845774524617,-0.046514238913853964,-1.3615723331769307,-1.3615723331769307,1.3150580942630767,0.0010009993605005244,0.012202147316808501,0.1357188963641723,13.308905601501465,11.8144224802653,11.393483765920003,11.8144224802653,13.747241846720378,12.878830782572429,13.05251299540202
561,-1.408301128531402,-1.4774287534209918,-1.4774287534209918,1.2344218110138516,0.056,0.0010005177837743792,0.007976529706831811,0.08058562593640022,9.672454087239391,-0.0498674084742864,-1.270656410853068,-1.270656410853068,1.2207890023787817,0.0010007152896529684,0.008953606880580386,0.08443941455334425,12.989772923787434,12.64188658396403,12.260417048136393,12.64188658396403,16.176331520080566,12.42564779917399,13.175784543355306
562,-1.3703847268842302,-1.4333150701702766,-1.4333150701702766,1.121753122446672,0.0561,0.0010007769923727468,0.009604242305218611,0.10608611424576561,10.314785696425528,-0.27400849958260853,-1.4200743059317271,-1.4200743059317271,1.1460658053557078,0.001001071163530772,0.010709571659875412,0.10569623373448848,11.64614315032959,10.664686330159505,9.747741222381592,10.664686330159505,11.565797646840414,13.048049831390381,12.751599394480388
563,-1.385147697520706,-1.4528629712338716,-1.4528629712338716,1.204898086358916,0.0562,0.0010007191734950779,0.00841941615953198,0.08726212326085793,9.772533650668162,-0.12721623679002125,-1.2639530132214227,-1.2639530132214227,1.1367367764314016,0.0010006875478817772,0.011593118418628971,0.10626143856594959,12.935259755452474,12.431823921203613,13.126982498168946,12.431823921203613,14.601544507344563,17.35823497772217,16.80689688364665
564,-1.4025065539018162,-1.467955155192681,-1.467955155192681,1.162497509200618,0.0563,0.0010005688659389907,0.008641779211894522,0.08825270771839709,9.943446312310561,-0.21323882937431335,-1.327926555275917,-1.327926555275917,1.1146877259016037,0.0010005025697561601,0.009280475958560904,0.10983396482964357,12.748845545450846,11.626933415730795,11.332693036397298,11.626933415730795,14.127482032775879,13.385462379455566,13.53386631011963
565,-1.379860855498404,-1.441769244535914,-1.441769244535914,1.0976665391112275,0.0564,0.00100073133340492,0.009449675485913484,0.10167265479575913,10.227961693169936,-0.25931104918320974,-1.391229118903478,-1.391229118903478,1.1319180697202682,0.0010006422836643955,0.009314825828187167,0.09189012404531241,11.496958796183268,11.146283276875813,10.673231252034505,11.146283276875813,12.553330039978027,13.876263618469238,13.611676902770999
566,-1.3870361334872696,-1.4497586173831292,-1.4497586173831292,1.110132464822733,0.0565,0.0010006466818938279,0.009415294535739242,0.10705662037263501,10.128108024597168,-0.25797376533349353,-1.4193836768468222,-1.4193836768468222,1.1614099115133285,0.0010007473640143872,0.009985645076570411,0.11340593962619702,11.48623259862264,10.353247896830242,10.092904376983643,10.353247896830242,12.470801957448323,12.944239743550618,12.84955218633016
567,-1.4429923757067267,-1.5034536910506915,-1.5034536910506915,1.0682210674825705,0.0566,0.0010005278394223664,0.007844547257881682,0.08478969799460105,9.390249027396148,-0.2919216901063919,-1.4081841389338174,-1.4081841389338174,1.1162624488274255,0.0010005297934791693,0.007140025806923707,0.06695226446414987,11.45329475402832,10.230701923370361,10.059832827250164,10.230701923370361,12.376393127441407,11.920942052205403,12.012032267252604
568,-1.3663318382119232,-1.4275411569847252,-1.4275411569847252,1.0795295159771758,0.0567,0.001000743952386503,0.00963608468091994,0.09557573138824049,10.429862544221699,-0.04498339593410492,-1.3867006878058115,-1.3867006878058115,1.3417172918717066,0.0010008972351594517,0.011909307112606864,0.11375728057076534,12.121479797363282,11.207714207967122,10.68274211883545,11.207714207967122,13.578610515594482,12.63046760559082,12.820096187591552
569,-1.4066166337930932,-1.4673353208685822,-1.4673353208685822,1.0689908479744534,0.0568,0.0010006017587586957,0.008413868604825353,0.07396042578906384,9.797375166191244,-0.24467206497987112,-1.4026531557242075,-1.4026531557242075,1.1579810907443364,0.0010006465987923245,0.008088241269191106,0.0786222795334955,11.551489575703938,10.678512891133627,10.164061419169109,10.678512891133627,11.261356925964355,13.430436515808106,12.996620597839357
570,-1.4259880241358056,-1.4843201862191253,-1.4843201862191253,1.0251697807941798,0.0569,0.0010007394143854672,0.008329510803000545,0.08335631309112287,9.723627738232883,-0.10743203262488048,-1.3277060389518738,-1.3277060389518738,1.2202740063269932,0.0010005281947087497,0.008389365292775135,0.09621819943810503,12.585579427083333,11.946440060933432,11.344634278615315,11.946440060933432,13.313387711842855,13.703664080301921,13.62560880661011
571,-1.4074453700263545,-1.4693032390666458,-1.4693032390666458,1.0852258520306282,0.057,0.0010006557271446822,0.00876099079460749,0.09069556605844002,9.925765163493606,-0.08066945870717367,-1.2201596518357596,-1.2201596518357596,1.139490193128586,0.0010005640312253188,0.008577409759163856,0.09565384760499,13.030166498819987,12.122046724955242,12.156145032246908,12.122046724955242,13.25706081390381,13.48033135732015,13.435677248636882
572,-1.3750114575871881,-1.4353035407246284,-1.4353035407246284,1.0559034190087948,0.0571,0.001000661697273828,0.008948461837926,0.09582657296702547,10.245403604687384,-0.14807628194491068,-1.1823719203472138,-1.1823719203472138,1.034295638402303,0.0010004350857343524,0.007299497832233707,0.0790504780287544,13.230828603108725,12.51174087524414,12.172127787272135,12.51174087524414,16.39903144836426,15.715747706095378,15.852404454549156
573,-1.379542792743107,-1.440350056819196,-1.440350056819196,1.0630640421273574,0.0572,0.00100079814042404,0.008831157753208899,0.08338461872541679,10.171022523124263,-0.2834499359130859,-1.3759606142838796,-1.3759606142838796,1.0925106783707936,0.001000541764854764,0.008234185449934255,0.0930485569871962,12.344863573710123,10.929046853383381,10.281098047892252,10.929046853383381,13.635650253295898,12.673684215545654,12.866077423095703
574,-1.4044227285205193,-1.4667594927661824,-1.4667594927661824,1.087901718211624,0.0573,0.0010006561115348958,0.008816351173972746,0.09628822844264642,9.94661967259533,-0.2520695795615514,-1.4060350199540457,-1.4060350199540457,1.1539654403924942,0.0010006572275112072,0.009086088859476149,0.10499363951385021,11.063258997599284,10.73359235127767,10.189786052703857,10.73359235127767,12.351988474527994,13.243371963500977,13.065095265706383
575,-1.3746902065457038,-1.4350694845307548,-1.4350694845307548,1.0519038067673736,0.0574,0.0010007687730117227,0.009051475348829661,0.09986481632826463,10.024090263078797,-0.2818030873934428,-1.3580942610899607,-1.3580942610899607,1.076291173696518,0.0010005893534980714,0.00862798779271543,0.1164381269365549,12.04524097442627,11.391093444824218,10.70898380279541,11.391093444824218,13.244361877441406,15.742583020528157,15.242938791910808
576,-1.4202961809230301,-1.4785568399249382,-1.4785568399249382,1.0132288567300112,0.0575,0.0010007219894279569,0.008941441014373922,0.09912564842698146,9.958939228417739,-0.19710700909296672,-1.2783968488375346,-1.2783968488375346,1.0812898397445678,0.0010006535953531663,0.009957755745078126,0.11907113436609507,12.815377680460612,11.814648564656576,11.868626658121745,11.814648564656576,13.070230356852214,16.105978457132974,15.498828837076822
577,-1.4098910160784452,-1.4738772792636223,-1.4738772792636223,1.1108725385845832,0.0576,0.0010005792027409628,0.008418759199316209,0.08961983411660734,9.7454017783111,-0.2885096400976181,-1.3581307272116343,-1.3581307272116343,1.0696210871140162,0.0010006196176012357,0.00993960901008298,0.11820215936750174,12.420325533548992,11.136055374145508,10.092961184183757,11.136055374145508,11.648527590433757,13.756067848205566,13.334559796651204
578,-1.3793559029417217,-1.442308414657161,-1.442308414657161,1.0910314681395046,0.0577,0.0010006608691874822,0.008398420678205648,0.08356992077996146,9.78436014787206,-0.23262481093406678,-1.3613048533598582,-1.3613048533598582,1.1286800424257915,0.001000613843401273,0.00809952338070919,0.08338639012848338,11.777272733052571,10.734324836730957,10.43826182683309,10.734324836730957,12.524687894185384,12.64730135599772,12.622778663635255
579,-1.405211422803267,-1.4660238972250021,-1.4660238972250021,1.0521190964950706,0.0578,0.001000585379342566,0.007987068025922438,0.08246827006058872,9.605636758624383,-0.2656026934583982,-1.3236387436588606,-1.3236387436588606,1.0580360502004624,0.001000381928558151,0.006170698181570818,0.06414810667435328,11.386388270060221,10.626871299743652,10.183606274922688,10.626871299743652,12.982377052307129,12.512766393025716,12.606688524882
580,-1.4144021452597852,-1.478777343372129,-1.478777343372129,1.1118342111695487,0.0579,0.0010006676981541907,0.008038400268217302,0.07862771492240564,9.666830305783254,-0.33153516948223116,-1.3684601585070293,-1.3684601585070293,1.0369249880313873,0.0010007998013558488,0.0090231374061356,0.09401080934330822,11.557950019836426,10.753729184468588,10.014604091644287,10.753729184468588,12.894320678710937,12.938015365600586,12.929276428222657
581,-1.3281334908503406,-1.393863099925923,-1.393863099925923,1.1332692020344284,0.058,0.0010007096032770176,0.009837858809404215,0.09904654556006756,10.702820498988313,-0.25925193130970003,-1.3591891249020895,-1.3591891249020895,1.0999371935923894,0.0010005224767761925,0.00934476696420461,0.10207762386028965,12.16403414408366,11.042052141825359,10.888741652170816,11.042052141825359,12.99393850962321,13.789468383789062,13.630362408955893
582,-1.4088511242056794,-1.4729064028218108,-1.4729064028218108,1.1025005680210185,0.0581,0.001000590650979781,0.008564901546979288,0.09428705960371585,9.73674281138294,-0.28042899668216703,-1.378655497233073,-1.378655497233073,1.0982265005509058,0.0010003285540733486,0.00972504517994821,0.12598721981048583,11.742569224039714,10.780621242523193,10.532414944966634,10.780621242523193,12.648948351542154,12.904741541544597,12.853582903544108
583,-1.4134383449014627,-1.4751745372448328,-1.4751745372448328,1.0607592890847404,0.0582,0.0010005023268947625,0.008193945477031311,0.08123521176430415,9.598999626231643,-0.08875970542430878,-1.2728487104177475,-1.2728487104177475,1.1840890049934387,0.0010008837717274824,0.010568256458888451,0.12010022525986036,13.784472338358562,12.416435877482096,11.922071774800619,12.416435877482096,14.61808484395345,11.531735547383626,12.14900540669759
584,-1.398562880057209,-1.461280903726254,-1.461280903726254,1.0757807167071216,0.0583,0.0010007303932962834,0.008801442228327945,0.08824115513630633,9.79351650993779,-0.08671008249123892,-1.2767003109057744,-1.2767003109057744,1.1899902284145356,0.0010006083505383382,0.008618926838971674,0.08438315456733107,12.710608545939127,12.583322779337566,11.539515749613445,12.583322779337566,13.211487515767415,13.999162419637043,13.841627438863117
585,-1.3996677106281497,-1.4621930977083601,-1.4621930977083601,1.0706402007138953,0.0584,0.0010007349576555051,0.008212115114800772,0.07940164503623855,9.725423470982966,-0.11826240917046865,-1.28886033197244,-1.28886033197244,1.1705979228019714,0.0010006126307416708,0.009439744474366307,0.0939209682866931,13.051747385660807,12.088718287150066,11.718719228108723,12.088718287150066,13.978666877746582,15.46205857594808,15.165380236307781
586,-1.4269574003399543,-1.4879873788581703,-1.4879873788581703,1.043247545665165,0.0585,0.0010007699788987356,0.008095515369138908,0.07618716208018222,9.488690871112752,-0.07556996742884318,-1.3548340931534768,-1.3548340931534768,1.279264126221339,0.0010006287465027222,0.007192514759177963,0.079055907856673,11.3876708984375,10.437509282430012,10.48354647954305,10.437509282430012,13.29859561920166,14.066156673431397,13.912644462585451
587,-1.4109580573045983,-1.4761899912132408,-1.4761899912132408,1.1131728842573345,0.0586,0.0010007401150739137,0.008302414350492775,0.091547429421038,9.69299248029601,-0.3669920941193899,-1.4349884768327077,-1.4349884768327077,1.0679963827133179,0.0010007873681994776,0.009312622846725087,0.10645649892588456,11.074889691670736,10.234399700164795,10.032467555999755,10.234399700164795,11.812836043039958,11.244486427307129,11.358156350453696
588,-1.4139943235325363,-1.4783895982886261,-1.4783895982886261,1.0970234522279703,0.0587,0.0010007398756537234,0.0085155724916818,0.08691350497164817,9.698019729470307,-0.17325865427652995,-1.3129968444506328,-1.3129968444506328,1.1397381901741028,0.001000873565984269,0.009812379480960469,0.09300852455198765,12.980694007873534,11.687620925903321,11.481592750549316,11.687620925903321,12.64999262491862,12.894732793172201,12.845784759521486
589,-1.405530721511481,-1.4708655217908464,-1.4708655217908464,1.1111359146406066,0.0588,0.001000688371758135,0.008617755412211959,0.08868938058895885,9.764995961819055,-0.18747221032778422,-1.3982029885053635,-1.3982029885053635,1.2107307781775793,0.001000688118316854,0.008498600179639956,0.09884099426368873,11.279621569315593,10.538324546813964,10.528949642181397,10.538324546813964,12.48367093404134,11.621955140431721,11.794298299153645
590,-1.4481595529700226,-1.511802927503046,-1.511802927503046,1.0805327307503179,0.0589,0.0010007079427112949,0.007480356429334519,0.07700804308197408,9.160071813835287,-0.16098812321821848,-1.2885495831569036,-1.2885495831569036,1.1275614589452743,0.0010006854427047074,0.008816391470221181,0.10230123174066345,12.320448557535807,11.558291689554851,11.880858230590821,11.558291689554851,14.41378370920817,13.942411104838053,14.036685625712076
591,-1.3715906694250286,-1.4345362298893478,-1.4345362298893478,1.0668738956721324,0.059,0.0010008526908866359,0.009176645717882324,0.09660096536829786,10.307112028013986,-0.3127924919128418,-1.36692103544871,-1.36692103544871,1.0541285435358683,0.0010007948420631388,0.010484413406811655,0.11421723657598098,11.922842152913411,10.909902699788411,11.059773890177409,10.909902699788411,13.742264620463054,14.593733342488607,14.423439598083498
592,-1.4116345374089367,-1.4752260581502374,-1.4752260581502374,1.0759986324130364,0.0591,0.001000648847658117,0.008272501042569583,0.08722473670429778,9.72069617937196,-0.19174518088499706,-1.2631440048416456,-1.2631440048416456,1.0713988234599432,0.001000653337299203,0.01169994172329704,0.1314586831877629,13.909419822692872,12.841595458984376,12.092898686726889,12.841595458984376,15.40620886484782,16.71343561808268,16.45199026743571
593,-1.4108123734312237,-1.473305009446054,-1.473305009446054,1.0556189147931225,0.0592,0.001000576421952332,0.008728106207442734,0.08789003970769216,9.906985732744324,-0.2660513003667196,-1.349640832344691,-1.349640832344691,1.0835895319779714,0.0010006446954018125,0.011597247328609228,0.13723742744574943,12.930605443318685,11.165131568908691,10.668469556172688,11.165131568908691,13.371093368530273,12.747163232167562,12.871949259440104
594,-1.4057923510389507,-1.4701543169201545,-1.4701543169201545,1.0853619046930998,0.0593,0.001000629133931449,0.008503454693434935,0.08828112658745838,9.675182405507789,-0.2808803637822469,-1.2866222004095713,-1.2866222004095713,1.0057418366273245,0.001000417706867059,0.007787183866215249,0.07984219205876192,12.561876932779947,11.60771074295044,11.380847867329916,11.60771074295044,14.358117039998373,17.993304443359374,17.266266962687176
595,-1.3900575547848109,-1.4513257292081725,-1.4513257292081725,1.0314507484436035,0.0594,0.0010005429975758747,0.009760088603592143,0.10998530271199514,10.37043629052504,-0.30306100646654766,-1.412481537461281,-1.412481537461281,1.1094205309947331,0.0010005487536545842,0.008265679220979412,0.10302805559088786,10.905422465006511,10.424214680989584,10.168801911671956,10.424214680989584,12.368030802408855,12.243766371409098,12.26861925760905
596,-1.4251774144622515,-1.4852364648063228,-1.4852364648063228,1.0093957821153245,0.0595,0.001000567943402478,0.008102216617256965,0.08340229308408387,9.544639740350112,-0.3270690490802129,-1.3591813464959464,-1.3591813464959464,1.0321122974157333,0.0010004634910728782,0.007502991954485575,0.07934820217390855,12.039561653137207,10.55708179473877,10.441862678527832,10.55708179473877,13.493881988525391,11.661225954691568,12.027757161458334
597,-1.3670969133107167,-1.428288905125744,-1.428288905125744,1.0267113975758821,0.0596,0.0010007794832213308,0.009229835386405576,0.09596824291039188,10.275377147602585,-0.32110635737578075,-1.3356546839078267,-1.3356546839078267,1.014548326532046,0.001000608936495458,0.008105506910942495,0.08307381675889094,11.847704378763835,10.893746821085612,10.486722151438395,10.893746821085612,12.381831932067872,13.881167856852214,13.581300671895345
598,-1.395900899509214,-1.4576272492138844,-1.4576272492138844,1.0339422602698487,0.0597,0.0010005580986199795,0.007642357214793282,0.08517426753170648,9.541968957433161,-0.2889231204986572,-1.3379106541474661,-1.3379106541474661,1.0489875336488088,0.0010005526807314407,0.009097543389846882,0.083261378792425,11.925725682576497,10.998861440022786,10.804799270629882,10.998861440022786,12.44479783376058,14.48208376566569,14.07462657928467
599,-1.408439391064194,-1.4711939523804862,-1.4711939523804862,1.0494073955517895,0.0598,0.0010007076330026084,0.008576171463882586,0.08901601488578995,9.73515785865064,-0.20205585956573485,-1.2897314568360647,-1.2897314568360647,1.0876755972703298,0.001000703335739672,0.008538745529949664,0.08205266039197644,13.057612864176432,11.98229783376058,11.058399136861166,11.98229783376058,13.04613602956136,12.592125129699706,12.682927309672039
600,-1.384331370299717,-1.446504975264927,-1.446504975264927,1.0379566820162647,0.0599,0.0010007256905565846,0.008946964297584205,0.08750529404518739,9.852902862260926,-0.3267889310916265,-1.344508546590805,-1.344508546590805,1.0177196154991786,0.001000518712680787,0.008513002120889724,0.10579985659569502,11.445667966206868,10.963983535766602,10.665597724914551,10.963983535766602,12.845040321350098,13.62751744588216,13.471022020975749
601,-1.408513624713106,-1.4698917730799261,-1.4698917730799261,1.0229690232366886,0.06,0.001000663467665326,0.008663635753657459,0.10478783209087714,9.824474802557027,-0.35775810678799946,-1.3543868829806647,-1.3543868829806647,0.9966287771860759,0.0010006308846641331,0.00728564626770094,0.07816427160675327,11.898573366800944,10.927036666870118,10.355701287587484,10.927036666870118,11.899626032511394,13.11874599456787,12.874922002156575
602,-1.462014821340453,-1.524847372522894,-1.524847372522894,1.045466719933276,0.0601,0.00100063373782795,0.007344664566500007,0.08149990776799759,9.02187174671101,-0.1142935574054718,-1.3142571568489074,-1.3142571568489074,1.1999635994434357,0.001000580614587913,0.00703437343860666,0.07475202539935707,11.70664602915446,11.020823542277018,10.303064441680908,11.020823542277018,14.242052777608235,13.005531819661458,13.252836011250816
603,-1.4281590479724813,-1.4924295038547155,-1.4924295038547155,1.0676154674224134,0.0602,0.001000587665915208,0.008417377740425884,0.09380774990708199,9.560669440143513,-0.24595626095930737,-1.3386870394150416,-1.3386870394150416,1.0927307784557343,0.0010004568728618323,0.008191398337172966,0.09111155169084668,12.487168184916179,11.491168530782064,11.507689921061198,11.491168530782064,13.869007015228272,11.843105697631836,12.248285961151124
604,-1.3737868048110098,-1.437904585082576,-1.437904585082576,1.0633131344363373,0.0603,0.0010005895637046054,0.009636854621107286,0.09852646839506221,10.429337447544313,-0.20304359793663024,-1.3713370790084203,-1.3713370790084203,1.16829348107179,0.0010004252331176152,0.007477902915949622,0.08396168475349744,12.108542188008625,10.905531120300292,9.842024834950765,10.905531120300292,12.608643213907877,14.01445821126302,13.733295211791992
605,-1.3225667948992748,-1.383236194556614,-1.383236194556614,1.004460167210057,0.0604,0.0010006810112346738,0.009926723263595463,0.1139204314435428,10.833962710398549,-0.0827699104944865,-1.249490108092626,-1.249490108092626,1.1667201975981394,0.0010009279920874783,0.012758938153274358,0.1292941767722368,13.86531925201416,12.803255399068197,13.350999577840168,12.803255399068197,17.295282491048177,17.395320065816243,17.37531255086263
606,-1.405514602391225,-1.4659724505442493,-1.4659724505442493,0.9993032306995032,0.0605,0.0010004189581487258,0.009513379408503478,0.09621521784871254,10.020290887580728,-0.2724748412768046,-1.348318386077881,-1.348318386077881,1.0758435448010764,0.0010005813654667386,0.010012693299601475,0.10275848445792993,12.777988179524739,11.726064809163411,11.273626263936361,11.726064809163411,12.615438334147136,16.202985699971517,15.485476226806641
607,-1.3836082782385484,-1.4431154323074054,-1.4431154323074054,0.9819661423845111,0.0606,0.001000601521535021,0.009168115233615885,0.09975835224086384,10.157538521964595,-0.36850332617759707,-1.2576617906490961,-1.2576617906490961,0.8891584644714992,0.0010006013171126446,0.008805198214637737,0.10283339973539114,13.381297047932943,12.781881713867188,11.61306635538737,12.781881713867188,13.056562105814615,13.066102282206218,13.064194246927899
608,-1.4232561970656772,-1.4850881886932086,-1.4850881886932086,1.0186488909541436,0.0607,0.001000489666179385,0.008350276783600731,0.088129811691788,9.534851083215678,-0.16733202536900837,-1.2565001209576925,-1.2565001209576925,1.089168095588684,0.0010003599551661562,0.005981200009894868,0.06635758901635806,12.705874888102214,11.522239939371746,10.468519306182861,11.522239939371746,12.8518892288208,11.684037590026856,11.917607917785645
609,-1.4484866565128542,-1.5111168105647248,-1.5111168105647248,1.0301011778273672,0.0608,0.0010004949158514446,0.008059565891634743,0.09182194395447676,9.462599403453323,-0.1414079596598943,-1.295863472421964,-1.295863472421964,1.1544555127620697,0.0010004593098225693,0.008888303100441893,0.09424712415784597,12.487804985046386,11.852740478515624,11.153392251332601,11.852740478515624,15.600263532002767,15.00935827891032,15.12753932952881
610,-1.4138606291896891,-1.473842036049321,-1.473842036049321,0.9849163147638429,0.0609,0.0010006482260442287,0.00848641321238763,0.09102163013984572,9.64420860218552,-0.3237713495890299,-1.3967265764872232,-1.3967265764872232,1.0729552259047825,0.0010006772490063062,0.009220656069616476,0.09718285774191221,12.308887163798014,11.152003033955891,9.881939442952474,11.152003033955891,11.705697504679362,12.820093472798666,12.597214279174805
611,-1.4146007096992348,-1.4728018990102805,-1.4728018990102805,0.9541178952972844,0.061,0.0010006012228089122,0.008860213848990653,0.10189236820025264,9.955092151209993,-0.44107036888599394,-1.4431578040122985,-1.4431578040122985,1.0020874351263047,0.0010008081153500825,0.00892880349420011,0.08608327029893796,10.73160098393758,9.846939023335775,9.626122538248698,9.846939023335775,11.436534341176351,12.410450108846028,12.215666955312095
612,-1.4636494820972659,-1.526229145391932,-1.526229145391932,1.024217131002894,0.0611,0.0010006226080838802,0.0077020907335264505,0.08321571480131375,9.117816403227032,-0.34130754371484123,-1.4184505144755046,-1.4184505144755046,1.0771429707606635,0.0010008331465845308,0.009703301017483075,0.12384506029387315,11.359712219238281,10.21270497639974,9.945194784800211,10.21270497639974,13.097959264119465,13.363108444213868,13.310078608194988
613,-1.378702480837984,-1.4386322295890663,-1.4386322295890663,0.9792443052777704,0.0612,0.001000852769961194,0.009557896557281603,0.10102098635485712,10.412046621430594,-0.3257973253726959,-1.3774389545122783,-1.3774389545122783,1.0516416291395823,0.001000872446456924,0.010377832385711373,0.12314060553908349,11.93134822845459,11.279571533203125,10.502911885579428,11.279571533203125,13.086926396687826,12.534281285603841,12.644810307820638
614,-1.4135948003463026,-1.4747309977153562,-1.4747309977153562,0.99732802049169,0.0613,0.0010007020758183778,0.008798572849833741,0.09824478587592547,9.818381705374088,-0.4035094906886419,-1.4401960293451945,-1.4401960293451945,1.0366865376631418,0.0010004903907732418,0.00832360031393667,0.09772578477859498,11.223528798421224,10.223024082183837,9.663297494252523,10.223024082183837,11.471663920084636,11.411203193664551,11.423295338948568
615,-1.4521493214481282,-1.5103772248861924,-1.5103772248861924,0.9483370735960187,0.0614,0.0010005844963433326,0.008142276913068205,0.09194728521243581,9.212755905007416,-0.246259468793869,-1.3240501801172893,-1.3240501801172893,1.0777907113234202,0.0010005762451328337,0.008866006555035711,0.10372189013287425,12.817860857645671,11.466107495625813,11.120341046651204,11.466107495625813,14.965860176086426,12.327877680460611,12.855474179585777
616,-1.429629867931582,-1.4945699088978317,-1.4945699088978317,1.0559355324169375,0.0615,0.001000630783514594,0.007828723472314622,0.09335799385213626,9.495804813672912,-0.18765654762585957,-1.3692367255687714,-1.3692367255687714,1.1815801779429118,0.0010009140377709022,0.00935445996777465,0.09836080182964603,11.899396514892578,11.007047653198242,10.77826410929362,11.007047653198242,13.857901891072592,12.071723620096842,12.428959274291994
617,-1.4212636902647198,-1.4842349920632705,-1.4842349920632705,1.022261455373944,0.0616,0.0010006325934433713,0.008965690022791331,0.11219723976023917,9.752710243441024,-0.37589617470900216,-1.386027952035268,-1.386027952035268,1.010131777326266,0.0010004512247784685,0.00766333700157702,0.08114130469039083,11.347702089945475,10.45892791748047,10.281866645812988,10.45892791748047,13.161527951558432,12.688309542338054,12.78295322418213
618,-1.4766248824461452,-1.5359897343617566,-1.5359897343617566,0.9621532019579185,0.0617,0.001000649829500548,0.007484712084439004,0.0812959630956065,8.910762265043438,-0.2944062332312266,-1.2703276256720224,-1.2703276256720224,0.9759213924407959,0.0010007745547530552,0.007993625259647768,0.09833851040651401,12.717423248291016,12.156066195170085,11.859242057800293,12.156066195170085,16.30543066660563,14.141476313273111,14.574267183939615
619,-1.4400613465399112,-1.4980997544414592,-1.4980997544414592,0.9391329277236506,0.0618,0.0010006245717687427,0.00808983745123699,0.09568665303149314,9.627094304786539,-0.3314250707626343,-1.3551279038190842,-1.3551279038190842,1.02370283305645,0.0010006755008362233,0.008810845444289346,0.11066887127235532,12.109891827901205,11.066119575500489,10.94838015238444,11.066119575500489,12.95891056060791,15.209927940368653,14.759724464416504
620,-1.3715531848511606,-1.431590291689027,-1.431590291689027,0.9699047612694075,0.0619,0.0010009799064752067,0.009926196539177085,0.1107381006597348,10.337621238996398,-0.29456077913443246,-1.3334053883949915,-1.3334053883949915,1.038844609260559,0.0010003700076291959,0.007165528135374188,0.08260602156321208,11.746843592325847,10.648939037322998,10.208228015899659,10.648939037322998,12.96831153233846,13.196400165557861,13.150782438913982
621,-1.399933119989791,-1.4611501378833123,-1.4611501378833123,0.9873712816328373,0.062,0.0010006791354104313,0.008051431201890393,0.07751031891214398,9.963760546918186,-0.13294321596622466,-1.327555815378825,-1.327555815378825,1.1946125994126002,0.001000824795725445,0.010684110224246979,0.12070018108934163,11.857205899556478,11.02909673055013,11.503490575154622,11.02909673055013,13.441752115885416,15.21107718149821,14.857212168375654
622,-1.4134297056018181,-1.470901516248595,-1.470901516248595,0.9254719688082641,0.0621,0.0010007606217426793,0.008950106311976066,0.09513220746281012,9.80887063044422,-0.3534337153037389,-1.34949489235878,-1.34949489235878,0.996061177055041,0.0010007209959439934,0.008658888501425583,0.08721492417777578,11.73508129119873,10.93164218266805,11.113299496968587,10.93164218266805,13.208750470479329,13.710372924804688,13.610048433939616
623,-1.4039756138369721,-1.4659476572612546,-1.4659476572612546,0.9963350655897608,0.0622,0.001000692694500651,0.008723023356342653,0.1000765694199868,10.011626036661976,-0.3544216871261597,-1.4028467655181884,-1.4028467655181884,1.0484250783920288,0.0010006769909523428,0.011859102151356637,0.12801637649536132,11.166762479146321,10.348865826924643,10.2718230565389,10.348865826924643,12.622478802998861,14.466792805989583,14.09793000539144
624,-1.3892998650388897,-1.4479209207138926,-1.4479209207138926,0.9409478430478078,0.0623,0.0010007456568825357,0.009065214948693537,0.1052455355255109,9.912870820963159,-0.3830462952454885,-1.3364020814498265,-1.3364020814498265,0.953355786204338,0.0010008435133689393,0.009201579758276542,0.09319029171019792,12.62045783996582,11.488801829020183,10.777286529541016,11.488801829020183,14.895427576700847,12.374854469299317,12.878969090779623
625,-1.4341547534150898,-1.4914455166402854,-1.4914455166402854,0.9181212816598281,0.0624,0.00100070004623805,0.008612751828963464,0.09823158928105291,9.607860160323808,-0.2805877238512039,-1.365228494008382,-1.365228494008382,1.0846407701571783,0.0010007764173982044,0.008669561908269922,0.10582603452106316,12.47977180480957,11.13234640757243,10.1985551516215,11.13234640757243,12.9128542582194,12.920454533894857,12.918934478759766
626,-1.3609116279853966,-1.4224331468906042,-1.4224331468906042,0.9843443913279839,0.0625,0.0010007674660849964,0.009179035575076376,0.09569550358321306,10.453314178394821,-0.5052749147017797,-1.4432621896266937,-1.4432621896266937,0.9379872749249141,0.0010006023726115624,0.010568798837872843,0.12244645934551954,11.548570315043131,10.48896827697754,10.044635931650797,10.48896827697754,13.11454372406006,13.32924009958903,13.286300824483238
627,-1.4202821547130369,-1.4826296095578175,-1.4826296095578175,0.9959654909259869,0.0626,0.0010005336074720857,0.008609324553102817,0.10235917610379885,9.68833379925422,-0.31691464682420095,-1.4113117774327597,-1.4113117774327597,1.0943971306085587,0.001000656517377744,0.009544714229802291,0.1097179568062226,11.208439254760743,10.123314889272054,10.109483750661214,10.123314889272054,11.70606772104899,13.337823232014975,13.01147212982178
628,-1.4131711923851158,-1.4728926892550487,-1.4728926892550487,0.9524958999651782,0.0627,0.0010005691075556963,0.008980953494824891,0.09932435908407536,9.666715451006619,-0.27690104842185975,-1.3640516618887584,-1.3640516618887584,1.0871506134668987,0.0010007511358708144,0.00960958149905006,0.09468211960047483,11.648075739542643,11.265111414591471,10.607760620117187,11.265111414591471,11.775711313883464,12.808996677398682,12.60233960469564
629,-1.4040536700554613,-1.464144787698422,-1.464144787698422,0.9568648585733378,0.0628,0.0010005964629598103,0.008791738040393815,0.10491103773831197,10.021987546165034,-0.3754727045694987,-1.3035569449265798,-1.3035569449265798,0.9280842403570811,0.0010008394330119094,0.014823010098189116,0.16538294119139513,13.609227307637532,12.84730307261149,13.160558191935221,12.84730307261149,16.675498644510906,17.99689795176188,17.732618090311686
630,-1.4233722551813666,-1.4826199333622772,-1.4826199333622772,0.9419345321520319,0.0629,0.0010005829016730753,0.00890105454918911,0.10353937597488458,9.670955720937476,-0.40147475997606913,-1.3919183919827143,-1.3919183919827143,0.9904436320066452,0.0010003718741548558,0.007354532058040301,0.0814610286615789,10.855054251352946,10.200872770945232,10.503873984018961,10.200872770945232,12.259512329101563,12.854882335662841,12.735808334350587
631,-1.4380114640829698,-1.4970839765836608,-1.4970839765836608,0.9376590544322752,0.063,0.0010005689823543126,0.007965240522094493,0.09285119657387149,9.488193592935238,-0.3020420263210932,-1.4018818706274032,-1.4018818706274032,1.09983984430631,0.0010004620863279948,0.007505477728166928,0.08847790037592253,10.645672035217284,9.946034876505534,9.906587314605712,9.946034876505534,11.674533685048422,12.326676114400227,12.196247628529868
632,-1.409673663805116,-1.4692577011180374,-1.4692577011180374,0.9442794002451986,0.0631,0.001000683034225455,0.008786119134077485,0.10086492589622173,9.81939878103868,-0.3674789230028788,-1.352569007873535,-1.352569007873535,0.9850900848706563,0.0010011343091415861,0.01096606293382744,0.10121474458525578,11.804358355204265,10.88236624399821,11.14692538579305,10.88236624399821,11.780908997853597,18.14121913909912,16.86915711085002
633,-1.367526018394614,-1.4320614045520998,-1.4320614045520998,1.021129698123572,0.0632,0.0010006977355037376,0.009632038163407793,0.10391458854922708,10.494863888002792,-0.28317482173442843,-1.2751035044590633,-1.2751035044590633,0.9919286827246349,0.0010010206256993114,0.012486221369666357,0.1523554679006338,13.28189156850179,12.086496988932291,12.734929974873861,12.086496988932291,16.001469802856445,16.559361839294432,16.447783432006837
634,-1.3905831282993533,-1.4512738596718266,-1.4512738596718266,0.9587793204019655,0.0633,0.0010006073510871742,0.01022681509548763,0.1352166010523742,10.412284257277003,-0.16410105923811594,-1.3003653327624003,-1.3003653327624003,1.1362642735242843,0.0010004616536510487,0.009375091021259626,0.12292037957037488,12.196771685282389,11.74217472076416,11.68544979095459,11.74217472076416,13.574973233540852,17.61872075398763,16.809971249898275
635,-1.4071500796192098,-1.467112903325063,-1.467112903325063,0.9457858620949511,0.0634,0.0010005360565868752,0.00915920298616841,0.10755090735290411,10.081186159601751,-0.36842965682347617,-1.4035700023174287,-1.4035700023174287,1.0351403454939525,0.0010007118165958674,0.011102133352930347,0.13367884028702975,11.552312660217286,10.880902671813965,10.040201155344645,10.880902671813965,11.905891386667887,14.872548802693684,14.279217319488527
636,-1.4064957611965683,-1.4680406372502166,-1.4680406372502166,0.9692105639655635,0.0635,0.0010006568078303113,0.009468690149556354,0.1172113661425856,9.990879184794876,-0.3677674969037374,-1.4110149145126343,-1.4110149145126343,1.0432474176088968,0.001000652830892553,0.009116676053963602,0.1151756034232676,11.083642705281575,10.787559509277344,10.14952392578125,10.787559509277344,13.261809666951498,12.413804054260254,12.583405176798504
637,-1.4137965328288529,-1.4736503700040422,-1.4736503700040422,0.9410981715850111,0.0636,0.0010005449788328612,0.008900580488426506,0.11320765523837423,9.80306628964982,-0.47836206456025443,-1.4585191249847411,-1.4585191249847411,0.9801570574442545,0.0010004854450623194,0.0075550425642480455,0.08328883905584614,10.685152689615885,9.95421257019043,9.504907162984212,9.95421257019043,12.495556958516438,12.050331497192383,12.139376589457195
638,-1.3936796154616014,-1.4521237769216861,-1.4521237769216861,0.9174908793197488,0.0637,0.0010006704569776666,0.00928973538783502,0.11453782770571844,10.260937609762516,-0.3542999029159546,-1.3970895032087962,-1.3970895032087962,1.0427896002928416,0.0010004579303010057,0.010168273669357101,0.11181223386277755,11.64696528116862,10.50852346420288,10.113196118672688,10.50852346420288,14.345071856180827,11.875157165527344,12.369140103658042
639,-1.4529113994454437,-1.5090752502657332,-1.5090752502657332,0.8803111157327328,0.0638,0.0010006906473481992,0.007774261485363515,0.08389258156266977,9.156489489213476,-0.48331203162670133,-1.4184335033098856,-1.4184335033098856,0.9351214711864789,0.0010011407585504154,0.010244227363727987,0.12410094154377778,11.242163912455242,10.19627513885498,10.05447359085083,10.19627513885498,12.873660850524903,12.532798798878988,12.600971209208172
640,-1.4594709828214825,-1.5170090895778727,-1.5170090895778727,0.9004398550627366,0.0639,0.0010009038125885265,0.007977909654519468,0.0915531177636025,9.265559007536691,-0.4749048372109731,-1.353799788157145,-1.353799788157145,0.8788949504494667,0.0010010459266292552,0.010518881810518603,0.11435505772630374,11.456493949890136,11.5230224609375,11.484177652994791,11.5230224609375,13.811821873982748,15.576499684651692,15.223564122517903
641,-1.4216903133212395,-1.4788882732391357,-1.4788882732391357,0.8937180919467278,0.064,0.0010008960962295532,0.00849558008869864,0.10107099268374578,9.623740879994518,-0.402432515223821,-1.3232421278953552,-1.3232421278953552,0.9208096126715343,0.0010007832820216815,0.009539687284268438,0.13270148318260908,12.957817776997883,12.032397651672364,11.803758303324381,12.032397651672364,15.306958707173665,13.04160369237264,13.494674695332845
642,-1.420449250149277,-1.4837230241523598,-1.4837230241523598,0.9871104292149814,0.0641,0.0010007968884102017,0.008136855130839461,0.09908017835948828,9.673576085072643,-0.12094522714614868,-1.4142677664756775,-1.4142677664756775,1.293322539329529,0.0010009700471224883,0.011963376550314327,0.13949481975287198,10.94244352976481,10.892236010233562,10.415189679463705,10.892236010233562,13.526934242248535,12.20246769587199,12.4673610051473
643,-1.4348714329161734,-1.4980819045372729,-1.4980819045372729,0.9845868292844521,0.0642,0.0010006208860157233,0.009046155889079257,0.12076060979996088,9.494173949619508,-0.3114695131778717,-1.282831244667371,-1.282831244667371,0.9713617319862048,0.0010005876615953942,0.008145317691378296,0.09082166341443856,12.3793612798055,11.648849868774414,11.289019680023193,11.648849868774414,14.001883633931477,12.938399028778075,13.151095949808756
644,-1.446810411957075,-1.5080256439604849,-1.5080256439604849,0.9520253347900679,0.0643,0.001000538903270971,0.008473121350244531,0.10986987009363354,9.42468967077867,-0.27074833114941915,-1.3448655366897584,-1.3448655366897584,1.0741172055403392,0.0010005408878593395,0.007729659419662009,0.10002956641837954,11.672495905558268,11.15399881998698,10.527710723876954,11.15399881998698,12.047314389546711,11.594170792897541,11.684799512227377
645,-1.3826829037576351,-1.443474121813504,-1.443474121813504,0.94396296087301,0.0644,0.0010005983783213316,0.009439082666880117,0.12334376053427751,10.382373144041818,-0.46910866498947146,-1.3803315540154775,-1.3803315540154775,0.911222889026006,0.0010008132550865412,0.010548423905856908,0.13745319756368796,11.705097961425782,11.101377296447755,10.349562486012777,11.101377296447755,13.184930165608725,12.331897926330566,12.502504374186199
646,-1.4198289659788024,-1.476771687561611,-1.476771687561611,0.882832981505484,0.0645,0.001000697698162974,0.008772144392835643,0.10302019850263056,9.687200303347606,-0.38125098347663877,-1.3846727887789407,-1.3846727887789407,1.003421805302302,0.0010007834566446642,0.010216424940153956,0.13209707010537386,11.816916847229004,11.276769193013509,11.634208615620931,11.276769193013509,14.863888931274413,13.741665585835774,13.966110254923501
647,-1.3969984212011661,-1.457050105310836,-1.457050105310836,0.9295925902870467,0.0646,0.0010006837920233044,0.009100135907811939,0.11432868126287775,9.98414145775561,-0.35080665349960327,-1.3730578025182087,-1.3730578025182087,1.0222511490186055,0.0010006791329942645,0.011947797828664381,0.1324298962019384,12.198355674743652,11.123633035024007,11.137231922149658,11.123633035024007,13.46202735900879,14.049103101094564,13.93168795267741
648,-1.3841626104318872,-1.4446725597921408,-1.4446725597921408,0.9352388016457828,0.0647,0.0010006094267943277,0.00936001076204878,0.10778479355404962,10.264991526333791,-0.5030186504125596,-1.3652526269356409,-1.3652526269356409,0.8622339765230814,0.0010009179396244386,0.010760865414825578,0.12396268881857395,11.683239618937174,10.70447998046875,10.350889841715494,10.70447998046875,12.869325574239095,12.1437712987264,12.28888215382894
649,-1.423796293870458,-1.479789508963531,-1.479789508963531,0.8640928167217182,0.0648,0.001000683647053281,0.007885213010013103,0.07728458385703699,9.372741924141938,-0.38072470128536223,-1.3358497381210328,-1.3358497381210328,0.9551250368356705,0.0010010986511285107,0.011098272586241364,0.11678079993774494,12.729658635457357,11.999909528096516,11.177255694071452,11.999909528096516,14.908633168538412,14.076739629109701,14.243118336995444
650,-1.404416414926637,-1.463549868115839,-1.463549868115839,0.9111470805024201,0.0649,0.0010008166878009742,0.00856393163602026,0.08562159000562047,9.923721880282995,-0.5011277884244919,-1.4295917451381683,-1.4295917451381683,0.9284639567136764,0.0010009225768347581,0.009532739299659927,0.09122941363602877,11.565328152974446,10.250934473673503,10.109525775909423,10.250934473673503,12.530398527781168,11.433926328023274,11.653220767974853
651,-1.439098394142007,-1.4986714799449128,-1.4986714799449128,0.9165089310340162,0.065,0.0010006915698847119,0.008610703674900645,0.09633427071121503,9.474075092459625,-0.4706290493408839,-1.396885863939921,-1.396885863939921,0.9262568145990372,0.0010007202217821032,0.009411998613116642,0.10664555287609498,11.779387474060059,10.681716823577881,10.311673323313395,10.681716823577881,12.953037452697753,14.175653171539306,13.931130027770996
652,-1.4424017712755024,-1.500437097729377,-1.500437097729377,0.8914796305152605,0.0651,0.001000509281062855,0.007725745931548893,0.08321072270144832,9.318411224293259,-0.3577957938114802,-1.343845937649409,-1.343845937649409,0.9860501438379288,0.0010008582670707256,0.011259334068745375,0.12999812550842763,12.193044344584147,11.4251202583313,11.320672671000162,11.4251202583313,13.221025212605793,16.02702178955078,15.465822474161785
653,-1.4307204349985663,-1.4913761267122232,-1.4913761267122232,0.9303020463799531,0.0652,0.0010006650271913353,0.008618232359195937,0.09800973478353249,9.441061676673169,-0.43812250991662344,-1.403316205739975,-1.403316205739975,0.9651936958233516,0.0010005392056579392,0.009027669470136364,0.11201495087395112,11.54208501180013,10.618763224283855,10.239408079783122,10.618763224283855,13.298340320587158,13.601362291971842,13.540757897694906
654,-1.4221387573008268,-1.4813542500981745,-1.4813542500981745,0.9068222596960248,0.0653,0.001000523740724432,0.008124514764069387,0.10163797870418935,9.639348893795374,-0.5387312720219294,-1.4635650177796682,-1.4635650177796682,0.9248337457577388,0.0010005724849179386,0.00871972534029434,0.11147038868318002,10.267076778411866,9.89290116628011,9.41095101038615,9.89290116628011,10.642449347178141,12.346030362447102,12.005314159393311
655,-1.4361774831447962,-1.4979240511948209,-1.4979240511948209,0.9441372246112464,0.0654,0.0010006760712713003,0.007928988817235772,0.09022795879897082,9.446133856503469,-0.5144424478212992,-1.4005655527114869,-1.4005655527114869,0.8861231048901875,0.0010009526081072788,0.01061846932861954,0.12131933153917392,11.425076166788736,10.976019223531088,10.410997009277343,10.976019223531088,13.65747356414795,12.57920799255371,12.79486110687256
656,-1.446182591735192,-1.5023237961643148,-1.5023237961643148,0.8571177141846351,0.0655,0.0010006564849425318,0.008058755416950246,0.09455876080495007,9.43832710554015,-0.4703001509110133,-1.4800422887007396,-1.4800422887007396,1.0097421377897262,0.001000647663992519,0.00790887091619273,0.09048107216755549,10.630003356933594,9.418280792236327,9.209393660227457,9.418280792236327,10.707246748606364,11.837234942118327,11.611237303415933
657,-1.4313295596050766,-1.4936415024523466,-1.4936415024523466,0.9498770574353775,0.0656,0.001000570902108865,0.008203308713042512,0.10205982860950928,9.593069652341446,-0.4527289817730586,-1.382310253381729,-1.382310253381729,0.9295812716086705,0.0010010343956916282,0.011058433377183974,0.12390684494748712,11.392267163594564,11.101727485656738,11.35093822479248,11.101727485656738,13.34272346496582,13.36017583211263,13.356685358683269
658,-1.4098202934804953,-1.4721125116888083,-1.4721125116888083,0.948131152481403,0.0657,0.0010005981279185639,0.009433135627505352,0.1278446947206866,9.986707696374857,-0.3841169476509094,-1.307137131690979,-1.307137131690979,0.9230201840400696,0.0010008107715596755,0.012395753610568742,0.13611089643090962,11.72370719909668,11.089680099487305,11.607427787780761,11.089680099487305,14.228387641906739,13.996916389465332,14.043210639953614
659,-1.405344768515173,-1.4661544381447558,-1.4661544381447558,0.9241589926323801,0.0658,0.001000551643060907,0.00918874864132618,0.11213301157332817,9.72975818166193,-0.4370238582293193,-1.3146480898062387,-1.3146480898062387,0.8776242315769196,0.0010010312175533424,0.01100421385684361,0.11452799209704002,13.275186793009441,12.136377588907878,11.301448281606039,12.136377588907878,13.000941403706868,14.877278709411621,14.502011248270673
660,-1.393295504012198,-1.4546668911879916,-1.4546668911879916,0.9312804510008614,0.0659,0.0010007658384670064,0.009052557664273202,0.10136999572925973,9.946960548184952,-0.45281647344430287,-1.4045210580031078,-1.4045210580031078,0.9517045845588048,0.0010006579880913098,0.00973536284485211,0.11999027074004213,11.709473355611165,10.264296658833821,10.335319709777831,10.264296658833821,13.062902895609538,14.703960673014324,14.375749117533367
661,-1.4143656705910306,-1.4813585258879751,-1.4813585258879751,1.0150433103993255,0.066,0.0010005879800169255,0.007860899902880192,0.08341809031817149,9.427370926119247,-0.23764079411824543,-1.324441377321879,-1.324441377321879,1.0868005832036336,0.0010006053062776724,0.0077934273518621925,0.0921791727344195,12.397794405619303,11.505753517150879,10.79073600769043,11.505753517150879,12.551003138224283,12.311197280883789,12.359158452351888
662,-1.3624414767859117,-1.4206409533068818,-1.4206409533068818,0.8804761711156593,0.0661,0.0010007540936985949,0.00987685451565205,0.10995470402094554,10.577548395912602,-0.3239928593238195,-1.2896704852581025,-1.2896704852581025,0.965677625934283,0.0010006029391661287,0.009404452432257434,0.12377416683981816,13.366126505533854,12.720433298746745,12.402594820658367,12.720433298746745,17.117375628153482,12.491787910461426,13.416905453999838
663,-1.389144111354396,-1.446814847442339,-1.446814847442339,0.8711590474506594,0.0662,0.0010007146289044955,0.009008673028493265,0.10410593906944653,10.012185411633185,-0.19378776947657267,-1.227797617514928,-1.227797617514928,1.0340098470449448,0.0010008493283142647,0.01383693281871577,0.16459421999752522,14.67392463684082,13.679392306009929,13.792962010701498,13.679392306009929,17.645671717325847,19.57425937652588,19.188541844685876
664,-1.3553157325060863,-1.4192414508675628,-1.4192414508675628,0.9641888040416645,0.0663,0.0010007369081612746,0.00975362169292738,0.10756368432545436,10.468283509308437,-0.44752027491728463,-1.4156293292840323,-1.4156293292840323,0.9681090543667475,0.001000810544549798,0.011496671506514152,0.131093986860166,11.506458981831868,10.554419422149659,10.437031237284343,10.554419422149659,12.739496421813964,12.006542778015136,12.153133506774903
665,-1.381124325518338,-1.4392354106003384,-1.4392354106003384,0.8751669604823274,0.0664,0.001000589726246753,0.01019111559462716,0.11793414949667903,10.326574424527726,-0.4555787314971288,-1.351409727334976,-1.351409727334976,0.8958309963345528,0.001000799483153969,0.012252175738103688,0.14310544844095904,13.228038342793782,11.664408016204835,11.255070304870605,11.664408016204835,12.096997737884521,14.108791732788086,13.706432933807374
666,-1.426238496348543,-1.4892517890570298,-1.4892517890570298,0.9475682760184666,0.0665,0.0010005263677569775,0.008721740165163042,0.10034231567439043,9.694661329377372,-0.36519040664037067,-1.3381089260180792,-1.3381089260180792,0.9729185193777085,0.001000552752520889,0.010892560457189877,0.13525608318547408,12.894228744506837,11.812478478749593,11.676914024353028,11.812478478749593,14.922888882954915,15.548473421732584,15.423356513977051
667,-1.40416674568968,-1.4623339446085803,-1.4623339446085803,0.873381386388023,0.0666,0.0010006110675914108,0.009391223590047855,0.12297052819773836,9.962459303298086,-0.4246568073829015,-1.3698044707377752,-1.3698044707377752,0.9451476633548737,0.001000491459853947,0.00858723179747661,0.08832244745766123,11.604691060384114,10.855798721313477,10.40621608098348,10.855798721313477,14.096671676635742,13.812545903523763,13.86937105814616
668,-1.4261027552046865,-1.4866172547610301,-1.4866172547610301,0.9072638952507163,0.0667,0.001000554182232832,0.008523960843822866,0.09703155220398363,9.69324298174876,-0.5587216039498647,-1.4044551690419516,-1.4044551690419516,0.8457335650920867,0.0010005957485797504,0.009306431422010064,0.13180933135251205,11.848403167724609,11.202108891805013,10.92079782485962,11.202108891805013,12.354746214548747,14.731964270273844,14.256520659128826
669,-1.383076527208652,-1.4415772995858822,-1.4415772995858822,0.8757601211655814,0.0668,0.0010006677926043576,0.009181723200698506,0.11540300736449799,10.108551556209349,-0.37347611486911775,-1.3955338815848033,-1.3955338815848033,1.0220577667156856,0.0010007984354160726,0.009454536732907097,0.1052077225719889,12.128274154663085,10.641700681050619,10.411293411254883,10.641700681050619,12.580722173055014,14.078596941630046,13.77902198791504
670,-1.386275660316899,-1.4456761333177675,-1.4456761333177675,0.8878994139860261,0.0669,0.001000637829936338,0.009613257314447524,0.11383256948781463,10.257544247609264,-0.40650384724140165,-1.4030932128429412,-1.4030932128429412,0.9965893656015397,0.0010008686571381987,0.011732322008659443,0.11846848676602045,12.191720771789551,10.85503698984782,10.051403999328613,10.85503698984782,12.391069062550862,12.87144660949707,12.77537110010783
671,-1.3809122881799374,-1.4405591172992058,-1.4405591172992058,0.8902510607017661,0.067,0.0010006620596988865,0.009107726415232668,0.10508277572972595,10.29911901366036,-0.36198644042015077,-1.3884081661701202,-1.3884081661701202,1.0264217257499695,0.0010007463356790443,0.009636023252581557,0.11603901199996472,11.71808287302653,10.710535494486491,10.522782770792643,10.710535494486491,13.487513287862141,12.901698366800945,13.018861351013186
672,-1.4024977144205346,-1.4642009487691916,-1.4642009487691916,0.9195713468317716,0.0671,0.0010006339486934386,0.009247478290970595,0.11125309891858191,9.95768762084673,-0.6188508590062459,-1.4274876803159713,-1.4274876803159713,0.8086368223031362,0.0010006507819828889,0.01113816595946749,0.13132126483445367,11.409910265604655,10.601094627380371,10.057579167683919,10.601094627380371,12.44622729619344,13.728246212005615,13.471842428843182
673,-1.421672281229271,-1.481162943929996,-1.481162943929996,0.8852777644148413,0.0672,0.001000474253230078,0.008515629983278658,0.1071399691391666,9.703311947156799,-0.37812931736310323,-1.3362852404514949,-1.3362852404514949,0.9581559225916862,0.0010004624530362586,0.007559013296850025,0.083216425186644,11.608014106750488,10.504889742533367,11.251737022399903,10.504889742533367,14.434256426493327,14.297094408671061,14.324526812235515
674,-1.4128772830063443,-1.46965413948275,-1.46965413948275,0.8436382019294882,0.0673,0.0010006070040377243,0.009101674593282197,0.10453195634456176,9.980664595118109,-0.37673551042874653,-1.3386244555314382,-1.3386244555314382,0.9618889451026916,0.0010005955041075747,0.010389147675596178,0.11532903108745814,11.29988358815511,11.290888341267904,11.59204921722412,11.290888341267904,14.385486602783203,16.493613306681315,16.071987965901695
675,-1.4569207362408907,-1.5134764617344119,-1.5134764617344119,0.8391055897721704,0.0674,0.0010005202899985718,0.007496310723066892,0.08145852351807198,9.1789615199251,-0.39691990812619526,-1.3592588817079863,-1.3592588817079863,0.9623389730850855,0.0010008922195993363,0.01066210155064861,0.12303102261697253,12.027586746215821,10.721571413675944,10.588200696309407,10.721571413675944,13.082127380371094,13.265411631266277,13.228754781087241
676,-1.4665172549913514,-1.5229980675679333,-1.5229980675679333,0.8367527667081581,0.0675,0.0010005720662620832,0.00837395644201985,0.10328831755608883,9.165409960836735,-0.3825589785973231,-1.2912997076908748,-1.2912997076908748,0.9087407290935516,0.0010005256083483497,0.010379976321322223,0.13674272211889427,12.372103627522787,11.3556884765625,11.638544654846191,11.3556884765625,14.383974901835124,14.495090039571126,14.472867012023928
677,-1.4104864237443455,-1.4693460869339277,-1.4693460869339277,0.8707051310899123,0.0676,0.0010007287437131382,0.009317494419245224,0.11854776859564602,9.994357315999157,-0.3634158889452616,-1.3037157694498698,-1.3037157694498698,0.9402998805046081,0.001000579702667892,0.011282301298342646,0.1487891632442673,13.598049290974934,12.263168557484944,12.083820724487305,12.263168557484944,17.873488680521646,13.026396878560384,13.995815238952638
678,-1.4740491880560822,-1.531863639939506,-1.531863639939506,0.8539801037536477,0.0677,0.0010005396676583673,0.006961605599466359,0.07983525023567227,8.838807933735398,-0.45777401328086853,-1.2751774181922277,-1.2751774181922277,0.8174034049113591,0.001000771694816649,0.00881114440659682,0.10524109285324812,12.576412010192872,11.580145517985025,12.454385884602864,11.580145517985025,14.097885576883952,13.668243789672852,13.754172147115074
679,-1.4460871691973705,-1.506436046564354,-1.506436046564354,0.8901013619494889,0.0678,0.0010007056934794164,0.007924915475876263,0.09796971279495167,9.23626879026305,-0.33490225474039714,-1.3813276727994284,-1.3813276727994284,1.046425418059031,0.00100076100594985,0.00945897416677326,0.13438134773944815,12.003515179951986,10.929286448160807,10.482675615946452,10.929286448160807,12.874382082621256,13.258414459228515,13.181607983907064
680,-1.39863705859994,-1.4621692446042907,-1.4621692446042907,0.9356729129575333,0.0679,0.0010007835423819862,0.008932944518988425,0.10528533280176937,9.913383726803762,-0.434445063273112,-1.3784036527077357,-1.3784036527077357,0.9439585894346237,0.0010007408156525344,0.009199888996469478,0.10533781200647355,11.00097230275472,10.539136282602946,10.558917776743572,10.539136282602946,12.491693369547527,15.05198787053426,14.539928970336913
681,-1.4153375625610352,-1.4727971081463795,-1.4727971081463795,0.8449934057469638,0.068,0.0010006628548374997,0.008813831568607744,0.10655995655172276,9.785785747024248,-0.45953731139500936,-1.3580718437830608,-1.3580718437830608,0.8985345323880514,0.0010008291341364385,0.009888161020353437,0.11688537783920765,12.455655988057455,11.701792462666829,11.292887878417968,11.701792462666829,13.826781113942465,11.470153458913167,11.941478989919027
682,-1.458625393093757,-1.5160522325983588,-1.5160522325983588,0.8432722378451869,0.0681,0.0010006521929512328,0.00785136337936768,0.08811858742726299,9.233354973343184,-0.3859451134999593,-1.3455714166164399,-1.3455714166164399,0.9596263031164806,0.0010007060152323296,0.008505081800588716,0.09697853320588669,11.428631083170574,10.631537850697836,10.651522382100422,10.631537850697836,13.403744570414226,13.248999532063802,13.279948539733887
683,-1.424710233256502,-1.4876002163257238,-1.4876002163257238,0.9221405251970831,0.0682,0.0010005968517430549,0.0087225407467417,0.11658057588029583,9.889917895479023,-0.3677437961101532,-1.3757607817649842,-1.3757607817649842,1.0080169856548309,0.001000771331988896,0.010719054782142242,0.14112991175303857,12.49863789876302,10.964677747090658,11.115542538960774,10.964677747090658,15.963932418823243,13.227357482910156,13.774672470092774
684,-1.429136650742225,-1.4851217213666663,-1.4851217213666663,0.819693664334855,0.0683,0.0010006513934195885,0.008354156585585958,0.0945735004783239,9.578286620805848,-0.3798541247844696,-1.206023355325063,-1.206023355325063,0.8261692300438881,0.0010008735194181402,0.010590037028305233,0.11370716774836183,14.372130393981934,13.355996640523275,13.777268664042156,13.355996640523275,17.209494400024415,18.514310709635417,18.253347447713217
685,-1.4547943866477822,-1.5127363159971416,-1.5127363159971416,0.847104290746293,0.0684,0.001000683069369703,0.008268553719697695,0.09081879469021312,9.450983479337872,-0.6174947688976924,-1.435368862748146,-1.435368862748146,0.8178740968306859,0.0010006685469609996,0.0076018587686121466,0.08800588486095269,10.991063340504963,9.820170752207439,9.18607400258382,9.820170752207439,11.154338200887045,13.652039527893066,13.152499262491864
686,-1.4421296209659216,-1.5062086627168476,-1.5062086627168476,0.9354603076880833,0.0685,0.0010006543323573358,0.00812994791546239,0.09583870402343993,9.295944105904058,-0.5357893437147141,-1.3528020362059274,-1.3528020362059274,0.8170126924912134,0.0010006919736042618,0.010774289506177108,0.13721704526493947,12.260451316833496,11.231575775146485,12.015852610270182,11.231575775146485,14.825622749328613,15.288988049825033,15.19631498972575
687,-1.3924787516863841,-1.4522301161064293,-1.4522301161064293,0.8710111289654138,0.0686,0.001000685590969504,0.008268179117157212,0.10059968860081907,9.923880954958358,-0.35882019301255547,-1.2826587041219075,-1.2826587041219075,0.9238385111093521,0.0010015521431341768,0.012452683535714944,0.13972177524119617,13.51984723409017,12.466075770060222,12.193652979532878,12.466075770060222,13.166720835367839,16.021979331970215,15.45092763264974
688,-1.4512686313323255,-1.510557014987154,-1.510557014987154,0.8630041508179791,0.0687,0.0010007168495816724,0.00785718546336833,0.0865948654640958,9.103909636443516,-0.5096794217824936,-1.3937193820873897,-1.3937193820873897,0.8840399608016014,0.001000555195302392,0.008993520642009874,0.11239629375437896,11.889220078786215,10.65459680557251,10.413215096791586,10.65459680557251,12.325598653157552,13.052920532226562,12.90745615641276
689,-1.414353977959111,-1.4766934660245787,-1.4766934660245787,0.9060971973077306,0.0688,0.0010006092664486957,0.008836059655361581,0.11818806103096818,9.86378961239221,-0.4686884105205536,-1.4378158787886302,-1.4378158787886302,0.9691274682680766,0.001000518730143085,0.00948759944488605,0.1272453307484587,11.06034590403239,10.500979868570964,10.426350688934326,10.500979868570964,13.55802526473999,13.35781650543213,13.397858257293702
690,-1.4568186953382671,-1.5170673019481156,-1.5170673019481156,0.8744355698801437,0.0689,0.0010004823298175943,0.007994802347999418,0.10330401058748083,9.20900630051235,-0.4778636266787847,-1.3466205716133117,-1.3466205716133117,0.868756944934527,0.001000540959648788,0.00955631946368764,0.11948196453352769,11.618273035685222,10.995855458577473,11.087699953715006,10.995855458577473,12.831751378377279,13.813799285888672,13.617389704386394
691,-1.4193917389185924,-1.4774157596084307,-1.4774157596084307,0.8409277954191532,0.069,0.0010007168232234864,0.00859688878727128,0.09595182903532712,9.70181171849089,-0.4451645016670227,-1.3485498487949372,-1.3485498487949372,0.9033853471279144,0.0010008370775418977,0.009126785793341696,0.11245827333380778,12.417005411783855,11.294631004333496,11.102529271443684,11.294631004333496,13.616179529825846,13.249222691853841,13.322614059448242
692,-1.4259363007995318,-1.4869032907036115,-1.4869032907036115,0.8823008897169581,0.0691,0.001000642998337324,0.00872258726894012,0.10935316758476338,9.730873044931664,-0.31782358487447104,-1.3492476443449657,-1.3492476443449657,1.0314240594704946,0.001000640388034905,0.01095713268344601,0.14559384038050968,12.548806063334148,11.411827786763508,11.209818236033122,11.411827786763508,13.475684674580892,14.03381150563558,13.922186139424642
693,-1.4149069763579458,-1.4721068931075763,-1.4721068931075763,0.8265883933823064,0.0692,0.0010005660302374723,0.009063621200972571,0.10379706351262219,10.108246380428099,-0.38362638652324677,-1.3479013482729594,-1.3479013482729594,0.9642749617497126,0.0010010825120843948,0.012008571578189731,0.1387672626102964,12.7003937403361,11.33951218922933,11.221829732259115,11.33951218922933,13.584403165181477,15.773232078552246,15.335466295878092
694,-1.4476329493072797,-1.5049431009112664,-1.5049431009112664,0.8269862571977219,0.0693,0.001000649655975823,0.008235284114115924,0.09282942590707878,9.407119984896678,-0.4956150164206823,-1.3418811440467835,-1.3418811440467835,0.8462661286195119,0.0010005007090512664,0.006376779766287655,0.0799648521312823,11.357354799906412,10.419371382395427,10.678089809417724,10.419371382395427,13.078166230519612,13.201355489095052,13.176717637379964
695,-1.4427326299109549,-1.5005229171716943,-1.5005229171716943,0.832713137257774,0.0694,0.0010007702534631738,0.007828575427169507,0.09348564187310776,9.413093944765487,-0.4532614588737488,-1.3034988154967626,-1.3034988154967626,0.8502373561263085,0.0010007193234438697,0.007467506360262633,0.09757363206396501,11.682838439941406,10.711930274963379,11.049544143676759,10.711930274963379,13.11877835591634,14.057847531636556,13.870033696492513
696,-1.4378583386259258,-1.495822013549085,-1.495822013549085,0.8340096518678485,0.0695,0.001000657769904103,0.008806536756104455,0.11930266177316881,9.670586720952448,-0.5813334713379542,-1.3744738539059957,-1.3744738539059957,0.7931403815746307,0.001000732488076513,0.011199977388605476,0.14804918567339578,11.869215075174967,11.17148240407308,11.28495314915975,11.17148240407308,13.174702453613282,15.94240042368571,15.388860829671223
697,-1.4421076617150936,-1.494866206960858,-1.494866206960858,0.7580250839017472,0.0696,0.0010006523598864111,0.008555934887449696,0.09948707951830243,9.367263308111227,-0.42653480072816213,-1.3254477481047313,-1.3254477481047313,0.8989129473765691,0.0010004011060421665,0.0071613442540789645,0.07871424773087105,11.24961477915446,10.454456170399984,10.513769467671713,10.454456170399984,12.588672892252605,12.61603151957194,12.610559794108074
698,-1.4555344739050236,-1.5129203796386719,-1.5129203796386719,0.8233270993772542,0.0697,0.0010005888410510038,0.008086957450393797,0.09304580967521893,9.185905249613636,-0.5037183662255605,-1.468758859237035,-1.468758859237035,0.9650404920180639,0.0010006325397019585,0.00802194729913026,0.09706822161873181,10.587066332499186,9.413928604125976,9.437770589192708,9.413928604125976,11.11101557413737,12.752600733439127,12.424283701578776
699,-1.4712554216384888,-1.5323366241635017,-1.5323366241635017,0.8750888480330413,0.0698,0.0010006599027206594,0.007849926348635048,0.09639321910744568,9.020269402917826,-0.3941171775261561,-1.3267983933289846,-1.3267983933289846,0.9326812167962392,0.001000668314130356,0.009023254713974893,0.12318930104374885,11.613146273295085,11.006967862447103,11.506321970621745,11.006967862447103,13.831081612904866,13.852754211425781,13.848419691721599
700,-1.4336740138395778,-1.4928007755639419,-1.4928007755639419,0.8458764643039344,0.0699,0.0010006010207294855,0.008711049596796621,0.11176168103263064,9.554402027490005,-0.589020597934723,-1.389321932196617,-1.389321932196617,0.8003013332684835,0.0010004178814900417,0.006922949058935046,0.08174306691313783,10.649942270914714,10.151107501983642,10.1254820505778,10.151107501983642,11.94496520360311,13.053601264953613,12.831874052683514
701,-1.4230475054596954,-1.4810108621165436,-1.4810108621165436,0.8280479446896967,0.07,0.0010008140453928202,0.007975081623233151,0.08405767029748773,9.697739052322676,-0.24548872758944829,-1.1729919930299124,-1.1729919930299124,0.9275032659371694,0.0010016554927763839,0.012920283782295882,0.1683879324855904,12.681940778096516,12.578036562601726,13.38030268351237,12.578036562601726,14.208830579121907,21.340938631693522,19.9145170211792
702,-1.4099764621482704,-1.467172292043578,-1.467172292043578,0.8159175582651822,0.0701,0.001000743080369847,0.009458265952625364,0.11374907782477028,9.839410269035483,-0.4675675243139267,-1.4311691065629324,-1.4311691065629324,0.9636015842358271,0.0010009229163794467,0.008072068177474042,0.08377824711302916,11.149954032897949,10.168413257598877,10.024472459157307,10.168413257598877,12.432020696004232,11.40944407780965,11.613959401448568
703,-1.4331771045360926,-1.4919026662718575,-1.4919026662718575,0.836546521141844,0.0702,0.0010005968627256323,0.00817071676763864,0.09733086188306224,9.406962187785023,-0.4763222595055898,-1.3898143827915193,-1.3898143827915193,0.9134921237826348,0.0010007649892941118,0.008736192590246598,0.09362930214653413,10.94643669128418,10.50192050933838,9.868551699320475,10.50192050933838,12.189661916097005,11.407466729482016,11.563905766805014
704,-1.43614055188197,-1.4923789366236273,-1.4923789366236273,0.7999770185857449,0.0703,0.0010006504599004984,0.008254241409166804,0.09880819846436663,9.485832961100453,-0.5915445466836293,-1.3722540080547332,-1.3722540080547332,0.7807094593842824,0.001000715254728372,0.009081643237732352,0.09511415685216586,11.804368909200033,10.950133005777994,10.38013604482015,10.950133005777994,11.931986109415691,12.748512903849283,12.585207544962566
705,-1.4334263306743693,-1.4900303899117235,-1.4900303899117235,0.804034875248963,0.0704,0.0010006676695994891,0.00866438471272869,0.1061682161998074,9.541334844985098,-0.36683237304290134,-1.1274479195475577,-1.1274479195475577,0.7606155465046565,0.0010008340701460837,0.008191511190185944,0.08558151988933484,12.740568351745605,12.576358413696289,12.626915995279948,12.576358413696289,16.293631426493327,16.22448361714681,16.238313179016114
706,-1.3982460678748365,-1.452459789671988,-1.452459789671988,0.7689888713494787,0.0705,0.0010007228482655198,0.00859787489972868,0.10320043472467728,9.818198069086614,-0.44348009924093884,-1.322713945309321,-1.322713945309321,0.8792338460683823,0.0010008284143016985,0.010177215297395984,0.12964654928073288,11.997384834289551,11.510355186462402,11.485128275553386,11.510355186462402,13.200555229187012,16.27704537709554,15.661747347513835
707,-1.3982403773181844,-1.4544710033344772,-1.4544710033344772,0.7964677799422786,0.0706,0.001000748786917132,0.009250744096583352,0.09849069000415082,9.825546804464087,-0.5273359984159469,-1.367596830924352,-1.367596830924352,0.8402608320116997,0.0010006099745320776,0.007281998389710983,0.08009446325401465,11.260704612731933,10.294445673624674,10.08616631825765,10.294445673624674,11.271838251749674,18.573035685221353,17.11279619852702
708,-1.4055589370007784,-1.4620591537007745,-1.4620591537007745,0.7991544525578337,0.0707,0.0010007239355406953,0.00921511783633592,0.10258546956586388,9.964987215006127,-0.5281766206026077,-1.3552426596482594,-1.3552426596482594,0.8270660390456518,0.0010005679175568124,0.007270819026355942,0.08027224910135071,10.973296928405762,10.421183395385743,10.663538869222005,10.421183395385743,12.55644187927246,15.588683636983236,14.982235285441082
709,-1.4410646704007994,-1.4966272857953917,-1.4966272857953917,0.7847827813535366,0.0708,0.0010005630671380546,0.008162023657757157,0.07992010851794819,9.369855655814117,-0.5131216059128444,-1.2930036783218384,-1.2930036783218384,0.7798820729056994,0.0010006188919457297,0.007843945416000982,0.0871818861613671,11.765194511413574,11.374025472005208,11.521047528584798,11.374025472005208,14.588848304748534,14.914192708333333,14.849123827616374
710,-1.4159067554293938,-1.4704397556916722,-1.4704397556916722,0.7691537602892462,0.0709,0.0010007062228396535,0.008717726582204396,0.09308762539107844,9.904163072694022,-0.5532053540150325,-1.3370974550644557,-1.3370974550644557,0.7838921005527179,0.001000719895819202,0.010241153308500846,0.11298455403496822,11.99351946512858,10.956672032674154,11.345855712890625,10.956672032674154,14.583398119608562,14.031895192464193,14.142195777893068
711,-1.406731717991379,-1.4574530574510682,-1.4574530574510682,0.7143850112861058,0.071,0.001000597651274699,0.008836946362313235,0.09127503777590562,9.957238440243703,-0.5686342810591062,-1.3257417261600495,-1.3257417261600495,0.7571074455976486,0.0010006287775468081,0.008680856701297065,0.08686892840390405,11.947942161560059,11.355587577819824,11.143044694264729,11.355587577819824,14.12715638478597,12.12751948038737,12.52744686126709
712,-1.3976401304298978,-1.4548262087803967,-1.4548262087803967,0.8043050490460306,0.0711,0.0010006248968530377,0.009250042885366195,0.11389441886600458,10.10796558632041,-0.6235691676537196,-1.40490203499794,-1.40490203499794,0.7813328673442205,0.0010006205023576815,0.010098005171554784,0.11043911899129549,11.324976412455241,10.070524565378825,10.555365308125813,10.070524565378825,12.555981508890788,14.423244412740072,14.049791831970216
713,-1.4475484771548577,-1.5005686553019397,-1.5005686553019397,0.7446653646118236,0.0712,0.0010004627456853413,0.00827530256630677,0.0935590673800347,9.576532345897746,-0.5917113214731217,-1.3915882925192515,-1.3915882925192515,0.799876972536246,0.001000715543826421,0.009546235009717444,0.106398169323802,11.781723785400391,10.94924513498942,10.362091000874837,10.94924513498942,14.222026062011718,12.985593223571778,13.232879791259766
714,-1.4291755995660458,-1.4843796559099882,-1.4843796559099882,0.7742504882362654,0.0713,0.0010004870127886534,0.00866263502997891,0.10012055905360095,9.502527353898534,-0.6049839069445928,-1.375607148806254,-1.375607148806254,0.7706232418616613,0.0010006264434196054,0.009000784678695103,0.10858668327952424,11.985023784637452,10.793027623494465,10.506631088256835,10.793027623494465,13.153733094533285,11.893274752298991,12.145366420745852
715,-1.4026415348052979,-1.460957001965001,-1.460957001965001,0.8167432355430891,0.0714,0.0010007416416521905,0.009230954366085946,0.10503166611745672,10.084105698567516,-0.46513342459996543,-1.4136662224928538,-1.4136662224928538,0.9485327978928884,0.0010008915812553217,0.011619628647652765,0.1565542748197913,11.1838316599528,10.22948767344157,10.15848093032837,10.22948767344157,13.496735127766927,13.47634671529134,13.480424397786457
716,-1.4406515404863178,-1.4941261804328774,-1.4941261804328774,0.7478971217038497,0.0715,0.0010004898682588114,0.008609328502437697,0.09317190154402885,9.603737561207897,-0.5177935371796291,-1.3447567174832027,-1.3447567174832027,0.826963180800279,0.0010006523982156069,0.008879900095053017,0.10212817614277205,11.855880737304688,11.357889747619629,10.52242997487386,11.357889747619629,14.163455168406168,13.696774609883626,13.790110721588135
717,-1.433434472893769,-1.4887216147386804,-1.4887216147386804,0.7721668015111167,0.0716,0.001000595992905492,0.008562615483928964,0.10296226359622658,9.609862291587973,-0.5353925138711929,-1.3874232053756714,-1.3874232053756714,0.8520306915044784,0.001000484360459571,0.009146739589050412,0.09913265087331334,11.473059018452963,10.833297284444173,10.343384838104248,10.833297284444173,13.22384204864502,13.738285001118978,13.635396410624187
718,-1.4202259666514847,-1.4773160264177143,-1.4773160264177143,0.7962350378621299,0.0717,0.0010006037290331046,0.008507532322392711,0.09931078634031539,9.789660993612037,-0.43070056438446047,-1.2603920777638753,-1.2603920777638753,0.8296915133794148,0.0010005809890571982,0.008233667824727793,0.09447739301249385,12.077070172627767,11.470276133219402,11.486115074157714,11.470276133219402,13.632502047220866,13.624398040771485,13.626018842061363
719,-1.4677366558110938,-1.5252339547535159,-1.5252339547535159,0.8007981091175439,0.0718,0.0010004147320528919,0.00772352492489483,0.09077633154701512,9.122591756424814,-0.709814828634262,-1.474074472983678,-1.474074472983678,0.7642596448461215,0.0010005553058969477,0.007702240960982939,0.10749686531101664,10.732726097106934,9.829852294921874,8.8778902053833,9.829852294921874,11.589419841766357,11.256966241200765,11.323456961313884
720,-1.4037354734708678,-1.4603839359193478,-1.4603839359193478,0.7878784368622977,0.0719,0.0010005668956645816,0.009475339959674287,0.11618181353188911,10.186412316448283,-0.5702723413705826,-1.3893377224604289,-1.3893377224604289,0.8190653810898463,0.001000538309259961,0.010025300683143239,0.11985378166039785,11.598251088460286,10.575624338785808,10.50317169825236,10.575624338785808,13.17263298034668,14.298452854156494,14.073288879394532
721,-1.4602850608105928,-1.5145891814861658,-1.5145891814861658,0.7542240203551527,0.072,0.0010004971694763539,0.008061780031981334,0.0981588436044612,9.2088504017524,-0.5042344748973846,-1.3637176156044006,-1.3637176156044006,0.8594831402103106,0.0010006359758942078,0.010128934619327385,0.12891322262585164,11.457376988728841,11.131136957804362,11.214926401774088,11.131136957804362,13.45182367960612,14.846073341369628,14.567223409016929
722,-1.394893266120047,-1.4502525801928539,-1.4502525801928539,0.7678129807958063,0.0721,0.0010005785547688884,0.008936738709585284,0.11102854411275882,10.023467621713314,-0.6765864839156469,-1.4117822647094727,-1.4117822647094727,0.7351957798004151,0.001000649763348823,0.011254567489959299,0.1174687626461188,11.504757754007976,10.745241864522297,10.815295728047689,10.745241864522297,12.552060063680013,16.316928545633953,15.563954849243165
723,-1.4070928479140659,-1.4612368783860836,-1.4612368783860836,0.7499172968684502,0.0722,0.001000676251385572,0.00851629518921364,0.10261531571312896,9.776080302472385,-0.5731944640477499,-1.428586059808731,-1.428586059808731,0.8553915947675705,0.0010005336429458112,0.009936740746100743,0.12499682965377966,11.600652376810709,10.360318597157796,9.839660040537517,10.360318597157796,12.446670468648275,12.073681672414144,12.14827943166097
724,-1.4772614757969695,-1.532527673919246,-1.532527673919246,0.7644010028749142,0.0723,0.0010004131307930879,0.007743471504171502,0.09994461104484662,9.175496434265712,-0.34081019858519235,-1.1978313674529393,-1.1978313674529393,0.857021168867747,0.0010003673979857317,0.00824722743127495,0.12481508161872626,12.629073524475098,11.398994127909342,11.074922625223795,11.398994127909342,14.242706108093262,13.383436330159505,13.555290285746258
725,-1.4372525844933852,-1.493346095085144,-1.493346095085144,0.7747723285881978,0.0724,0.001000480423242135,0.008821003947336719,0.12063563133607495,9.620577668243984,-0.6165201544761658,-1.4165084103743235,-1.4165084103743235,0.7999882558981578,0.0010005669047435126,0.009078164429714283,0.11796537830183904,11.12607307434082,9.95240904490153,9.883143520355224,9.95240904490153,12.079466088612874,14.581657791137696,14.081219450632732
726,-1.4586976181786016,-1.509533888888809,-1.509533888888809,0.701189898095041,0.0725,0.0010005206743887855,0.008063860211240233,0.10217729151108355,9.375406346231136,-0.7123577723900477,-1.4925494968891144,-1.4925494968891144,0.7801917215188344,0.001000501539480562,0.006607173705318322,0.07727355373402436,9.923339398701986,9.380902703603109,9.136511961619059,9.380902703603109,11.004573154449464,9.941789849599202,10.154346510569255
727,-1.4819596533505421,-1.535308615216669,-1.535308615216669,0.734834279654161,0.0726,0.001000539028472355,0.007961248197012915,0.0947110902096303,9.247565062540883,-0.5662502194444339,-1.3177493572235108,-1.3177493572235108,0.7514991377790768,0.0010005389728272955,0.007643912460965415,0.11094695705299576,12.024838829040528,11.67132428487142,10.786771011352538,11.67132428487142,14.009403800964355,13.61837952931722,13.696584383646648
728,-1.4167877401945725,-1.4706907339815825,-1.4706907339815825,0.7414442019642524,0.0727,0.001000621149597584,0.008811716974343894,0.09681552420106698,9.861347459397226,-0.684895654519399,-1.387798509001732,-1.387798509001732,0.7029028549790383,0.0010006229082743328,0.009250176775579651,0.11455928698802988,11.096324602762857,10.616750907897949,10.991021219889323,10.616750907897949,13.588535372416178,13.573668162027994,13.576641604105632
729,-1.4684647591608875,-1.5199761233239804,-1.5199761233239804,0.7075735167512354,0.0728,0.0010005322236673168,0.00808630762446039,0.0908126756900324,9.166249050284332,-0.7716105570395787,-1.4509120722611746,-1.4509120722611746,0.6793015132347743,0.0010004123614635319,0.006976912597504755,0.08550828254471222,10.976033020019532,9.680753676096598,9.186314137776693,9.680753676096598,11.191662470499674,11.747152837117513,11.636054763793947
730,-1.474329928182206,-1.5258325225902054,-1.5258325225902054,0.7064828332865013,0.0729,0.0010005494267767612,0.007738166519458282,0.09357355007866644,9.15327755010353,-0.47829580307006836,-1.3405427634716034,-1.3405427634716034,0.8622469594081242,0.001000659024187674,0.010001387951585153,0.14018646938105425,11.997221883138021,11.085251490275065,10.790497779846191,11.085251490275065,13.2485902150472,15.425225512186687,14.98989845275879
731,-1.4661944294875522,-1.522717129509404,-1.522717129509404,0.7742834979633115,0.073,0.0010005981037568934,0.008096330315928976,0.10408021404214625,9.126637953632283,-0.5729630788167318,-1.370399425427119,-1.370399425427119,0.7974363466103872,0.001000607650106152,0.010355898124786714,0.12671795161440969,12.543359247843425,11.831576855977376,10.802438894907633,11.831576855977376,13.503585879007975,15.74774595896403,15.298913942972819
732,-1.4156206756267908,-1.4691570097545408,-1.4691570097545408,0.7323712267965641,0.0731,0.0010006016423433739,0.008691764304871267,0.11211075387754531,9.905788736523322,-0.7576980302731197,-1.4475650807221732,-1.4475650807221732,0.6898670484622319,0.0010009142764223118,0.010065415827557444,0.11836015681425731,11.120178349812825,10.40100990931193,9.858019415537516,10.40100990931193,11.8609743754069,11.938897736867268,11.923313064575195
733,-1.4562202984432004,-1.5129111262987245,-1.5129111262987245,0.774464877146595,0.0732,0.001000508635287296,0.008444284093302657,0.11016192687851079,9.420009028236821,-0.4708609749873479,-1.3263726244370142,-1.3263726244370142,0.8555116494496663,0.0010003640704477827,0.008345615087697903,0.12061967647944888,12.03921578725179,11.347123018900554,10.929430039723714,11.347123018900554,13.95970106124878,13.733837509155274,13.779010219573976
734,-1.3865296683221493,-1.4401371546511381,-1.4401371546511381,0.7313436207906255,0.0733,0.0010004926424578957,0.010043607761134516,0.1321247483269786,10.419098449203203,-0.6776585082213084,-1.4157061179478962,-1.4157061179478962,0.7380476082364719,0.001000526687130332,0.008827056696948906,0.10807988842328389,11.48151117960612,10.758131408691407,10.299262936909994,10.758131408691407,12.880168279012045,11.421392822265625,11.71314791361491
735,-1.4521701572076329,-1.504499466914051,-1.504499466914051,0.7129335690219447,0.0734,0.0010005507337034873,0.008100487010658911,0.09639102220535278,9.425135018690577,-0.5467159201701483,-1.2748480955759685,-1.2748480955759685,0.728132176399231,0.0010008298054647942,0.010281766974367201,0.11404462543626627,13.116597938537598,12.092811393737794,12.157062594095866,12.092811393737794,13.724696922302247,16.17506351470947,15.684990196228027
736,-1.4093626928779315,-1.4663258678508255,-1.4663258678508255,0.7750090444987675,0.0735,0.0010006856524719383,0.009053117665901498,0.10169325818149548,9.87693199121727,-0.6838220894336701,-1.430087580283483,-1.430087580283483,0.7462654918432235,0.0010008425917476416,0.01159710226735721,0.13873055304090182,10.512283039093017,9.928902753194173,9.961845175425212,9.928902753194173,11.111672846476237,13.717973963419597,13.196713740030926
737,-1.430515853863842,-1.4841300608976833,-1.4841300608976833,0.7284538565941576,0.0736,0.0010008350440810592,0.009228683445813521,0.10326994980140677,9.649922991698643,-0.6473460137844086,-1.4771504362424215,-1.4771504362424215,0.8298044234514237,0.0010006767833450189,0.008601173611047367,0.10789079321548342,10.490433629353841,9.507004547119141,9.333652146657307,9.507004547119141,11.75851141611735,13.092780017852784,12.8259262975057
738,-1.4898172369543112,-1.5480559884377245,-1.5480559884377245,0.7902137131061194,0.0737,0.0010005203888417695,0.0071365705796710725,0.08732570479360391,8.919331550598145,-0.636197300752004,-1.4012851297855378,-1.4012851297855378,0.7650878275434176,0.001000547403236851,0.006875947009151181,0.0715219714368383,11.319706026713053,10.555641174316406,10.19614995320638,10.555641174316406,13.28015422821045,11.548956362406413,11.89519593556722
739,-1.4780875984227881,-1.5327124910534553,-1.5327124910534553,0.740174653395167,0.0738,0.0010007730496274132,0.0072411929591084424,0.08084722864880876,8.86163586490559,-0.497395983338356,-1.3784429927666981,-1.3784429927666981,0.8810470094283421,0.0010008303564973176,0.008685992766792576,0.10927273094033202,11.172407531738282,11.022459602355957,10.202437909444173,11.022459602355957,12.70720911026001,13.02465394337972,12.961164976755779
740,-1.4569799135316093,-1.5124505285946828,-1.5124505285946828,0.7506173191205511,0.0739,0.001000773890892852,0.007990275456939103,0.097635824725313,9.202396113917512,-0.656619980931282,-1.3634359270334244,-1.3634359270334244,0.7068159470955531,0.0010009666128704944,0.0090962880756706,0.10137043052042524,12.392583974202473,11.07995309829712,10.697424825032552,11.07995309829712,14.023908933003744,13.634418233235676,13.71231637318929
741,-1.459695687833822,-1.5144584088955286,-1.5144584088955286,0.740036665830972,0.074,0.0010006932655946825,0.007585158879113085,0.09377795823340146,9.282537838198104,-0.5583259701728821,-1.3910768806934357,-1.3910768806934357,0.8327509100238483,0.0010009386130453398,0.00966360019519925,0.11277050406982501,11.868280919392904,11.193556467692057,10.725530370076497,11.193556467692057,14.2269136428833,12.53205140431722,12.871023852030437
742,-1.463702010658552,-1.5220783521544259,-1.5220783521544259,0.787804828499848,0.0741,0.0010006635818841322,0.008141866221777955,0.1089778333761782,9.288420672686595,-0.6231268813212713,-1.3441934277613958,-1.3441934277613958,0.7210665459434191,0.0010009872959926725,0.009683245816268027,0.11506471196189523,11.766560554504395,11.145668029785156,11.893353589375813,11.145668029785156,13.101625760396322,15.32889003753662,14.883437182108562
743,-1.4170089645205803,-1.4731680031092662,-1.4731680031092662,0.7568603337935682,0.0742,0.0010005958303633444,0.008623344762215638,0.10368408564970179,9.83599795935289,-0.50954609811306,-1.3952932914098104,-1.3952932914098104,0.8857471932967503,0.0010008043318521231,0.01085798239801079,0.13612988892321784,11.585023307800293,11.034936904907227,10.620867919921874,11.034936904907227,11.94503698348999,13.401150449117024,13.109927755991619
744,-1.44953283498872,-1.5054388113741606,-1.5054388113741606,0.7524358073495468,0.0743,0.001000657310832362,0.008405526678236026,0.09957608362694956,9.276221149372605,-0.6790839155515035,-1.3838767727216086,-1.3838767727216086,0.7047928566733996,0.001000979352587213,0.009610744713184734,0.11298278414954742,12.071556981404623,10.761362520853679,9.805362351735432,10.761362520853679,11.749299748738606,11.806758340199789,11.795266621907553
745,-1.443340189052078,-1.4986632500054702,-1.4986632500054702,0.743589532825182,0.0744,0.0010006341244146791,0.008444410247974238,0.11817858603624802,9.541301097509995,-0.5740912546714146,-1.3302538096904755,-1.3302538096904755,0.75616255402565,0.0010008698833795886,0.010747779866990943,0.14756096738080185,12.474209340413411,12.045424016316732,11.25154514312744,12.045424016316732,13.656692377726237,14.8672913869222,14.62517158508301
746,-1.4270192092319705,-1.4800399451885584,-1.4800399451885584,0.7116875058075167,0.0745,0.0010006710807880703,0.00906230880492279,0.12307698160128773,9.818042215311303,-0.7223017831643422,-1.4052289426326752,-1.4052289426326752,0.6829271599650383,0.0010007423678568253,0.011736392811872064,0.14584077478696902,12.387765248616537,11.065183321634928,10.404786491394043,11.065183321634928,14.10186767578125,12.931788190205891,13.165804087320964
747,-1.4298847351434096,-1.4819148756423086,-1.4819148756423086,0.6974549349748863,0.0746,0.001000530817897393,0.009040599583454852,0.12191993367137774,9.665402619343883,-0.6743123143911361,-1.340868412454923,-1.340868412454923,0.6665561005473137,0.001000792005409797,0.014199471178775033,0.16938529163599014,12.5689027150472,11.684660657246907,11.957577196756999,11.684660657246907,15.929436620076498,16.730585702260335,16.57035588582357
748,-1.4341587907863114,-1.4892654868791688,-1.4892654868791688,0.7377066960874593,0.0747,0.001000578556965404,0.008362273971181153,0.1055609237332389,9.711188172394374,-0.503707867860794,-1.3019097417593002,-1.3019097417593002,0.7982018738985062,0.0010004719156616678,0.0071829221250178914,0.10794599534322818,12.370253690083821,11.210019302368163,10.687989362080891,11.210019302368163,14.849137655893962,11.686084747314453,12.318695329030355
749,-1.4535790164515656,-1.50617087337206,-1.50617087337206,0.7030997118859921,0.0748,0.0010006346647574934,0.008360129570201883,0.10007592747515102,9.291382654657903,-0.6645031243562698,-1.3936235467592875,-1.3936235467592875,0.7291204243898392,0.001000801962800324,0.009338651256014904,0.10987417654444774,10.963458824157716,10.728572368621826,10.200283845265707,10.728572368621826,13.177816390991211,13.292157173156738,13.269289016723635
750,-1.4045570661436837,-1.4622332881081779,-1.4622332881081779,0.7700429868023351,0.0749,0.0010006401648323209,0.008892243438101601,0.11498707884325171,9.904864563132232,-0.6818079660336177,-1.3964778125286101,-1.3964778125286101,0.7146698474884033,0.0010007030272390694,0.009141344802143674,0.12427354666093986,10.879708162943523,10.29635492960612,10.419211451212565,10.29635492960612,13.164883232116699,13.966110928853352,13.805865389506021
751,-1.438010940011942,-1.49175474553738,-1.49175474553738,0.7165839823911775,0.075,0.001000607015020302,0.009131798046236893,0.1193617857149187,9.832333699712214,-0.5137053002913793,-1.3065236995617548,-1.3065236995617548,0.7928183992703756,0.0010004288361718258,0.008711664976241687,0.11117787330100934,12.785885492960611,11.516794141133627,10.705096467336018,11.516794141133627,11.604790019989014,14.188916969299317,13.672091579437257
752,-1.4000387439187967,-1.4512397028365225,-1.4512397028365225,0.6817705237640524,0.0751,0.001000619708683412,0.009201504465825152,0.1120113445410751,10.050918219224462,-0.6094899833202362,-1.3388792127370834,-1.3388792127370834,0.7293892304102579,0.0010006476775743067,0.011585998620527485,0.14604759390155475,12.687310155232748,11.605484835306804,11.219150352478028,11.605484835306804,13.065833473205567,13.511220995585123,13.422143491109214
753,-1.443669838725396,-1.4996441332799084,-1.4996441332799084,0.7443390657316964,0.0752,0.0010004048235714436,0.008792692241873944,0.1140853357062025,9.58857862004694,-0.6399616261323293,-1.407672393321991,-1.407672393321991,0.7677107671896617,0.0010004149167798459,0.008525318140164018,0.11573109639187654,11.370066706339518,10.281099700927735,10.575782076517742,10.281099700927735,12.66143077214559,13.719438934326172,13.507837301890056
754,-1.3961792801910977,-1.4491288369556643,-1.4491288369556643,0.703181543440189,0.0753,0.0010005561459176945,0.009016052521062348,0.11521691242057197,10.137379457365792,-0.7201293309529623,-1.386787978808085,-1.386787978808085,0.6666586483518283,0.0010005415611279507,0.012594174065937599,0.1572749026119709,12.372237714131673,10.712427647908529,10.77369441986084,10.712427647908529,14.011095873514812,14.77085755666097,14.618905220031738
755,-1.4182928800582886,-1.4704918265342712,-1.4704918265342712,0.6922936917475935,0.0754,0.001000578614074807,0.008934283734492536,0.11670442923622311,9.870017807438689,-0.6254198670387268,-1.385306562980016,-1.385306562980016,0.7598866959412892,0.0010006287329209348,0.009233081232135494,0.10834794969608387,11.392997296651204,11.054839007059734,11.219655799865723,11.054839007059734,14.223137219746908,16.56773223876953,16.098813234965007
756,-1.4873373800853513,-1.5428678224671561,-1.5428678224671561,0.7355025000167343,0.0755,0.001000492947773551,0.007872167684770417,0.10263047177555426,9.154828917305425,-0.6103747467199961,-1.33834311068058,-1.33834311068058,0.7279683644572894,0.0010008734107638398,0.009285869798623026,0.10394844251374404,11.764394950866699,11.831302642822266,11.520044581095378,11.831302642822266,13.393997510274252,15.960893821716308,15.447514559427898
757,-1.4136762619018555,-1.4672694138760836,-1.4672694138760836,0.7089040723611724,0.0756,0.0010005888454440348,0.009003474175016273,0.1132454422284972,9.885408779360214,-0.5717171331246694,-1.3080218782027562,-1.3080218782027562,0.7363047450780869,0.0010005848559861382,0.0095255631643037,0.10250502368435263,12.565111859639485,11.639189497629802,11.475889523824057,11.639189497629802,15.309730847676596,13.494564755757649,13.85759797414144
758,-1.423181823964389,-1.4736084263279754,-1.4736084263279754,0.6661374507085333,0.0757,0.001000580656834228,0.008802109810892703,0.11221169342972198,9.778793955748936,-0.6027049422264099,-1.4027467131614686,-1.4027467131614686,0.8000417704383532,0.001000747730722651,0.009844428362945716,0.12412623030443987,11.234151077270507,10.590934022267659,10.60943988164266,10.590934022267659,12.31496073404948,14.20165875752767,13.824319152832032
759,-1.3983891280192249,-1.4558902843943182,-1.4558902843943182,0.7585903608574057,0.0758,0.0010006185686918644,0.009578735163470483,0.11818425722841946,10.016182287684027,-0.5857163498799006,-1.3925326605637869,-1.3925326605637869,0.8068163121740023,0.0010007685884678116,0.011877011119698485,0.16595450130601724,12.220885340372721,10.688674640655517,10.290488402048746,10.688674640655517,13.337706629435221,12.026188214619955,12.288491897583008
760,-1.40969025976253,-1.4652129974005357,-1.4652129974005357,0.7315249077554019,0.0759,0.0010006043748086635,0.00970534257204184,0.12854245375349838,9.962636488788533,-0.34731046507755914,-1.2485809192061423,-1.2485809192061423,0.901270455121994,0.0010004196781665086,0.008363538623477022,0.11647590066616734,12.781326993306477,11.854962793986003,12.201295026143391,11.854962793986003,18.333494313557942,14.970785204569498,15.643327026367189
761,-1.403866488978548,-1.4574912561560578,-1.4574912561560578,0.7055891375496702,0.076,0.0010005324037815884,0.010003007913254341,0.1317261563227424,9.93541721128068,-0.7194294169545173,-1.3872795472542445,-1.3872795472542445,0.6678501317898432,0.0010004309103048097,0.009294458897784352,0.10835398988177379,11.6411834081014,10.91751832962036,9.597543589274089,10.91751832962036,12.467157904307047,11.92943131128947,12.036976629892987
762,-1.4393543612282231,-1.4918995285933871,-1.4918995285933871,0.6904752867401771,0.0761,0.001000566120294608,0.00789556446713659,0.09397223967847959,9.530869591910884,-0.6962684134642283,-1.4518146504958471,-1.4518146504958471,0.7555462370316187,0.0010005348905300102,0.007475150291187068,0.0935847472709914,11.061590925852459,9.867760848999023,9.448679288228353,9.867760848999023,11.978708839416504,11.237812423706055,11.385991706848145
763,-1.4380348133590986,-1.492947704387161,-1.492947704387161,0.7206416422466062,0.0762,0.0010005805645805766,0.00830696567998461,0.11462144659094091,9.438809826688946,-0.6396058907111486,-1.3335058023532231,-1.3335058023532231,0.6938999116420745,0.0010008206959658613,0.009925897194383046,0.12251288946717978,12.411477343241375,11.996906089782716,12.252694829305012,11.996906089782716,15.481130345662434,17.488506507873534,17.087031275431315
764,-1.4336435187537715,-1.4874968911116977,-1.4874968911116977,0.7058107858558871,0.0763,0.0010006636697447524,0.00881815668336063,0.11776413561178828,9.67351249478898,-0.499311629931132,-1.3545095026493073,-1.3545095026493073,0.8551978717247645,0.0010006366414017976,0.01088676614065965,0.15840921284010012,12.016296005249023,10.977424303690592,10.751848538716635,10.977424303690592,13.079631360371907,14.68698673248291,14.365515658060712
765,-1.498872678234892,-1.5478045895414532,-1.5478045895414532,0.6404699868751023,0.0764,0.0010004888249139459,0.0075318479892920774,0.09676679055083473,8.786603306824306,-0.7300072371959686,-1.4166069388389588,-1.4166069388389588,0.6865997011462848,0.001000559578339259,0.006791385550362368,0.09470096565783023,10.97766768137614,9.895908419291178,9.746269543965658,9.895908419291178,11.327016131083171,14.222686386108398,13.643552335103353
766,-1.4603072539815363,-1.50909468137993,-1.50909468137993,0.6377441382633066,0.0765,0.0010007104203807859,0.007669689568673384,0.08843257313348213,9.295052924246159,-0.7431621710459392,-1.3389644771814346,-1.3389644771814346,0.5958023046453794,0.0010005563012479494,0.00820580394162486,0.09292036000018318,11.814147758483887,11.216158803304037,10.662256622314453,11.216158803304037,13.402373441060384,13.273805300394693,13.299518928527831
767,-1.4334730179804676,-1.4817486664034285,-1.4817486664034285,0.6302303997975476,0.0766,0.0010006137627159369,0.008879527089379306,0.10217809659551899,9.716373200686473,-0.6688846220572789,-1.3217216114203134,-1.3217216114203134,0.6528369878729184,0.001001060587198784,0.012138809938915075,0.1456029511988163,11.845473162333171,11.346953964233398,11.690857823689779,11.346953964233398,16.285025978088377,14.681686719258627,15.00235457102458
768,-1.4830645896353811,-1.5347773905070323,-1.5347773905070323,0.6742216298040354,0.0767,0.0010005482318723258,0.00726827989631104,0.08777602189132627,8.804959342164814,-0.6308308412631353,-1.3218365788459778,-1.3218365788459778,0.6910057385762532,0.001000577366600434,0.008345789765007794,0.11098585017025471,12.246956253051758,11.814936192830404,11.357178274790446,11.814936192830404,15.649814224243164,15.905900446573893,15.854683202107749
769,-1.447512462454022,-1.4985795538380462,-1.4985795538380462,0.66493606792306,0.0768,0.0010007305580349464,0.008059896871377275,0.09092288225326899,9.427093424887028,-0.6821074277162552,-1.3892975231011708,-1.3892975231011708,0.7071900938947996,0.0010005062795244157,0.007145970376829306,0.09348664414137602,11.560475222269694,10.559812863667807,10.316914304097493,10.559812863667807,14.261666679382325,13.055772590637208,13.296951408386231
770,-1.4584916492678084,-1.5083279429741625,-1.5083279429741625,0.6480662541569404,0.0769,0.0010005390021141688,0.007894976328144659,0.09864786562492263,9.45354612818304,-0.6517106771469117,-1.3094351788361867,-1.3094351788361867,0.6577245016892751,0.001000535705437263,0.007927446688214938,0.10842482388640444,11.69170659383138,11.368498675028484,11.378238042195639,11.368498675028484,13.764131546020508,14.617543411254882,14.446861038208008
771,-1.4474180824351761,-1.4962889495885596,-1.4962889495885596,0.6346865757456366,0.077,0.0010006052556113814,0.008326780683589432,0.09549776844258578,9.407170835530982,-0.735171780983607,-1.3904288411140442,-1.3904288411140442,0.6552570601304372,0.001000797952292487,0.008538108668290079,0.10985305486246943,11.31984920501709,9.991594378153483,10.241936906178791,9.991594378153483,13.905011049906413,15.327454948425293,15.042966168721518
772,-1.4259673019625105,-1.475996217637692,-1.475996217637692,0.6488833944752531,0.0771,0.001000651968906651,0.009665289902532438,0.11743452814671229,9.93388636607044,-0.7156225562095642,-1.3606115937232972,-1.3606115937232972,0.6449890385071436,0.0010005172885333498,0.008722574349182348,0.11813704296946526,11.931688245137533,11.15159912109375,10.523730595906576,11.15159912109375,12.396128304799397,15.861844317118328,15.168701114654542
773,-1.427888863491562,-1.4759938919319298,-1.4759938919319298,0.6231220797547754,0.0772,0.0010004819629995047,0.008973550025092543,0.10257522167883953,9.928745116827622,-0.7528812289237976,-1.4341847022374472,-1.4341847022374472,0.6813034718235333,0.0010003699358397474,0.007325223941976825,0.08008561059832572,10.551586310068766,9.961757405598958,9.97671438852946,9.961757405598958,12.070738983154296,12.726724274953206,12.595527216593425
774,-1.4573378056850073,-1.5044943352915205,-1.5044943352915205,0.6100457136361104,0.0773,0.0010005083321681563,0.007906081031937644,0.09152749036702346,9.2996503092208,-0.6172873944044113,-1.3319706757863363,-1.3319706757863363,0.7146832793951035,0.0010006380965933205,0.007641600297453503,0.09480469928433498,11.373856989542643,10.81941598256429,10.704771359761557,10.81941598256429,13.24565258026123,12.657622464497884,12.775228487650553
775,-1.469354343864153,-1.5169213650361546,-1.5169213650361546,0.6145610455072151,0.0774,0.001000669352130367,0.007755146177380152,0.09212338562422204,9.23227639468211,-0.665843054652214,-1.366838413476944,-1.366838413476944,0.70099535882473,0.0010014449013397097,0.01549248033358405,0.1801094902679324,12.035225931803385,11.695628992716472,11.22332337697347,11.695628992716472,13.007585207621256,16.7455197652181,15.997932853698732
776,-1.4226653643374174,-1.470035804892486,-1.470035804892486,0.6112314097161563,0.0775,0.0010007218093136853,0.008996160235255957,0.093878012853411,9.792167348681756,-0.633736272652944,-1.3077311038970947,-1.3077311038970947,0.6739948297540347,0.0010008735116571188,0.010312850338717301,0.10716009177267552,12.470830154418945,11.961074765523275,12.351815986633301,11.961074765523275,13.81336161295573,16.082001558939616,15.628273569742841
777,-1.397497737182761,-1.4444806958144565,-1.4444806958144565,0.6054504018909527,0.0776,0.0010007476601046773,0.010098250420272068,0.11729336621345214,10.382301528498811,-0.6823128432035446,-1.3475761234760284,-1.3475761234760284,0.665263279279073,0.001000896084588021,0.009005602860512833,0.08835345885405937,11.971090825398763,11.840059153238933,11.34657554626465,11.840059153238933,12.779718716939291,16.47015749613444,15.732069740295412
778,-1.413243959534843,-1.4634145520768076,-1.4634145520768076,0.645696185669809,0.0777,0.001000612622724389,0.008951419700850855,0.10644317924414042,9.964507426855699,-0.6590021600325903,-1.4075950006643931,-1.4075950006643931,0.7485928411285082,0.0010007349502605698,0.010463991668075323,0.10878549367189408,11.4031130472819,10.570551681518555,9.957033729553222,10.570551681518555,12.174871571858723,11.382026481628419,11.540595499674481
779,-1.473807301161424,-1.5226217598285314,-1.5226217598285314,0.627435307457762,0.0778,0.0010005476541887477,0.008038491485113243,0.10386520729593511,9.25882129849128,-0.6581755816936493,-1.2969495803117752,-1.2969495803117752,0.6387739991148312,0.001000735208314533,0.008737290208227933,0.1184678692681094,12.236788558959962,11.434123547871907,11.385879135131836,11.434123547871907,13.305336825052898,14.129210154215494,13.964435488382975
780,-1.4536055652600415,-1.5031414189428653,-1.5031414189428653,0.6358902797384082,0.0779,0.0010006295358937867,0.008342052150939434,0.10205249741392315,9.46873621670705,-0.5022444973389307,-1.1993961701790492,-1.1993961701790492,0.6971516708532969,0.0010008290196613719,0.013051149854436516,0.14177407522996266,14.614113934834798,13.665004857381184,13.204307365417481,13.665004857381184,17.425695419311523,19.31340847015381,18.935865859985352
781,-1.4070744761880838,-1.4539726230333436,-1.4539726230333436,0.6012583076953888,0.078,0.0010006743338275349,0.009634668517084617,0.1218369167368367,10.058761983547571,-0.813318379720052,-1.4695006211598713,-1.4695006211598713,0.6561822414398193,0.0010006294081298013,0.010281904810108244,0.11925924128542344,10.881018575032552,9.678137397766113,9.313810761769613,9.678137397766113,10.898219362894695,13.572192700703939,13.037398033142091
782,-1.4630310557923227,-1.510754499795302,-1.510754499795302,0.6110556181871666,0.0781,0.0010004510821880034,0.00780101192517663,0.1003895404239027,9.309345983109385,-0.6787677864233653,-1.3568733513355256,-1.3568733513355256,0.6781055649121602,0.0010004408191889524,0.006825837745176007,0.08698323921610912,11.352586873372395,10.919285456339518,10.818339888254801,10.919285456339518,14.038731988271078,14.279545752207438,14.231382999420166
783,-1.4346926459726297,-1.482731526752688,-1.482731526752688,0.6143079473162597,0.0782,0.0010006171343672388,0.008950058581694117,0.1159609781824193,9.879636170729151,-0.7008594751358033,-1.3767211814721425,-1.3767211814721425,0.6758617028594017,0.0010006204538512975,0.009464027476496994,0.11170247520009677,11.403279113769532,10.819372876485188,10.66253833770752,10.819372876485188,12.948838170369466,13.175786018371582,13.13039644877116
784,-1.4487734335773397,-1.5012768327065233,-1.5012768327065233,0.6705416474702224,0.0783,0.0010006293953167943,0.008906036373754998,0.11776826600983457,9.742292916999673,-0.8851506888866425,-1.508182736237844,-1.508182736237844,0.6230320453643798,0.0010006117498657355,0.008462122144798438,0.12973713514705498,10.075438594818115,9.546117877960205,9.140934721628826,9.546117877960205,10.857320594787598,11.879339663187663,11.67493584950765
785,-1.4935972465659089,-1.543644682416376,-1.543644682416376,0.6383601477685964,0.0784,0.001000481868549338,0.007759903008469714,0.10757057591921317,8.894196933170534,-0.5788666864236196,-1.2614934007326761,-1.2614934007326761,0.6826267167925835,0.0010005532705690712,0.009814588050357998,0.15183675326406956,12.728494580586752,11.556728585561116,12.139382807413737,11.556728585561116,14.96941769917806,18.148739624023438,17.512875239054363
786,-1.4535820866530795,-1.499617189731238,-1.499617189731238,0.5864344705950539,0.0785,0.0010005999795811356,0.008580175641361834,0.1081454504351571,9.636424163602433,-0.655477378765742,-1.3197408696015676,-1.3197408696015676,0.6642634893457094,0.0010005152299224088,0.00841934869531542,0.10256610301633676,12.27544371287028,11.588270250956217,11.195194307963053,11.588270250956217,13.419090207417806,14.395880317687988,14.200522295633952
787,-1.4604269536036365,-1.5103150718616989,-1.5103150718616989,0.6347089494174382,0.0786,0.0010005816013358955,0.008502620606208747,0.10798293759800354,9.611920041858026,-0.7242404093345006,-1.328726843992869,-1.328726843992869,0.604486434161663,0.0010006526911941667,0.010054257512092591,0.13621133274088304,12.944035530090332,11.69608662923177,11.454586410522461,11.69608662923177,15.351247151692709,15.11563580830892,15.162758076985678
788,-1.4241357175809033,-1.4719249583640188,-1.4719249583640188,0.6072330323030364,0.0787,0.0010006476176094333,0.010142569298381513,0.1473245400021661,10.016219382016164,-0.7824723184108734,-1.338773383696874,-1.338773383696874,0.556301069756349,0.0010006636555772274,0.0083092143603911,0.10355927444373568,11.734914016723632,11.202403195699056,10.489937909444173,11.202403195699056,12.296565183003743,14.260356203715007,13.867597999572755
789,-1.4672076825825673,-1.5107335616957467,-1.5107335616957467,0.5523589124094765,0.0788,0.001000599768715647,0.00831754189336075,0.10938177482699449,9.506989380098739,-0.5560957014560699,-1.2533163120349249,-1.2533163120349249,0.6972206095854442,0.001000606109543393,0.011475047197503347,0.16820430401712655,13.987698809305828,12.817272281646728,12.685508410135904,12.817272281646728,14.698455174763998,19.599805895487467,18.619535751342774
790,-1.4504973146150697,-1.5009856426490928,-1.5009856426490928,0.6399028121300463,0.0789,0.0010006149773890117,0.008478541814563971,0.10503712883394845,9.39824469584339,-0.7153967767953873,-1.3407436778148016,-1.3407436778148016,0.6253469010194143,0.001000600343104452,0.01263352856040001,0.1572303240497907,12.841466267903646,11.753193537394205,12.334005610148113,11.753193537394205,15.383090464274089,16.44387715657552,16.231719818115234
791,-1.450126220595162,-1.501404973695863,-1.501404973695863,0.649098110648821,0.079,0.0010005720772446607,0.009192423754424419,0.1248208353963663,9.613481584584937,-0.7065925518671672,-1.2965428451697032,-1.2965428451697032,0.5899502942959468,0.001000690390355885,0.008500547024110953,0.10064241020008921,12.326025327046713,11.754508908589681,11.544737561543782,11.754508908589681,13.161512756347657,17.296945317586264,16.469858805338543
792,-1.4772400923495024,-1.5218244970969435,-1.5218244970969435,0.56364610060206,0.0791,0.0010006256875986197,0.00805267606387442,0.10451901349116047,9.24544019519158,-0.7802130748828252,-1.3684003214041391,-1.3684003214041391,0.5881872470180194,0.0010009298624936492,0.012184290355071426,0.16440595984458922,11.719142723083497,11.171190198262533,11.186127535502116,11.171190198262533,13.02430731455485,16.027412573496502,15.426791521708171
793,-1.4332786629784782,-1.4797304936175077,-1.4797304936175077,0.5865130441368751,0.0792,0.0010006715376632957,0.00888393594848238,0.11835291032802384,9.6830901649763,-0.7902551790078481,-1.3760757585366568,-1.3760757585366568,0.5858205777903398,0.0010010405540621528,0.01071266660777231,0.1318700440848867,11.577232297261556,10.846026039123535,10.777036921183269,10.846026039123535,12.655911382039388,13.549170303344727,13.37051851908366
794,-1.430307705447359,-1.4743250878352039,-1.4743250878352039,0.5550741766983608,0.0793,0.0010006684537555248,0.009332611858141873,0.1235543930867933,9.816010448167908,-0.709807676076889,-1.3971911350886026,-1.3971911350886026,0.6873834600051244,0.0010007283339897792,0.00910283710497121,0.1084889080375433,11.440190633138021,10.308648999532064,10.183394145965575,10.308648999532064,11.2938663482666,14.71394681930542,14.029930725097657
795,-1.4681811152764086,-1.517892394425734,-1.517892394425734,0.626086672521987,0.0794,0.0010005746976876595,0.007423606639692806,0.0893041609241715,9.154512558343276,-0.8112272967894872,-1.4197827666997909,-1.4197827666997909,0.6085554694135984,0.001000627357279882,0.00724293856183067,0.07368008177727461,10.955111821492514,9.959237225850423,9.538322925567627,9.959237225850423,11.358571561177571,12.510521443684896,12.280131467183432
796,-1.4195653784949824,-1.4692096530266527,-1.4692096530266527,0.624456302174982,0.0795,0.0010006292810979878,0.009196316963940297,0.11844449412991416,9.927200317382812,-0.7423127094904581,-1.3105514685312907,-1.3105514685312907,0.5682387595375379,0.0010006033233366906,0.01213095480731378,0.18357940968126057,12.864085578918457,12.238346481323243,11.775334294637045,12.238346481323243,14.452926445007325,18.751048914591472,17.891424420674642
797,-1.453537770037381,-1.5030901049667935,-1.5030901049667935,0.6225166928093389,0.0796,0.001000558786129333,0.008592147037457183,0.11769196524653795,9.513561995524281,-0.5453729445735613,-1.192425249516964,-1.192425249516964,0.6470523064335187,0.0010006051471767327,0.0078053276520222425,0.10515634793167312,13.437625503540039,12.315060488382976,11.902298800150554,12.315060488382976,14.076480356852214,12.74095376332601,13.008059082031252
798,-1.4060998761428978,-1.4514910308819897,-1.4514910308819897,0.5695251203932852,0.0797,0.0010007930049707866,0.009124250344510348,0.12464260014722932,9.938640396550017,-0.7412544791897138,-1.321303669611613,-1.321303669611613,0.5800491924087207,0.0010006873208718995,0.007747785250345866,0.08952886216963331,11.613392575581868,11.117754077911377,10.967117341359456,11.117754077911377,14.412857309977214,15.264967727661134,15.09454564412435
799,-1.4732301550091438,-1.521143211508697,-1.521143211508697,0.6004143177338366,0.0798,0.001000597135093555,0.007944258140786638,0.10841564317497443,9.429564952850342,-0.7289203226566314,-1.3846579223871232,-1.3846579223871232,0.6557376022140186,0.0010005777158463994,0.009379350859671832,0.13231630797187488,11.742853482564291,11.053348477681478,10.968557612101238,11.053348477681478,13.805521265665691,15.009053166707357,14.768346786499025
800,-1.387407251124112,-1.4349086149683539,-1.4349086149683539,0.5945102926695122,0.0799,0.0010007818818162635,0.010359648641480028,0.1476338967540354,10.559316824067313,-0.5511780584851901,-1.1748794540762901,-1.1748794540762901,0.6237013911207517,0.0010005155714073529,0.007723383745178581,0.0886251653234164,13.349155362447103,12.65554396311442,12.02858829498291,12.65554396311442,15.461217053731282,16.64197394053141,16.405822563171384
801,-1.4403910153317,-1.487275095480793,-1.487275095480793,0.5860510642798442,0.08,0.0010006120340582336,0.008803219675033723,0.11911914975575681,9.626053918082759,-0.6208116859197617,-1.275202015042305,-1.275202015042305,0.6543903291225434,0.0010004936135374009,0.007100659469142556,0.0871780646033585,12.56875171661377,10.87083822886149,10.52568728129069,10.87083822886149,13.755101013183594,13.61438439687093,13.642527720133463
802,-1.4897037519598908,-1.534321686006942,-1.534321686006942,0.5570279950240873,0.0801,0.001000620940928611,0.007676059230810629,0.10078304376945181,9.158924354697174,-0.6676181654135386,-1.2109281112750372,-1.2109281112750372,0.5433099428812663,0.001000858653181543,0.009153024184828003,0.130888061846296,13.45374355316162,12.789770062764486,12.231650098164875,12.789770062764486,15.471405410766602,17.0060089747111,16.699088261922203
803,-1.4249069814412099,-1.4699336942636743,-1.4699336942636743,0.5614303943683516,0.0802,0.0010007540299996453,0.008940054516677023,0.109147818653651,9.739322185516357,-0.6295170863469441,-1.3841746628284455,-1.3841746628284455,0.7546575764815012,0.0010006716571903478,0.008898973891822001,0.10978322578594088,11.261120096842449,10.54341557820638,10.217858060201008,10.54341557820638,12.043955198923747,15.572416814168294,14.866724491119385
804,-1.424693006389546,-1.474598248049898,-1.474598248049898,0.6214849988244614,0.0803,0.0010006783183066632,0.009251885406040359,0.1310707819911669,9.952606992901496,-0.8656718929608663,-1.4856461882591248,-1.4856461882591248,0.6199743002653122,0.001000678902103876,0.00980670884406815,0.15300443669160207,10.55593334833781,9.587311458587646,9.933451938629151,9.587311458587646,11.129488086700439,15.484829902648926,14.61376153945923
805,-1.480857786142601,-1.5286416872492377,-1.5286416872492377,0.5943271129761102,0.0804,0.0010004305293924124,0.007698685031841105,0.10332337844203103,9.099069991201725,-0.6645969808101654,-1.390559548139572,-1.390559548139572,0.7259625628590584,0.0010006743851893893,0.009341619187034666,0.12463522978747885,11.919687843322754,10.665687624613444,10.023289203643799,10.665687624613444,12.419476826985678,12.356793085734049,12.369329833984375
806,-1.4395248485061358,-1.4902278657229442,-1.4902278657229442,0.6298511742420916,0.0805,0.0010006755572866718,0.008678159298691547,0.1139748473915289,9.688665983811864,-0.7340759803851445,-1.3374057918787003,-1.3374057918787003,0.6033298169573148,0.0010007291818813731,0.011882513156160712,0.151519022633632,12.480791600545247,11.545776812235514,11.066231218973796,11.545776812235514,14.10816733042399,13.814584859212239,13.87330135345459
807,-1.4307431499913055,-1.4806323681237563,-1.4806323681237563,0.6189728592926601,0.0806,0.0010007282670692734,0.009488100159632147,0.12336349536506634,9.778382166376653,-0.8675297190745671,-1.437515883644422,-1.437515883644422,0.5699861591060956,0.0010009704856202006,0.011572172632440925,0.16052223357061546,11.085044288635254,9.880104287465413,9.751484680175782,9.880104287465413,11.303849824269612,16.016888427734376,15.074280707041424
808,-1.5076818556155798,-1.552786815841243,-1.552786815841243,0.558921422598497,0.0807,0.0010006040409383066,0.007625144133168571,0.11060647508305199,8.85360626004777,-0.7179126987854639,-1.290051852663358,-1.290051852663358,0.5721391553680102,0.001000555173959583,0.006785741339748104,0.08908739546313882,11.737524604797363,11.50627613067627,10.98894624710083,11.50627613067627,12.200665950775146,15.465108235677084,14.812219778696697
809,-1.3929592483448532,-1.4408778492009864,-1.4408778492009864,0.5930520082419773,0.0808,0.0010005449942084698,0.008971234950465415,0.1121565488008958,10.138934657258808,-0.8662065237760543,-1.442729510863622,-1.442729510863622,0.5765229900677998,0.0010003921148988109,0.0100421451497823,0.12708442844450474,11.504205513000489,10.416090043385823,10.304557673136394,10.416090043385823,12.983035882314047,11.975741736094157,12.177200565338136
810,-1.4787492954506065,-1.524840125497782,-1.524840125497782,0.5697260245961963,0.0809,0.0010005261283367872,0.007987747913367062,0.10149317326129607,9.095279909529776,-0.6198384046554566,-1.3503257532914479,-1.3503257532914479,0.7304873511195182,0.0010006260902931292,0.007431470463052392,0.08493212644631663,11.544063313802083,10.751075617472331,10.360851732889811,10.751075617472331,12.202554861704508,14.127326075236002,13.742371832529706
811,-1.4537125578466452,-1.5024158482281667,-1.5024158482281667,0.6012752871468382,0.081,0.001000691240407386,0.008081732858148104,0.10837782040800688,9.533620402498066,-0.7868722215294838,-1.3573332200447719,-1.3573332200447719,0.5704609975218773,0.0010006459041809043,0.009607706909688811,0.13236101241782308,12.695891316731771,11.57342046101888,10.957782332102457,11.57342046101888,14.044177373250326,14.44843339920044,14.367582194010417
812,-1.466054916381836,-1.5118295539100215,-1.5118295539100215,0.5644222256147636,0.0811,0.001000672945629735,0.008459619325497802,0.10736306088994134,9.294329679237222,-0.679307825366656,-1.2650833090146383,-1.2650833090146383,0.5857754856348037,0.0010007906045454245,0.009166834216254452,0.13470668656130633,13.375232569376628,12.156612396240234,10.866488043467204,12.156612396240234,12.300205071767172,13.834025065104166,13.527261066436768
813,-1.4633626791666139,-1.5064828373351187,-1.5064828373351187,0.5310365074085739,0.0812,0.0010007419403782994,0.008176913225742162,0.09712079508265234,9.318980360930821,-0.8508608241875967,-1.4604560295740763,-1.4604560295740763,0.609595205883185,0.0010005384567193687,0.0069658916560001675,0.07694253730587661,10.182470194498698,9.506639226277668,9.65392157236735,9.506639226277668,10.772746181488037,13.743246142069498,13.149146149953207
814,-1.443818065355409,-1.4905192087281425,-1.4905192087281425,0.5744298505333235,0.0813,0.0010006574931431492,0.008362006237906104,0.12093985987440595,9.544279620332539,-0.82855324447155,-1.3397476702928544,-1.3397476702928544,0.5111944283048312,0.0010007694790450236,0.01285498208211114,0.1451068164780736,12.426867167154947,11.408095932006836,11.76559034983317,11.408095932006836,14.610261980692545,15.408082135518391,15.248518104553224
815,-1.449212706313943,-1.49224483516981,-1.49224483516981,0.5286502511996143,0.0814,0.0010005300381343881,0.008831305640204897,0.11420933803859747,9.647073763721394,-0.7664721757173538,-1.3529004782438279,-1.3529004782438279,0.5864283040165901,0.001000571297481656,0.008892813650891184,0.11550787814582388,11.850334930419923,11.006156412760417,10.286543464660644,11.006156412760417,13.375845845540365,14.478066953023275,14.257622731526695
816,-1.4811765337890048,-1.5228280886164252,-1.5228280886164252,0.5110620670723465,0.0815,0.0010005327222763368,0.008367262271074753,0.11983438099752057,9.32884002181719,-0.9182021449009578,-1.4437516748905181,-1.4437516748905181,0.5255495299895604,0.001000455559308951,0.007094442297238856,0.10178991965949535,10.734389432271321,9.763583882649739,9.025173568725586,9.763583882649739,11.389322344462077,12.969754378000895,12.653667971293132
817,-1.4562321496459674,-1.4993595435934246,-1.4993595435934246,0.5285219403932679,0.0816,0.0010006615303386494,0.007848465094729414,0.09744505397975445,9.316010709078807,-0.8130753179391225,-1.3424936513106027,-1.3424936513106027,0.529418334364891,0.0010006395867094397,0.008229368723308046,0.10888000537330905,12.883161036173503,11.616458193461101,11.115827242533365,11.616458193461101,14.749806149800618,14.444047737121583,14.50519941965739
818,-1.4372804232363432,-1.4805245399475098,-1.4805245399475098,0.529303677801816,0.0817,0.0010006525048564345,0.00860447534975016,0.11531715636264603,9.759912472850871,-0.7222924957672755,-1.298848323027293,-1.298848323027293,0.5765558252731959,0.0010007226936674365,0.01111261749174446,0.17185474121943117,12.47006409962972,11.897904841105143,11.910926946004231,11.897904841105143,15.332614771525066,17.60126126607259,17.147531967163086
819,-1.4596205275013763,-1.5026940512207319,-1.5026940512207319,0.5265712535606241,0.0818,0.0010005630100286514,0.009138333303678149,0.12605346022349484,9.551595139053633,-0.7650306681791942,-1.316054787238439,-1.316054787238439,0.5510241195559502,0.0010006123377631108,0.007789594439479212,0.10098282067726055,12.287396558125813,11.098910649617514,10.66906181971232,11.098910649617514,14.549461682637533,14.028896458943684,14.133009503682455
820,-1.445483994933794,-1.4891190866254411,-1.4891190866254411,0.5327848932653103,0.0819,0.001000628257521762,0.008498174612814526,0.10716845014325853,9.602711749526689,-0.6040755093097687,-1.232338828841845,-1.232338828841845,0.6282633205254873,0.0010006819463645419,0.009043247784332683,0.13194333758826057,13.191702016194661,12.032001368204753,11.296922334035237,12.032001368204753,14.70646266937256,13.899207051595052,14.060658175150554
821,-1.4438297568627123,-1.4873825469106998,-1.4873825469106998,0.5311315259281194,0.082,0.0010006761503458586,0.009177627797537256,0.11483691112612779,9.74614830736844,-0.8922820121049881,-1.4269972046216328,-1.4269972046216328,0.534715187549591,0.0010006416492008914,0.007926688708054522,0.09860275372241935,10.717797565460206,10.078431383768718,9.532010555267334,10.078431383768718,11.553793589274088,12.338988049825032,12.181949157714843
822,-1.435085118941541,-1.4762941947523154,-1.4762941947523154,0.50193763566467,0.0821,0.0010007330313114063,0.00845909987593878,0.11117808587567986,9.788147521468828,-0.8037181437015534,-1.3643315573533377,-1.3643315573533377,0.560613410671552,0.0010007498184374222,0.010051969578489662,0.1276075741276145,12.14317283630371,11.347961616516113,10.639188893636067,11.347961616516113,12.841642888387044,15.182347265879313,14.71420639038086
823,-1.4676069920917727,-1.5142877664206162,-1.5142877664206162,0.5678926782225663,0.0822,0.0010006777516056626,0.008124856871359472,0.10143772790313892,9.263150260133564,-0.8709486280878385,-1.3830822924772899,-1.3830822924772899,0.5121336628993353,0.0010006998102956761,0.010174466483294963,0.13639418904980025,12.229905700683593,11.30473976135254,10.519109789530436,11.30473976135254,13.797643343607584,16.379190063476564,15.862880719502769
824,-1.4929647738078855,-1.5356171895872872,-1.5356171895872872,0.5182553788401046,0.0823,0.0010006454320765049,0.007703909821773194,0.09619656500388991,8.976906272600282,-0.8136186232169469,-1.383884604771932,-1.383884604771932,0.5702659765879313,0.0010008149004230896,0.009334054938517512,0.11959653561934828,11.952918243408202,10.782956504821778,10.283462397257487,10.782956504821778,12.968000221252442,15.519775581359863,15.009420509338378
825,-1.4116142628327855,-1.456114428223304,-1.456114428223304,0.5400506668495682,0.0824,0.001000755361088042,0.009669450366482982,0.12941947459893408,10.243348778418774,-0.7735931823650996,-1.3405332138140997,-1.3405332138140997,0.566940026730299,0.0010005270693606387,0.009587798539238671,0.14536242534716923,11.778355916341146,11.0204683303833,10.986929353078207,11.0204683303833,13.298614247639973,14.98832327524821,14.650381469726563
826,-1.465845670340196,-1.5106821397565446,-1.5106821397565446,0.5434723392410098,0.0825,0.0010005412008261905,0.008311840916439047,0.11082525010097702,9.354115333197251,-0.7192307874560356,-1.2836071501175563,-1.2836071501175563,0.5643763621648152,0.0010007187258452177,0.009737735226129493,0.13503094129264354,12.295761998494466,11.560394032796223,11.476239204406738,11.560394032796223,16.241779581705728,16.500983047485352,16.449142354329428
827,-1.4443896390357107,-1.485826645257338,-1.485826645257338,0.5016587050455921,0.0826,0.0010006411554608142,0.008696548473792818,0.12045570814384604,9.565912237707174,-0.8327181359132131,-1.3228066777189573,-1.3228066777189573,0.49008854006727537,0.0010005784123980751,0.010109678725712001,0.14860578111062447,13.292086092631022,12.108981450398764,11.704193623860677,12.108981450398764,16.123076566060384,17.29675636291504,17.06202040354411
828,-1.4302962186201564,-1.4726769406840485,-1.4726769406840485,0.5124634751733744,0.0827,0.001000641098351411,0.00997075435863632,0.13562982030353457,10.175157070159912,-0.7049768790602684,-1.2316451986630759,-1.2316451986630759,0.5266683196028074,0.0010006523574702443,0.00793145236093551,0.09208526564761996,12.936262385050457,11.79964173634847,12.048594665527343,11.79964173634847,16.416686312357584,16.285938898722332,16.31208838144938
829,-1.4256496496920317,-1.4686707753055501,-1.4686707753055501,0.5195788392480815,0.0828,0.001000566827572601,0.009366649475370376,0.12024536120863456,10.003996840063131,-0.9039437959591548,-1.4112317522366842,-1.4112317522366842,0.5072879552841186,0.0010005672889140745,0.009851464993941288,0.12484408201028903,11.395987955729167,10.77274580001831,10.404625542958577,10.77274580001831,13.08846050898234,15.19891840616862,14.776826826731364
830,-1.430953489159638,-1.4749282036187514,-1.4749282036187514,0.5304550044941452,0.0829,0.0010005167821633084,0.009244382434155582,0.12858039801413157,9.820007846040546,-0.8394071827332179,-1.3916504402955374,-1.3916504402955374,0.5522432570656141,0.0010005934338551015,0.009978021347584824,0.1423230557392041,11.534866587320964,10.678502146402995,10.335145632425943,10.678502146402995,11.952140617370606,16.765964635213216,15.803199831644696
831,-1.4521351310442079,-1.4967366479477793,-1.4967366479477793,0.537367729645855,0.083,0.0010005245754003244,0.008675828119212727,0.11440173768491116,9.652596743601674,-0.7930081307888031,-1.3009246617555619,-1.3009246617555619,0.5079165319601695,0.0010005731795293589,0.011157348325165609,0.16150464719782273,12.390488306681315,12.01124839782715,12.116702683766682,12.01124839782715,15.448249371846517,22.23522402445475,20.877829093933105
832,-1.415844294260133,-1.4602520398373873,-1.4602520398373873,0.5343892967925882,0.0831,0.0010005862228045204,0.009962732657649607,0.14979185684109633,10.042128212047073,-0.8715729306141535,-1.4203852752844492,-1.4203852752844492,0.5488123466571172,0.001000357335821415,0.008771220625688633,0.11062470693141221,10.610928599039713,9.907072671254475,10.06995054880778,9.907072671254475,12.49459768931071,15.89758694966634,15.216989097595217
833,-1.450295387573962,-1.4920256497725002,-1.4920256497725002,0.5015655851589059,0.0832,0.0010004747013192413,0.008916829545753744,0.11763577978566007,9.765004913761931,-0.7810020357370376,-1.3313650796810785,-1.3313650796810785,0.5503630449374517,0.0010008004668634386,0.010738871386274695,0.15713329706341028,11.65928471883138,11.458525594075521,11.542641830444335,11.458525594075521,14.039687410990398,14.29051144917806,14.240346641540528
834,-1.484213870651317,-1.5270233941528033,-1.5270233941528033,0.5139198820545988,0.0833,0.0010005395051162198,0.008301499405137773,0.10965317839159155,9.196694841924703,-0.8456917454799017,-1.394049475590388,-1.394049475590388,0.548357733587424,0.001000506510414804,0.009424081017884115,0.12209620357801516,11.573001607259114,10.557547187805175,10.612412357330323,10.557547187805175,13.224099922180176,13.297029272715251,13.282443402608237
835,-1.4879603835771669,-1.528287428729939,-1.528287428729939,0.4835377335548401,0.0834,0.0010005957183410537,0.007870361191343586,0.11945965487228812,9.221131216804936,-0.8861912533640861,-1.411793809135755,-1.411793809135755,0.5256025515496731,0.0010007397446315735,0.009142759294869999,0.11949487313007315,11.233030382792155,10.611643536885579,10.385683314005535,10.611643536885579,14.0670179049174,14.092360432942709,14.087291927337649
836,-1.4629296311792337,-1.5080956400565382,-1.5080956400565382,0.5409102996565262,0.0835,0.001000600111372066,0.008651036927300805,0.11509790095799374,9.565579117469067,-0.7534329414367675,-1.3442464133103689,-1.3442464133103689,0.5908134718736012,0.0010007265373133123,0.009210474614519626,0.10107020555684963,12.034684753417968,10.903240648905436,10.997419516245523,10.903240648905436,13.72318344116211,19.362451108296714,18.234597574869795
837,-1.4735791368304558,-1.5135507898510627,-1.5135507898510627,0.4781297861405139,0.0836,0.0010006657762031228,0.008381270873799638,0.11258281071512204,9.380172405602798,-0.759795504808426,-1.2946270475784938,-1.2946270475784938,0.5348315392931302,0.0010008313324457656,0.010933126020245255,0.13543851717064778,13.830696805318196,12.141841697692872,11.47992556889852,12.141841697692872,15.519041379292807,14.466483561197917,14.676995124816896
838,-1.4506395852790688,-1.4955176609867025,-1.4955176609867025,0.5361778263775807,0.0837,0.0010006083966285554,0.00916932923016402,0.1286767516285181,9.636003710188955,-0.6598713427782059,-1.274405163526535,-1.274405163526535,0.6145338212450345,0.0010005542193539441,0.009681172187750537,0.12743261673798165,12.504002888997396,12.003800328572591,11.415950870513916,12.003800328572591,14.726853307088216,17.281050872802734,16.770211359659832
839,-1.4503817861934878,-1.4916735561388843,-1.4916735561388843,0.4927418097010199,0.0838,0.0010004725289654056,0.008367334826374953,0.10100166935403392,9.484946142952397,-0.715018825729688,-1.3009374886751175,-1.3009374886751175,0.5859186639388402,0.001000516873318702,0.007862070462821672,0.10283096889033913,11.725240834554036,11.129207293192545,11.223965390523274,11.129207293192545,13.9513765335083,14.977920691172281,14.772611859639486
840,-1.469495213256692,-1.5117178727995675,-1.5117178727995675,0.5032498802778855,0.0839,0.0010004502716737817,0.008172184887851746,0.10549540933713598,9.182296186123255,-0.884890063603719,-1.44588592449824,-1.44588592449824,0.560995856920878,0.0010005696560256184,0.009602439450100064,0.11433665510267019,10.692480278015136,10.136770089467367,9.801896667480468,10.136770089467367,12.736457125345867,14.33140443166097,14.01241497039795
841,-1.4117487983883552,-1.453716536737838,-1.453716536737838,0.4996160403737482,0.084,0.0010007478050747007,0.010050024055295958,0.12972744048204063,10.036234270851567,-0.7765687704086304,-1.2955716798702877,-1.2955716798702877,0.5190029109517733,0.0010004477206772813,0.008320483798161148,0.11612308931847413,12.223261833190918,11.20154406229655,10.932917722066243,11.20154406229655,13.79002145131429,14.053457132975261,14.000769996643069
842,-1.4283552709615455,-1.4698877154656176,-1.4698877154656176,0.49384592670314714,0.0841,0.0010007104137912393,0.008743191779292416,0.10823703096863234,9.825892583379206,-0.7732695798079173,-1.3343942582607269,-1.3343942582607269,0.5611246769626935,0.0010007751950373252,0.01021386511468639,0.13647508552918833,11.931444104512533,11.533203570048014,11.512256177266439,11.533203570048014,13.947744242350261,16.415969848632812,15.922324727376303
843,-1.4797932201961301,-1.5223951991998925,-1.5223951991998925,0.50596170492892,0.0842,0.0010005687209689673,0.008318847844834035,0.10575905660132193,9.350346619228148,-0.7725736826658249,-1.363629858692487,-1.363629858692487,0.5910561775167783,0.0010005037552521874,0.009656508779153227,0.1297920402760307,11.204484113057454,10.610789489746093,11.079211934407551,10.610789489746093,13.491086037953695,15.747262064615885,15.296026859283447
844,-1.4449435247565217,-1.4881415929434434,-1.4881415929434434,0.5124325600435149,0.0843,0.001000696577940066,0.008606915678477512,0.1133248073242183,9.4622625494903,-0.779119015733401,-1.3410325000683467,-1.3410325000683467,0.561913484831651,0.0010007390655421963,0.009437210811302065,0.11831236543754736,12.444615809122721,11.274285952250162,10.698034890492757,11.274285952250162,13.759984842936198,15.592217254638673,15.22577077229818
845,-1.4443156719207764,-1.48276545978942,-1.48276545978942,0.4555662712960873,0.0844,0.0010005280502878551,0.009166318738727638,0.12938885524306656,9.776721648450168,-0.9270588407913843,-1.4148858487606049,-1.4148858487606049,0.4878270032505194,0.0010005509112185488,0.008421517667981486,0.10855164211243391,11.594408416748047,10.185399945576986,9.777420298258464,10.185399945576986,13.123020044962566,13.130773226420084,13.129222590128581
846,-1.4544172152033392,-1.494783010122911,-1.494783010122911,0.4777016988340414,0.0845,0.0010006649547063236,0.008847861700111403,0.12002437315740676,9.643408694357243,-0.7951919674873352,-1.2893946419159572,-1.2893946419159572,0.49420267368356385,0.001000705702851216,0.009231924428604543,0.13490096802512805,12.23882999420166,11.277499516805014,11.240817451477051,11.277499516805014,12.720606168111166,15.192535591125488,14.698149706522624
847,-1.4325563615223147,-1.4723977412817613,-1.4723977412817613,0.47093827797556825,0.0846,0.0010006438044585146,0.009312575674211641,0.12180149013984878,9.968922228183386,-0.9470812658468882,-1.4160017848014832,-1.4160017848014832,0.46892051547765734,0.0010006538456461083,0.011026317727131148,0.15791370800385873,11.452043279012043,10.502906036376952,10.619433911641439,10.502906036376952,13.906634966532389,11.12279192606608,11.679560534159343
848,-1.4597459244278241,-1.5008212103033967,-1.5008212103033967,0.4849502118128651,0.0847,0.0010004876541711812,0.00845878513283887,0.11097468625543253,9.347722584346556,-0.8791910201311112,-1.3963915288448334,-1.3963915288448334,0.5172005139291287,0.0010007918909347305,0.010079338199769456,0.1273092227987945,12.521737543741862,11.031201616923015,10.26313076019287,11.031201616923015,12.353656260172526,14.841383361816407,14.343837941487632
849,-1.4615355865010675,-1.5032524005422052,-1.5032524005422052,0.4919435533712495,0.0848,0.001000495491338507,0.008594491448745413,0.11993470197578646,9.461785217501083,-0.8662450859944025,-1.3728583047787348,-1.3728583047787348,0.5066132148106893,0.0010004097615213443,0.007719840994104743,0.09113720829288165,11.927185440063477,11.041267681121827,10.82171901067098,11.041267681121827,13.064580663045247,13.6309357325236,13.51766471862793
850,-1.42344139544469,-1.4656062306098219,-1.4656062306098219,0.496641162431465,0.0849,0.0010005012593882264,0.009059862883866957,0.11507937818203333,10.046960110934275,-0.8096859614054362,-1.3276787877082825,-1.3276787877082825,0.5179928263028463,0.0010005230103464176,0.01129709934660544,0.16374164534111818,12.43366190592448,11.75857073465983,11.71197878519694,11.75857073465983,15.440626080830892,17.350387827555338,16.96843547821045
851,-1.4407648905268255,-1.4830834550677605,-1.4830834550677605,0.497865562450211,0.085,0.0010004840101519564,0.009463777677771056,0.12982190867780513,9.74465111966403,-0.9130015065272649,-1.3919294933478037,-1.3919294933478037,0.47892798160513245,0.0010004630972010394,0.00868010229120652,0.11340159093961119,11.836726188659668,10.891764195760091,10.709248956044515,10.891764195760091,13.282501602172852,16.74188543955485,16.05000867207845
852,-1.473649967391536,-1.5151457539144553,-1.5151457539144553,0.48761200061384236,0.0851,0.0010005975765931719,0.00816068884407012,0.10391565401739669,9.217759069406762,-0.9864691903193792,-1.465899658203125,-1.465899658203125,0.4794304686288039,0.0010007776630421479,0.009904992355344196,0.14578989041037857,10.948128255208333,10.27414846420288,9.849966335296632,10.27414846420288,11.684037081400554,14.150670115152995,13.657343508402507
853,-1.4275981165328115,-1.4703584819469813,-1.4703584819469813,0.5018823759735755,0.0852,0.001000516641586316,0.010052162556434577,0.1294130320959496,10.18248422190828,-0.7351053764422735,-1.4578759769598644,-1.4578759769598644,0.7227705990274748,0.001000435041108479,0.009472363318006197,0.10416799560189247,10.834185727437337,10.03426628112793,9.82320852279663,10.03426628112793,11.840586853027343,12.739829190572102,12.559980723063152
854,-1.4405899362744026,-1.4809031711434417,-1.4809031711434417,0.4726053116456518,0.0853,0.0010005649473553277,0.00892052365431808,0.13021840633086437,9.876724009243947,-0.9246129393577576,-1.3564450482527415,-1.3564450482527415,0.43183210790157317,0.0010005305831631026,0.008878304052632301,0.13077731629212697,11.845324516296387,10.939773686726888,10.809377892812092,10.939773686726888,13.907171948750813,15.181753730773925,14.926837374369303
855,-1.4819290750431564,-1.5200114227690786,-1.5200114227690786,0.44592920508024825,0.0854,0.0010006082824097489,0.00841614795532429,0.10685502751818243,9.234271517339742,-0.6846480006972949,-1.231093688805898,-1.231093688805898,0.5464456900954247,0.0010003765831546236,0.007121631029682855,0.11318299078072111,12.625080426534018,11.208438301086426,10.78299684524536,11.208438301086426,13.366633987426757,14.429258028666178,14.216733220418295
856,-1.4732437628620076,-1.510832813550841,-1.510832813550841,0.4396380323846385,0.0855,0.0010004869952165293,0.008072412915457532,0.11180983026916126,9.28137004600381,-0.9352002322673798,-1.4019700288772583,-1.4019700288772583,0.46676979859670004,0.001000504638068378,0.008963863043269764,0.12673784783110023,11.858096249898274,10.800698057810466,10.72810837427775,10.800698057810466,13.152390734354656,13.97297223409017,13.808855934143068
857,-1.4766044999068637,-1.5146555045865617,-1.5146555045865617,0.4445209930527885,0.0856,0.0010005859130958342,0.008364271899720407,0.11664298141621193,9.259305576108536,-0.9172569051384926,-1.376853956282139,-1.376853956282139,0.45959705238540965,0.001000543167659392,0.009929623136607309,0.11334605887532234,12.047012456258138,10.999267101287842,10.3194504737854,10.999267101287842,13.572521686553955,13.84125083287557,13.787505003611248
858,-1.4526689457443525,-1.490173823428604,-1.490173823428604,0.4376298121686252,0.0857,0.001000645284909966,0.008396259192728772,0.11177039452178299,9.66536619978131,-0.8873624920845031,-1.4028296291828155,-1.4028296291828155,0.5154671433071295,0.0010008502499355624,0.00883192700954775,0.12069555968046189,11.191769790649413,10.327844524383545,9.768204879760741,10.327844524383545,13.422426223754883,11.911618709564209,12.213780212402344
859,-1.4853154420852661,-1.5256489290381379,-1.5256489290381379,0.4700872541036246,0.0858,0.0010005209928835338,0.007509584881295011,0.100995392380458,9.118809996910816,-0.8455863684415817,-1.380613558491071,-1.380613558491071,0.5350271910429001,0.0010008562492051472,0.00978734796711554,0.12530345488339661,11.30237045288086,10.429576873779297,10.4224089940389,10.429576873779297,13.068203481038411,16.12989025115967,15.517552897135417
860,-1.4308553574220189,-1.4734339961465799,-1.4734339961465799,0.4956767795220861,0.0859,0.001000632145354208,0.009275045755477447,0.12197972486182204,9.861383267168728,-1.0057285472750663,-1.4226226538419724,-1.4226226538419724,0.41689411203066506,0.0010004998145935436,0.00760285888488094,0.09714999596277872,10.964067109425862,10.37167574564616,10.210319137573242,10.37167574564616,12.900135866800944,13.7003449122111,13.540303103129071
861,-1.491885075029337,-1.5320367970556583,-1.5320367970556583,0.4668804485842867,0.086,0.0010006248419401498,0.007720284875622898,0.09864046565204296,8.992154796168489,-0.8835612217585246,-1.4458715637524924,-1.4458715637524924,0.5623103405038515,0.0010004986892454327,0.008046318202589949,0.1151930934128662,11.01877981821696,9.824757512410482,9.754295921325683,9.824757512410482,11.773645083109537,16.28167667388916,15.380070355733237
862,-1.4721741552622813,-1.5124676722400594,-1.5124676722400594,0.4679851082136046,0.0861,0.0010005846083656234,0.007810509117882488,0.10569623235683397,9.248171671381536,-0.9360797305901846,-1.382731592655182,-1.382731592655182,0.44665186206499735,0.0010009623578904818,0.011495862978820999,0.15366827895243962,11.618457349141439,10.902488644917806,10.85546423594157,10.902488644917806,12.481687577565511,15.761949412027995,15.1058970451355
863,-1.4446756187474952,-1.4843702338776499,-1.4843702338776499,0.46049430347838494,0.0862,0.0010007993485075684,0.009438863138334369,0.13075701533904616,9.796311171549672,-0.9410264571507772,-1.416776712735494,-1.416776712735494,0.4757502598067125,0.0010009366475666563,0.009153365824992458,0.10588669280211131,11.244615809122722,9.711190096537273,9.653735987345378,9.711190096537273,11.205346043904623,13.657152112325033,13.16679089864095
864,-1.4286134355473068,-1.4673220346558769,-1.4673220346558769,0.44853529755799276,0.0863,0.0010006639882395008,0.009591088999273642,0.12924853058637314,9.763667196597693,-0.9874653081099193,-1.4244768768548965,-1.4244768768548965,0.4370115707317988,0.001000582923491796,0.010105046102156241,0.11395407635718584,11.211964670817057,10.49385986328125,10.426701768239338,10.49385986328125,12.278727118174235,13.250163300832112,13.055876064300536
865,-1.4720265887818247,-1.5104938565560107,-1.5104938565560107,0.44522307981859965,0.0864,0.0010006065273938595,0.007792839929812921,0.09573271420766723,9.233465779502437,-0.8578410784403483,-1.3207411696513494,-1.3207411696513494,0.4629000867406527,0.001000795098176847,0.010627808724530041,0.13046774339551728,12.52526461283366,11.736098162333171,11.128704897562663,11.736098162333171,13.948826281229655,16.860458628336588,16.278132158915202
866,-1.4119905255875498,-1.4495266406041272,-1.4495266406041272,0.43394352580016515,0.0865,0.0010006522852048841,0.009577995148610394,0.12261729546875325,10.359201440271342,-0.9678018083175023,-1.4302960574626922,-1.4302960574626922,0.46249424541989964,0.0010007851718304057,0.010370411708330115,0.1338864067569375,11.29378178914388,10.198107306162516,10.20124085744222,10.198107306162516,12.303974151611328,12.624202632904053,12.560156936645509
867,-1.4501135810366217,-1.4888520420722242,-1.4888520420722242,0.44732635650994645,0.0866,0.0010005331549898914,0.008858738142012988,0.11248594037485572,9.690393123986587,-0.8761653353770574,-1.4017182608445486,-1.4017182608445486,0.5255529309312502,0.0010007860430050642,0.012141852942295372,0.16053244366000097,11.215733655293782,10.430554898579915,10.369827556610108,10.430554898579915,12.468766339619954,15.337707964579264,14.763919639587403
868,-1.4447608511402923,-1.4858932562594145,-1.4858932562594145,0.47442224678003564,0.0867,0.0010006592569451005,0.009697707932231561,0.12366300831847596,9.865907399159557,-0.9252420405546824,-1.3200727393229803,-1.3200727393229803,0.3948306972781817,0.001000704577503105,0.008050101064145564,0.09341610458989938,11.114755757649739,10.699862162272135,10.878478050231934,10.699862162272135,13.803182665506998,15.426218859354655,15.101611620585125
869,-1.445776898905916,-1.4854344905547376,-1.4854344905547376,0.4568846579992546,0.0868,0.0010006265288640588,0.008715307287309529,0.11111369553320813,9.648920922909143,-0.8532768587271372,-1.3804611305395762,-1.3804611305395762,0.5271842752893766,0.0010005627293139697,0.007864793056311707,0.10716611767808597,11.138014729817709,9.871259117126465,10.006771278381347,9.871259117126465,12.85467046101888,14.482891718546549,14.157247467041016
870,-1.4916785618044295,-1.5263638316460375,-1.5263638316460375,0.3991400770983606,0.0869,0.0010005644092090287,0.008249554361374874,0.11192695125234577,9.147197156582239,-0.9560150573650996,-1.4467283775409063,-1.4467283775409063,0.4907133171955744,0.0010005761849849173,0.009096800062494973,0.14308221964165568,11.534388033548991,10.092229461669922,9.882765293121338,10.092229461669922,12.366909726460774,13.827214876810709,13.535153846740723
871,-1.5159036280973903,-1.550318034190052,-1.550318034190052,0.39556787739384847,0.087,0.0010005162879473195,0.007342105063627351,0.09583917829506802,8.803466733896508,-0.8533553292353948,-1.3159638494253159,-1.3159638494253159,0.462608523418506,0.0010007052585327377,0.00831620004804184,0.09435082767158746,12.634018262227377,11.32920430501302,11.45261319478353,11.32920430501302,14.608318519592284,16.480007553100585,16.105669746398927
872,-1.4680585613790549,-1.5070974793074265,-1.5070974793074265,0.4482081183847391,0.0871,0.001000592660791469,0.008324804794886764,0.1182830996530236,9.389002161205939,-0.8878465930620829,-1.4072101682424545,-1.4072101682424545,0.5193635774155457,0.0010004977559826026,0.007113606265435616,0.09910969894068937,11.412795130411784,9.865833028157551,9.731370608011881,9.865833028157551,13.274163754781087,13.029143047332763,13.078147188822427
873,-1.46469036588129,-1.5027493710787792,-1.5027493710787792,0.43645655883933016,0.0872,0.0010005351516224866,0.008299880766503091,0.11435609588504962,9.364274807696072,-0.9668413390715916,-1.3630142360925674,-1.3630142360925674,0.3961728967726231,0.0010007089333763967,0.008624832192435861,0.1106395423412323,10.81926155090332,9.997092787424723,10.4803466796875,9.997092787424723,12.238223266601562,19.312128893534343,17.89734776814779
874,-1.4801231195341866,-1.5202373716066468,-1.5202373716066468,0.45949894077373,0.0873,0.0010005938491063579,0.008924010025231906,0.12118063800318062,9.449921670949683,-0.9856761306524277,-1.3896136045455934,-1.3896136045455934,0.4039374719063441,0.0010006211212991425,0.009006013612573345,0.1013012711579601,11.693552843729655,10.470737520853678,10.5452956199646,10.470737520853678,12.147343063354493,15.836468760172526,15.09864362080892
875,-1.457087606753943,-1.494922991068858,-1.494922991068858,0.43289908260669346,0.0874,0.001000453766329952,0.008973049456780811,0.1333346296593828,9.641847025673345,-0.9440651834011078,-1.3942544043064118,-1.3942544043064118,0.4501892184217771,0.0010006394683538626,0.012584166314142445,0.19219748315711815,11.842721875508627,10.884778467814128,10.177985541025798,10.884778467814128,13.058756097157795,15.581135495503743,15.076659615834554
876,-1.4939906912029914,-1.5325281440087084,-1.5325281440087084,0.4404280129468666,0.0875,0.0010005139179070884,0.008823914295238143,0.12417341663308863,9.317659899873554,-0.9187167952458064,-1.3794173429409662,-1.3794173429409662,0.4607005494336287,0.0010005114580659816,0.0080781759461388,0.10899057363470395,11.279548327128092,10.174668629964193,10.14848461151123,10.174668629964193,12.584888458251953,17.13450133005778,16.224578755696616
877,-1.4688229920729152,-1.503675955646443,-1.503675955646443,0.39786496139922234,0.0876,0.0010005854957578879,0.00863050229249979,0.1271239232342198,9.480985578501,-0.9932954559723536,-1.3825097660223642,-1.3825097660223642,0.3892143090565999,0.0010007118728632728,0.009358984666566055,0.12904569637030364,11.651770401000977,10.32449000676473,10.107862917582194,10.32449000676473,12.545560423533122,14.88604876200358,14.417951094309489
878,-1.465810441745902,-1.5037043724419936,-1.5037043724419936,0.4320858888468652,0.0877,0.0010006177845358285,0.008260824260706047,0.11757055255320836,9.188197756713292,-0.8276411145925522,-1.3266981412967047,-1.3266981412967047,0.4990570274492105,0.0010006714224194487,0.008787644693317513,0.12826472138985992,12.124560928344726,11.47707363764445,11.092498397827148,11.47707363764445,14.445358339945475,16.95184024175008,16.45054386138916
879,-1.4762364817115496,-1.5119628411418986,-1.5119628411418986,0.4069062370174336,0.0878,0.0010005393315914949,0.008313660290232807,0.12402077848618885,9.424210224511489,-0.775033154586951,-1.2474472239613532,-1.2474472239613532,0.47241407036781313,0.0010007851349655538,0.00877737917471677,0.09804624880974491,12.15594031016032,12.01789722442627,12.03944574991862,12.01789722442627,15.05478572845459,15.803610706329346,15.653845710754396
880,-1.411154084610489,-1.4493472677356791,-1.4493472677356791,0.4345071759988677,0.0879,0.00100072491079358,0.009671825880430779,0.13378235367390345,10.131274529223171,-0.9645236372947693,-1.4048604875802995,-1.4048604875802995,0.4403368540108204,0.0010007581595952312,0.009733549404578904,0.12007757915804783,10.348935222625732,10.04548225402832,9.969479656219482,10.04548225402832,11.801527372996013,18.152462069193522,16.88227512995402
881,-1.4422872268928673,-1.4802023779671147,-1.4802023779671147,0.4308539870774971,0.088,0.001000592669577531,0.009622389125584994,0.14189115757087492,9.768893718719482,-0.9528825034697851,-1.3602081050475439,-1.3602081050475439,0.4073255995909373,0.0010005227813962847,0.010289346558662753,0.14276620385547478,11.639515368143718,11.316924826304119,11.065498193105062,11.316924826304119,14.9498722076416,16.07970733642578,15.853740310668945
882,-1.4356483288531035,-1.4749241145151966,-1.4749241145151966,0.44580918494260535,0.0881,0.001000505015429742,0.00944682324902629,0.1381532258160834,9.79399834938769,-0.8031602710485458,-1.2685088445742925,-1.2685088445742925,0.46534857576092087,0.0010004050350592782,0.008624773402698339,0.11623914111405612,12.535627047220865,11.557761192321777,11.267772324879964,11.557761192321777,14.2177001953125,17.408788426717123,16.7705707804362
883,-1.482501187414493,-1.51723054669938,-1.51723054669938,0.3937569513635815,0.0882,0.0010004006611745594,0.008750892112488454,0.1114964301715482,9.575651087850895,-0.9867630551258723,-1.425801146030426,-1.425801146030426,0.43903808866937954,0.001000412842646862,0.008866923531362167,0.12467244764169057,11.384125518798829,10.650370025634766,9.937649726867676,10.650370025634766,13.4679993947347,11.935015106201172,12.241611963907879
884,-1.4684235982175142,-1.506889082350821,-1.506889082350821,0.43562260438811107,0.0883,0.0010005505865369484,0.00922073969476909,0.13557651596811582,9.517157293715567,-0.994813963274161,-1.4520635962486268,-1.4520635962486268,0.4572496304909388,0.0010005752905271948,0.00844324433710426,0.10991427206123869,11.650271034240722,10.058155886332194,9.294694391886393,10.058155886332194,13.148316510518391,12.729754447937012,12.813466860453287
885,-1.4596946621840854,-1.4954796219771762,-1.4954796219771762,0.4048071841024003,0.0884,0.0010005293528215502,0.0085965385924111,0.12336074729573052,9.583723761000723,-0.9575348784526189,-1.3811141014099122,-1.3811141014099122,0.4235792284210523,0.0010008022383165857,0.010991297103464604,0.1641280266145865,11.687096786499023,10.917420864105225,10.937454668680827,10.917420864105225,13.41535399754842,15.071015230814616,14.739882984161378
886,-1.4023429256565165,-1.4372159939891886,-1.4372159939891886,0.3940459841264869,0.0885,0.0010006569396212416,0.010009859798405811,0.13005555287565826,10.14439040309978,-0.9366131742795308,-1.238679051399231,-1.238679051399231,0.3020658786098162,0.0010007910837884991,0.011626110365614294,0.15019402255614597,13.152666091918945,12.56199868520101,13.177724075317382,12.56199868520101,16.13964474995931,19.878282483418783,19.130554936726888
887,-1.455083259996378,-1.4874181005190004,-1.4874181005190004,0.364952970225856,0.0886,0.001000615634147148,0.009317180458104835,0.12172012769107549,9.85578995830608,-1.0183135926723481,-1.3974765320618947,-1.3974765320618947,0.3791629369060198,0.0010004499248073746,0.007989620285419127,0.10682192860792081,10.659991582234701,10.069256178538005,10.020003255208334,10.069256178538005,11.921287981669108,12.949689229329428,12.744008979797364
888,-1.5238299302335054,-1.5564248516874493,-1.5564248516874493,0.36747378195231817,0.0887,0.0010004439786568565,0.007026271745211111,0.0929175779082865,8.795515132400224,-0.989091944694519,-1.384712916612625,-1.384712916612625,0.3956209724148115,0.0010004868284643937,0.007546594995073974,0.09817367469271024,11.55621280670166,10.060799821217854,10.19940357208252,10.060799821217854,14.136126200358072,13.613115564982097,13.717717692057294
889,-1.4709141501840555,-1.5044548893874545,-1.5044548893874545,0.3777109612271471,0.0888,0.0010005576373517233,0.008332035455958179,0.10890558825911216,9.408642480958182,-0.9644849548737208,-1.3392230421304703,-1.3392230421304703,0.37473808899521827,0.0010008290662275007,0.00853809955685089,0.11421908543755611,12.095319938659667,10.903277587890624,10.353176689147949,10.903277587890624,12.36691239674886,15.901586850484213,15.194651959737143
890,-1.4583374745440933,-1.4915011738831143,-1.4915011738831143,0.3730450955764303,0.0889,0.001000650800360402,0.008950794282597754,0.13252597428717702,9.639285069591594,-0.9954622924327851,-1.3690947115421295,-1.3690947115421295,0.3736324213445187,0.0010009608561328302,0.011401827532487611,0.13894508806988598,12.792173512776692,11.45641009012858,10.535694281260172,11.45641009012858,13.277707290649413,15.183587010701498,14.802411066691082
891,-1.5015919073572699,-1.536990761756897,-1.536990761756897,0.3977400348433908,0.089,0.0010005734302982125,0.008120066240289301,0.10335196301622211,9.08898115158081,-0.9084072833259901,-1.3114253471295039,-1.3114253471295039,0.403018066038688,0.0010004103765822946,0.007040122954640538,0.11080109914764762,12.46349048614502,11.109272893269857,10.957970873514812,11.109272893269857,12.755695406595866,14.177164967854818,13.892871055603027
892,-1.4601334041019656,-1.4913750077193637,-1.4913750077193637,0.35063533794205143,0.0891,0.0010006276403009048,0.008191407407756965,0.12081525531017555,9.459168803017095,-0.9501449565092722,-1.3608071168263753,-1.3608071168263753,0.41066216031710306,0.0010008377702130625,0.010036297507273655,0.13882784772043427,11.989805920918782,11.053441429138184,10.873918342590333,11.053441429138184,13.381720034281413,16.788799158732097,16.10738333384196
893,-1.4810781096512418,-1.515277513917887,-1.515277513917887,0.38340132781919445,0.0892,0.0010005449656537682,0.00893731549698508,0.13302708670215788,9.353841034871227,-0.9433899253606797,-1.3535010079542795,-1.3535010079542795,0.4101110843320688,0.001000758947338909,0.010112167211870353,0.1469781051079432,12.175895563761394,11.584157307942709,10.819536717732747,11.584157307942709,13.930301984151205,15.206218592325847,14.95103527069092
894,-1.4626058587488138,-1.4959491783717893,-1.4959491783717893,0.3733854957346646,0.0893,0.0010004667389505314,0.008441586258276453,0.11368172169434575,9.649142337295244,-1.0027312710881233,-1.3401772558689118,-1.3401772558689118,0.33744598403573034,0.0010004549209649365,0.0078327560176452,0.10653688901414474,11.513448715209961,10.900254726409912,10.415377871195476,10.900254726409912,12.859381675720215,15.153754266103109,14.694879748026532
895,-1.4713330291352182,-1.5042798879011623,-1.5042798879011623,0.3685330394304024,0.0894,0.0010005081191061522,0.008439141378368972,0.11912288695995538,9.482228045193654,-0.9891013324260711,-1.3585313359896343,-1.3585313359896343,0.36943000108003615,0.0010005546423296134,0.009828721056692302,0.1324983171497782,11.928537940979004,11.43487777709961,10.869709237416584,11.43487777709961,13.672652435302734,14.945630900065105,14.69103520711263
896,-1.4601100368319817,-1.4919924668545992,-1.4919924668545992,0.3562283364107024,0.0895,0.0010005893176948688,0.008934523883925856,0.12323921272214854,9.549380149481431,-0.8684594730536143,-1.2536039968331656,-1.2536039968331656,0.3851445195575555,0.0010005293724437555,0.008746251502695182,0.12280481861283382,12.566517639160157,11.692412567138671,11.482643636067708,11.692412567138671,15.023907788594563,15.92401580810547,15.743994204203288
897,-1.4413891625854205,-1.4768160806511932,-1.4768160806511932,0.3953897376667778,0.0896,0.0010005935306116095,0.009165482824000547,0.11837187746785721,9.673636544425532,-0.8912795037031174,-1.2722047790884972,-1.2722047790884972,0.38092527637879053,0.0010004266417430092,0.008613709857066472,0.13217573209355274,12.03334166208903,11.394382222493489,11.496107387542725,11.394382222493489,15.565300369262696,20.182308959960938,19.25890724182129
898,-1.4882406491153646,-1.5204305795003783,-1.5204305795003783,0.3588620682932296,0.0897,0.00100054380150055,0.008451991213731608,0.12281589252206515,9.260045681359633,-0.853453454375267,-1.2917634179194768,-1.2917634179194768,0.43830996255079907,0.0010006991816529384,0.009377017923785995,0.11991848874216278,12.6884583791097,11.726434803009033,11.58453582127889,11.726434803009033,15.121610323588053,15.298048655192057,15.262760988871257
899,-1.494540295510922,-1.5285123631639301,-1.5285123631639301,0.3783081961127947,0.0898,0.00100050110123911,0.008207398255900392,0.10977089426146364,9.274578148463988,-0.9702156553665797,-1.3084973841905594,-1.3084973841905594,0.3382817323009173,0.0010005121352151037,0.00862522361179193,0.11319338803490003,11.992809549967449,11.386976114908855,11.11230951944987,11.386976114908855,14.137611770629883,17.86777400970459,17.12174156188965
900,-1.4375998591477017,-1.4694293445011355,-1.4694293445011355,0.354054312379855,0.0899,0.0010006153332245238,0.009082137361028284,0.11378989474109884,9.961523397913519,-0.9230126932263374,-1.31050596733888,-1.31050596733888,0.3874932756026586,0.0010007613493750493,0.009830507775768637,0.14540258857111135,12.847344907124837,12.055808893839519,11.41637814839681,12.055808893839519,13.956683286031087,15.730921300252279,15.37607369740804
901,-1.4844400927705586,-1.5185628319686313,-1.5185628319686313,0.3791415145937002,0.09,0.0010005596361808337,0.0084642568462581,0.11649331833534646,9.298598685354557,-0.9073275248209636,-1.3149836719036103,-1.3149836719036103,0.4076561488211155,0.001000531081808731,0.009068291378207504,0.13426777922237912,11.60864543914795,10.941625785827636,11.249747117360434,10.941625785827636,13.399590492248535,17.03866329193115,16.31084873199463
902,-1.4728551923104052,-1.5043888946749129,-1.5043888946749129,0.3499856065466719,0.0901,0.0010006213780351966,0.00859299635532189,0.11816091561373675,9.41399285478412,-0.9635384132464727,-1.3250374794006348,-1.3250374794006348,0.3614990718662739,0.001000647176988423,0.008376557317872842,0.11804546651740869,11.467667706807454,11.02289457321167,10.513027890523274,11.02289457321167,12.786621030171712,13.577657000223796,13.41944980621338
903,-1.4518060999096565,-1.4844017186254825,-1.4844017186254825,0.36137052414552223,0.0902,0.0010005899810425515,0.008609809310895935,0.1014325204041769,9.570548336460906,-0.9242593040068944,-1.2896986444791159,-1.2896986444791159,0.3654393372436365,0.001000567878751705,0.011896868601130943,0.1664064319804311,13.84801394144694,12.821426582336425,11.964088376363119,12.821426582336425,15.748074277242024,16.13216520945231,16.055347023010256
904,-1.431721348245189,-1.4627503061069633,-1.4627503061069633,0.3436208333609239,0.0903,0.0010005580481001228,0.0096202105116802,0.13123510907984004,10.054309107222647,-0.9938750177621841,-1.3758634159962335,-1.3758634159962335,0.38198839450875915,0.0010005648985194663,0.010974592963854472,0.17528817473600308,12.245061874389648,11.05257059733073,11.295456886291504,11.05257059733073,13.884992599487305,14.434284845987955,14.324426396687826
905,-1.4446719547487654,-1.4750337477000255,-1.4750337477000255,0.33586049192356615,0.0904,0.001000525559439271,0.009074863116696195,0.14357483590830047,9.913313658732289,-1.018454110622406,-1.3646810909112295,-1.3646810909112295,0.3462269840141137,0.0010005513535967718,0.012170587472307185,0.1591653356018166,12.147570292154947,11.254475116729736,11.060942586263021,11.254475116729736,13.588719240824382,12.866559918721517,13.010991783142092
906,-1.484309601333906,-1.514447032280688,-1.514447032280688,0.33301031786315843,0.0905,0.0010005442364106202,0.008701550203182225,0.12615807024094294,9.339812260753703,-0.9156570956110954,-1.3367851048707962,-1.3367851048707962,0.42112801149487494,0.0010005154743945846,0.00733669325709343,0.11689506086210409,10.775856685638427,10.132561937967937,9.604782231648763,10.132561937967937,11.85374968846639,11.53486738204956,11.598643843332926
907,-1.5371095122031446,-1.566106470126026,-1.566106470126026,0.32005470597519065,0.0906,0.0010006310097556914,0.00725518989833599,0.10754658109596316,8.498195333300897,-0.9083640535672506,-1.2910017828146616,-1.2910017828146616,0.3826377327243487,0.0010008016659412533,0.008316753913337986,0.10410255168875059,12.71137358347575,11.849592590332032,11.09671204884847,11.849592590332032,15.024228795369465,16.128755315144858,15.90785001118978
908,-1.5235271813734523,-1.5502050867620505,-1.5502050867620505,0.29413340198543836,0.0907,0.0010007850206369218,0.0074706281719834735,0.10369615474680685,8.732218409484288,-0.9687529116868973,-1.3018754492203395,-1.3018754492203395,0.3331225338081519,0.0010005064114617804,0.006442620442248881,0.09006448642661175,12.049894905090332,11.343183104197184,10.597044213612874,11.343183104197184,12.881873830159504,17.1768897374471,16.317886555989585
909,-1.4780705087589767,-1.5085977383379667,-1.5085977383379667,0.33620297683859773,0.0908,0.0010009037730512472,0.00815786626892832,0.11513142275430684,9.488327170318028,-1.1364160199960074,-1.4367189327875773,-1.4367189327875773,0.3003029098113378,0.00100106646035177,0.009444260527379811,0.13154153960446516,11.266180801391602,10.38749812444051,9.768457730611166,10.38749812444051,12.909692414601643,14.32578935623169,14.042569967905681
910,-1.4737766103924446,-1.5010969953716926,-1.5010969953716926,0.30055432865079845,0.0909,0.0010006737978777514,0.008215507422134562,0.12032524745841071,9.334496579080257,-0.9942253977060318,-1.3508549451828002,-1.3508549451828002,0.35662954648335776,0.0010006488805326323,0.0073358125519007444,0.10486412479852637,11.851562945048014,10.442823537190755,9.765903759002686,10.442823537190755,13.134656969706217,15.087517229715983,14.69694517771403
911,-1.4617198503242348,-1.4925622467724782,-1.4925622467724782,0.3389275217393659,0.091,0.0010006325978364021,0.008246139131205261,0.10897159618589114,9.695153794198665,-1.1046223759651184,-1.428467216094335,-1.428467216094335,0.3238448356588682,0.0010006943348950395,0.009061399125494063,0.14451554628709953,11.102100563049316,10.122378571828206,9.312481339772543,10.122378571828206,12.138547770182292,18.008006032307943,16.834114379882813
912,-1.4584926974098638,-1.4892696749489263,-1.4892696749489263,0.33783738062066854,0.0911,0.0010006467016624673,0.009249739630042383,0.12973227759577194,9.717599859777486,-1.0579249580701193,-1.4079317768414816,-1.4079317768414816,0.35000681728124616,0.0010006206769806643,0.00944079178540657,0.1279154349739353,11.334730974833171,11.019479370117187,10.513898658752442,11.019479370117187,13.628472900390625,15.659935124715169,15.25364267985026
913,-1.4937301559268303,-1.524556670548781,-1.524556670548781,0.33800998583154857,0.0912,0.0010004547130281352,0.008240980566215684,0.13404643697277555,9.311713218688965,-1.0459618538618087,-1.4235943019390107,-1.4235943019390107,0.3776324418683847,0.0010004515817854554,0.008985076479924222,0.1459496802650392,11.304568990071614,10.43213866551717,10.092645867665608,10.43213866551717,13.974413363138835,16.03079973856608,15.619522463480632
914,-1.4871414000133298,-1.516732728706216,-1.516732728706216,0.3241109288526031,0.0913,0.0010005362740419103,0.009082276795832615,0.13383762186990594,9.496481463594257,-0.8792208641767502,-1.2275501976410548,-1.2275501976410548,0.34832933694124224,0.0010003858847388377,0.0069561715160186095,0.08101299433037638,12.190711085001627,11.194465700785319,11.009051767985026,11.194465700785319,15.50995241800944,15.223407618204753,15.280716578165691
915,-1.497491069559781,-1.5284734132154933,-1.5284734132154933,0.3389753480002565,0.0914,0.0010004856026256984,0.007672105221745541,0.12372761145936993,9.118618434330202,-0.9376868347326914,-1.3021162827809651,-1.3021162827809651,0.36442945202191673,0.001000848961606001,0.009577004929694037,0.14246626955767472,12.701468722025554,11.7737855275472,11.370906575520833,11.7737855275472,14.506862894694011,15.77148068745931,15.51855712890625
916,-1.4583645474235967,-1.48999230591756,-1.48999230591756,0.34565856124994887,0.0915,0.0010006576996156066,0.00916255155209241,0.12819727854627483,9.719830764914459,-0.9767267356316248,-1.2593232999245325,-1.2593232999245325,0.28259656950831413,0.0010007899662014097,0.011362089418495695,0.1465816857293248,12.98586622873942,12.5875119527181,12.836097208658854,12.5875119527181,15.92720750172933,20.0846617380778,19.253170890808107
917,-1.4138313666829523,-1.4473752795525316,-1.4473752795525316,0.3661999235737999,0.0916,0.0010006970677630238,0.01047838410749188,0.1614711462818789,10.572262314130676,-1.0296393622954687,-1.3516116857528686,-1.3516116857528686,0.3219723184903463,0.001000599815354993,0.009924526186659932,0.16510427501052619,12.193555959065755,10.830919233957927,10.86223545074463,10.830919233957927,12.570473543802898,13.197058041890463,13.07174114227295
918,-1.418563870888836,-1.4489820700771403,-1.4489820700771403,0.3317142457894559,0.0917,0.0010005975765931719,0.010109127850605632,0.15157472271964234,10.189861225632002,-1.0287746782104175,-1.3253370771805446,-1.3253370771805446,0.29656240046024324,0.0010008468292653562,0.011633812574048837,0.15194259410103161,12.467643928527831,11.799175643920899,12.04703598022461,11.799175643920899,14.337405141194662,16.663455073038737,16.19824508666992
919,-1.4677459631326064,-1.4991003612302385,-1.4991003612302385,0.3415512518500382,0.0918,0.0010006357586222155,0.009325572377387082,0.13056285563364345,9.520548595572418,-1.0814052830139795,-1.4353579084078472,-1.4353579084078472,0.35395262266198796,0.0010005147914246967,0.008486837276723235,0.10503141774485508,10.642269229888916,10.392505137125651,9.89809055328369,10.392505137125651,12.174815146128337,15.633294455210368,14.941598593393962
920,-1.5048987955417272,-1.5363402209191952,-1.5363402209191952,0.3421265117402347,0.0919,0.0010005003456377759,0.0077968161895800876,0.1059146549833833,8.974979418628621,-0.9587403357028961,-1.3289661834637323,-1.3289661834637323,0.3702258418003718,0.001000495565434297,0.00824065759467582,0.12677816028396288,12.076684824625652,11.434649912516276,10.271755345662434,11.434649912516276,14.139162508646647,13.215168952941895,13.399967664082846
921,-1.491035373705738,-1.5199955049550757,-1.5199955049550757,0.3147840932855066,0.092,0.0010006285057280143,0.00813402135346858,0.1204247589943544,9.27824089662084,-1.0251569122076034,-1.410090254743894,-1.410090254743894,0.3849333442747593,0.0010009299808492263,0.009427753067575395,0.13245144033183653,11.601854451497395,10.627187379201253,9.810158761342366,10.627187379201253,12.002796713511149,14.581514994303385,14.06577133814494
922,-1.4646646965224788,-1.495313731004607,-1.495313731004607,0.3327798185483465,0.0921,0.0010006987678660255,0.008687278857665523,0.11801968430573086,9.593438697311113,-0.9924755642811457,-1.3318682491779328,-1.3318682491779328,0.33939268986384075,0.0010006963779839377,0.010867616510950029,0.16116981459781526,12.23913828531901,10.98384354909261,11.839875284830729,10.98384354909261,13.545590337117513,18.402872848510743,17.431416346232098
923,-1.4791090218526013,-1.5054309390625864,-1.5054309390625864,0.28548714012469883,0.0922,0.0010006343133150126,0.008804987913946499,0.12432128479177097,9.441679036842203,-1.1293842633565268,-1.4310953915119171,-1.4310953915119171,0.3017111326257388,0.001000609122759973,0.009362725579800705,0.14505572623262802,11.297378253936767,10.616487789154053,10.005061467488607,10.616487789154053,12.208635075887043,13.503744475046794,13.244722595214846
924,-1.462505169634549,-1.4917831848252494,-1.4917831848252494,0.31720489263534546,0.0923,0.0010006171211881458,0.009730857559743355,0.13856341229435407,10.024132242742574,-1.017952733238538,-1.3440987090269725,-1.3440987090269725,0.3261459772785505,0.0010005256393924356,0.010785034830526759,0.17581824554751316,13.015064175923666,10.750041834513347,9.820412254333496,10.750041834513347,13.231717936197917,13.408579063415527,13.373206837972004
925,-1.4806482949346866,-1.5084541743656374,-1.5084541743656374,0.3009294479523065,0.0924,0.0010004588249051627,0.009439147139003254,0.14740872681843784,9.494537875337421,-1.124938327074051,-1.3930785040060678,-1.3930785040060678,0.2681401766836643,0.0010005842195823789,0.010424439993221313,0.1734120803885162,11.736320940653483,10.76650889714559,10.951139577229817,10.76650889714559,13.59823538462321,17.835630162556967,16.988151206970215
926,-1.4686678670487314,-1.4973022465435963,-1.4973022465435963,0.3095608719114987,0.0925,0.0010005581689084757,0.010034769914060269,0.1608017984918266,9.69813205611031,-1.0615837693214416,-1.3441281119982402,-1.3441281119982402,0.28254434565703074,0.0010003948778224488,0.008176203176844865,0.12757365740835666,11.563576698303223,11.008409595489502,10.579208914438883,11.008409595489502,12.794993336995443,15.932831001281738,15.305263468424478
927,-1.4618396196725234,-1.4885895837028071,-1.4885895837028071,0.2888764412897938,0.0926,0.0010006287451482044,0.00932722384953555,0.12645843287683883,9.722837825991073,-1.1454988886912665,-1.4322417755921681,-1.4322417755921681,0.286742889508605,0.0010005627448360125,0.009859892337893446,0.13201292442778748,11.341486581166585,10.318401749928793,9.864563465118408,10.318401749928793,13.485692246754963,15.529068120320638,15.120392945607504
928,-1.4895608492617338,-1.5151588242009002,-1.5151588242009002,0.2761377849668827,0.0927,0.0010004564504719005,0.008268041782221704,0.1072468785041908,9.187073392688104,-1.0998919571439425,-1.4024701903263728,-1.4024701903263728,0.30257823566595715,0.0010006353278489164,0.01071210300239424,0.1571584550042947,12.295957946777344,10.669673252105714,10.570820236206055,10.669673252105714,13.304783948262532,16.295490328470866,15.6973490524292
929,-1.4585142900358956,-1.4868736806905494,-1.4868736806905494,0.3055968256491535,0.0928,0.0010007038615854843,0.008915752264723744,0.1204317756840643,9.72174235110013,-0.9796219155192375,-1.2958392987648646,-1.2958392987648646,0.3162173844873905,0.0010006779242151727,0.009686615007619062,0.13046443530668814,12.307295227050782,11.870649274190267,12.23537826538086,11.870649274190267,14.506371307373048,19.103622817993163,18.184172515869143
930,-1.452702355834673,-1.4787236542071935,-1.4787236542071935,0.280100073173361,0.0929,0.0010006400528100301,0.010155279655009508,0.1460130310283517,9.991412225759253,-1.045033625761668,-1.343401058514913,-1.343401058514913,0.29836743424336115,0.0010005957252966862,0.008554202620871365,0.11221596995989482,12.278986295064291,11.139747301737467,10.768948491414388,11.139747301737467,13.928260294596354,14.53199888865153,14.411251169840497
931,-1.5060574423592046,-1.5313514673484947,-1.5313514673484947,0.2719787719114771,0.093,0.0010004814248532057,0.008061523645905391,0.12981425004325947,9.15254280702123,-0.9711544851462046,-1.3265072713295618,-1.3265072713295618,0.3553527901570002,0.0010004357240783672,0.009833009079253921,0.13904623528942467,12.198927752176921,11.387845865885417,11.255675347646077,11.387845865885417,16.328251457214357,18.522042274475098,18.08328411102295
932,-1.4932379295241158,-1.5209805583054166,-1.5209805583054166,0.2979875129629981,0.0931,0.0010005031242298912,0.008654866965030724,0.12588265520643513,9.308511572064093,-1.153634629646937,-1.3915727188189824,-1.3915727188189824,0.23793808780610562,0.0010004878936645885,0.008033033662165205,0.10933309228469928,11.621095403035481,10.347740618387858,10.261476484934489,10.347740618387858,12.425226434071858,16.81386063893636,15.93613379796346
933,-1.4743462013748456,-1.501754972169984,-1.501754972169984,0.2940855476091493,0.0932,0.001000607414786124,0.007901474240429278,0.11047119348538371,9.345565004168817,-0.8959729025761286,-1.1950301498174667,-1.1950301498174667,0.2990572447578112,0.0010010296750503282,0.012337729070956508,0.1625374608983596,13.532670656840006,13.405883089701335,13.092480150858561,13.405883089701335,16.711381975809733,18.8162743250529,18.395295855204267
934,-1.4306123481606536,-1.4568117699533139,-1.4568117699533139,0.2808084024010964,0.0933,0.0010006277457336491,0.010890204582433656,0.1525288021789407,10.35851807864207,-1.005410190920035,-1.29815122038126,-1.29815122038126,0.2927410324414571,0.0010005177503141264,0.011716209840960801,0.16510049030184745,13.178732617696125,11.922715822855631,11.340722465515137,11.922715822855631,14.681614939371745,17.614884885152183,17.028230895996096
935,-1.4912571592150994,-1.5199949943794395,-1.5199949943794395,0.3076854910490648,0.0934,0.0010004830546677113,0.008372388077232073,0.1252745500642736,9.303032020352921,-1.0393118798732757,-1.3305962085723877,-1.3305962085723877,0.2912843311826388,0.0010006192741760364,0.008997522278999288,0.1151721641421318,11.95348752339681,11.5444704691569,11.332361634572347,11.5444704691569,12.621650886535644,16.633645502726235,15.831246579488116
936,-1.4178969488953643,-1.4432489084747602,-1.4432489084747602,0.27114397624753556,0.0935,0.0010005917228793479,0.010382093972403486,0.14306268313864492,10.460903536598638,-0.9067106664180755,-1.198963796099027,-1.198963796099027,0.292253128439188,0.0010003330632268141,0.008049265303028127,0.11581403426826001,12.557760492960613,11.792239570617676,11.084286499023438,11.792239570617676,12.589524141947429,14.845038350423177,14.39393550872803
937,-1.4725893106100694,-1.4966697310501675,-1.4966697310501675,0.25726946344915425,0.0936,0.0010005858757550705,0.008586928749210992,0.1151174877612096,9.741541232702867,-0.9991283575693767,-1.3276456664005916,-1.3276456664005916,0.32851730212569236,0.001000835954134042,0.010400847430961828,0.13665908202528954,12.483710352579752,11.3810546875,11.297266832987468,11.3810546875,14.713504282633464,13.763884194691975,13.953808212280274
938,-1.4653122132679202,-1.492078333530786,-1.492078333530786,0.28565759394528734,0.0937,0.0010005250190964566,0.009499792431323033,0.15079522414027519,9.714683226819309,-1.1004338135321936,-1.3950584510962167,-1.3950584510962167,0.29462463334202765,0.001000576219909514,0.009763465922636291,0.15890627652406691,11.505740769704182,10.740825875600178,10.495766989390056,10.740825875600178,13.492734781901042,18.30719757080078,17.344305013020833
939,-1.4996720462475184,-1.5265134123136412,-1.5265134123136412,0.28615528696550513,0.0938,0.0010004330356166047,0.007798669438035983,0.1050381618991213,9.05013048423911,-1.050633466243744,-1.3305625408887862,-1.3305625408887862,0.27992907414833706,0.0010006039248158535,0.011786504904739559,0.170559964949886,12.170202445983886,11.509676551818847,11.675487391153972,11.509676551818847,15.016551081339518,19.101321029663087,18.284367039998372
940,-1.439865085313905,-1.4666702679868013,-1.4666702679868013,0.2854652404785156,0.0939,0.0010004737084942325,0.009958903366734958,0.1477546964965339,10.044221131306774,-1.1348112891117732,-1.382703639070193,-1.382703639070193,0.24789235728482406,0.0010007039682629207,0.011579041718505323,0.15320032083739837,12.172360229492188,11.428873443603516,10.721286519368489,11.428873443603516,12.601502736409506,16.61537939707438,15.812604064941407
941,-1.5222584526493865,-1.5463811136641592,-1.5463811136641592,0.2566240494543651,0.094,0.0010004588468703179,0.008757273894998262,0.1397878156166594,9.097812607603252,-1.2553497672080993,-1.4940278510252634,-1.4940278510252634,0.23867807711164157,0.0010004234733060001,0.008888399957989653,0.1143078971033295,10.3149746576945,9.32927811940511,9.383269850413004,9.32927811940511,11.20066566467285,13.757046890258788,13.2457706451416
942,-1.4656633678472266,-1.4920283915861599,-1.4920283915861599,0.28018097256152136,0.0941,0.0010005203097672114,0.008963850401517636,0.12730655632913113,9.758397372263783,-1.0253495713075003,-1.291029800971349,-1.291029800971349,0.26568023636937144,0.0010006499961794665,0.009741623241764804,0.1456348977362116,13.237364705403646,12.020878664652507,11.691081110636393,12.020878664652507,16.72589200337728,16.728571701049805,16.7280357615153
943,-1.4792335753170949,-1.5029121682328999,-1.5029121682328999,0.25136511590120925,0.0942,0.0010005507205243943,0.008661079097468898,0.12114991950538923,9.465879512283037,-1.130376923084259,-1.407458770275116,-1.407458770275116,0.2770818445831537,0.0010007736583550772,0.012002582933443287,0.1782207519436876,11.754319953918458,10.697397613525391,10.630929978688558,10.697397613525391,14.045727920532226,19.1908774693807,18.161847559611004
944,-1.503008043990945,-1.53032315677067,-1.53032315677067,0.2896618223134077,0.0943,0.0010005142737426005,0.008915003534090126,0.14051811442763176,9.257756952969533,-1.0764153515299162,-1.3594877441724142,-1.3594877441724142,0.2830723933875561,0.00100047744732971,0.008373021171428264,0.1453030426055193,12.080404218037923,10.929259808858236,10.100231043497722,10.929259808858236,13.728139877319336,14.073819986979167,14.004683965047201
945,-1.4505266209818282,-1.4722606742157127,-1.4722606742157127,0.2302335890115432,0.0944,0.0010005695117145496,0.009230187435124843,0.13075875427644207,9.612311777078881,-1.090058014790217,-1.3041941324869792,-1.3041941324869792,0.2141361237814029,0.001001081361512964,0.01097144273420175,0.1378503805026412,12.618001365661621,11.448364512125652,11.504007466634114,11.448364512125652,15.249129740397136,18.63418458302816,17.957173614501954
946,-1.458270309106359,-1.4818816207489878,-1.4818816207489878,0.24985514300049477,0.0945,0.001000528379765181,0.00945804583541346,0.1494117546123716,9.919270695380444,-0.9867795407772064,-1.3273663093646368,-1.3273663093646368,0.3405867670973142,0.001000563627652203,0.010412186376440029,0.1527973460033536,12.374442100524902,11.771011352539062,11.48413454691569,11.771011352539062,16.483307202657063,17.193536059061685,17.051490287780762
947,-1.4733617991771337,-1.49755560002237,-1.49755560002237,0.25574836134910583,0.0946,0.0010005313274889904,0.008920556997423465,0.13348096728606043,9.73092515513582,-1.152071250975132,-1.4234870741764705,-1.4234870741764705,0.2714158239463965,0.0010006124638797095,0.010272692081828912,0.16471829693764448,11.034571965535482,10.170513280232747,10.413644440968831,10.170513280232747,12.63451172510783,15.483366743723552,14.913595740000408
948,-1.5142722579668153,-1.5391165332974128,-1.5391165332974128,0.2623470626630873,0.0947,0.0010004404730181086,0.008615669047565392,0.13220482910016798,9.196796354257836,-1.1070211231708527,-1.4030956228574116,-1.4030956228574116,0.29607449571291605,0.0010005639807786793,0.009813475833895306,0.15797865375255546,11.833006159464519,10.46169179280599,10.505272960662841,10.46169179280599,12.594901657104492,14.883205445607503,14.425544687906902
949,-1.5100965454893291,-1.5308592094565339,-1.5308592094565339,0.21901542313818662,0.0948,0.001000570407892876,0.00830996718327954,0.115029268493911,9.159898155140427,-1.1842580477396647,-1.3895950655142466,-1.3895950655142466,0.20533701926469802,0.0010008482805763683,0.010430302587337792,0.13967225930343072,12.03864771525065,10.85141429901123,10.402337265014648,10.85141429901123,12.864887301127116,16.20549767812093,15.53737560272217
950,-1.5006556600894567,-1.5211911291446325,-1.5211911291446325,0.21639057319119293,0.0949,0.0010006582597270608,0.008425080041699815,0.12830967406900423,9.271172244593782,-1.0421303868293763,-1.3149412870407104,-1.3149412870407104,0.2728108953684568,0.0010009228562315306,0.010436640443125119,0.151777408644557,12.647523434956868,11.761172993977864,11.608944320678711,11.761172993977864,13.929435920715331,14.841003481547038,14.658689969380697
951,-1.445512778354141,-1.470099924870257,-1.470099924870257,0.25881213540176173,0.095,0.0010007091771530093,0.010097397333186752,0.1447984848944646,9.937754649036336,-1.0747992763916652,-1.3380807687838872,-1.3380807687838872,0.26328148767352105,0.0010005695784154037,0.008411325428945323,0.12773240314175685,11.715570259094239,11.11946833928426,10.090912437438964,11.11946833928426,13.859771919250488,14.49783509572347,14.370222460428874
952,-1.4778247082008507,-1.5011625064993805,-1.5011625064993805,0.24540271005540523,0.0951,0.0010005762638032156,0.00885854239733714,0.11995086699443043,9.400944214946819,-1.2079485923051834,-1.4320023874441783,-1.4320023874441783,0.2240537912895282,0.0010005856902959446,0.009293706738390028,0.1502924457502862,11.36453005472819,10.501737181345622,9.708784834543865,10.501737181345622,13.17353572845459,15.478932921091715,15.017853482564291
953,-1.5075789746248498,-1.5307169387925346,-1.5307169387925346,0.2430458518694032,0.0952,0.0010004689156973981,0.008511891193195896,0.12416578593822021,9.320009744392252,-1.0815861930449804,-1.3308947384357452,-1.3308947384357452,0.24930853346983592,0.0010005029810902972,0.008440605457872152,0.13349437167247136,11.504423332214355,10.304268423716227,11.02142203648885,10.304268423716227,12.308902549743653,17.845953369140624,16.73854320526123
954,-1.4781958899408016,-1.4998548345745735,-1.4998548345745735,0.22727114243327445,0.0953,0.0010005279492481419,0.008666956296436629,0.12523050184519785,9.443993739362034,-0.909442608555158,-1.13723961537083,-1.13723961537083,0.22779701116184395,0.0010005692640940348,0.00905523324230065,0.13085632526005309,12.348652203877768,12.303577295939128,12.873789914449056,12.303577295939128,15.572559483846028,23.81636333465576,22.167602564493816
955,-1.520327384741801,-1.543126662947097,-1.543126662947097,0.23898617121970878,0.0954,0.0010004704247035508,0.00810112971988208,0.1321848063676987,9.027846876180396,-1.047661648193995,-1.2392021854718527,-1.2392021854718527,0.19154053255915643,0.0010004174817974368,0.0115610063696901,0.17832923559471964,14.471639823913574,12.941948572794596,12.35618158976237,12.941948572794596,15.458423296610514,16.715999921162922,16.46448459625244
956,-1.4888309690187562,-1.5100691498450514,-1.5100691498450514,0.22238929162047943,0.0955,0.0010004967082080977,0.008637644807403942,0.12919551489066403,9.649800039687246,-1.2038667450348537,-1.3972023755311966,-1.3972023755311966,0.19333562751611075,0.0010005404784654579,0.010327651522432764,0.17153824058671793,11.81546688079834,10.493445905049642,10.091580295562744,10.493445905049642,13.529832394917806,17.90849889119466,17.03276559193929
957,-1.5074054430115897,-1.5269276882117648,-1.5269276882117648,0.20420758988497392,0.0956,0.0010004813106343994,0.008455722680631673,0.12243458417788991,9.193743318881628,-0.8953472395737966,-1.134179781874021,-1.134179781874021,0.23883253633975982,0.0010003424618237962,0.009233275017080208,0.1498345922678709,13.3969087600708,12.375815963745117,12.565376154581706,12.375815963745117,17.477916526794434,21.41813507080078,20.63009136199951
958,-1.5072953993419431,-1.529171496067407,-1.529171496067407,0.22859032691087364,0.0957,0.0010004486396627606,0.008367185028410464,0.13497138807093198,9.176051175819254,-1.05408050964276,-1.3018769592046737,-1.3018769592046737,0.2477964460849762,0.0010004978491148602,0.008906555323240658,0.12921653185039758,12.165835825602214,11.050157038370768,10.995566113789875,11.050157038370768,14.562364641825358,18.383545684814454,17.619309476216635
959,-1.4440885121529956,-1.4646085287040134,-1.4646085287040134,0.21419637833001479,0.0958,0.001000627914865343,0.008681949021575867,0.12100868401521782,9.637093867895738,-1.0937961916128793,-1.3140464534362157,-1.3140464534362157,0.2202502618233363,0.001000509715716665,0.010235744675931831,0.16523609937479097,12.30470396677653,11.432561429341634,11.90156364440918,11.432561429341634,15.179513422648112,21.356175486246745,20.12084307352702
960,-1.4782591608335387,-1.501447839557,-1.501447839557,0.24180061609115241,0.0959,0.0010005260251005584,0.009175686798286889,0.13623373189343596,9.689041866446441,-1.1405365198850632,-1.3680816094080608,-1.3680816094080608,0.22754509126146635,0.0010005698830354958,0.009845819130229453,0.15859372330208618,11.199389902750651,10.699668375651042,10.967871475219727,10.699668375651042,13.29752057393392,20.39908676147461,18.978773523966474
961,-1.5373391700240802,-1.5570152345693336,-1.5570152345693336,0.2049590210026165,0.096,0.0010005050615565676,0.008236105092537572,0.12632946701685213,9.165702720858016,-1.0941612521807353,-1.308883679906527,-1.308883679906527,0.2147224256147941,0.001000670890789479,0.010394188086502254,0.15988838660220306,12.367876688639322,11.704283078511557,11.486032231648762,11.704283078511557,14.369211260477702,20.54712511698405,19.31154234568278
962,-1.4305229648104254,-1.4531480726206079,-1.4531480726206079,0.2354329929880376,0.0961,0.0010006503874154867,0.010695932072780604,0.15560986544444877,10.282538557952305,-1.142100911339124,-1.3674731791019439,-1.3674731791019439,0.22537227322657902,0.0010004562733229249,0.007858599493435274,0.12613240076849858,11.600319798787435,10.809667332967122,10.75516357421875,10.809667332967122,13.462281608581543,15.964924176534018,15.464395662943524
963,-1.4829431367370318,-1.505490759633622,-1.505490759633622,0.23438275563267041,0.0962,0.0010005321753439756,0.008751611787614957,0.1327445109919557,9.489225279610112,-1.1484499881664911,-1.3435563931862513,-1.3435563931862513,0.19510639868676663,0.0010004710891128828,0.00788053044428428,0.10374154215678573,12.407626215616862,11.222976366678873,10.884732341766357,11.222976366678873,13.960229269663493,14.417938486735027,14.32639664332072
964,-1.521358478744075,-1.5413482076716873,-1.5413482076716873,0.2075777437608197,0.0963,0.0010004687443691885,0.008195084343963075,0.1160219067461648,9.075069634419567,-1.166594793399175,-1.4134117662906647,-1.4134117662906647,0.2468169675519069,0.001000627987862875,0.009885237544464569,0.15421079403410357,12.148338762919108,10.928274885813396,10.28606907526652,10.928274885813396,14.580164496103922,14.264318593343098,14.327487773895264
965,-1.4774906039237976,-1.4975638726972185,-1.4975638726972185,0.2082289478407716,0.0964,0.0010004925392216668,0.009380485853707453,0.1544334297331999,9.8028040921913,-1.135247427225113,-1.369896697998047,-1.369896697998047,0.23464927623669307,0.0010008000923941533,0.013108795105169217,0.20256685900191465,12.610117848714193,11.756689071655273,11.234553337097168,11.756689071655273,14.24241943359375,18.551450983683267,17.689644673665363
966,-1.5202382218162969,-1.5388233369251467,-1.5388233369251467,0.19259193300638558,0.0965,0.0010004408771769617,0.009132951612250422,0.14573324248546138,9.17942968404518,-1.0921140894293786,-1.291252530614535,-1.291252530614535,0.19913844279944898,0.001000410479415829,0.008607736707199365,0.11591870235279203,12.477265421549479,11.376393445332845,11.162212689717611,11.376393445332845,14.193163299560547,17.11243438720703,16.528580169677735
967,-1.510079026222229,-1.527367373682418,-1.527367373682418,0.17896844081158908,0.0966,0.0010004757907909323,0.007891606434055095,0.09674328990842936,9.157600105933422,-1.1803215354681016,-1.3740054925282796,-1.3740054925282796,0.19368394948542117,0.0010005189552127073,0.00889416028900693,0.1327297658349077,11.988801447550456,10.832152048746744,10.84653730392456,10.832152048746744,12.80462678273519,18.345613606770833,17.237416241963707
968,-1.5061638962547734,-1.5243331576293369,-1.5243331576293369,0.1878930652197802,0.0967,0.0010004703675941477,0.008805358035595349,0.1288536455974264,9.431424599773479,-1.2119951908787092,-1.375071852405866,-1.375071852405866,0.1630766582985719,0.0010005937636985132,0.009296806156635284,0.1408554100121061,11.951274744669597,10.820036697387696,10.306749947865804,10.820036697387696,12.734635225931804,14.449572690327962,14.106585197448732
969,-1.4770231494363748,-1.4956681593409125,-1.4956681593409125,0.19261376812772932,0.0968,0.0010004504210368362,0.009834031662288701,0.1466704730014756,10.033425250143376,-1.1953082183996837,-1.380525705218315,-1.380525705218315,0.18521749079227448,0.0010006193091006328,0.010501757830691833,0.16138592896362144,12.876688957214355,11.506278928120931,10.719788742065429,11.506278928120931,14.449557304382324,14.936691856384277,14.839264945983889
970,-1.487953856306256,-1.505662684170705,-1.505662684170705,0.18275362674920065,0.0969,0.0010004835686523398,0.009637831701492926,0.14643170006292047,9.584471090784612,-1.213427217801412,-1.3939374436934788,-1.3939374436934788,0.1805102203041315,0.0010005283538096895,0.009821953368373215,0.14302990200618904,11.929964637756347,11.02703062693278,10.857304986317953,11.02703062693278,13.887018775939941,16.008702405293782,15.584365679423014
971,-1.5154535927862491,-1.5325268551988422,-1.5325268551988422,0.17601305921122712,0.097,0.0010004578452592469,0.008243726742155146,0.11452293118356534,9.1280976691336,-1.1121698468923569,-1.2939245005448659,-1.2939245005448659,0.18175465427339077,0.0010004994614670674,0.009751896133335929,0.14096320184568564,14.046665064493816,11.65243288675944,10.48380807240804,11.65243288675944,14.216317558288575,14.68730125427246,14.593104515075686
972,-1.4839444677784759,-1.5037672249776013,-1.5037672249776013,0.20414796134210983,0.0971,0.0010006051787333388,0.009402733445518984,0.13773634070354812,9.558731178067765,-1.206672441959381,-1.3790339132150014,-1.3790339132150014,0.17236146852374076,0.0010004821136438598,0.009047389573728045,0.13453468723843495,12.042927551269532,10.555347220102947,10.236673800150554,10.555347220102947,12.229759947458904,15.803148206075033,15.088470554351808
973,-1.4792170243443183,-1.4980038100818418,-1.4980038100818418,0.19327965336588193,0.0972,0.001000483496167328,0.008902869336658492,0.13464304688825923,9.6912654750752,-1.207270653049151,-1.392651049296061,-1.392651049296061,0.18538039904087783,0.0010006282090519866,0.012769925990141928,0.1772883152589202,12.288663291931153,10.834101327260335,10.471146647135416,10.834101327260335,13.29955145517985,16.88294245402018,16.166264254252116
974,-1.4931700544537239,-1.5098120423982728,-1.5098120423982728,0.17103792431781878,0.0973,0.0010006057783820718,0.009211362620710203,0.1420616795713047,9.576278173698569,-1.2838572214047115,-1.4288010676701863,-1.4288010676701863,0.14494384514788786,0.001000830727086092,0.01085909279839446,0.16515395548194647,11.745092582702636,9.912858581542968,9.577670192718506,9.912858581542968,12.882676060994466,15.490771102905274,14.969152094523112
975,-1.4444219188870124,-1.460253818979803,-1.460253818979803,0.16254513429583245,0.0974,0.0010006695498167625,0.009633697288216284,0.1290493204767974,10.039859744737733,-1.1773321305712063,-1.3426827838023503,-1.3426827838023503,0.16535065496961276,0.0010004471405409276,0.00904891088527317,0.1242200984309117,11.733489926656087,10.91898578008016,10.809832827250164,10.91898578008016,13.942507298787435,20.504352696736653,19.19198361714681
976,-1.4646232915374469,-1.4799971827920877,-1.4799971827920877,0.15768098535965075,0.0975,0.0010004947335406575,0.00969124515980201,0.13820823415551545,9.914034069709057,-1.1335562189420065,-1.3171181937058767,-1.3171181937058767,0.18356197724739712,0.0010006524059766283,0.010049210861325264,0.15320365820080042,12.134289741516113,11.29885164896647,11.720489756266277,11.29885164896647,13.838797696431477,18.289582633972167,17.39942564646403
977,-1.5135871374382164,-1.5311477791588262,-1.5311477791588262,0.17992464199943362,0.0976,0.0010005910968724286,0.008157607523794725,0.12730000171599523,9.066506790664961,-1.0384404264390468,-1.2482667073607445,-1.2482667073607445,0.20982627763102452,0.0010010571296637258,0.009957363068436583,0.15664851975937685,12.202779197692871,11.788844617207845,11.906992022196452,11.788844617207845,14.827191988627115,20.827607663472495,19.62752452850342
978,-1.4814154876852936,-1.4993690882089004,-1.4993690882089004,0.18376260517903095,0.0977,0.0010007083688353031,0.008981419731599261,0.1283915433681236,9.68677047513566,-1.0705431938171386,-1.235541793704033,-1.235541793704033,0.16499859225004912,0.0010007706199151774,0.009906799299642444,0.1343006517427663,12.839163780212402,11.69551321665446,11.895362981160481,11.69551321665446,14.641484387715657,20.16850102742513,19.063097699483237
979,-1.482850379538986,-1.500272014231052,-1.500272014231052,0.17813535850003082,0.0978,0.0010006508684523826,0.009489347262061992,0.1433304213690308,9.692654861594146,-1.1179227421681086,-1.3114854822556177,-1.3114854822556177,0.19356274728973707,0.0010007140032636623,0.008485651373242338,0.11985579536606868,13.010157203674316,11.600635083516439,10.756345303853353,11.600635083516439,14.853259531656901,14.475467236836751,14.551025695800782
980,-1.4691600990745257,-1.4850831211737867,-1.4850831211737867,0.16264585475876647,0.0979,0.0010006675663632603,0.009311734799752539,0.14011540485299984,9.722530472953364,-1.2306267191966376,-1.3890618552764258,-1.3890618552764258,0.1584351389358441,0.001000433861433218,0.00868667672233035,0.14186065308749676,12.25564022064209,10.49660228093465,10.617780399322509,10.49660228093465,13.454829661051432,19.1438346862793,18.006033681233728
981,-1.4998368812057208,-1.5145451775136984,-1.5145451775136984,0.15008459373746277,0.098,0.001000531404367033,0.008563191120354634,0.13181979729319518,9.384696384645858,-1.1763247946898143,-1.3492027829090754,-1.3492027829090754,0.1728779877225558,0.0010004557203501462,0.007852709883203109,0.1357050418232878,12.010796801249187,10.81325168609619,10.235929870605469,10.81325168609619,14.153667322794597,14.557526206970214,14.476754430135092
982,-1.4827558409492925,-1.4975305255853906,-1.4975305255853906,0.1506084512989476,0.0981,0.0010005084244218076,0.008878193136726348,0.13583160479957201,9.699947905990312,-1.1741789778073628,-1.3202766964832942,-1.3202766964832942,0.14609771811713776,0.0010006881939868132,0.011325613005707662,0.19387257260580856,13.037860870361328,11.64628200531006,10.855935255686441,11.64628200531006,15.183705965677897,15.616064198811848,15.52959255218506
983,-1.5070925793557797,-1.5223369373465485,-1.5223369373465485,0.1552378862815083,0.0982,0.0010006006648939736,0.00902827480315881,0.1452931107707181,9.35236275870845,-1.1871733382344245,-1.325999559958776,-1.325999559958776,0.1388262255117297,0.0010005420306697487,0.00782559277722612,0.11565496101975441,12.149800300598145,10.938813591003418,10.314383443196615,10.938813591003418,13.212553405761719,17.044153213500977,16.277833251953126
984,-1.4620589737622243,-1.4782189558137138,-1.4782189558137138,0.16439453653007183,0.0983,0.0010005238681223313,0.009897457374224686,0.1563894533604946,9.905715114665481,-1.2464983652035395,-1.3935967266559601,-1.3935967266559601,0.14709835704416035,0.0010005865905744335,0.010885511431843043,0.17878554922839004,12.417517534891765,11.088640213012695,10.802418963114421,11.088640213012695,14.968058013916016,19.371218490600587,18.490586395263673
985,-1.4973257555151886,-1.5115908474292394,-1.5115908474292394,0.14497046819273032,0.0984,0.0010004739808621554,0.008622568241267834,0.13730771656868593,9.575061366243183,-1.2467864145835241,-1.3825685540835062,-1.3825685540835062,0.13578214111427467,0.0010005222478260596,0.00881019039079547,0.13257351350039243,12.144005266825358,10.541658147176106,9.625167942047119,10.541658147176106,11.776986948649089,13.599050903320313,13.234638112386069
986,-1.4593575855471053,-1.472894958730014,-1.472894958730014,0.1374352158240552,0.0985,0.0010006071709729029,0.009720592733191431,0.13210859683887013,9.935945528858113,-1.18265860080719,-1.315992639462153,-1.315992639462153,0.13333403648187717,0.0010006753359145175,0.009366279002279043,0.13263418733452756,12.698676935831706,11.70206979115804,11.424862670898438,11.70206979115804,13.696399243672689,16.474860827128094,15.919168510437014
987,-1.514513782735141,-1.5279443095315177,-1.5279443095315177,0.13621222227811813,0.0986,0.001000508404653168,0.008138652908492763,0.12104817673142226,9.255989263642508,-1.2386264137923717,-1.3941287609438102,-1.3941287609438102,0.15550234640638033,0.0010006194973054031,0.008389029655760775,0.1385261124310394,11.786471939086914,10.00660909016927,9.399226665496826,10.00660909016927,12.314163875579833,16.648170725504556,15.781369355519612
988,-1.5111461135576356,-1.525664675910518,-1.525664675910518,0.1470979371301408,0.0987,0.001000677015772968,0.008505183746511082,0.13689101852898328,9.346602583831212,-1.2334493716557822,-1.395493060350418,-1.395493060350418,0.16204368931551774,0.001000902745484685,0.011229747983937463,0.14698896128684283,12.300281842549643,11.260072835286458,10.709634017944335,11.260072835286458,14.412225977579753,17.89560629526774,17.198930231730145
989,-1.501221018017463,-1.5162505158838235,-1.5162505158838235,0.1521204780998095,0.0988,0.0010006195439447492,0.009078841261073665,0.13613481672023828,9.522064424910635,-1.0659546946485838,-1.231137918929259,-1.231137918929259,0.16518322465320429,0.0010005103812242547,0.009659574545609454,0.1500898795823256,13.504853312174479,11.69956169128418,11.611784394582113,11.69956169128418,15.348492431640626,18.995097351074218,18.2657763671875
990,-1.5104011499656822,-1.5253224890187103,-1.5253224890187103,0.15087291788098947,0.0989,0.0010005341236532298,0.008733941927411646,0.14214591822534237,9.28247746881449,-1.2882921149333317,-1.4176759978135427,-1.4176759978135427,0.12938388139009477,0.0010004985165627052,0.008992978263025482,0.15207297982027132,11.42013111114502,10.151831372578938,9.619937006632487,10.151831372578938,12.247485129038493,14.352602195739745,13.931578782399495
991,-1.4982324231345698,-1.5115413125955834,-1.5115413125955834,0.1344332664080386,0.099,0.0010004533160442733,0.009221683809850013,0.16079942059685598,9.778447601030457,-1.130922231078148,-1.2852980236212412,-1.2852980236212412,0.15437579626838366,0.001000864856177941,0.01320949539852639,0.19148385897278786,14.189616394042968,12.930656814575196,12.25985927581787,12.930656814575196,15.737280718485515,18.69768892923991,18.105607287089033
992,-1.4683812991628107,-1.4829083411198742,-1.4829083411198742,0.14658985617306997,0.0991,0.0010005396918200378,0.0107817614345618,0.17736731729698632,10.143517791100269,-1.1908773273229598,-1.318952140212059,-1.318952140212059,0.12807481090227762,0.001000856487856557,0.01262900377623737,0.18424852831910055,12.577687962849934,11.511682319641114,11.624072901407878,11.511682319641114,13.992422103881836,21.140787887573243,19.711114730834964
993,-1.492425356271132,-1.5056813123091213,-1.5056813123091213,0.13362855253354558,0.0992,0.0010005377325282064,0.009435384982388537,0.14641003163074548,9.532948502954447,-1.210297816991806,-1.3219462712605794,-1.3219462712605794,0.11164844743907451,0.0010005465708673,0.010969013829405109,0.20984602825095255,12.177176030476888,11.496795717875163,11.081809012095134,11.496795717875163,14.321295547485352,18.482723045349122,17.65043754577637
994,-1.4865177307488784,-1.4986358161242503,-1.4986358161242503,0.122035118347069,0.0993,0.0010005063245529836,0.008755387079392402,0.12344878560529565,9.550484261422787,-1.1913271645704906,-1.3292417893807094,-1.3292417893807094,0.13791462605198224,0.0010006306770568092,0.00900799009638528,0.12009541802108288,12.633706855773926,11.273647181193034,10.807890892028809,11.273647181193034,15.095645904541016,14.183611424763997,14.366018320719402
995,-1.5307505895506661,-1.5427288311832357,-1.5427288311832357,0.12050538081324326,0.0994,0.0010005531410844822,0.008497386019817501,0.12841535384222022,9.271075824521622,-1.2745268315076828,-1.415266764163971,-1.415266764163971,0.1407399325321118,0.001000368302144731,0.006414428465844443,0.10456943083554507,10.447387949625652,9.412570412953695,8.920108222961426,9.412570412953695,11.235847250620525,13.735311158498128,13.235418376922608
996,-1.4861174619422768,-1.4992314914487443,-1.4992314914487443,0.13179923172266977,0.0995,0.0010005747328319077,0.009204349348778432,0.14542846631188439,9.609932224705535,-1.159050061305364,-1.2934389372666677,-1.2934389372666677,0.13438888192176818,0.0010004887531977146,0.010121380491182209,0.15789157853772243,13.089536094665528,11.743673324584961,11.763355096181234,11.743673324584961,15.426704279581706,18.957741419474285,18.25153399149577
997,-1.4939198550188317,-1.5061684565724067,-1.5061684565724067,0.12297786259145108,0.0996,0.0010005000535012135,0.008918634356649698,0.13556706061903037,9.48083905453952,-1.275352176030477,-1.3873941550652187,-1.3873941550652187,0.11204198226332665,0.001000609714537859,0.01163503440717856,0.19899733097602923,12.183572006225585,10.937587356567382,10.866327635447185,10.937587356567382,13.146143786112468,19.811982727050783,18.47881493886312
998,-1.4543333998266257,-1.4672411972621702,-1.4672411972621702,0.12946634029723564,0.0997,0.0010006005682472914,0.009994543227806406,0.15005333247190378,9.912510332071557,-1.3647137353817622,-1.4705725997686385,-1.4705725997686385,0.1058588670566678,0.0010006403569908192,0.01021835949892799,0.15649196313073238,10.502778148651123,9.774217255910237,9.630066013336181,9.774217255910237,11.348621050516764,19.65016918182373,17.989859555562337
999,-1.4872668228059445,-1.4984289778853364,-1.4984289778853364,0.11184526143490144,0.0998,0.0010005572946953042,0.009044062785523117,0.13797899588661375,9.705801738882965,-1.301543226838112,-1.411397820711136,-1.411397820711136,0.10985459374884764,0.0010004972631577403,0.008675681861738364,0.128312800390025,12.095072746276855,10.729831981658936,10.296257146199544,10.729831981658936,15.066106414794922,14.330061976114909,14.477270863850912
1000,-1.4684038792016372,-1.4815480776552885,-1.4815480776552885,0.1315734936100132,0.0999,0.0010005633373094617,0.010260137008889666,0.16193121014479198,10.062837888609689,-1.0432674358288447,-1.178461637099584,-1.178461637099584,0.13519419798006613,0.0010004468533831338,0.01021279275106887,0.16565755351136127,13.337069320678712,12.53795674641927,12.093510309855143,12.53795674641927,14.864880879720053,14.66394468943278,14.704131927490236
1001,-1.4798299456542392,-1.4909650987049319,-1.4909650987049319,0.11135149255113781,0.1,0.001000572303485758,0.009279408105561193,0.14513662640216216,9.915682882632849,-1.2021456023057302,-1.331863338748614,-1.331863338748614,0.12971772818515698,0.0010006655822508038,0.01092789889468501,0.18274328069140514,12.744817670186361,11.15749257405599,11.136285082499187,11.15749257405599,13.189090474446614,21.293602879842123,19.67270039876302
1002,-1.4782588830534018,-1.4902158424539387,-1.4902158424539387,0.11945010046913938,0.1001,0.00100040072926654,0.008604642126779511,0.12913999031737167,9.266789688254303,-1.1665300190448762,-1.2878861447175345,-1.2878861447175345,0.12135612604518732,0.0010006559197790921,0.010715488996356725,0.157323977475365,12.517586263020833,11.356386693318685,11.6551082611084,11.356386693318685,14.649906158447266,18.096360460917154,17.407069600423178
1003,-1.4646376528829899,-1.4759476049891058,-1.4759476049891058,0.11287375314618056,0.1002,0.001000634965680118,0.010210992860660519,0.1393379877620148,10.103390378772088,-1.1912084097663562,-1.3173037822047868,-1.3173037822047868,0.12609537883351246,0.0010005975782405585,0.009124362204844753,0.13804582481582958,12.286274592081705,11.041853268941244,10.962148857116699,11.041853268941244,13.62958132425944,21.047130457560222,19.56362063090007
1004,-1.4939541659265194,-1.5046272772663045,-1.5046272772663045,0.10641190683785474,0.1003,0.0010005564116960708,0.009524921104663386,0.15522447532429448,9.753681560732284,-1.261688048640887,-1.3609684775273005,-1.3609684775273005,0.0992804325496157,0.0010004148488709083,0.009279917040839792,0.15843113971253237,12.068879954020183,11.216969362894694,11.162995147705079,11.216969362894694,13.225936444600423,20.270251274108887,18.861388308207193
1005,-1.5161082587152157,-1.5260081021290905,-1.5260081021290905,0.09860405902255256,0.1004,0.00100041500661733,0.008579733728800179,0.13075568147425382,9.203019807923514,-1.2300977955261867,-1.339839012424151,-1.339839012424151,0.10974122149248917,0.0010007156000938267,0.009859246325989564,0.15814277781173586,13.038035901387532,11.314356931050618,10.871045430501303,11.314356931050618,15.591417821248372,18.20876865386963,17.685298487345378
1006,-1.495031735807095,-1.5051776406899937,-1.5051776406899937,0.1009542500635363,0.1005,0.0010007114307779186,0.00883018171836464,0.12947809970322646,9.508757429302863,-1.2622418502966564,-1.344480394323667,-1.344480394323667,0.08223854098469019,0.0010008018269824484,0.010962210921570658,0.1559903676311175,12.948451550801595,11.48282101949056,11.066647815704346,11.48282101949056,13.84346793492635,18.886496416727702,17.877890720367432
1007,-1.5194229888466169,-1.5276164018882896,-1.5276164018882896,0.08144544282892965,0.1006,0.0010006929207417481,0.008401719211899448,0.11530608483502325,9.231114468484554,-1.1403957476218542,-1.2308743258317312,-1.2308743258317312,0.09047857554008563,0.0010004447967124483,0.0066629630785124995,0.10086647574789823,12.909562174479166,11.576433245340983,10.785399309794109,11.576433245340983,14.455298614501952,13.778942012786866,13.914213333129883
1008,-1.543165919915685,-1.5527057760166671,-1.5527057760166671,0.09473543234591214,0.1007,0.001000613077403099,0.008167030065724591,0.13201853555609594,8.996350135443345,-1.0723295636475085,-1.1753493135174116,-1.1753493135174116,0.1030197490627567,0.0010005025969197353,0.008692137516724567,0.12503274952371915,13.310857836405436,11.964942169189452,11.685390726725261,11.964942169189452,13.558632532755533,16.051457913716636,15.552892837524416
1009,-1.4707902579937342,-1.4795274801974028,-1.4795274801974028,0.08667872318962835,0.1008,0.0010006406919960424,0.01042552294982773,0.17262895078451004,10.083704714505178,-1.1482746382554372,-1.2456161667903265,-1.2456161667903265,0.09734153704096873,0.0010007810138631611,0.011625193905395766,0.16722762156277896,13.83154551188151,11.994621276855469,11.959009679158529,11.994621276855469,15.243337313334147,19.809287961324056,18.896097831726074
1010,-1.482652670932266,-1.4922457775979672,-1.4922457775979672,0.0950753316986111,0.1009,0.0010006256238996702,0.010159377781849986,0.14121629034151445,9.806277410039362,-1.3300885359446208,-1.4131240844726562,-1.4131240844726562,0.08303555206706127,0.00100088199833408,0.009968133845056097,0.14900078335776926,12.520456822713216,11.008531761169433,9.831538645426432,11.008531761169433,12.95819714864095,13.47241948445638,13.369575017293293
1011,-1.4578283013037916,-1.4674392691198386,-1.4674392691198386,0.09515807988508693,0.101,0.0010006354137692811,0.010455960759295608,0.1599742676359865,10.218898512282461,-1.2601919949054718,-1.3512630710999172,-1.3512630710999172,0.09107107513894637,0.0010006602368472764,0.010907606741723915,0.1842635113745928,11.964282035827637,10.659774080912273,10.73770637512207,10.659774080912273,14.277123260498048,15.329275703430175,15.11884521484375
1012,-1.5078294704545219,-1.517392853520951,-1.517392853520951,0.09459323843695083,0.1011,0.0010004525428708151,0.008781659052232807,0.13689373967782506,9.384975019490943,-1.1273944795131683,-1.2195011049509048,-1.2195011049509048,0.09210662016024192,0.001000431595214953,0.01064532350283116,0.18504651803523303,14.773843574523926,13.55751895904541,13.381352742513021,13.55751895904541,19.053888193766277,21.253503354390464,20.813580322265626
1013,-1.4964058286738846,-1.5054859777666487,-1.5054859777666487,0.08972475670699803,0.1012,0.0010004846537309997,0.009888180531561375,0.1642521802546843,9.696507813795558,-1.2121996800104777,-1.296850746870041,-1.296850746870041,0.08465107145408789,0.0010005356142452607,0.009113124633828799,0.13940783077850938,13.17432778676351,11.987042109171549,11.437108580271403,11.987042109171549,15.83712838490804,15.090851624806723,15.240106976826986
1014,-1.495918741766012,-1.5036469113151982,-1.5036469113151982,0.07628989950665888,0.1013,0.0010005455016035517,0.008912405557051863,0.14440926199532905,9.626811945213461,-1.3055932303269704,-1.374859568476677,-1.374859568476677,0.06926634075740973,0.0010006265404323737,0.00987667355996867,0.15871735159307718,12.52065232594808,10.906873830159505,10.01510836283366,10.906873830159505,13.613759422302246,15.668201001485189,15.2573126856486
1015,-1.5082130162221081,-1.5170939755889605,-1.5170939755889605,0.08758343397727553,0.1014,0.0010005318963865065,0.008826286690133923,0.1533397295916418,9.50378714867358,-1.2667449017365773,-1.3738493810097376,-1.3738493810097376,0.10710448498527209,0.001000389400481557,0.007508430866679797,0.12951617483049632,11.793486976623536,10.15278263092041,9.679041703542074,10.15278263092041,13.145347785949706,15.740924390157064,15.221809069315594
1016,-1.471165216194009,-1.4814650090235584,-1.4814650090235584,0.10147577102454204,0.1015,0.0010005727361993126,0.009780490647931144,0.15894188029023837,9.790188942315444,-1.2582340329885482,-1.3480529755353927,-1.3480529755353927,0.08981893056382735,0.0010005558685710033,0.009664030186831951,0.14709758466730516,12.279704984029134,11.15725752512614,11.007787704467773,11.15725752512614,14.641242090861002,18.454558753967284,17.69189542134603
1017,-1.519037462630362,-1.5267043518570234,-1.5267043518570234,0.07546148934173134,0.1016,0.001000514996396202,0.00872453019233807,0.1419889939913772,9.33692918633515,-1.3312216540177664,-1.4007454464832942,-1.4007454464832942,0.0695237923413515,0.00100092218684343,0.009339848541033764,0.13955729346101484,12.141521008809407,10.555276457468668,9.84524326324463,10.555276457468668,12.725474294026693,16.7099453608195,15.913051147460939
1018,-1.4976517636820954,-1.5054709506484698,-1.5054709506484698,0.07688479308249815,0.1017,0.0010007563407339578,0.009207662616698246,0.11893013994789349,9.601218619436588,-1.2655791968107224,-1.3414219041665396,-1.3414219041665396,0.07584271257122358,0.0010004879247086744,0.008529868085558216,0.1362488471282025,11.682683499654134,10.682334677378337,10.669030698140462,10.682334677378337,13.694143549601238,18.295194816589355,17.37498456319173
1019,-1.5021320446482245,-1.5105169269273866,-1.5105169269273866,0.0823662370302767,0.1018,0.0010005523591249618,0.009188260514078275,0.14319563987401296,9.545512685235941,-1.2288194437821707,-1.3022129237651825,-1.3022129237651825,0.07339347799619039,0.0010005679777047285,0.012068010517396033,0.18226695197323958,12.24303544362386,11.860475858052572,12.260544522603352,11.860475858052572,14.95458698272705,23.027642440795898,21.413031349182127
1020,-1.5348901726164907,-1.5417977638964384,-1.5417977638964384,0.06778801211489821,0.1019,0.0010005362806314567,0.00828575879282687,0.13764359738748028,9.060835829320943,-1.3157487879196803,-1.387504623333613,-1.387504623333613,0.0717558362831672,0.0010008512491670749,0.011281493321682016,0.18040730512390535,12.386813354492187,10.909924634297688,10.352006912231445,10.909924634297688,12.691091187795003,16.591028785705568,15.811041266123455
1021,-1.5387327671051025,-1.5455874789435908,-1.5455874789435908,0.06720306590761778,0.102,0.0010005309562778697,0.008046841811177865,0.1262682189918914,9.19960398943919,-1.2801525503396989,-1.3428505887587865,-1.3428505887587865,0.06269804729769628,0.0010007249598857015,0.011328973341733217,0.18979383315891027,12.597433598836263,11.175025431315104,11.227463912963866,11.175025431315104,13.810786310831705,19.882726923624674,18.66833880106608
1022,-1.5276266493887272,-1.5339341141142935,-1.5339341141142935,0.06177729030825057,0.1021,0.0010004904525319361,0.009132990991380418,0.1520838702343545,9.393034746062082,-1.236888125538826,-1.3008563369512558,-1.3008563369512558,0.06396822134653728,0.001000732024355481,0.009860450479512414,0.15343176281700532,13.61110184987386,12.035599009195964,11.340571530659993,12.035599009195964,15.23256746927897,17.33641128540039,16.915642522176107
1023,-1.5153975419278414,-1.522300585260931,-1.522300585260931,0.06754444469258471,0.1022,0.0010005684727627151,0.009173998661901592,0.13818210876494083,9.361050218906042,-1.257039088010788,-1.3256780803203583,-1.3256780803203583,0.06863899485518535,0.001000741523845742,0.011526589875575154,0.194264633829395,12.572090276082356,11.636429595947266,11.60546023050944,11.636429595947266,15.17815907796224,17.75012715657552,17.235733540852866
1024,-1.4560309513559881,-1.4633114630321287,-1.4633114630321287,0.07116823137368795,0.1023,0.001000605679538874,0.01109974956983384,0.17026040801462136,10.305763910401541,-1.3151214589675269,-1.4081567168235778,-1.4081567168235778,0.0930352640648683,0.0010006813856307418,0.009833267005160452,0.152562998359402,11.659478823343912,10.480781555175781,10.331997776031494,10.480781555175781,12.94853630065918,17.408691469828288,16.516660435994467
1025,-1.5154767283853494,-1.5233681246919453,-1.5233681246919453,0.0770644005739464,0.1024,0.0010004866371845019,0.008819980204175666,0.14956192159146633,9.43252851378243,-1.349776824315389,-1.4074235081672668,-1.4074235081672668,0.05764667584250371,0.0010004565236158669,0.007302552655649682,0.11864739308754603,11.189711125691732,9.950788084665934,9.923149394989014,9.950788084665934,12.094469769795735,18.080756823221844,16.883499412536622
1026,-1.5269806733671225,-1.5332588238536187,-1.5332588238536187,0.06125021283075495,0.1025,0.0010005156970846485,0.008828900772023876,0.14051798948982977,9.173369992454097,-1.2622140884399413,-1.3276729693015417,-1.3276729693015417,0.06545887930939595,0.0010004585317801684,0.009411366384786865,0.16873745946213603,12.92195790608724,11.268737602233887,10.577310880025228,11.268737602233887,14.826944923400879,17.584610366821288,17.033077278137206
