epoch,train_loss,train_nll,train_mae,val_loss,val_nll,val_mae,lr,sec
6,-0.148427,-0.165840,137.849468,-0.277938,-0.278610,124.258895,1.00e-04,5.3
9,-0.540027,-0.550307,99.364835,-0.703947,-0.705313,80.119401,1.00e-04,5.9
1,1.405769,1.405769,238.118409,0.769273,0.769273,144.654257,1.00e-04,4.1
7,-0.190339,-0.204020,135.828133,-0.292257,-0.292814,123.509085,1.00e-04,5.7
2,0.833582,0.833582,176.040070,0.399584,0.399584,143.364782,1.00e-04,4.1
10,-0.578591,-0.588194,96.388447,-0.749367,-0.750479,78.236052,1.00e-04,5.7
8,-0.217500,-0.228934,133.949802,-0.314094,-0.314525,120.052511,1.00e-04,5.7
3,0.443485,0.443485,158.263791,0.103025,0.103025,136.017266,1.00e-04,3.9
11,-0.630848,-0.639801,92.170453,-0.826253,-0.827790,72.145907,1.00e-04,5.7
4,0.169955,0.169955,148.358729,-0.142252,-0.142252,127.423353,1.00e-04,3.7
9,-0.237831,-0.247498,132.847919,-0.321789,-0.322169,121.401531,1.00e-04,5.9
5,-0.035169,-0.035169,144.199260,-0.247802,-0.247802,124.099503,1.00e-04,3.8
12,-0.679781,-0.688254,88.626466,-0.868629,-0.869850,70.907240,1.00e-04,6.4
10,-0.255773,-0.264156,132.063625,-0.315647,-0.315956,122.900573,1.00e-04,5.9
6,-0.149842,-0.149842,141.099899,-0.287661,-0.287661,123.023576,1.00e-04,3.8
13,-0.715856,-0.723463,86.501521,-0.903162,-0.904475,69.266686,1.00e-04,5.6
7,-0.208703,-0.208703,138.218058,-0.310917,-0.310917,120.456552,1.00e-04,4.0
11,-0.271178,-0.278433,130.592313,-0.329185,-0.329436,120.574688,1.00e-04,6.2
8,-0.242597,-0.242597,135.611126,-0.308272,-0.308272,122.187830,1.00e-04,4.2
14,-0.740193,-0.749122,84.301536,-0.921088,-0.922714,68.467899,1.00e-04,5.7
12,-0.281371,-0.287671,129.633634,-0.328810,-0.329010,121.251965,1.00e-04,5.8
9,-0.262508,-0.262508,133.473715,-0.325163,-0.325163,119.002679,1.00e-04,4.2
15,-0.769293,-0.777500,81.625354,-0.954743,-0.956109,65.826929,9.99e-05,6.0
10,-0.276257,-0.276257,131.863144,-0.328552,-0.328552,118.703684,1.00e-04,4.0
13,-0.291909,-0.297452,128.327451,-0.340991,-0.341175,118.383036,1.00e-04,5.4
11,-0.289406,-0.289406,129.954102,-0.340024,-0.340024,117.296148,1.00e-04,4.2
16,-0.792522,-0.800249,80.144564,-0.954789,-0.955746,67.150424,9.99e-05,5.8
14,-0.299917,-0.304836,127.273074,-0.344300,-0.344463,118.351423,1.00e-04,6.0
12,-0.299984,-0.299984,128.622691,-0.347662,-0.347662,116.186048,1.00e-04,4.0
17,-0.811343,-0.817802,78.226695,-1.008349,-1.009260,62.410149,9.99e-05,6.7
15,-0.306079,-0.310513,126.586929,-0.347142,-0.347257,117.507734,9.99e-05,5.4
13,-0.309331,-0.309331,127.398391,-0.349859,-0.349859,116.621916,1.00e-04,5.0
14,-0.320095,-0.320095,125.753063,-0.357352,-0.357352,114.585074,1.00e-04,4.0
18,-0.826534,-0.833901,76.661719,-1.008723,-1.009543,61.305989,9.99e-05,6.2
16,-0.315948,-0.319902,125.084832,-0.345689,-0.345789,118.341026,9.99e-05,5.9
15,-0.329188,-0.329188,124.356257,-0.361827,-0.361827,113.505046,9.99e-05,4.0
19,-0.851553,-0.857071,74.822939,-1.030341,-1.031026,59.591490,9.99e-05,5.7
17,-0.326672,-0.330199,123.686758,-0.357122,-0.357212,117.275946,9.99e-05,5.9
16,-0.338952,-0.338952,122.969703,-0.375079,-0.375079,112.377015,9.99e-05,3.9
20,-0.867316,-0.873028,73.685754,-1.075756,-1.076494,57.622308,9.99e-05,5.8
17,-0.354505,-0.354505,120.316857,-0.385042,-0.385042,111.385674,9.99e-05,4.2
18,-0.336533,-0.339745,122.263865,-0.364441,-0.364518,115.748892,9.99e-05,5.6
18,-0.367265,-0.367265,118.506383,-0.390950,-0.390950,110.379762,9.99e-05,3.9
21,-0.886800,-0.891881,71.923172,-1.062844,-1.063922,58.884876,9.99e-05,6.0
19,-0.345636,-0.348577,120.893114,-0.371951,-0.372026,114.962941,9.99e-05,5.7
19,-0.377045,-0.377045,117.191832,-0.394086,-0.394086,109.636178,9.99e-05,4.0
22,-0.900081,-0.906006,71.400112,-1.085378,-1.086308,57.302289,9.99e-05,5.7
20,-0.389133,-0.389133,115.457787,-0.402373,-0.402373,108.435822,9.99e-05,4.0
20,-0.353353,-0.356005,119.883963,-0.381475,-0.381554,113.213288,9.99e-05,5.9
21,-0.395256,-0.395256,114.662009,-0.408447,-0.408447,107.988002,9.99e-05,4.4
23,-0.914268,-0.918042,70.600231,-1.103415,-1.103850,55.489374,9.99e-05,5.5
21,-0.366611,-0.369031,117.693000,-0.376662,-0.376734,113.079161,9.99e-05,5.8
22,-0.406924,-0.406924,112.798960,-0.414550,-0.414550,106.732465,9.99e-05,4.1
24,-0.935163,-0.938879,69.326149,-1.099022,-1.099522,57.241256,9.99e-05,5.6
22,-0.373532,-0.375793,116.989542,-0.401746,-0.401806,110.818264,9.99e-05,5.8
23,-0.411916,-0.411916,112.258248,-0.417948,-0.417948,106.317868,9.99e-05,3.9
24,-0.418744,-0.418744,111.322110,-0.413123,-0.413123,106.384648,9.99e-05,4.3
25,-0.949289,-0.953194,68.421634,-1.113836,-1.114295,55.934074,9.98e-05,6.6
23,-0.386654,-0.388765,114.919187,-0.401572,-0.401622,111.129944,9.99e-05,5.9
25,-0.429116,-0.429116,109.897436,-0.422540,-0.422540,105.715387,9.98e-05,4.1
26,-0.954956,-0.958707,68.665748,-1.128155,-1.128560,55.264809,9.98e-05,6.1
24,-0.394035,-0.395989,114.107666,-0.394889,-0.394937,112.241293,9.99e-05,6.0
26,-0.438039,-0.438039,108.503071,-0.430933,-0.430933,105.083061,9.98e-05,4.1
27,-0.965668,-0.968814,67.799971,-1.141746,-1.142543,52.211970,9.98e-05,5.7
27,-0.446353,-0.446353,107.466907,-0.441658,-0.441658,103.818081,9.98e-05,4.2
25,-0.401018,-0.402846,113.111605,-0.411038,-0.411075,109.412990,9.98e-05,5.8
28,-0.452092,-0.452092,106.680747,-0.433369,-0.433369,105.058949,9.98e-05,4.1
28,-0.980060,-0.983651,66.930856,-1.155105,-1.155532,52.280101,9.98e-05,6.5
26,-0.406284,-0.408011,112.473282,-0.412269,-0.412313,109.382017,9.98e-05,6.0
29,-0.460927,-0.460927,105.237799,-0.448472,-0.448472,102.945384,9.98e-05,4.3
29,-0.982008,-0.985137,66.641088,-1.163018,-1.163307,52.216269,9.98e-05,6.1
27,-0.415283,-0.416917,111.065095,-0.419059,-0.419096,108.812902,9.98e-05,6.0
30,-0.469455,-0.469455,104.554145,-0.445518,-0.445518,104.066950,9.98e-05,4.3
31,-0.476675,-0.476675,103.183120,-0.442768,-0.442768,103.394559,9.98e-05,4.3
30,-0.989603,-0.996785,65.684345,-1.184340,-1.184630,50.918975,9.98e-05,5.8
28,-0.417821,-0.419339,110.996098,-0.418249,-0.418295,107.524809,9.98e-05,5.8
32,-0.483383,-0.483383,102.618854,-0.453072,-0.453072,102.133814,9.97e-05,3.9
31,-1.003738,-1.005957,65.263752,-1.119705,-1.119949,58.167828,9.98e-05,5.7
29,-0.422819,-0.424251,110.355540,-0.414400,-0.414458,108.791054,9.98e-05,5.6
33,-0.487606,-0.487606,102.189927,-0.451778,-0.451778,101.915361,9.97e-05,3.9
34,-0.494295,-0.494295,101.587740,-0.465470,-0.465470,99.844568,9.97e-05,4.1
32,-1.004908,-1.007021,65.110136,-1.188053,-1.188261,50.680928,9.97e-05,6.1
30,-0.428310,-0.429645,109.454811,-0.411687,-0.411720,109.411401,9.98e-05,6.0
35,-0.502065,-0.502065,100.392760,-0.468729,-0.468729,99.129958,9.97e-05,4.1
31,-0.433636,-0.434924,108.894281,-0.404642,-0.404717,112.327559,9.98e-05,5.6
33,-1.025362,-1.027412,64.373981,-1.228960,-1.229196,49.156447,9.97e-05,5.8
36,-0.507402,-0.507402,99.651639,-0.472347,-0.472347,98.947705,9.97e-05,4.3
37,-0.515898,-0.515898,98.863164,-0.474334,-0.474334,99.749247,9.97e-05,3.8
32,-0.438635,-0.439840,108.188461,-0.429586,-0.429630,106.876651,9.97e-05,5.7
34,-1.023196,-1.026145,64.252610,-1.201170,-1.201320,49.406016,9.97e-05,6.0
38,-0.519077,-0.519077,98.715854,-0.481266,-0.481266,98.007607,9.96e-05,4.3
33,-0.443987,-0.445122,107.683359,-0.427579,-0.427624,106.775268,9.97e-05,5.8
35,-1.030658,-1.032503,64.201301,-1.230874,-1.231070,48.793276,9.97e-05,5.9
39,-0.527126,-0.527126,97.621061,-0.477855,-0.477855,97.375816,9.96e-05,4.1
34,-0.453270,-0.454364,106.256574,-0.435944,-0.435997,105.608104,9.97e-05,5.2
36,-1.038324,-1.040774,63.665937,-1.232472,-1.232760,51.366849,9.97e-05,5.8
40,-0.533303,-0.533303,97.006901,-0.482628,-0.482628,98.198256,9.96e-05,4.4
35,-0.459963,-0.461039,105.121944,-0.431651,-0.431676,107.158131,9.97e-05,5.5
41,-0.541082,-0.541082,96.071352,-0.489199,-0.489199,97.315661,9.96e-05,4.2
37,-1.055751,-1.057736,62.742816,-1.242219,-1.242351,47.984648,9.97e-05,5.7
42,-0.547308,-0.547308,95.128513,-0.492385,-0.492385,96.305513,9.96e-05,4.1
36,-0.462322,-0.463338,105.212966,-0.438037,-0.438082,106.040336,9.97e-05,5.4
38,-1.052081,-1.054889,62.884409,-1.252361,-1.252794,48.738141,9.96e-05,5.8
43,-0.555237,-0.555237,94.178722,-0.493542,-0.493542,96.383282,9.95e-05,4.0
37,-0.469368,-0.470368,104.367872,-0.437200,-0.437235,106.600298,9.97e-05,5.7
44,-0.560196,-0.560196,93.928089,-0.499076,-0.499076,96.112972,9.95e-05,3.8
39,-1.063327,-1.065118,62.166043,-1.244589,-1.244726,46.930483,9.96e-05,6.0
45,-0.564767,-0.564767,93.413119,-0.493361,-0.493361,97.019588,9.95e-05,4.4
38,-0.472720,-0.473726,103.906986,-0.426493,-0.426557,108.035717,9.96e-05,6.2
40,-1.065872,-1.067466,61.974132,-1.264414,-1.264562,47.733881,9.96e-05,5.7
46,-0.574247,-0.574247,92.143366,-0.497426,-0.497426,96.464179,9.95e-05,4.2
39,-0.475952,-0.476916,103.556647,-0.440611,-0.440645,104.535552,9.96e-05,5.5
47,-0.576367,-0.576367,92.223714,-0.497083,-0.497083,95.185174,9.95e-05,4.2
41,-1.064748,-1.066463,62.598684,-1.276208,-1.276309,47.069557,9.96e-05,6.4
40,-0.479101,-0.480067,103.296315,-0.441336,-0.441380,105.862808,9.96e-05,5.2
48,-0.581157,-0.581157,91.796545,-0.506362,-0.506362,95.451044,9.94e-05,4.2
42,-1.081482,-1.083107,61.726526,-1.258384,-1.258546,47.064909,9.96e-05,5.7
41,-0.486857,-0.487868,102.301905,-0.439207,-0.439291,105.424588,9.96e-05,5.6
49,-0.586555,-0.586555,91.095173,-0.510161,-0.510161,93.505882,9.94e-05,4.3
43,-1.078412,-1.079920,61.233069,-1.266125,-1.266241,46.106143,9.95e-05,6.1
50,-0.590149,-0.590149,90.756758,-0.508111,-0.508111,94.165648,9.94e-05,4.3
42,-0.489503,-0.490539,101.913549,-0.438785,-0.438818,105.684949,9.96e-05,5.7
51,-0.597789,-0.597789,89.876427,-0.499015,-0.499015,95.483392,9.94e-05,4.1
44,-1.082723,-1.084223,61.368691,-1.288649,-1.288749,45.887287,9.95e-05,5.9
43,-0.491445,-0.492530,101.579759,-0.449644,-0.449678,103.465141,9.95e-05,5.9
52,-0.600669,-0.600669,90.002328,-0.516651,-0.516651,93.269418,9.93e-05,4.2
45,-1.093948,-1.095619,60.697671,-1.295448,-1.295544,46.016107,9.95e-05,6.1
53,-0.604886,-0.604886,89.731222,-0.518562,-0.518562,92.964190,9.93e-05,4.1
44,-0.498491,-0.499603,100.579151,-0.447953,-0.448026,104.362530,9.95e-05,6.1
54,-0.610402,-0.610402,89.282610,-0.514281,-0.514281,93.325091,9.93e-05,4.1
46,-1.097476,-1.099331,60.503743,-1.297156,-1.297248,44.992645,9.95e-05,5.5
45,-0.498589,-0.499750,101.191754,-0.445748,-0.445788,104.697251,9.95e-05,6.1
55,-0.612726,-0.612726,88.931968,-0.525727,-0.525727,92.492016,9.93e-05,4.2
47,-1.098266,-1.099754,60.532612,-1.275664,-1.275740,45.175953,9.95e-05,5.5
46,-0.503339,-0.504596,100.162451,-0.455011,-0.455113,103.629878,9.95e-05,5.3
56,-0.619890,-0.619890,88.144746,-0.525784,-0.525784,92.673024,9.92e-05,4.1
48,-1.106283,-1.107487,60.440557,-1.311614,-1.311669,43.188104,9.94e-05,6.1
57,-0.622696,-0.622696,88.070122,-0.536668,-0.536668,91.256462,9.92e-05,4.3
47,-0.503883,-0.505263,100.411298,-0.455963,-0.456125,102.632580,9.95e-05,5.9
58,-0.628087,-0.628087,87.516466,-0.523866,-0.523866,93.438673,9.92e-05,4.1
49,-1.115062,-1.116086,59.841975,-1.336138,-1.336248,44.989275,9.94e-05,6.3
48,-0.514062,-0.515535,98.568429,-0.458643,-0.458806,102.286783,9.94e-05,6.1
59,-0.629417,-0.629417,87.866250,-0.543035,-0.543035,90.906788,9.91e-05,4.3
50,-1.113740,-1.114747,59.784604,-1.325259,-1.325317,43.224481,9.94e-05,5.7
60,-0.639340,-0.639340,86.424639,-0.545281,-0.545281,92.013499,9.91e-05,4.1
49,-0.517841,-0.519415,98.143108,-0.462466,-0.462707,102.035321,9.94e-05,6.3
61,-0.643952,-0.643952,86.370067,-0.553311,-0.553311,90.627687,9.91e-05,4.2
51,-1.124661,-1.125608,59.462859,-1.338982,-1.339035,43.012536,9.94e-05,5.9
50,-0.524491,-0.526099,97.321143,-0.459359,-0.459494,102.786443,9.94e-05,5.5
62,-0.646951,-0.646951,85.967777,-0.554985,-0.554985,90.427327,9.91e-05,4.0
52,-1.132577,-1.133869,58.818400,-1.318431,-1.318480,43.569977,9.93e-05,5.6
63,-0.651667,-0.651667,85.477769,-0.535968,-0.535968,91.921970,9.90e-05,4.4
51,-0.529715,-0.531290,96.817701,-0.472919,-0.473086,100.467381,9.94e-05,5.9
53,-1.119170,-1.120127,59.226539,-1.363206,-1.363248,42.215533,9.93e-05,6.4
64,-0.655118,-0.655118,85.542924,-0.547386,-0.547386,90.294257,9.90e-05,4.1
52,-0.532379,-0.533813,96.815822,-0.461895,-0.462068,102.148664,9.93e-05,5.8
65,-0.661857,-0.661857,84.836171,-0.554652,-0.554652,89.856032,9.90e-05,4.5
54,-1.129931,-1.131334,58.888536,-1.347574,-1.347712,41.292049,9.93e-05,5.9
53,-0.539763,-0.541015,95.865974,-0.476323,-0.476544,99.287257,9.93e-05,5.3
66,-0.661056,-0.661056,85.175647,-0.568313,-0.568313,88.894526,9.89e-05,4.1
55,-1.127801,-1.128613,58.847749,-1.343730,-1.343769,42.352042,9.93e-05,6.0
67,-0.670467,-0.670467,84.053091,-0.565121,-0.565121,89.322490,9.89e-05,3.9
54,-0.546067,-0.547220,95.395764,-0.487052,-0.487194,97.544315,9.93e-05,5.8
68,-0.674731,-0.674731,83.880408,-0.576285,-0.576285,89.085535,9.89e-05,4.4
56,-1.124096,-1.125528,59.402382,-1.369437,-1.369580,42.593035,9.92e-05,5.9
55,-0.553703,-0.554889,94.193145,-0.486916,-0.487139,97.718618,9.93e-05,5.9
69,-0.679407,-0.679407,83.379493,-0.578889,-0.578889,88.114010,9.88e-05,4.1
57,-1.137502,-1.138570,58.530282,-1.347711,-1.347777,42.259684,9.92e-05,5.9
70,-0.683961,-0.683961,82.921664,-0.582322,-0.582322,88.077467,9.88e-05,4.0
56,-0.557820,-0.558836,93.994103,-0.472226,-0.472369,100.495858,9.92e-05,6.1
71,-0.688940,-0.688940,82.482924,-0.576608,-0.576608,88.290249,9.88e-05,4.2
58,-1.139360,-1.142200,58.720959,-1.382093,-1.382136,41.091339,9.92e-05,5.9
57,-0.560410,-0.561334,93.871660,-0.496785,-0.496999,95.811406,9.92e-05,5.8
72,-0.691462,-0.691462,82.502512,-0.585241,-0.585241,87.376142,9.87e-05,4.0
59,-1.147178,-1.147746,57.887150,-1.325320,-1.325357,43.849700,9.91e-05,5.7
73,-0.693241,-0.693241,82.781795,-0.589604,-0.589604,87.386513,9.87e-05,3.9
58,-0.565782,-0.566628,93.162509,-0.501965,-0.502051,95.091608,9.92e-05,6.2
74,-0.700640,-0.700640,82.052283,-0.597086,-0.597086,86.532265,9.87e-05,4.0
60,-1.150856,-1.151480,57.727118,-1.343099,-1.343130,41.213429,9.91e-05,5.9
59,-0.570457,-0.571248,92.652066,-0.479032,-0.479123,98.370006,9.91e-05,5.8
75,-0.703405,-0.703405,81.525179,-0.577171,-0.577171,87.301195,9.86e-05,4.1
61,-1.152938,-1.153522,57.645528,-1.377429,-1.377460,39.907474,9.91e-05,5.8
60,-0.572657,-0.573445,92.653879,-0.505144,-0.505311,94.586061,9.91e-05,5.9
76,-0.706051,-0.706051,81.622427,-0.583057,-0.583057,87.815479,9.86e-05,4.4
62,-1.155681,-1.156624,57.363557,-1.412419,-1.412457,39.341573,9.91e-05,6.1
77,-0.709838,-0.709838,80.996984,-0.610705,-0.610705,87.128154,9.85e-05,3.9
61,-0.579096,-0.579930,91.559873,-0.506266,-0.506339,95.066138,9.91e-05,6.1
78,-0.715458,-0.715458,81.038660,-0.600295,-0.600295,86.090996,9.85e-05,4.2
63,-1.164716,-1.165284,56.881135,-1.404003,-1.404048,40.210554,9.90e-05,5.9
62,-0.583406,-0.584203,91.141394,-0.508043,-0.508136,93.998413,9.91e-05,6.0
79,-0.719478,-0.719478,80.724563,-0.618758,-0.618758,85.588228,9.85e-05,4.4
64,-1.162682,-1.163244,57.144905,-1.423301,-1.423337,39.105957,9.90e-05,6.0
80,-0.724266,-0.724266,80.105749,-0.597475,-0.597475,85.674162,9.84e-05,4.5
63,-0.586532,-0.587237,91.115265,-0.508721,-0.508805,94.671495,9.90e-05,6.0
81,-0.729681,-0.729681,79.835863,-0.625126,-0.625126,85.459184,9.84e-05,4.1
65,-1.166426,-1.167189,57.151075,-1.415602,-1.415624,40.158538,9.90e-05,6.3
64,-0.588198,-0.588928,90.776393,-0.511770,-0.511804,94.502254,9.90e-05,5.7
82,-0.730014,-0.730014,79.967688,-0.630997,-0.630997,84.362206,9.84e-05,4.1
66,-1.174175,-1.174993,56.972995,-1.416183,-1.416341,38.926301,9.89e-05,6.1
65,-0.596319,-0.597219,89.917855,-0.518106,-0.518211,93.254069,9.90e-05,6.0
83,-0.736725,-0.736725,79.243294,-0.632742,-0.632742,84.951873,9.83e-05,4.1
84,-0.741183,-0.741183,78.686241,-0.621830,-0.621830,84.721413,9.83e-05,4.3
67,-1.165315,-1.166538,57.044311,-1.393081,-1.393096,40.082951,9.89e-05,6.5
66,-0.601012,-0.601710,89.741590,-0.521071,-0.521140,93.165411,9.89e-05,6.1
85,-0.743191,-0.743191,79.015679,-0.641875,-0.641875,83.828462,9.82e-05,4.5
68,-1.177724,-1.178249,56.851675,-1.429506,-1.429538,39.020878,9.89e-05,6.3
67,-0.605293,-0.606074,89.100293,-0.516837,-0.516887,94.049403,9.89e-05,5.4
86,-0.747174,-0.747174,78.821564,-0.652286,-0.652286,83.772109,9.82e-05,4.7
68,-0.609066,-0.609865,88.828385,-0.514406,-0.514438,94.411771,9.89e-05,5.7
69,-1.168794,-1.169677,56.890952,-1.409372,-1.409389,38.746016,9.88e-05,6.2
87,-0.751622,-0.751622,78.767222,-0.647817,-0.647817,83.398364,9.81e-05,4.3
88,-0.754229,-0.754229,78.382542,-0.649896,-0.649896,84.503846,9.81e-05,4.7
69,-0.614309,-0.614996,88.341018,-0.527136,-0.527198,91.656254,9.88e-05,6.1
70,-1.183494,-1.184082,56.038527,-1.431801,-1.431835,38.915053,9.88e-05,6.8
89,-0.759484,-0.759484,77.881027,-0.659833,-0.659833,83.101652,9.81e-05,4.8
70,-0.618240,-0.618917,88.253165,-0.523308,-0.523418,92.955327,9.88e-05,5.3
71,-1.177232,-1.178053,56.395964,-1.442733,-1.442790,38.188637,9.88e-05,6.5
90,-0.759049,-0.759049,78.068309,-0.677043,-0.677043,82.495802,9.80e-05,4.4
71,-0.620804,-0.621513,87.754759,-0.515396,-0.515414,93.591842,9.88e-05,5.6
91,-0.768606,-0.768606,77.119614,-0.675173,-0.675173,82.199540,9.80e-05,4.3
72,-1.183074,-1.184160,56.113017,-1.447751,-1.447784,37.575650,9.87e-05,6.5
72,-0.621399,-0.622146,88.080843,-0.535938,-0.535989,90.910645,9.87e-05,5.4
92,-0.771232,-0.771232,77.041880,-0.672767,-0.672767,82.958921,9.79e-05,4.7
73,-1.187400,-1.187729,55.799450,-1.463565,-1.463583,36.590287,9.87e-05,6.1
73,-0.628805,-0.629549,87.074563,-0.543663,-0.543716,89.664754,9.87e-05,5.7
93,-0.774662,-0.774662,77.089748,-0.675939,-0.675939,82.935473,9.79e-05,4.5
94,-0.775086,-0.775086,76.894814,-0.680542,-0.680542,82.762940,9.78e-05,4.1
74,-1.197086,-1.197471,55.537368,-1.445127,-1.445147,37.254206,9.87e-05,6.3
74,-0.633715,-0.634437,86.367693,-0.535168,-0.535184,91.273847,9.87e-05,6.2
95,-0.780947,-0.780947,76.582119,-0.669377,-0.669377,82.487085,9.78e-05,4.0
75,-1.192522,-1.193568,56.018009,-1.476085,-1.476100,35.947495,9.86e-05,6.7
75,-0.635510,-0.636218,86.360221,-0.539175,-0.539191,91.028771,9.86e-05,5.6
96,-0.781719,-0.781719,76.486669,-0.683030,-0.683030,81.776268,9.77e-05,3.8
97,-0.787909,-0.787909,75.811673,-0.687801,-0.687801,81.849837,9.77e-05,4.4
76,-1.202611,-1.202994,55.432731,-1.492576,-1.492593,35.700759,9.86e-05,5.9
76,-0.638209,-0.639004,85.906726,-0.540660,-0.540683,90.012121,9.86e-05,5.8
98,-0.790513,-0.790513,75.416530,-0.704657,-0.704657,81.345959,9.76e-05,4.1
77,-1.197418,-1.198250,55.586964,-1.429851,-1.429902,37.788853,9.85e-05,5.8
77,-0.644879,-0.645542,85.979419,-0.537884,-0.537937,89.813721,9.85e-05,5.8
99,-0.794998,-0.794998,75.467716,-0.707692,-0.707692,81.911393,9.76e-05,4.0
78,-1.202333,-1.202760,55.266540,-1.436792,-1.436808,39.667623,9.85e-05,5.7
100,-0.797356,-0.797356,75.609279,-0.701213,-0.701213,81.942717,9.76e-05,4.1
78,-0.645972,-0.646887,85.555262,-0.548107,-0.548137,89.433311,9.85e-05,5.9
101,-0.801100,-0.801100,75.177729,-0.706795,-0.706795,81.120328,9.75e-05,4.5
79,-0.649386,-0.650073,85.185669,-0.552155,-0.552167,88.817358,9.85e-05,5.4
79,-1.206108,-1.206450,54.782979,-1.461957,-1.461983,38.881413,9.85e-05,6.5
102,-0.801329,-0.801329,75.493211,-0.704417,-0.704417,81.349904,9.75e-05,3.9
80,-1.201717,-1.202217,55.129026,-1.478783,-1.478797,35.978320,9.84e-05,5.5
80,-0.651792,-0.652526,85.376662,-0.553044,-0.553068,89.100519,9.84e-05,5.9
103,-0.804415,-0.804415,75.171762,-0.700767,-0.700767,80.653518,9.74e-05,4.1
104,-0.809568,-0.809568,74.651228,-0.709449,-0.709449,80.568008,9.74e-05,3.9
81,-1.201777,-1.202155,55.204530,-1.491231,-1.491244,34.971279,9.84e-05,6.0
81,-0.655086,-0.655738,84.888822,-0.556282,-0.556336,87.533097,9.84e-05,6.4
105,-0.815619,-0.815619,73.922685,-0.723075,-0.723075,80.172364,9.73e-05,4.1
82,-1.207259,-1.207688,55.029010,-1.508657,-1.508673,33.832102,9.84e-05,5.7
106,-0.818553,-0.818553,73.777455,-0.727558,-0.727558,80.299972,9.73e-05,3.8
82,-0.658750,-0.659413,84.940527,-0.555786,-0.555808,88.815965,9.84e-05,6.2
107,-0.820188,-0.820188,73.853222,-0.727925,-0.727925,80.517328,9.72e-05,4.3
83,-1.213114,-1.214200,54.427516,-1.503530,-1.503545,36.925413,9.83e-05,6.4
83,-0.659455,-0.660122,84.577627,-0.544418,-0.544437,90.447228,9.83e-05,6.3
108,-0.819882,-0.819882,74.114697,-0.721347,-0.721347,80.708058,9.71e-05,4.1
84,-1.211830,-1.212250,54.908377,-1.502520,-1.502535,34.487147,9.83e-05,5.9
109,-0.823615,-0.823615,73.376756,-0.727905,-0.727905,80.135449,9.71e-05,4.1
84,-0.666166,-0.666816,83.747407,-0.548031,-0.548048,90.510397,9.83e-05,5.9
110,-0.828778,-0.828778,73.054197,-0.733433,-0.733433,79.673486,9.70e-05,4.3
85,-1.223648,-1.223966,54.250216,-1.473590,-1.473599,37.447874,9.82e-05,6.0
85,-0.669402,-0.670057,83.462107,-0.558826,-0.558841,88.516291,9.82e-05,6.3
111,-0.830203,-0.830203,73.143751,-0.731314,-0.731314,81.815332,9.70e-05,4.4
86,-1.212351,-1.212833,54.458396,-1.524274,-1.524300,33.925661,9.82e-05,5.7
86,-0.674398,-0.675176,83.022163,-0.550574,-0.550588,90.573324,9.82e-05,6.5
112,-0.836223,-0.836223,72.454569,-0.741131,-0.741131,79.502833,9.69e-05,4.2
87,-1.221133,-1.221971,54.214476,-1.521032,-1.521051,34.816001,9.81e-05,6.2
113,-0.836291,-0.836291,72.459060,-0.743190,-0.743190,80.039079,9.69e-05,4.4
87,-0.673753,-0.674382,83.437756,-0.551445,-0.551454,89.614938,9.81e-05,5.9
114,-0.835215,-0.835215,73.428564,-0.740143,-0.740143,80.358879,9.68e-05,4.1
88,-1.226311,-1.226610,54.208158,-1.516157,-1.516166,35.043577,9.81e-05,5.8
88,-0.677257,-0.677856,82.871948,-0.568479,-0.568493,87.805676,9.81e-05,6.2
115,-0.845018,-0.845018,71.881358,-0.744410,-0.744410,79.742630,9.68e-05,4.2
89,-1.224318,-1.224608,53.891940,-1.519033,-1.519042,34.217463,9.81e-05,6.0
116,-0.842713,-0.842713,72.603559,-0.750339,-0.750339,79.020765,9.67e-05,4.6
89,-0.680380,-0.680983,82.548806,-0.569614,-0.569628,88.249660,9.81e-05,6.1
117,-0.846123,-0.846123,72.164190,-0.759963,-0.759963,79.402522,9.67e-05,4.1
90,-1.232940,-1.233268,53.713862,-1.528722,-1.528747,32.569872,9.80e-05,5.9
90,-0.679847,-0.680483,82.612398,-0.558162,-0.558189,88.866544,9.80e-05,6.2
118,-0.849355,-0.849355,72.030297,-0.757219,-0.757219,78.822957,9.66e-05,3.7
91,-1.229849,-1.230145,53.804464,-1.522085,-1.522103,34.147302,9.80e-05,5.9
91,-0.687127,-0.687735,82.161710,-0.562405,-0.562421,89.685787,9.80e-05,5.3
119,-0.854119,-0.854119,71.499991,-0.752370,-0.752370,78.721614,9.65e-05,4.5
92,-1.236593,-1.237080,53.622401,-1.495733,-1.495742,35.195789,9.79e-05,5.7
120,-0.853547,-0.853547,71.348323,-0.759942,-0.759942,78.807671,9.65e-05,4.2
92,-0.688952,-0.689598,82.254052,-0.568645,-0.568656,86.388199,9.79e-05,5.6
121,-0.858496,-0.858496,71.253996,-0.751097,-0.751097,79.469862,9.64e-05,4.1
93,-1.229886,-1.230196,53.736858,-1.526607,-1.526615,34.785176,9.79e-05,5.7
93,-0.691223,-0.691795,82.260521,-0.567819,-0.567840,88.140446,9.79e-05,5.4
122,-0.859846,-0.859846,71.079360,-0.752317,-0.752317,78.887914,9.64e-05,4.2
94,-1.240216,-1.240470,52.988705,-1.541592,-1.541597,33.678591,9.78e-05,5.8
123,-0.860653,-0.860653,71.243666,-0.774273,-0.774273,78.963799,9.63e-05,4.4
94,-0.691612,-0.692221,82.244102,-0.565297,-0.565307,88.664725,9.78e-05,5.9
124,-0.863799,-0.863799,70.883974,-0.742579,-0.742579,78.757449,9.63e-05,3.8
95,-1.237169,-1.237609,53.628583,-1.553726,-1.553741,32.395926,9.78e-05,6.2
95,-0.697392,-0.698262,81.385341,-0.570260,-0.570270,88.489771,9.78e-05,6.3
125,-0.869578,-0.869578,70.118182,-0.752642,-0.752642,79.449910,9.62e-05,4.3
96,-1.242925,-1.243310,53.217019,-1.557015,-1.557051,32.646498,9.77e-05,6.0
126,-0.864419,-0.864419,71.321832,-0.771562,-0.771562,78.091380,9.61e-05,3.9
96,-0.698413,-0.699038,81.130614,-0.560588,-0.560595,88.619969,9.77e-05,6.0
127,-0.872387,-0.872387,70.279463,-0.777991,-0.777991,78.263146,9.61e-05,4.4
97,-1.236351,-1.236871,53.129424,-1.511790,-1.511798,35.618735,9.77e-05,6.3
97,-0.709471,-0.710003,80.288825,-0.575587,-0.575593,89.041939,9.77e-05,6.0
128,-0.875370,-0.875370,70.080440,-0.755376,-0.755376,78.678656,9.60e-05,4.2
98,-1.247114,-1.247451,53.126251,-1.525380,-1.525387,34.750003,9.76e-05,6.2
98,-0.709991,-0.710560,80.691557,-0.569495,-0.569505,88.384899,9.76e-05,5.7
129,-0.875928,-0.875928,70.295939,-0.766185,-0.766185,78.468483,9.59e-05,4.2
99,-1.242465,-1.242688,53.209354,-1.529917,-1.529923,34.530116,9.76e-05,5.8
130,-0.878811,-0.878811,70.077403,-0.784397,-0.784397,77.565515,9.59e-05,4.0
99,-0.711143,-0.711693,80.454927,-0.584903,-0.584914,87.090427,9.76e-05,5.7
131,-0.880535,-0.880535,69.740491,-0.780653,-0.780653,77.616518,9.58e-05,4.2
100,-1.252165,-1.252380,53.086141,-1.528907,-1.528915,32.940124,9.76e-05,5.9
100,-0.709955,-0.710638,80.746146,-0.576383,-0.576389,87.697502,9.76e-05,5.8
132,-0.882357,-0.882357,69.573199,-0.756736,-0.756736,78.102138,9.58e-05,4.1
101,-1.249872,-1.250190,52.817508,-1.538351,-1.538361,34.040612,9.75e-05,5.6
101,-0.716608,-0.717170,79.756575,-0.583169,-0.583176,87.113244,9.75e-05,5.5
133,-0.885071,-0.885071,69.306600,-0.797606,-0.797606,77.492102,9.57e-05,3.9
134,-0.886027,-0.886027,69.446037,-0.774272,-0.774272,78.444393,9.56e-05,4.2
102,-1.256122,-1.256447,52.691225,-1.589967,-1.589973,31.673201,9.75e-05,5.6
102,-0.722852,-0.723383,79.349386,-0.584789,-0.584802,87.774929,9.75e-05,6.1
135,-0.891050,-0.891050,68.862691,-0.783036,-0.783036,76.919697,9.56e-05,3.9
103,-1.262613,-1.262773,52.286636,-1.570623,-1.570627,31.877293,9.74e-05,5.9
103,-0.721382,-0.721951,79.991274,-0.586513,-0.586530,86.266027,9.74e-05,5.9
136,-0.888939,-0.888939,69.232170,-0.784131,-0.784131,77.333945,9.55e-05,4.0
137,-0.895804,-0.895804,68.593440,-0.763083,-0.763083,78.449999,9.54e-05,4.4
104,-1.259341,-1.259537,52.724775,-1.616777,-1.616782,30.745715,9.74e-05,5.9
104,-0.724420,-0.725084,79.344911,-0.583092,-0.583097,87.439267,9.74e-05,5.9
138,-0.895157,-0.895157,68.772539,-0.772020,-0.772020,78.018257,9.54e-05,3.8
105,-1.256256,-1.256576,52.332399,-1.594761,-1.594766,31.148901,9.73e-05,5.8
105,-0.724217,-0.724796,79.256561,-0.590938,-0.590943,86.287172,9.73e-05,5.9
139,-0.897656,-0.897656,68.696457,-0.786862,-0.786862,77.098510,9.53e-05,4.4
106,-1.256999,-1.257272,52.862032,-1.571874,-1.571878,32.098659,9.73e-05,6.0
140,-0.900372,-0.900372,68.149360,-0.787700,-0.787700,77.648835,9.52e-05,4.1
106,-0.729411,-0.730064,78.797461,-0.558994,-0.559002,87.431370,9.73e-05,6.2
141,-0.902324,-0.902324,68.442958,-0.797664,-0.797664,76.514132,9.52e-05,3.9
107,-1.257949,-1.258663,52.388624,-1.593734,-1.593780,31.453537,9.72e-05,5.8
107,-0.732117,-0.732611,78.752856,-0.569401,-0.569408,88.226712,9.72e-05,6.2
142,-0.898505,-0.898505,68.841076,-0.789127,-0.789127,78.083480,9.51e-05,4.3
108,-1.262181,-1.262526,52.046806,-1.585936,-1.585943,31.582690,9.71e-05,5.9
143,-0.904224,-0.904224,68.250471,-0.787664,-0.787664,76.815204,9.50e-05,4.0
108,-0.732222,-0.732730,78.639831,-0.597674,-0.597684,85.763095,9.71e-05,5.6
144,-0.905841,-0.905841,67.952390,-0.793393,-0.793393,77.002968,9.50e-05,4.2
109,-1.262795,-1.263029,52.354716,-1.505514,-1.505520,35.733919,9.71e-05,6.1
109,-0.737581,-0.738125,78.104181,-0.586321,-0.586342,86.919754,9.71e-05,6.1
145,-0.908246,-0.908246,68.026286,-0.793523,-0.793523,77.500861,9.49e-05,3.9
110,-1.271310,-1.271432,51.921647,-1.567717,-1.567721,33.812438,9.70e-05,5.7
146,-0.908678,-0.908678,68.068930,-0.789947,-0.789947,76.644211,9.48e-05,4.1
110,-0.738567,-0.739105,78.230691,-0.585826,-0.585833,84.467489,9.70e-05,5.9
147,-0.912669,-0.912669,67.448959,-0.798870,-0.798870,77.291414,9.48e-05,4.0
111,-1.266426,-1.266624,52.284508,-1.597573,-1.597578,31.780371,9.70e-05,5.7
111,-0.739319,-0.739792,78.215736,-0.595844,-0.595854,86.212863,9.70e-05,6.0
148,-0.913555,-0.913555,67.324530,-0.809371,-0.809371,76.717887,9.47e-05,4.3
112,-1.266847,-1.267079,52.312338,-1.544861,-1.544884,33.099332,9.69e-05,5.7
112,-0.744082,-0.744564,77.665615,-0.591731,-0.591736,86.957025,9.69e-05,5.9
149,-0.915541,-0.915541,67.262576,-0.786463,-0.786463,78.107579,9.46e-05,4.5
113,-1.257648,-1.257950,52.200010,-1.551137,-1.551144,32.646255,9.69e-05,5.8
150,-0.917498,-0.917498,67.009949,-0.799688,-0.799688,76.806475,9.46e-05,4.2
113,-0.745795,-0.746300,77.532924,-0.595539,-0.595556,85.814421,9.69e-05,5.6
151,-0.918114,-0.918114,66.941557,-0.791487,-0.791487,76.854912,9.45e-05,4.2
114,-1.271182,-1.271367,52.214901,-1.567263,-1.567272,32.315075,9.68e-05,5.7
114,-0.746855,-0.747353,77.545281,-0.596298,-0.596305,86.752832,9.68e-05,6.1
152,-0.918688,-0.918688,67.307449,-0.785544,-0.785544,77.246622,9.44e-05,4.2
115,-1.274941,-1.275133,51.882080,-1.582206,-1.582211,31.984686,9.68e-05,5.7
115,-0.752783,-0.753239,77.289734,-0.598999,-0.599004,84.940344,9.68e-05,5.9
153,-0.923904,-0.923904,66.640673,-0.800276,-0.800276,77.318230,9.43e-05,4.7
116,-1.273622,-1.273786,52.006370,-1.549983,-1.549990,34.223259,9.67e-05,5.7
154,-0.921884,-0.921884,66.759800,-0.784090,-0.784090,77.479241,9.43e-05,3.9
116,-0.753383,-0.753958,77.241782,-0.590738,-0.590746,86.548984,9.67e-05,6.1
155,-0.926823,-0.926823,66.240153,-0.779542,-0.779542,76.428209,9.42e-05,4.1
117,-1.272961,-1.273213,51.769494,-1.497102,-1.497119,34.939380,9.67e-05,5.7
156,-0.924623,-0.924623,67.058157,-0.801097,-0.801097,76.292046,9.41e-05,4.1
117,-0.756491,-0.757018,76.931109,-0.598495,-0.598504,86.874312,9.67e-05,6.2
118,-1.275073,-1.275292,52.089412,-1.550126,-1.550131,33.631282,9.66e-05,6.1
157,-0.928105,-0.928105,66.270604,-0.783773,-0.783773,77.162048,9.40e-05,4.2
118,-0.758293,-0.758784,76.664541,-0.593002,-0.593006,87.053787,9.66e-05,5.9
158,-0.928809,-0.928809,66.542295,-0.788645,-0.788645,76.170900,9.40e-05,4.0
119,-1.282394,-1.282652,51.566280,-1.610349,-1.610353,31.328943,9.65e-05,5.7
119,-0.758707,-0.759144,77.106385,-0.597548,-0.597553,86.539809,9.65e-05,6.0
159,-0.931002,-0.931002,65.860493,-0.811559,-0.811559,76.300617,9.39e-05,4.1
120,-1.276523,-1.276754,51.465968,-1.585115,-1.585119,32.718071,9.65e-05,5.7
160,-0.934910,-0.934910,65.993406,-0.796693,-0.796693,76.097198,9.38e-05,4.3
120,-0.764041,-0.764524,76.245393,-0.607003,-0.607011,84.699938,9.65e-05,5.5
161,-0.935794,-0.935794,65.947586,-0.790358,-0.790358,76.874875,9.37e-05,3.7
121,-1.279326,-1.279502,51.522625,-1.563099,-1.563102,33.075769,9.64e-05,6.5
121,-0.768699,-0.769189,75.822883,-0.604750,-0.604760,85.607095,9.64e-05,5.8
162,-0.935636,-0.935636,66.040564,-0.808323,-0.808323,76.943108,9.37e-05,4.1
122,-1.277187,-1.277408,51.855333,-1.523161,-1.523167,33.898203,9.64e-05,5.8
163,-0.940535,-0.940535,65.170113,-0.789922,-0.789922,77.512285,9.36e-05,4.3
122,-0.768462,-0.768895,76.141968,-0.597440,-0.597443,85.699205,9.64e-05,6.0
123,-1.281182,-1.281388,52.016623,-1.612546,-1.612550,31.467326,9.63e-05,5.8
164,-0.942811,-0.942811,65.150897,-0.817746,-0.817746,76.191868,9.35e-05,4.0
123,-0.770439,-0.770858,76.399488,-0.598073,-0.598078,86.185919,9.63e-05,5.8
165,-0.943206,-0.943206,65.368621,-0.811203,-0.811203,76.189961,9.34e-05,4.2
124,-1.280304,-1.280504,51.448582,-1.554991,-1.555003,33.061287,9.63e-05,5.8
124,-0.773420,-0.773866,75.596787,-0.596914,-0.596917,86.075741,9.63e-05,5.9
166,-0.941361,-0.941361,65.430163,-0.800605,-0.800605,76.536740,9.34e-05,4.2
125,-1.290258,-1.290394,51.088040,-1.483702,-1.483705,37.256353,9.62e-05,5.7
167,-0.943440,-0.943440,65.494192,-0.816053,-0.816053,75.892587,9.33e-05,4.2
125,-0.775816,-0.776227,75.526945,-0.595549,-0.595551,85.650932,9.62e-05,6.1
168,-0.944565,-0.944565,65.380869,-0.802581,-0.802581,77.233639,9.32e-05,4.1
126,-1.285361,-1.285521,51.044482,-1.574169,-1.574173,32.271193,9.61e-05,6.5
126,-0.777894,-0.778376,75.377389,-0.605952,-0.605956,87.049348,9.61e-05,5.7
169,-0.951093,-0.951093,64.781623,-0.810415,-0.810415,75.734239,9.31e-05,4.1
127,-1.287593,-1.287784,51.064554,-1.592547,-1.592556,31.540142,9.61e-05,6.0
170,-0.950892,-0.950892,64.571781,-0.775818,-0.775818,76.299063,9.30e-05,4.1
127,-0.778914,-0.779335,75.401211,-0.608295,-0.608303,86.278684,9.61e-05,5.9
171,-0.950116,-0.950116,65.018383,-0.810687,-0.810687,76.729613,9.30e-05,4.0
128,-1.292397,-1.292564,50.865036,-1.587269,-1.587273,32.224147,9.60e-05,6.3
128,-0.781860,-0.782265,74.775615,-0.604938,-0.604943,85.485977,9.60e-05,6.2
172,-0.954296,-0.954296,64.438834,-0.789773,-0.789773,77.065086,9.29e-05,3.9
129,-1.278483,-1.278836,51.313281,-1.570760,-1.570765,32.666195,9.59e-05,6.0
173,-0.948825,-0.948825,65.490368,-0.803502,-0.803502,76.533146,9.28e-05,4.0
129,-0.783074,-0.783476,75.006391,-0.614017,-0.614021,84.063546,9.59e-05,6.2
174,-0.954895,-0.954895,64.691326,-0.797685,-0.797685,76.457105,9.27e-05,4.1
130,-1.289566,-1.289715,50.905278,-1.583922,-1.583927,32.088928,9.59e-05,5.7
130,-0.788549,-0.788992,74.701113,-0.617385,-0.617391,85.617740,9.59e-05,6.0
175,-0.957148,-0.957148,64.164028,-0.791560,-0.791560,76.928769,9.26e-05,4.2
131,-1.290927,-1.291044,50.854909,-1.624346,-1.624350,30.606748,9.58e-05,6.1
176,-0.958252,-0.958252,64.613985,-0.808998,-0.808998,76.843857,9.25e-05,4.1
131,-0.790015,-0.790391,74.427448,-0.599704,-0.599706,87.176430,9.58e-05,5.9
177,-0.957931,-0.957931,64.626470,-0.788753,-0.788753,76.466280,9.25e-05,4.3
132,-1.298160,-1.298248,50.989317,-1.580852,-1.580854,32.802046,9.58e-05,5.7
132,-0.787522,-0.787921,75.050599,-0.609778,-0.609784,84.590013,9.58e-05,6.1
178,-0.959585,-0.959585,64.392347,-0.816253,-0.816253,77.370636,9.24e-05,4.2
133,-1.289251,-1.290027,50.778424,-1.588761,-1.588768,31.801117,9.57e-05,5.8
179,-0.961707,-0.961707,64.182289,-0.816687,-0.816687,76.908510,9.23e-05,4.2
133,-0.795369,-0.795813,74.096558,-0.614134,-0.614136,84.284920,9.57e-05,5.7
134,-1.290101,-1.290193,50.982094,-1.574235,-1.574242,32.485294,9.56e-05,5.5
180,-0.963608,-0.963608,64.203878,-0.797274,-0.797274,78.351584,9.22e-05,4.1
134,-0.794766,-0.795158,74.284838,-0.608908,-0.608911,86.109677,9.56e-05,5.6
181,-0.965991,-0.965991,63.813341,-0.820117,-0.820117,76.905379,9.21e-05,4.2
135,-1.300129,-1.300260,51.049689,-1.543856,-1.543861,33.746200,9.56e-05,5.6
135,-0.799891,-0.800295,73.706782,-0.624348,-0.624352,83.614873,9.56e-05,5.4
182,-0.969264,-0.969264,63.273814,-0.788787,-0.788787,76.501633,9.20e-05,4.2
136,-1.302246,-1.302322,50.724568,-1.595943,-1.595945,31.740139,9.55e-05,5.7
183,-0.964984,-0.964984,64.207022,-0.794437,-0.794437,77.176065,9.20e-05,4.4
136,-0.802297,-0.802654,73.517600,-0.599742,-0.599746,83.506063,9.55e-05,5.9
137,-1.293882,-1.294005,50.994084,-1.493659,-1.493661,34.572020,9.54e-05,5.7
184,-0.968510,-0.968510,63.751663,-0.817655,-0.817655,77.077235,9.19e-05,4.1
137,-0.804980,-0.805342,73.323982,-0.611401,-0.611403,84.578286,9.54e-05,5.8
185,-0.968203,-0.968203,63.644280,-0.807935,-0.807935,76.517546,9.18e-05,4.0
138,-1.298397,-1.298498,50.412441,-1.537584,-1.537588,34.082148,9.54e-05,6.0
138,-0.803921,-0.804305,73.747453,-0.613979,-0.613982,86.974360,9.54e-05,5.9
186,-0.971109,-0.971109,63.599873,-0.810393,-0.810393,76.942919,9.17e-05,4.1
139,-1.298827,-1.298939,50.351878,-1.573139,-1.573142,32.716340,9.53e-05,5.6
187,-0.973356,-0.973356,63.122272,-0.783609,-0.783609,77.509007,9.16e-05,4.1
139,-0.806380,-0.806754,73.396784,-0.627241,-0.627245,84.620633,9.53e-05,6.0
188,-0.976443,-0.976443,62.912976,-0.810934,-0.810934,76.648686,9.15e-05,4.2
140,-1.298024,-1.298137,50.937306,-1.614335,-1.614339,31.120122,9.52e-05,6.0
140,-0.809532,-0.809900,73.434629,-0.609170,-0.609173,85.426108,9.52e-05,6.1
189,-0.975996,-0.975996,62.893179,-0.808050,-0.808050,76.461508,9.14e-05,4.2
141,-1.304121,-1.304225,50.458704,-1.505690,-1.505695,35.730169,9.52e-05,6.4
190,-0.977603,-0.977603,62.975694,-0.796274,-0.796274,77.736315,9.14e-05,4.0
141,-0.810489,-0.810842,72.982978,-0.607162,-0.607165,85.753429,9.52e-05,5.7
191,-0.980545,-0.980545,62.384413,-0.823790,-0.823790,77.265491,9.13e-05,4.0
142,-1.294338,-1.294472,51.047171,-1.586916,-1.586928,32.513375,9.51e-05,5.7
142,-0.814704,-0.815059,73.041186,-0.589624,-0.589629,85.011333,9.51e-05,5.9
192,-0.979090,-0.979090,62.867092,-0.826622,-0.826622,76.921273,9.12e-05,4.2
143,-1.302685,-1.302800,50.566052,-1.608098,-1.608104,31.305746,9.50e-05,5.8
193,-0.982647,-0.982647,62.516206,-0.826862,-0.826862,76.808470,9.11e-05,4.1
143,-0.816405,-0.816780,72.975335,-0.612164,-0.612167,85.693742,9.50e-05,5.9
144,-1.306090,-1.306210,50.200638,-1.567133,-1.567145,32.520318,9.50e-05,5.5
194,-0.983713,-0.983713,62.529906,-0.810182,-0.810182,76.295071,9.10e-05,4.1
144,-0.817323,-0.817900,72.744962,-0.596487,-0.596491,85.877837,9.50e-05,6.1
195,-0.984449,-0.984449,62.223189,-0.823194,-0.823194,76.480317,9.09e-05,4.2
145,-1.303450,-1.303575,50.845589,-1.548191,-1.548197,33.228540,9.49e-05,5.7
145,-0.819675,-0.820044,72.661642,-0.624301,-0.624304,84.258037,9.49e-05,5.8
196,-0.983889,-0.983889,62.389507,-0.822723,-0.822723,76.752121,9.08e-05,4.8
146,-1.311754,-1.311911,50.033831,-1.612634,-1.612636,31.318954,9.48e-05,5.9
197,-0.987876,-0.987876,62.012602,-0.789044,-0.789044,76.259391,9.07e-05,4.3
146,-0.825820,-0.826141,72.073425,-0.621443,-0.621444,84.467188,9.48e-05,6.2
147,-1.306791,-1.312644,49.993584,-1.587347,-1.587665,31.908311,9.48e-05,5.8
198,-0.990051,-0.990051,61.813260,-0.824894,-0.824894,76.092318,9.06e-05,4.3
147,-0.825304,-0.825634,72.083277,-0.625879,-0.625882,85.463634,9.48e-05,6.1
199,-0.988243,-0.988243,62.268053,-0.800273,-0.800273,76.449771,9.05e-05,4.0
148,-1.311574,-1.312518,49.775264,-1.580578,-1.580584,31.941806,9.47e-05,5.7
200,-0.988648,-0.988648,62.559496,-0.815221,-0.815221,76.723969,9.05e-05,4.2
148,-0.828983,-0.829300,71.995718,-0.635725,-0.635727,84.164644,9.47e-05,5.4
149,-1.302088,-1.302224,50.243295,-1.585380,-1.585386,32.801584,9.46e-05,6.6
201,-0.991517,-0.991517,61.705912,-0.820524,-0.820524,77.014177,9.04e-05,4.3
149,-0.831854,-0.832160,71.317151,-0.622809,-0.622812,84.865864,9.46e-05,5.8
202,-0.992465,-0.992465,61.784686,-0.806775,-0.806775,76.574429,9.03e-05,4.0
150,-1.312408,-1.312489,50.414085,-1.553112,-1.553117,34.075891,9.46e-05,5.8
150,-0.830847,-0.831157,71.687318,-0.605506,-0.605508,85.038126,9.46e-05,5.5
203,-0.993369,-0.993369,61.885862,-0.819667,-0.819667,76.187340,9.02e-05,4.0
151,-1.305651,-1.305712,50.304843,-1.584444,-1.584447,31.856215,9.45e-05,5.7
204,-0.994040,-0.994040,61.590410,-0.801260,-0.801260,76.744061,9.01e-05,4.2
151,-0.834246,-0.834561,71.539242,-0.609071,-0.609075,84.390217,9.45e-05,6.0
152,-1.320759,-1.320809,49.790060,-1.563950,-1.563953,33.585510,9.44e-05,5.7
205,-0.992443,-0.992443,62.034000,-0.825117,-0.825117,76.864347,9.00e-05,4.1
152,-0.839281,-0.839600,71.120232,-0.638235,-0.638237,85.675552,9.44e-05,5.9
206,-0.997340,-0.997340,61.453849,-0.823833,-0.823833,76.246086,8.99e-05,4.0
153,-1.313521,-1.313566,49.800158,-1.557265,-1.557267,32.703011,9.43e-05,5.7
207,-0.997178,-0.997178,61.765688,-0.807134,-0.807134,76.696953,8.98e-05,4.2
153,-0.840620,-0.840961,71.191943,-0.600792,-0.600795,84.715075,9.43e-05,5.4
154,-1.316491,-1.316533,49.817054,-1.577850,-1.577852,32.813242,9.43e-05,5.6
208,-1.000069,-1.000069,61.253242,-0.804050,-0.804050,77.877931,8.97e-05,4.2
154,-0.841529,-0.841840,71.246041,-0.618521,-0.618523,84.406788,9.43e-05,6.2
155,-1.311599,-1.311636,49.706362,-1.582148,-1.582149,31.995658,9.42e-05,5.8
209,-0.999151,-0.999151,61.362608,-0.839630,-0.839630,77.052316,8.96e-05,4.2
155,-0.844510,-0.844788,70.872249,-0.629744,-0.629745,85.035136,9.42e-05,6.2
210,-1.000589,-1.000589,61.576000,-0.833421,-0.833421,76.069221,8.95e-05,4.2
156,-1.323466,-1.323501,49.750366,-1.549382,-1.549384,33.541464,9.41e-05,5.9
211,-1.000572,-1.000572,61.442580,-0.819312,-0.819312,76.990198,8.94e-05,3.9
156,-0.849179,-0.849442,70.101664,-0.636090,-0.636092,84.551575,9.41e-05,6.1
157,-1.319273,-1.319308,49.949415,-1.602838,-1.602839,31.391514,9.40e-05,5.5
212,-1.004635,-1.004635,60.995962,-0.830877,-0.830877,75.863925,8.93e-05,4.4
157,-0.846090,-0.846390,70.819192,-0.610199,-0.610201,84.451064,9.40e-05,5.9
158,-1.321150,-1.321185,49.385970,-1.593867,-1.593869,31.872952,9.40e-05,5.6
213,-1.004461,-1.004461,61.115030,-0.818565,-0.818565,77.210309,8.92e-05,4.3
214,-1.005412,-1.005412,61.078980,-0.817720,-0.817720,76.544980,8.91e-05,4.2
158,-0.852160,-0.852413,70.407780,-0.614466,-0.614467,84.630283,9.40e-05,5.6
159,-1.320299,-1.320332,49.714974,-1.625913,-1.625914,30.961630,9.39e-05,5.9
215,-1.005998,-1.005998,60.934615,-0.827699,-0.827699,77.415749,8.90e-05,4.0
159,-0.850579,-0.850883,70.677156,-0.653252,-0.653253,85.497829,9.39e-05,5.4
160,-1.316654,-1.316692,49.853381,-1.571758,-1.571759,33.055531,9.38e-05,6.6
216,-1.009341,-1.009341,60.743139,-0.837185,-0.837185,76.963604,8.89e-05,4.5
160,-0.857425,-0.857752,69.827225,-0.639294,-0.639299,84.829708,9.38e-05,5.9
217,-1.009341,-1.009341,60.689662,-0.805800,-0.805800,77.226438,8.88e-05,4.2
161,-1.321127,-1.321165,49.787185,-1.553114,-1.553115,32.763349,9.37e-05,5.6
218,-1.011209,-1.011209,60.414657,-0.791362,-0.791362,77.324508,8.87e-05,4.2
161,-0.855264,-0.855520,70.452944,-0.648888,-0.648889,84.855524,9.37e-05,5.7
162,-1.320499,-1.320538,49.581723,-1.554149,-1.554150,32.847572,9.37e-05,5.7
219,-1.010360,-1.010360,60.716706,-0.805550,-0.805550,76.437294,8.86e-05,4.0
162,-0.861765,-0.862013,69.777365,-0.655419,-0.655420,83.182918,9.37e-05,6.1
163,-1.323957,-1.323995,49.513592,-1.572392,-1.572393,33.333645,9.36e-05,5.9
220,-1.013756,-1.013756,60.406749,-0.829882,-0.829882,76.128624,8.85e-05,4.6
163,-0.863473,-0.863717,69.624516,-0.642172,-0.642174,84.839842,9.36e-05,5.9
221,-1.015246,-1.015246,60.033230,-0.812325,-0.812325,76.324282,8.84e-05,4.1
164,-1.326624,-1.326675,49.384947,-1.553764,-1.553765,33.979343,9.35e-05,6.1
222,-1.014754,-1.014754,60.158752,-0.810716,-0.810716,76.166594,8.83e-05,4.5
164,-0.866185,-0.866430,69.545088,-0.650328,-0.650330,82.794750,9.35e-05,5.7
165,-1.327396,-1.327450,49.264439,-1.551802,-1.551803,33.148685,9.34e-05,6.2
223,-1.013272,-1.013272,60.511369,-0.818167,-0.818167,76.306844,8.82e-05,4.3
165,-0.868032,-0.868278,69.725315,-0.648796,-0.648797,82.262064,9.34e-05,5.7
224,-1.016928,-1.016928,60.257594,-0.811160,-0.811160,77.102792,8.81e-05,4.0
166,-1.326152,-1.326258,49.522542,-1.575051,-1.575052,32.594810,9.34e-05,5.8
166,-0.868145,-0.868366,69.523470,-0.627386,-0.627388,83.914842,9.34e-05,5.6
225,-1.016387,-1.016387,60.178275,-0.798222,-0.798222,77.150281,8.80e-05,4.2
167,-1.320008,-1.320061,49.334902,-1.613476,-1.613477,31.223593,9.33e-05,6.0
226,-1.019944,-1.019944,59.717814,-0.814772,-0.814772,77.263513,8.79e-05,4.1
167,-0.870121,-0.870355,69.162861,-0.671444,-0.671445,82.889789,9.33e-05,6.0
168,-1.319677,-1.319734,49.451524,-1.519375,-1.519375,34.575667,9.32e-05,5.6
227,-1.015741,-1.015741,60.629412,-0.820834,-0.820834,76.482423,8.78e-05,4.3
168,-0.875703,-0.875921,68.581094,-0.656703,-0.656704,82.944635,9.32e-05,6.1
228,-1.021129,-1.021129,59.783852,-0.779183,-0.779183,79.330623,8.77e-05,4.1
169,-1.324803,-1.324888,49.186574,-1.608456,-1.608458,31.716407,9.31e-05,6.1
229,-1.022699,-1.022699,59.794603,-0.807567,-0.807567,78.343427,8.76e-05,4.2
169,-0.872816,-0.873035,69.120451,-0.669522,-0.669523,82.711371,9.31e-05,5.7
170,-1.335069,-1.335145,49.201169,-1.520459,-1.520461,34.523211,9.30e-05,5.9
230,-1.023760,-1.023760,59.527057,-0.803607,-0.803607,76.892316,8.75e-05,4.4
170,-0.878010,-0.878230,68.721651,-0.647890,-0.647890,83.630793,9.30e-05,5.9
231,-1.024816,-1.024816,59.680219,-0.838313,-0.838313,76.997738,8.74e-05,4.1
171,-1.322145,-1.322205,49.628707,-1.611643,-1.611644,31.806300,9.30e-05,6.6
232,-1.025138,-1.025138,59.504680,-0.816886,-0.816886,77.179162,8.73e-05,3.7
171,-0.881837,-0.882055,68.487451,-0.641361,-0.641362,82.134451,9.30e-05,5.5
233,-1.022601,-1.022601,59.760818,-0.816030,-0.816030,77.236373,8.72e-05,4.2
172,-1.318170,-1.318300,49.650365,-1.587964,-1.587966,32.450362,9.29e-05,6.6
172,-0.884626,-0.884849,68.232925,-0.654928,-0.654929,82.929035,9.29e-05,6.1
234,-1.026396,-1.026396,59.603248,-0.826978,-0.826978,76.767423,8.71e-05,4.0
173,-1.330315,-1.330380,49.158870,-1.598273,-1.598274,31.932787,9.28e-05,6.5
173,-0.879047,-0.879315,69.172847,-0.676073,-0.676074,82.564079,9.28e-05,5.8
235,-1.027762,-1.027762,59.523637,-0.823297,-0.823297,77.198036,8.70e-05,4.0
236,-1.029475,-1.029475,59.170564,-0.824979,-0.824979,76.870076,8.69e-05,4.2
174,-1.333897,-1.333954,49.247081,-1.587135,-1.587137,32.258971,9.27e-05,6.0
174,-0.888649,-0.888859,67.778018,-0.680262,-0.680264,82.047872,9.27e-05,5.8
237,-1.030442,-1.030442,59.417471,-0.825442,-0.825442,77.418147,8.68e-05,4.1
175,-1.332315,-1.332379,49.331491,-1.616255,-1.616256,31.874871,9.26e-05,5.7
175,-0.895305,-0.895497,67.464611,-0.650304,-0.650306,83.536597,9.26e-05,6.2
238,-1.032609,-1.032609,58.815988,-0.818563,-0.818563,77.623990,8.67e-05,3.8
239,-1.034966,-1.034966,58.503706,-0.815875,-0.815875,77.723713,8.66e-05,4.2
176,-1.338374,-1.338473,48.664119,-1.571695,-1.571698,32.430613,9.25e-05,6.3
176,-0.891430,-0.891626,67.805065,-0.676459,-0.676460,82.595179,9.25e-05,6.2
240,-1.032290,-1.032290,58.780541,-0.811775,-0.811775,77.465861,8.64e-05,3.9
177,-1.336120,-1.336212,48.961394,-1.628287,-1.628289,30.721259,9.25e-05,6.2
177,-0.892246,-0.892424,68.266241,-0.615284,-0.615285,83.204136,9.25e-05,6.0
241,-1.034758,-1.034758,58.806769,-0.822802,-0.822802,77.158753,8.63e-05,4.1
242,-1.032428,-1.032428,59.238895,-0.809987,-0.809987,76.720619,8.62e-05,4.2
178,-1.338117,-1.338225,48.544943,-1.547134,-1.547142,34.091196,9.24e-05,5.7
178,-0.894808,-0.894994,67.956467,-0.674290,-0.674291,82.013723,9.24e-05,5.8
243,-1.037326,-1.037326,58.681024,-0.796246,-0.796246,76.708418,8.61e-05,4.0
179,-1.333816,-1.333897,49.059809,-1.585912,-1.585913,31.924398,9.23e-05,6.2
179,-0.894411,-0.894604,67.926939,-0.683259,-0.683259,82.207816,9.23e-05,5.7
244,-1.039072,-1.039072,58.533999,-0.835769,-0.835769,77.198016,8.60e-05,3.9
245,-1.036437,-1.036437,58.695314,-0.831262,-0.831262,77.048174,8.59e-05,4.0
180,-1.337893,-1.337954,48.615513,-1.502582,-1.502583,34.109256,9.22e-05,6.0
180,-0.902297,-0.902519,67.339869,-0.682304,-0.682304,81.656544,9.22e-05,5.4
246,-1.036984,-1.036984,58.537062,-0.827158,-0.827158,76.661730,8.58e-05,4.3
181,-0.904126,-0.904310,67.073896,-0.685141,-0.685142,83.015275,9.21e-05,6.1
181,-1.338341,-1.338399,48.776713,-1.599840,-1.599841,31.583631,9.21e-05,6.2
247,-1.041745,-1.041745,58.208699,-0.830070,-0.830070,77.249673,8.57e-05,4.1
182,-1.337679,-1.337747,48.850683,-1.580657,-1.580659,32.331961,9.20e-05,5.6
182,-0.903526,-0.903711,67.130935,-0.694471,-0.694472,81.045184,9.20e-05,6.0
248,-1.040128,-1.040128,58.449971,-0.799256,-0.799256,77.156634,8.56e-05,4.5
249,-1.040521,-1.040521,58.546048,-0.825048,-0.825048,78.545181,8.55e-05,4.5
183,-1.328785,-1.328868,48.727233,-1.577976,-1.577977,32.236901,9.20e-05,5.7
183,-0.906364,-0.906533,67.023656,-0.676597,-0.676598,81.347731,9.20e-05,5.7
250,-1.038239,-1.038239,58.695511,-0.810328,-0.810328,77.482352,8.54e-05,4.2
184,-1.336851,-1.336939,48.635373,-1.558895,-1.558897,33.144193,9.19e-05,5.8
184,-0.907197,-0.907359,66.797140,-0.671105,-0.671106,81.570659,9.19e-05,6.0
251,-1.046304,-1.046304,57.678246,-0.785188,-0.785188,77.239959,8.52e-05,4.2
185,-1.337028,-1.337131,48.666502,-1.598406,-1.598409,31.934411,9.18e-05,5.7
185,-0.906912,-0.907098,67.171159,-0.679479,-0.679480,81.999948,9.18e-05,5.7
252,-1.044149,-1.044149,58.186358,-0.821512,-0.821512,77.129889,8.51e-05,4.2
253,-1.045889,-1.045889,57.954826,-0.826160,-0.826160,77.448247,8.50e-05,4.2
186,-0.911235,-0.911396,66.953875,-0.697588,-0.697588,82.204545,9.17e-05,5.3
186,-1.347728,-1.347783,48.101100,-1.585560,-1.585561,32.810510,9.17e-05,6.2
254,-1.044877,-1.044877,57.913245,-0.802209,-0.802209,77.580910,8.49e-05,4.3
187,-0.916067,-0.916267,66.303208,-0.690451,-0.690452,81.389740,9.16e-05,5.6
187,-1.344194,-1.344282,48.718076,-1.581086,-1.581089,32.765946,9.16e-05,6.1
255,-1.048990,-1.048990,57.748173,-0.833706,-0.833706,77.936975,8.48e-05,4.4
188,-0.911751,-0.911897,67.119319,-0.673175,-0.673176,83.564530,9.15e-05,6.0
256,-1.046076,-1.046076,58.079277,-0.827775,-0.827775,76.906874,8.47e-05,4.2
188,-1.339264,-1.339321,48.301762,-1.605656,-1.605658,32.131881,9.15e-05,6.5
257,-1.050519,-1.050519,57.609323,-0.836484,-0.836484,76.604055,8.46e-05,4.1
189,-0.916704,-0.916858,66.851140,-0.695868,-0.695869,80.990463,9.14e-05,5.8
189,-1.349328,-1.349410,48.131568,-1.607889,-1.607891,31.633990,9.14e-05,5.8
258,-1.047069,-1.047069,58.006191,-0.818226,-0.818226,76.762662,8.45e-05,4.0
190,-0.920651,-0.921045,66.345696,-0.693034,-0.693037,81.865097,9.14e-05,5.9
259,-1.051787,-1.051787,57.304132,-0.825764,-0.825764,77.218634,8.43e-05,4.2
190,-1.334974,-1.335040,48.749869,-1.597222,-1.597223,31.919640,9.14e-05,5.9
260,-1.051899,-1.051899,57.559987,-0.840172,-0.840172,77.342902,8.42e-05,4.2
191,-0.920601,-0.920772,65.937648,-0.683275,-0.683276,82.035172,9.13e-05,5.7
191,-1.341634,-1.341707,47.978373,-1.617039,-1.617040,31.719331,9.13e-05,6.0
261,-1.054433,-1.054433,57.128749,-0.813628,-0.813628,77.491176,8.41e-05,4.0
192,-0.923263,-0.923397,66.056864,-0.693791,-0.693792,82.628608,9.12e-05,5.8
262,-1.050352,-1.050352,57.909517,-0.814637,-0.814637,77.702950,8.40e-05,4.0
192,-1.334802,-1.334888,48.534058,-1.610390,-1.610391,31.486945,9.12e-05,6.4
193,-0.925060,-0.925190,65.713646,-0.693764,-0.693765,82.531326,9.11e-05,5.6
263,-1.052930,-1.052930,57.492227,-0.829598,-0.829598,77.100236,8.39e-05,4.3
193,-1.338627,-1.338749,48.465506,-1.530461,-1.530463,34.003318,9.11e-05,6.0
264,-1.055208,-1.055208,56.974682,-0.827275,-0.827275,77.713692,8.38e-05,3.9
194,-0.925514,-0.925740,66.112422,-0.724446,-0.724448,81.229203,9.10e-05,5.4
265,-1.058548,-1.058548,57.090080,-0.827469,-0.827469,77.708435,8.37e-05,4.0
194,-1.350451,-1.350503,47.940967,-1.593052,-1.593053,31.273549,9.10e-05,6.6
195,-0.926485,-0.926640,66.072229,-0.716365,-0.716365,80.925808,9.09e-05,6.0
266,-1.054831,-1.054831,57.332647,-0.836928,-0.836928,78.242560,8.35e-05,4.3
195,-1.338138,-1.338213,48.429174,-1.592973,-1.592974,32.515923,9.09e-05,6.2
267,-1.055869,-1.055869,57.273871,-0.837839,-0.837839,77.341033,8.34e-05,4.1
196,-0.931164,-0.931290,65.373790,-0.699388,-0.699389,81.581320,9.08e-05,6.0
268,-1.054766,-1.054766,57.479160,-0.823461,-0.823461,76.789158,8.33e-05,4.1
196,-1.351558,-1.351611,47.641809,-1.607708,-1.607710,31.326502,9.08e-05,6.5
197,-0.931191,-0.931348,65.616911,-0.736195,-0.736196,81.873478,9.07e-05,6.1
269,-1.058383,-1.058383,57.058555,-0.816131,-0.816131,77.376101,8.32e-05,3.9
197,-1.347399,-1.347535,47.767827,-1.573261,-1.573262,32.902309,9.07e-05,5.7
270,-1.059207,-1.059207,57.098463,-0.834701,-0.834701,77.189053,8.31e-05,4.1
198,-0.934705,-0.934826,65.179821,-0.694277,-0.694277,80.795466,9.06e-05,6.5
271,-1.059159,-1.059159,56.993766,-0.834094,-0.834094,76.692729,8.29e-05,4.1
198,-1.350472,-1.350556,47.757305,-1.589983,-1.589988,32.072747,9.06e-05,6.2
199,-0.938004,-0.938116,64.836476,-0.691134,-0.691134,82.129579,9.05e-05,6.0
272,-1.061586,-1.061586,56.769178,-0.815206,-0.815206,77.196019,8.28e-05,4.0
199,-1.356826,-1.356871,47.443880,-1.607893,-1.607893,31.519023,9.05e-05,6.6
273,-1.066295,-1.066295,56.522342,-0.835303,-0.835303,76.765653,8.27e-05,4.0
200,-0.937967,-0.938086,64.625557,-0.698958,-0.698959,81.194873,9.05e-05,6.0
274,-1.061221,-1.061221,57.037707,-0.805823,-0.805823,78.131936,8.26e-05,4.1
200,-1.350914,-1.350971,47.826434,-1.577898,-1.577898,32.542243,9.05e-05,5.7
201,-0.943246,-0.943389,64.719485,-0.697395,-0.697396,81.359551,9.04e-05,6.2
275,-1.062375,-1.062375,56.699148,-0.815097,-0.815097,77.144953,8.25e-05,3.8
201,-1.357455,-1.357504,47.597808,-1.571356,-1.571357,32.455266,9.04e-05,5.7
276,-1.065386,-1.065386,56.632147,-0.837677,-0.837677,76.602839,8.24e-05,4.0
202,-0.940594,-0.940750,65.161301,-0.706409,-0.706410,82.636328,9.03e-05,6.1
277,-1.065422,-1.065422,56.517684,-0.841325,-0.841325,76.832798,8.22e-05,4.1
202,-1.353945,-1.353988,47.718121,-1.549692,-1.549693,33.751436,9.03e-05,6.0
203,-0.945441,-0.945550,64.511398,-0.687427,-0.687427,81.072054,9.02e-05,6.0
278,-1.067792,-1.067792,56.397518,-0.805569,-0.805569,79.434802,8.21e-05,4.3
203,-1.355604,-1.355657,47.428162,-1.514406,-1.514407,33.668096,9.02e-05,5.7
279,-1.067900,-1.067900,56.494258,-0.829480,-0.829480,77.229155,8.20e-05,4.0
204,-0.945198,-0.945306,64.931305,-0.733516,-0.733516,80.729474,9.01e-05,6.2
280,-1.069361,-1.069361,56.120425,-0.805699,-0.805699,78.106460,8.19e-05,4.5
204,-1.355822,-1.355870,47.677358,-1.586997,-1.586998,32.082137,9.01e-05,5.8
205,-0.949280,-0.949398,64.183132,-0.711192,-0.711193,80.887963,9.00e-05,6.3
281,-1.069295,-1.069295,56.208022,-0.827990,-0.827990,77.671566,8.18e-05,4.2
205,-1.355661,-1.355708,47.703135,-1.604188,-1.604191,31.546029,9.00e-05,6.3
282,-1.069824,-1.069824,56.273153,-0.833089,-0.833089,77.588399,8.16e-05,4.0
206,-0.947638,-0.947846,64.355606,-0.714781,-0.714781,80.959640,8.99e-05,5.9
283,-1.070627,-1.070627,56.225648,-0.800323,-0.800323,78.045246,8.15e-05,3.9
206,-1.355378,-1.355426,47.430916,-1.550714,-1.550715,33.448925,8.99e-05,6.7
207,-0.948392,-0.948517,64.328345,-0.722458,-0.722458,81.140720,8.98e-05,6.0
284,-1.072500,-1.072500,56.095255,-0.793303,-0.793303,78.851319,8.14e-05,4.3
207,-1.363685,-1.363760,47.527500,-1.582781,-1.582782,32.305608,8.98e-05,5.5
285,-1.070663,-1.070663,56.398263,-0.824256,-0.824256,77.583128,8.13e-05,3.9
208,-0.954488,-0.954587,63.835857,-0.732649,-0.732650,81.706942,8.97e-05,6.1
208,-1.352477,-1.352570,47.406957,-1.564968,-1.564972,33.488392,8.97e-05,5.6
286,-1.073406,-1.073406,55.881675,-0.821867,-0.821867,78.484704,8.11e-05,4.0
209,-0.955663,-0.955754,63.795410,-0.731657,-0.731657,82.250296,8.96e-05,5.6
287,-1.072245,-1.072245,55.963793,-0.783060,-0.783060,78.594037,8.10e-05,4.4
209,-1.360941,-1.360986,47.133777,-1.576003,-1.576005,33.029382,8.96e-05,7.0
288,-1.070657,-1.070657,56.240092,-0.832931,-0.832931,77.544243,8.09e-05,3.9
210,-0.957750,-0.957848,63.529257,-0.727479,-0.727480,80.514628,8.95e-05,5.9
289,-1.076586,-1.076586,55.601674,-0.814155,-0.814155,78.406092,8.08e-05,4.1
210,-1.356112,-1.356171,47.469544,-1.581771,-1.581774,33.252683,8.95e-05,6.5
211,-0.957653,-0.957769,63.624831,-0.749527,-0.749527,80.370315,8.94e-05,5.7
290,-1.074379,-1.074379,55.946642,-0.838630,-0.838630,77.120162,8.06e-05,3.9
211,-1.363533,-1.363584,47.242330,-1.618528,-1.618530,31.273217,8.94e-05,5.8
212,-0.957762,-0.957857,63.839137,-0.750971,-0.750972,80.417243,8.93e-05,5.6
291,-1.075025,-1.075025,55.760549,-0.820986,-0.820986,78.335624,8.05e-05,4.3
292,-1.076238,-1.076238,55.852541,-0.804564,-0.804564,77.944159,8.04e-05,4.2
212,-1.357575,-1.357612,47.492538,-1.523225,-1.523226,34.542419,8.93e-05,5.6
213,-0.961508,-0.961597,63.632091,-0.720783,-0.720783,80.083117,8.92e-05,5.8
293,-1.078779,-1.078779,55.505846,-0.817155,-0.817155,77.701022,8.03e-05,4.2
213,-1.368882,-1.368928,46.938789,-1.504528,-1.504529,34.588905,8.92e-05,6.2
214,-0.963558,-0.963640,63.099484,-0.756205,-0.756206,80.524486,8.91e-05,6.1
294,-1.079986,-1.079986,55.576313,-0.827769,-0.827769,78.594270,8.01e-05,3.9
214,-1.364134,-1.364170,46.927080,-1.563482,-1.563483,32.360646,8.91e-05,5.7
295,-1.079899,-1.079899,55.736797,-0.841339,-0.841339,77.818686,8.00e-05,4.1
215,-0.963664,-0.963761,63.683829,-0.699280,-0.699281,81.204016,8.90e-05,5.3
296,-1.080392,-1.080392,55.612987,-0.823555,-0.823555,77.671419,7.99e-05,3.9
215,-1.359379,-1.359421,47.137421,-1.456864,-1.456868,35.491511,8.90e-05,5.8
216,-0.965189,-0.965267,63.299752,-0.702626,-0.702626,81.193572,8.89e-05,6.0
297,-1.078526,-1.078526,55.911796,-0.799891,-0.799891,77.239186,7.98e-05,4.2
298,-1.083288,-1.083288,55.255163,-0.804746,-0.804746,78.063914,7.96e-05,3.8
216,-1.362142,-1.362180,47.322397,-1.592515,-1.592515,32.202318,8.89e-05,6.6
217,-0.966442,-0.966586,63.137417,-0.710245,-0.710245,81.701440,8.88e-05,6.1
299,-1.083359,-1.083359,55.054678,-0.808615,-0.808615,78.834882,7.95e-05,4.6
218,-0.970325,-0.970442,62.991848,-0.723558,-0.723559,82.133760,8.87e-05,5.8
217,-1.363380,-1.363428,46.910455,-1.609062,-1.609063,31.745301,8.88e-05,6.1
300,-1.082445,-1.082445,55.345568,-0.818610,-0.818610,77.986659,7.94e-05,4.1
219,-0.969351,-0.969432,63.147378,-0.731493,-0.731493,80.479197,8.86e-05,5.6
218,-1.369430,-1.369476,47.078583,-1.551251,-1.551252,33.707801,8.87e-05,5.7
301,-1.081673,-1.081673,55.461211,-0.806409,-0.806409,78.330976,7.93e-05,4.0
302,-1.084370,-1.084370,55.055004,-0.825344,-0.825344,77.966343,7.91e-05,4.0
220,-0.970311,-0.970391,63.209852,-0.768742,-0.768742,80.959341,8.85e-05,6.0
219,-1.364214,-1.364257,46.858606,-1.559848,-1.559849,33.567287,8.86e-05,6.6
303,-1.083665,-1.083665,55.445201,-0.810899,-0.810899,78.707905,7.90e-05,4.1
221,-0.976250,-0.976327,62.457777,-0.754425,-0.754425,80.139963,8.84e-05,6.0
220,-1.361887,-1.361957,47.121857,-1.539494,-1.539497,33.136917,8.85e-05,6.1
304,-1.081631,-1.081631,55.614277,-0.821467,-0.821467,78.315798,7.89e-05,4.3
305,-1.084390,-1.084390,55.353745,-0.817030,-0.817030,78.518939,7.88e-05,4.6
222,-0.978101,-0.978188,62.303251,-0.733141,-0.733142,80.745164,8.83e-05,6.2
221,-1.370280,-1.370331,47.058987,-1.580901,-1.580902,31.904663,8.84e-05,5.7
306,-1.087656,-1.087656,54.756564,-0.820552,-0.820552,78.303298,7.86e-05,4.0
223,-0.976729,-0.976799,62.736259,-0.713053,-0.713053,81.302359,8.82e-05,5.5
222,-1.370073,-1.370108,46.882701,-1.554385,-1.554386,32.746823,8.83e-05,5.7
307,-1.089035,-1.089035,54.808082,-0.817806,-0.817806,79.366052,7.85e-05,4.2
224,-0.977939,-0.978039,62.505194,-0.726353,-0.726354,81.225058,8.81e-05,5.8
308,-1.086134,-1.086134,55.068408,-0.822072,-0.822072,78.493032,7.84e-05,4.5
223,-1.373847,-1.373909,46.384909,-1.566920,-1.566921,33.274789,8.82e-05,6.1
309,-1.089302,-1.089302,54.794751,-0.784078,-0.784078,77.810606,7.82e-05,4.3
225,-0.982458,-0.982537,62.103237,-0.752999,-0.752999,81.744689,8.80e-05,5.9
224,-1.366240,-1.366292,46.987667,-1.599906,-1.599908,32.036137,8.81e-05,6.0
310,-1.088018,-1.088018,54.807584,-0.811927,-0.811927,78.423076,7.81e-05,3.8
226,-0.983478,-0.983549,62.179363,-0.761080,-0.761080,80.067694,8.79e-05,6.0
311,-1.090888,-1.090888,54.812868,-0.757386,-0.757386,78.461120,7.80e-05,4.1
225,-1.368157,-1.368229,46.727349,-1.554328,-1.554330,33.762410,8.80e-05,6.4
312,-1.089810,-1.089810,54.862949,-0.821742,-0.821742,78.701699,7.78e-05,4.0
227,-0.983238,-0.983311,62.211326,-0.769096,-0.769096,80.614798,8.78e-05,5.8
226,-1.368365,-1.368395,46.868143,-1.616120,-1.616121,31.086689,8.79e-05,6.1
313,-1.087023,-1.087023,55.120287,-0.822577,-0.822577,77.630264,7.77e-05,3.8
228,-0.986209,-0.986281,62.080261,-0.710210,-0.710210,80.094359,8.77e-05,5.9
314,-1.091255,-1.091255,54.745786,-0.797736,-0.797736,78.361510,7.76e-05,4.1
227,-1.371658,-1.371689,46.646796,-1.631762,-1.631763,30.577352,8.78e-05,6.3
315,-1.093903,-1.093903,54.474967,-0.825176,-0.825176,78.815990,7.75e-05,4.1
229,-0.986076,-0.986148,62.096929,-0.773540,-0.773540,79.911861,8.76e-05,6.0
228,-1.365049,-1.365089,46.712530,-1.595698,-1.595700,32.328069,8.77e-05,5.8
316,-1.093111,-1.093111,54.538532,-0.822260,-0.822260,77.909170,7.73e-05,4.0
230,-0.990474,-0.990545,61.578946,-0.740510,-0.740510,79.913537,8.75e-05,5.7
229,-1.364843,-1.364914,46.500150,-1.556989,-1.556991,32.500460,8.76e-05,5.5
317,-1.094213,-1.094213,54.251236,-0.812823,-0.812823,78.068542,7.72e-05,4.3
231,-0.995203,-0.995282,61.013591,-0.740912,-0.740912,81.299993,8.74e-05,5.9
318,-1.094544,-1.094544,54.347190,-0.811920,-0.811920,78.460791,7.71e-05,4.1
230,-1.369628,-1.369665,46.351448,-1.644137,-1.644138,30.241822,8.75e-05,5.9
319,-1.094205,-1.094205,54.339332,-0.803271,-0.803271,78.396704,7.69e-05,4.2
232,-0.988354,-0.988424,61.881047,-0.743232,-0.743232,80.708429,8.73e-05,6.0
231,-1.369474,-1.369525,46.278214,-1.579275,-1.579277,32.244844,8.74e-05,6.2
320,-1.096227,-1.096227,54.309242,-0.796537,-0.796537,77.960148,7.68e-05,4.0
233,-0.992636,-0.992693,61.045153,-0.742863,-0.742863,80.548229,8.72e-05,5.3
321,-1.097197,-1.097197,54.050716,-0.793896,-0.793896,78.476359,7.67e-05,4.2
232,-1.377551,-1.377605,46.159187,-1.585753,-1.585756,32.310616,8.73e-05,5.6
322,-1.096868,-1.096868,54.326116,-0.791095,-0.791095,76.844510,7.65e-05,4.0
234,-0.994634,-0.994691,61.367142,-0.774262,-0.774262,80.837985,8.71e-05,5.6
233,-1.372287,-1.376022,46.218914,-1.537345,-1.537349,34.086711,8.72e-05,5.9
323,-1.094035,-1.094035,54.443532,-0.794091,-0.794091,78.528652,7.64e-05,3.7
235,-0.997603,-0.997665,61.145491,-0.723837,-0.723837,81.373803,8.70e-05,6.1
324,-1.097148,-1.097148,54.412182,-0.793633,-0.793633,78.941808,7.63e-05,3.8
234,-1.373821,-1.373967,46.440920,-1.589408,-1.589411,31.415531,8.71e-05,5.7
325,-1.098520,-1.098520,54.118964,-0.800752,-0.800752,78.320332,7.61e-05,4.0
236,-1.000739,-1.000794,60.912608,-0.765907,-0.765907,80.783235,8.69e-05,6.1
235,-1.377595,-1.377662,46.148650,-1.534403,-1.534405,33.365402,8.70e-05,6.2
326,-1.097053,-1.097053,54.424287,-0.802376,-0.802376,78.026102,7.60e-05,4.1
237,-1.001434,-1.001495,60.475269,-0.702623,-0.702623,82.237131,8.68e-05,5.6
327,-1.100460,-1.100460,54.180949,-0.788803,-0.788803,78.036985,7.59e-05,4.4
236,-1.375953,-1.375997,45.849052,-1.600196,-1.600198,31.577433,8.69e-05,5.6
238,-0.995939,-0.995997,61.243667,-0.751146,-0.751147,81.078203,8.67e-05,5.5
328,-1.099183,-1.099183,54.201520,-0.800374,-0.800374,78.371813,7.57e-05,4.1
237,-1.373131,-1.373162,46.224211,-1.589848,-1.589850,31.368220,8.68e-05,5.7
329,-1.102912,-1.102912,53.773653,-0.800042,-0.800042,78.333575,7.56e-05,3.9
239,-1.000644,-1.000700,61.008778,-0.774646,-0.774646,80.684808,8.66e-05,5.9
330,-1.101805,-1.101805,54.073509,-0.814435,-0.814435,78.599986,7.55e-05,4.1
238,-1.378391,-1.378417,46.226401,-1.356589,-1.356590,37.963713,8.67e-05,6.3
240,-1.000941,-1.000992,61.137895,-0.765450,-0.765450,80.591246,8.64e-05,5.6
331,-1.103102,-1.103102,53.664743,-0.825260,-0.825260,78.643017,7.53e-05,4.3
239,-1.380521,-1.380543,46.208062,-1.593219,-1.593220,31.550894,8.66e-05,5.8
332,-1.099297,-1.099297,54.228534,-0.823173,-0.823173,78.072502,7.52e-05,4.4
241,-1.004530,-1.004603,60.442772,-0.777697,-0.777698,80.526199,8.63e-05,6.1
240,-1.382547,-1.382567,45.997293,-1.605756,-1.605757,31.262206,8.64e-05,6.4
333,-1.104073,-1.104073,53.548974,-0.812848,-0.812848,78.707689,7.50e-05,4.0
242,-1.009417,-1.009478,60.155094,-0.761378,-0.761378,80.443132,8.62e-05,5.8
334,-1.103332,-1.103332,53.957733,-0.793904,-0.793904,79.480873,7.49e-05,3.9
241,-1.384665,-1.384682,45.743554,-1.512807,-1.512808,33.608273,8.63e-05,5.8
243,-1.004922,-1.004983,60.509278,-0.761656,-0.761656,81.437003,8.61e-05,5.9
335,-1.106501,-1.106501,53.507598,-0.799989,-0.799989,78.096944,7.48e-05,4.2
242,-1.376101,-1.376118,46.000735,-1.631741,-1.631742,30.615501,8.62e-05,5.7
336,-1.104862,-1.104862,53.895337,-0.809224,-0.809224,78.562197,7.46e-05,4.0
244,-1.013208,-1.013262,59.968353,-0.732686,-0.732687,80.548000,8.60e-05,6.3
337,-1.105821,-1.105821,53.533850,-0.779273,-0.779273,79.047095,7.45e-05,4.3
243,-1.388302,-1.388317,45.741385,-1.517887,-1.517887,33.593328,8.61e-05,5.9
245,-1.011333,-1.011403,60.222739,-0.734747,-0.734749,80.462747,8.59e-05,5.6
338,-1.108635,-1.108635,53.295995,-0.811019,-0.811019,78.155568,7.44e-05,4.2
244,-1.380238,-1.380252,46.132046,-1.560957,-1.560958,33.107999,8.60e-05,6.3
339,-1.106208,-1.106208,53.239334,-0.812474,-0.812474,78.935994,7.42e-05,4.3
246,-1.011331,-1.011384,60.366705,-0.773651,-0.773652,80.185655,8.58e-05,5.8
245,-1.387368,-1.387381,45.661781,-1.616535,-1.616536,30.923777,8.59e-05,6.0
340,-1.108670,-1.108670,53.211735,-0.801253,-0.801253,78.083563,7.41e-05,4.7
247,-1.011195,-1.011240,60.182214,-0.727694,-0.727695,80.322749,8.57e-05,5.8
341,-1.108465,-1.108465,53.458186,-0.815153,-0.815153,78.521062,7.39e-05,4.3
246,-1.381373,-1.381387,46.069260,-1.575990,-1.575990,31.993782,8.58e-05,6.0
248,-1.017240,-1.017285,60.107263,-0.715596,-0.715596,79.815965,8.56e-05,5.8
342,-1.108173,-1.108173,53.379057,-0.827698,-0.827698,78.587258,7.38e-05,4.3
247,-1.379303,-1.379317,46.114984,-1.575676,-1.575677,32.578343,8.57e-05,5.8
343,-1.109464,-1.109464,53.202456,-0.792869,-0.792869,78.964347,7.37e-05,4.0
249,-1.013706,-1.013753,60.244665,-0.739500,-0.739501,80.182855,8.55e-05,6.1
344,-1.109221,-1.109221,53.701251,-0.814269,-0.814269,77.759115,7.35e-05,4.4
248,-1.386427,-1.386441,45.521992,-1.576274,-1.576275,32.031886,8.56e-05,5.9
250,-1.015897,-1.015980,60.011871,-0.774507,-0.774507,79.627638,8.54e-05,5.5
345,-1.110100,-1.110100,53.573438,-0.798936,-0.798936,78.682113,7.34e-05,4.2
249,-1.384698,-1.384711,45.564238,-1.624430,-1.624431,30.437375,8.55e-05,5.6
251,-1.017683,-1.017755,60.010504,-0.759043,-0.759043,81.649510,8.52e-05,5.4
346,-1.112168,-1.112168,53.158761,-0.773846,-0.773846,78.620474,7.33e-05,4.0
250,-1.387732,-1.387745,45.497547,-1.628998,-1.628999,30.286936,8.54e-05,5.5
347,-1.113820,-1.113820,53.138456,-0.819249,-0.819249,78.176954,7.31e-05,4.3
252,-1.022049,-1.022098,59.184502,-0.789219,-0.789219,80.742972,8.51e-05,5.5
348,-1.110690,-1.110690,53.417938,-0.791969,-0.791969,78.759857,7.30e-05,4.0
251,-1.392397,-1.392410,45.507657,-1.597050,-1.597051,31.503979,8.52e-05,5.5
253,-1.022655,-1.022700,59.268946,-0.753462,-0.753463,81.553773,8.50e-05,6.2
349,-1.111903,-1.111903,53.300813,-0.792090,-0.792090,79.004029,7.28e-05,4.2
252,-1.388740,-1.388754,45.246884,-1.655216,-1.655217,29.552394,8.51e-05,5.7
350,-1.116512,-1.116512,52.694622,-0.809995,-0.809995,78.401614,7.27e-05,4.3
254,-1.020874,-1.020938,60.201958,-0.758612,-0.758613,80.684396,8.49e-05,5.7
253,-1.385324,-1.385340,45.485074,-1.547296,-1.547297,32.960858,8.50e-05,5.9
351,-1.115806,-1.115806,52.772096,-0.813321,-0.813321,78.805232,7.26e-05,4.2
255,-1.022933,-1.022971,59.475487,-0.779764,-0.779764,79.876580,8.48e-05,5.8
352,-1.116129,-1.116129,52.814220,-0.774533,-0.774533,78.836404,7.24e-05,4.0
254,-1.387602,-1.387620,45.516376,-1.579611,-1.579612,31.700703,8.49e-05,5.7
353,-1.117429,-1.117429,52.707012,-0.817536,-0.817536,79.335031,7.23e-05,3.8
256,-1.025191,-1.025236,59.469317,-0.763441,-0.763442,80.969573,8.47e-05,6.1
255,-1.392494,-1.392508,45.085591,-1.561689,-1.561690,31.885834,8.48e-05,5.7
354,-1.116925,-1.116925,52.770298,-0.796815,-0.796815,78.267281,7.21e-05,3.8
257,-1.025808,-1.025858,59.550776,-0.772336,-0.772336,79.986482,8.46e-05,6.0
355,-1.120506,-1.120506,52.246065,-0.806813,-0.806813,78.795586,7.20e-05,4.2
256,-1.386115,-1.386135,45.674276,-1.581158,-1.581158,32.064799,8.47e-05,5.6
258,-1.026014,-1.026055,59.393831,-0.770613,-0.770613,81.511816,8.45e-05,5.6
356,-1.115589,-1.115589,53.048701,-0.789201,-0.789201,78.665337,7.19e-05,4.2
257,-1.389690,-1.389716,45.428569,-1.539684,-1.539685,33.138791,8.46e-05,6.1
357,-1.116503,-1.116503,52.894754,-0.791371,-0.791371,79.367097,7.17e-05,4.1
259,-1.029647,-1.029690,58.831559,-0.779381,-0.779381,80.168197,8.43e-05,5.5
358,-1.118034,-1.118034,52.848714,-0.804433,-0.804433,78.853719,7.16e-05,4.1
258,-1.394861,-1.394878,45.105658,-1.609499,-1.609500,31.357966,8.45e-05,6.5
260,-1.032612,-1.032662,58.818992,-0.755859,-0.755859,80.474678,8.42e-05,5.6
359,-1.116058,-1.116058,52.899698,-0.789838,-0.789838,78.251526,7.14e-05,4.4
259,-1.390265,-1.390286,45.312036,-1.591365,-1.591365,31.868521,8.43e-05,6.1
261,-1.030716,-1.030756,58.785555,-0.761362,-0.761362,80.665552,8.41e-05,5.2
360,-1.119771,-1.119771,52.610402,-0.792511,-0.792511,78.906781,7.13e-05,3.9
361,-1.125604,-1.125604,52.019790,-0.821584,-0.821584,78.780172,7.11e-05,4.0
260,-1.394513,-1.394530,45.158383,-1.592080,-1.592081,31.620309,8.42e-05,5.7
262,-1.028681,-1.028747,59.144152,-0.780981,-0.780981,81.528115,8.40e-05,5.5
362,-1.119611,-1.119611,52.535044,-0.797473,-0.797473,78.227761,7.10e-05,4.2
263,-1.033853,-1.033895,58.720003,-0.776133,-0.776134,80.496269,8.39e-05,5.4
261,-1.395001,-1.395048,44.982002,-1.597796,-1.597796,31.376840,8.41e-05,5.7
363,-1.119676,-1.119676,52.523975,-0.803902,-0.803902,78.893654,7.09e-05,4.1
262,-1.395985,-1.396009,45.120504,-1.603049,-1.603049,30.941769,8.40e-05,5.5
264,-1.033829,-1.033867,58.932891,-0.757807,-0.757807,80.254899,8.38e-05,6.1
364,-1.121788,-1.121788,52.573604,-0.782038,-0.782038,79.367693,7.07e-05,4.3
365,-1.123212,-1.123212,52.418318,-0.809952,-0.809952,78.247420,7.06e-05,4.0
263,-1.392630,-1.392648,45.247288,-1.504558,-1.504559,33.365142,8.39e-05,5.7
265,-1.037216,-1.037251,58.565086,-0.772917,-0.772917,79.855249,8.37e-05,5.9
366,-1.121647,-1.121647,52.339623,-0.800520,-0.800520,78.625903,7.04e-05,4.6
264,-1.400102,-1.400122,44.918388,-1.613925,-1.613926,30.960003,8.38e-05,5.9
266,-1.036972,-1.037008,58.479895,-0.768862,-0.768862,80.448568,8.35e-05,6.0
367,-1.123529,-1.123529,52.374832,-0.822625,-0.822625,79.223199,7.03e-05,4.0
265,-1.390579,-1.390609,45.255134,-1.559426,-1.559427,32.365693,8.37e-05,5.6
368,-1.122990,-1.122990,52.711312,-0.803575,-0.803575,78.944307,7.01e-05,4.2
267,-1.038811,-1.038850,58.566665,-0.764445,-0.764446,80.802867,8.34e-05,5.9
369,-1.121124,-1.121124,52.425212,-0.808038,-0.808038,78.120426,7.00e-05,4.1
266,-1.390927,-1.390984,44.923169,-1.484055,-1.484057,33.034506,8.35e-05,5.6
268,-1.040581,-1.040613,58.306859,-0.797229,-0.797229,80.647688,8.33e-05,5.9
370,-1.123166,-1.123166,52.470236,-0.803172,-0.803172,78.197018,6.99e-05,4.3
267,-1.396444,-1.396467,44.856928,-1.535364,-1.535364,32.677509,8.34e-05,5.6
371,-1.127470,-1.127470,51.886910,-0.786253,-0.786253,78.883893,6.97e-05,4.0
269,-1.040543,-1.040578,58.292669,-0.788010,-0.788011,78.873690,8.32e-05,6.2
268,-1.394417,-1.394439,45.089776,-1.551107,-1.551108,32.539516,8.33e-05,5.5
372,-1.123117,-1.123117,52.589658,-0.785039,-0.785039,78.892028,6.96e-05,4.0
270,-1.047486,-1.047516,57.581008,-0.752593,-0.752593,80.439942,8.31e-05,6.2
373,-1.121725,-1.121725,52.457897,-0.797188,-0.797188,79.335937,6.94e-05,4.1
269,-1.394790,-1.394820,44.775981,-1.491026,-1.491027,33.972076,8.32e-05,6.6
271,-1.042383,-1.042411,58.379322,-0.767101,-0.767101,80.992495,8.29e-05,5.8
374,-1.126287,-1.126287,52.209479,-0.783236,-0.783236,78.530018,6.93e-05,4.1
270,-1.403186,-1.403211,44.553926,-1.592731,-1.592732,31.656104,8.31e-05,5.6
375,-1.125986,-1.125986,52.003920,-0.777857,-0.777857,80.128392,6.91e-05,4.0
272,-1.042448,-1.042480,58.277955,-0.742555,-0.742556,80.445409,8.28e-05,6.1
376,-1.127249,-1.127249,52.038997,-0.797969,-0.797969,79.048696,6.90e-05,4.0
271,-1.394649,-1.394675,44.561314,-1.562651,-1.562652,32.196452,8.29e-05,6.2
273,-1.047373,-1.047408,57.655526,-0.764843,-0.764843,80.487752,8.27e-05,6.1
377,-1.129661,-1.129661,51.923449,-0.789699,-0.789699,78.260446,6.88e-05,4.0
272,-1.397383,-1.397413,44.531480,-1.542400,-1.542403,33.501513,8.28e-05,5.9
378,-1.127345,-1.127345,52.054250,-0.809463,-0.809463,77.826241,6.87e-05,4.1
274,-1.046065,-1.046096,58.122615,-0.792994,-0.792994,80.227101,8.26e-05,6.0
379,-1.127966,-1.127966,52.173697,-0.781565,-0.781565,79.295788,6.86e-05,4.0
273,-1.400436,-1.400465,44.987437,-1.556572,-1.556572,31.988711,8.27e-05,5.5
275,-1.048138,-1.048226,57.886624,-0.751583,-0.751583,80.366212,8.25e-05,5.8
380,-1.128002,-1.128002,51.938783,-0.787775,-0.787775,79.355812,6.84e-05,4.2
274,-1.394022,-1.394042,44.848027,-1.552883,-1.552883,32.636905,8.26e-05,5.7
381,-1.130772,-1.130772,51.896598,-0.818677,-0.818677,79.148600,6.83e-05,4.4
276,-1.051773,-1.051810,57.504328,-0.763970,-0.763970,81.291815,8.24e-05,5.9
382,-1.129013,-1.129013,51.741089,-0.791730,-0.791730,78.815598,6.81e-05,4.0
275,-1.408889,-1.408918,44.059606,-1.579919,-1.579919,31.574557,8.25e-05,5.7
277,-1.052091,-1.052122,57.423260,-0.762167,-0.762168,80.446132,8.22e-05,5.4
383,-1.128519,-1.128519,51.710361,-0.801261,-0.801261,78.837893,6.80e-05,4.2
276,-1.395647,-1.395679,44.975053,-1.552772,-1.552773,33.006175,8.24e-05,5.7
278,-1.053743,-1.053772,57.289198,-0.772373,-0.772373,80.558907,8.21e-05,6.0
384,-1.130150,-1.130150,52.037432,-0.785053,-0.785053,78.688580,6.78e-05,4.3
277,-1.400341,-1.400364,44.551291,-1.569098,-1.569098,31.218238,8.22e-05,6.0
385,-1.134968,-1.134968,51.281057,-0.797364,-0.797364,79.518646,6.77e-05,3.8
279,-1.056136,-1.056179,56.982131,-0.770093,-0.770093,80.995359,8.20e-05,6.2
386,-1.131997,-1.131997,52.033755,-0.791645,-0.791645,78.603110,6.75e-05,4.6
278,-1.401525,-1.401552,44.367196,-1.597215,-1.597216,31.458417,8.21e-05,6.2
280,-1.055402,-1.055427,57.338808,-0.750806,-0.750806,82.010483,8.19e-05,5.4
387,-1.131640,-1.131640,51.805741,-0.797112,-0.797112,78.444261,6.74e-05,4.1
279,-1.398635,-1.398663,44.496475,-1.594186,-1.594188,31.326130,8.20e-05,6.1
388,-1.134509,-1.134509,51.524160,-0.787464,-0.787464,79.051856,6.72e-05,4.0
281,-1.054826,-1.054852,57.071957,-0.770518,-0.770519,81.301977,8.18e-05,5.9
389,-1.132396,-1.132396,51.776503,-0.763591,-0.763591,79.338330,6.71e-05,4.1
280,-1.404228,-1.404247,44.394690,-1.598328,-1.598329,31.434507,8.19e-05,5.7
282,-1.057202,-1.057344,57.092768,-0.759365,-0.759366,79.772351,8.16e-05,5.3
390,-1.133767,-1.133767,51.614419,-0.801758,-0.801758,78.433411,6.69e-05,4.1
281,-1.405141,-1.405157,44.256888,-1.640207,-1.640208,30.411791,8.18e-05,5.7
391,-1.136672,-1.136672,51.456413,-0.793898,-0.793898,79.226753,6.68e-05,4.0
283,-1.057264,-1.057301,57.138673,-0.771464,-0.771464,80.083045,8.15e-05,6.1
282,-1.402509,-1.402531,44.663111,-1.601907,-1.601908,31.453671,8.16e-05,5.8
392,-1.133818,-1.133818,51.583676,-0.790625,-0.790625,79.056957,6.66e-05,4.1
284,-1.057495,-1.057528,57.057553,-0.802272,-0.802273,79.863932,8.14e-05,5.4
393,-1.134080,-1.134080,51.709448,-0.797980,-0.797980,78.768405,6.65e-05,4.2
283,-1.411500,-1.411519,43.960035,-1.565483,-1.565483,32.479093,8.15e-05,6.5
285,-1.059111,-1.059141,56.832513,-0.765165,-0.765165,80.819589,8.13e-05,6.1
394,-1.135672,-1.135672,51.447724,-0.813918,-0.813918,78.904474,6.63e-05,3.9
284,-1.407145,-1.407243,44.232613,-1.577091,-1.577091,32.071285,8.14e-05,5.6
395,-1.135500,-1.135500,51.533027,-0.780439,-0.780439,78.944454,6.62e-05,3.9
286,-1.060550,-1.060576,56.609722,-0.788085,-0.788085,80.528202,8.11e-05,5.7
396,-1.136907,-1.136907,51.411707,-0.799940,-0.799940,79.318409,6.60e-05,4.1
285,-1.407509,-1.407526,44.218616,-1.619204,-1.619204,30.825704,8.13e-05,5.9
287,-1.062170,-1.062197,57.003524,-0.786342,-0.786343,80.814357,8.10e-05,6.0
397,-1.138488,-1.138488,51.093894,-0.787762,-0.787762,79.163253,6.59e-05,4.2
286,-1.409974,-1.409989,44.137731,-1.596225,-1.596225,31.247367,8.11e-05,5.7
398,-1.137262,-1.137262,51.492619,-0.783563,-0.783563,79.162861,6.57e-05,4.1
288,-1.065145,-1.065171,56.413600,-0.767295,-0.767295,80.064981,8.09e-05,5.8
399,-1.138477,-1.138477,51.175725,-0.796008,-0.796008,79.589479,6.56e-05,4.3
287,-1.405246,-1.405274,44.344734,-1.624189,-1.624189,30.270745,8.10e-05,5.6
289,-1.069462,-1.069485,55.935847,-0.758680,-0.758680,80.495226,8.08e-05,5.4
400,-1.138400,-1.138400,51.198377,-0.787224,-0.787224,78.891531,6.55e-05,3.9
288,-1.410740,-1.410765,43.926578,-1.521297,-1.521297,33.523829,8.09e-05,6.7
290,-1.065765,-1.065793,56.271042,-0.768808,-0.768808,80.486743,8.06e-05,5.6
401,-1.135425,-1.135425,51.524641,-0.789206,-0.789206,80.199062,6.53e-05,3.9
402,-1.140780,-1.140780,51.146726,-0.802345,-0.802345,79.079736,6.52e-05,4.0
289,-1.411439,-1.411463,43.875016,-1.616623,-1.616624,30.654367,8.08e-05,6.3
291,-1.067655,-1.067678,56.326726,-0.747302,-0.747302,80.774022,8.05e-05,6.1
403,-1.141706,-1.141706,50.977349,-0.760957,-0.760957,80.079745,6.50e-05,4.1
290,-1.413828,-1.413847,43.671819,-1.553428,-1.553428,31.962179,8.06e-05,5.8
292,-1.072805,-1.072825,55.749817,-0.762867,-0.762867,80.400481,8.04e-05,5.9
404,-1.139741,-1.139741,51.283380,-0.778722,-0.778722,78.987355,6.49e-05,4.2
405,-1.139160,-1.139160,51.147987,-0.801273,-0.801273,78.264233,6.47e-05,4.3
291,-1.411829,-1.411845,43.801696,-1.597540,-1.597541,30.857278,8.05e-05,6.1
293,-1.066994,-1.067015,56.501211,-0.772979,-0.772979,80.582519,8.03e-05,6.3
406,-1.141793,-1.141793,51.123604,-0.798826,-0.798826,79.225263,6.46e-05,3.9
292,-1.404365,-1.404383,43.953317,-1.548628,-1.548629,32.593081,8.04e-05,5.8
294,-1.070892,-1.070917,56.356995,-0.720408,-0.720408,80.560337,8.01e-05,6.0
407,-1.142938,-1.142938,50.873475,-0.772918,-0.772918,78.790265,6.44e-05,4.1
408,-1.142880,-1.142880,50.909336,-0.781141,-0.781141,78.634930,6.43e-05,4.1
293,-1.408810,-1.408836,44.039058,-1.662661,-1.662662,28.927749,8.03e-05,5.9
295,-1.071729,-1.071751,55.845713,-0.784348,-0.784348,80.451340,8.00e-05,5.8
409,-1.145583,-1.145583,50.735923,-0.779595,-0.779595,78.768277,6.41e-05,4.3
294,-1.410030,-1.410050,44.043928,-1.528410,-1.528411,32.870386,8.01e-05,6.3
296,-1.068163,-1.068186,56.631442,-0.772595,-0.772596,80.387201,7.99e-05,6.1
410,-1.140520,-1.140520,51.059755,-0.790699,-0.790699,79.229871,6.39e-05,4.2
295,-1.414990,-1.415011,43.461864,-1.609938,-1.609939,30.667837,8.00e-05,5.9
411,-1.143908,-1.143908,50.939744,-0.817363,-0.817363,79.624319,6.38e-05,4.2
297,-1.073710,-1.073731,55.622072,-0.758919,-0.758919,80.112875,7.98e-05,5.9
412,-1.144407,-1.144407,50.636255,-0.799946,-0.799946,80.553818,6.36e-05,3.9
298,-1.076771,-1.076800,55.671687,-0.782739,-0.782739,80.984603,7.96e-05,5.6
296,-1.411934,-1.411954,43.604099,-1.623436,-1.623436,30.358213,7.99e-05,5.9
413,-1.145397,-1.145397,50.534996,-0.774276,-0.774276,78.564597,6.35e-05,4.3
299,-1.076253,-1.076273,55.765584,-0.802340,-0.802340,78.980313,7.95e-05,6.0
297,-1.417693,-1.417708,43.301176,-1.608248,-1.608248,31.024535,7.98e-05,6.1
414,-1.145304,-1.145304,50.634802,-0.809343,-0.809343,79.821002,6.33e-05,4.1
415,-1.146112,-1.146112,50.606225,-0.777673,-0.777673,79.048536,6.32e-05,4.0
298,-1.408705,-1.408731,43.729251,-1.554236,-1.554237,32.350913,7.96e-05,5.8
300,-1.076410,-1.076434,55.669725,-0.778958,-0.778958,81.115012,7.94e-05,6.0
416,-1.145378,-1.145378,50.708938,-0.792677,-0.792677,79.382703,6.30e-05,4.0
301,-1.075551,-1.075571,55.870836,-0.746969,-0.746969,80.964946,7.93e-05,5.7
299,-1.413782,-1.413805,43.426441,-1.590856,-1.590857,30.997623,7.95e-05,6.0
417,-1.146432,-1.146432,50.725793,-0.776219,-0.776219,79.504721,6.29e-05,4.2
418,-1.145962,-1.145962,50.737549,-0.805290,-0.805290,78.388383,6.27e-05,4.5
300,-1.412414,-1.412436,43.903406,-1.626982,-1.626982,30.061009,7.94e-05,5.6
302,-1.080105,-1.080128,55.441447,-0.801752,-0.801752,80.213442,7.91e-05,5.9
419,-1.147096,-1.147096,50.667109,-0.777543,-0.777543,79.748641,6.26e-05,4.3
301,-1.415641,-1.415658,43.234381,-1.508756,-1.508756,33.641317,7.93e-05,5.6
303,-1.079231,-1.079252,55.634315,-0.782892,-0.782892,80.597272,7.90e-05,5.8
420,-1.146111,-1.146111,50.573248,-0.778483,-0.778483,78.393611,6.24e-05,4.1
302,-1.412805,-1.412830,43.679170,-1.574665,-1.574665,31.334595,7.91e-05,6.1
304,-1.080401,-1.080422,55.586582,-0.788261,-0.788261,80.684813,7.89e-05,5.8
421,-1.147479,-1.147479,50.595144,-0.786307,-0.786307,79.206159,6.23e-05,4.2
422,-1.150479,-1.150479,50.280950,-0.779997,-0.779997,79.399282,6.21e-05,4.3
305,-1.081594,-1.081611,55.352328,-0.791795,-0.791795,80.273493,7.88e-05,5.7
303,-1.413017,-1.413033,43.374344,-1.648533,-1.648534,29.343440,7.90e-05,6.1
423,-1.147951,-1.147951,50.736055,-0.798139,-0.798139,79.448038,6.20e-05,3.9
306,-1.083284,-1.083302,55.282236,-0.791566,-0.791566,81.060298,7.86e-05,5.8
304,-1.414723,-1.414741,43.607358,-1.527577,-1.527577,32.776759,7.89e-05,6.3
424,-1.148988,-1.148988,50.600173,-0.794183,-0.794183,78.946539,6.18e-05,4.2
307,-1.084587,-1.084604,55.150208,-0.770187,-0.770187,80.749346,7.85e-05,5.6
425,-1.151853,-1.151853,50.275192,-0.781536,-0.781536,79.364556,6.17e-05,4.2
305,-1.408957,-1.408975,43.758917,-1.603915,-1.603916,30.705383,7.88e-05,6.1
426,-1.152472,-1.152472,50.016682,-0.814128,-0.814128,78.699313,6.15e-05,4.2
308,-1.084530,-1.084550,55.124270,-0.762811,-0.762811,79.804209,7.84e-05,5.6
306,-1.420706,-1.420728,43.373061,-1.610950,-1.610951,31.144618,7.86e-05,6.0
427,-1.147359,-1.147359,50.551625,-0.775115,-0.775115,79.106704,6.14e-05,4.2
309,-1.086576,-1.086594,54.944148,-0.782453,-0.782453,79.319646,7.82e-05,5.9
428,-1.149325,-1.149325,50.508052,-0.788846,-0.788846,78.805990,6.12e-05,4.1
307,-1.421248,-1.421264,43.294678,-1.607845,-1.607845,30.840541,7.85e-05,5.9
429,-1.151269,-1.151269,50.181916,-0.786467,-0.786467,80.435609,6.11e-05,4.0
310,-1.089062,-1.089079,55.046141,-0.770037,-0.770037,79.727839,7.81e-05,5.8
308,-1.420164,-1.420182,43.057479,-1.629397,-1.629398,30.577640,7.84e-05,5.6
430,-1.148632,-1.148632,50.686913,-0.791187,-0.791187,78.992795,6.09e-05,4.2
311,-1.092064,-1.092080,54.685978,-0.787129,-0.787129,79.856830,7.80e-05,6.0
309,-1.422164,-1.422181,43.178338,-1.500298,-1.500298,33.473948,7.82e-05,5.8
431,-1.149748,-1.149748,50.528890,-0.785940,-0.785940,79.940970,6.08e-05,4.1
432,-1.151776,-1.151776,50.212110,-0.811634,-0.811634,78.596587,6.06e-05,4.1
312,-1.087960,-1.087978,54.660049,-0.773399,-0.773399,81.669431,7.78e-05,6.3
310,-1.419423,-1.419442,43.149549,-1.539012,-1.539013,31.834154,7.81e-05,5.8
433,-1.154090,-1.154090,50.051846,-0.798126,-0.798126,79.071846,6.04e-05,4.3
313,-1.088763,-1.088779,54.873098,-0.762421,-0.762421,80.809777,7.77e-05,5.9
311,-1.422763,-1.422782,43.071762,-1.585318,-1.585319,31.485412,7.80e-05,5.7
434,-1.152657,-1.152657,50.140124,-0.784885,-0.784885,78.959840,6.03e-05,4.5
314,-1.089156,-1.089256,54.376604,-0.778459,-0.778460,80.457084,7.76e-05,5.9
435,-1.155894,-1.155894,49.777826,-0.805386,-0.805386,79.032486,6.01e-05,4.2
312,-1.419175,-1.419188,43.246983,-1.592660,-1.592661,31.245631,7.78e-05,5.9
436,-1.152910,-1.152910,50.273188,-0.800277,-0.800277,78.993202,6.00e-05,3.9
315,-1.092123,-1.092169,54.608571,-0.769732,-0.769732,81.127894,7.75e-05,5.7
313,-1.416111,-1.416131,42.953295,-1.627413,-1.627414,29.895502,7.77e-05,5.7
437,-1.153905,-1.153905,50.093889,-0.772357,-0.772357,79.878285,5.98e-05,4.0
316,-1.093021,-1.093044,54.402690,-0.771447,-0.771447,80.408717,7.73e-05,6.1
314,-1.421370,-1.422933,43.091163,-1.626117,-1.626131,29.989213,7.76e-05,6.0
438,-1.154103,-1.154103,50.197279,-0.794199,-0.794199,78.501938,5.97e-05,4.1
439,-1.156833,-1.156833,50.175377,-0.776158,-0.776158,79.929885,5.95e-05,4.0
317,-1.097152,-1.097170,54.073954,-0.761700,-0.761700,80.550274,7.72e-05,5.8
315,-1.421527,-1.421972,42.775232,-1.632415,-1.632419,29.783659,7.75e-05,5.9
440,-1.156445,-1.156445,49.845027,-0.745572,-0.745572,79.961870,5.94e-05,4.1
318,-1.095323,-1.095341,54.335067,-0.754344,-0.754344,80.197962,7.71e-05,5.6
316,-1.424823,-1.424943,42.517526,-1.566456,-1.566458,31.458704,7.73e-05,5.7
441,-1.154784,-1.154784,50.147082,-0.808595,-0.808595,78.480736,5.92e-05,4.1
319,-1.098871,-1.098888,54.052294,-0.738388,-0.738388,80.985151,7.69e-05,5.7
442,-1.157298,-1.157298,49.988524,-0.802842,-0.802842,79.726430,5.91e-05,4.1
317,-1.427784,-1.427841,42.484170,-1.597079,-1.597081,30.995967,7.72e-05,5.5
443,-1.155518,-1.155518,50.026146,-0.788338,-0.788338,78.895169,5.89e-05,4.2
320,-1.098070,-1.098084,54.295498,-0.787572,-0.787572,80.826263,7.68e-05,5.6
318,-1.428384,-1.428417,42.444291,-1.602846,-1.602847,30.535061,7.71e-05,5.7
444,-1.156331,-1.156331,50.138429,-0.784263,-0.784263,79.622654,5.88e-05,4.2
321,-1.101666,-1.101682,53.935665,-0.737424,-0.737424,80.060243,7.67e-05,6.2
319,-1.427218,-1.427240,42.685101,-1.541109,-1.541110,31.996802,7.69e-05,5.8
445,-1.156626,-1.156626,50.043553,-0.783753,-0.783753,78.655798,5.86e-05,3.8
446,-1.157918,-1.157918,49.703410,-0.793116,-0.793116,79.598357,5.84e-05,4.6
322,-1.099061,-1.099075,54.369417,-0.787448,-0.787448,80.038016,7.65e-05,5.8
320,-1.427148,-1.427163,42.368165,-1.601832,-1.601833,30.432103,7.68e-05,6.1
447,-1.157640,-1.157640,50.024374,-0.785336,-0.785336,80.093406,5.83e-05,3.9
323,-1.099324,-1.099336,54.013520,-0.766615,-0.766615,80.205668,7.64e-05,5.8
321,-1.423272,-1.423284,42.710312,-1.594245,-1.594246,30.781602,7.67e-05,5.6
448,-1.158186,-1.158186,49.904118,-0.759361,-0.759361,78.871345,5.81e-05,4.2
324,-1.100837,-1.100853,54.044282,-0.777080,-0.777080,80.657068,7.63e-05,5.8
449,-1.159607,-1.159607,49.876663,-0.785266,-0.785266,80.105410,5.80e-05,4.2
322,-1.427277,-1.427286,42.702189,-1.572846,-1.572847,31.759271,7.65e-05,5.8
450,-1.160822,-1.160822,49.573955,-0.777477,-0.777477,79.051062,5.78e-05,4.4
325,-1.103436,-1.103451,53.553315,-0.781763,-0.781763,80.368368,7.61e-05,6.0
323,-1.424352,-1.424360,42.920157,-1.613400,-1.613401,30.643538,7.64e-05,5.7
451,-1.161530,-1.161530,49.632686,-0.763404,-0.763404,79.479869,5.77e-05,4.1
326,-1.101002,-1.101020,53.792356,-0.759592,-0.759592,80.917466,7.60e-05,5.6
324,-1.428614,-1.428621,42.136985,-1.584996,-1.584996,30.912853,7.63e-05,6.0
452,-1.161902,-1.161902,49.690767,-0.775995,-0.775995,79.495541,5.75e-05,4.0
453,-1.160311,-1.160311,49.569008,-0.767955,-0.767955,78.303634,5.74e-05,4.0
327,-1.105985,-1.105995,53.706419,-0.770027,-0.770027,80.630327,7.59e-05,5.3
325,-1.426495,-1.426502,42.647799,-1.647371,-1.647371,29.509265,7.61e-05,5.9
454,-1.157644,-1.157644,49.919840,-0.797968,-0.797968,79.677917,5.72e-05,4.1
328,-1.104211,-1.104227,53.734025,-0.741343,-0.741343,80.337753,7.57e-05,5.9
326,-1.429948,-1.429955,42.150238,-1.583496,-1.583496,31.417355,7.60e-05,5.7
455,-1.160499,-1.160499,49.635564,-0.783577,-0.783577,78.459010,5.70e-05,3.9
329,-1.106926,-1.106940,53.446676,-0.780782,-0.780783,80.469600,7.56e-05,6.0
456,-1.163501,-1.163501,49.445298,-0.792752,-0.792752,79.781992,5.69e-05,4.4
327,-1.429734,-1.429740,41.994800,-1.588748,-1.588748,30.599173,7.59e-05,5.5
457,-1.160180,-1.160180,49.855228,-0.775511,-0.775511,79.338561,5.67e-05,4.4
330,-1.102687,-1.102745,53.809578,-0.759305,-0.759305,80.657165,7.55e-05,6.2
328,-1.425734,-1.425740,42.341320,-1.549456,-1.549457,32.055678,7.57e-05,5.5
458,-1.162068,-1.162068,49.544420,-0.793825,-0.793825,78.652258,5.66e-05,4.0
331,-1.109636,-1.109655,53.248572,-0.755283,-0.755283,80.858572,7.53e-05,6.0
329,-1.434978,-1.434984,41.923617,-1.594241,-1.594242,30.885914,7.56e-05,5.9
459,-1.161224,-1.161224,49.568746,-0.785519,-0.785519,79.771385,5.64e-05,4.1
460,-1.162668,-1.162668,49.471444,-0.787746,-0.787746,79.206980,5.63e-05,4.2
330,-1.428031,-1.428036,42.194834,-1.631389,-1.631389,29.949063,7.55e-05,6.0
332,-1.108783,-1.108802,53.716666,-0.767974,-0.767975,80.154469,7.52e-05,6.2
461,-1.163395,-1.163395,49.554271,-0.794127,-0.794127,79.139910,5.61e-05,4.1
331,-1.430359,-1.430364,42.144843,-1.638414,-1.638414,29.941925,7.53e-05,5.5
333,-1.110020,-1.110037,53.287382,-0.753317,-0.753317,80.208272,7.50e-05,6.4
462,-1.162475,-1.162475,49.604658,-0.760893,-0.760893,79.812112,5.60e-05,4.0
463,-1.163414,-1.163414,49.483545,-0.781522,-0.781522,80.154604,5.58e-05,3.8
332,-1.431390,-1.431396,41.944350,-1.568269,-1.568269,31.499997,7.52e-05,5.9
334,-1.109843,-1.109857,53.460688,-0.738970,-0.738970,80.328138,7.49e-05,5.6
464,-1.165377,-1.165377,49.156149,-0.768198,-0.768198,79.282981,5.56e-05,4.3
333,-1.432816,-1.432821,41.974481,-1.584281,-1.584281,31.892368,7.50e-05,5.9
335,-1.112234,-1.112248,53.051302,-0.755025,-0.755025,79.490370,7.48e-05,5.9
465,-1.163834,-1.163834,49.353706,-0.760361,-0.760361,79.750017,5.55e-05,4.3
334,-1.438192,-1.438198,41.408206,-1.620897,-1.620897,30.408792,7.49e-05,5.9
466,-1.165592,-1.165592,49.213295,-0.775413,-0.775413,79.490104,5.53e-05,4.2
336,-1.114663,-1.114676,53.133542,-0.740304,-0.740304,80.536273,7.46e-05,6.0
467,-1.167044,-1.167044,48.997610,-0.790662,-0.790662,79.623184,5.52e-05,4.1
335,-1.436513,-1.436518,41.510932,-1.568936,-1.568936,31.698498,7.48e-05,5.6
337,-1.112587,-1.112600,53.205243,-0.725239,-0.725239,80.755838,7.45e-05,5.4
468,-1.164364,-1.164364,49.293955,-0.764464,-0.764464,79.336296,5.50e-05,4.1
336,-1.434907,-1.434913,42.199783,-1.601515,-1.601515,30.438119,7.46e-05,5.9
338,-1.115647,-1.115669,53.019706,-0.769252,-0.769252,80.038398,7.44e-05,6.0
469,-1.165440,-1.165440,49.350457,-0.750342,-0.750342,79.512371,5.49e-05,4.0
470,-1.168582,-1.168582,48.962128,-0.759829,-0.759829,79.899349,5.47e-05,4.3
337,-1.436788,-1.436793,41.540268,-1.540565,-1.540565,33.006429,7.45e-05,5.8
339,-1.112690,-1.112725,53.167258,-0.736899,-0.736899,80.627397,7.42e-05,6.0
471,-1.168637,-1.168637,49.084886,-0.782699,-0.782699,79.771500,5.45e-05,4.1
338,-1.434233,-1.434239,41.719314,-1.618879,-1.618879,30.122378,7.44e-05,6.0
340,-1.116038,-1.116157,53.018787,-0.767808,-0.767808,80.242654,7.41e-05,5.4
472,-1.167289,-1.167289,49.204177,-0.784535,-0.784535,79.556967,5.44e-05,4.0
473,-1.169542,-1.169542,49.167645,-0.783705,-0.783705,78.705495,5.42e-05,4.0
341,-1.111187,-1.111206,53.236671,-0.760911,-0.760911,80.487201,7.39e-05,5.6
339,-1.433285,-1.433291,41.854535,-1.537850,-1.537850,32.408773,7.42e-05,6.1
474,-1.165720,-1.165720,49.441372,-0.781667,-0.781667,79.261838,5.41e-05,4.0
342,-1.115811,-1.115827,52.842857,-0.792001,-0.792002,80.222552,7.38e-05,5.7
340,-1.436491,-1.436497,41.392470,-1.602983,-1.602983,30.738658,7.41e-05,6.4
475,-1.167608,-1.167608,49.209570,-0.792522,-0.792522,79.141790,5.39e-05,4.1
343,-1.119001,-1.119015,52.643381,-0.765490,-0.765490,80.427707,7.37e-05,5.7
476,-1.168438,-1.168438,48.900426,-0.769559,-0.769559,79.563274,5.38e-05,3.9
341,-1.440683,-1.440690,41.258119,-1.603183,-1.603183,30.376585,7.39e-05,6.0
477,-1.170210,-1.170210,48.810592,-0.766902,-0.766902,80.212932,5.36e-05,3.7
344,-1.115811,-1.115822,53.102578,-0.788834,-0.788834,80.733237,7.35e-05,6.1
342,-1.439417,-1.439425,41.214927,-1.606054,-1.606054,30.876747,7.38e-05,5.8
478,-1.169496,-1.169496,48.964333,-0.766514,-0.766514,79.289568,5.35e-05,4.3
345,-1.120769,-1.120787,52.497222,-0.761870,-0.761870,79.841591,7.34e-05,6.1
479,-1.169012,-1.169012,48.905515,-0.760141,-0.760141,79.281306,5.33e-05,3.9
343,-1.440396,-1.440403,41.257109,-1.560979,-1.560980,31.165430,7.37e-05,6.6
480,-1.168804,-1.168804,49.147478,-0.786780,-0.786780,79.261270,5.31e-05,4.1
346,-1.122198,-1.122208,52.567672,-0.729485,-0.729485,80.947682,7.33e-05,6.1
344,-1.438169,-1.438179,41.367521,-1.562337,-1.562337,31.337242,7.35e-05,5.5
481,-1.173702,-1.173702,48.669439,-0.758791,-0.758791,79.714868,5.30e-05,4.0
347,-1.121366,-1.121378,52.640672,-0.752153,-0.752153,80.489073,7.31e-05,5.8
482,-1.171301,-1.171301,48.889726,-0.771766,-0.771766,79.589098,5.28e-05,3.9
345,-1.441394,-1.441403,41.191514,-1.569962,-1.569962,31.279220,7.34e-05,5.9
483,-1.173630,-1.173630,48.514096,-0.751527,-0.751527,79.810540,5.27e-05,4.4
348,-1.123451,-1.123464,52.427902,-0.785137,-0.785137,79.817392,7.30e-05,5.9
346,-1.437401,-1.437410,41.184474,-1.488418,-1.488418,32.602248,7.33e-05,5.7
484,-1.169433,-1.169433,48.911659,-0.774604,-0.774604,79.570902,5.25e-05,4.0
349,-1.121244,-1.121256,52.478682,-0.743022,-0.743022,79.894771,7.28e-05,5.8
347,-1.440194,-1.440203,41.031190,-1.597295,-1.597295,30.160867,7.31e-05,6.0
485,-1.168037,-1.168037,49.256068,-0.804334,-0.804334,78.943790,5.24e-05,4.1
486,-1.175037,-1.175037,48.642408,-0.738234,-0.738234,79.582160,5.22e-05,4.0
350,-1.121175,-1.121185,52.654104,-0.751972,-0.751972,80.748277,7.27e-05,5.9
348,-1.440096,-1.440110,41.361813,-1.592620,-1.592620,31.282653,7.30e-05,5.9
487,-1.169702,-1.169702,48.885397,-0.771912,-0.771912,79.598346,5.20e-05,4.1
351,-1.124520,-1.124533,52.580515,-0.771648,-0.771648,80.959403,7.26e-05,5.9
349,-1.439355,-1.439379,41.148568,-1.603129,-1.603130,30.049595,7.28e-05,5.9
488,-1.173405,-1.173405,48.630881,-0.770441,-0.770441,79.306142,5.19e-05,4.1
352,-1.128116,-1.128127,52.053889,-0.753344,-0.753344,80.550000,7.24e-05,5.7
489,-1.170235,-1.170235,49.012727,-0.784893,-0.784893,79.225444,5.17e-05,4.3
350,-1.443493,-1.443501,40.689897,-1.611420,-1.611420,30.278494,7.27e-05,6.4
490,-1.175432,-1.175432,48.666698,-0.788321,-0.788321,79.665323,5.16e-05,4.0
353,-1.128892,-1.128905,51.961133,-0.764034,-0.764034,81.184386,7.23e-05,5.4
351,-1.447665,-1.447673,40.727613,-1.618268,-1.618269,30.331152,7.26e-05,5.9
491,-1.175043,-1.175043,48.824751,-0.780426,-0.780426,79.112014,5.14e-05,3.8
354,-1.129366,-1.129380,51.830586,-0.746163,-0.746163,81.477958,7.21e-05,6.1
492,-1.171486,-1.171486,48.857691,-0.787548,-0.787548,79.879699,5.13e-05,3.8
352,-1.445225,-1.445233,40.370559,-1.611917,-1.611917,30.063671,7.24e-05,5.6
493,-1.176667,-1.176667,48.303925,-0.790193,-0.790193,78.663266,5.11e-05,4.1
355,-1.127576,-1.127585,52.006927,-0.765426,-0.765426,80.160171,7.20e-05,5.5
353,-1.447692,-1.447703,40.533982,-1.591488,-1.591488,30.601462,7.23e-05,6.5
494,-1.175504,-1.175504,48.484132,-0.776884,-0.776884,78.870439,5.09e-05,4.0
356,-1.128275,-1.128289,51.982616,-0.761275,-0.761275,80.191776,7.19e-05,5.6
495,-1.176621,-1.176621,48.420551,-0.768193,-0.768193,79.000857,5.08e-05,4.1
354,-1.444324,-1.444333,40.622316,-1.594154,-1.594154,31.062626,7.21e-05,5.8
496,-1.174947,-1.174947,48.671825,-0.766096,-0.766096,79.063087,5.06e-05,4.1
357,-1.127462,-1.127473,51.894035,-0.784666,-0.784666,80.088677,7.17e-05,5.9
355,-1.444890,-1.444899,40.785970,-1.646775,-1.646775,29.849127,7.20e-05,5.9
497,-1.177371,-1.177371,48.622705,-0.763370,-0.763370,79.445661,5.05e-05,4.3
358,-1.130429,-1.130442,51.942412,-0.751113,-0.751113,80.477221,7.16e-05,6.1
498,-1.174682,-1.174682,48.603864,-0.781524,-0.781524,79.911230,5.03e-05,4.1
356,-1.444364,-1.444375,40.708856,-1.477814,-1.477815,33.104554,7.19e-05,5.5
359,-1.129353,-1.129366,51.927097,-0.745987,-0.745988,80.197219,7.14e-05,5.6
499,-1.173698,-1.173698,48.701657,-0.766981,-0.766981,78.969790,5.02e-05,4.0
357,-1.450408,-1.450417,40.288180,-1.600037,-1.600037,30.418573,7.17e-05,6.2
500,-1.175277,-1.175277,48.708520,-0.774759,-0.774759,79.166767,5.00e-05,4.3
360,-1.129891,-1.129905,51.667119,-0.757967,-0.757967,80.632487,7.13e-05,5.2
358,-1.452845,-1.452861,39.980531,-1.567874,-1.567874,31.130167,7.16e-05,5.8
501,-1.176666,-1.176666,48.659229,-0.759350,-0.759350,79.522347,4.98e-05,4.4
361,-1.132166,-1.132177,51.599433,-0.777653,-0.777653,79.623755,7.11e-05,6.1
502,-1.177045,-1.177045,48.404625,-0.753381,-0.753381,78.921223,4.97e-05,4.0
359,-1.443780,-1.443789,40.590247,-1.577671,-1.577671,30.108636,7.14e-05,5.8
503,-1.180205,-1.180205,48.247778,-0.754621,-0.754621,78.974970,4.95e-05,4.1
362,-1.134249,-1.134262,51.807185,-0.761147,-0.761147,79.594250,7.10e-05,5.7
360,-1.445760,-1.445769,40.373177,-1.599119,-1.599119,30.506087,7.13e-05,6.5
504,-1.176595,-1.176595,48.497595,-0.717352,-0.717352,79.279435,4.94e-05,4.3
363,-1.135061,-1.135071,51.653135,-0.767636,-0.767636,79.646656,7.09e-05,6.0
505,-1.180963,-1.180963,48.162534,-0.767460,-0.767460,80.032460,4.92e-05,3.9
361,-1.448634,-1.448643,40.130028,-1.627648,-1.627649,29.600440,7.11e-05,6.0
364,-1.133519,-1.133527,51.811423,-0.773084,-0.773084,79.986115,7.07e-05,5.4
506,-1.177265,-1.177265,48.609978,-0.778585,-0.778585,79.690653,4.91e-05,4.2
362,-1.452203,-1.452213,40.141923,-1.565588,-1.565588,31.110384,7.10e-05,5.7
507,-1.176437,-1.176437,48.735764,-0.762486,-0.762486,79.944731,4.89e-05,4.1
365,-1.133921,-1.133929,51.783473,-0.744572,-0.744572,80.496049,7.06e-05,6.1
508,-1.175516,-1.175516,49.139604,-0.782595,-0.782595,80.515351,4.87e-05,4.1
363,-1.444933,-1.444945,40.416959,-1.666300,-1.666300,28.826828,7.09e-05,6.2
366,-1.139446,-1.139453,51.081678,-0.773740,-0.773740,81.068926,7.04e-05,6.0
509,-1.179015,-1.179015,48.395790,-0.755771,-0.755771,80.517471,4.86e-05,4.2
364,-1.447489,-1.447501,40.239692,-1.590334,-1.590334,30.888915,7.07e-05,5.9
510,-1.179244,-1.179244,48.293250,-0.785591,-0.785591,78.962350,4.84e-05,4.1
367,-1.138678,-1.138725,51.394552,-0.761154,-0.761154,80.432632,7.03e-05,5.8
511,-1.177840,-1.177840,48.353254,-0.789645,-0.789645,80.042130,4.83e-05,4.1
365,-1.449981,-1.449989,40.126804,-1.625490,-1.625490,30.156973,7.06e-05,5.9
368,-1.135656,-1.135675,51.426025,-0.774937,-0.774937,79.879299,7.01e-05,5.5
512,-1.180182,-1.180182,48.250093,-0.771911,-0.771911,79.851162,4.81e-05,4.1
366,-1.455351,-1.455361,39.751738,-1.637638,-1.637638,29.817644,7.04e-05,6.5
369,-1.139920,-1.139931,51.203778,-0.764321,-0.764321,80.324333,7.00e-05,5.7
513,-1.182276,-1.182276,48.089763,-0.775780,-0.775780,79.422122,4.80e-05,3.9
514,-1.182722,-1.182722,48.070932,-0.753017,-0.753017,79.868309,4.78e-05,3.8
367,-1.453926,-1.453935,40.203425,-1.610557,-1.610557,29.871470,7.03e-05,5.7
370,-1.139614,-1.139627,51.310302,-0.763572,-0.763572,80.276357,6.99e-05,5.7
515,-1.181088,-1.181088,48.169550,-0.769078,-0.769078,79.762610,4.76e-05,4.0
368,-1.454619,-1.454627,39.722559,-1.573370,-1.573370,31.061396,7.01e-05,6.5
371,-1.139900,-1.139908,51.010252,-0.756163,-0.756163,79.903381,6.97e-05,6.2
516,-1.181174,-1.181174,48.604724,-0.758141,-0.758141,79.316408,4.75e-05,4.2
517,-1.179635,-1.179635,48.700648,-0.756422,-0.756422,79.294814,4.73e-05,4.1
372,-1.138968,-1.138977,51.239359,-0.774005,-0.774005,80.579132,6.96e-05,5.7
369,-1.447430,-1.447439,40.389767,-1.646523,-1.646523,29.197902,7.00e-05,6.1
518,-1.179304,-1.179304,48.126128,-0.770468,-0.770468,79.994690,4.72e-05,4.0
370,-1.456866,-1.456873,39.686191,-1.611212,-1.611212,30.126954,6.99e-05,5.7
373,-1.139920,-1.139929,51.505630,-0.784368,-0.784368,80.732154,6.94e-05,6.4
519,-1.182756,-1.182756,48.083146,-0.742842,-0.742842,80.222245,4.70e-05,4.2
371,-1.454507,-1.454519,39.662268,-1.582551,-1.582551,31.009453,6.97e-05,5.6
520,-1.179433,-1.179433,48.234318,-0.766215,-0.766215,79.746872,4.69e-05,4.4
374,-1.140680,-1.140689,51.019878,-0.740322,-0.740322,81.572063,6.93e-05,5.9
521,-1.183763,-1.183763,48.006548,-0.760205,-0.760205,80.014575,4.67e-05,4.2
372,-1.456899,-1.456908,39.897143,-1.530379,-1.530379,31.877766,6.96e-05,5.6
375,-1.141240,-1.141254,51.356909,-0.734074,-0.734075,80.599311,6.91e-05,6.0
522,-1.183135,-1.183135,48.018571,-0.769033,-0.769033,79.775515,4.65e-05,3.9
373,-1.456063,-1.456071,39.556330,-1.618956,-1.618957,29.667519,6.94e-05,6.3
523,-1.183990,-1.183990,47.752693,-0.756448,-0.756448,79.736024,4.64e-05,3.9
376,-1.143428,-1.143437,51.016291,-0.774376,-0.774376,80.783881,6.90e-05,5.9
524,-1.183399,-1.183399,48.008628,-0.762577,-0.762577,79.497937,4.62e-05,4.1
374,-1.460759,-1.460768,39.561108,-1.589413,-1.589413,30.727958,6.93e-05,5.8
377,-1.144233,-1.144242,50.929473,-0.769798,-0.769799,79.770580,6.88e-05,6.1
525,-1.186203,-1.186203,47.815520,-0.753193,-0.753193,79.558278,4.61e-05,3.8
375,-1.459160,-1.459168,39.645752,-1.556769,-1.556769,30.849940,6.91e-05,5.6
526,-1.184530,-1.184530,47.929920,-0.738267,-0.738267,79.428500,4.59e-05,4.0
378,-1.143717,-1.143727,51.189986,-0.743503,-0.743503,80.668124,6.87e-05,6.1
527,-1.182164,-1.182164,48.181025,-0.780763,-0.780763,79.881460,4.58e-05,4.2
376,-1.457514,-1.457524,39.735904,-1.622304,-1.622304,29.667429,6.90e-05,5.9
379,-1.148167,-1.148179,50.388436,-0.775416,-0.775416,79.757953,6.86e-05,5.7
528,-1.187829,-1.187829,47.788124,-0.782883,-0.782883,79.360632,4.56e-05,4.1
377,-1.459847,-1.459855,39.376166,-1.566274,-1.566274,31.672409,6.88e-05,5.8
529,-1.186125,-1.186125,47.780402,-0.761298,-0.761298,79.368042,4.55e-05,4.3
380,-1.146564,-1.146572,50.946771,-0.723289,-0.723289,80.994100,6.84e-05,6.1
530,-1.182771,-1.182771,47.858840,-0.771907,-0.771907,79.624249,4.53e-05,4.0
378,-1.457410,-1.457419,39.563998,-1.538928,-1.538928,31.711170,6.87e-05,5.7
381,-1.147854,-1.147866,50.653693,-0.722548,-0.722548,80.693566,6.83e-05,6.3
531,-1.187219,-1.187219,47.712204,-0.761615,-0.761615,80.139413,4.51e-05,4.1
379,-1.461386,-1.461394,39.038717,-1.594037,-1.594037,30.373324,6.86e-05,6.2
532,-1.183827,-1.183827,48.030691,-0.750228,-0.750228,80.217858,4.50e-05,3.9
382,-1.145710,-1.145718,50.874786,-0.746797,-0.746797,80.596768,6.81e-05,6.0
533,-1.184609,-1.184609,48.024763,-0.765687,-0.765687,80.610478,4.48e-05,4.4
380,-1.460697,-1.460705,39.103927,-1.654546,-1.654546,28.768850,6.84e-05,6.4
383,-1.153355,-1.153365,50.342491,-0.778171,-0.778171,80.381231,6.80e-05,6.4
534,-1.189914,-1.189914,47.520513,-0.744677,-0.744677,79.245243,4.47e-05,4.2
381,-1.463614,-1.463623,39.122437,-1.596125,-1.596125,30.400606,6.83e-05,6.1
535,-1.187864,-1.187864,47.627849,-0.736184,-0.736184,80.043792,4.45e-05,4.0
384,-1.150054,-1.150063,50.563422,-0.766415,-0.766415,80.737044,6.78e-05,5.9
382,-1.460107,-1.460116,39.373568,-1.570065,-1.570065,31.479756,6.81e-05,5.6
536,-1.185321,-1.185321,47.857870,-0.798629,-0.798629,78.801772,4.44e-05,4.2
385,-1.151678,-1.151690,50.392565,-0.775425,-0.775426,80.446137,6.77e-05,6.3
537,-1.187411,-1.187411,47.884825,-0.774990,-0.774990,80.011653,4.42e-05,4.3
383,-1.459788,-1.459979,39.242433,-1.617774,-1.617774,30.011760,6.80e-05,6.7
538,-1.188275,-1.188275,47.822042,-0.769543,-0.769543,80.196207,4.40e-05,4.2
386,-1.151335,-1.151354,50.291801,-0.769523,-0.769523,79.850609,6.75e-05,6.0
539,-1.188568,-1.188568,47.900610,-0.770412,-0.770412,79.572439,4.39e-05,4.1
384,-1.461583,-1.461590,39.235582,-1.552682,-1.552683,31.778962,6.78e-05,6.4
387,-1.148826,-1.148842,50.590728,-0.764022,-0.764022,80.413636,6.74e-05,5.8
540,-1.189031,-1.189031,47.519718,-0.762567,-0.762567,79.929612,4.37e-05,4.3
385,-1.462677,-1.462682,38.980422,-1.531187,-1.531188,31.883408,6.77e-05,5.9
388,-1.155701,-1.155709,49.925079,-0.736606,-0.736607,80.072502,6.72e-05,5.2
541,-1.191441,-1.191441,47.278384,-0.783430,-0.783430,79.701206,4.36e-05,3.9
389,-1.151322,-1.151331,50.593244,-0.739848,-0.739848,80.451959,6.71e-05,5.3
386,-1.461298,-1.461302,39.131317,-1.591002,-1.591002,31.050347,6.75e-05,6.2
542,-1.188020,-1.188020,47.868143,-0.762091,-0.762091,79.732949,4.34e-05,4.3
543,-1.187868,-1.187868,47.630749,-0.757794,-0.757794,80.519172,4.33e-05,4.3
390,-1.154763,-1.154772,50.114945,-0.715568,-0.715568,79.826288,6.69e-05,5.6
387,-1.465225,-1.465229,38.909679,-1.625925,-1.625925,29.612061,6.74e-05,5.7
544,-1.189529,-1.189529,47.838929,-0.745502,-0.745502,79.762749,4.31e-05,4.1
391,-1.157557,-1.157564,50.055333,-0.765477,-0.765477,79.771223,6.68e-05,6.1
388,-1.465431,-1.465435,38.836932,-1.573992,-1.573992,31.163900,6.72e-05,6.0
545,-1.188975,-1.188975,47.644643,-0.766072,-0.766072,79.704952,4.30e-05,3.8
546,-1.184963,-1.184963,48.170715,-0.762735,-0.762735,79.380752,4.28e-05,4.2
392,-1.153366,-1.153373,50.596031,-0.788869,-0.788869,80.820190,6.66e-05,6.0
389,-1.462040,-1.462045,38.760182,-1.596603,-1.596603,30.196917,6.71e-05,5.9
547,-1.188782,-1.188782,47.482343,-0.747215,-0.747215,79.202182,4.26e-05,4.2
393,-1.155856,-1.155866,50.298319,-0.766098,-0.766098,80.055285,6.65e-05,5.6
390,-1.466257,-1.466261,38.746063,-1.549086,-1.549086,31.695275,6.69e-05,5.6
548,-1.189759,-1.189759,47.492195,-0.775078,-0.775078,79.267026,4.25e-05,4.0
549,-1.193203,-1.193203,47.158517,-0.778763,-0.778763,79.316514,4.23e-05,4.2
394,-1.158275,-1.158283,50.132408,-0.789421,-0.789421,79.856031,6.63e-05,5.7
391,-1.463289,-1.463293,38.685873,-1.612773,-1.612773,30.056439,6.68e-05,6.1
550,-1.191365,-1.191365,47.609282,-0.754192,-0.754192,79.774334,4.22e-05,4.2
395,-1.158918,-1.158927,49.871987,-0.734802,-0.734802,79.917107,6.62e-05,5.9
392,-1.464985,-1.464989,38.529934,-1.555676,-1.555676,31.607811,6.66e-05,5.8
551,-1.189605,-1.189605,47.280997,-0.757037,-0.757037,79.368778,4.20e-05,4.1
396,-1.154737,-1.154746,50.300698,-0.760447,-0.760447,80.265853,6.60e-05,5.3
393,-1.465480,-1.465484,38.648651,-1.545611,-1.545611,31.774520,6.65e-05,5.7
552,-1.191718,-1.191718,47.434412,-0.775743,-0.775743,79.512113,4.19e-05,4.5
553,-1.193961,-1.193961,47.195006,-0.740242,-0.740242,80.914684,4.17e-05,4.0
397,-1.156684,-1.156713,49.929992,-0.768810,-0.768810,79.505993,6.59e-05,6.6
394,-1.464898,-1.464903,38.760981,-1.606821,-1.606821,30.632769,6.63e-05,6.5
554,-1.189413,-1.189413,47.640567,-0.766551,-0.766551,80.126541,4.16e-05,4.1
398,-1.158717,-1.158728,49.889864,-0.744802,-0.744802,80.348927,6.57e-05,5.8
395,-1.464668,-1.464673,39.203542,-1.519917,-1.519918,31.715361,6.62e-05,5.8
555,-1.187333,-1.187333,47.693157,-0.786209,-0.786209,79.264672,4.14e-05,4.4
556,-1.194529,-1.194529,47.366623,-0.741345,-0.741345,79.668104,4.12e-05,4.0
399,-1.160321,-1.160327,49.630235,-0.754239,-0.754239,80.038508,6.56e-05,6.2
396,-1.467234,-1.467239,38.669779,-1.627778,-1.627779,29.912198,6.60e-05,6.3
557,-1.192453,-1.192453,47.307937,-0.745348,-0.745348,78.814982,4.11e-05,4.3
400,-1.159110,-1.159145,49.839535,-0.761890,-0.761891,79.874881,6.55e-05,5.7
397,-1.467446,-1.467451,38.638335,-1.576095,-1.576095,31.108199,6.59e-05,5.5
558,-1.193673,-1.193673,47.377945,-0.749198,-0.749198,79.540656,4.09e-05,4.3
401,-1.160915,-1.160925,49.509696,-0.725572,-0.725572,80.536535,6.53e-05,5.8
559,-1.195139,-1.195139,47.082725,-0.759493,-0.759493,79.508372,4.08e-05,4.3
398,-1.468477,-1.468483,38.455777,-1.619129,-1.619129,30.035998,6.57e-05,6.2
560,-1.193250,-1.193250,47.112590,-0.748466,-0.748466,79.277060,4.06e-05,4.0
402,-1.158277,-1.158284,50.075595,-0.773436,-0.773436,80.011709,6.52e-05,5.9
399,-1.467957,-1.467963,38.576083,-1.575856,-1.575856,30.972514,6.56e-05,6.0
561,-1.194190,-1.194190,47.151662,-0.749918,-0.749918,79.496526,4.05e-05,4.4
403,-1.163005,-1.163013,49.449345,-0.759944,-0.759944,79.687800,6.50e-05,5.7
400,-1.469488,-1.469494,38.402896,-1.593874,-1.593874,30.601815,6.55e-05,5.9
562,-1.194178,-1.194178,47.268846,-0.747730,-0.747730,80.352660,4.03e-05,4.4
404,-1.160320,-1.160326,49.759340,-0.743093,-0.743093,79.141644,6.49e-05,5.9
563,-1.195716,-1.195716,47.141317,-0.748964,-0.748964,79.769753,4.02e-05,4.1
401,-1.465305,-1.465311,38.752648,-1.580358,-1.580358,30.957396,6.53e-05,5.9
564,-1.193561,-1.193561,47.176000,-0.751813,-0.751813,79.167057,4.00e-05,4.1
405,-1.161645,-1.161653,49.635367,-0.760200,-0.760200,80.603300,6.47e-05,5.4
402,-1.470851,-1.470857,38.421700,-1.536082,-1.536082,32.055492,6.52e-05,5.8
565,-1.192844,-1.192844,47.353019,-0.748844,-0.748844,80.220479,3.99e-05,3.9
406,-1.165998,-1.166005,49.209192,-0.763410,-0.763410,80.579843,6.46e-05,5.7
566,-1.194318,-1.194318,47.263104,-0.755929,-0.755929,79.772725,3.97e-05,4.1
403,-1.471823,-1.471830,38.135996,-1.563222,-1.563222,30.900556,6.50e-05,5.6
567,-1.193149,-1.193149,47.568863,-0.769873,-0.769873,79.071536,3.96e-05,4.2
407,-1.164529,-1.164535,49.524819,-0.741653,-0.741653,80.192659,6.44e-05,5.8
404,-1.475749,-1.475755,38.142275,-1.588470,-1.588470,30.299755,6.49e-05,5.9
568,-1.192794,-1.192794,47.422419,-0.762679,-0.762679,79.543189,3.94e-05,4.1
408,-1.169056,-1.169063,49.042052,-0.759493,-0.759494,80.526257,6.43e-05,5.8
405,-1.466347,-1.466353,38.254038,-1.576870,-1.576870,31.462036,6.47e-05,5.9
569,-1.196740,-1.196740,46.988435,-0.751290,-0.751290,80.284117,3.92e-05,4.2
409,-1.167070,-1.167076,49.415722,-0.764436,-0.764436,80.707937,6.41e-05,5.5
570,-1.194543,-1.194543,47.522088,-0.769514,-0.769514,79.891707,3.91e-05,4.0
406,-1.468770,-1.468777,38.126868,-1.582212,-1.582212,31.002885,6.46e-05,5.8
571,-1.194046,-1.194046,47.381063,-0.751340,-0.751340,79.369468,3.89e-05,4.4
410,-1.170530,-1.170537,48.881854,-0.749506,-0.749506,80.090261,6.39e-05,5.3
407,-1.474899,-1.474906,38.017863,-1.597713,-1.597713,30.205510,6.44e-05,6.2
572,-1.196315,-1.196315,47.107073,-0.776525,-0.776525,80.206109,3.88e-05,4.1
411,-1.165197,-1.165204,49.431798,-0.735314,-0.735314,80.213883,6.38e-05,5.8
573,-1.197577,-1.197577,47.035635,-0.748508,-0.748508,79.862797,3.86e-05,4.2
408,-1.474694,-1.474700,37.908067,-1.570816,-1.570816,31.132196,6.43e-05,5.9
412,-1.169123,-1.169130,49.077035,-0.743915,-0.743915,79.978690,6.36e-05,5.7
574,-1.197658,-1.197658,46.994522,-0.776369,-0.776369,80.249479,3.85e-05,4.2
409,-1.473184,-1.473193,38.121046,-1.558294,-1.558294,30.971975,6.41e-05,6.1
575,-1.195500,-1.195500,47.304406,-0.750594,-0.750594,79.723761,3.83e-05,4.4
413,-1.168487,-1.168494,49.220980,-0.765613,-0.765613,79.650985,6.35e-05,6.0
410,-1.476830,-1.476837,37.589535,-1.587963,-1.587963,30.752269,6.39e-05,5.6
576,-1.194698,-1.194698,47.245564,-0.758974,-0.758974,80.663310,3.82e-05,4.2
414,-1.168434,-1.168442,49.089814,-0.730732,-0.730732,80.114234,6.33e-05,6.1
577,-1.196999,-1.196999,46.999016,-0.747712,-0.747712,79.689280,3.80e-05,4.4
411,-1.475792,-1.475798,37.929783,-1.566224,-1.566224,31.545647,6.38e-05,5.6
415,-1.168688,-1.168694,49.158838,-0.723122,-0.723122,80.520370,6.32e-05,5.4
578,-1.196238,-1.196238,47.080168,-0.744252,-0.744252,80.062879,3.79e-05,4.2
412,-1.473858,-1.473868,38.101233,-1.571157,-1.571157,31.061395,6.36e-05,6.2
579,-1.197498,-1.197498,47.266625,-0.731016,-0.731016,80.012834,3.77e-05,4.2
416,-1.170413,-1.170432,49.035315,-0.746765,-0.746765,79.529121,6.30e-05,6.1
413,-1.476019,-1.476025,38.119294,-1.592963,-1.592963,30.805621,6.35e-05,5.6
580,-1.198525,-1.198525,47.001654,-0.748162,-0.748162,80.190685,3.76e-05,4.3
417,-1.169464,-1.169472,49.180009,-0.733388,-0.733388,79.770580,6.29e-05,6.0
581,-1.201286,-1.201286,46.740224,-0.750404,-0.750404,79.774767,3.74e-05,4.1
414,-1.473219,-1.473228,37.963520,-1.575907,-1.575907,31.339567,6.33e-05,5.8
582,-1.197591,-1.197591,47.255747,-0.749444,-0.749444,79.406315,3.73e-05,4.1
418,-1.174239,-1.174248,48.746329,-0.733356,-0.733356,80.371375,6.27e-05,6.0
415,-1.477423,-1.477428,37.840945,-1.632796,-1.632796,29.426959,6.32e-05,5.6
583,-1.196161,-1.196161,47.307994,-0.767111,-0.767111,79.549090,3.71e-05,4.3
419,-1.173017,-1.173025,48.941529,-0.758059,-0.758059,80.806840,6.26e-05,6.1
416,-1.475051,-1.475057,37.548594,-1.577864,-1.577864,30.880648,6.30e-05,5.5
584,-1.195315,-1.195315,47.279576,-0.765566,-0.765566,80.078596,3.70e-05,4.5
420,-1.176698,-1.176704,48.473353,-0.699813,-0.699813,80.218014,6.24e-05,5.9
585,-1.200089,-1.200089,46.844395,-0.748230,-0.748230,79.206255,3.68e-05,4.7
417,-1.473512,-1.473519,38.121307,-1.603214,-1.603213,30.147904,6.29e-05,5.9
586,-1.199151,-1.199151,47.019757,-0.747796,-0.747796,79.511873,3.67e-05,4.1
421,-1.172802,-1.172807,49.103598,-0.744882,-0.744882,80.122929,6.23e-05,5.6
418,-1.474770,-1.474775,37.636970,-1.594841,-1.594841,30.422990,6.27e-05,5.8
587,-1.198694,-1.198694,46.860127,-0.748388,-0.748388,78.969042,3.65e-05,4.3
422,-1.172198,-1.172207,48.930596,-0.731128,-0.731128,80.060148,6.21e-05,5.9
419,-1.473566,-1.473571,37.969204,-1.621499,-1.621499,29.762848,6.26e-05,5.5
588,-1.197107,-1.197107,46.995933,-0.754668,-0.754668,79.324592,3.64e-05,4.5
423,-1.176495,-1.176502,48.587335,-0.774816,-0.774816,79.887556,6.20e-05,5.6
589,-1.200965,-1.200965,47.043550,-0.748501,-0.748501,79.655903,3.62e-05,4.0
420,-1.476141,-1.476148,37.854527,-1.527299,-1.527299,32.437194,6.24e-05,5.8
590,-1.198694,-1.198694,46.931120,-0.755787,-0.755787,79.544190,3.61e-05,4.0
424,-1.171965,-1.171971,49.142058,-0.755069,-0.755069,79.911314,6.18e-05,5.2
421,-1.478397,-1.478403,37.604240,-1.591165,-1.591165,30.282799,6.23e-05,5.8
591,-1.201514,-1.201514,46.809001,-0.759912,-0.759912,79.329273,3.59e-05,4.0
425,-1.177511,-1.177519,48.447478,-0.766862,-0.766862,80.414359,6.17e-05,6.0
592,-1.200670,-1.200670,46.754728,-0.766069,-0.766069,79.300014,3.57e-05,4.0
422,-1.478737,-1.478743,37.656689,-1.546315,-1.546315,32.012947,6.21e-05,5.7
593,-1.200529,-1.200529,46.873282,-0.744779,-0.744779,80.082321,3.56e-05,4.1
426,-1.174329,-1.174335,48.985248,-0.711108,-0.711108,80.703409,6.15e-05,5.9
423,-1.481083,-1.481091,37.130299,-1.539736,-1.539737,31.750588,6.20e-05,6.0
594,-1.198270,-1.198270,46.937170,-0.743587,-0.743587,79.699400,3.54e-05,4.2
427,-1.176596,-1.176602,48.613144,-0.709201,-0.709201,80.701597,6.14e-05,5.4
595,-1.196807,-1.196807,47.178295,-0.748222,-0.748222,79.479941,3.53e-05,4.0
424,-1.479124,-1.479128,37.524623,-1.594571,-1.594571,30.314882,6.18e-05,5.9
428,-1.176323,-1.176329,48.361065,-0.727075,-0.727075,80.162021,6.12e-05,5.6
596,-1.201897,-1.201897,46.740470,-0.717696,-0.717696,80.473104,3.51e-05,4.2
425,-1.480669,-1.480675,37.644656,-1.567068,-1.567068,31.255524,6.17e-05,6.0
597,-1.202114,-1.202114,46.592408,-0.755398,-0.755398,79.608011,3.50e-05,4.0
429,-1.176340,-1.176346,48.706755,-0.716463,-0.716463,79.818634,6.11e-05,6.0
426,-1.478892,-1.478898,37.359587,-1.601768,-1.601768,30.448124,6.15e-05,5.7
598,-1.201743,-1.201743,46.588744,-0.764157,-0.764157,79.181576,3.48e-05,4.3
430,-1.178522,-1.178529,48.350098,-0.747780,-0.747780,79.848123,6.09e-05,5.8
599,-1.203554,-1.203554,46.789712,-0.721717,-0.721717,79.256015,3.47e-05,4.1
427,-1.483949,-1.483957,37.136130,-1.600611,-1.600611,30.374401,6.14e-05,5.8
600,-1.204550,-1.204550,46.522270,-0.742197,-0.742197,79.378972,3.45e-05,4.0
431,-1.177598,-1.177642,48.654526,-0.749432,-0.749432,80.209631,6.08e-05,5.6
428,-1.480284,-1.480291,37.236343,-1.584964,-1.584964,30.592506,6.12e-05,5.9
601,-1.202794,-1.202794,46.721794,-0.744462,-0.744462,79.464132,3.44e-05,4.3
432,-1.184579,-1.184585,47.653968,-0.730954,-0.730954,79.997313,6.06e-05,5.9
602,-1.201592,-1.201592,46.821090,-0.750459,-0.750459,80.248784,3.43e-05,4.0
429,-1.483830,-1.483836,37.252484,-1.558428,-1.558428,31.703885,6.11e-05,5.8
433,-1.178464,-1.178481,48.755158,-0.710819,-0.710819,80.442567,6.04e-05,5.6
603,-1.199576,-1.199576,46.917359,-0.763471,-0.763471,80.175124,3.41e-05,4.1
430,-1.487840,-1.487846,36.791971,-1.561151,-1.561151,31.371912,6.09e-05,5.6
604,-1.203169,-1.203169,46.550507,-0.761018,-0.761018,79.292131,3.40e-05,4.1
434,-1.180471,-1.180482,48.162282,-0.705414,-0.705414,79.926927,6.03e-05,5.5
605,-1.206637,-1.206637,46.262736,-0.754789,-0.754789,79.275848,3.38e-05,4.1
431,-1.483124,-1.483311,37.379608,-1.595923,-1.595924,30.470442,6.08e-05,6.2
435,-1.182930,-1.182935,48.366435,-0.717822,-0.717822,80.730137,6.01e-05,5.6
606,-1.200203,-1.200203,46.813609,-0.741506,-0.741506,79.922269,3.37e-05,4.3
432,-1.484054,-1.484072,36.957647,-1.641240,-1.641241,29.038963,6.06e-05,5.8
436,-1.183589,-1.183596,47.809794,-0.720833,-0.720833,80.111151,6.00e-05,5.8
607,-1.204014,-1.204014,46.511791,-0.748598,-0.748598,79.412327,3.35e-05,4.2
433,-1.482509,-1.482515,37.088797,-1.606552,-1.606552,30.019942,6.04e-05,5.9
608,-1.204197,-1.204197,46.238852,-0.745627,-0.745627,79.589761,3.34e-05,4.2
437,-1.184820,-1.184827,47.813334,-0.725064,-0.725064,80.720777,5.98e-05,6.0
609,-1.201916,-1.201916,46.777982,-0.751622,-0.751622,80.040030,3.32e-05,4.3
434,-1.485518,-1.485522,36.994003,-1.604252,-1.604252,30.533611,6.03e-05,5.9
438,-1.182164,-1.182170,48.048743,-0.742578,-0.742578,80.602952,5.97e-05,6.0
610,-1.204947,-1.204947,46.435085,-0.777471,-0.777471,80.047457,3.31e-05,4.1
435,-1.483805,-1.483808,37.073640,-1.559012,-1.559012,31.358883,6.01e-05,6.5
611,-1.205040,-1.205040,46.584174,-0.752669,-0.752669,79.340348,3.29e-05,4.1
439,-1.184397,-1.184404,48.211161,-0.723977,-0.723977,80.667180,5.95e-05,6.0
612,-1.205084,-1.205084,46.568771,-0.734012,-0.734012,80.683358,3.28e-05,4.4
436,-1.479893,-1.479896,36.868183,-1.603855,-1.603855,30.839760,6.00e-05,5.9
440,-1.182731,-1.182737,48.078351,-0.731240,-0.731240,80.233997,5.94e-05,5.5
613,-1.202810,-1.202810,46.580088,-0.747288,-0.747288,79.399964,3.26e-05,4.3
437,-1.482920,-1.482923,36.861012,-1.523569,-1.523570,31.499514,5.98e-05,5.6
441,-1.186517,-1.186527,48.033501,-0.729304,-0.729304,81.497447,5.92e-05,5.6
614,-1.199930,-1.199930,46.954116,-0.742094,-0.742094,79.756745,3.25e-05,4.3
438,-1.487083,-1.487086,36.842662,-1.574169,-1.574169,30.690765,5.97e-05,5.9
615,-1.202412,-1.202412,46.460310,-0.752646,-0.752646,79.551187,3.23e-05,4.2
442,-1.184776,-1.184782,48.092826,-0.707042,-0.707042,80.646716,5.91e-05,5.7
616,-1.205261,-1.205261,46.454581,-0.751517,-0.751517,79.823232,3.22e-05,4.1
439,-1.485725,-1.485728,36.973025,-1.629643,-1.629643,29.533474,5.95e-05,5.8
443,-1.190120,-1.190144,47.579548,-0.719197,-0.719197,80.320697,5.89e-05,5.9
617,-1.207800,-1.207800,46.248179,-0.753495,-0.753495,79.642933,3.20e-05,4.3
440,-1.486798,-1.486801,37.008530,-1.543264,-1.543264,31.642128,5.94e-05,5.9
444,-1.188365,-1.188371,47.612948,-0.721495,-0.721495,80.528997,5.88e-05,6.1
618,-1.203894,-1.203894,46.786526,-0.740863,-0.740863,79.453857,3.19e-05,4.3
441,-1.484569,-1.484572,37.027746,-1.526641,-1.526641,32.084830,5.92e-05,5.6
619,-1.207763,-1.207763,46.383845,-0.743074,-0.743074,80.051611,3.17e-05,4.2
445,-1.189269,-1.189275,47.692933,-0.700468,-0.700468,80.964262,5.86e-05,6.0
620,-1.206322,-1.206322,46.224810,-0.739256,-0.739256,79.812286,3.16e-05,4.2
442,-1.486887,-1.486890,36.925741,-1.596183,-1.596183,30.353388,5.91e-05,5.9
446,-1.185083,-1.185088,47.890755,-0.710760,-0.710760,80.690127,5.84e-05,5.8
621,-1.204908,-1.204908,46.440503,-0.745717,-0.745717,80.181572,3.14e-05,4.4
443,-1.487957,-1.487960,36.832730,-1.600849,-1.600850,30.593830,5.89e-05,5.8
622,-1.205298,-1.205298,46.359217,-0.731312,-0.731312,80.053966,3.13e-05,4.3
447,-1.184545,-1.184550,48.232665,-0.722323,-0.722323,80.752536,5.83e-05,5.7
623,-1.206295,-1.206295,46.371007,-0.741964,-0.741964,79.726431,3.12e-05,4.1
444,-1.491710,-1.491714,36.683945,-1.602257,-1.602257,29.886947,5.88e-05,5.9
448,-1.190291,-1.190296,47.489784,-0.751422,-0.751422,80.719396,5.81e-05,5.4
624,-1.207785,-1.207785,46.329672,-0.766543,-0.766543,79.375196,3.10e-05,4.3
445,-1.490401,-1.490405,36.427049,-1.543341,-1.543342,31.135559,5.86e-05,5.8
449,-1.187309,-1.187315,48.019165,-0.737833,-0.737833,80.159425,5.80e-05,5.9
625,-1.205829,-1.205829,46.248627,-0.727024,-0.727024,79.401601,3.09e-05,4.1
446,-1.490593,-1.490597,36.600341,-1.623968,-1.623968,29.384910,5.84e-05,5.6
626,-1.206876,-1.206876,46.497810,-0.766517,-0.766517,79.183685,3.07e-05,4.0
450,-1.189838,-1.189842,47.869363,-0.734296,-0.734296,80.114636,5.78e-05,5.6
627,-1.209268,-1.209268,46.259165,-0.752990,-0.752990,79.436737,3.06e-05,4.3
447,-1.493347,-1.493351,36.370852,-1.608039,-1.608039,29.679800,5.83e-05,5.6
451,-1.190170,-1.190188,47.868289,-0.705581,-0.705581,80.132040,5.77e-05,5.9
628,-1.208791,-1.208791,46.382276,-0.757529,-0.757529,79.018359,3.04e-05,4.4
448,-1.490873,-1.490877,36.587473,-1.601818,-1.601818,30.079417,5.81e-05,5.7
452,-1.193486,-1.193491,47.473536,-0.688186,-0.688186,80.225820,5.75e-05,6.0
629,-1.208080,-1.208080,46.289053,-0.741732,-0.741732,79.842412,3.03e-05,4.2
449,-1.488761,-1.488765,36.882996,-1.591571,-1.591571,30.400655,5.80e-05,5.9
630,-1.208335,-1.208335,46.505727,-0.762291,-0.762291,79.402377,3.01e-05,4.5
453,-1.190740,-1.190744,47.770074,-0.735292,-0.735292,79.804038,5.74e-05,5.8
631,-1.207609,-1.207609,46.304477,-0.744966,-0.744966,79.730040,3.00e-05,4.3
450,-1.487173,-1.487176,36.702226,-1.630630,-1.630630,29.667586,5.78e-05,6.2
454,-1.191198,-1.191469,47.717880,-0.724138,-0.724138,80.365900,5.72e-05,5.4
632,-1.212334,-1.212334,45.973245,-0.744405,-0.744405,80.217766,2.99e-05,4.2
451,-1.490988,-1.490991,36.418848,-1.605359,-1.605359,29.882389,5.77e-05,5.6
455,-1.190069,-1.190090,47.889347,-0.744612,-0.744612,80.653723,5.70e-05,5.5
633,-1.209109,-1.209109,46.056375,-0.740655,-0.740655,79.450425,2.97e-05,4.2
634,-1.211602,-1.211602,45.937844,-0.742995,-0.742995,79.737355,2.96e-05,4.2
452,-1.489192,-1.489197,36.584921,-1.521789,-1.521789,32.138034,5.75e-05,6.1
456,-1.195896,-1.195902,47.026222,-0.733326,-0.733326,80.001205,5.69e-05,5.6
635,-1.209303,-1.209303,46.098788,-0.751579,-0.751579,79.698247,2.94e-05,4.3
453,-1.492404,-1.492409,36.460874,-1.638531,-1.638531,29.292265,5.74e-05,5.7
457,-1.193967,-1.193974,47.326445,-0.713010,-0.713010,81.098400,5.67e-05,5.5
636,-1.209732,-1.209732,46.131490,-0.757746,-0.757746,79.293118,2.93e-05,4.4
458,-1.194531,-1.194536,47.219669,-0.701919,-0.701919,80.948975,5.66e-05,5.5
454,-1.493060,-1.493064,36.344230,-1.602464,-1.602464,29.942571,5.72e-05,5.9
637,-1.211013,-1.211013,46.100554,-0.770215,-0.770215,79.827201,2.91e-05,3.9
638,-1.209673,-1.209673,46.218882,-0.751525,-0.751525,80.233342,2.90e-05,4.5
459,-1.197333,-1.197337,47.273011,-0.718247,-0.718248,80.091580,5.64e-05,5.8
455,-1.493400,-1.493404,36.123524,-1.611216,-1.611217,29.954744,5.70e-05,5.9
639,-1.211212,-1.211212,46.007483,-0.737265,-0.737265,79.593768,2.89e-05,4.3
460,-1.193874,-1.193879,47.542952,-0.689000,-0.689000,80.453110,5.63e-05,5.6
456,-1.494124,-1.494130,36.187781,-1.556037,-1.556037,31.654909,5.69e-05,5.7
640,-1.206434,-1.206434,46.383487,-0.745835,-0.745835,79.708005,2.87e-05,4.1
461,-1.197294,-1.197298,47.314373,-0.722820,-0.722820,80.666221,5.61e-05,5.7
457,-1.496127,-1.496131,36.052723,-1.620287,-1.620287,29.733798,5.67e-05,5.8
641,-1.207722,-1.207722,46.338887,-0.755857,-0.755857,79.097266,2.86e-05,4.0
642,-1.208889,-1.208889,46.207445,-0.771699,-0.771699,79.648248,2.84e-05,3.9
462,-1.192784,-1.192787,47.569602,-0.695199,-0.695199,80.287366,5.60e-05,5.6
458,-1.494196,-1.494200,36.062610,-1.523748,-1.523748,32.294947,5.66e-05,5.9
643,-1.209185,-1.209185,46.280251,-0.760883,-0.760883,80.228849,2.83e-05,4.0
463,-1.196021,-1.196025,47.359817,-0.720460,-0.720460,80.039174,5.58e-05,5.6
459,-1.494268,-1.494272,36.109178,-1.585520,-1.585520,30.637757,5.64e-05,6.1
644,-1.208904,-1.208904,46.220302,-0.752283,-0.752283,79.281309,2.81e-05,4.0
464,-1.194771,-1.194776,47.640530,-0.733099,-0.733099,79.955085,5.56e-05,5.6
645,-1.208248,-1.208248,46.430856,-0.725589,-0.725589,80.713059,2.80e-05,4.2
460,-1.491235,-1.491240,36.418313,-1.580012,-1.580012,30.632408,5.63e-05,6.1
646,-1.207594,-1.207594,46.396264,-0.752035,-0.752035,79.484487,2.79e-05,4.0
465,-1.195262,-1.195273,47.490059,-0.700436,-0.700436,80.732092,5.55e-05,5.7
461,-1.494758,-1.494762,35.743194,-1.598603,-1.598603,30.055295,5.61e-05,5.7
647,-1.211300,-1.211300,46.114055,-0.736000,-0.736000,79.925535,2.77e-05,4.0
466,-1.199561,-1.199567,46.730158,-0.686653,-0.686653,79.900004,5.53e-05,5.9
648,-1.214765,-1.214765,45.768338,-0.712778,-0.712778,79.685004,2.76e-05,4.1
462,-1.495092,-1.495097,35.888334,-1.624994,-1.624994,29.465151,5.60e-05,5.7
649,-1.209091,-1.209091,46.301407,-0.747868,-0.747868,80.031468,2.74e-05,4.2
467,-1.197789,-1.197793,47.240759,-0.719187,-0.719187,80.852661,5.52e-05,5.9
463,-1.492760,-1.492764,36.204935,-1.561545,-1.561545,30.982464,5.58e-05,6.0
650,-1.212416,-1.212416,45.850134,-0.735928,-0.735928,80.117548,2.73e-05,4.1
468,-1.198893,-1.198897,47.173501,-0.727808,-0.727808,80.063977,5.50e-05,6.2
651,-1.211431,-1.211431,46.044428,-0.742366,-0.742366,79.869422,2.72e-05,4.4
464,-1.495979,-1.495983,35.994723,-1.568137,-1.568137,31.151534,5.56e-05,6.1
652,-1.211210,-1.211210,46.073141,-0.727855,-0.727855,79.975776,2.70e-05,4.1
469,-1.201111,-1.201115,46.873751,-0.686225,-0.686225,80.209054,5.49e-05,6.0
465,-1.493130,-1.493134,36.212353,-1.560758,-1.560758,30.852446,5.55e-05,5.6
653,-1.214330,-1.214330,45.914582,-0.738511,-0.738511,79.580323,2.69e-05,4.4
470,-1.198998,-1.199002,46.851434,-0.720975,-0.720975,80.275741,5.47e-05,6.5
466,-1.497837,-1.497844,36.188263,-1.614124,-1.614124,29.623209,5.53e-05,5.9
654,-1.214746,-1.214746,45.793711,-0.729317,-0.729317,79.514331,2.67e-05,4.1
655,-1.209361,-1.209361,46.287640,-0.737882,-0.737882,79.588971,2.66e-05,4.0
471,-1.201383,-1.201387,46.817809,-0.676152,-0.676152,80.377599,5.45e-05,5.9
467,-1.494980,-1.494984,36.178568,-1.608858,-1.608858,29.794233,5.52e-05,6.2
656,-1.214325,-1.214325,45.783664,-0.735087,-0.735087,79.538217,2.65e-05,4.2
472,-1.203387,-1.203391,46.802192,-0.730824,-0.730824,79.784322,5.44e-05,6.2
468,-1.495768,-1.495774,35.810718,-1.611874,-1.611874,29.515868,5.50e-05,6.2
657,-1.210433,-1.210433,46.181900,-0.746256,-0.746256,79.652012,2.63e-05,3.9
658,-1.214737,-1.214737,45.645253,-0.765216,-0.765216,80.144353,2.62e-05,3.9
473,-1.202491,-1.202495,46.708783,-0.723244,-0.723244,80.535635,5.42e-05,5.9
469,-1.496274,-1.496278,35.827920,-1.621572,-1.621572,29.843237,5.49e-05,5.9
659,-1.213388,-1.213388,46.133212,-0.754726,-0.754726,79.744886,2.61e-05,3.9
474,-1.201723,-1.201728,46.851333,-0.691569,-0.691569,80.805464,5.41e-05,6.1
470,-1.498917,-1.498920,35.779859,-1.623021,-1.623021,29.669895,5.47e-05,5.9
660,-1.213019,-1.213019,46.005086,-0.749713,-0.749713,80.183132,2.59e-05,4.1
661,-1.214391,-1.214391,45.866794,-0.716802,-0.716802,80.390546,2.58e-05,4.1
475,-1.203460,-1.203467,46.671484,-0.711653,-0.711653,79.888822,5.39e-05,5.8
471,-1.499724,-1.499728,35.785233,-1.545109,-1.545109,31.308441,5.45e-05,5.7
662,-1.213592,-1.213592,45.954837,-0.729098,-0.729098,80.244299,2.56e-05,4.2
476,-1.200958,-1.200962,47.078427,-0.690299,-0.690299,80.249639,5.38e-05,5.6
472,-1.499088,-1.499092,35.878508,-1.563494,-1.563494,31.152806,5.44e-05,6.0
663,-1.211779,-1.211779,46.062632,-0.734431,-0.734431,79.918334,2.55e-05,3.9
477,-1.203726,-1.203732,46.761076,-0.685966,-0.685966,80.561270,5.36e-05,5.6
664,-1.214420,-1.214420,45.804017,-0.726681,-0.726681,79.487540,2.54e-05,4.1
473,-1.498393,-1.498396,35.685769,-1.562084,-1.562083,31.289004,5.42e-05,5.9
665,-1.213109,-1.213109,46.175765,-0.737047,-0.737047,79.723068,2.52e-05,4.2
478,-1.205619,-1.205624,46.504824,-0.671010,-0.671010,80.188768,5.35e-05,5.4
474,-1.499704,-1.499709,35.670790,-1.581420,-1.581420,30.811598,5.41e-05,5.7
666,-1.213942,-1.213942,45.909431,-0.733748,-0.733748,80.502034,2.51e-05,4.0
479,-1.203750,-1.203754,46.657026,-0.747385,-0.747385,79.860650,5.33e-05,6.1
475,-1.501177,-1.501181,35.443167,-1.606472,-1.606472,30.043460,5.39e-05,5.8
667,-1.214663,-1.214663,46.010037,-0.743581,-0.743581,79.980687,2.50e-05,4.1
668,-1.213690,-1.213690,45.959740,-0.726575,-0.726575,80.069595,2.48e-05,4.0
480,-1.204787,-1.204792,46.599564,-0.721421,-0.721421,80.064753,5.31e-05,6.0
476,-1.502302,-1.502381,35.422149,-1.601601,-1.601604,30.217669,5.38e-05,6.3
669,-1.214046,-1.214046,45.775555,-0.751914,-0.751914,79.600245,2.47e-05,4.3
481,-1.203317,-1.203322,46.868599,-0.697676,-0.697676,79.649625,5.30e-05,5.6
477,-1.504694,-1.504711,35.559277,-1.621661,-1.621661,29.464186,5.36e-05,5.7
670,-1.214899,-1.214899,46.002528,-0.739656,-0.739656,80.431982,2.45e-05,4.3
482,-1.207005,-1.207008,46.543887,-0.679784,-0.679784,80.524614,5.28e-05,6.0
671,-1.213711,-1.213711,45.835130,-0.746857,-0.746857,79.719172,2.44e-05,4.2
478,-1.500347,-1.500352,35.595289,-1.564923,-1.564923,31.365348,5.35e-05,5.5
672,-1.218186,-1.218186,45.660273,-0.735965,-0.735965,79.150560,2.43e-05,4.2
483,-1.206363,-1.206366,46.505269,-0.736229,-0.736229,80.289787,5.27e-05,6.1
479,-1.500756,-1.500759,35.666292,-1.619820,-1.619820,29.533044,5.33e-05,6.0
673,-1.215840,-1.215840,45.859078,-0.734003,-0.734003,79.299866,2.41e-05,3.9
484,-1.206403,-1.206408,46.450864,-0.683031,-0.683031,80.036330,5.25e-05,5.8
674,-1.215472,-1.215472,45.857192,-0.743979,-0.743979,80.102636,2.40e-05,3.9
480,-1.503300,-1.503303,35.370153,-1.606635,-1.606635,30.131575,5.31e-05,5.7
675,-1.215219,-1.215219,45.783047,-0.728074,-0.728074,79.701125,2.39e-05,3.8
485,-1.204462,-1.204465,47.006585,-0.714003,-0.714003,79.696476,5.24e-05,5.8
481,-1.503192,-1.503194,35.530841,-1.607578,-1.607577,29.941702,5.30e-05,5.8
676,-1.215604,-1.215604,45.728097,-0.740705,-0.740705,80.144173,2.37e-05,4.1
486,-1.209578,-1.209581,46.342708,-0.658118,-0.658118,80.859731,5.22e-05,5.4
482,-1.502104,-1.502106,35.454092,-1.555064,-1.555064,31.348860,5.28e-05,5.7
677,-1.215146,-1.215146,45.853493,-0.748483,-0.748483,80.115528,2.36e-05,4.3
487,-1.206875,-1.206879,46.577770,-0.667717,-0.667717,80.797723,5.20e-05,5.7
678,-1.219027,-1.219027,45.409832,-0.727874,-0.727874,79.907123,2.35e-05,4.6
483,-1.502615,-1.502617,35.336464,-1.568798,-1.568798,31.162242,5.27e-05,6.0
679,-1.218065,-1.218065,45.520379,-0.743177,-0.743177,79.532694,2.33e-05,4.1
488,-1.208648,-1.208651,46.420370,-0.715964,-0.715964,80.758129,5.19e-05,5.7
484,-1.504420,-1.504423,35.373675,-1.580312,-1.580312,30.662089,5.25e-05,5.7
680,-1.216038,-1.216038,45.671990,-0.724477,-0.724477,80.051815,2.32e-05,4.3
489,-1.209646,-1.209650,46.177326,-0.707050,-0.707050,80.222825,5.17e-05,6.0
485,-1.500128,-1.500131,35.456405,-1.579010,-1.579010,30.745078,5.24e-05,5.7
681,-1.215136,-1.215136,45.901386,-0.737932,-0.737932,79.921225,2.31e-05,4.1
682,-1.214928,-1.214928,45.733703,-0.731017,-0.731017,80.249017,2.29e-05,4.2
490,-1.207121,-1.207126,46.390642,-0.704750,-0.704750,80.756136,5.16e-05,6.0
486,-1.505214,-1.505216,35.517898,-1.604652,-1.604652,29.884560,5.22e-05,5.7
683,-1.216957,-1.216957,45.470754,-0.733821,-0.733821,80.089911,2.28e-05,4.2
491,-1.211720,-1.211724,46.054123,-0.700334,-0.700334,80.616091,5.14e-05,5.7
487,-1.503646,-1.503648,35.442670,-1.591476,-1.591476,30.158885,5.20e-05,6.5
684,-1.214221,-1.214221,45.903294,-0.736074,-0.736074,80.082548,2.27e-05,4.4
492,-1.209083,-1.209086,46.327839,-0.705429,-0.705429,80.560022,5.13e-05,6.2
685,-1.213776,-1.213776,45.705039,-0.720503,-0.720503,79.814880,2.25e-05,3.8
488,-1.507979,-1.507982,34.979906,-1.598666,-1.598665,30.244278,5.19e-05,6.1
686,-1.215339,-1.215339,45.843376,-0.742249,-0.742249,79.675646,2.24e-05,4.0
493,-1.214061,-1.214065,45.984655,-0.678065,-0.678065,80.305075,5.11e-05,5.6
489,-1.506924,-1.506927,35.285182,-1.619132,-1.619132,29.569050,5.17e-05,5.8
687,-1.215680,-1.215680,45.765631,-0.747839,-0.747839,80.104465,2.23e-05,4.2
494,-1.208602,-1.208607,46.451332,-0.671369,-0.671369,80.221579,5.09e-05,6.0
688,-1.218144,-1.218144,45.598673,-0.723832,-0.723832,79.914218,2.22e-05,4.4
490,-1.507272,-1.507275,35.257326,-1.566735,-1.566735,30.961149,5.16e-05,5.7
689,-1.219681,-1.219681,45.438291,-0.731447,-0.731447,79.859734,2.20e-05,4.1
495,-1.213102,-1.213106,46.090320,-0.678875,-0.678875,79.873466,5.08e-05,5.8
491,-1.507588,-1.507590,34.940036,-1.563876,-1.563876,30.615924,5.14e-05,5.9
690,-1.213873,-1.213873,46.163857,-0.726996,-0.726996,80.172946,2.19e-05,4.0
496,-1.213834,-1.213838,45.877593,-0.711959,-0.711959,80.805091,5.06e-05,5.7
691,-1.214214,-1.214214,46.087364,-0.726907,-0.726907,80.020768,2.18e-05,4.1
492,-1.507821,-1.507823,34.825650,-1.571678,-1.571678,30.891621,5.13e-05,6.1
497,-1.212629,-1.212633,46.034807,-0.707024,-0.707024,80.211205,5.05e-05,5.5
692,-1.215113,-1.215113,45.667680,-0.724866,-0.724866,80.005912,2.16e-05,3.9
493,-1.508497,-1.508500,35.042365,-1.623648,-1.623648,29.456268,5.11e-05,6.9
693,-1.216974,-1.216974,45.766621,-0.740274,-0.740274,79.867429,2.15e-05,4.3
498,-1.212300,-1.212307,46.230535,-0.704900,-0.704900,80.513866,5.03e-05,5.9
694,-1.217891,-1.217891,45.861436,-0.729333,-0.729333,79.913129,2.14e-05,3.9
494,-1.506430,-1.506433,35.161482,-1.532882,-1.532881,31.254558,5.09e-05,5.6
499,-1.214680,-1.214687,45.937558,-0.666208,-0.666208,80.671808,5.02e-05,5.5
695,-1.219777,-1.219777,45.400839,-0.740477,-0.740477,79.940570,2.12e-05,4.0
495,-1.508673,-1.508676,35.063978,-1.561429,-1.561429,30.632565,5.08e-05,5.7
696,-1.216682,-1.216682,45.713571,-0.731352,-0.731352,80.097170,2.11e-05,4.3
500,-1.213282,-1.213286,46.033604,-0.713710,-0.713710,80.061576,5.00e-05,5.8
496,-1.508740,-1.508745,34.586326,-1.603814,-1.603814,29.847089,5.06e-05,5.8
697,-1.221298,-1.221298,45.248817,-0.733996,-0.733996,79.484939,2.10e-05,4.2
501,-1.211086,-1.211092,46.353918,-0.698876,-0.698876,79.938685,4.98e-05,6.0
698,-1.218575,-1.218575,45.578725,-0.734770,-0.734770,79.898831,2.09e-05,4.1
497,-1.508586,-1.508589,34.662322,-1.649124,-1.649124,28.971328,5.05e-05,5.7
502,-1.216398,-1.216402,45.720853,-0.690335,-0.690335,80.093592,4.97e-05,5.6
699,-1.217736,-1.217736,45.699238,-0.735557,-0.735557,79.472550,2.07e-05,4.2
498,-1.509296,-1.509299,34.852801,-1.566576,-1.566576,30.799014,5.03e-05,5.9
700,-1.217748,-1.217748,45.597821,-0.723822,-0.723822,79.908043,2.06e-05,4.1
503,-1.216125,-1.216128,45.956443,-0.684333,-0.684333,80.361041,4.95e-05,5.8
701,-1.217521,-1.217521,45.535024,-0.739306,-0.739306,80.040799,2.05e-05,4.2
499,-1.508561,-1.508565,35.091655,-1.601222,-1.601222,30.290030,5.02e-05,5.6
504,-1.219055,-1.219058,45.519721,-0.667635,-0.667635,80.355932,4.94e-05,5.3
702,-1.216722,-1.216722,45.682863,-0.735077,-0.735077,79.502304,2.04e-05,3.9
500,-1.509428,-1.509431,34.745045,-1.612226,-1.612226,29.799791,5.00e-05,6.0
505,-1.217042,-1.217046,45.660361,-0.674502,-0.674502,81.170936,4.92e-05,5.7
703,-1.215322,-1.215322,45.910566,-0.738245,-0.738245,79.685581,2.02e-05,4.6
501,-1.514402,-1.514404,34.544844,-1.619256,-1.619256,29.605438,4.98e-05,5.7
704,-1.216140,-1.216140,45.795446,-0.743967,-0.743967,79.934030,2.01e-05,4.0
506,-1.218389,-1.218392,45.712263,-0.698041,-0.698041,80.987581,4.91e-05,6.0
705,-1.217953,-1.217953,45.625379,-0.744696,-0.744696,79.610367,2.00e-05,4.0
502,-1.511137,-1.511141,34.750616,-1.591558,-1.591558,30.348201,4.97e-05,6.5
507,-1.216006,-1.216009,45.553132,-0.679260,-0.679260,81.111554,4.89e-05,5.7
706,-1.217528,-1.217528,45.643721,-0.732973,-0.732973,79.920735,1.99e-05,4.0
503,-1.507134,-1.507137,35.039661,-1.597862,-1.597862,30.280713,4.95e-05,5.7
707,-1.216579,-1.216579,46.007965,-0.749462,-0.749462,79.722121,1.97e-05,4.2
508,-1.218401,-1.218404,45.679709,-0.703971,-0.703971,80.739480,4.87e-05,5.8
708,-1.215718,-1.215718,46.063744,-0.716023,-0.716023,79.993491,1.96e-05,3.9
504,-1.513795,-1.513798,34.496761,-1.571766,-1.571766,30.794642,4.94e-05,6.1
509,-1.219109,-1.219122,45.754562,-0.716446,-0.716446,80.966659,4.86e-05,5.8
709,-1.218738,-1.218738,45.652378,-0.716242,-0.716242,79.878755,1.95e-05,4.5
505,-1.509828,-1.509831,35.046928,-1.618384,-1.618384,29.655516,4.92e-05,6.5
710,-1.221971,-1.221971,45.159424,-0.712962,-0.712962,79.904223,1.94e-05,4.0
510,-1.220140,-1.220145,45.662259,-0.694258,-0.694258,80.258928,4.84e-05,6.4
711,-1.221088,-1.221088,45.393197,-0.718887,-0.718887,79.997268,1.92e-05,4.3
506,-1.511203,-1.511207,34.966399,-1.548410,-1.548410,31.222305,4.91e-05,5.6
511,-1.218735,-1.218738,45.801302,-0.700209,-0.700209,80.448233,4.83e-05,5.6
712,-1.219920,-1.219920,45.400215,-0.741500,-0.741500,79.489366,1.91e-05,4.1
507,-1.511004,-1.511007,34.804151,-1.586081,-1.586081,30.516414,4.89e-05,6.4
512,-1.220789,-1.220792,45.471274,-0.705292,-0.705292,79.786887,4.81e-05,5.9
713,-1.217843,-1.217843,45.687286,-0.732815,-0.732815,79.641682,1.90e-05,4.1
714,-1.223722,-1.223722,45.163658,-0.752858,-0.752858,79.289381,1.89e-05,4.0
508,-1.514082,-1.514086,34.413121,-1.605748,-1.605748,29.861906,4.87e-05,6.2
513,-1.220312,-1.220316,45.312435,-0.678481,-0.678481,80.162121,4.80e-05,6.4
715,-1.218943,-1.218943,45.368188,-0.731042,-0.731042,80.406182,1.87e-05,4.3
509,-1.510767,-1.510769,34.929156,-1.585738,-1.585738,30.624113,4.86e-05,6.1
514,-1.216900,-1.216904,45.809977,-0.684866,-0.684866,80.377130,4.78e-05,5.9
716,-1.219290,-1.219290,45.421055,-0.714641,-0.714641,80.219318,1.86e-05,4.1
717,-1.222893,-1.222893,44.994187,-0.725244,-0.725244,79.851716,1.85e-05,4.1
510,-1.514293,-1.514296,34.610722,-1.514187,-1.514187,31.631093,4.84e-05,5.8
515,-1.218120,-1.218123,45.929744,-0.711609,-0.711609,80.549459,4.76e-05,5.7
718,-1.219355,-1.219355,45.702397,-0.723371,-0.723371,80.669060,1.84e-05,3.8
511,-1.514501,-1.514504,34.322876,-1.559075,-1.559075,31.084874,4.83e-05,5.7
516,-1.219570,-1.219574,45.960635,-0.700475,-0.700475,80.739642,4.75e-05,5.9
719,-1.218197,-1.218197,45.740363,-0.753256,-0.753256,79.740375,1.82e-05,3.7
720,-1.220222,-1.220222,45.381616,-0.721793,-0.721793,80.479301,1.81e-05,4.2
512,-1.511972,-1.511975,34.636138,-1.590871,-1.590871,30.215792,4.81e-05,6.0
517,-1.219375,-1.219391,45.755554,-0.709149,-0.709149,80.330188,4.73e-05,5.8
721,-1.222140,-1.222140,45.316142,-0.722532,-0.722532,80.022051,1.80e-05,4.1
513,-1.516699,-1.516703,34.446533,-1.602426,-1.602426,29.807890,4.80e-05,5.9
518,-1.218913,-1.218916,45.719127,-0.695942,-0.695942,80.603587,4.72e-05,6.1
722,-1.223884,-1.223884,45.152497,-0.728457,-0.728457,80.002753,1.79e-05,4.2
514,-1.515001,-1.515004,34.431343,-1.581621,-1.581621,30.456667,4.78e-05,5.8
723,-1.222202,-1.222202,45.317583,-0.738750,-0.738750,80.224353,1.78e-05,4.3
519,-1.222494,-1.222506,45.342024,-0.685075,-0.685075,80.568314,4.70e-05,5.5
724,-1.220568,-1.220568,45.413595,-0.737754,-0.737754,79.832462,1.76e-05,4.2
515,-1.510309,-1.510312,34.409505,-1.594430,-1.594429,30.045339,4.76e-05,6.5
520,-1.224274,-1.224278,45.382964,-0.682930,-0.682930,79.975491,4.69e-05,6.3
725,-1.221932,-1.221932,45.408832,-0.720147,-0.720147,79.898728,1.75e-05,4.1
516,-1.516977,-1.516979,34.316350,-1.608638,-1.608638,29.963153,4.75e-05,5.7
521,-1.219706,-1.219710,45.625650,-0.680193,-0.680193,80.774001,4.67e-05,5.7
726,-1.223001,-1.223001,45.175846,-0.727841,-0.727841,79.905214,1.74e-05,4.3
727,-1.221811,-1.221811,45.217244,-0.731997,-0.731997,80.131331,1.73e-05,3.8
517,-1.514708,-1.514710,34.396809,-1.527832,-1.527832,31.775906,4.73e-05,5.6
522,-1.226436,-1.226439,45.130626,-0.669427,-0.669427,80.718365,4.65e-05,5.9
728,-1.223176,-1.223176,45.249388,-0.719114,-0.719114,80.313842,1.72e-05,4.0
518,-1.514668,-1.514670,34.376772,-1.622622,-1.622621,29.291987,4.72e-05,5.9
523,-1.224333,-1.224335,45.413227,-0.685748,-0.685748,80.691215,4.64e-05,6.0
729,-1.221846,-1.221846,45.271143,-0.738064,-0.738064,80.181160,1.71e-05,4.2
519,-1.519297,-1.519300,34.150296,-1.623563,-1.623563,29.415624,4.70e-05,5.5
730,-1.220815,-1.220815,45.538579,-0.737912,-0.737912,80.102016,1.69e-05,4.6
524,-1.224940,-1.224944,45.282849,-0.687772,-0.687772,80.147367,4.62e-05,6.1
731,-1.220397,-1.220397,45.293571,-0.719126,-0.719126,80.186704,1.68e-05,4.2
520,-1.518156,-1.518158,34.028382,-1.616114,-1.616114,29.719929,4.69e-05,6.5
525,-1.225812,-1.225815,45.048987,-0.657331,-0.657331,80.002173,4.61e-05,6.1
732,-1.224077,-1.224077,45.189126,-0.730699,-0.730699,79.729235,1.67e-05,4.1
521,-1.514988,-1.514990,34.402349,-1.567821,-1.567821,30.871167,4.67e-05,5.8
733,-1.223257,-1.223257,44.821196,-0.728256,-0.728256,80.213932,1.66e-05,4.2
526,-1.223839,-1.223842,45.366113,-0.687183,-0.687183,80.741959,4.59e-05,6.0
734,-1.225494,-1.225494,45.021418,-0.740742,-0.740742,79.529432,1.65e-05,4.2
522,-1.516136,-1.516139,34.369439,-1.610116,-1.610116,29.724210,4.65e-05,6.2
527,-1.227158,-1.227161,45.092926,-0.707877,-0.707877,80.494031,4.58e-05,5.9
735,-1.225174,-1.225174,45.116971,-0.730383,-0.730383,80.131478,1.63e-05,4.1
523,-1.516993,-1.516995,34.169491,-1.608866,-1.608866,29.957952,4.64e-05,5.7
528,-1.226609,-1.226611,45.032460,-0.669256,-0.669256,80.436415,4.56e-05,5.2
736,-1.221973,-1.221973,45.293890,-0.723873,-0.723873,80.185284,1.62e-05,4.8
529,-1.223529,-1.223534,45.203701,-0.688054,-0.688054,80.795544,4.55e-05,5.5
737,-1.222749,-1.222749,45.386256,-0.722888,-0.722888,79.559243,1.61e-05,4.1
524,-1.520049,-1.520051,34.029287,-1.567862,-1.567862,31.096845,4.62e-05,6.4
738,-1.221392,-1.221392,45.530080,-0.721960,-0.721960,80.178518,1.60e-05,4.5
530,-1.227230,-1.227234,45.034988,-0.636518,-0.636518,80.706461,4.53e-05,5.8
525,-1.520007,-1.520010,33.941411,-1.571056,-1.571056,30.779375,4.61e-05,6.0
739,-1.222803,-1.222803,45.334236,-0.722997,-0.722997,79.901823,1.59e-05,4.0
531,-1.227243,-1.227246,45.242467,-0.665590,-0.665590,80.173770,4.51e-05,5.5
526,-1.516597,-1.516600,34.137334,-1.521448,-1.521448,31.818947,4.59e-05,5.8
740,-1.223804,-1.223804,45.159669,-0.730967,-0.730967,79.861206,1.58e-05,4.2
532,-1.229604,-1.229607,44.756616,-0.663096,-0.663096,81.289944,4.50e-05,5.2
741,-1.224755,-1.224755,45.135209,-0.721722,-0.721722,80.183326,1.57e-05,4.5
527,-1.518992,-1.518995,33.999607,-1.555306,-1.555306,31.306964,4.58e-05,6.4
742,-1.227048,-1.227048,44.770249,-0.712781,-0.712781,80.403351,1.55e-05,4.0
533,-1.229685,-1.229688,44.848646,-0.702554,-0.702554,81.162460,4.48e-05,6.0
528,-1.518002,-1.518005,34.261551,-1.551273,-1.551273,31.100468,4.56e-05,6.0
743,-1.223112,-1.223112,45.210794,-0.716907,-0.716907,80.580706,1.54e-05,4.1
534,-1.224080,-1.224083,45.341046,-0.674297,-0.674297,80.429633,4.47e-05,5.9
744,-1.225016,-1.225016,45.299475,-0.714816,-0.714816,80.090634,1.53e-05,4.0
529,-1.520657,-1.520659,33.799325,-1.611520,-1.611520,29.539512,4.55e-05,6.0
745,-1.223991,-1.223991,45.200495,-0.728445,-0.728445,79.756133,1.52e-05,4.2
535,-1.232643,-1.232646,44.495884,-0.659805,-0.659805,80.263422,4.45e-05,6.0
530,-1.521010,-1.521012,34.158056,-1.580599,-1.580599,30.655635,4.53e-05,6.0
746,-1.225461,-1.225461,45.105543,-0.728270,-0.728270,80.250698,1.51e-05,4.3
536,-1.227007,-1.227010,44.958803,-0.701697,-0.701697,80.127204,4.44e-05,5.2
747,-1.225011,-1.225011,45.188753,-0.724727,-0.724727,80.250597,1.50e-05,4.0
531,-1.521036,-1.521038,33.877687,-1.600191,-1.600191,29.983946,4.51e-05,6.5
537,-1.229892,-1.229898,45.006484,-0.679118,-0.679118,80.206591,4.42e-05,6.0
748,-1.219935,-1.219935,45.516583,-0.739940,-0.739940,79.918822,1.49e-05,4.1
532,-1.524012,-1.524014,33.718015,-1.645643,-1.645643,28.907934,4.50e-05,5.7
749,-1.226275,-1.226275,44.923372,-0.740674,-0.740674,79.858437,1.48e-05,4.3
538,-1.231630,-1.231634,44.719433,-0.675226,-0.675226,81.073594,4.40e-05,5.6
750,-1.223248,-1.223248,45.314718,-0.709932,-0.709932,79.838390,1.46e-05,3.9
533,-1.519530,-1.519532,33.927546,-1.602110,-1.602110,29.894329,4.48e-05,6.1
539,-1.232315,-1.232318,44.709608,-0.679231,-0.679231,80.432878,4.39e-05,5.2
751,-1.223927,-1.223927,45.103737,-0.721619,-0.721619,79.878861,1.45e-05,4.0
534,-1.523548,-1.523550,33.482569,-1.622584,-1.622584,29.443687,4.47e-05,6.5
540,-1.232535,-1.232538,44.582317,-0.699159,-0.699159,80.215273,4.37e-05,5.5
752,-1.225628,-1.225628,45.085230,-0.726311,-0.726311,79.606377,1.44e-05,4.1
753,-1.224887,-1.224887,45.024073,-0.745181,-0.745181,80.378640,1.43e-05,4.5
535,-1.521096,-1.521099,34.029971,-1.590616,-1.590616,30.345984,4.45e-05,5.6
541,-1.231141,-1.231144,44.847630,-0.676302,-0.676302,80.052492,4.36e-05,6.1
754,-1.225844,-1.225844,45.069013,-0.719747,-0.719747,79.974377,1.42e-05,3.9
542,-1.231878,-1.231881,44.936713,-0.693840,-0.693840,80.058928,4.34e-05,5.7
536,-1.525215,-1.525217,33.614630,-1.595041,-1.595041,30.058114,4.44e-05,6.3
755,-1.222846,-1.222846,45.360384,-0.718647,-0.718647,79.857848,1.41e-05,4.3
756,-1.225841,-1.225841,45.072862,-0.713375,-0.713375,79.863026,1.40e-05,4.1
537,-1.520935,-1.520937,33.914503,-1.587479,-1.587478,30.681312,4.42e-05,5.6
543,-1.230766,-1.230768,45.034953,-0.694254,-0.694254,79.942196,4.33e-05,6.0
757,-1.226578,-1.226578,44.726033,-0.730638,-0.730638,79.730974,1.39e-05,4.1
544,-1.230601,-1.230604,44.937499,-0.676104,-0.676104,80.495410,4.31e-05,6.1
538,-1.519021,-1.519023,34.031156,-1.608907,-1.608907,29.897941,4.40e-05,6.6
758,-1.227607,-1.227607,44.992752,-0.706321,-0.706321,80.219756,1.38e-05,4.1
539,-1.517756,-1.517759,34.093123,-1.616939,-1.616939,29.686700,4.39e-05,5.7
545,-1.232794,-1.232797,44.604222,-0.677198,-0.677198,80.353902,4.30e-05,5.9
759,-1.225505,-1.225505,45.130329,-0.723302,-0.723302,80.046609,1.37e-05,4.5
760,-1.224242,-1.224242,45.269197,-0.722893,-0.722893,80.854882,1.36e-05,4.4
546,-1.234748,-1.234751,44.552259,-0.670777,-0.670777,79.993776,4.28e-05,6.0
540,-1.524154,-1.524157,33.466792,-1.594933,-1.594933,30.017067,4.37e-05,6.9
761,-1.226081,-1.226081,45.065266,-0.730230,-0.730230,80.444259,1.34e-05,4.0
547,-1.232287,-1.232291,44.658037,-0.647962,-0.647962,80.978031,4.26e-05,6.0
541,-1.522119,-1.522121,33.768729,-1.613438,-1.613438,29.685788,4.36e-05,5.7
762,-1.225781,-1.225781,44.960113,-0.734291,-0.734291,80.281678,1.33e-05,4.7
763,-1.226314,-1.226314,45.069212,-0.726870,-0.726870,79.867278,1.32e-05,3.9
548,-1.231338,-1.231341,44.959892,-0.686851,-0.686851,80.531835,4.25e-05,5.7
542,-1.522210,-1.522212,33.786114,-1.582569,-1.582568,30.698917,4.34e-05,5.7
764,-1.223361,-1.223361,45.208069,-0.731317,-0.731317,80.157469,1.31e-05,4.2
549,-1.233116,-1.233118,44.526894,-0.693638,-0.693638,80.603473,4.23e-05,5.5
543,-1.523809,-1.523811,33.464015,-1.544931,-1.544931,30.801384,4.33e-05,6.0
765,-1.225395,-1.225395,44.928546,-0.724446,-0.724446,80.161305,1.30e-05,3.9
550,-1.235367,-1.235369,44.513443,-0.704961,-0.704961,80.416661,4.22e-05,5.4
766,-1.226188,-1.226188,45.142192,-0.727496,-0.727496,79.883546,1.29e-05,4.0
544,-1.523151,-1.523153,33.802424,-1.555630,-1.555630,31.462947,4.31e-05,6.2
767,-1.223931,-1.223931,45.349139,-0.721382,-0.721382,80.349977,1.28e-05,3.8
551,-1.239230,-1.239234,44.312307,-0.632179,-0.632179,81.119109,4.20e-05,5.9
545,-1.525570,-1.525572,33.639219,-1.612257,-1.612257,29.492460,4.30e-05,5.7
768,-1.229281,-1.229281,44.767991,-0.712404,-0.712404,80.264762,1.27e-05,4.4
552,-1.234818,-1.234820,44.787311,-0.653133,-0.653133,81.366279,4.19e-05,5.3
769,-1.222331,-1.222331,45.326701,-0.727268,-0.727268,80.075323,1.26e-05,4.1
546,-1.527779,-1.527781,33.117780,-1.623995,-1.623994,29.152838,4.28e-05,5.7
770,-1.225544,-1.225544,45.220827,-0.724191,-0.724191,80.125057,1.25e-05,3.8
553,-1.237083,-1.237085,44.404618,-0.687823,-0.687823,80.204626,4.17e-05,6.0
547,-1.524721,-1.524723,33.569111,-1.614403,-1.614403,29.611637,4.26e-05,6.1
771,-1.227375,-1.227375,44.948979,-0.717685,-0.717685,80.259557,1.24e-05,4.2
554,-1.234689,-1.234692,44.594209,-0.673793,-0.673793,80.600700,4.16e-05,5.3
772,-1.225961,-1.225961,45.200559,-0.729008,-0.729008,80.044547,1.23e-05,4.4
548,-1.525095,-1.525097,33.697041,-1.612245,-1.612245,29.772036,4.25e-05,6.5
555,-1.236290,-1.236293,44.502160,-0.674939,-0.674939,80.559046,4.14e-05,6.1
773,-1.227557,-1.227557,44.784626,-0.726255,-0.726255,79.985774,1.22e-05,4.1
549,-1.528846,-1.528848,33.437214,-1.608289,-1.608289,29.679809,4.23e-05,5.7
774,-1.228335,-1.228335,44.802142,-0.720842,-0.720842,79.949826,1.21e-05,4.3
556,-1.236895,-1.236899,44.319958,-0.673671,-0.673671,80.214239,4.12e-05,5.7
550,-1.524142,-1.524144,33.607768,-1.586319,-1.586319,30.026180,4.22e-05,5.8
775,-1.227279,-1.227279,45.011825,-0.722604,-0.722604,79.589849,1.20e-05,4.0
557,-1.238976,-1.238979,44.314772,-0.659720,-0.659720,80.042217,4.11e-05,5.7
776,-1.226495,-1.226495,45.104340,-0.722840,-0.722840,79.920127,1.19e-05,4.0
551,-1.526564,-1.526566,33.510949,-1.593917,-1.593917,30.352926,4.20e-05,5.7
558,-1.240106,-1.240110,44.099158,-0.701732,-0.701732,80.535939,4.09e-05,5.8
777,-1.225186,-1.225186,45.142711,-0.728023,-0.728023,79.888375,1.18e-05,3.8
552,-1.526383,-1.526385,33.320266,-1.580708,-1.580708,30.534142,4.19e-05,5.8
778,-1.227974,-1.227974,45.005468,-0.727188,-0.727188,80.196504,1.17e-05,4.0
559,-1.239182,-1.239185,44.412488,-0.680493,-0.680493,81.174559,4.08e-05,6.0
779,-1.227132,-1.227132,45.167281,-0.710748,-0.710748,80.065083,1.16e-05,4.1
553,-1.527807,-1.527809,33.257572,-1.573422,-1.573422,30.867883,4.17e-05,5.5
560,-1.239933,-1.239935,44.136530,-0.634533,-0.634533,80.914109,4.06e-05,5.7
780,-1.227876,-1.227876,44.965148,-0.717808,-0.717808,79.832800,1.15e-05,4.3
554,-1.527275,-1.527277,33.276409,-1.521348,-1.521348,32.062173,4.16e-05,6.0
781,-1.229531,-1.229531,44.792568,-0.734181,-0.734181,79.649435,1.14e-05,4.1
561,-1.239186,-1.239190,44.173942,-0.655932,-0.655932,80.686391,4.05e-05,5.8
782,-1.223845,-1.223845,44.950484,-0.711599,-0.711599,79.891073,1.13e-05,4.0
555,-1.525880,-1.525883,33.374646,-1.581408,-1.581408,30.294252,4.14e-05,6.1
562,-1.237814,-1.237817,44.204190,-0.656394,-0.656394,80.783612,4.03e-05,5.9
783,-1.227403,-1.227403,45.069718,-0.728099,-0.728099,79.745356,1.12e-05,4.2
556,-1.529449,-1.529451,33.305159,-1.534837,-1.534837,31.432947,4.12e-05,5.8
784,-1.227247,-1.227247,44.869814,-0.724001,-0.724001,79.880179,1.11e-05,4.1
563,-1.237446,-1.237449,44.404706,-0.671332,-0.671332,80.653088,4.02e-05,5.7
557,-1.524947,-1.524949,33.681353,-1.605468,-1.605468,30.006834,4.11e-05,5.9
785,-1.226705,-1.226705,45.125545,-0.732079,-0.732079,80.124596,1.10e-05,4.3
564,-1.238701,-1.238709,44.334244,-0.670389,-0.670389,80.424113,4.00e-05,6.0
786,-1.225757,-1.225757,45.049070,-0.721633,-0.721633,79.896310,1.09e-05,4.4
558,-1.526485,-1.526487,33.204139,-1.577248,-1.577248,30.678411,4.09e-05,5.7
565,-1.237973,-1.237976,44.443917,-0.668681,-0.668681,80.784653,3.99e-05,5.9
787,-1.229034,-1.229034,44.799308,-0.707526,-0.707526,80.142942,1.08e-05,4.3
559,-1.529364,-1.529367,33.261730,-1.596003,-1.596003,29.971162,4.08e-05,6.4
788,-1.226775,-1.226775,44.901074,-0.724232,-0.724232,80.034659,1.07e-05,4.1
566,-1.239179,-1.239181,44.097806,-0.695954,-0.695954,81.005718,3.97e-05,6.0
789,-1.227722,-1.227722,44.866779,-0.714661,-0.714661,80.234237,1.06e-05,4.2
560,-1.529252,-1.529254,33.154360,-1.547922,-1.547922,31.183984,4.06e-05,5.7
567,-1.241663,-1.241666,44.187153,-0.622296,-0.622296,80.983235,3.96e-05,5.7
790,-1.229584,-1.229584,44.822863,-0.713505,-0.713505,80.014597,1.05e-05,4.0
561,-1.528270,-1.528272,33.294856,-1.599212,-1.599212,30.294665,4.05e-05,5.9
568,-1.240753,-1.240755,44.152551,-0.647758,-0.647758,80.472566,3.94e-05,5.6
791,-1.228149,-1.228149,44.917161,-0.721274,-0.721274,80.236167,1.04e-05,4.1
792,-1.225848,-1.225848,44.996484,-0.710656,-0.710656,80.046404,1.03e-05,3.9
562,-1.527693,-1.527696,33.121998,-1.560855,-1.560855,31.357235,4.03e-05,5.9
569,-1.243890,-1.243893,43.823671,-0.618694,-0.618694,80.559135,3.92e-05,6.3
793,-1.228464,-1.228464,44.842103,-0.731948,-0.731948,79.824372,1.02e-05,4.5
563,-1.529500,-1.529502,33.117787,-1.543618,-1.543618,31.667652,4.02e-05,5.9
570,-1.240761,-1.240763,44.097619,-0.660802,-0.660802,80.228353,3.91e-05,6.0
794,-1.226849,-1.226849,44.934715,-0.721164,-0.721164,80.231122,1.01e-05,4.0
564,-1.531055,-1.531056,33.058163,-1.574622,-1.574622,30.711948,4.00e-05,6.2
795,-1.225854,-1.225854,45.191987,-0.722569,-0.722569,80.303129,1.00e-05,4.0
571,-1.242466,-1.242469,43.872926,-0.657680,-0.657680,80.251893,3.89e-05,5.8
796,-1.228740,-1.228740,44.936839,-0.723875,-0.723875,79.748433,9.92e-06,4.2
565,-1.532055,-1.532057,33.004232,-1.587549,-1.587549,30.334728,3.99e-05,6.0
572,-1.242981,-1.242983,43.971571,-0.662342,-0.662342,80.920087,3.88e-05,6.0
797,-1.227014,-1.227014,45.108006,-0.721849,-0.721849,80.053948,9.83e-06,4.0
566,-1.531288,-1.531290,33.066622,-1.634284,-1.634284,29.251784,3.97e-05,5.6
798,-1.226141,-1.226141,44.983378,-0.731732,-0.731732,79.300995,9.73e-06,4.3
573,-1.240700,-1.240702,44.359574,-0.651144,-0.651144,80.122503,3.86e-05,5.9
799,-1.226995,-1.226995,44.913358,-0.710348,-0.710348,79.646291,9.64e-06,4.2
567,-1.528368,-1.528370,33.285008,-1.613026,-1.613026,29.496372,3.96e-05,5.8
574,-1.240812,-1.240815,44.225644,-0.697248,-0.697248,80.740973,3.85e-05,6.1
800,-1.227074,-1.227074,45.147690,-0.723951,-0.723951,79.871258,9.55e-06,3.8
568,-1.534462,-1.534464,32.834879,-1.583794,-1.583794,30.101606,3.94e-05,5.8
801,-1.228287,-1.228287,44.954419,-0.726698,-0.726698,79.746605,9.46e-06,4.4
575,-1.243205,-1.243208,44.010927,-0.645142,-0.645142,80.370889,3.83e-05,5.9
569,-1.534561,-1.534564,32.810681,-1.577282,-1.577282,30.346331,3.92e-05,5.7
802,-1.228094,-1.228094,44.846477,-0.726192,-0.726192,79.997597,9.37e-06,4.0
576,-1.242004,-1.242007,44.245729,-0.669284,-0.669284,80.731101,3.82e-05,5.6
803,-1.228148,-1.228148,45.018437,-0.721421,-0.721421,80.016935,9.27e-06,4.2
570,-1.534171,-1.534173,32.775803,-1.562750,-1.562750,30.665064,3.91e-05,5.7
577,-1.241567,-1.241570,44.169206,-0.640976,-0.640976,80.821149,3.80e-05,6.1
804,-1.231174,-1.231174,44.706954,-0.717550,-0.717550,79.986996,9.18e-06,4.2
571,-1.537285,-1.537287,32.643120,-1.589621,-1.589621,30.505557,3.89e-05,6.2
805,-1.230506,-1.230506,44.750608,-0.730246,-0.730246,79.623215,9.09e-06,4.0
578,-1.244336,-1.244339,43.792498,-0.657456,-0.657456,81.262396,3.79e-05,5.7
806,-1.229147,-1.229147,44.623417,-0.728185,-0.728185,79.810181,9.00e-06,4.0
572,-1.528994,-1.528996,33.207922,-1.608180,-1.608180,29.933901,3.88e-05,6.1
579,-1.244928,-1.244931,43.901808,-0.684637,-0.684637,80.657579,3.77e-05,5.8
807,-1.228576,-1.228576,44.862955,-0.735960,-0.735960,79.641342,8.91e-06,4.3
573,-1.534679,-1.534681,32.798423,-1.584015,-1.584015,30.466021,3.86e-05,5.8
808,-1.226638,-1.226638,45.047636,-0.725636,-0.725636,79.415363,8.82e-06,4.0
580,-1.245119,-1.245122,43.875308,-0.647712,-0.647712,80.385663,3.76e-05,5.6
809,-1.228897,-1.228897,44.917492,-0.733526,-0.733526,79.596696,8.73e-06,3.9
574,-1.533507,-1.533509,32.878670,-1.573117,-1.573117,30.799676,3.85e-05,6.6
581,-1.245014,-1.245016,43.911129,-0.680129,-0.680129,80.624467,3.74e-05,5.3
810,-1.229824,-1.229824,44.693183,-0.717466,-0.717466,79.903455,8.65e-06,4.1
575,-1.534342,-1.534343,32.739874,-1.555903,-1.555902,31.102076,3.83e-05,6.0
811,-1.229894,-1.229894,44.715005,-0.720018,-0.720018,79.907901,8.56e-06,3.8
582,-1.244050,-1.244052,43.842039,-0.641720,-0.641720,80.942412,3.73e-05,6.1
812,-1.230156,-1.230156,44.699861,-0.714799,-0.714799,80.151127,8.47e-06,3.9
576,-1.534541,-1.534543,32.873043,-1.555749,-1.555749,30.675247,3.82e-05,5.8
583,-1.245431,-1.245434,43.532895,-0.654541,-0.654541,81.371954,3.71e-05,6.2
813,-1.228016,-1.228016,44.825655,-0.724399,-0.724399,79.741756,8.38e-06,4.1
577,-1.536597,-1.536599,32.536397,-1.593238,-1.593239,30.305966,3.80e-05,5.6
814,-1.227372,-1.227372,44.986784,-0.724265,-0.724265,79.950930,8.30e-06,4.7
584,-1.242293,-1.242295,43.979574,-0.659345,-0.659345,80.804720,3.70e-05,6.5
815,-1.227269,-1.227269,44.952159,-0.722566,-0.722566,80.032346,8.21e-06,4.1
578,-1.535814,-1.535825,32.789894,-1.625833,-1.625832,29.314218,3.79e-05,6.3
585,-1.246254,-1.246256,43.899124,-0.664722,-0.664722,80.852416,3.68e-05,5.3
816,-1.229566,-1.229566,44.915438,-0.718428,-0.718428,79.919818,8.12e-06,4.0
586,-1.245780,-1.245783,43.869671,-0.656388,-0.656388,80.784854,3.67e-05,5.2
579,-1.536499,-1.536500,32.678056,-1.565808,-1.565808,31.029842,3.77e-05,6.4
817,-1.229375,-1.229375,44.757304,-0.719469,-0.719469,79.871263,8.04e-06,4.0
818,-1.227943,-1.227943,45.007573,-0.727027,-0.727027,80.065601,7.95e-06,4.2
587,-1.247943,-1.247945,43.545315,-0.660129,-0.660129,80.463326,3.65e-05,5.8
580,-1.537884,-1.537886,32.508627,-1.572164,-1.572164,30.887491,3.76e-05,6.0
819,-1.227772,-1.227772,44.824404,-0.730224,-0.730224,80.212468,7.87e-06,3.8
588,-1.244978,-1.244980,43.831566,-0.635804,-0.635804,80.810191,3.64e-05,5.9
581,-1.538984,-1.538986,32.404309,-1.609202,-1.609202,29.855969,3.74e-05,5.8
820,-1.227710,-1.227710,44.991253,-0.728142,-0.728142,79.757766,7.78e-06,4.0
821,-1.229239,-1.229239,44.842060,-0.728321,-0.728321,80.065304,7.70e-06,4.0
589,-1.242703,-1.242707,44.064084,-0.658021,-0.658021,80.383943,3.62e-05,6.0
582,-1.537899,-1.537900,32.525186,-1.570630,-1.570630,30.653599,3.73e-05,5.6
822,-1.230489,-1.230489,44.761280,-0.721457,-0.721457,79.722250,7.62e-06,4.1
590,-1.250695,-1.250697,43.411245,-0.617241,-0.617241,80.630726,3.61e-05,5.9
583,-1.536676,-1.536678,32.619239,-1.590679,-1.590679,30.041510,3.71e-05,5.8
823,-1.229473,-1.229473,44.761934,-0.723577,-0.723577,80.213784,7.53e-06,4.1
591,-1.248111,-1.248115,43.505503,-0.648211,-0.648211,80.404680,3.59e-05,5.7
584,-1.536031,-1.536033,32.789848,-1.503104,-1.503104,31.823158,3.70e-05,5.7
824,-1.228847,-1.228847,44.846100,-0.724531,-0.724531,80.201872,7.45e-06,4.1
825,-1.231634,-1.231634,44.527686,-0.721382,-0.721382,79.907315,7.37e-06,4.1
592,-1.248141,-1.248144,43.781578,-0.660349,-0.660349,81.100208,3.57e-05,5.2
585,-1.536484,-1.536485,32.571491,-1.568699,-1.568699,30.487710,3.68e-05,6.0
826,-1.231128,-1.231128,44.730830,-0.725211,-0.725211,79.810331,7.29e-06,4.2
593,-1.246881,-1.246883,43.880554,-0.644548,-0.644548,81.308866,3.56e-05,6.2
586,-1.536379,-1.536380,32.629056,-1.598382,-1.598382,30.055385,3.67e-05,6.1
827,-1.227821,-1.227821,44.840119,-0.723594,-0.723594,80.000951,7.20e-06,4.0
828,-1.232304,-1.232304,44.440111,-0.727379,-0.727379,79.716128,7.12e-06,4.2
594,-1.251210,-1.251212,43.434012,-0.649406,-0.649406,80.753201,3.54e-05,5.8
587,-1.537876,-1.537877,32.498250,-1.638907,-1.638907,29.102607,3.65e-05,5.6
829,-1.228174,-1.228174,44.812833,-0.719858,-0.719858,79.762721,7.04e-06,4.0
595,-1.250958,-1.250960,43.299003,-0.635128,-0.635128,80.826388,3.53e-05,6.2
588,-1.537921,-1.537922,32.493464,-1.594399,-1.594399,30.518136,3.64e-05,5.7
830,-1.230315,-1.230315,44.552328,-0.723315,-0.723315,79.982555,6.96e-06,4.1
589,-1.540702,-1.540704,32.153041,-1.557576,-1.557576,30.939100,3.62e-05,5.6
831,-1.227005,-1.227005,44.999433,-0.731512,-0.731512,79.975646,6.88e-06,4.1
596,-1.252092,-1.252095,43.310728,-0.643984,-0.643984,80.737943,3.51e-05,5.9
832,-1.229881,-1.229881,44.815343,-0.722742,-0.722742,79.790327,6.80e-06,4.2
597,-1.246168,-1.246171,43.922287,-0.640166,-0.640166,80.528360,3.50e-05,5.8
590,-1.538322,-1.538324,32.344684,-1.599674,-1.599674,29.793361,3.61e-05,6.2
833,-1.231512,-1.231512,44.896673,-0.715879,-0.715879,80.238801,6.72e-06,4.1
591,-1.539236,-1.539237,32.357180,-1.588486,-1.588486,30.270936,3.59e-05,5.6
598,-1.251605,-1.251607,43.567669,-0.665405,-0.665405,80.957068,3.48e-05,5.9
834,-1.231240,-1.231240,44.663675,-0.721813,-0.721813,79.692793,6.65e-06,3.9
835,-1.231700,-1.231700,44.662512,-0.717526,-0.717526,80.245386,6.57e-06,4.2
592,-1.537794,-1.537796,32.611990,-1.556032,-1.556032,30.955820,3.57e-05,5.5
599,-1.250040,-1.250042,43.579033,-0.636479,-0.636479,80.224249,3.47e-05,6.1
836,-1.229110,-1.229110,44.802124,-0.717433,-0.717433,79.974547,6.49e-06,3.8
593,-1.539166,-1.539168,32.553348,-1.602442,-1.602442,29.772686,3.56e-05,5.8
600,-1.252446,-1.252448,43.318625,-0.619340,-0.619340,80.800614,3.45e-05,6.1
837,-1.229558,-1.229558,44.799422,-0.718412,-0.718412,79.972190,6.41e-06,4.2
838,-1.229790,-1.229790,44.848722,-0.712881,-0.712881,80.019159,6.34e-06,4.1
594,-1.538599,-1.538600,32.426325,-1.593935,-1.593935,29.922729,3.54e-05,5.7
601,-1.250857,-1.250860,43.409488,-0.641560,-0.641560,80.501787,3.44e-05,5.7
839,-1.231243,-1.231243,44.622056,-0.716110,-0.716110,80.405684,6.26e-06,3.9
595,-1.538338,-1.538340,32.446653,-1.544797,-1.544797,31.360059,3.53e-05,5.8
602,-1.250547,-1.250552,43.355151,-0.625825,-0.625825,80.619472,3.43e-05,6.0
840,-1.227597,-1.227597,45.047097,-0.718853,-0.718853,80.209830,6.18e-06,3.7
841,-1.228223,-1.228223,45.006263,-0.720253,-0.720253,79.727508,6.11e-06,4.2
596,-1.538615,-1.538617,32.490002,-1.574861,-1.574861,30.625363,3.51e-05,5.8
603,-1.251314,-1.251317,43.294565,-0.647474,-0.647474,80.870072,3.41e-05,5.8
842,-1.226175,-1.226175,45.279473,-0.719184,-0.719184,80.037550,6.03e-06,4.3
597,-1.537853,-1.537855,32.755219,-1.521028,-1.521028,31.532688,3.50e-05,5.6
604,-1.253339,-1.253342,43.305045,-0.658817,-0.658817,80.085739,3.40e-05,5.6
843,-1.228160,-1.228160,45.159828,-0.721204,-0.721204,79.966268,5.96e-06,4.1
598,-1.539438,-1.539439,32.492058,-1.541026,-1.541026,31.336156,3.48e-05,6.3
844,-1.230948,-1.230948,44.887263,-0.720228,-0.720228,80.074889,5.89e-06,4.2
605,-1.253710,-1.253712,43.211323,-0.639332,-0.639332,81.514603,3.38e-05,6.0
845,-1.227664,-1.227664,44.911172,-0.722280,-0.722280,80.117306,5.81e-06,4.3
599,-1.541019,-1.541020,32.153098,-1.610933,-1.610933,29.428992,3.47e-05,6.1
606,-1.252236,-1.252238,43.296352,-0.633681,-0.633681,80.763988,3.37e-05,5.8
846,-1.231210,-1.231210,44.759066,-0.708703,-0.708703,80.240693,5.74e-06,4.1
600,-1.539913,-1.539914,32.252288,-1.562097,-1.562097,30.885689,3.45e-05,6.4
847,-1.229581,-1.229581,44.809318,-0.710553,-0.710553,80.059629,5.67e-06,4.1
607,-1.251513,-1.251516,43.440652,-0.649607,-0.649607,81.243009,3.35e-05,6.4
848,-1.228311,-1.228311,44.998290,-0.717535,-0.717535,80.309533,5.59e-06,4.1
601,-1.542733,-1.542735,32.145058,-1.632908,-1.632908,29.194248,3.44e-05,5.6
608,-1.250596,-1.250598,43.479274,-0.625572,-0.625572,81.384383,3.34e-05,5.9
849,-1.229576,-1.229576,44.929276,-0.713116,-0.713116,80.473450,5.52e-06,4.0
602,-1.541710,-1.541711,32.250755,-1.599579,-1.599579,30.104821,3.43e-05,5.6
609,-1.254315,-1.254317,43.422511,-0.639972,-0.639972,80.509093,3.32e-05,5.4
850,-1.231013,-1.231013,44.538708,-0.710362,-0.710362,80.041262,5.45e-06,4.0
603,-1.538749,-1.538750,32.440549,-1.627798,-1.627797,29.246053,3.41e-05,5.9
851,-1.231468,-1.231468,44.703044,-0.712566,-0.712566,79.988187,5.38e-06,4.3
610,-1.253543,-1.253545,43.335894,-0.627337,-0.627337,81.500047,3.31e-05,5.2
852,-1.232334,-1.232334,44.637275,-0.718362,-0.718362,80.258793,5.31e-06,4.3
611,-1.253619,-1.253622,43.197792,-0.637463,-0.637463,80.725699,3.29e-05,5.7
604,-1.542085,-1.542086,32.318439,-1.637524,-1.637524,28.938523,3.40e-05,6.2
853,-1.228567,-1.228567,44.948680,-0.721858,-0.721858,79.994928,5.24e-06,4.0
612,-1.250953,-1.250956,43.396952,-0.657806,-0.657806,81.186721,3.28e-05,5.6
605,-1.539471,-1.539472,32.276706,-1.592450,-1.592450,30.071248,3.38e-05,5.9
854,-1.231613,-1.231613,44.531565,-0.712131,-0.712131,79.915300,5.17e-06,3.9
855,-1.231123,-1.231123,44.740918,-0.712223,-0.712223,80.058024,5.10e-06,3.9
613,-1.250778,-1.250780,43.220922,-0.641695,-0.641695,80.839385,3.26e-05,6.0
606,-1.542687,-1.542689,32.136227,-1.592196,-1.592196,30.301526,3.37e-05,5.8
856,-1.228969,-1.228969,44.822721,-0.716289,-0.716289,80.146385,5.03e-06,3.8
614,-1.254083,-1.254085,43.358179,-0.641110,-0.641110,80.760116,3.25e-05,6.1
607,-1.544804,-1.544806,31.927580,-1.588625,-1.588625,30.298591,3.35e-05,6.0
857,-1.232375,-1.232375,44.558028,-0.717060,-0.717060,79.897742,4.96e-06,4.3
858,-1.229483,-1.229483,44.801659,-0.714161,-0.714161,80.276177,4.89e-06,4.1
615,-1.254761,-1.254763,43.189483,-0.633719,-0.633720,80.888538,3.23e-05,5.7
608,-1.541632,-1.541634,32.177437,-1.589067,-1.589067,30.168282,3.34e-05,6.4
859,-1.230909,-1.230909,44.723446,-0.721123,-0.721123,80.361051,4.83e-06,4.1
616,-1.254864,-1.254871,43.375019,-0.626852,-0.626852,80.495745,3.22e-05,5.8
609,-1.544311,-1.544312,31.917586,-1.510842,-1.510842,31.794018,3.32e-05,5.9
860,-1.228474,-1.228474,44.876251,-0.716935,-0.716935,80.318440,4.76e-06,4.0
861,-1.230379,-1.230379,44.685498,-0.725599,-0.725599,80.088155,4.69e-06,4.5
617,-1.251636,-1.251639,43.502381,-0.637946,-0.637946,80.834481,3.20e-05,5.9
610,-1.544187,-1.544189,31.919393,-1.597211,-1.597211,29.973207,3.31e-05,5.8
862,-1.232328,-1.232328,44.486487,-0.711691,-0.711691,80.119659,4.63e-06,4.0
618,-1.256562,-1.256564,43.044390,-0.645514,-0.645514,80.478972,3.19e-05,5.8
611,-1.543150,-1.543151,31.978463,-1.572617,-1.572617,30.892159,3.29e-05,6.0
863,-1.228923,-1.228923,44.952011,-0.720780,-0.720780,80.025508,4.56e-06,4.1
619,-1.255249,-1.255251,43.033210,-0.660543,-0.660543,80.938326,3.17e-05,5.8
864,-1.233201,-1.233201,44.594025,-0.717489,-0.717489,80.094387,4.49e-06,4.3
612,-1.543309,-1.543311,32.187791,-1.564994,-1.564994,30.772090,3.28e-05,5.7
865,-1.231195,-1.231195,44.696835,-0.712849,-0.712849,80.044052,4.43e-06,4.1
620,-1.253157,-1.253159,43.334352,-0.667889,-0.667890,80.808151,3.16e-05,6.1
613,-1.545625,-1.545627,32.005197,-1.595752,-1.595752,29.825258,3.26e-05,6.9
866,-1.231821,-1.231821,44.592883,-0.711094,-0.711094,79.878217,4.37e-06,4.0
621,-1.256107,-1.256109,42.932313,-0.653554,-0.653554,81.045768,3.14e-05,5.2
867,-1.228917,-1.228917,44.754214,-0.718267,-0.718267,80.072753,4.30e-06,4.0
614,-1.545572,-1.545573,31.775751,-1.579477,-1.579477,30.416032,3.25e-05,6.2
622,-1.252989,-1.252992,43.433637,-0.650154,-0.650154,80.912783,3.13e-05,5.4
868,-1.231786,-1.231786,44.635747,-0.713923,-0.713923,80.333075,4.24e-06,4.2
615,-1.545838,-1.545839,32.000611,-1.573427,-1.573427,30.684570,3.23e-05,5.8
869,-1.232751,-1.232751,44.510791,-0.720303,-0.720303,79.971815,4.17e-06,4.1
623,-1.255388,-1.255391,43.182449,-0.649529,-0.649529,80.521703,3.12e-05,5.8
870,-1.232464,-1.232464,44.677768,-0.717740,-0.717740,79.867312,4.11e-06,4.1
616,-1.545744,-1.545746,31.890964,-1.592546,-1.592546,30.013026,3.22e-05,5.6
624,-1.254860,-1.254863,43.129698,-0.626588,-0.626588,81.146109,3.10e-05,6.0
871,-1.228804,-1.228804,45.028616,-0.720260,-0.720260,79.881475,4.05e-06,4.6
617,-1.547308,-1.547310,31.956815,-1.556271,-1.556271,30.886438,3.20e-05,6.6
872,-1.232179,-1.232179,44.533831,-0.713410,-0.713410,80.101962,3.99e-06,4.2
625,-1.255252,-1.255255,43.205364,-0.629389,-0.629389,80.825355,3.09e-05,5.4
618,-1.543996,-1.543997,32.022138,-1.535667,-1.535667,31.585109,3.19e-05,6.0
873,-1.228572,-1.228572,44.815111,-0.715674,-0.715674,80.170706,3.93e-06,4.1
626,-1.255864,-1.255866,43.131163,-0.627214,-0.627214,80.992010,3.07e-05,6.1
874,-1.230296,-1.230296,44.995654,-0.720103,-0.720103,79.947901,3.87e-06,4.0
619,-1.547855,-1.547856,31.703816,-1.548811,-1.548811,31.093756,3.17e-05,6.3
875,-1.230641,-1.230641,44.736798,-0.708032,-0.708032,80.277738,3.81e-06,3.9
627,-1.253818,-1.253820,43.332427,-0.616884,-0.616884,81.314719,3.06e-05,6.3
620,-1.547244,-1.547246,31.717279,-1.603744,-1.603744,29.738134,3.16e-05,5.8
876,-1.234676,-1.234676,44.391037,-0.713586,-0.713586,80.038031,3.75e-06,4.1
628,-1.259876,-1.259878,42.778514,-0.663639,-0.663639,81.109854,3.04e-05,6.1
877,-1.228274,-1.228274,45.270267,-0.712084,-0.712084,80.024831,3.69e-06,4.2
621,-1.546582,-1.546584,31.904753,-1.583631,-1.583631,30.471709,3.14e-05,6.3
629,-1.261166,-1.261169,42.643124,-0.631818,-0.631818,81.150201,3.03e-05,5.6
878,-1.233599,-1.233599,44.338642,-0.719052,-0.719052,80.102931,3.63e-06,4.2
622,-1.547619,-1.547623,31.923687,-1.583726,-1.583726,30.275779,3.13e-05,5.7
879,-1.233813,-1.233813,44.372149,-0.714728,-0.714728,80.071761,3.57e-06,4.1
630,-1.255735,-1.255738,43.208507,-0.658746,-0.658746,81.641228,3.01e-05,6.5
880,-1.233046,-1.233046,44.629691,-0.705687,-0.705687,80.123108,3.51e-06,4.1
623,-1.547015,-1.547017,31.752854,-1.607757,-1.607757,30.113424,3.12e-05,6.3
631,-1.257600,-1.257602,43.070631,-0.628212,-0.628212,81.039524,3.00e-05,5.9
881,-1.231023,-1.231023,44.565219,-0.717939,-0.717939,80.174686,3.45e-06,4.1
624,-1.545921,-1.545922,31.930966,-1.541868,-1.541868,31.389423,3.10e-05,6.3
882,-1.230512,-1.230512,44.723031,-0.718790,-0.718790,79.983128,3.40e-06,4.7
632,-1.261467,-1.261471,42.781311,-0.647138,-0.647138,81.667818,2.99e-05,5.6
883,-1.230649,-1.230649,44.708858,-0.721099,-0.721099,80.052940,3.34e-06,4.0
625,-1.547217,-1.547218,31.912582,-1.596607,-1.596607,29.600278,3.09e-05,6.0
633,-1.260850,-1.260851,42.855587,-0.653441,-0.653441,81.406615,2.97e-05,5.7
884,-1.230844,-1.230844,44.687203,-0.719827,-0.719827,80.048669,3.28e-06,4.1
626,-1.549760,-1.549761,31.838706,-1.576220,-1.576220,30.476397,3.07e-05,6.2
634,-1.261167,-1.261169,42.695267,-0.646012,-0.646012,81.471435,2.96e-05,5.4
885,-1.232286,-1.232286,44.429077,-0.714436,-0.714436,79.974267,3.23e-06,4.4
627,-1.549039,-1.549040,31.688775,-1.520816,-1.520816,31.673537,3.06e-05,5.5
886,-1.233407,-1.233407,44.473975,-0.712980,-0.712980,80.145315,3.17e-06,4.4
635,-1.258006,-1.258007,42.942155,-0.642135,-0.642135,81.084965,2.94e-05,6.0
887,-1.231711,-1.231711,44.432906,-0.716873,-0.716873,79.975785,3.12e-06,4.4
628,-1.548735,-1.548736,31.575931,-1.588815,-1.588815,30.069754,3.04e-05,6.0
636,-1.260130,-1.260133,42.856778,-0.650441,-0.650441,81.744592,2.93e-05,6.0
888,-1.232305,-1.232305,44.700768,-0.720594,-0.720594,79.942216,3.06e-06,3.8
629,-1.550297,-1.550298,31.555094,-1.534692,-1.534691,31.308580,3.03e-05,5.7
889,-1.233862,-1.233862,44.537895,-0.712608,-0.712608,80.108751,3.01e-06,4.0
637,-1.257210,-1.257212,43.082392,-0.655231,-0.655231,81.174976,2.91e-05,5.9
890,-1.231084,-1.231084,44.776443,-0.708698,-0.708698,80.077346,2.96e-06,4.1
630,-1.551649,-1.551650,31.432923,-1.559056,-1.559056,30.795921,3.01e-05,5.6
638,-1.259977,-1.259978,42.653547,-0.636183,-0.636183,81.119812,2.90e-05,6.0
891,-1.230799,-1.230799,44.677829,-0.714229,-0.714229,80.045426,2.90e-06,4.1
631,-1.550403,-1.550405,31.597015,-1.620491,-1.620491,29.367678,3.00e-05,6.2
892,-1.231672,-1.231672,44.635607,-0.718198,-0.718198,80.028838,2.85e-06,4.1
639,-1.262068,-1.262070,42.812512,-0.638000,-0.638000,81.171961,2.89e-05,5.9
893,-1.230374,-1.230374,44.707880,-0.712277,-0.712277,79.951156,2.80e-06,3.7
632,-1.549220,-1.549221,31.655410,-1.592265,-1.592265,29.786167,2.99e-05,5.7
640,-1.261212,-1.261214,42.770454,-0.634090,-0.634090,81.148806,2.87e-05,6.0
894,-1.232297,-1.232297,44.563929,-0.718325,-0.718325,80.072259,2.75e-06,4.0
633,-1.548165,-1.548166,31.947758,-1.612257,-1.612257,29.666799,2.97e-05,5.5
895,-1.233815,-1.233815,44.484241,-0.714460,-0.714460,79.967945,2.70e-06,4.1
641,-1.260570,-1.260572,42.713454,-0.621714,-0.621714,81.492262,2.86e-05,6.2
634,-1.550827,-1.550828,31.704029,-1.587771,-1.587771,29.815931,2.96e-05,5.6
896,-1.232579,-1.232579,44.671281,-0.712401,-0.712401,80.026698,2.65e-06,4.5
642,-1.261203,-1.261205,42.919522,-0.633484,-0.633484,80.510476,2.84e-05,5.9
897,-1.230347,-1.230347,44.956536,-0.714550,-0.714550,80.017672,2.59e-06,4.2
635,-1.547947,-1.547948,31.694703,-1.601474,-1.601474,29.744415,2.94e-05,5.7
643,-1.261417,-1.261419,42.841707,-0.634635,-0.634635,80.857684,2.83e-05,6.0
898,-1.233814,-1.233814,44.474724,-0.718607,-0.718607,80.217987,2.55e-06,4.0
636,-1.551337,-1.551338,31.457559,-1.563189,-1.563189,30.870883,2.93e-05,6.5
899,-1.231397,-1.231397,44.557874,-0.715854,-0.715854,79.929390,2.50e-06,4.7
644,-1.261633,-1.261634,42.841482,-0.632933,-0.632933,81.799192,2.81e-05,6.1
900,-1.232534,-1.232534,44.578621,-0.717782,-0.717782,80.268413,2.45e-06,4.2
637,-1.552949,-1.552950,31.399188,-1.609158,-1.609157,29.797669,2.91e-05,6.0
645,-1.264331,-1.264333,42.667181,-0.627211,-0.627211,81.472749,2.80e-05,5.7
901,-1.237196,-1.237196,44.046062,-0.711429,-0.711429,80.097674,2.40e-06,4.2
638,-1.552222,-1.552223,31.400892,-1.603531,-1.603531,29.924668,2.90e-05,5.6
646,-1.264967,-1.264968,42.468452,-0.643531,-0.643531,80.894768,2.79e-05,5.6
902,-1.230467,-1.230467,44.912715,-0.713348,-0.713348,80.188104,2.35e-06,3.9
639,-1.549769,-1.549771,31.575330,-1.589827,-1.589827,29.959011,2.89e-05,5.7
903,-1.233498,-1.233498,44.464929,-0.715525,-0.715525,80.005966,2.30e-06,4.2
647,-1.262115,-1.262117,42.924770,-0.637344,-0.637344,80.649508,2.77e-05,5.9
904,-1.233216,-1.233216,44.419555,-0.711588,-0.711588,80.167268,2.26e-06,4.1
640,-1.551478,-1.551479,31.624068,-1.575668,-1.575668,30.608472,2.87e-05,5.8
648,-1.259424,-1.259426,42.993879,-0.620018,-0.620018,81.617087,2.76e-05,5.9
905,-1.233800,-1.233800,44.591827,-0.715598,-0.715598,80.173252,2.21e-06,4.2
641,-1.553472,-1.553473,31.381142,-1.600187,-1.600187,29.936826,2.86e-05,6.1
906,-1.230960,-1.230960,44.761356,-0.713325,-0.713325,80.122466,2.16e-06,3.8
649,-1.262064,-1.262067,42.568243,-0.633660,-0.633660,80.757521,2.74e-05,5.5
907,-1.232977,-1.232977,44.629557,-0.720243,-0.720243,79.905041,2.12e-06,4.1
642,-1.554543,-1.554544,31.200899,-1.581631,-1.581631,30.050922,2.84e-05,5.8
650,-1.262847,-1.262848,42.523800,-0.631954,-0.631954,81.022361,2.73e-05,5.8
908,-1.232059,-1.232059,44.607711,-0.712642,-0.712642,80.036995,2.07e-06,4.2
643,-1.553590,-1.553591,31.400733,-1.593389,-1.593389,29.944896,2.83e-05,6.4
909,-1.230239,-1.230239,44.910629,-0.712333,-0.712333,80.199790,2.03e-06,3.9
651,-1.263017,-1.263019,42.629059,-0.628899,-0.628899,80.788966,2.72e-05,5.8
910,-1.231234,-1.231234,44.592519,-0.715389,-0.715389,79.963073,1.99e-06,4.0
644,-1.554003,-1.554004,31.295007,-1.539236,-1.539236,31.167323,2.81e-05,5.6
652,-1.263791,-1.263856,42.453197,-0.659716,-0.659716,80.959859,2.70e-05,6.2
911,-1.235148,-1.235148,44.294092,-0.712847,-0.712847,79.974053,1.94e-06,4.2
645,-1.549745,-1.549747,31.609747,-1.573144,-1.573144,30.367869,2.80e-05,5.9
912,-1.232437,-1.232437,44.385115,-0.711623,-0.711623,80.156124,1.90e-06,4.2
653,-1.264680,-1.264685,42.592987,-0.619733,-0.619733,81.356067,2.69e-05,5.9
913,-1.232070,-1.232070,44.660241,-0.711866,-0.711866,80.051987,1.86e-06,4.2
646,-1.553975,-1.553976,31.414080,-1.586110,-1.586110,30.028468,2.79e-05,6.0
654,-1.263046,-1.263048,42.593677,-0.631206,-0.631206,80.725466,2.67e-05,5.3
914,-1.235825,-1.235825,44.243615,-0.708058,-0.708058,80.149451,1.81e-06,3.8
655,-1.262603,-1.262605,42.575321,-0.636988,-0.636988,81.251165,2.66e-05,5.5
647,-1.555079,-1.555081,31.206524,-1.603173,-1.603173,29.694370,2.77e-05,6.6
915,-1.233061,-1.233061,44.665351,-0.713374,-0.713374,80.066661,1.77e-06,4.1
916,-1.231331,-1.231331,44.795947,-0.714468,-0.714468,80.087691,1.73e-06,4.0
656,-1.267066,-1.267067,42.493004,-0.635879,-0.635879,80.969245,2.65e-05,5.8
648,-1.556786,-1.556787,31.197611,-1.586330,-1.586330,30.260075,2.76e-05,5.9
917,-1.232903,-1.232903,44.541251,-0.712265,-0.712265,79.978883,1.69e-06,4.0
649,-1.553440,-1.553441,31.433619,-1.560069,-1.560069,30.628319,2.74e-05,5.8
657,-1.267752,-1.267754,42.294146,-0.634115,-0.634115,81.049581,2.63e-05,6.0
918,-1.231034,-1.231034,44.753440,-0.721935,-0.721935,79.864251,1.65e-06,4.2
658,-1.265314,-1.265317,42.498794,-0.641657,-0.641657,81.130482,2.62e-05,5.5
919,-1.233841,-1.233841,44.384303,-0.719872,-0.719872,79.939443,1.61e-06,4.0
650,-1.553309,-1.553310,31.520916,-1.583410,-1.583410,30.119127,2.73e-05,5.9
920,-1.234982,-1.234982,44.369982,-0.716535,-0.716535,79.894971,1.57e-06,3.8
651,-1.556109,-1.556110,31.286436,-1.602060,-1.602060,29.688407,2.72e-05,5.7
659,-1.265191,-1.265192,42.440961,-0.604457,-0.604457,81.647860,2.61e-05,6.3
921,-1.234594,-1.234594,44.442786,-0.712361,-0.712361,79.940512,1.53e-06,4.2
660,-1.267327,-1.267328,42.354499,-0.670827,-0.670827,81.458444,2.59e-05,5.6
652,-1.555587,-1.555588,31.101823,-1.595163,-1.595163,29.845508,2.70e-05,5.9
922,-1.231281,-1.231281,44.724521,-0.714419,-0.714419,80.079751,1.49e-06,4.8
923,-1.234428,-1.234428,44.234303,-0.714292,-0.714292,80.031213,1.46e-06,4.2
661,-1.262907,-1.262909,42.939027,-0.647535,-0.647535,81.458718,2.58e-05,6.0
653,-1.554875,-1.554878,31.239812,-1.569844,-1.569844,30.492104,2.69e-05,6.0
924,-1.232713,-1.232713,44.409109,-0.712912,-0.712912,80.020996,1.42e-06,4.4
662,-1.265315,-1.265317,42.523321,-0.645750,-0.645750,80.877600,2.56e-05,5.8
654,-1.553750,-1.553751,31.158965,-1.627192,-1.627192,29.269288,2.67e-05,6.3
925,-1.234064,-1.234064,44.457182,-0.712250,-0.712250,80.021818,1.38e-06,4.6
663,-1.264877,-1.264878,42.388484,-0.626198,-0.626198,80.681129,2.55e-05,5.6
655,-1.556809,-1.556809,31.003962,-1.583547,-1.583547,30.233921,2.66e-05,5.8
926,-1.232246,-1.232246,44.445030,-0.712146,-0.712146,79.975699,1.35e-06,4.2
927,-1.232373,-1.232373,44.515279,-0.709506,-0.709506,79.928913,1.31e-06,4.0
664,-1.267559,-1.267561,42.310581,-0.616957,-0.616957,81.477098,2.54e-05,5.3
656,-1.553323,-1.553324,31.540662,-1.579989,-1.579989,30.257916,2.65e-05,5.7
928,-1.234666,-1.234666,44.468538,-0.712022,-0.712022,80.095711,1.27e-06,4.1
665,-1.266258,-1.266260,42.516341,-0.626071,-0.626071,80.901203,2.52e-05,6.3
657,-1.555595,-1.555596,31.074935,-1.610749,-1.610749,29.832657,2.63e-05,5.7
929,-1.230727,-1.230727,44.787490,-0.710471,-0.710471,79.987374,1.24e-06,3.9
930,-1.231492,-1.231492,44.664790,-0.713617,-0.713617,79.938655,1.20e-06,4.0
666,-1.263871,-1.263877,42.594506,-0.634736,-0.634736,81.005057,2.51e-05,5.6
658,-1.553990,-1.553991,31.213355,-1.580026,-1.580026,30.262376,2.62e-05,5.8
931,-1.236217,-1.236217,44.215938,-0.709831,-0.709831,79.939851,1.17e-06,4.0
667,-1.265160,-1.265162,42.479063,-0.612158,-0.612158,80.982923,2.50e-05,6.2
659,-1.554693,-1.554694,31.249036,-1.586464,-1.586464,30.183912,2.61e-05,6.5
932,-1.232852,-1.232852,44.535044,-0.710578,-0.710578,80.043411,1.14e-06,4.3
668,-1.267512,-1.267513,42.446673,-0.628556,-0.628556,80.856263,2.48e-05,5.6
933,-1.233079,-1.233079,44.517517,-0.712784,-0.712784,79.886520,1.10e-06,4.3
660,-1.556911,-1.556912,31.163557,-1.558969,-1.558969,30.940874,2.59e-05,5.6
934,-1.232408,-1.232408,44.546945,-0.712924,-0.712924,80.011166,1.07e-06,4.1
669,-1.266318,-1.266320,42.437346,-0.627239,-0.627239,81.215851,2.47e-05,6.1
661,-1.555877,-1.555878,31.203114,-1.572980,-1.572980,30.635080,2.58e-05,6.1
935,-1.235907,-1.235907,44.144127,-0.710475,-0.710475,79.936785,1.04e-06,3.9
670,-1.266240,-1.266242,42.498684,-0.609324,-0.609324,81.068131,2.45e-05,6.3
936,-1.236016,-1.236016,44.347604,-0.710277,-0.710277,79.963668,1.01e-06,4.0
662,-1.556463,-1.556464,31.186403,-1.538296,-1.538296,31.384887,2.56e-05,6.0
937,-1.233108,-1.233108,44.465830,-0.711230,-0.711230,79.992569,9.76e-07,4.1
671,-1.265710,-1.265712,42.503611,-0.617372,-0.617372,80.994453,2.44e-05,5.4
663,-1.558126,-1.558127,30.943271,-1.579256,-1.579256,30.190273,2.55e-05,5.9
938,-1.235281,-1.235281,44.549371,-0.710585,-0.710585,80.065596,9.45e-07,4.6
672,-1.265613,-1.265615,42.481653,-0.620186,-0.620186,81.050423,2.43e-05,5.9
664,-1.558741,-1.558742,31.010460,-1.561496,-1.561496,30.611352,2.54e-05,5.8
939,-1.237054,-1.237054,44.187438,-0.713759,-0.713759,80.042789,9.15e-07,4.0
940,-1.230648,-1.230648,44.714749,-0.713496,-0.713496,80.020230,8.86e-07,4.5
673,-1.266166,-1.266168,42.589843,-0.642049,-0.642049,81.413668,2.41e-05,6.2
665,-1.555578,-1.555579,31.273907,-1.572413,-1.572413,30.577739,2.52e-05,5.5
941,-1.230613,-1.230613,44.749054,-0.711935,-0.711935,79.996861,8.56e-07,4.3
674,-1.266638,-1.266639,42.507671,-0.643204,-0.643204,81.139251,2.40e-05,5.9
666,-1.557862,-1.557863,31.073666,-1.594218,-1.594218,29.882883,2.51e-05,5.9
942,-1.233015,-1.233015,44.419686,-0.714812,-0.714812,80.037724,8.28e-07,3.9
675,-1.270211,-1.270213,42.127625,-0.654004,-0.654004,80.954210,2.39e-05,5.9
943,-1.236640,-1.236640,44.078368,-0.711991,-0.711991,79.974042,8.00e-07,4.2
667,-1.558703,-1.558704,30.985435,-1.552777,-1.552777,30.824828,2.50e-05,6.6
944,-1.233474,-1.233474,44.493740,-0.711068,-0.711068,80.058864,7.72e-07,4.1
676,-1.265808,-1.265810,42.395296,-0.633738,-0.633738,81.650718,2.37e-05,5.7
668,-1.558992,-1.558994,30.887894,-1.606978,-1.606978,29.677607,2.48e-05,5.6
945,-1.232963,-1.232963,44.569172,-0.710569,-0.710569,80.000695,7.45e-07,3.8
677,-1.268487,-1.268489,42.381565,-0.629900,-0.629900,81.353696,2.36e-05,6.0
669,-1.557803,-1.557805,31.140975,-1.604466,-1.604466,29.762521,2.47e-05,5.7
946,-1.236566,-1.236566,44.262469,-0.710864,-0.710864,80.026006,7.18e-07,4.3
947,-1.232415,-1.232415,44.535734,-0.708937,-0.708937,80.082222,6.91e-07,4.3
678,-1.271806,-1.271808,41.909231,-0.612147,-0.612147,81.117725,2.35e-05,5.3
670,-1.559022,-1.559023,30.908446,-1.597566,-1.597566,29.803160,2.45e-05,5.8
948,-1.233053,-1.233053,44.709320,-0.710380,-0.710380,80.052808,6.66e-07,4.2
679,-1.267866,-1.267868,42.450018,-0.586193,-0.586193,81.056656,2.33e-05,5.9
671,-1.559273,-1.559274,30.990267,-1.602347,-1.602347,29.840608,2.44e-05,5.8
949,-1.231900,-1.231900,44.637984,-0.712240,-0.712240,80.051495,6.40e-07,4.4
680,-1.268405,-1.268406,42.123030,-0.585051,-0.585051,80.875468,2.32e-05,5.2
950,-1.232060,-1.232060,44.420248,-0.712383,-0.712383,79.978200,6.16e-07,4.1
672,-1.556387,-1.556388,31.205649,-1.589449,-1.589449,30.009763,2.43e-05,5.9
951,-1.233536,-1.233536,44.463494,-0.713816,-0.713816,80.003395,5.91e-07,3.7
681,-1.269475,-1.269477,42.401300,-0.627017,-0.627017,81.295221,2.31e-05,6.0
673,-1.557042,-1.557042,31.261933,-1.613813,-1.613813,29.476325,2.41e-05,6.1
952,-1.231767,-1.231767,44.455417,-0.711590,-0.711590,80.039544,5.67e-07,4.0
682,-1.269711,-1.269712,42.208268,-0.597866,-0.597866,81.314523,2.29e-05,6.1
953,-1.235073,-1.235073,44.199264,-0.710296,-0.710296,80.003594,5.44e-07,4.2
674,-1.558390,-1.558390,30.993659,-1.616906,-1.616906,29.338942,2.40e-05,5.6
954,-1.231253,-1.231253,44.681838,-0.712649,-0.712649,80.033261,5.21e-07,4.2
683,-1.270266,-1.270267,42.025740,-0.614796,-0.614796,81.125618,2.28e-05,6.0
675,-1.561372,-1.561373,30.658376,-1.607845,-1.607844,29.829168,2.39e-05,5.9
955,-1.236268,-1.236268,44.174405,-0.714066,-0.714066,79.947151,4.99e-07,4.0
684,-1.268886,-1.268887,42.223499,-0.625770,-0.625770,81.080385,2.27e-05,5.7
676,-1.561694,-1.561694,30.827893,-1.648844,-1.648844,28.739488,2.37e-05,6.0
956,-1.233488,-1.233488,44.434855,-0.713479,-0.713479,79.973616,4.77e-07,4.6
685,-1.264793,-1.264795,42.335832,-0.622659,-0.622659,80.967197,2.25e-05,6.0
957,-1.232771,-1.232771,44.639764,-0.711673,-0.711673,80.055804,4.56e-07,4.0
677,-1.557554,-1.557554,31.104918,-1.579975,-1.579976,30.313245,2.36e-05,5.7
958,-1.235430,-1.235430,44.340720,-0.712464,-0.712464,79.958045,4.35e-07,4.0
686,-1.272630,-1.272632,41.809265,-0.635519,-0.635519,81.148404,2.24e-05,5.4
678,-1.560059,-1.560059,30.893605,-1.555230,-1.555230,30.799663,2.35e-05,5.9
959,-1.234640,-1.234640,44.292908,-0.713577,-0.713577,79.996161,4.14e-07,4.1
687,-1.273059,-1.273061,41.893785,-0.629358,-0.629358,81.242590,2.23e-05,5.7
960,-1.232951,-1.232951,44.623905,-0.714354,-0.714354,79.961360,3.94e-07,4.0
679,-1.558694,-1.558695,31.112194,-1.536880,-1.536880,31.267602,2.33e-05,6.4
688,-1.272954,-1.272956,41.928696,-0.611948,-0.611948,81.113718,2.22e-05,5.7
961,-1.230929,-1.230929,44.754644,-0.711048,-0.711048,79.990430,3.75e-07,4.3
680,-1.559390,-1.559391,30.754838,-1.556582,-1.556582,31.100761,2.32e-05,6.1
962,-1.234971,-1.234971,44.328839,-0.712115,-0.712115,80.002432,3.56e-07,4.3
689,-1.269192,-1.269193,42.284741,-0.622394,-0.622395,81.493363,2.20e-05,6.1
963,-1.233820,-1.233820,44.567896,-0.712480,-0.712480,79.990455,3.37e-07,4.1
681,-1.561181,-1.561182,30.766991,-1.607963,-1.607963,29.551881,2.31e-05,5.7
690,-1.271766,-1.271768,41.908966,-0.626869,-0.626869,80.600010,2.19e-05,6.2
964,-1.234667,-1.234667,44.477777,-0.711338,-0.711338,79.989034,3.19e-07,4.1
682,-1.560758,-1.560759,30.821794,-1.596553,-1.596553,29.918726,2.29e-05,6.3
965,-1.234074,-1.234074,44.543159,-0.711522,-0.711522,80.028472,3.02e-07,4.2
691,-1.271308,-1.271316,42.125615,-0.617878,-0.617878,80.866468,2.18e-05,5.8
966,-1.233485,-1.233485,44.721808,-0.712003,-0.712003,80.021047,2.85e-07,4.3
683,-1.559657,-1.559658,30.923164,-1.547729,-1.547729,31.087256,2.28e-05,6.1
692,-1.272556,-1.272558,41.991003,-0.607970,-0.607970,81.045256,2.16e-05,5.7
967,-1.238419,-1.238419,44.177706,-0.711673,-0.711673,79.985025,2.68e-07,3.8
684,-1.562146,-1.562147,30.698979,-1.530045,-1.530045,31.270850,2.27e-05,6.1
968,-1.235547,-1.235547,44.404742,-0.712170,-0.712170,80.011931,2.52e-07,4.0
693,-1.273358,-1.273360,41.969732,-0.609684,-0.609684,81.025339,2.15e-05,5.7
685,-1.561549,-1.561550,30.709334,-1.579644,-1.579644,29.946469,2.25e-05,5.6
969,-1.231856,-1.231856,44.469799,-0.712745,-0.712745,80.033530,2.37e-07,4.0
694,-1.274817,-1.274819,41.645050,-0.625972,-0.625972,81.191516,2.14e-05,5.5
970,-1.232949,-1.232949,44.481111,-0.713477,-0.713477,80.016476,2.22e-07,4.3
686,-1.562194,-1.562195,30.768517,-1.568942,-1.568942,30.471915,2.24e-05,5.5
695,-1.273790,-1.273792,41.981132,-0.609208,-0.609208,80.943581,2.12e-05,5.5
971,-1.232189,-1.232189,44.927478,-0.713924,-0.713924,80.012580,2.07e-07,4.2
687,-1.564186,-1.564187,30.560928,-1.569879,-1.569879,30.404332,2.23e-05,6.0
972,-1.233430,-1.233430,44.592295,-0.712928,-0.712928,80.052111,1.93e-07,4.4
696,-1.271155,-1.271157,42.201565,-0.627785,-0.627785,80.873506,2.11e-05,5.3
688,-1.561176,-1.561177,30.757907,-1.588948,-1.588947,30.341682,2.22e-05,5.6
973,-1.234735,-1.234735,44.333529,-0.712669,-0.712669,80.012148,1.80e-07,4.2
697,-1.273890,-1.273892,42.003121,-0.609243,-0.609243,80.908813,2.10e-05,6.0
974,-1.231429,-1.231429,44.748961,-0.712662,-0.712662,80.031084,1.67e-07,4.3
689,-1.562745,-1.562746,30.696292,-1.579788,-1.579788,30.274159,2.20e-05,5.8
698,-1.272721,-1.272724,42.000641,-0.602632,-0.602632,81.481592,2.09e-05,5.7
975,-1.234509,-1.234509,44.492840,-0.712841,-0.712841,80.015796,1.54e-07,4.2
690,-1.561855,-1.561856,30.808566,-1.600797,-1.600797,29.716067,2.19e-05,6.1
976,-1.232698,-1.232698,44.569037,-0.712998,-0.712998,80.016662,1.42e-07,4.1
699,-1.274138,-1.274140,41.972606,-0.621615,-0.621615,81.243699,2.07e-05,5.3
977,-1.233631,-1.233631,44.559392,-0.712441,-0.712441,80.021956,1.30e-07,4.0
691,-1.563085,-1.563085,30.682563,-1.579675,-1.579675,30.160621,2.18e-05,6.4
700,-1.272934,-1.272936,41.950066,-0.621827,-0.621827,81.396898,2.06e-05,5.9
978,-1.235817,-1.235817,44.493164,-0.711905,-0.711905,80.033765,1.19e-07,4.4
692,-1.563042,-1.563043,30.665923,-1.529929,-1.529929,31.235115,2.16e-05,5.7
701,-1.274452,-1.274454,41.881219,-0.610521,-0.610521,81.194061,2.05e-05,5.4
979,-1.230805,-1.230805,44.643363,-0.712040,-0.712040,80.032424,1.09e-07,4.0
980,-1.232282,-1.232282,44.625528,-0.712604,-0.712604,80.011694,9.87e-08,4.4
702,-1.276347,-1.276349,41.722448,-0.615425,-0.615425,81.217027,2.04e-05,5.5
693,-1.564307,-1.564308,30.632732,-1.585259,-1.585259,29.953704,2.15e-05,6.0
981,-1.233784,-1.233784,44.541784,-0.712719,-0.712719,80.014713,8.90e-08,4.0
703,-1.274283,-1.274285,41.649851,-0.633891,-0.633891,81.479961,2.02e-05,5.6
694,-1.566815,-1.566815,30.326457,-1.602306,-1.602306,29.583224,2.14e-05,5.8
982,-1.233807,-1.233807,44.614607,-0.712356,-0.712356,80.027138,7.99e-08,4.0
704,-1.272162,-1.272163,42.062388,-0.607536,-0.607536,81.106183,2.01e-05,5.2
983,-1.233886,-1.233886,44.568208,-0.712730,-0.712730,80.014406,7.13e-08,4.1
695,-1.561176,-1.561177,30.782263,-1.536333,-1.536333,30.861629,2.12e-05,5.9
984,-1.230599,-1.230599,44.814823,-0.712407,-0.712407,80.029903,6.32e-08,4.4
705,-1.273896,-1.273899,42.013091,-0.633248,-0.633248,81.227723,2.00e-05,5.9
696,-1.562838,-1.562838,30.888717,-1.589241,-1.589241,29.916411,2.11e-05,5.9
985,-1.234978,-1.234978,44.431425,-0.712105,-0.712105,80.016692,5.55e-08,3.8
706,-1.268905,-1.268907,42.479137,-0.624327,-0.624327,81.588467,1.99e-05,5.8
697,-1.565784,-1.565785,30.494036,-1.582364,-1.582364,30.330390,2.10e-05,5.8
986,-1.233675,-1.233675,44.391844,-0.712112,-0.712112,80.015460,4.84e-08,4.3
707,-1.271911,-1.271912,42.033042,-0.607098,-0.607098,81.061550,1.97e-05,5.8
987,-1.235234,-1.235234,44.377250,-0.712135,-0.712135,80.017802,4.17e-08,4.5
698,-1.562233,-1.562233,30.719319,-1.574629,-1.574629,30.180015,2.09e-05,5.8
988,-1.230988,-1.230988,44.761909,-0.712276,-0.712276,80.008722,3.55e-08,4.4
708,-1.271503,-1.271505,42.289046,-0.600198,-0.600198,80.542605,1.96e-05,6.0
699,-1.563370,-1.563371,30.713714,-1.583774,-1.583774,29.846249,2.07e-05,5.7
989,-1.233023,-1.233023,44.451337,-0.712459,-0.712459,80.007146,2.99e-08,4.0
709,-1.274547,-1.274549,41.929094,-0.618004,-0.618004,80.723524,1.95e-05,5.3
700,-1.565327,-1.565328,30.371527,-1.586314,-1.586313,29.993128,2.06e-05,5.8
990,-1.233500,-1.233500,44.466833,-0.712189,-0.712189,80.016496,2.47e-08,4.1
991,-1.234096,-1.234096,44.413120,-0.712094,-0.712094,80.015676,2.00e-08,4.2
710,-1.274066,-1.274068,42.011049,-0.618535,-0.618535,81.018574,1.94e-05,6.1
701,-1.564666,-1.564667,30.688630,-1.588503,-1.588503,30.006869,2.05e-05,5.7
992,-1.234727,-1.234727,44.328857,-0.712073,-0.712073,80.018168,1.58e-08,4.1
711,-1.272812,-1.272820,41.887666,-0.613688,-0.613688,81.494020,1.92e-05,5.5
702,-1.564370,-1.564371,30.592419,-1.532251,-1.532251,31.567344,2.04e-05,5.6
993,-1.234446,-1.234446,44.623332,-0.712152,-0.712152,80.014923,1.21e-08,4.1
712,-1.274572,-1.274574,41.691009,-0.606997,-0.606997,81.430810,1.91e-05,5.9
994,-1.234702,-1.234702,44.610279,-0.712168,-0.712168,80.015623,8.88e-09,3.9
703,-1.563862,-1.563863,30.822262,-1.583253,-1.583253,30.228461,2.02e-05,5.9
995,-1.235172,-1.235172,44.170564,-0.712183,-0.712183,80.015701,6.17e-09,4.1
713,-1.274432,-1.274434,41.959984,-0.627871,-0.627871,80.811634,1.90e-05,5.9
704,-1.566268,-1.566269,30.464908,-1.568083,-1.568083,30.334250,2.01e-05,6.3
996,-1.232195,-1.232195,44.606653,-0.712188,-0.712188,80.015927,3.95e-09,4.0
714,-1.273054,-1.273056,41.946796,-0.588258,-0.588258,81.174414,1.89e-05,6.1
997,-1.231074,-1.231074,44.521411,-0.712183,-0.712183,80.015953,2.22e-09,4.1
705,-1.567243,-1.567243,30.403633,-1.575091,-1.575091,30.555308,2.00e-05,6.4
998,-1.231124,-1.231124,44.573871,-0.712189,-0.712189,80.015786,9.87e-10,4.3
715,-1.277332,-1.277334,41.762649,-0.607804,-0.607804,81.396641,1.87e-05,5.6
706,-1.567122,-1.567123,30.410198,-1.612671,-1.612671,29.482491,1.99e-05,6.3
999,-1.231557,-1.231557,44.802734,-0.712190,-0.712190,80.015809,2.47e-10,4.0
716,-1.277279,-1.277282,41.691780,-0.569249,-0.569249,81.550054,1.86e-05,5.3
1000,-1.233145,-1.233145,44.611071,-0.712190,-0.712190,80.015810,0.00e+00,4.4
707,-1.565271,-1.565271,30.517161,-1.601068,-1.601068,29.775215,1.97e-05,5.7
717,-1.277392,-1.277394,41.580469,-0.626442,-0.626442,80.892050,1.85e-05,5.9
708,-1.566423,-1.566423,30.548525,-1.577450,-1.577450,30.507510,1.96e-05,5.6
718,-1.275140,-1.275141,41.807897,-0.595571,-0.595571,81.481390,1.84e-05,5.8
709,-1.566563,-1.566563,30.428664,-1.551630,-1.551630,30.689504,1.95e-05,5.8
719,-1.274994,-1.274996,41.872603,-0.617341,-0.617341,81.262965,1.82e-05,6.0
710,-1.566784,-1.566785,30.457171,-1.576227,-1.576227,30.368690,1.94e-05,6.2
720,-1.275143,-1.275145,41.860698,-0.628027,-0.628027,81.305342,1.81e-05,5.6
711,-1.569140,-1.569140,30.273588,-1.591645,-1.591645,29.961754,1.92e-05,6.0
721,-1.274415,-1.274417,42.099897,-0.611803,-0.611803,80.598424,1.80e-05,5.4
712,-1.567875,-1.567876,30.262590,-1.533635,-1.533635,31.438679,1.91e-05,5.8
722,-1.274216,-1.274223,42.034728,-0.581952,-0.581952,81.108165,1.79e-05,6.0
713,-1.567486,-1.567487,30.173555,-1.597192,-1.597192,29.896239,1.90e-05,5.3
723,-1.277206,-1.277208,41.503850,-0.607234,-0.607234,81.367804,1.78e-05,6.3
714,-1.566849,-1.566850,30.356527,-1.548001,-1.548001,30.859982,1.89e-05,6.2
724,-1.277085,-1.277087,41.741870,-0.626825,-0.626825,80.872642,1.76e-05,6.2
715,-1.568056,-1.568057,30.202990,-1.564983,-1.564983,30.668557,1.87e-05,5.4
725,-1.277625,-1.277627,41.953712,-0.607786,-0.607786,81.711088,1.75e-05,5.8
716,-1.568960,-1.568960,30.285725,-1.554070,-1.554070,30.806391,1.86e-05,5.7
726,-1.276420,-1.276422,41.792855,-0.625609,-0.625609,80.793303,1.74e-05,5.6
717,-1.567811,-1.567811,30.347542,-1.584949,-1.584949,30.256586,1.85e-05,5.8
727,-1.277356,-1.277357,41.634331,-0.590339,-0.590339,81.305918,1.73e-05,5.3
718,-1.569701,-1.569701,30.239690,-1.535632,-1.535632,31.104219,1.84e-05,5.7
728,-1.276609,-1.276611,41.650450,-0.623206,-0.623206,81.148762,1.72e-05,5.1
719,-1.567607,-1.567608,30.407571,-1.576136,-1.576136,30.233650,1.82e-05,5.7
729,-1.275383,-1.275385,41.957232,-0.618883,-0.618883,80.946935,1.71e-05,5.9
720,-1.566596,-1.566596,30.470516,-1.553061,-1.553061,30.711721,1.81e-05,5.7
730,-1.278983,-1.278984,41.722383,-0.603136,-0.603136,81.397737,1.69e-05,5.9
721,-1.568721,-1.568722,30.268359,-1.558146,-1.558146,30.467823,1.80e-05,6.1
731,-1.276978,-1.276979,41.763514,-0.625758,-0.625758,81.105570,1.68e-05,5.4
722,-1.568507,-1.568507,30.270370,-1.600188,-1.600188,29.746376,1.79e-05,5.5
732,-1.279366,-1.279368,41.591584,-0.596214,-0.596214,81.222782,1.67e-05,5.7
723,-1.567019,-1.567019,30.404149,-1.593067,-1.593066,29.933993,1.78e-05,5.9
733,-1.280518,-1.280520,41.329508,-0.597013,-0.597013,81.440959,1.66e-05,5.5
724,-1.568898,-1.568898,30.354687,-1.593174,-1.593174,29.862723,1.76e-05,5.8
734,-1.276161,-1.276163,41.663174,-0.617869,-0.617869,81.401747,1.65e-05,5.8
725,-1.569796,-1.569797,30.318951,-1.585942,-1.585942,30.279938,1.75e-05,6.2
735,-1.278036,-1.278037,41.622212,-0.625299,-0.625299,81.050990,1.63e-05,5.5
726,-1.569817,-1.569818,30.319881,-1.585804,-1.585804,29.995276,1.74e-05,5.4
736,-1.278613,-1.278615,41.490455,-0.593861,-0.593861,81.470027,1.62e-05,5.5
727,-1.570651,-1.570652,30.264869,-1.578287,-1.578287,30.299530,1.73e-05,5.6
737,-1.277037,-1.277039,41.624579,-0.608375,-0.608375,80.865644,1.61e-05,5.8
728,-1.569329,-1.569329,30.257426,-1.605900,-1.605899,29.560839,1.72e-05,5.6
738,-1.279689,-1.279691,41.634066,-0.609924,-0.609924,81.326921,1.60e-05,5.8
729,-1.568277,-1.568278,30.304376,-1.576199,-1.576199,30.111665,1.71e-05,5.6
739,-1.280685,-1.280686,41.503069,-0.597609,-0.597610,80.656099,1.59e-05,5.4
730,-1.569362,-1.569363,30.224169,-1.549632,-1.549631,30.571054,1.69e-05,6.5
740,-1.275317,-1.275318,41.841097,-0.615754,-0.615754,80.888611,1.58e-05,5.1
731,-1.568752,-1.568752,30.129823,-1.546426,-1.546426,31.078473,1.68e-05,5.8
741,-1.278859,-1.278860,41.852767,-0.606301,-0.606301,81.038033,1.57e-05,5.9
732,-1.571310,-1.571310,30.018889,-1.556232,-1.556232,30.586621,1.67e-05,5.4
742,-1.278770,-1.278772,41.756137,-0.621660,-0.621660,81.187967,1.55e-05,5.1
743,-1.277986,-1.277987,41.939505,-0.612769,-0.612769,81.676692,1.54e-05,6.0
733,-1.570178,-1.570178,30.072785,-1.592424,-1.592424,29.771924,1.66e-05,6.2
744,-1.277547,-1.277548,41.597299,-0.600838,-0.600838,80.993686,1.53e-05,5.3
734,-1.570792,-1.570792,30.173541,-1.592744,-1.592744,29.680300,1.65e-05,5.6
745,-1.279329,-1.279331,41.549999,-0.588965,-0.588965,81.460894,1.52e-05,6.1
735,-1.571720,-1.571721,29.961466,-1.582709,-1.582709,30.041575,1.63e-05,6.3
746,-1.279839,-1.279840,41.500293,-0.589292,-0.589292,81.511452,1.51e-05,6.0
736,-1.571422,-1.571422,29.996870,-1.578536,-1.578536,30.075372,1.62e-05,5.7
747,-1.277151,-1.277153,41.787940,-0.594226,-0.594226,81.453567,1.50e-05,5.5
737,-1.569562,-1.569563,30.225602,-1.609581,-1.609581,29.580530,1.61e-05,5.8
748,-1.277884,-1.277886,41.772904,-0.599194,-0.599194,81.472125,1.49e-05,5.8
738,-1.570583,-1.570583,30.052893,-1.583287,-1.583287,29.967909,1.60e-05,5.7
749,-1.279708,-1.279710,41.590034,-0.609809,-0.609809,81.195583,1.48e-05,6.1
739,-1.571814,-1.571814,30.063548,-1.616119,-1.616119,29.395290,1.59e-05,6.2
750,-1.282996,-1.283002,41.209589,-0.596222,-0.596222,81.673895,1.46e-05,6.0
740,-1.570805,-1.570805,30.164146,-1.584151,-1.584151,30.211187,1.58e-05,5.6
751,-1.280149,-1.280151,41.518720,-0.620330,-0.620330,81.272927,1.45e-05,5.8
741,-1.570651,-1.570651,30.120797,-1.595765,-1.595765,29.823725,1.57e-05,5.8
742,-1.570558,-1.570559,30.183655,-1.580722,-1.580721,30.364791,1.55e-05,5.6
752,-1.280969,-1.280970,41.390129,-0.598825,-0.598825,81.206632,1.44e-05,5.8
743,-1.572544,-1.572545,29.985983,-1.567570,-1.567570,30.596996,1.54e-05,5.6
753,-1.279007,-1.279009,41.505094,-0.615817,-0.615817,81.378036,1.43e-05,6.2
744,-1.572070,-1.572071,30.100609,-1.569935,-1.569935,30.466672,1.53e-05,5.9
754,-1.280013,-1.280015,41.438889,-0.595507,-0.595507,81.040166,1.42e-05,5.6
745,-1.571064,-1.571064,30.131809,-1.622882,-1.622882,29.178446,1.52e-05,5.4
755,-1.281632,-1.281633,41.354371,-0.584587,-0.584587,81.242447,1.41e-05,5.9
746,-1.570509,-1.570510,30.189050,-1.555241,-1.555241,31.088243,1.51e-05,5.9
756,-1.277494,-1.277495,41.778138,-0.605376,-0.605376,81.075009,1.40e-05,5.9
747,-1.573668,-1.573669,29.896854,-1.599878,-1.599878,29.446945,1.50e-05,5.7
757,-1.281659,-1.281660,41.252401,-0.596772,-0.596772,81.008209,1.39e-05,5.4
748,-1.572850,-1.572850,29.911890,-1.586259,-1.586259,30.046523,1.49e-05,5.8
758,-1.286844,-1.286845,40.995069,-0.585759,-0.585759,80.980568,1.38e-05,6.1
749,-1.573764,-1.573764,29.887591,-1.553085,-1.553085,30.887392,1.48e-05,6.3
759,-1.281563,-1.281564,41.438336,-0.581412,-0.581412,81.215494,1.37e-05,5.5
750,-1.573879,-1.573880,29.856553,-1.585285,-1.585285,30.092819,1.46e-05,5.7
760,-1.285132,-1.285133,41.021670,-0.593919,-0.593919,80.946103,1.36e-05,5.8
751,-1.572799,-1.572800,30.087610,-1.571332,-1.571332,30.427591,1.45e-05,5.6
761,-1.278507,-1.278508,41.775191,-0.600224,-0.600224,81.098429,1.34e-05,5.7
752,-1.573084,-1.573084,29.914589,-1.582387,-1.582387,29.947402,1.44e-05,5.4
762,-1.283253,-1.283255,41.228229,-0.614070,-0.614070,81.516732,1.33e-05,6.1
753,-1.575507,-1.575507,29.806479,-1.603968,-1.603968,29.595888,1.43e-05,5.6
763,-1.283111,-1.283138,41.224966,-0.598476,-0.598476,81.286251,1.32e-05,5.1
754,-1.571557,-1.571557,30.255386,-1.575327,-1.575327,30.265752,1.42e-05,5.5
764,-1.281708,-1.281709,41.426730,-0.625470,-0.625470,81.339108,1.31e-05,5.8
755,-1.572184,-1.572185,30.177498,-1.578991,-1.578991,30.155661,1.41e-05,5.6
765,-1.283976,-1.283977,41.084715,-0.604382,-0.604382,81.202923,1.30e-05,5.6
756,-1.572803,-1.572804,29.954326,-1.601538,-1.601538,29.642921,1.40e-05,6.3
766,-1.282379,-1.282381,41.390755,-0.604542,-0.604542,81.333282,1.29e-05,5.8
767,-1.282110,-1.282111,41.472440,-0.608909,-0.608909,81.093036,1.28e-05,5.1
757,-1.571773,-1.571773,30.124790,-1.581875,-1.581875,30.242317,1.39e-05,6.5
768,-1.280576,-1.280577,41.594077,-0.593738,-0.593738,81.252175,1.27e-05,5.9
758,-1.572930,-1.572930,29.864242,-1.594274,-1.594274,29.896222,1.38e-05,5.7
769,-1.282540,-1.282542,41.381061,-0.605059,-0.605060,80.734136,1.26e-05,5.2
759,-1.575423,-1.575423,29.676936,-1.604765,-1.604765,29.711022,1.37e-05,5.9
770,-1.283925,-1.283927,41.217676,-0.624554,-0.624554,81.186983,1.25e-05,5.1
760,-1.575533,-1.575533,29.921252,-1.563690,-1.563690,30.534176,1.36e-05,5.7
771,-1.282751,-1.282752,41.216340,-0.602119,-0.602119,81.427984,1.24e-05,5.6
761,-1.574970,-1.574970,29.912447,-1.617584,-1.617584,29.137796,1.34e-05,5.5
772,-1.283858,-1.283859,41.334470,-0.582490,-0.582490,81.461698,1.23e-05,5.2
762,-1.574841,-1.574842,29.837182,-1.549502,-1.549502,30.930743,1.33e-05,5.8
773,-1.285152,-1.285157,41.204129,-0.597099,-0.597099,81.301045,1.22e-05,5.7
763,-1.575369,-1.575369,29.939043,-1.588570,-1.588570,29.942708,1.32e-05,5.7
774,-1.281408,-1.281409,41.380425,-0.608500,-0.608500,81.315106,1.21e-05,5.7
764,-1.574968,-1.574968,29.755785,-1.562875,-1.562875,30.583214,1.31e-05,5.7
775,-1.281371,-1.281373,41.612879,-0.590640,-0.590640,81.266705,1.20e-05,6.2
765,-1.576382,-1.576383,30.004466,-1.544510,-1.544510,30.826793,1.30e-05,5.6
776,-1.279903,-1.279905,41.397769,-0.609128,-0.609128,81.198515,1.19e-05,5.6
766,-1.574937,-1.574937,29.851938,-1.589557,-1.589556,29.831588,1.29e-05,6.0
777,-1.282657,-1.282659,41.219434,-0.584702,-0.584702,81.418326,1.18e-05,5.4
767,-1.574910,-1.574910,29.942075,-1.555076,-1.555075,30.577515,1.28e-05,5.9
778,-1.282432,-1.282434,41.450566,-0.601231,-0.601231,81.570203,1.17e-05,6.0
768,-1.575207,-1.575207,29.855919,-1.578937,-1.578937,30.000441,1.27e-05,5.9
779,-1.285208,-1.285209,41.221609,-0.589625,-0.589625,81.341669,1.16e-05,5.1
769,-1.576145,-1.576145,29.764289,-1.608230,-1.608230,29.411061,1.26e-05,5.7
780,-1.283271,-1.283272,41.184531,-0.603403,-0.603403,81.328317,1.15e-05,5.9
770,-1.575048,-1.575049,29.750387,-1.601638,-1.601638,29.612583,1.25e-05,5.5
781,-1.285512,-1.285513,41.211356,-0.607315,-0.607315,81.225176,1.14e-05,5.8
771,-1.574834,-1.574835,30.017365,-1.542777,-1.542777,30.684654,1.24e-05,5.5
782,-1.283866,-1.283868,41.266827,-0.605352,-0.605352,81.069083,1.13e-05,5.5
772,-1.574786,-1.574786,29.766697,-1.573541,-1.573541,30.240242,1.23e-05,5.9
783,-1.285342,-1.285344,41.188248,-0.584703,-0.584703,81.234876,1.12e-05,5.6
773,-1.576907,-1.576908,29.647805,-1.559937,-1.559937,30.560292,1.22e-05,6.0
784,-1.281896,-1.281897,41.383293,-0.599490,-0.599490,81.359926,1.11e-05,5.7
774,-1.576447,-1.576448,29.696942,-1.596548,-1.596548,29.732838,1.21e-05,5.4
785,-1.282026,-1.282027,41.409891,-0.591407,-0.591407,81.267568,1.10e-05,5.1
775,-1.573992,-1.573993,30.050646,-1.560586,-1.560586,30.714157,1.20e-05,5.8
786,-1.285655,-1.285656,41.079661,-0.616583,-0.616583,81.019447,1.09e-05,5.9
776,-1.575493,-1.575494,29.962888,-1.586812,-1.586812,30.033707,1.19e-05,5.6
787,-1.282481,-1.282482,41.146349,-0.599163,-0.599163,81.102595,1.08e-05,5.2
777,-1.576261,-1.576262,29.848688,-1.576576,-1.576576,30.276220,1.18e-05,5.9
788,-1.285021,-1.285023,41.114474,-0.585241,-0.585241,81.344404,1.07e-05,5.2
778,-1.577569,-1.577570,29.608147,-1.557694,-1.557694,30.723340,1.17e-05,5.6
789,-1.285553,-1.285554,41.073670,-0.605790,-0.605790,81.153548,1.06e-05,6.0
779,-1.577149,-1.577149,29.796934,-1.557025,-1.557025,30.679709,1.16e-05,5.6
790,-1.285956,-1.285957,41.188274,-0.588876,-0.588876,81.248756,1.05e-05,5.9
780,-1.577455,-1.577455,29.587298,-1.595746,-1.595746,29.700919,1.15e-05,5.9
791,-1.285699,-1.285701,41.140024,-0.623679,-0.623679,81.623074,1.04e-05,5.5
781,-1.576334,-1.576334,29.898590,-1.572269,-1.572269,30.483008,1.14e-05,5.7
792,-1.284243,-1.284244,41.523776,-0.595849,-0.595849,81.485975,1.03e-05,5.8
782,-1.575669,-1.575670,30.003777,-1.569164,-1.569164,30.453136,1.13e-05,5.7
793,-1.284090,-1.284091,41.357349,-0.590195,-0.590195,81.393830,1.02e-05,5.7
783,-1.576655,-1.576655,29.658086,-1.534362,-1.534362,31.130309,1.12e-05,5.7
794,-1.283948,-1.283949,41.315864,-0.593554,-0.593554,81.375904,1.01e-05,5.5
784,-1.576739,-1.576740,29.791054,-1.593562,-1.593562,29.820272,1.11e-05,5.5
795,-1.288180,-1.288183,40.768493,-0.601481,-0.601481,81.585177,1.00e-05,5.2
785,-1.577772,-1.577772,29.560577,-1.573084,-1.573084,30.163993,1.10e-05,5.8
796,-1.284436,-1.284438,41.333631,-0.611774,-0.611774,81.078102,9.92e-06,5.1
797,-1.285666,-1.285667,41.014601,-0.596578,-0.596578,81.343899,9.83e-06,5.4
786,-1.576722,-1.576722,29.701374,-1.593119,-1.593119,29.853943,1.09e-05,6.4
798,-1.285606,-1.285607,41.156913,-0.580583,-0.580583,81.545049,9.73e-06,5.5
787,-1.575765,-1.575765,29.852309,-1.599073,-1.599073,29.715908,1.08e-05,5.7
799,-1.287229,-1.287231,40.870069,-0.600116,-0.600116,81.235972,9.64e-06,5.1
788,-1.577333,-1.577333,29.702352,-1.536702,-1.536701,30.959132,1.07e-05,5.6
800,-1.285303,-1.285304,41.194467,-0.590844,-0.590844,81.563382,9.55e-06,5.4
789,-1.578861,-1.578861,29.479204,-1.565891,-1.565891,30.441855,1.06e-05,5.7
801,-1.284020,-1.284021,41.376407,-0.599837,-0.599837,81.453920,9.46e-06,5.9
790,-1.579842,-1.579842,29.451010,-1.632660,-1.632660,28.687784,1.05e-05,5.8
802,-1.285273,-1.285274,41.294550,-0.605803,-0.605803,81.224621,9.37e-06,5.3
791,-1.578970,-1.578970,29.605147,-1.582086,-1.582086,29.944159,1.04e-05,5.6
803,-1.287910,-1.287916,41.022319,-0.582260,-0.582260,81.233035,9.27e-06,5.5
792,-1.579170,-1.579170,29.620414,-1.579715,-1.579715,30.070234,1.03e-05,5.6
804,-1.284023,-1.284026,41.423465,-0.575599,-0.575599,81.225264,9.18e-06,5.7
793,-1.577807,-1.577807,29.571775,-1.565855,-1.565855,30.555552,1.02e-05,6.0
805,-1.284252,-1.284253,41.164276,-0.598730,-0.598730,81.107564,9.09e-06,5.2
794,-1.577885,-1.577886,29.779262,-1.546941,-1.546940,30.641898,1.01e-05,6.2
806,-1.288352,-1.288353,40.872446,-0.595831,-0.595831,81.244715,9.00e-06,6.1
795,-1.577589,-1.577589,29.754370,-1.539528,-1.539527,30.951057,1.00e-05,5.5
807,-1.284309,-1.284311,41.217279,-0.600061,-0.600061,81.414035,8.91e-06,5.8
796,-1.580906,-1.580906,29.631874,-1.592956,-1.592956,29.711225,9.92e-06,5.6
808,-1.282804,-1.282805,41.243052,-0.589034,-0.589034,81.206071,8.82e-06,5.2
797,-1.580164,-1.580164,29.476704,-1.549441,-1.549441,30.751817,9.83e-06,5.6
809,-1.285008,-1.285010,41.143871,-0.581434,-0.581435,81.301745,8.73e-06,5.7
798,-1.578587,-1.578588,29.771863,-1.585169,-1.585169,29.836538,9.73e-06,5.8
810,-1.287363,-1.287364,41.125052,-0.607804,-0.607804,81.278471,8.65e-06,5.9
799,-1.579691,-1.579691,29.639326,-1.563258,-1.563258,30.524034,9.64e-06,5.6
811,-1.287598,-1.287599,41.162621,-0.592789,-0.592789,81.137632,8.56e-06,5.9
800,-1.580405,-1.580405,29.428471,-1.572961,-1.572961,30.277464,9.55e-06,5.5
812,-1.284465,-1.284466,41.189126,-0.597167,-0.597168,81.361071,8.47e-06,5.8
801,-1.579732,-1.579732,29.561117,-1.562232,-1.562232,30.648969,9.46e-06,6.1
813,-1.287838,-1.287839,40.848499,-0.594882,-0.594882,81.377480,8.38e-06,5.4
802,-1.580153,-1.580153,29.587351,-1.577730,-1.577730,30.104131,9.37e-06,5.4
814,-1.285823,-1.285824,40.916327,-0.596641,-0.596641,81.250067,8.30e-06,5.4
803,-1.580687,-1.580687,29.440999,-1.546046,-1.546045,30.671399,9.27e-06,5.5
815,-1.288499,-1.288500,41.055509,-0.592980,-0.592981,81.114305,8.21e-06,6.1
804,-1.581535,-1.581535,29.301137,-1.593565,-1.593565,29.742411,9.18e-06,5.4
816,-1.287135,-1.287136,40.953133,-0.601658,-0.601658,81.278756,8.12e-06,6.1
805,-1.578428,-1.578428,29.732402,-1.567860,-1.567860,30.254985,9.09e-06,5.9
817,-1.288676,-1.288678,40.942455,-0.593982,-0.593982,81.375265,8.04e-06,5.9
806,-1.578407,-1.578407,29.720655,-1.567439,-1.567439,30.366312,9.00e-06,6.3
818,-1.285290,-1.285292,40.989781,-0.594677,-0.594677,81.319211,7.95e-06,6.2
807,-1.578896,-1.578896,29.650397,-1.566426,-1.566426,30.501731,8.91e-06,5.7
819,-1.285414,-1.285415,41.468479,-0.591272,-0.591272,81.506015,7.87e-06,5.1
808,-1.580698,-1.580698,29.517505,-1.523002,-1.523001,31.231996,8.82e-06,5.5
820,-1.287682,-1.287683,40.993965,-0.597687,-0.597687,81.043040,7.78e-06,5.9
809,-1.578993,-1.578994,29.624291,-1.558729,-1.558729,30.530077,8.73e-06,5.4
821,-1.283668,-1.283684,41.150759,-0.597777,-0.597777,81.336293,7.70e-06,5.8
810,-1.580406,-1.580406,29.649018,-1.543938,-1.543938,30.933623,8.65e-06,5.4
822,-1.288814,-1.288834,40.780181,-0.585205,-0.585205,81.188469,7.62e-06,5.3
811,-1.581153,-1.581153,29.457384,-1.564784,-1.564784,30.354000,8.56e-06,5.4
823,-1.286561,-1.286563,41.192198,-0.603786,-0.603786,81.405299,7.53e-06,5.1
812,-1.582531,-1.582532,29.460627,-1.535656,-1.535656,30.916172,8.47e-06,5.8
824,-1.286039,-1.286040,41.305212,-0.602033,-0.602033,81.114654,7.45e-06,5.6
813,-1.579447,-1.579447,29.450142,-1.533527,-1.533527,31.036366,8.38e-06,5.7
825,-1.288236,-1.288238,40.841084,-0.587015,-0.587015,81.295304,7.37e-06,6.2
814,-1.580588,-1.580588,29.572737,-1.569580,-1.569580,30.342511,8.30e-06,6.0
826,-1.284534,-1.284535,41.089240,-0.593771,-0.593771,81.272865,7.29e-06,6.2
815,-1.582783,-1.582783,29.263416,-1.561178,-1.561177,30.303048,8.21e-06,5.6
827,-1.286723,-1.286724,41.117115,-0.584463,-0.584463,81.407584,7.20e-06,5.7
816,-1.581803,-1.581804,29.280127,-1.551360,-1.551359,30.758706,8.12e-06,5.9
828,-1.290234,-1.290261,40.760763,-0.606438,-0.606438,81.200355,7.12e-06,5.7
817,-1.578910,-1.578910,29.511578,-1.565296,-1.565296,30.488845,8.04e-06,5.7
829,-1.289046,-1.289048,40.929154,-0.595469,-0.595469,81.333889,7.04e-06,5.7
818,-1.582080,-1.582080,29.231591,-1.578337,-1.578337,30.132299,7.95e-06,5.9
830,-1.289326,-1.289327,40.825692,-0.595197,-0.595197,81.412307,6.96e-06,5.5
819,-1.580677,-1.580677,29.538470,-1.583834,-1.583834,29.970135,7.87e-06,5.5
831,-1.289344,-1.289345,40.946368,-0.593278,-0.593278,81.378930,6.88e-06,5.2
820,-1.581006,-1.581006,29.376813,-1.571366,-1.571366,30.297522,7.78e-06,5.4
832,-1.287347,-1.287349,41.194087,-0.588777,-0.588777,81.287728,6.80e-06,5.9
821,-1.583735,-1.583735,29.284284,-1.570001,-1.570001,30.212052,7.70e-06,5.5
833,-1.289521,-1.289522,40.917837,-0.593208,-0.593208,81.298494,6.72e-06,5.8
822,-1.581599,-1.581599,29.296767,-1.574984,-1.574984,30.296075,7.62e-06,5.5
834,-1.286794,-1.286795,41.175029,-0.593481,-0.593481,81.253763,6.65e-06,5.8
823,-1.581559,-1.581560,29.393637,-1.555072,-1.555072,30.622285,7.53e-06,6.1
835,-1.288746,-1.288747,40.879126,-0.585230,-0.585230,81.279310,6.57e-06,5.5
824,-1.582623,-1.582624,29.392214,-1.586593,-1.586593,29.939209,7.45e-06,6.8
836,-1.287899,-1.287900,41.171674,-0.587097,-0.587097,81.369811,6.49e-06,5.8
825,-1.580570,-1.580570,29.532540,-1.575729,-1.575729,30.139226,7.37e-06,5.7
837,-1.290851,-1.290852,40.944563,-0.590056,-0.590056,81.226768,6.41e-06,5.5
826,-1.581503,-1.581503,29.524156,-1.592203,-1.592203,29.742282,7.29e-06,5.6
838,-1.291607,-1.291608,40.647408,-0.588499,-0.588499,81.473820,6.34e-06,5.6
827,-1.581678,-1.581678,29.368943,-1.570027,-1.570027,30.202998,7.20e-06,6.0
839,-1.289348,-1.289349,40.864718,-0.584984,-0.584984,81.331287,6.26e-06,5.8
828,-1.581277,-1.581277,29.358441,-1.568170,-1.568170,30.277696,7.12e-06,5.8
840,-1.288653,-1.288655,41.020205,-0.587602,-0.587602,81.307956,6.18e-06,5.4
829,-1.582262,-1.582262,29.421381,-1.593003,-1.593003,29.847980,7.04e-06,5.5
841,-1.288169,-1.288170,41.138782,-0.590195,-0.590195,81.320859,6.11e-06,5.6
830,-1.581728,-1.581728,29.251862,-1.543549,-1.543549,30.806868,6.96e-06,5.7
842,-1.289172,-1.289173,40.935047,-0.584796,-0.584796,80.965959,6.03e-06,5.8
831,-1.583424,-1.583425,29.230465,-1.558771,-1.558771,30.457991,6.88e-06,6.3
843,-1.291697,-1.291698,40.604309,-0.584666,-0.584666,81.282926,5.96e-06,5.4
832,-1.584025,-1.584025,29.350902,-1.543882,-1.543882,30.958480,6.80e-06,5.5
844,-1.286627,-1.286628,40.945176,-0.577917,-0.577917,81.375443,5.89e-06,5.3
833,-1.581074,-1.581074,29.569624,-1.591611,-1.591611,29.868840,6.72e-06,5.5
845,-1.288989,-1.288990,40.982129,-0.583795,-0.583795,81.333515,5.81e-06,5.9
834,-1.583725,-1.583725,29.175152,-1.579032,-1.579032,29.915273,6.65e-06,5.4
846,-1.288925,-1.288926,40.980463,-0.579124,-0.579124,81.466271,5.74e-06,5.4
835,-1.581986,-1.581986,29.408442,-1.565039,-1.565038,30.210088,6.57e-06,5.5
847,-1.292534,-1.292535,40.803333,-0.585578,-0.585578,81.360564,5.67e-06,5.7
836,-1.583878,-1.583878,29.248919,-1.556394,-1.556394,30.615780,6.49e-06,5.3
848,-1.289093,-1.289094,40.764203,-0.597060,-0.597060,81.330073,5.59e-06,5.2
837,-1.581684,-1.581684,29.452848,-1.566499,-1.566499,30.326879,6.41e-06,5.6
849,-1.289214,-1.289215,40.848277,-0.582271,-0.582271,81.380493,5.52e-06,5.4
838,-1.582308,-1.582308,29.271360,-1.567809,-1.567809,30.451783,6.34e-06,5.5
850,-1.289508,-1.289509,40.923364,-0.596338,-0.596338,81.218513,5.45e-06,5.3
839,-1.580721,-1.580721,29.525848,-1.569699,-1.569699,30.233085,6.26e-06,5.6
851,-1.288803,-1.288804,41.022321,-0.589315,-0.589315,81.472559,5.38e-06,6.1
840,-1.582773,-1.582774,29.221060,-1.566797,-1.566797,30.372933,6.18e-06,5.6
852,-1.289144,-1.289145,41.097963,-0.596728,-0.596728,81.248657,5.31e-06,5.8
841,-1.582082,-1.582082,29.548124,-1.578513,-1.578513,30.111958,6.11e-06,5.7
853,-1.289753,-1.289754,40.963180,-0.579957,-0.579957,81.301646,5.24e-06,6.3
842,-1.583456,-1.583456,29.364219,-1.552023,-1.552023,30.768595,6.03e-06,5.6
854,-1.288746,-1.288747,41.013586,-0.595995,-0.595995,81.335218,5.17e-06,6.0
843,-1.582004,-1.582004,29.336349,-1.563500,-1.563500,30.443799,5.96e-06,6.4
855,-1.288890,-1.288891,40.908196,-0.587192,-0.587192,81.237563,5.10e-06,6.0
844,-1.585792,-1.585792,29.233667,-1.585030,-1.585030,29.777052,5.89e-06,5.6
856,-1.287772,-1.287774,41.071985,-0.581788,-0.581788,81.412198,5.03e-06,5.2
845,-1.585815,-1.585815,29.131549,-1.582016,-1.582016,29.960197,5.81e-06,5.6
857,-1.288952,-1.288953,40.930752,-0.577204,-0.577204,81.406788,4.96e-06,5.2
846,-1.582506,-1.582506,29.405728,-1.573298,-1.573298,30.146031,5.74e-06,5.7
858,-1.289695,-1.289696,40.893673,-0.587418,-0.587418,81.524620,4.89e-06,6.1
847,-1.582747,-1.582748,29.550379,-1.551092,-1.551092,30.687426,5.67e-06,5.6
859,-1.289936,-1.289937,40.781951,-0.571243,-0.571243,81.390050,4.83e-06,6.2
848,-1.582504,-1.582504,29.417200,-1.593691,-1.593691,29.655031,5.59e-06,6.5
860,-1.287407,-1.287408,41.046444,-0.579484,-0.579484,81.169093,4.76e-06,5.2
849,-1.583794,-1.583794,29.320257,-1.596718,-1.596718,29.561222,5.52e-06,6.3
861,-1.290170,-1.290172,40.878562,-0.585170,-0.585170,81.340377,4.69e-06,5.4
850,-1.584609,-1.584609,29.191425,-1.558628,-1.558628,30.409283,5.45e-06,5.7
862,-1.292152,-1.292153,40.813594,-0.579456,-0.579456,81.313788,4.63e-06,5.6
863,-1.290608,-1.290609,40.686382,-0.573395,-0.573395,81.413524,4.56e-06,5.1
851,-1.585448,-1.585448,29.130459,-1.582142,-1.582142,29.984784,5.38e-06,5.5
864,-1.288321,-1.288323,41.077293,-0.593000,-0.593000,81.291977,4.49e-06,5.3
852,-1.583233,-1.583233,29.333045,-1.593294,-1.593294,29.708506,5.31e-06,5.6
865,-1.290440,-1.290441,40.864099,-0.584735,-0.584735,81.242608,4.43e-06,5.6
853,-1.584022,-1.584022,29.429089,-1.574735,-1.574735,30.130018,5.24e-06,5.8
866,-1.288327,-1.288330,40.959292,-0.587599,-0.587599,81.304096,4.37e-06,5.5
854,-1.583215,-1.583215,29.417801,-1.557760,-1.557760,30.574704,5.17e-06,5.4
867,-1.290349,-1.290351,40.982606,-0.590679,-0.590679,81.319798,4.30e-06,5.6
855,-1.584170,-1.584170,29.247326,-1.570325,-1.570325,30.315699,5.10e-06,5.8
868,-1.292725,-1.292726,40.715226,-0.581481,-0.581482,81.306956,4.24e-06,5.1
856,-1.584812,-1.584812,29.288960,-1.577276,-1.577276,30.016849,5.03e-06,5.8
869,-1.288162,-1.288164,40.976202,-0.587259,-0.587259,81.467998,4.17e-06,5.4
857,-1.583212,-1.583212,29.368764,-1.573808,-1.573807,30.197518,4.96e-06,6.1
870,-1.289105,-1.289106,40.828845,-0.586773,-0.586773,81.533813,4.11e-06,5.1
858,-1.583147,-1.583147,29.316808,-1.563527,-1.563527,30.319525,4.89e-06,5.7
871,-1.290786,-1.290788,40.940399,-0.575038,-0.575038,81.357034,4.05e-06,5.3
859,-1.583388,-1.583388,29.239739,-1.563120,-1.563120,30.329852,4.83e-06,5.8
872,-1.291722,-1.291726,40.717011,-0.588072,-0.588072,81.436916,3.99e-06,5.9
860,-1.582636,-1.582636,29.335541,-1.560904,-1.560903,30.432929,4.76e-06,5.4
873,-1.292455,-1.292456,40.657123,-0.579937,-0.579937,81.392916,3.93e-06,6.2
861,-1.583948,-1.583948,29.268087,-1.565523,-1.565523,30.252433,4.69e-06,6.0
874,-1.289382,-1.289383,40.901163,-0.589056,-0.589056,81.380302,3.87e-06,5.9
862,-1.582715,-1.582715,29.428916,-1.567897,-1.567897,30.179562,4.63e-06,5.5
875,-1.290247,-1.290248,40.856723,-0.578824,-0.578824,81.365846,3.81e-06,5.9
863,-1.583707,-1.583707,29.455781,-1.556531,-1.556530,30.626425,4.56e-06,5.4
876,-1.290752,-1.290754,40.825062,-0.582863,-0.582863,81.329065,3.75e-06,5.9
864,-1.585166,-1.585166,29.141153,-1.584680,-1.584680,29.901421,4.49e-06,5.5
877,-1.288055,-1.288056,41.075335,-0.574693,-0.574693,81.448522,3.69e-06,6.2
865,-1.585370,-1.585370,29.303379,-1.577449,-1.577449,30.111783,4.43e-06,6.3
878,-1.289111,-1.289112,41.080225,-0.589087,-0.589088,81.562567,3.63e-06,5.4
866,-1.586810,-1.586810,29.116939,-1.568970,-1.568969,30.183552,4.37e-06,5.4
879,-1.291511,-1.291512,40.752792,-0.576541,-0.576541,81.503470,3.57e-06,6.0
867,-1.585179,-1.585179,29.152602,-1.578803,-1.578803,29.837226,4.30e-06,5.4
880,-1.289656,-1.289657,40.795894,-0.591860,-0.591860,81.458462,3.51e-06,5.3
868,-1.587717,-1.587717,29.004690,-1.590400,-1.590400,29.747273,4.24e-06,5.6
881,-1.288718,-1.288719,40.883621,-0.586073,-0.586073,81.538951,3.45e-06,5.9
869,-1.584478,-1.584478,29.044026,-1.583065,-1.583065,29.828109,4.17e-06,6.6
882,-1.290067,-1.290068,40.870115,-0.583090,-0.583091,81.427538,3.40e-06,6.0
870,-1.585637,-1.585638,29.223647,-1.561487,-1.561487,30.435136,4.11e-06,5.5
883,-1.289504,-1.289505,40.783601,-0.592552,-0.592552,81.365764,3.34e-06,5.6
871,-1.585414,-1.585414,29.187904,-1.576851,-1.576851,29.952860,4.05e-06,5.8
884,-1.288211,-1.288212,40.909335,-0.589780,-0.589780,81.373858,3.28e-06,5.9
872,-1.584644,-1.584644,29.262626,-1.567726,-1.567726,30.284301,3.99e-06,5.5
885,-1.291265,-1.291268,40.787945,-0.589184,-0.589184,81.333159,3.23e-06,6.0
873,-1.587481,-1.587481,29.032305,-1.547884,-1.547884,30.793245,3.93e-06,6.0
886,-1.289195,-1.289196,41.006916,-0.582070,-0.582070,81.482612,3.17e-06,6.3
874,-1.585199,-1.585199,29.319478,-1.581451,-1.581451,30.004215,3.87e-06,6.2
887,-1.289128,-1.289129,41.075656,-0.576920,-0.576920,81.497159,3.12e-06,5.3
875,-1.584508,-1.584508,29.209663,-1.565054,-1.565054,30.318546,3.81e-06,5.8
888,-1.291131,-1.291132,40.737190,-0.579845,-0.579845,81.381534,3.06e-06,5.1
876,-1.583452,-1.583452,29.302817,-1.582504,-1.582504,29.943293,3.75e-06,5.6
889,-1.290165,-1.290167,40.984605,-0.585508,-0.585508,81.400187,3.01e-06,6.0
877,-1.585689,-1.585689,29.243996,-1.562884,-1.562884,30.388769,3.69e-06,5.6
890,-1.293853,-1.293854,40.611225,-0.577065,-0.577065,81.372480,2.96e-06,5.3
878,-1.586329,-1.586329,29.169442,-1.569190,-1.569190,30.229885,3.63e-06,5.7
891,-1.289580,-1.289581,40.852207,-0.586884,-0.586884,81.419508,2.90e-06,5.9
879,-1.585665,-1.585665,29.293385,-1.577674,-1.577674,30.133037,3.57e-06,5.7
892,-1.289623,-1.289624,40.987509,-0.587060,-0.587060,81.375635,2.85e-06,5.6
880,-1.586668,-1.586669,29.107430,-1.588854,-1.588854,29.839663,3.51e-06,5.9
893,-1.289846,-1.289847,40.993491,-0.586383,-0.586383,81.476722,2.80e-06,5.3
881,-1.583968,-1.583968,29.297557,-1.576956,-1.576956,30.121537,3.45e-06,5.5
894,-1.291505,-1.291506,40.606941,-0.589083,-0.589083,81.398825,2.75e-06,5.7
882,-1.584687,-1.584687,29.161089,-1.574591,-1.574590,30.169992,3.40e-06,6.1
895,-1.292888,-1.292889,40.656504,-0.577964,-0.577964,81.420160,2.70e-06,5.4
883,-1.584942,-1.584942,29.297281,-1.567654,-1.567654,30.247404,3.34e-06,5.9
896,-1.291713,-1.291714,40.633219,-0.584382,-0.584382,81.479054,2.65e-06,5.8
884,-1.586462,-1.586462,29.191219,-1.580033,-1.580033,29.920535,3.28e-06,5.5
897,-1.291881,-1.291882,40.744483,-0.583831,-0.583831,81.340238,2.59e-06,5.4
885,-1.584934,-1.584934,29.127843,-1.558090,-1.558090,30.527296,3.23e-06,6.3
898,-1.291698,-1.291699,40.920716,-0.582829,-0.582829,81.248638,2.55e-06,5.6
886,-1.584867,-1.584867,29.280093,-1.557195,-1.557194,30.538819,3.17e-06,5.6
899,-1.288583,-1.288584,40.976665,-0.585505,-0.585505,81.346366,2.50e-06,5.8
887,-1.586099,-1.586099,29.071374,-1.568442,-1.568442,30.180549,3.12e-06,6.5
900,-1.292019,-1.292020,40.580758,-0.580176,-0.580176,81.460336,2.45e-06,5.5
888,-1.585853,-1.585853,29.071964,-1.574527,-1.574527,30.164346,3.06e-06,6.0
901,-1.291743,-1.291744,40.714799,-0.586713,-0.586713,81.366393,2.40e-06,5.9
889,-1.584162,-1.584162,29.310660,-1.561137,-1.561137,30.523200,3.01e-06,6.2
902,-1.291421,-1.291425,40.842382,-0.587391,-0.587391,81.397593,2.35e-06,5.9
890,-1.586987,-1.586987,29.105092,-1.572663,-1.572663,30.104399,2.96e-06,5.9
903,-1.292872,-1.292875,40.685258,-0.584832,-0.584832,81.475228,2.30e-06,5.6
891,-1.586247,-1.586247,29.063861,-1.575444,-1.575443,30.132305,2.90e-06,5.6
904,-1.293437,-1.293438,40.760246,-0.582820,-0.582820,81.483188,2.26e-06,5.4
892,-1.585741,-1.585741,28.973671,-1.570315,-1.570315,30.250031,2.85e-06,6.0
905,-1.293881,-1.293883,40.644267,-0.578880,-0.578880,81.502246,2.21e-06,6.0
893,-1.584501,-1.584501,29.329163,-1.569728,-1.569728,30.196830,2.80e-06,5.7
906,-1.292459,-1.292460,40.559720,-0.580181,-0.580181,81.380251,2.16e-06,6.1
894,-1.584192,-1.584192,29.506426,-1.568600,-1.568600,30.274063,2.75e-06,5.6
907,-1.293444,-1.293445,40.778836,-0.571426,-0.571426,81.524524,2.12e-06,6.1
895,-1.587759,-1.587760,28.931100,-1.553510,-1.553510,30.481832,2.70e-06,5.6
908,-1.292926,-1.292927,40.561121,-0.579523,-0.579523,81.481027,2.07e-06,5.8
896,-1.585447,-1.585447,29.133161,-1.566407,-1.566407,30.219563,2.65e-06,5.9
909,-1.291707,-1.291708,40.910961,-0.582446,-0.582447,81.550049,2.03e-06,5.8
897,-1.585988,-1.585988,29.087706,-1.585748,-1.585748,29.776690,2.59e-06,5.5
910,-1.289633,-1.289634,41.005906,-0.582010,-0.582010,81.544190,1.99e-06,5.1
898,-1.586548,-1.586549,29.140876,-1.553233,-1.553233,30.541984,2.55e-06,5.8
911,-1.292689,-1.292691,40.606678,-0.582933,-0.582933,81.619771,1.94e-06,5.4
899,-1.586564,-1.586564,29.240890,-1.563336,-1.563336,30.262964,2.50e-06,5.4
912,-1.293417,-1.293418,40.736190,-0.581828,-0.581828,81.578619,1.90e-06,6.2
900,-1.586151,-1.586151,29.109544,-1.576899,-1.576899,29.966948,2.45e-06,5.4
913,-1.292980,-1.292982,40.637505,-0.574252,-0.574252,81.583681,1.86e-06,5.5
901,-1.587354,-1.587354,29.111683,-1.560607,-1.560607,30.392772,2.40e-06,5.9
914,-1.292467,-1.292468,40.566599,-0.578176,-0.578176,81.493372,1.81e-06,5.7
902,-1.589231,-1.589231,28.953382,-1.572209,-1.572209,30.101147,2.35e-06,5.4
915,-1.291500,-1.291500,40.645820,-0.575506,-0.575506,81.447634,1.77e-06,5.7
903,-1.585370,-1.585370,29.316633,-1.571116,-1.571116,30.060726,2.30e-06,5.9
916,-1.291267,-1.291268,40.814855,-0.580866,-0.580866,81.459137,1.73e-06,5.2
904,-1.587844,-1.587844,28.994623,-1.580420,-1.580420,29.919607,2.26e-06,5.5
917,-1.291582,-1.291583,40.775943,-0.578168,-0.578168,81.354890,1.69e-06,6.1
905,-1.585436,-1.585436,29.283579,-1.572373,-1.572373,30.155902,2.21e-06,5.7
918,-1.288746,-1.288749,40.918821,-0.576959,-0.576959,81.491170,1.65e-06,6.1
906,-1.585652,-1.585652,29.197749,-1.567562,-1.567562,30.269303,2.16e-06,5.7
919,-1.294202,-1.294203,40.516125,-0.574397,-0.574397,81.571760,1.61e-06,5.8
907,-1.587361,-1.587361,29.076934,-1.575118,-1.575118,30.034781,2.12e-06,5.7
920,-1.291911,-1.291912,40.637571,-0.574244,-0.574244,81.335646,1.57e-06,5.4
908,-1.588619,-1.588619,29.069852,-1.565130,-1.565130,30.275143,2.07e-06,5.5
921,-1.288083,-1.288084,40.784912,-0.580146,-0.580146,81.351799,1.53e-06,5.8
909,-1.586304,-1.586304,29.004618,-1.567984,-1.567984,30.173825,2.03e-06,5.5
922,-1.291319,-1.291321,40.875822,-0.569464,-0.569464,81.401795,1.49e-06,5.5
910,-1.584510,-1.584510,29.288398,-1.558025,-1.558025,30.457985,1.99e-06,5.6
923,-1.290805,-1.290806,40.718384,-0.578741,-0.578741,81.462421,1.46e-06,5.4
911,-1.586434,-1.586434,29.253756,-1.579432,-1.579432,29.905252,1.94e-06,6.0
924,-1.287478,-1.287479,41.173855,-0.581532,-0.581532,81.369283,1.42e-06,5.5
912,-1.586802,-1.586802,29.149484,-1.577510,-1.577510,29.975480,1.90e-06,6.3
925,-1.291416,-1.291417,40.778548,-0.582460,-0.582460,81.359194,1.38e-06,5.2
926,-1.292438,-1.292439,40.811662,-0.578379,-0.578379,81.373658,1.35e-06,5.8
913,-1.586132,-1.586132,29.211575,-1.578881,-1.578881,29.974218,1.86e-06,6.3
914,-1.587364,-1.587364,29.151299,-1.555666,-1.555666,30.468671,1.81e-06,5.7
927,-1.295075,-1.295076,40.510720,-0.575434,-0.575434,81.323545,1.31e-06,6.5
915,-1.588232,-1.588232,29.069648,-1.576439,-1.576439,30.023468,1.77e-06,5.8
928,-1.290997,-1.290998,40.684192,-0.581430,-0.581430,81.401517,1.27e-06,5.6
929,-1.293609,-1.293610,40.536048,-0.575971,-0.575971,81.379700,1.24e-06,5.5
916,-1.587028,-1.587028,29.131911,-1.570366,-1.570365,30.172396,1.73e-06,6.2
917,-1.586315,-1.586315,29.133384,-1.556263,-1.556263,30.472420,1.69e-06,5.6
930,-1.291627,-1.291629,40.690776,-0.574438,-0.574438,81.468420,1.20e-06,6.2
931,-1.295852,-1.295853,40.468278,-0.578953,-0.578953,81.380095,1.17e-06,5.1
918,-1.585653,-1.585653,29.211223,-1.572309,-1.572309,30.087380,1.65e-06,5.7
932,-1.292459,-1.292461,40.625774,-0.575331,-0.575331,81.442181,1.14e-06,5.2
919,-1.586122,-1.586122,29.149402,-1.567025,-1.567025,30.270585,1.61e-06,5.6
933,-1.293311,-1.293312,40.654540,-0.573326,-0.573326,81.494607,1.10e-06,5.5
920,-1.588241,-1.588241,29.073761,-1.572667,-1.572667,30.102443,1.57e-06,5.7
934,-1.289857,-1.289858,40.991715,-0.575548,-0.575548,81.435100,1.07e-06,5.3
921,-1.586771,-1.586771,29.048753,-1.579067,-1.579066,29.944165,1.53e-06,5.6
935,-1.292311,-1.292312,40.656375,-0.578788,-0.578788,81.459396,1.04e-06,6.0
922,-1.587484,-1.587484,29.098863,-1.563460,-1.563460,30.269647,1.49e-06,5.7
936,-1.291905,-1.291908,40.728088,-0.578057,-0.578057,81.426070,1.01e-06,6.1
923,-1.586522,-1.586522,29.266294,-1.577526,-1.577526,30.009583,1.46e-06,5.7
937,-1.293236,-1.293237,40.605008,-0.578055,-0.578055,81.405107,9.76e-07,5.9
924,-1.587862,-1.587862,28.980807,-1.565517,-1.565517,30.237829,1.42e-06,5.9
938,-1.293356,-1.293357,40.440763,-0.576696,-0.576696,81.355810,9.45e-07,5.9
925,-1.585556,-1.585556,29.156579,-1.548355,-1.548354,30.643984,1.38e-06,5.8
939,-1.292504,-1.292505,40.560673,-0.577694,-0.577694,81.313390,9.15e-07,5.5
926,-1.586975,-1.586975,29.177270,-1.564710,-1.564710,30.301646,1.35e-06,5.5
940,-1.293427,-1.293428,40.562479,-0.581672,-0.581672,81.483529,8.86e-07,5.7
927,-1.587496,-1.587496,29.131185,-1.563467,-1.563467,30.265841,1.31e-06,5.5
941,-1.292725,-1.292728,40.558784,-0.582666,-0.582666,81.409557,8.56e-07,5.5
928,-1.586923,-1.586923,29.102989,-1.565826,-1.565826,30.216288,1.27e-06,5.9
942,-1.289751,-1.289752,40.855831,-0.583307,-0.583308,81.392672,8.28e-07,5.7
929,-1.587148,-1.587148,29.002977,-1.566492,-1.566492,30.255762,1.24e-06,5.6
943,-1.290657,-1.290658,40.966803,-0.582740,-0.582740,81.382375,8.00e-07,6.0
930,-1.586571,-1.586571,29.152048,-1.567232,-1.567231,30.266002,1.20e-06,5.7
944,-1.292912,-1.292913,40.579656,-0.580824,-0.580824,81.395703,7.72e-07,5.5
931,-1.586904,-1.586904,29.117471,-1.570128,-1.570128,30.185424,1.17e-06,5.7
945,-1.292230,-1.292231,40.859554,-0.581600,-0.581600,81.324131,7.45e-07,5.9
932,-1.586507,-1.586507,29.175426,-1.554985,-1.554984,30.490396,1.14e-06,5.7
946,-1.292426,-1.292427,40.537549,-0.582628,-0.582628,81.352052,7.18e-07,5.7
933,-1.586662,-1.586662,29.221370,-1.571180,-1.571180,30.130078,1.10e-06,5.6
947,-1.289484,-1.289485,40.862786,-0.585658,-0.585658,81.402866,6.91e-07,5.3
934,-1.589127,-1.589127,28.928862,-1.582642,-1.582642,29.868402,1.07e-06,5.6
948,-1.292887,-1.292888,40.628680,-0.584878,-0.584878,81.402154,6.66e-07,5.5
935,-1.586107,-1.586107,29.214845,-1.564443,-1.564443,30.326831,1.04e-06,5.4
949,-1.294836,-1.294837,40.488408,-0.581507,-0.581507,81.335006,6.40e-07,6.1
936,-1.588648,-1.588648,28.947571,-1.566778,-1.566778,30.202735,1.01e-06,6.1
950,-1.289447,-1.289448,40.934504,-0.581928,-0.581928,81.423913,6.16e-07,5.5
937,-1.587767,-1.587767,29.172283,-1.571507,-1.571506,30.138450,9.76e-07,5.4
951,-1.292255,-1.292256,40.817227,-0.577649,-0.577649,81.375311,5.91e-07,5.9
938,-1.587381,-1.587381,29.064673,-1.570406,-1.570406,30.149197,9.45e-07,6.2
952,-1.292562,-1.292563,40.673828,-0.578154,-0.578154,81.399029,5.67e-07,5.9
939,-1.588312,-1.588312,29.037108,-1.572227,-1.572227,30.134586,9.15e-07,5.8
953,-1.293193,-1.293194,40.572881,-0.576705,-0.576705,81.320163,5.44e-07,5.8
940,-1.588970,-1.588970,28.916157,-1.553323,-1.553323,30.519594,8.86e-07,5.6
954,-1.291751,-1.291752,40.594930,-0.579587,-0.579587,81.369403,5.21e-07,5.1
941,-1.587851,-1.587851,29.048481,-1.572501,-1.572501,30.085224,8.56e-07,6.1
955,-1.290836,-1.290837,40.776335,-0.584044,-0.584044,81.390153,4.99e-07,5.5
942,-1.588502,-1.588502,28.996025,-1.567118,-1.567117,30.217694,8.28e-07,5.7
956,-1.291728,-1.291729,40.696683,-0.583847,-0.583847,81.362293,4.77e-07,5.2
943,-1.585483,-1.585483,29.196426,-1.570093,-1.570093,30.167989,8.00e-07,5.4
957,-1.287611,-1.287613,41.261469,-0.583214,-0.583214,81.431418,4.56e-07,6.0
944,-1.585559,-1.585559,29.202786,-1.573099,-1.573099,30.102132,7.72e-07,5.8
958,-1.293497,-1.293498,40.718176,-0.580144,-0.580144,81.398362,4.35e-07,5.5
945,-1.585456,-1.585456,29.200129,-1.574972,-1.574972,30.086449,7.45e-07,5.7
959,-1.291023,-1.291024,40.823088,-0.581785,-0.581785,81.398682,4.14e-07,5.4
946,-1.586659,-1.586659,29.164917,-1.568446,-1.568446,30.203000,7.18e-07,6.0
960,-1.290467,-1.290468,41.021062,-0.579207,-0.579207,81.402748,3.94e-07,5.9
947,-1.587273,-1.587273,29.314371,-1.562845,-1.562844,30.317298,6.91e-07,6.0
961,-1.293713,-1.293714,40.472678,-0.579460,-0.579460,81.474658,3.75e-07,5.3
948,-1.587425,-1.587425,29.208359,-1.570841,-1.570841,30.144429,6.66e-07,5.8
962,-1.292677,-1.292678,40.816214,-0.579585,-0.579585,81.436402,3.56e-07,5.7
949,-1.587136,-1.587136,29.237500,-1.564871,-1.564871,30.272186,6.40e-07,5.6
963,-1.292499,-1.292505,40.666976,-0.578331,-0.578332,81.440473,3.37e-07,5.8
950,-1.587796,-1.587796,29.015849,-1.563501,-1.563501,30.274464,6.16e-07,5.6
964,-1.290142,-1.290143,40.698399,-0.579150,-0.579150,81.397459,3.19e-07,5.8
951,-1.588873,-1.588873,29.100016,-1.563031,-1.563031,30.309865,5.91e-07,5.4
965,-1.292771,-1.292772,40.551821,-0.580059,-0.580059,81.424331,3.02e-07,5.8
952,-1.588675,-1.588675,29.117310,-1.560768,-1.560767,30.322560,5.67e-07,5.6
966,-1.293582,-1.293583,40.667738,-0.578387,-0.578387,81.424977,2.85e-07,5.7
953,-1.587208,-1.587208,29.128709,-1.561697,-1.561697,30.336476,5.44e-07,6.1
967,-1.293375,-1.293376,40.720107,-0.576814,-0.576814,81.441033,2.68e-07,5.5
954,-1.588183,-1.588183,29.067384,-1.566810,-1.566810,30.220270,5.21e-07,5.6
968,-1.291765,-1.291766,40.695868,-0.579393,-0.579393,81.437577,2.52e-07,6.1
955,-1.589237,-1.589237,28.931337,-1.567868,-1.567867,30.194893,4.99e-07,5.9
969,-1.292954,-1.292956,40.812632,-0.578404,-0.578404,81.452133,2.37e-07,5.9
956,-1.585880,-1.585880,29.223139,-1.564323,-1.564323,30.298528,4.77e-07,5.9
970,-1.290096,-1.290097,40.949736,-0.580673,-0.580673,81.430126,2.22e-07,5.7
957,-1.589074,-1.589074,28.917561,-1.564352,-1.564351,30.293454,4.56e-07,5.5
971,-1.293451,-1.293452,40.660461,-0.576597,-0.576597,81.519190,2.07e-07,5.7
958,-1.588251,-1.588251,29.056205,-1.562518,-1.562518,30.311384,4.35e-07,5.6
972,-1.295365,-1.295366,40.583537,-0.580882,-0.580882,81.430264,1.93e-07,5.7
959,-1.589353,-1.589353,28.929924,-1.563595,-1.563594,30.285971,4.14e-07,5.7
973,-1.293371,-1.293372,40.711926,-0.578147,-0.578147,81.413317,1.80e-07,5.7
960,-1.587287,-1.587287,29.011833,-1.564442,-1.564442,30.269199,3.94e-07,5.6
974,-1.292355,-1.292355,40.717308,-0.578727,-0.578727,81.425652,1.67e-07,5.7
961,-1.587148,-1.587148,29.178693,-1.567492,-1.567491,30.231882,3.75e-07,5.5
975,-1.292305,-1.292306,40.767822,-0.577077,-0.577077,81.442847,1.54e-07,5.9
962,-1.586305,-1.586305,29.229152,-1.565256,-1.565255,30.277659,3.56e-07,5.6
976,-1.295205,-1.295206,40.477443,-0.579591,-0.579591,81.403185,1.42e-07,5.6
963,-1.588094,-1.588094,29.023726,-1.571435,-1.571435,30.124005,3.37e-07,5.8
977,-1.291284,-1.291285,40.535659,-0.576461,-0.576461,81.447493,1.30e-07,5.7
964,-1.588624,-1.588624,29.028209,-1.568027,-1.568027,30.179394,3.19e-07,5.9
978,-1.293603,-1.293604,40.607372,-0.578580,-0.578580,81.430679,1.19e-07,5.9
965,-1.589205,-1.589205,28.887965,-1.564634,-1.564633,30.242623,3.02e-07,5.5
979,-1.292848,-1.292850,40.809387,-0.580751,-0.580751,81.416701,1.09e-07,6.1
966,-1.587762,-1.587762,29.069119,-1.566089,-1.566089,30.215323,2.85e-07,5.7
980,-1.293399,-1.293401,40.732697,-0.579314,-0.579314,81.442266,9.87e-08,5.8
967,-1.587686,-1.587686,29.054754,-1.566443,-1.566442,30.223476,2.68e-07,5.9
981,-1.290294,-1.290294,40.897447,-0.579091,-0.579091,81.405379,8.90e-08,6.1
968,-1.589159,-1.589159,28.920262,-1.567056,-1.567056,30.179916,2.52e-07,6.0
982,-1.292640,-1.292641,40.862551,-0.580030,-0.580030,81.396996,7.99e-08,6.3
969,-1.589229,-1.589229,28.866979,-1.561875,-1.561875,30.315870,2.37e-07,5.3
983,-1.290184,-1.290185,40.664002,-0.576917,-0.576917,81.454388,7.13e-08,5.4
970,-1.588238,-1.588238,29.104048,-1.569573,-1.569573,30.146805,2.22e-07,5.6
984,-1.290539,-1.290540,40.988168,-0.578856,-0.578856,81.422500,6.32e-08,5.1
971,-1.588761,-1.588761,29.072171,-1.563332,-1.563332,30.292704,2.07e-07,5.5
985,-1.293132,-1.293133,40.674627,-0.580045,-0.580045,81.436477,5.55e-08,5.5
972,-1.587738,-1.587738,29.054893,-1.569387,-1.569386,30.149377,1.93e-07,6.1
986,-1.291771,-1.291772,40.686070,-0.580399,-0.580399,81.381355,4.84e-08,6.0
973,-1.588910,-1.588910,28.931621,-1.566030,-1.566030,30.230654,1.80e-07,5.4
987,-1.291582,-1.291583,40.626924,-0.579838,-0.579838,81.437228,4.17e-08,5.3
974,-1.586891,-1.586891,29.212954,-1.567190,-1.567190,30.223022,1.67e-07,5.6
988,-1.294096,-1.294097,40.441760,-0.580619,-0.580619,81.402416,3.55e-08,5.4
975,-1.587521,-1.587521,29.025786,-1.568937,-1.568937,30.174608,1.54e-07,5.5
989,-1.291474,-1.291475,40.827415,-0.580116,-0.580116,81.429502,2.99e-08,5.5
976,-1.587490,-1.587490,29.134847,-1.566716,-1.566716,30.240976,1.42e-07,5.8
990,-1.291042,-1.291043,40.752575,-0.578771,-0.578771,81.475037,2.47e-08,5.1
977,-1.585750,-1.585750,29.256385,-1.568267,-1.568267,30.209511,1.30e-07,5.5
991,-1.293889,-1.293891,40.558896,-0.578734,-0.578734,81.410983,2.00e-08,5.3
978,-1.588271,-1.588271,28.900978,-1.568363,-1.568363,30.207717,1.19e-07,5.4
992,-1.289623,-1.289624,40.878545,-0.581847,-0.581847,81.417620,1.58e-08,5.4
979,-1.587620,-1.587620,29.089421,-1.569510,-1.569509,30.170051,1.09e-07,6.1
993,-1.295295,-1.295296,40.397677,-0.580889,-0.580889,81.404153,1.21e-08,5.2
980,-1.588962,-1.588962,28.927055,-1.568464,-1.568464,30.190859,9.87e-08,5.6
994,-1.288764,-1.288765,40.983979,-0.579837,-0.579837,81.388645,8.88e-09,5.6
981,-1.588255,-1.588255,29.075489,-1.566303,-1.566303,30.243812,8.90e-08,5.9
995,-1.292688,-1.292689,40.912009,-0.580195,-0.580195,81.419879,6.17e-09,5.6
982,-1.590193,-1.590193,28.865378,-1.564845,-1.564845,30.268961,7.99e-08,5.7
996,-1.293106,-1.293107,40.756078,-0.578895,-0.578895,81.410977,3.95e-09,5.8
983,-1.587659,-1.587659,28.989059,-1.566893,-1.566893,30.227202,7.13e-08,5.9
997,-1.294126,-1.294127,40.573892,-0.579607,-0.579607,81.457413,2.22e-09,5.4
984,-1.587927,-1.587927,29.097692,-1.564903,-1.564903,30.261723,6.32e-08,5.6
998,-1.294564,-1.294565,40.595964,-0.579713,-0.579713,81.443714,9.87e-10,5.7
985,-1.589820,-1.589820,28.937334,-1.565915,-1.565915,30.231112,5.55e-08,5.3
999,-1.292387,-1.292388,40.896513,-0.579679,-0.579679,81.414459,2.47e-10,6.0
986,-1.587768,-1.587768,29.167805,-1.566970,-1.566969,30.205610,4.84e-08,5.7
1000,-1.295106,-1.295107,40.534260,-0.580256,-0.580256,81.420536,0.00e+00,5.4
987,-1.587528,-1.587528,29.133603,-1.567320,-1.567320,30.203118,4.17e-08,5.4
988,-1.586890,-1.586890,29.081653,-1.566983,-1.566982,30.216566,3.55e-08,5.4
989,-1.586713,-1.586713,29.135383,-1.568431,-1.568431,30.186396,2.99e-08,5.2
990,-1.591179,-1.591179,28.676619,-1.567733,-1.567733,30.192645,2.47e-08,5.3
991,-1.587220,-1.587220,29.003281,-1.566454,-1.566454,30.215222,2.00e-08,5.2
992,-1.587551,-1.587551,29.066972,-1.566332,-1.566331,30.231137,1.58e-08,5.3
993,-1.587056,-1.587056,29.245189,-1.566149,-1.566149,30.234533,1.21e-08,5.3
994,-1.584969,-1.584969,29.271910,-1.566926,-1.566926,30.215749,8.88e-09,5.8
995,-1.586669,-1.586669,29.152424,-1.566725,-1.566724,30.224565,6.17e-09,5.5
996,-1.587295,-1.587295,29.130513,-1.566923,-1.566922,30.211262,3.95e-09,5.8
997,-1.589355,-1.589355,28.884024,-1.566899,-1.566898,30.217727,2.22e-09,6.0
998,-1.587547,-1.587547,29.001269,-1.566791,-1.566791,30.218984,9.87e-10,5.5
999,-1.588927,-1.588927,28.931524,-1.566762,-1.566762,30.227088,2.47e-10,5.2
1000,-1.587414,-1.587414,29.223869,-1.566775,-1.566775,30.222507,0.00e+00,5.7
