epoch,train_loss,train_nll,train_nll_nonctx,train_kl,beta,train_var_min,train_var_mean,train_var_max,train_mae,val_loss,val_nll,val_nll_nonctx,val_kl,val_var_min,val_var_mean,val_var_max,val_mae
1,1.6797092073368576,1.6797092073368576,1.7892736758825913,17.234743080049192,0.0,0.5636196289352089,2.3608683538886734,4.780044303750092,142.17278851203199,13.985359393225774,1.1843368583255345,1.2580637004640367,12.801022667355008,0.44315677218967015,1.067757429016961,2.099731953938802,107.88314683702258
2,0.9682500452365516,0.9443870344251957,1.1174669940516633,11.931505884764329,0.002,0.09809623939811059,0.6478271045774784,1.691226934486965,109.5682945971219,9.447273540496825,0.7023965742852952,0.795594663090176,8.744877031114367,0.033042713213298054,0.47132282124625313,0.992807658513387,92.93775668674046
3,0.7152865557175763,0.6739399146358922,0.8050357575686473,10.336659197537404,0.004,0.019954133963317803,0.43397502797954485,1.04875127099595,92.20719852087633,6.898245779673259,0.5119015521473355,0.5914244261052873,6.38634418381585,0.018337312568393018,0.4144895639684465,0.7947211689419217,81.51791500515408
4,0.6127267491142705,0.56641785941034,0.7225080582330812,7.718147873878479,0.006,0.02202345892119239,0.3785357728319348,0.8684640942879442,88.80754046170216,4.587067201402451,0.5214818914731344,0.5824014683564503,4.065585337744819,0.01574222669005394,0.40754828055699666,0.792900702688429,79.87950252956814
5,0.5246150614518039,0.48979590383340726,0.6287013761839777,4.352394141116232,0.008,0.014576166811100435,0.36658515570298683,0.8681228138365835,85.58768722246278,2.708066346910265,0.8072157972388797,0.9096049812104967,1.900850566228231,0.00279864526560737,0.3295779870616065,0.6613042685720656,80.78263804117839
6,0.5769600103486259,0.5504785620097844,0.7729938044300619,2.6481450076373116,0.01,0.012845576022540764,0.34394177569533296,0.7324685791753373,92.78549712558963,1.7363930145899455,0.7033214277691311,0.851914111773173,1.0330715907944574,0.035273957293894556,0.35402935213512843,0.7112445248497857,90.50026974148223
7,0.4934495771830937,0.46232848009973204,0.6230017604692927,2.593424627241099,0.012,0.010275281069554248,0.3627676210313473,0.8339797337100191,88.85285647410267,1.071649976571401,0.2585984660519494,0.3256852040688197,0.8130515151553683,0.004359616515123182,0.35190389355023705,0.6960930201742385,74.37644729614257
8,0.2621144040241697,0.23258192845145767,0.39123304244482293,2.1094624433877334,0.014,0.003232211968422217,0.3247690847459829,0.7145702265343576,84.99938403435473,1.118463893731435,0.5697355111440022,0.6991973254415724,0.5487283766269684,0.0012490932596847415,0.3306742701265547,0.6228208210733202,79.40840352376303
9,0.23638178398481235,0.21242387932813112,0.4178517481206723,1.497368981253426,0.016,0.0021414011299504703,0.3356525808010461,0.7098821244149838,88.87733574633329,0.7952179167005752,0.32408751282427045,0.40827541218863594,0.4711304095056322,0.005007256339821551,0.34032022025850084,0.680277144908905,75.31907391018338
10,0.15248416784166727,0.1261514695405187,0.26955271280757237,1.4629277710644704,0.018,0.002271609826733903,0.3099955916404724,0.65782205338748,80.94196017283313,0.38532924403746927,-0.0030310615185751683,0.07783827218744489,0.38836030628946094,0.0017046149225077695,0.3243333637714386,0.6736561417579651,73.7536243862576
11,0.011653544750275477,-0.02209291330819844,0.1433879369013187,1.6873229489011585,0.02,0.0011788596210228104,0.32510040053781475,0.6986283592458041,84.85056643216114,0.15477535426616668,-0.1216174981660313,-0.03530680570337508,0.27639285292890337,0.0010681886407029298,0.2809183809492323,0.5863340788417393,71.46511662801107
12,0.013956057364648243,-0.02194637365700712,0.09973512318002868,1.6319286986342016,0.022,0.0011110112690454665,0.3085790158442731,0.6942914409457512,78.55015254470537,0.1425828958551089,-0.08598402397603624,0.009603364163518159,0.22856691910160912,0.0010442628137146434,0.28772843811247084,0.65484598742591,75.41481128268772
13,-0.10626304163685385,-0.13465501805591695,0.08879113931402143,1.1829990019213479,0.024,0.0010231923101083288,0.2866060801272122,0.6412998291681398,84.84737079548385,0.08394421024454965,-0.1274304729498302,-0.0053411061720301705,0.2113746840092871,0.0010130249429494143,0.2860061758094364,0.6649453520774842,74.13099127875434
14,-0.10416164748230071,-0.13506800772727662,0.022246210629401623,1.1887061460962836,0.026,0.0010179163435614616,0.2933204219026386,0.7113897114429834,79.53905854135189,0.04415618479251861,-0.11985218822956085,-0.03461643047630787,0.16400837285651101,0.0010141317137620516,0.28220070269372727,0.6972295549180773,67.91696251763238
15,-0.13437665144930472,-0.1613162792164762,0.01568676820595942,0.9621295304793231,0.028,0.001017809902616548,0.27521781285978714,0.6833969838214371,79.1547343416034,-0.028428047729863064,-0.16870023289488423,-0.05798118348724933,0.14027218537198172,0.0010080972272488806,0.25733641452259487,0.6477311094601949,67.60907440185548
16,-0.14089620492930682,-0.17180401228921804,-0.010624960588756949,1.0302602676850445,0.03,0.0010121944294539543,0.2627596163524772,0.7244468342583135,75.18513301633439,0.021455418897999658,-0.08348967745486233,-0.013450366305187344,0.10494509612520536,0.0010116950919230778,0.2545964575476117,0.6798202501402961,64.84488610161675
17,-0.11162641653263906,-0.14161452007884123,0.05674635301858081,0.9371281676697281,0.032,0.00102651947098872,0.25660924107398625,0.7680129701236509,77.12604321173902,-0.13445685654878614,-0.23576554705699285,-0.16363169675072034,0.10130869009428554,0.0010191481275897887,0.24254333641793993,0.6832108153237237,61.04183264838324
18,-0.18573895898067727,-0.21526767390797724,-0.005283308136364761,0.8684915821507292,0.034,0.0010100013932283476,0.24296372650929218,0.8593947707482104,76.02936006941886,0.05172416385677125,-0.0663555673427052,0.02462788629345596,0.118079731033908,0.001005106745287776,0.24331790374384987,0.9284825762112935,61.87971369425455
19,-0.19673697074066918,-0.22993100819371218,0.022037971812028018,0.9220566327841777,0.036,0.0010080006092189338,0.23588255272721345,0.9719247773008527,78.19019756677015,-0.06305008050468232,-0.17841414691259463,-0.06357835461385548,0.11536406626303991,0.0010025487772913444,0.23665935165352292,0.993200523323483,70.64060626559788
20,-0.2020709735323798,-0.23730774759973908,-0.04715022264171462,0.9272835406492341,0.038,0.0010045104976392017,0.23615248866800992,1.1602514746054164,71.78864381898124,-0.13124114688899782,-0.21608041723569235,-0.11159257952951723,0.08483927109175259,0.001002129966703554,0.25387601951758065,1.3330896496772766,63.035423278808594
21,-0.22182882745873253,-0.25637040926881555,-0.040489574843789185,0.8635395815912282,0.04,0.001003863935727837,0.22282792571580634,1.2820955065061461,71.16912208413179,-0.021355617377493117,-0.08941981765545076,0.05169789037253294,0.06806419988473257,0.0010012765415012836,0.20365849634011587,1.1883356942070855,62.06866616143122
22,-0.24532370634798734,-0.2775064662872058,-0.07497771356676547,0.766256219373559,0.042,0.0010028165207191739,0.22483335182351885,1.3594888853576947,68.98625895662128,-0.11061282927791277,-0.18003644280963474,-0.08924073944799601,0.06942361253831121,0.0010015142486534184,0.26000396774874796,1.2321825716230603,69.81654654608832
23,-0.25778735161952254,-0.2852748927642714,-0.045018513335512496,0.6247168267672917,0.044,0.001002583624180055,0.2430889218483331,1.465260627134791,72.55332522122364,-0.291609457300769,-0.35107050836086273,-0.22851149357027478,0.059461051722367604,0.0010008061045987738,0.2398689995209376,1.4172254535886977,60.71816296047634
24,-0.31475568239418966,-0.34866449855408577,-0.11125575870556652,0.7371482213713089,0.046,0.0010013374838240023,0.21953939463732378,1.444224791706733,69.50807549818506,-0.333917706211408,-0.38968758251931934,-0.24583566130863296,0.055769878129164376,0.0010003556057603823,0.20294541749689315,1.2857366773817274,57.84815054999457
25,-0.312199408293895,-0.3452338998047811,-0.13846744223989826,0.6882185663254756,0.048,0.001000837811690597,0.2278914876141638,1.488403302318645,67.31480040640201,-0.3639077911774317,-0.4020727422502306,-0.27657357826828954,0.03816495248013073,0.001000452287391656,0.2543102777666516,1.51272341410319,56.96052568223742
26,-0.3226189908553969,-0.3471277432059342,-0.13736265385523438,0.49017502283150294,0.05,0.0010009219536100918,0.22612362959474888,1.445660118786794,65.68797597345316,-0.3446994798050987,-0.37804313831859165,-0.24097454597552617,0.03334365809957186,0.0010005949375530084,0.2419164021809896,1.3661943382687038,56.81159956190322
27,-0.3268552551854332,-0.35763264292815944,-0.11740474399390086,0.5918728520847717,0.052,0.0010011013715861823,0.22521403797392575,1.4221043609223276,68.82185428547409,-0.30613607847028307,-0.344410886698299,-0.2352671357492606,0.03827480781409476,0.001001246656394667,0.2572788238525391,1.4834486696455214,57.64693417019314
28,-0.31231211955254934,-0.3558947455208257,-0.13284213564200503,0.8070856493036702,0.054,0.001001021372294932,0.22244687856368298,1.3151298806352436,67.77246460824642,-0.3510891023609373,-0.38820649186770123,-0.25337971068090864,0.03711738975511657,0.0010004744606299533,0.23478338917096456,1.3960384130477905,57.83996480305989
29,-0.33793965755206234,-0.36510634113032864,-0.15262423357750587,0.48511934336626306,0.056,0.0010005627113025425,0.21887673887441744,1.3099676809220944,65.13290858718584,-0.31829653084278103,-0.34967019690407647,-0.2708180452386538,0.03137366597851118,0.001000397755867905,0.24448686242103576,1.4136362738079495,55.458587137858075
30,-0.3707838075340919,-0.3903124363354917,-0.1374833189161881,0.3367005204254726,0.058,0.0010006506685694715,0.21133761613998772,1.270892451394279,68.1753935184119,-0.4155166523324119,-0.4412611179881626,-0.2945692261060079,0.025744466483592986,0.0010002712279351222,0.17724933723608652,1.2114184233877394,55.271078915066184
31,-0.4080898959962827,-0.42708600101605904,-0.16393380745683075,0.3166017931587291,0.06,0.001000370070303105,0.19187041920311046,1.2463463736030291,65.01641701752285,-0.42484323316150246,-0.44840488301383125,-0.3199607508050071,0.023561646789312364,0.0010002090181741449,0.17948355078697203,1.1548130167855157,52.00446590847439
32,-0.4075149098094904,-0.4272539534096448,-0.2323858470849271,0.31837169938492327,0.062,0.0010003761524545415,0.1975414370590786,1.2182257456599541,59.53038233631062,-0.45022694600953,-0.46932181119918825,-0.33148452324999705,0.0190948658519321,0.001000169698252446,0.1692649546596739,1.0815218938721551,53.48740437825521
33,-0.40210421481784786,-0.4256974022905782,-0.19618888557800707,0.368643489929865,0.064,0.0010003573173340762,0.19971245583498254,1.1396398499326885,64.25587772873213,-0.41827871799468996,-0.43646518455611333,-0.2747195851471689,0.01818646631307072,0.001000235330623885,0.17395987411340078,1.0636921948856777,54.206564076741536
34,-0.4229168176369847,-0.44001543128265524,-0.16027419745289492,0.25906989723443985,0.066,0.0010004506209197472,0.1698664162518843,0.8862345387350838,63.36463050122531,-0.48240580492549473,-0.4984252333641052,-0.3403148726456695,0.016019425210025577,0.001000238755821354,0.15630628367265065,0.8260457833607991,53.43190697564019
35,-0.44671892894888826,-0.46368105681437366,-0.22535039407183538,0.2494430068247723,0.068,0.0010002910199065536,0.17402721997701898,0.8585479248244807,59.927025273161114,-0.5013787733183966,-0.5161565429634518,-0.38040859467453425,0.014777768899997075,0.0010001411739115915,0.15670175353686014,0.8084514207310147,50.62850748697917
36,-0.4129262001446958,-0.431532657652531,-0.1811480325172251,0.26580652917893427,0.07,0.001000415109853559,0.17413342111515548,0.8253096668225415,62.3455939382877,-0.4973610427644518,-0.5107236954900953,-0.4034910831186507,0.013362650987174776,0.0010004189356954561,0.1721232470538881,0.8772850010130141,48.35189225938585
37,-0.4675777042811772,-0.48244097041633893,-0.19136968448336394,0.2064342902235265,0.072,0.00100033524674627,0.1696468990928722,0.7889584235425265,63.576789568055354,-0.49850330419010586,-0.5102318876319462,-0.34263900650872126,0.01172858037882381,0.0010001409514289762,0.13258242458105088,0.7529505941602919,51.61767179701063
38,-0.4696633880079355,-0.4828014144638799,-0.17530626199155483,0.1775409180741265,0.074,0.0010002028715427754,0.1642010694123664,0.8001894366066411,64.58836256782963,-0.5480773978763157,-0.5596491992473602,-0.39427561826176116,0.011571803440650305,0.0010000752699044016,0.14194592336813608,0.8137851397196452,49.73568471272787
39,-0.49772679074755255,-0.5109408694618153,-0.2546412018995363,0.17386948795251125,0.076,0.0010001483364557883,0.15140540813500025,0.7614699905773379,58.58056597439748,-0.562164299355613,-0.5728353533479903,-0.42515984574953714,0.010671051426066292,0.0010000887973647978,0.16734032233556112,0.9033084856139288,47.38098534478082
40,-0.5376916696440499,-0.5458491292764556,-0.2383015508618522,0.10458280188295077,0.078,0.0010001230984926224,0.1449147086098509,0.7417193212599125,59.798463497521745,-0.48255185286204016,-0.49111954073111214,-0.32780622934094733,0.008567688365777334,0.0010000747214588854,0.14322676559289296,0.7914760152498881,52.43046858045789
41,-0.47893371496279286,-0.4922386915335115,-0.2601641738822438,0.16631221904788376,0.08,0.001000183329144317,0.15624795038745087,0.8388620704974769,57.635813227239645,-0.5142622821860844,-0.5260139339500003,-0.378797905643781,0.011751654164658652,0.0010001605997482935,0.16553460028436448,0.924021225505405,50.36405029296875
42,-0.5052480661081817,-0.5138193768150402,-0.26127051217657216,0.1045281744368796,0.082,0.001000256279817308,0.14542043265306726,0.7752721006015562,56.24948947834519,-0.5931647883521186,-0.5996340837743547,-0.44057353734970095,0.006469296167294184,0.0010001328851406773,0.1325395103957918,0.8159990111986796,46.27954635620117
43,-0.5222962723588044,-0.5335002873303756,-0.320303848610734,0.1333811287328882,0.084,0.001000175470011836,0.15000124528722944,0.7969062721954202,55.057943524054764,-0.5823642611503601,-0.5914796557691362,-0.429400149318907,0.009115395860539542,0.0010000532208424475,0.10433844327926636,0.7185549815495809,46.91371078491212
44,-0.5608225982144194,-0.5715309055346363,-0.35510993394824975,0.12451514601707458,0.086,0.0010001098293424496,0.13451404138556067,0.773972453936091,51.212682903937576,-0.6053640908665128,-0.6110539846950107,-0.4673824283811781,0.005689890268776152,0.0010000530526869827,0.1146308195259836,0.7842381079991658,45.33867094251845
45,-0.532114436041634,-0.5405561204226512,-0.32770791445981784,0.09592825328966356,0.088,0.0010002454993192037,0.13697752820433312,0.7929375419076884,52.8953549367077,-0.6270861440234714,-0.6328088488843706,-0.4636320349242952,0.0057227041158411235,0.0010001113664151893,0.09802096121841007,0.6769679453637865,44.19908142089843
46,-0.6201685458984015,-0.6263086492160581,-0.3437255077917384,0.06822339311804411,0.09,0.0010001245372102789,0.12152699057785969,0.7522493634583816,52.84398514369749,-0.5604189813137055,-0.5645729349719153,-0.4477727242641979,0.004153956804010603,0.0010000340019663174,0.10979141857888963,0.8674488597446017,43.78626463148329
47,-0.6190095397661317,-0.6249349297217603,-0.342212384180078,0.06440638237685528,0.092,0.0010000790978940029,0.11895566967860707,0.7421505743602537,52.18996004788381,-0.6459203514787887,-0.6501424855656094,-0.5032913658354018,0.004222136487563451,0.0010000443888000315,0.10500496824582418,0.7520022908846538,41.867667304144966
48,-0.6164937379225245,-0.6218875101152456,-0.32708798032605424,0.0573805515074505,0.094,0.0010001085443808785,0.12092153826412165,0.7665747955160321,54.13085001819539,-0.4638161698977153,-0.46729720019631915,-0.43245624237590363,0.0034810342722468904,0.0010000341675347752,0.10731257034672631,0.78632316854265,44.652061038547096
49,-0.6172519067548355,-0.6222414486813095,-0.35095797985229854,0.051974400877952576,0.096,0.0010001002854825754,0.12039972701162663,0.7776609839133497,51.53051210799307,-0.6036092248227861,-0.6068265060583751,-0.43084298206700217,0.0032172789176305133,0.0010000526542878812,0.11433229910002815,0.9215444737010532,44.79749069213867
50,-0.6371009192376766,-0.6421943143853601,-0.3975808321726772,0.05197343420026437,0.098,0.001000124620677868,0.11697318784470828,0.7740346772490807,49.56114031233877,-0.7255958875020345,-0.7283160660001967,-0.5736442400349511,0.0027201788292990792,0.0010000304112003909,0.07747187912464142,0.6529335459073384,38.27448497348361
51,-0.6991640149422411,-0.7030112827723881,-0.41823542750668974,0.038472689547628725,0.1,0.001000074863012107,0.09793230638189136,0.6957755954760425,47.85310111855561,-0.7413111315833197,-0.7435179432233174,-0.594802752468321,0.002206814785798391,0.0010000158023710053,0.09499479697810279,0.7905261940426297,38.0844236585829
52,-0.6665980534733467,-0.6710476217404852,-0.39535924363529906,0.04362323114051009,0.102,0.001000064987478391,0.10949671380924729,0.7594216741480917,49.39852566988963,-0.7161879135502711,-0.7189292364650303,-0.5649903509351942,0.002741320100095537,0.0010000254726037384,0.09254194994767508,0.8988703754213121,37.97319399515788
53,-0.6764191422822341,-0.6820527303893611,-0.4240267056058038,0.05416907531754026,0.104,0.001000042312848821,0.10583581972234654,0.7797156898480542,47.44410568813108,-0.729248603185018,-0.7317428125275506,-0.594233728117413,0.002494211412138409,0.0010000185523596076,0.07822208470768399,0.787905654642317,37.09464937845866
54,-0.6674012963501912,-0.6737346789746914,-0.4452229538616144,0.059748901651715335,0.106,0.0010000409290440522,0.11193529010381338,0.8200708335300662,46.32086365177946,-0.6812267389562395,-0.6841791093349456,-0.49595542384518515,0.002952365494436688,0.001000017760735419,0.0773410474260648,0.7904449774159326,40.520168940226235
55,-0.7151301705612326,-0.7197996175514078,-0.49000601892201406,0.04323559282523281,0.108,0.001000040841183432,0.09356345517455407,0.7317449675416047,43.43423713828033,-0.7287273698382909,-0.7304479850663079,-0.5525628632969326,0.001720617628759808,0.0010000249940074152,0.0775364703602261,0.7459038310580783,39.12685462103949
56,-0.7090514785838578,-0.7132084110997757,-0.4836375932648497,0.03779027575872979,0.11,0.0010000523509246842,0.09649742001070166,0.7781992543418452,43.30409859711269,-0.7497843517197503,-0.7516513400607638,-0.5940402150154114,0.001866984615723292,0.0010000146821969086,0.10793797125418982,0.9646848506397672,37.06044057210286
57,-0.7071206648394747,-0.7115796523274116,-0.4468824717233766,0.0398123654413898,0.112,0.0010000458777934876,0.09086699868148228,0.7306273568351314,43.259308221205224,-0.6642782734500038,-0.666338688797421,-0.5089999013476901,0.0020604172514544594,0.0010000342425579825,0.08371174683173498,0.7816248688432905,36.9827584584554
58,-0.6640546004164893,-0.6684597387628736,-0.423574284035361,0.03864157994119626,0.114,0.0010002430897416933,0.09124947585306077,0.7170323257176381,43.10821795913408,-0.7469242903921338,-0.7487370067172581,-0.5770096792115106,0.0018127163251241047,0.0010000516220720279,0.0744234937760565,0.809043726656172,35.217301008436415
59,-0.781590574192551,-0.784919189956953,-0.4917564858805458,0.02869496318810391,0.116,0.00100010408106137,0.08309605823091741,0.7569597689610608,43.357072290384544,-0.8013038794199627,-0.8026402248276605,-0.6329100410143534,0.001336344000365999,0.0010000300076272752,0.07679376420047548,0.8017579562134213,35.1899604373508
60,-0.807011882089219,-0.8092991990863152,-0.5143478666695783,0.019384046137895225,0.118,0.0010000675925457814,0.0773399237473056,0.7015116282229154,42.14484430708975,-0.703658151626587,-0.7047376950581868,-0.6163282348050012,0.0010795397063096364,0.0010000325946344269,0.06821798773275481,0.7829425891240438,35.215780342949756
61,-0.7558549844993735,-0.7585362628945764,-0.46527586033884083,0.022343966758476115,0.12,0.0010000722447656236,0.08977300547203927,0.7917959836294066,44.10827723089254,-0.7375753376219009,-0.7393472280767229,-0.5468684997823503,0.0017718917793697782,0.001000025382058488,0.06489608411987623,0.7920047667291429,36.00373340182834
62,-0.7773315630993753,-0.7807785874267794,-0.5272198180263897,0.028254309633992752,0.122,0.0010000475713069427,0.08348305579626335,0.7853496726953758,40.81425972704618,-0.780203268263075,-0.7817327234480116,-0.6328180273373921,0.0015294521219200558,0.00100001385435462,0.0658194282816516,0.7402249197165172,34.922958585951065
63,-0.7753820790434783,-0.7788504474567917,-0.5454429986904252,0.027970697098183183,0.124,0.0010000446367622266,0.08431555864945897,0.7861912497934306,40.19963494786676,-0.6758184691270193,-0.6772231254312727,-0.5596264203389486,0.0014046559731165568,0.0010000163301204642,0.07907249132792155,0.8992677728335062,35.89046575758193
64,-0.7960380703773139,-0.800174096282923,-0.5020366810121626,0.0328256146244283,0.126,0.0010000361142820627,0.08226186599371568,0.7538154316398332,43.0295177315766,-0.8161394768291051,-0.8179001410802206,-0.6494976725843218,0.001760663671625985,0.0010000102066745362,0.06023178415166007,0.7471942981084188,33.18951267666287
65,-0.7847115341222511,-0.7883865917628666,-0.5381478491537975,0.028711395303033432,0.128,0.0010000329117624547,0.08495968840313407,0.8669332816915692,39.974369480924786,-0.8577934728728401,-0.8591514931784736,-0.6784780429469215,0.0013580192294385697,0.0010000161179858776,0.0759548447198338,0.9437345213360256,32.592346827189125
66,-0.7423988022613075,-0.7482855367772984,-0.489842540074913,0.045282569766606925,0.13,0.0010000340144132387,0.10701783767567491,1.0252287483440254,42.83642351402427,-0.8420307013723587,-0.844081171353658,-0.6602037125163608,0.0020504718025525412,0.001000010170456436,0.06805468243029382,0.8391113301118215,33.664927079942494
67,-0.8093841300820405,-0.8131059992988154,-0.5515157418009246,0.02819596638657012,0.132,0.0010000214064142332,0.07766611171218585,0.7618788671943376,39.66125052829958,-0.8173945281240674,-0.8186482098367479,-0.6411842895878685,0.001253680967622333,0.001000009779818356,0.0817811544570658,0.8059738039970398,34.308017645941845
68,-0.8534961354057744,-0.8562584238232307,-0.5915837313909575,0.020614114291263076,0.134,0.0010000304824163049,0.07036033968599338,0.7357530278979607,37.63070408803112,-0.8373896724647947,-0.8385787824789683,-0.6335584766334957,0.0011891141533851624,0.0010000136370460191,0.052804841018385354,0.6450327919589148,34.074290635850694
69,-0.8482257718185209,-0.8510286065767396,-0.6027977120763851,0.020609096465808042,0.136,0.001000027385329441,0.0692866455130982,0.7564967657035252,36.98510965311302,-0.862640314631992,-0.8633756226963467,-0.6834569374720255,0.0007353074020809597,0.0010000096220109198,0.05508403480052948,0.8037545051839616,32.34715822007921
70,-0.847755788632159,-0.8512353942079364,-0.5753240509415573,0.02521452272556863,0.138,0.0010000419196725455,0.07396790476621322,0.8243677065057574,38.40351640953208,-0.8059638460477193,-0.806882209248013,-0.6252624279922909,0.0009183629519409603,0.0010000133835193184,0.05994568152560128,0.7964939594268798,33.59686330159506
71,-0.8359705271585932,-0.8388644625555794,-0.5919913774321102,0.020670961307467154,0.14,0.0010000292106338267,0.07085609091621525,0.7431228644443009,37.21606452510042,-0.9459865901205275,-0.9466847353511386,-0.7677533156341977,0.0006981454789638519,0.0010000131325796247,0.056937148918708165,0.7292846295568678,29.867221959431966
72,-0.8976013694169387,-0.8992625519914447,-0.6185775601638938,0.011698466145767356,0.142,0.0010000345525595377,0.06479051786492455,0.740711233525906,36.253327639597764,-0.8680705295668708,-0.8685741252369351,-0.6576565318637424,0.0005035961667696635,0.0010000088536697958,0.05259140961700016,0.746520244412952,32.71227582295735
73,-0.8900675290035751,-0.8925411521263842,-0.6269515478667224,0.017177922475450445,0.144,0.0010000317322336279,0.06376327700772376,0.7356120460438278,35.40784353580115,-0.9179879585901894,-0.9186709907319811,-0.711987374888526,0.0006830328868495094,0.001000009709969163,0.04884339413709111,0.6975171148777009,31.281540891859265
74,-0.8758813907515328,-0.8784085270368828,-0.6522641255045837,0.017309161359971424,0.146,0.0010000299618421297,0.06629894786285905,0.782680703783935,33.962948745151735,-0.8192083577315012,-0.8197736223538716,-0.6733010278807746,0.0005652651190757752,0.0010000129437281026,0.05759060697423087,0.7745599495040045,30.59802797105577
75,-0.8887050882825311,-0.8906518457070837,-0.6378259180851702,0.013153745880666768,0.148,0.0010000526474542774,0.06313947264878254,0.7432303484880699,34.86490123676804,-0.9462815284729004,-0.9467123203807407,-0.7649995512432523,0.00043078470561239455,0.0010000151426841815,0.05640221304363675,0.8237075924873352,29.286947377522786
76,-0.871010923160697,-0.8734280680710415,-0.6023456755814687,0.016114264304907817,0.15,0.0010000484762713313,0.06806901603374842,0.8060339239408385,37.02516775311164,-0.8454738868607415,-0.8460732645458645,-0.7073799762460921,0.0005993793408075968,0.00100004183801098,0.06860527884629038,0.8468064142598046,30.749203575981987
77,-0.8573115501763686,-0.8594445417512138,-0.6369281872263495,0.014032835667988039,0.152,0.0010000534535754683,0.07420947929879404,0.8447339883390462,35.03517942608527,-0.9629311415884231,-0.9633595281177096,-0.7824986192915174,0.00042839174469312035,0.0010000154220809539,0.045600541888011825,0.6529026753372617,28.375818464491097
78,-0.9301198957101354,-0.9316823392544152,-0.6178591729335066,0.010145710605495382,0.154,0.0010000358616827794,0.056964217491869654,0.6368172045023937,35.71734259263525,-0.9705927848815917,-0.9711717791027493,-0.7828142159514957,0.000578998112016254,0.00100000884073476,0.04858072673281034,0.7491063661045498,28.122183269924587
79,-0.961471031296928,-0.9629855167190984,-0.67846655662892,0.009708212723709503,0.156,0.0010000275434785574,0.05391546655094848,0.6918123229494635,33.22422592594938,-0.9084632953008016,-0.9087714870770772,-0.6918123205502827,0.00030819450815518695,0.0010000121107117997,0.057214420868290795,0.8070552905400594,31.78900388081868
80,-0.9166875054251473,-0.9186409824299362,-0.6658610857601436,0.012363763209783806,0.158,0.0010000364569384816,0.06731372439074067,0.8452821711324295,33.14092985189186,-0.947883066866133,-0.9482438219918146,-0.7407732801304923,0.0003607563674449921,0.001000012064145671,0.044442080375221044,0.7138711631298065,28.3067024230957
81,-0.9761592880734857,-0.977425459420906,-0.6664976829065467,0.007913534933666014,0.16,0.0010000199281592977,0.05168405094377275,0.6425827190561114,33.71010499630334,-0.9405606945355733,-0.94093875752555,-0.7760748075114356,0.0003780674603250292,0.0010000100411060784,0.04522786372237735,0.6233484731780158,27.83215743170844
82,-0.9614856108179632,-0.9633063876403952,-0.7200809863378417,0.011239353286207846,0.162,0.0010000206552059302,0.05587350352192825,0.6992946587643534,31.266386895809532,-0.9568597224023608,-0.9572849088244968,-0.7826501342985365,0.00042518642213609483,0.0010000055241915914,0.03797573215431637,0.6613338993655311,27.298329713609483
83,-0.9405161316664714,-0.9423904722591616,-0.6663199654727612,0.011428882139471342,0.164,0.001000019934748844,0.05536622778986985,0.6654914128330519,33.144709785029576,-0.9663887461026509,-0.9668266044722663,-0.8204111549589369,0.00043786408172713384,0.001000008279354208,0.06290717820326487,0.7596519351005554,27.45360781351725
84,-0.9136552833161264,-0.9157331327222428,-0.648581232945874,0.012517199904288887,0.166,0.0010000261289225716,0.06663620247031157,0.7944724739722486,34.142478079166054,-0.9689087351163229,-0.9695750660366482,-0.7767654120922088,0.0006663299269146389,0.0010000050119641755,0.04551488591565026,0.709667851527532,27.099740982055664
85,-0.9313412140000541,-0.9329569306013719,-0.715630736553444,0.00961734431813348,0.168,0.0010000213558943767,0.06299382982388982,0.8144365908964625,31.728756058890866,-0.9447540058030023,-0.9450710508558485,-0.7408097757233514,0.00031705449024836224,0.001000008175873922,0.03834024808473057,0.6149517463313209,28.097031699286568
86,-0.97887126229844,-0.9804174472700875,-0.7113172546246546,0.00909521683769406,0.17,0.0010000201060770537,0.05297208591452185,0.7132527069100794,31.429308261511462,-0.8858365032407973,-0.8862303164270189,-0.668294221162796,0.0003938151730431451,0.0010000066003865665,0.03719313546187348,0.6588097751140595,27.37226850721571
87,-0.9261620359600715,-0.9295204349283902,-0.6929483652677176,0.019525577085760405,0.172,0.0010000367315029198,0.056527967160602786,0.7394390443585953,31.155079067878003,-0.9776591618855793,-0.9785054816140069,-0.772391904062695,0.0008463154236475627,0.001000006538298395,0.03553362807465924,0.5994390851921505,25.647476662529836
88,-0.955763615527243,-0.9581533265563676,-0.7305473786480022,0.01373398149350904,0.174,0.0010000337266697075,0.05311834130365894,0.7203889365466136,30.434610258858157,-0.9392001205020478,-0.9396362490124173,-0.7943065027395885,0.0004361290898587969,0.0010000132645169894,0.04607169015540017,0.5971618963612451,26.182710308498805
89,-0.9790545769457547,-0.9801919606496703,-0.7298395301935807,0.006462446993814324,0.176,0.0010000382185439175,0.05097089433726275,0.6639970254223302,31.095394098533774,-0.9217334071795145,-0.9219783690240648,-0.7222207542922762,0.00024496035443411933,0.0010000159989835488,0.035469544554750126,0.5452338152461582,27.913831880357524
90,-1.0363109944001683,-1.0373558953123272,-0.7621063590049744,0.005870230987949192,0.178,0.0010000274292597511,0.0439203762853483,0.6355325090435316,29.60406386177495,-0.8743911425272625,-0.8745827105310228,-0.6721955941783058,0.0001915705700715383,0.001000005394841234,0.026330902634395494,0.4758288462956746,26.230583318074544
91,-1.0109464256268628,-1.0122263341579798,-0.7593998273588577,0.007110588533698388,0.18,0.0010000315433332943,0.04695430629939403,0.6893639525152603,28.858990399342662,-1.0231658670637342,-1.0233749243948194,-0.8736380298932394,0.00020905559261639913,0.0010000060829851362,0.038300805249147946,0.6458374116155836,24.324183061387807
92,-1.0253824625375136,-1.0276344024910118,-0.7848710901332352,0.012373275211397207,0.182,0.001000026473775506,0.04623400602700575,0.6417724647611942,28.773305065227003,-0.9594598862859937,-0.9598835561010572,-0.7753194351991017,0.0004236676626735263,0.0010000068642612961,0.03629625236822499,0.5952564881907569,26.37136961619059
93,-1.0803223724635143,-1.0811231462460644,-0.7596695732395604,0.004351998486046521,0.184,0.0010000195020352894,0.04055533284005129,0.5913315775259486,29.005541675495653,-1.0095649904674953,-1.0098105430603028,-0.8329160703553093,0.0002455590499771966,0.001000006318402787,0.03142910243736373,0.5868460052543216,24.708641009860568
94,-1.0154401811788667,-1.0165840989013888,-0.7777535533005336,0.00615007036699439,0.186,0.0010000243563345582,0.04761083216740275,0.6814240503985927,28.00809212450711,-0.9112452146079806,-0.9114790439605713,-0.7503679345051447,0.0002338297665119171,0.0010000124030436078,0.03319995287391875,0.542033714056015,26.51148698594835
95,-1.0156636204359666,-1.0180626399112198,-0.7584164834247445,0.012760739422069406,0.188,0.0010000394002692599,0.044465975976496375,0.6149155132050784,29.707514564946013,-1.0302957852681478,-1.0307334502538046,-0.8456114967664082,0.0004376596046818627,0.0010000089907811747,0.030028210000859368,0.504384434223175,24.02360288831923
96,-1.024677867034696,-1.0261819486348134,-0.8167319668913787,0.007916187129493029,0.19,0.0010000365557816793,0.044310963027319815,0.6256171273735335,27.157481787339698,-1.090600331624349,-1.0908318956693013,-0.8725701179769304,0.00023156114750438265,0.0010000112906305325,0.03114891279902723,0.5589092440075345,23.359126790364588
97,-1.0233520865440369,-1.024618461446942,-0.7696557264283018,0.006595722346935632,0.192,0.0010000292545641368,0.04334404154346799,0.6382622184618464,28.611821444529408,-0.9686591731177436,-0.9688280410236783,-0.7458338214291467,0.00016886980997191534,0.0010000120201665494,0.0329613840000497,0.5629817260636224,25.390565617879233
98,-1.0467397997964103,-1.0478827537230726,-0.800290363577177,0.005891476740252297,0.194,0.00100002892069378,0.04091118367494277,0.6244447821716093,27.65322627661363,-1.058626483546363,-1.0588354150454202,-0.8729908174938625,0.00020893307195769416,0.0010000173105961746,0.03893782976600859,0.7021056128872766,23.870801459418406
99,-1.0464613527621862,-1.0473917452794201,-0.7833236216936471,0.004746929303092777,0.196,0.001000044403931583,0.04373772621576516,0.6714381120114956,27.31041253287837,-1.0564075946807863,-1.056675308280521,-0.8457010772493151,0.00026771070228682624,0.0010000197242738473,0.03430892700950305,0.5773192736837599,22.54686190287272
100,-1.0159801154766444,-1.0181921844212514,-0.753132035006892,0.011172049591001475,0.198,0.0010000491615841693,0.04486626045743249,0.6259917324444033,28.7805039747706,-0.9821037981245254,-0.9827501482433743,-0.7965177721447415,0.0006463476353221469,0.0010000139138557846,0.031701257742113534,0.5720705396599239,25.050208833482536
101,-1.0855384266601418,-1.0872025905915026,-0.7957714534593079,0.008320822257478282,0.2,0.0010000381812031538,0.03919543192352889,0.6256342552742868,27.71757813219754,-1.0500666591856216,-1.050426975886027,-0.8392372296916114,0.0003603177766005198,0.0010000093219180901,0.02601606489883529,0.4861399359173245,22.80789710150825
102,-1.0298144884829252,-1.031768112812402,-0.8078625213425115,0.00967141311123686,0.202,0.00100003480076579,0.046215538532947596,0.6815311160852324,26.738691221992923,-1.0261287026935153,-1.0263761202494304,-0.8790568378236558,0.0002474197910891639,0.0010000157351088192,0.039510981779959466,0.5238798956076304,24.220206536187064
103,-1.040828434926159,-1.0424287825260523,-0.7772185892428992,0.007844839526234933,0.204,0.0010000373640993857,0.04533839689673118,0.6840068832883295,28.136876772034842,-1.0627111699846055,-1.0629102600945366,-0.8518566926320393,0.00019908464617199369,0.0010000108818834026,0.030146786156627865,0.608988090356191,23.472737163967555
104,-1.0865291064640261,-1.08808925579179,-0.851489172791535,0.007573549477559216,0.206,0.0010000290656638033,0.0384951188879193,0.5977752399894426,25.701018081521088,-1.0591839419470892,-1.059477202097575,-0.8772914674546983,0.00029326255122820536,0.0010000084397486515,0.027781961444351407,0.49796953135066563,21.973735936482747
105,-1.1008317706719883,-1.1019522648937297,-0.8211718541833589,0.0053869844326433144,0.208,0.0010000242882425773,0.03698490008290084,0.5676214978942331,27.09661728481077,-1.098670729001363,-1.0988616903622945,-0.9055244273609585,0.00019096434116363525,0.0010000095521617268,0.03086910028424528,0.5446556799941593,22.09297235276964
106,-1.0925151300880145,-1.0933888610803857,-0.8523324351265745,0.004160617882350706,0.21,0.0010000234030468284,0.0386216383216516,0.5854040867877457,25.90504984585744,-1.082311999797821,-1.0825044367048475,-0.9022102607621088,0.00019243392679426405,0.0010000064115350444,0.03342793368630939,0.5332280576229096,22.17581481933594
107,-1.1244447197554246,-1.125295693019651,-0.832331065299376,0.004014009574674211,0.212,0.0010000189309412578,0.03348393348168652,0.5213375462675994,25.62617240761811,-1.076660356256697,-1.0767765005429586,-0.8797675444020165,0.00011614163716634114,0.0010000051102704473,0.02838475261297491,0.49184085196918914,22.291124534606936
108,-1.0748361888921485,-1.0756728649139404,-0.8398939573539878,0.003909685912559617,0.214,0.0010000316048357283,0.0399532547958617,0.605567714515722,25.776649007257426,-1.1074229611290827,-1.1075736933284335,-0.9435214797655741,0.00015073294440905253,0.001000017502034704,0.03585838936269283,0.5484299136532678,22.120711538526745
109,-1.0740062639398396,-1.074958083764562,-0.8253308444652917,0.004406586359694319,0.216,0.0010000356156730427,0.039581512259143706,0.62361108947475,26.19390962708671,-1.000773823261261,-1.0010356465975443,-0.7900063355763753,0.00026182871725824144,0.001000010408461094,0.024276715972357327,0.4823682983716329,22.78795221116808
110,-1.08212419163506,-1.0832080604895107,-0.8387842515729508,0.004971851296020004,0.218,0.0010000279805851432,0.03820037771508379,0.6018069645143905,25.90775497004671,-1.1233810159895157,-1.1235840241114299,-0.9145188238885668,0.00020301987727483112,0.0010000107990991737,0.0304909012797806,0.5826507257090674,22.930949232313367
111,-1.0976754618140887,-1.0986701857368901,-0.8608561489941939,0.004521462996050996,0.22,0.0010000307811424136,0.039975632438963314,0.6517687125026055,25.416671465028006,-1.156175482273102,-1.1563289364178975,-0.9602259953816732,0.00015345058507389492,0.0010000083776604799,0.03175809846984016,0.5797098464436001,21.832610893249512
112,-1.1005268895401146,-1.101303832710914,-0.8658421078942856,0.0034997669171612216,0.222,0.0010000268449866265,0.03835857188645399,0.6351894095258893,25.18903937429752,-1.0576257440778944,-1.0577328244845072,-0.8523653275436825,0.0001070751084221734,0.0010000065357113877,0.025258955938948526,0.4110767791668574,22.03858121236165
113,-1.1302868341499905,-1.131012907568014,-0.859470638464082,0.0032413900601414017,0.224,0.001000019326314049,0.03528056736543493,0.6077399433783766,26.005447927510964,-1.117674763997396,-1.1177971561749775,-0.9367208268907335,0.0001223918464448717,0.0010000069082404177,0.025624808958835073,0.46880650685893166,21.52906176249186
114,-1.1484974881388106,-1.1494163387226608,-0.9370731930687742,0.004065721735077084,0.226,0.0010000198381021619,0.03380362703552786,0.5767313804266587,22.97587596245532,-1.0573432319694096,-1.0575119607978396,-0.8764747745460935,0.00016872444086604648,0.0010000054026022553,0.02244317610230711,0.44919843508137597,22.098041280110678
115,-1.066288854715959,-1.0669936132880877,-0.8372941984320587,0.003091021528783834,0.228,0.001000032158357636,0.04228653699019045,0.6692934407378143,25.41556300757066,-1.0535278505749173,-1.0537124143706427,-0.8745507650905185,0.00018456892834769356,0.001000006928936475,0.02331000475419892,0.372355682320065,21.98362464904785
116,-1.1571598412855617,-1.1578850003908265,-0.9030276272656783,0.0031528681657224332,0.23,0.0010000222630552806,0.03001326487733508,0.5064914726986075,23.78191422516445,-1.0595798201031157,-1.059698920779758,-0.884395170211792,0.0001191019184059567,0.0010000075472311842,0.02327529622448815,0.40903985963927375,22.234697871738014
117,-1.1326889204529096,-1.1332654120787136,-0.8856059363428151,0.0024848618316200546,0.232,0.0010000241410760384,0.03048436937607684,0.5077930598888757,23.27237678024004,-1.087341602643331,-1.087418586677975,-0.879899901813931,7.698635260264078e-05,0.0010000109284495314,0.020411904321776496,0.3641134672694736,21.27661582099067
118,-1.179976615141023,-1.180713619825975,-0.9047506294160519,0.003149586044392496,0.234,0.0010000254655748886,0.02895172066845984,0.48453133145593247,23.86414279577867,-1.0885769738091362,-1.0887161811192831,-0.8715426041020288,0.00013920904861556158,0.0010000110888439748,0.023982993968658977,0.4556466774808036,21.94522461361355
119,-1.1498599614737168,-1.1505953140978544,-0.8771183701618662,0.003115919682214845,0.236,0.0010000303242671882,0.03284571625573455,0.5427126060679274,24.435615773470897,-1.161023653878106,-1.161157206694285,-0.9387360327773624,0.0001335522366894616,0.0010000090140642392,0.021984752102030648,0.33508151438501144,20.667038811577694
120,-1.1768151049344044,-1.177354134478659,-0.8853343713958308,0.0022647960708951052,0.238,0.0010000176833204503,0.03031481387761404,0.4923303391573564,24.145806870370542,-1.2157822913593717,-1.2158829225434198,-1.0065195189581977,0.00010063027342160543,0.0010000061761173938,0.021907021188073687,0.37715998192628225,19.577215830485027
121,-1.1854630472525112,-1.1859498822464134,-0.9286430821103869,0.002028471386095263,0.24,0.0010000216414413924,0.028988166097200143,0.4707126170396805,23.048884841631043,-1.1274132013320926,-1.127492007944319,-0.8892287731170654,7.88024730152554e-05,0.0010000095650967624,0.022272177413105963,0.44253977868292066,21.359334564208986
122,-1.153751273200197,-1.1542978489174034,-0.9141400928767223,0.002258594657452601,0.242,0.0010000206903501782,0.03245796706035452,0.5191073968725385,22.947289736765736,-1.1802943852212693,-1.1803984231419034,-0.9875838544633654,0.00010403609938091702,0.0010000104498532082,0.020744995027780534,0.3130150251918369,20.049872843424478
123,-1.1493701529952716,-1.1501101142955277,-0.9198632650780227,0.00303262767364394,0.244,0.0010000172967337213,0.032424612779099984,0.5530532258299162,23.57262174138483,-1.0997256676355998,-1.0998518983523051,-0.848621623383628,0.00012623353136910332,0.0010000067737160458,0.01827250381724702,0.30231039888328975,20.97306325700548
124,-1.166504272874796,-1.16708767976401,-0.8921119728178348,0.002371560571328649,0.246,0.0010000172923406902,0.029029699710180174,0.4926635482401218,23.746828331137603,-1.055716129144033,-1.055787644121382,-0.8354350692696042,7.151613632837931e-05,0.0010000119529043636,0.022830194897121854,0.41310792432890997,21.270467821757
125,-1.1175960189891312,-1.1182563788485977,-0.8947371694276918,0.00266273706307951,0.248,0.0010000370412116062,0.031985889944546625,0.5427068511270127,22.70213837893504,-1.1452951113382972,-1.1453768531481425,-0.9255486726760864,8.174048529730903e-05,0.0010000148322433233,0.018973716700242626,0.34151148464944625,20.399826982286243
126,-1.1954890894439985,-1.1960946388964384,-0.9339028208885553,0.002422187477350235,0.25,0.0010000281123760735,0.028792286924314948,0.5111818645360335,23.25389448201881,-1.1199284434318542,-1.1200402975082397,-0.8792494396368663,0.00011184646023644341,0.0010000144597142936,0.021369738711251154,0.3434530960188972,22.17619171142578
127,-1.1901779242281645,-1.1907170201247592,-0.9495272192190278,0.0021392651042848264,0.252,0.0010000328063297103,0.028766046155173825,0.49446940450173504,22.083147804692107,-1.1724646661016678,-1.1725539604822794,-0.9630520343780518,8.929504288567437e-05,0.0010000172847261031,0.021109486640327507,0.3840076337258021,19.905801137288414
128,-1.1744629425822564,-1.1749539701443799,-0.9423554460957365,0.001933175226989782,0.254,0.0010000278400081508,0.029489198840170535,0.5025116820942681,22.649374278086537,-1.1591402133305868,-1.159207112259335,-0.9741687999831306,6.689503788948059e-05,0.0010000117976839344,0.020841578601135148,0.37716306514210174,19.803070280287002
129,-1.2192075893564045,-1.2196608613122184,-0.9350235383465605,0.001770563985941545,0.256,0.0010000204794846897,0.02673317217883074,0.48157574208277576,22.8321907295371,-1.1471229248576693,-1.1471969683965046,-0.9651966505580478,7.403658496008979e-05,0.0010000077697137992,0.017550691030919552,0.29714211622873943,19.682325977749294
130,-1.1770016494786963,-1.1774550867530535,-0.9435016692809339,0.0017575024152701756,0.258,0.0010000282200053334,0.029584820101143054,0.47421850854495784,22.064129919376015,-1.0505179988013373,-1.0506071872181362,-0.8603928493128883,8.918320139249166e-05,0.0010000088303867313,0.02139416142470307,0.4089556455612183,22.12164514329698
131,-1.1586514531441454,-1.1593851109720625,-0.9436509136883717,0.0028217462295631194,0.26,0.0010000228605074983,0.03325223047637715,0.5909373698369512,22.447766501948518,-1.1697379562589858,-1.1698371609052023,-0.9762595428360833,9.919429818789164e-05,0.0010000065279503663,0.018659555166959763,0.2922722985347112,19.179656982421875
132,-1.2070867183073513,-1.2074166423869583,-0.9364425371278007,0.001259253202181942,0.262,0.001000021522829555,0.02681056684199369,0.46401297174534706,22.603908430855228,-1.1217852208349441,-1.1218246777852376,-0.9477926876809862,3.946067558394538e-05,0.0010000074722079767,0.016412468109693792,0.26456008586618635,19.919166882832844
133,-1.2442539480497252,-1.2445974934775874,-0.9990090041790368,0.0013013278960057025,0.264,0.001000019890818534,0.024739392734361144,0.4330916008297003,20.81060974552946,-1.1213841120402017,-1.121431291103363,-0.9221439494027032,4.7181215551164416e-05,0.001000008959737089,0.017458469358583292,0.3189492765400145,20.3817685869005
134,-1.2004821964029997,-1.2009683644996498,-0.9738182329906607,0.0018276716318895232,0.266,0.0010000213141605821,0.028596577427859576,0.5131497023240575,21.89344933347882,-1.057192701763577,-1.0572687519921198,-0.8977049092451731,7.604675160513984e-05,0.0010000107421850165,0.019173965230584143,0.31491432322396173,20.505507384406197
135,-1.19937379573876,-1.1997573752448243,-0.9499096949145479,0.0014312389605450181,0.268,0.0010000248966773725,0.026072396527764934,0.4319428764986542,21.656009080275048,-0.996914220518536,-0.9969887038071951,-0.8385328352451324,7.449280884530809e-05,0.0010000047817205389,0.018745428096089096,0.31493218673600093,21.28168792724609
136,-1.1364186462366357,-1.137071506032404,-0.9028338373831983,0.002417992941051159,0.27,0.0010000238774941776,0.03162680833407168,0.5165398685999636,23.711077078333442,-1.2165568470954895,-1.216652398639255,-1.028876503308614,9.554392761654325e-05,0.0010000056716509991,0.023045301934083304,0.44240830209520127,18.806850920783145
137,-1.2308388903455914,-1.231293189075758,-0.9987932038757036,0.001670200026260232,0.272,0.0010000192889732854,0.025552711976727226,0.4361334057911387,20.62968835290873,-0.8298506723509895,-0.8299027005831401,-0.6083451793558197,5.20319574409061e-05,0.001000002875096268,0.017022481891844007,0.28214065266980065,22.6381558948093
138,-1.1527293718086098,-1.15344863342789,-0.9579425515993586,0.0026250524481512467,0.274,0.0010000309678462316,0.031653240498787955,0.5539877999503657,22.089707500529737,-1.1437398287985059,-1.1438166671329075,-0.9524248984124926,7.684255639712016e-05,0.0010000198872552979,0.026228749379515647,0.4621222178141276,20.627828788757324
139,-1.1720077946500957,-1.1726042380872763,-0.9219676469856838,0.0021610117324118343,0.276,0.0010000224563486452,0.02993609770289007,0.4984920044552605,22.86334969862452,-1.2127974947293603,-1.2129006452030606,-1.035713545481364,0.00010315080483754475,0.0010000047817205389,0.016207669923702876,0.2665743632449044,17.933361350165473
140,-1.2247972904511217,-1.2252626700221367,-1.00061833577336,0.001674043541809298,0.278,0.0010000153659965913,0.025697655852813767,0.42656359188961535,20.686720488206397,-1.1220262871848212,-1.1220928841167026,-0.9155024064911736,6.65965179602305e-05,0.0010000053327530623,0.017209038904143704,0.28348827891879613,20.503646723429362
141,-1.1599579014868107,-1.160361797179816,-0.9476112588396612,0.0014424513111699303,0.28,0.0010000316487660385,0.030967454689572443,0.5001775807929489,22.448741373026145,-1.185611009597778,-1.1856890691651238,-0.9986510899331834,7.80590706401401e-05,0.0010000150288558668,0.0249705892884069,0.3889386481708951,19.276661364237466
142,-1.2289379295313134,-1.2292270435477204,-0.9855044371676895,0.0010251998901367188,0.282,0.0010000205190219688,0.02592123224276979,0.461171844657862,20.939460340535867,-1.264022778140174,-1.2640755626890394,-1.0387351764572992,5.277627044253879e-05,0.001000005006790161,0.015179319514168633,0.24564679265022277,18.336012395222983
143,-1.2387352698254135,-1.2390920429859522,-0.9997916896388216,0.001256236068482669,0.284,0.0010000148717806024,0.024619836500793132,0.421950934349366,20.485939889583946,-1.2706383162074617,-1.2707096603181627,-1.0585497193866307,7.135313418176439e-05,0.001000005513843563,0.01557574069334401,0.32176678710513645,17.7742590798272
144,-1.2153770434406568,-1.2157872797183271,-0.9893128759456131,0.0014343847924808287,0.286,0.0010000169892215504,0.028369060699950974,0.5388003694561293,20.8631156885399,-1.2190020773145887,-1.2190856258074443,-1.0399515549341838,8.354600932863024e-05,0.0010000071126139826,0.02024076796240277,0.3503968613015281,18.56449629465739
145,-1.2252855660780422,-1.225601555041547,-0.9825423078716926,0.0010971578084072978,0.288,0.0010000171429776358,0.02542043814681611,0.43315294103802376,21.10830657887009,-1.2677593019273548,-1.2678260207176208,-1.0599893848101298,6.671779685550266e-05,0.0010000044014304877,0.01744976200991207,0.3322019792265362,18.10476750267877
146,-1.2591009027553055,-1.259876404168471,-1.0206275492344263,0.00267410454041553,0.29,0.0010000142523632297,0.023931706587801565,0.44826691499296223,19.925736841165794,-1.0531185030937196,-1.0533818622430167,-0.7826753475599819,0.0002633610533343421,0.0010000062175095081,0.016760807836221324,0.31743692855040234,22.663526831732856
147,-1.2524159179543548,-1.2528755259963702,-0.9713013363334367,0.0015739917333395977,0.292,0.0010000169079504766,0.023236221739284274,0.4502267944362928,21.69297268705548,-1.2392179210980734,-1.2392844173643325,-1.005947360727522,6.64951072798835e-05,0.0010000052577298548,0.016152237852414448,0.28812834355566236,18.723053699069553
148,-1.2586738545939606,-1.2589418393261027,-1.0354733050994154,0.0009115166118684805,0.294,0.001000017325288423,0.023891561383486918,0.46892601223486774,19.770912008465462,-1.2077870342466566,-1.20783548090193,-0.9837227397494845,4.844508237308926e-05,0.0010000074178808265,0.014674415418671236,0.23743097484111786,18.58276324801975
149,-1.2622009099654432,-1.262493151538777,-1.060651939994884,0.0009873088378951234,0.296,0.0010000160029860882,0.022621154082271288,0.3967723545600783,18.640087343611807,-1.1942532989713883,-1.1942968527475992,-0.9767333269119263,4.355642530653212e-05,0.0010000059510477716,0.016061273403465748,0.28401095072428384,18.773174476623534
150,-1.2269959618460458,-1.2274437974084098,-1.0001169251945783,0.0015027609495621807,0.298,0.001000017421935105,0.025090102791645617,0.45961096039358174,20.424434337975843,-1.179404573970371,-1.1794951054784986,-0.9826948788430956,9.052861067983839e-05,0.0010000105248764157,0.0175921977394157,0.29337417483329775,19.77850602467855
151,-1.2171970639588698,-1.2174955111629557,-0.9322497254272677,0.0009948274577563664,0.3,0.001000024850550547,0.026006566009150363,0.4767530051604757,22.455607738134997,-1.2255548053317602,-1.225629578696357,-1.0428424768977695,7.478056682480706e-05,0.001000006486558252,0.01885097360031472,0.36064780983659955,18.40399939219157
152,-1.2988552102502786,-1.299143725971006,-1.0493944343530908,0.0009553519622334894,0.302,0.0010000140173360705,0.021151642754392803,0.37337526116731035,19.625242053337818,-1.2565265152189469,-1.2565802613894144,-1.0314158532354567,5.375080638461643e-05,0.0010000041065116724,0.013063206606441074,0.2301874432298872,17.46288344065348
153,-1.2768818432430051,-1.2771122770489387,-1.0367452918358568,0.0007579926190511236,0.304,0.0010000121173501578,0.022616257170601835,0.4011162744378144,19.489663447973864,-1.046261888080173,-1.0462948309050666,-0.8172359320852491,3.2943569951587255e-05,0.001000003299365441,0.01301896000901858,0.2465018269088533,19.87133371565077
154,-1.2771299166499444,-1.2773741168795891,-1.0278596619390092,0.0007980459563012393,0.306,0.0010000130113319687,0.022424810530863842,0.4104787388219024,19.732356521318543,-1.1470835487047826,-1.1471353358692593,-0.9273206293582916,5.178559157583449e-05,0.001000003420954777,0.013234196872346931,0.2894278675317764,18.406978268093535
155,-1.2147683107628013,-1.214967186720866,-0.9234125501704666,0.0006457057623368389,0.308,0.0010000213734665006,0.019589850942621816,0.3522866487784206,18.97028959022378,-1.0739385856522456,-1.0739750928348966,-0.834185524781545,3.650933504104614e-05,0.0010000105688555373,0.01569736920711067,0.32085969282521143,18.954571639166936
156,-1.2544324465517729,-1.2546692782977842,-1.0044776471155994,0.0007639789496952633,0.31,0.0010000429586243798,0.021991245114718967,0.37965194065615815,20.52387903321464,-1.202139014667935,-1.2021691189871895,-1.000117880768246,3.010274635420905e-05,0.0010000132489949465,0.014062641457551055,0.26802180459101993,18.357197909884984
157,-1.2678322544637717,-1.2680446899162148,-1.0219538088114757,0.0006808665985206388,0.312,0.0010000311106197395,0.022899139918527513,0.4325736786396998,20.258146663881696,-1.15061463382509,-1.1506431897481282,-0.9468729217847188,2.8563208050198025e-05,0.0010000076093193558,0.014241656267808543,0.2823639512062073,19.103112581041128
158,-1.2711262714188054,-1.271375187163083,-1.0045383482609156,0.0007926926438538534,0.314,0.0010000199259627821,0.023502764502926817,0.4436599904636167,20.58051886648502,-1.1621703757180109,-1.1622305949529013,-0.9462722937266032,6.022014551692539e-05,0.0010000071953982115,0.01920449048694637,0.31858636637528737,19.97537625630697
159,-1.2245503877693753,-1.2248560864970368,-0.9552074119729815,0.0009673967395188674,0.316,0.0010000229637437271,0.028146849804610578,0.4966977463578278,22.863181851944834,-1.1992831150690715,-1.1993392003907097,-0.9780163764953613,5.607994066344367e-05,0.0010000057466742066,0.015595344060824978,0.2992013967699475,18.292388301425508
160,-1.3000384490444976,-1.3002927382037324,-1.08264182311184,0.0007996610453668631,0.318,0.0010000146675046603,0.023204284368680335,0.4312998312261869,18.56410580761028,-1.2174599197175766,-1.2174960030449762,-1.001086053583357,3.609334429105123e-05,0.0010000038995511002,0.014176407166653209,0.26351413230101267,18.04848851097955
161,-1.292969824008222,-1.2931845503033332,-1.045827512471181,0.000671035276269013,0.32,0.0010000153835687153,0.021983765856415597,0.41623701042724104,19.779443758838582,-1.1027766837014095,-1.1028146386146545,-0.9058555278513166,3.79579762617747e-05,0.001000005260316862,0.014998945759402381,0.2792823960383733,20.150245518154566
162,-1.2847062180627067,-1.285094824602019,-1.0690861558014493,0.0012068384379710791,0.322,0.0010000159744313866,0.022233521794232557,0.42168994163567164,18.881946005911196,-1.2179512103398642,-1.217997768190172,-1.0187926411628723,4.6558760934405855e-05,0.001000008072393636,0.015453406733771165,0.27143061757087705,18.39425019158257
163,-1.302721455412091,-1.3029226289605194,-1.052259050450235,0.000620944601184917,0.324,0.0010000188782248857,0.021148885582696716,0.39034388776657714,19.764119112266684,-1.1054395808113946,-1.1054741607771978,-0.9344839096069336,3.457773062917921e-05,0.0010000079119991926,0.01568863679551416,0.26758674912982516,18.733966721428764
164,-1.3166479085976224,-1.3167960688752949,-1.049855165886429,0.0004544779658317566,0.326,0.001000017569101644,0.01965407559753589,0.36032117565847793,19.04896892691558,-1.2864966048134694,-1.2865225301848517,-1.0830971386697557,2.5921232170528836e-05,0.0010000046058040526,0.012036167188651033,0.24005849162737528,16.868681886461044
165,-1.348666620704363,-1.3487902587314822,-1.0775427953252252,0.0003769406873100209,0.328,0.00100001434022385,0.0180672759647077,0.37322894413516206,18.816579278909934,-1.1863812711503774,-1.1864084760348002,-0.9368087808291118,2.7190562751558093e-05,0.001000003625328342,0.011745312623679638,0.24501057300302717,18.284673775566947
166,-1.3232077461368632,-1.3233596693794683,-1.0668540068392485,0.00046036821210159443,0.33,0.0010000119701836189,0.02092399367324586,0.4094283223714469,19.064877384113817,-1.1505033016204833,-1.1505392776595222,-0.9267831358644697,3.597984711329142e-05,0.0010000046109780668,0.012815775908529758,0.24634251826339298,18.43885680304634
167,-1.3401019213334568,-1.340316482310025,-1.102483794374286,0.0006462626580922109,0.332,0.0010000087237337007,0.01925969397965467,0.4089247755846887,17.644694256332684,-1.3274520542886523,-1.3274956252839831,-1.101915266778734,4.357298215230306e-05,0.0010000043108852373,0.011458712091876402,0.19823313934935463,15.75425879160563
168,-1.3373498016933225,-1.337565932633742,-1.1159460836986326,0.000647122989285667,0.334,0.0010000090707831507,0.019787963462185185,0.40718279047957007,18.045972842090535,-1.2783955335617063,-1.2784417735205755,-1.072284730275472,4.624889956580268e-05,0.0010000030122076472,0.01242681812081072,0.24338165256712171,16.65904479556614
169,-1.3652645911810533,-1.3654219451940284,-1.1155812987741434,0.0004682880386991321,0.336,0.001000008859917662,0.019032052243655583,0.3878668213509164,17.519890533303315,-1.19394658141666,-1.1939796845118205,-0.9674388375547197,3.3103923002878824e-05,0.001000002957880497,0.010886181270082791,0.21491028550598357,17.237534311082626
170,-1.3465786947394318,-1.3467285655579477,-1.1214327013717507,0.00044339635180977156,0.338,0.0010000119548080103,0.0191862331527584,0.41921875527444874,17.20544151090226,-1.3336225430170698,-1.3336508313814799,-1.1170579711596171,2.8290516800350614e-05,0.0010000046368481385,0.012399581467939748,0.24520045585102504,16.262330309549967
171,-1.3189174274228654,-1.3190468639697668,-1.0500788609936553,0.00038067462309351505,0.34,0.001000012552260228,0.019905627722728927,0.3922148086833504,19.734785835697966,-1.2692685895495943,-1.2693347692489625,-1.0793724576632182,6.618367301093207e-05,0.0010000075834492841,0.012889463702837627,0.228938490152359,16.344807709587947
172,-1.3149047010349777,-1.3151127257437076,-1.0939437083478243,0.0006082495147327207,0.342,0.0010000137647367873,0.020112598068871588,0.39094786149150923,18.26015553384457,-1.224728222688039,-1.2247745977507698,-1.0196919520696004,4.6385410759184096e-05,0.0010000045333678524,0.012417596619990137,0.24800806906488207,17.689673381381564
173,-1.3204653701692257,-1.3206966924217511,-1.0888103820242971,0.0006724386563840902,0.344,0.0010000141732886714,0.021256284102938085,0.4539598933649513,18.057973645768076,-1.2626607153150773,-1.2626986304918926,-1.0576610883076987,3.7913935052023997e-05,0.0010000044635186593,0.012453329273396069,0.24931752052572037,16.620322545369465
174,-1.3243323654498693,-1.3245181497537866,-1.0576624667869423,0.0005369590560220322,0.346,0.001000012374342472,0.0206036956207651,0.4529336986114394,19.908327768433768,-1.0663062042660183,-1.0663446717792087,-0.8600755525959862,3.846900330649482e-05,0.0010000041763608654,0.01311558669226037,0.24604869816038344,19.67248407999675
175,-1.312313585911157,-1.3124460049395292,-1.0786442340544935,0.0003804934896388144,0.348,0.0010000135253165972,0.02152118462858335,0.4242591177517513,18.251510620117188,-1.2040486348999873,-1.2040773961279128,-0.9933917191293504,2.8758661614523995e-05,0.0010000037857227856,0.01207793251507812,0.23358441458808052,17.928966670566137
176,-1.3537128646418732,-1.3538333042612616,-1.132084828502727,0.0003441023939060715,0.35,0.0010000101317001401,0.018962771368195425,0.41598524490617356,17.2720702009381,-1.3517872121598984,-1.351813597149319,-1.1684148073196412,2.638573447863261e-05,0.0010000073092265261,0.012780227677689658,0.20578989138205847,15.306306499905055
177,-1.3664250396332651,-1.3665359807464312,-1.1317361728200372,0.0003151654634835585,0.352,0.0010000109334283,0.0184025889403134,0.4102971307792754,17.57538370816213,-1.2426538096533881,-1.242675424946679,-1.0135030832555558,2.161388595898946e-05,0.0010000029966856043,0.009088399250888161,0.1752889530526267,16.203665139940046
178,-1.3664242861405858,-1.3665563576626327,-1.081246905731705,0.0003730961877220082,0.354,0.0010000104040680628,0.018576750373643525,0.39862291177488723,18.29820262261157,-0.9379714221176173,-0.9380056754168536,-0.6539401216639413,3.4251974688635935e-05,0.0010000039875093434,0.011280581437879139,0.22148618780904347,19.700909911261665
179,-1.3273680345067438,-1.3275663594029985,-1.1045730833737355,0.0005570900327754471,0.356,0.001000014001960462,0.020324520766735077,0.44470429673509776,17.935607028457355,-1.2594877110587224,-1.2595471660296123,-1.0610689136717055,5.945124559932285e-05,0.0010000048955488537,0.012636059791677527,0.27397436764505173,17.198712878757053
180,-1.3633207600071746,-1.3634438987048167,-1.1007746120668807,0.00034396589364645616,0.358,0.001000009714362194,0.017964871178539295,0.37306233453300763,18.092365030972463,-1.3002219941880966,-1.300243243906233,-1.0608611000908745,2.1250877115461562e-05,0.0010000060648760862,0.012723481323983933,0.2571357695592774,16.52587102254232
181,-1.2904789515261381,-1.2905943708599739,-1.069763716661705,0.00032059250856345553,0.36,0.0010000167893386394,0.01927025229582247,0.39087820868447143,16.769013890680277,-1.2221855190065172,-1.2222105635537042,-0.9891480697525872,2.503651711675856e-05,0.0010000149046795236,0.01197776390860478,0.21224809487660726,16.38793631659614
182,-1.3381981534777947,-1.338325192343514,-1.0892197287307595,0.0003509413942975818,0.362,0.001000027159088344,0.016854385775074643,0.3251141394084355,17.37327838393877,-1.1303960310088261,-1.1304173019197252,-0.903220616446601,2.1260894007152982e-05,0.0010000093814192547,0.011069849609500831,0.24182215382655461,18.21964126163059
183,-1.3547586584990878,-1.3548656105995178,-1.1131849120248039,0.0002938128023777368,0.364,0.0010000221005131333,0.01925789837215869,0.3960798942255524,17.573349844734622,-1.0890578793154821,-1.089078285296758,-0.9197698500421312,2.040813366572062e-05,0.0010000101756304502,0.012644548300239774,0.26694239411089155,17.885750897725423
184,-1.3333019310573362,-1.3334187404164728,-1.0989424822465428,0.0003191364120762303,0.366,0.001000020486074236,0.01917997802133268,0.38901152447709497,17.814138898309672,-1.2374553283055623,-1.2374778350194295,-1.007815518644121,2.251143256823222e-05,0.0010000093089830545,0.015482870779103703,0.31533616913689505,18.929476335313584
185,-1.3418056874904993,-1.3419216207738192,-1.1269140209791795,0.00031502650312657625,0.368,0.001000017729447276,0.02020812939571322,0.44534868817284423,17.188976035927826,-1.2888468980789185,-1.2888768355051676,-1.0860120839542813,2.9943303929434884e-05,0.001000005940699743,0.011493541051944096,0.24024313059118058,16.022999212476943
186,-1.3935183061743683,-1.393599530435958,-1.1576363624266859,0.0002195233443997941,0.37,0.0010000114210547422,0.016785601804138354,0.36769106843561494,16.727981729327507,-1.2707446455955502,-1.2707573294639587,-1.065745908021927,1.2697610590193007e-05,0.0010000032890174124,0.00888769015048941,0.17353432095713087,15.70511008368598
187,-1.3972047319952048,-1.397279477344369,-1.1347017186992574,0.0002009243757094977,0.372,0.0010000085304403361,0.01618632031077484,0.34189809043452424,16.822278184710807,-1.2780219078063964,-1.27804153892729,-1.0645572808053758,1.9634266694386802e-05,0.0010000063261638085,0.013549574485255612,0.24243927001953125,16.999422221713598
188,-1.3263281370108981,-1.3264284898649972,-1.0954741745624903,0.0002683160018246129,0.374,0.0010000110410575598,0.019564188595088024,0.4381099174607475,17.881047284828043,-1.227023200194041,-1.2270465824339125,-1.0435344537099203,2.338687578837077e-05,0.001000008263832165,0.011575040138430066,0.23465527759657967,16.979311879475915
189,-1.3714875297726326,-1.371564028398046,-1.1194324009823349,0.00020344485089464007,0.376,0.0010000111618659125,0.018691056847291172,0.40628986369888737,17.397347324299364,-1.305701892905765,-1.3057201425234477,-1.1076594220267402,1.8242746591567993e-05,0.0010000035968712635,0.009984390892916256,0.22844084633721246,15.022526084052192
190,-1.38145482989977,-1.3815659329576313,-1.1363819725108597,0.00029393032474337886,0.378,0.0010000126620860032,0.017542265004144526,0.4084787883286206,16.882807065855783,-1.260441242323981,-1.260459401872423,-1.070483676592509,1.8164184358384876e-05,0.0010000075394701626,0.013321069503823916,0.27528207964367335,17.022451612684463
191,-1.3694736417734399,-1.3695837776615936,-1.1399444184213314,0.00028983166195311634,0.38,0.0010000160491129137,0.01931445326937257,0.4002007005630799,16.951049570767385,-1.307662098937564,-1.3076750993728639,-1.081137604183621,1.3003249963124593e-05,0.0010000048386346963,0.009741901958154307,0.20103839304712084,15.970581499735514
192,-1.39526673757805,-1.3953536490224443,-1.1450615199107044,0.00022750186189165656,0.382,0.0010000109312317844,0.016058183029153437,0.3485015955454898,16.96357655075361,-1.2687105774879455,-1.2687388685014513,-1.0182774583498637,2.8284059630499945e-05,0.0010000049421149822,0.010775131763269503,0.2274051859974861,16.689481586880156
193,-1.3818401255697574,-1.3819311182453948,-1.1134418327853364,0.0002369697223294456,0.384,0.0010000137120204152,0.018134953963728447,0.4102038788907933,17.74499106857012,-1.2766022271580164,-1.2766222251786126,-1.0601799421840243,1.9998848438262938e-05,0.001000004887787832,0.012209034855994913,0.30290037724706864,16.93042776319716
194,-1.349177455002407,-1.3492702942974162,-1.0830009619020067,0.00024050509311118216,0.386,0.0010000122469445726,0.018549785351837583,0.3900578744568915,18.271590952603322,-1.3171941028700935,-1.3172268827756246,-1.121438984076182,3.2787356111738415e-05,0.0010000096737510628,0.014348679718871911,0.334911424252722,17.060913043551974
195,-1.3881217331256506,-1.38819671801801,-1.1340504041257895,0.00019324008586271753,0.388,0.0010000111530798505,0.01744787878233869,0.3450465601570201,16.887880991090018,-1.229722547531128,-1.229738904370202,-0.9810101250807445,1.63565907213423e-05,0.0010000045799339811,0.010168549377057287,0.20873389111624824,16.95893474155002
196,-1.366087499654518,-1.3661718559714984,-1.1208032830706183,0.00021631938387762825,0.39,0.0010000148036886218,0.018194727933491178,0.3655248135328293,17.549468814202076,-1.378327465057373,-1.3783398893144396,-1.1915567676226297,1.2423512008455064e-05,0.0010000058993076286,0.009812239578200712,0.19920879155397414,14.720981131659613
197,-1.40001428352212,-1.4000873408227597,-1.1871551252760977,0.0001863833024816693,0.392,0.0010000141469304854,0.016785778702711158,0.3810500013378431,15.972783268622631,-1.3357643193668793,-1.3357798231972589,-1.1094924529393515,1.5500932931900024e-05,0.0010000030535997615,0.009278434266646703,0.20679278737968868,15.350703303019207
198,-1.4129354998750507,-1.412989060833769,-1.190969389564586,0.00013595081444056528,0.394,0.0010000094771385193,0.015167317177467752,0.3239662468714534,15.436722035677928,-1.2839887287881637,-1.283998113208347,-1.0386516723367902,9.385082456800672e-06,0.0010000040728805793,0.009218498143470949,0.1727326715985934,16.372084405687122
199,-1.3722492996251807,-1.3723086568544496,-1.1098883883008417,0.00014989394343124245,0.396,0.0010000132661277675,0.017268351542780985,0.3531884916548459,17.746287075978405,-1.2784503128793505,-1.2784991913371615,-1.076868756612142,4.8879202869203354e-05,0.0010000103205028508,0.014725524331960413,0.30608213477664525,16.699787521362307
200,-1.4060717213828609,-1.4061235436853372,-1.155972089407579,0.00013020536247289406,0.398,0.001000013481386287,0.016693367780941836,0.353751724621035,16.542888461418872,-1.3165537450048659,-1.316565297709571,-1.0945775124761794,1.155518823199802e-05,0.0010000037158735924,0.009195093676033947,0.231454688972897,15.468984285990395
201,-1.4328064963502705,-1.4328578845509943,-1.147639345447972,0.0001284612237282519,0.4,0.0010000103842994234,0.015489723753043503,0.38600720886914236,17.238693579187935,-1.1361763179302218,-1.13618685470687,-0.9003094992703862,1.0534789827134874e-05,0.0010000039900963506,0.010232034366991785,0.25812488545974094,17.412598164876297
202,-1.3953822794950232,-1.395437998591729,-1.1476684097411498,0.00013861629479336289,0.402,0.0010000131343368371,0.01684568706407862,0.38856838165589097,16.83844301835546,-1.2944538103209602,-1.2944668531417847,-1.0643225193023682,1.3039923376507229e-05,0.0010000046756532457,0.008291953346795507,0.1990845478243298,15.704860348171659
203,-1.4043907084554996,-1.4044437948262916,-1.1810107422324847,0.00013140560883396078,0.404,0.00100001117284849,0.015903829939593123,0.39105199938112833,15.768437007688126,-1.3102188772625392,-1.3102343267864651,-1.1200014405780367,1.5451427963044907e-05,0.0010000062666626441,0.010821764222863647,0.2099458537167973,15.443634838528105
204,-1.385442540330707,-1.3854951746058914,-1.1395169991367269,0.00012963426844129022,0.406,0.0010000144939799353,0.018436402029726864,0.38207029902710105,17.007763970572995,-1.3058775067329407,-1.3058889230092368,-1.1118622753355238,1.1416359080208673e-05,0.0010000048075906104,0.00926376324560907,0.18652344511614904,15.469953282674156
205,-1.4101120256028086,-1.4101573836128667,-1.1768301579187501,0.00011118944242315472,0.408,0.0010000119613975567,0.015473118526333908,0.320394163845845,15.964756731717092,-1.373546099662781,-1.3735535754097832,-1.1603519876797994,7.480051782396104e-06,0.0010000048231126534,0.008518182713952329,0.16582374655538135,14.805886395772298
206,-1.4311879693337206,-1.4312292494863834,-1.1551118268156952,0.00010066774656187813,0.41,0.001000011133311211,0.014945482861531793,0.3456563079413378,16.889333760963297,-1.327690351009369,-1.3277026487721337,-1.1019899017281003,1.2298921744028727e-05,0.0010000059018946356,0.009503558505740431,0.19174068719148635,15.404845301310221
207,-1.4010854847026322,-1.4011257830655799,-1.1653343900194708,9.781494736671448e-05,0.412,0.001000012574225383,0.017285312244774035,0.3473089763297225,16.173904526908444,-1.3522772550582889,-1.3522935032844543,-1.1376087817880842,1.6244749228159588e-05,0.001000006574516495,0.011375139902035395,0.3214943806330363,15.734817674424914
208,-1.4197059644843049,-1.4197514079651743,-1.1900027967848867,0.00010979042019484178,0.414,0.001000013307861562,0.01508120871764028,0.29707772144169176,15.82094923055397,-1.2567225058873492,-1.2567321009106107,-1.0901371558507285,9.595437182320489e-06,0.001000005361210141,0.009891188900089927,0.23337654256158405,15.37983307308621
209,-1.3625019608803515,-1.3625508929198642,-1.1654634329507936,0.0001176188717473228,0.416,0.0010000177404298535,0.01789915877974258,0.3994251832647144,16.245677983985757,-1.310866745313009,-1.3108785563045078,-1.1040394160482618,1.1804203192392984e-05,0.001000005824284421,0.010266450709766811,0.22144683516687816,15.219671842787003
210,-1.4055047271386631,-1.405544395716685,-1.1988825426911407,9.491505487909857e-05,0.418,0.00100001562079239,0.015966276567921323,0.32058190596553515,15.424133678652206,-1.3115788380304976,-1.311588418483734,-1.071304518646664,9.578466415405273e-06,0.0010000054181242982,0.008542770002451208,0.18592118836111493,15.504776424831814
211,-1.4158669665174664,-1.4158952146206263,-1.1525008779651713,6.724423113858925e-05,0.42,0.0010000152737429401,0.015609912873017337,0.3088385655351405,16.34073593931378,-1.2012019541528491,-1.2012151996294658,-1.038797061973148,1.3245807753668892e-05,0.0010000043677993948,0.009494695936640103,0.24291234496566985,16.152433925204807
212,-1.4494754638311997,-1.4495174322488174,-1.2068319017032407,9.944824115285333e-05,0.422,0.0010000124819717318,0.01459410668895492,0.31432957103792225,15.279715088178527,-1.350587108400133,-1.3506103052033318,-1.1134291344218783,2.3187117444144355e-05,0.0010000057001080778,0.00932501255431109,0.2170966966284646,15.34801343282064
213,-1.4547624025704726,-1.45480644253065,-1.2192702754488531,0.00010387423746990708,0.424,0.001000010265687586,0.014531100168824196,0.32669597062862143,15.169267618431235,-1.3248661941952173,-1.3248762488365173,-1.1226010219918356,1.005762153201633e-05,0.0010000054336463413,0.008176678532941474,0.17768307891156937,14.372786564297146
214,-1.4072355526798177,-1.4072865382680353,-1.166127991001561,0.0001196936475780775,0.426,0.001000016653154678,0.01550765097457564,0.340933232374911,16.378666427900207,-1.267581762207879,-1.267594928211636,-1.0436405724949307,1.3166169325510662e-05,0.0010000067349109384,0.009491064740965763,0.207893499897586,15.623103332519529
215,-1.4023556259443175,-1.4024147335088477,-1.169791451040304,0.0001380923643427075,0.428,0.00100001542530251,0.016499828389090188,0.3723046208889979,16.289936011692262,-1.3984282520082263,-1.3984452658229405,-1.1736463546752929,1.7008930444717408e-05,0.0010000064684492019,0.009976544831362035,0.2293908981813325,15.239530351426867
216,-1.4143444007297732,-1.4143989783413005,-1.182500365770088,0.0001269398292280593,0.43,0.001000014419298408,0.01587001369598339,0.32870427476909925,16.156206490858544,-1.2988459467887878,-1.2988572703467476,-1.1015473537974887,1.131892204284668e-05,0.0010000058527414998,0.009272341533667511,0.21282003356350793,15.256563017103407
217,-1.4128250715867527,-1.412864235212218,-1.1576171382418219,9.06760259619299e-05,0.432,0.0010000134484385544,0.015534577680365095,0.33959557481531827,16.49232320965461,-1.249803160296546,-1.2498145937919616,-1.0075653500027126,1.1435896158218384e-05,0.001000004936940968,0.00839815569213695,0.18894036130772696,15.600329335530597
218,-1.417899712076727,-1.4179476701988365,-1.1767913901580955,0.00011048163726644696,0.434,0.0010000136658935895,0.01571822609260397,0.33192677346040617,15.983349476220473,-1.3332473542955188,-1.3332549267345004,-1.110661068227556,7.567306359608968e-06,0.0010000051982286904,0.009160415321174595,0.20531219955947663,15.331313048468699
219,-1.4651048160948843,-1.465133232890435,-1.1955898257921327,6.518266954511966e-05,0.436,0.0010000128883271005,0.013656698017961011,0.30617599372031556,15.898588324492833,-1.1825965245564776,-1.1826043195194669,-0.9370993422137366,7.788588603337605e-06,0.0010000042125789656,0.007108813627726502,0.1886805933382776,15.724818695916067
220,-1.409256955362716,-1.4092827383077369,-1.1719489986041807,5.887399585741871e-05,0.438,0.001000017516385272,0.01591432078759063,0.34339451086970996,16.521296645110507,-1.3705094681845769,-1.370518316162957,-1.1623224549823337,8.844584226608276e-06,0.0010000091201315324,0.010583160465790166,0.252944020430247,15.234518644544814
221,-1.4166192716022707,-1.4166467797081426,-1.1903100396102329,6.249371283459213e-05,0.44,0.0010000187134862227,0.01670402581891361,0.40580065351612166,15.93118863735559,-1.4199646009339226,-1.4199730700916715,-1.2080033620198567,8.47213798099094e-06,0.0010000046704792315,0.00888489479612973,0.22676111708084742,13.87710198296441
222,-1.4628930496719648,-1.4629209289010965,-1.2158118222119674,6.307057052288415e-05,0.442,0.0010000132200009418,0.014293340245648375,0.3476181262225475,15.207155299636552,-1.301755454805162,-1.301771272553338,-1.0772898687256707,1.581534743309021e-05,0.0010000052318597833,0.00830916308073534,0.19962663186921015,14.778651131523983
223,-1.4256027959427744,-1.4256312914614409,-1.187812625237231,6.419103944076682e-05,0.444,0.001000014739989672,0.015952391444512132,0.38052242530404395,15.692601977654224,-1.389193522930145,-1.389199682076772,-1.193222791618771,6.168170107735528e-06,0.001000010941384567,0.011533888118962447,0.23867802421251932,14.883029492696128
224,-1.436950110039621,-1.4369713180470016,-1.190019243168381,4.755501758377507e-05,0.446,0.0010000134220803684,0.01556561489255642,0.3537385588828123,15.884285404997051,-1.4174219449361165,-1.417431026034885,-1.2074097593625386,9.086645311779447e-06,0.0010000046213260955,0.008707720258583625,0.19927299122015635,13.868503443400066
225,-1.4542934444715392,-1.4543152350299764,-1.206433188240483,4.86387959066427e-05,0.448,0.0010000099999092097,0.014029461732309944,0.2963473562080905,15.208064924995854,-1.3894607928064133,-1.3894674870702954,-1.1719496024979486,6.6955056455400256e-06,0.0010000042850151658,0.008051255210820172,0.1846048042178154,14.255905914306641
226,-1.4112916037721455,-1.411334605711811,-1.1568939134759724,9.556065471667164e-05,0.45,0.0010000132880929225,0.01992152733201126,0.5367429447623918,16.93868167445345,-1.2470166424910227,-1.2470318645238876,-1.0514189706908332,1.5218638711505466e-05,0.0010000027948990464,0.007713627132276694,0.21647694458564123,15.128217697143553
227,-1.400280956952077,-1.4003184696413435,-1.1855882709881045,8.298231745665928e-05,0.452,0.0010000167102640811,0.017670355139757104,0.4300766446680393,16.224257361214114,-1.413844578795963,-1.4138512982262506,-1.1990832474496629,6.715787781609429e-06,0.0010000053974282411,0.008619628153327438,0.18856596797704697,13.485543802049424
228,-1.4134730842878234,-1.4135040179738458,-1.1707852617749628,6.814209638901477e-05,0.454,0.0010000124841682472,0.017260628400967933,0.42521305635290324,16.338323215268694,-1.2789306057824028,-1.27893486155404,-1.0535829636785718,4.25436430507236e-06,0.0010000069548065464,0.009730017878529099,0.24023515184720357,16.03440850575765
229,-1.4483060094545472,-1.448329768090878,-1.235423524424715,5.209129655136252e-05,0.456,0.0010000111311146954,0.01427791124420627,0.3285191465380057,14.674677956779048,-1.3518448021676803,-1.3518552462259927,-1.1622609443134733,1.0432137383355034e-05,0.0010000058423934712,0.010209525718043249,0.2319027152326372,14.967050340440535
230,-1.4846234051686413,-1.484643762966372,-1.2257331126141098,4.4455435478462366e-05,0.458,0.0010000100680011904,0.013431289795575277,0.3259730523206153,15.209750895230275,-1.331631953186459,-1.3316364579730564,-1.0841396941079033,4.504703813129001e-06,0.001000004031488465,0.00742023295412461,0.16857320500744713,15.008090019226076
231,-1.4141673119562976,-1.4141912460327148,-1.199190396182942,5.203548748538179e-05,0.46,0.0010000138218461904,0.016411391174737014,0.3691975807525077,15.60839474875972,-1.3372287617789373,-1.3372395290268793,-1.1018530911869473,1.0764433277977838e-05,0.0010000051025094259,0.010091615178518825,0.2453084013528294,16.204928694831
232,-1.4800177902545568,-1.4800349698876434,-1.2279962796085286,3.720967555945774e-05,0.462,0.0010000082536793823,0.013244404281788278,0.2826745261280042,15.015680762956727,-1.3216156019104852,-1.3216220749749077,-1.0626650730768838,6.479190455542671e-06,0.0010000033226485053,0.008342270439283716,0.20573678894175423,14.83545453813341
233,-1.5102976830500476,-1.510312244577228,-1.2864747452286054,3.138156432025837e-05,0.464,0.0010000100064987564,0.011867680806526035,0.2680115278037089,13.73557218515648,-1.3501192768414818,-1.3501254889700147,-1.122895226875941,6.213535865147909e-06,0.001000006947045525,0.009886512046472893,0.2601679298612807,15.552735074361165
234,-1.5227727800045374,-1.5227827890863959,-1.2707190569841638,2.1464630680264167e-05,0.466,0.0010000098791008568,0.011719593532242865,0.3009605456916791,13.83922981766035,-1.3480926964018078,-1.3480970170762805,-1.0984544210963778,4.325227604971992e-06,0.0010000045799339811,0.007182527085145315,0.17168270763423707,14.61575196584066
235,-1.456443779873398,-1.4564640342064623,-1.2027277114256374,4.328323422737841e-05,0.468,0.0010000160271477587,0.015180565592534136,0.3955734821985353,15.898784925352853,-1.4019030306074354,-1.401911555396186,-1.2125425299008687,8.519821696811253e-06,0.001000007135897047,0.00889094081810779,0.2158798543943299,14.360287814670137
236,-1.4584941324198022,-1.458519161872144,-1.2275354457351397,5.324522279343515e-05,0.47,0.001000014028318648,0.015523500371513501,0.4076210766468408,15.535742813686156,-1.382415113184187,-1.3824243095186022,-1.155057922999064,9.201467037200928e-06,0.0010000047610244818,0.008313473769360119,0.1785190110405286,14.021748118930393
237,-1.469078171927974,-1.4691077515764057,-1.2537246537658404,6.266753628568829e-05,0.472,0.0010000134704037096,0.013800664558866114,0.35857281398098423,14.16465834851535,-1.308206825786167,-1.3082188076443142,-1.107052645418379,1.1981775363286337e-05,0.0010000054853864843,0.008923690921316544,0.20031164503759807,15.169053628709582
238,-1.5020012045806308,-1.5020223023756496,-1.274594543115148,4.4504145406327156e-05,0.474,0.0010000088181838674,0.013187917327192033,0.3291696475924186,14.3023926896869,-1.1929514726003012,-1.1929548250304327,-0.94927219748497,3.356320990456475e-06,0.0010000030122076472,0.006939795458068451,0.15074175463782416,15.617220793830025
239,-1.452901246412745,-1.452920598803826,-1.2241015895357672,4.0640246193363985e-05,0.476,0.0010000130662448563,0.014617637274259666,0.3582145336945102,15.070854205005574,-1.2638852636019386,-1.2638920704523722,-1.014596661263042,6.795757346683078e-06,0.0010000066805837882,0.007630738367636999,0.1969445104400317,15.261568853590225
240,-1.4598178548632927,-1.459838127190212,-1.2148238814102028,4.242276245692991e-05,0.478,0.001000012738964046,0.014634723186422631,0.3907358185300287,15.087267425825011,-1.291857061121199,-1.2918638428052267,-1.0402690158949959,6.773488389121162e-06,0.001000007032416761,0.010072488824112548,0.3236122669445144,15.85724033779568
241,-1.4200653085168802,-1.4200844269878459,-1.2070422532423488,3.985139840054062e-05,0.48,0.0010000183181134315,0.017122688914104452,0.42681838993756277,15.684048904562896,-1.3079033030403984,-1.3079106860690646,-1.1159313771459791,7.385594977272882e-06,0.0010000052991219694,0.009910708469235235,0.22882365021440718,15.114560826619465
242,-1.424301824479733,-1.4243196271500498,-1.1941425283000153,3.694089234999891e-05,0.482,0.0010000144214949236,0.015934857047813118,0.3740922464233524,15.702231047288427,-1.3571581390168932,-1.3571635961532593,-1.1144327521324158,5.4539077811770965e-06,0.0010000028000730608,0.007315239879406161,0.17584659804900488,14.110228432549373
243,-1.4535943652099033,-1.4536073140378267,-1.2267812917817313,2.6758408771370943e-05,0.484,0.0010000120426686306,0.014031756054258571,0.3278529579347035,14.867044934686625,-1.1685626864433287,-1.1685701224539016,-0.9043430765469869,7.432699203491211e-06,0.0010000078162799278,0.008785954873181052,0.1916981417271826,17.25246955023871
244,-1.4602955759696241,-1.4603077488125495,-1.2269414798268732,2.505264754565257e-05,0.486,0.001000016666333771,0.01363027487653044,0.32467296016666125,14.85412228782222,-1.4263379600312973,-1.4263468636406793,-1.237637898657057,8.9118050204383e-06,0.0010000077878228493,0.008126740002383788,0.16606971157921685,13.396264457702637
245,-1.5037687027229454,-1.5037789007402815,-1.278653014380977,2.0891709147759202e-05,0.488,0.001000014335830819,0.012943598564784482,0.3448921302860638,13.713634922819317,-1.3450997392336528,-1.3451036214828491,-1.0828706443309783,3.880096806420221e-06,0.0010000053922542267,0.007263296832227045,0.16470255239142312,14.788227377997504
246,-1.5094614636223271,-1.5094715244365189,-1.3083667935065504,2.0518758386935827e-05,0.49,0.0010000123435912548,0.01224797589809827,0.329074279879624,13.465841401298091,-1.3399913496441311,-1.3399966173701816,-1.1186545093854268,5.2646630340152315e-06,0.0010000072109202544,0.008462578223811256,0.2061286653081576,15.170038604736327
247,-1.461259864411264,-1.4612724736051739,-1.2028419352927298,2.561734532410244e-05,0.492,0.001000014704845424,0.014525661464639992,0.3871806889491261,15.438849988973365,-1.3456863429811265,-1.3456929206848145,-1.1400507595804004,6.57166043917338e-06,0.0010000051335535116,0.0073748038564291265,0.17543454501363967,14.515922588772243
248,-1.5107343444284402,-1.5107451879753258,-1.271615558075455,2.19520814013931e-05,0.494,0.0010000101097349852,0.012907383330869224,0.3577679000654311,14.445947719070146,-1.305839757124583,-1.3058452076382108,-1.0802668650945029,5.457136366102431e-06,0.001000004955050018,0.0080575676738388,0.21481961839728886,14.754670333862302
249,-1.465495305241279,-1.4655082203307241,-1.2263458967208862,2.6031696009186078e-05,0.496,0.001000018836491091,0.015194686691997186,0.40176313721908713,15.042325019836426,-1.2486890196800233,-1.2486958265304566,-0.9860649009545644,6.810658507876926e-06,0.001000008602730102,0.009087607461131282,0.21399312996202044,15.946991136338976
250,-1.5103892695229009,-1.5103988490014706,-1.249725435702306,1.9229807943668005e-05,0.498,0.0010000140634628962,0.012082571532788142,0.3204766479584406,14.343575225686127,-1.3527121557129755,-1.3527160207430522,-1.123250827524397,3.880262374877929e-06,0.001000003896964093,0.006839969702478912,0.2128176995449596,13.763715404934354
251,-1.4889583070323151,-1.4889682733787681,-1.23098095070641,1.9938808004811125e-05,0.5,0.001000012161280468,0.013363515993334213,0.3499730593472157,14.919191720350733,-1.2592033280266655,-1.2592075559828015,-1.081615987751219,4.22464476691352e-06,0.001000003928008179,0.007335171879579623,0.17679960644907422,14.922382185194229
252,-1.5326429290591546,-1.5326483991910826,-1.29930231818613,1.0891202485786294e-05,0.502,0.0010000108763188967,0.011556719245283672,0.3091370928681122,13.539406362569556,-1.4754408968819512,-1.4754437605539958,-1.2604831880993312,2.8606918123033313e-06,0.001000008225027058,0.008893046155571937,0.22682739363776314,13.382816420661081
253,-1.5171967227503937,-1.5172019049806416,-1.263337811209121,1.027920054939558e-05,0.504,0.001000012040472115,0.011861198634471534,0.29557769928338395,13.938634008731482,-1.4041513138347201,-1.404156994819641,-1.1856050663524205,5.682723389731513e-06,0.0010000098419065276,0.00814234683704045,0.1971003626783689,14.201419342888729
254,-1.4621283040856414,-1.4621410324888409,-1.2586444278932967,2.513572854815789e-05,0.506,0.0010000192735976768,0.014512348700455337,0.3526881126300344,14.453299054559672,-1.2683488064342077,-1.2683546834521824,-1.074551773071289,5.874037742614746e-06,0.001000007340270612,0.007898873308052619,0.2194050313697921,15.026512103610568
255,-1.4964910588174496,-1.4964991155660377,-1.257843847544688,1.5865449073179713e-05,0.508,0.0010000165433289025,0.013884593715082924,0.3667461544556438,14.32816222928605,-1.3384442845980327,-1.3384490383995904,-1.1034589959515466,4.75272536277771e-06,0.001000004323820273,0.007451305859204796,0.1985819599694676,14.368554316626652
256,-1.5187281775024701,-1.5187339917668756,-1.3078133486351877,1.1416468417869424e-05,0.51,0.0010000098856904035,0.011594330856822571,0.28955021064798786,13.205424992543346,-1.4304935336112976,-1.4304961986011928,-1.2256023221545749,2.6691291067335342e-06,0.0010000042487970657,0.007262223006950484,0.17292505982849332,13.056568103366427
257,-1.5187174599125701,-1.5187232741769754,-1.2811341937982812,1.1353279059787966e-05,0.512,0.001000011159669397,0.012294918518372864,0.30047672045118407,13.833517110572672,-1.3792491356531782,-1.3792527622646755,-1.1772183696428935,3.624873028861152e-06,0.0010000056819990278,0.0073821241139537756,0.1805695116519928,13.6330305841234
258,-1.4858776274717078,-1.4858843110642344,-1.258060265262172,1.300639420185449e-05,0.514,0.0010000161259909564,0.013427240809179702,0.3478144545037791,14.287793033527878,-1.3757485999001398,-1.3757513059510125,-1.1267048835754394,2.7100245157877605e-06,0.0010000055811057488,0.007786770847936471,0.18260522551006741,14.395077345106337
259,-1.4822704837007343,-1.4822805197733753,-1.2492256861812663,1.9449389205788667e-05,0.516,0.001000015803103177,0.01334083075898717,0.3119865461199913,14.190387060057443,-1.3425036417113412,-1.3425080762969124,-1.098470938205719,4.4382280773586696e-06,0.001000009371071226,0.007393544850250085,0.17093425028853945,15.108959706624349
260,-1.4785487314440169,-1.4785568894080396,-1.2508463061080788,1.575404180670684e-05,0.518,0.0010000175976563456,0.014214608466850137,0.3259006103254714,14.936161743020111,-1.2197219100263383,-1.219724639919069,-0.9636054519149992,2.7384195062849255e-06,0.00100000468082726,0.005608317928595675,0.13629995187123617,14.464774725172253
261,-1.4889865686308663,-1.4889928979693718,-1.2336828693185213,1.2174740714846917e-05,0.52,0.001000016172117782,0.013073855870456065,0.30750451180732474,15.362308556178832,-1.2382061176829866,-1.2382090144687228,-1.060817947652605,2.896620167626275e-06,0.0010000074359898766,0.008049395421726837,0.19503191295597289,15.30886777242025
262,-1.479470819797156,-1.4794766025723152,-1.2558225606972317,1.1063690455454701e-05,0.522,0.0010000168815922905,0.014131585487498427,0.3365229326036741,14.52400121149027,-1.2791445361243352,-1.2791465838750204,-1.0810842249128554,2.053380012512207e-06,0.0010000058216974139,0.008670843568527035,0.23272923628489176,15.108514595031739
263,-1.504583864841821,-1.5045893259768217,-1.2649097397642315,1.0423151389607844e-05,0.524,0.0010000121854421384,0.013770142007830008,0.38040443847201905,14.265747790066701,-1.1680321243074205,-1.168035590648651,-0.9433698667420282,3.4649338987138535e-06,0.0010000036667204566,0.006123968172404501,0.14296179165442785,14.931080606248644
264,-1.5298026305324626,-1.5298082603598542,-1.2963538675938013,1.07183630736369e-05,0.526,0.0010000131936427558,0.011971483340943759,0.2925643965883075,13.738629521064038,-1.4384113219049237,-1.4384141167004902,-1.2406997945573595,2.7977757983737522e-06,0.0010000029294234183,0.006445592331389586,0.17492815537585152,12.811102125379774
265,-1.5240423544397894,-1.524046634728054,-1.2736982039685518,8.096883319458871e-06,0.528,0.0010000146038057108,0.012215137885848307,0.33810735634475386,14.353066210476857,-1.3222721232308279,-1.3222755657302008,-1.1027143041292826,3.4379462401072185e-06,0.0010000053379270765,0.008501850741191043,0.2016706931922171,14.956095250447591
266,-1.50032417954139,-1.5003291975777104,-1.2517898577564168,9.471023420117936e-06,0.53,0.0010000137867019424,0.013628703647486444,0.3385192001203321,14.47931262682069,-1.311892921394772,-1.311896484427982,-1.0672950797610812,3.5611291726430255e-06,0.0010000042358620299,0.0073161106763614545,0.20094669080442853,14.857452392578125
267,-1.5296272601721421,-1.5296329484795623,-1.2949090138921198,1.0697909121243458e-05,0.532,0.001000011177241521,0.01338297027637655,0.40163572090414335,13.73211938030315,-1.3532985263400608,-1.3533013860384624,-1.120906052324507,2.8526617421044245e-06,0.0010000031596670547,0.006114728583229913,0.1867848383055793,13.711935975816516
268,-1.4659320565889467,-1.4659579025124603,-1.25543541615864,4.838828770619518e-05,0.534,0.0010000119592010412,0.014969960452531869,0.38360401875567884,14.103181155222767,-1.2968495700094436,-1.296852946281433,-1.044001699818505,3.368986977471246e-06,0.0010000048981358607,0.008221481771518787,0.26096634185976453,15.697797987196179
269,-1.4951992282327615,-1.4952058792114258,-1.2673976826217939,1.2412737562971295e-05,0.536,0.0010000161655282355,0.013574457516507158,0.37195605489442934,13.842599976737544,-1.1897800379329257,-1.1897815412945218,-0.966794060336219,1.5031960275438097e-06,0.0010000048826138178,0.007010649061865277,0.20715541177325777,15.682111846076117
270,-1.523378941248048,-1.5233844743584686,-1.2799544840488795,1.0275545547593316e-05,0.538,0.0010000129212748329,0.012380902470915386,0.354647326441306,13.784456253051758,-1.384274317158593,-1.3842752761311001,-1.1508857713805305,9.593036439683703e-07,0.0010000049472889967,0.007133831611524025,0.20833948999643326,14.035714530944825
271,-1.523843695532601,-1.5238488912582397,-1.3024407557721407,9.630718883478417e-06,0.54,0.0010000145247311524,0.012325382554235886,0.29754082380600694,13.47340256313108,-1.2800020813941955,-1.2800044298171998,-1.0213385795553525,2.357115348180135e-06,0.001000005431059334,0.007632889195034901,0.20895041906171374,15.047093963623045
272,-1.5279219825312775,-1.5279260581394412,-1.256600801674825,7.51123956914218e-06,0.542,0.0010000126884441892,0.012375937924140467,0.34107445644320183,14.458178790110463,-1.2679396602842545,-1.26794230805503,-1.0334951672289105,2.647274070315891e-06,0.0010000035684141848,0.006204577990704113,0.15311452812618678,14.32723267873128
273,-1.4467106843894382,-1.4467160521813158,-1.2157714546851393,9.883476315804248e-06,0.544,0.0010000167036745345,0.015668578041752555,0.40925203052894127,15.44298611047133,-1.4193092611100937,-1.4193141592873468,-1.227367643515269,4.904882775412665e-06,0.0010000158877422412,0.014591705281701353,0.3857502420743307,14.809188694424103
274,-1.4919029721673929,-1.4919079587144672,-1.2342742479072426,9.134411811828613e-06,0.546,0.0010000151353624631,0.013895354233682156,0.3201929083410299,14.850435238964153,-1.3072792477077908,-1.307281902101305,-1.0720456096861097,2.6558836301167804e-06,0.0010000028595742252,0.006629024176961846,0.18241620990965102,14.133071136474607
275,-1.5180005239990522,-1.518008067922772,-1.2946530513043673,1.3778021313109488e-05,0.548,0.0010000102700806171,0.013255097077421422,0.3523640826625644,13.54791841866835,-1.3231346646944682,-1.3231376197603013,-1.072182223531935,2.9508438375261094e-06,0.001000004269493123,0.006104711070656776,0.16091385864549212,14.340264744228786
276,-1.5245529638146453,-1.524557981850966,-1.288774330660982,9.114239013419961e-06,0.55,0.001000009496907159,0.01241068353103298,0.3314034140334939,14.0817897904594,-1.2565268291367424,-1.2565288636419507,-1.0403887655999926,2.0369887351989744e-06,0.0010000050999224186,0.00663480693474412,0.1785035252571106,14.455300140380862
277,-1.530070759215445,-1.5300742950079576,-1.2710448267324916,6.417339702822127e-06,0.552,0.0010000126576929721,0.013128649535641636,0.3770780720097839,14.140783597838205,-1.2589368750651675,-1.2589402159055074,-0.9991269861658414,3.3400124973720975e-06,0.0010000033743886483,0.006080896283189456,0.16826453920867707,13.821248732672796
278,-1.5303595830809396,-1.5303654850653883,-1.3117850760243974,1.0658899005853905e-05,0.554,0.0010000105402520243,0.012325337253300086,0.32248025120429274,13.532975358783075,-1.4093705534934997,-1.409373582734002,-1.1670017268922594,3.029240502251519e-06,0.0010000062589016225,0.007127613801923063,0.18480151974492603,13.580142529805503
279,-1.5527396966826241,-1.5527441636571344,-1.3340197835328444,8.025048476345134e-06,0.556,0.0010000136790726825,0.011706882955963319,0.3255025841436296,12.873105570955097,-1.3816368791792126,-1.381639043490092,-1.1316968388027615,2.1671255429585775e-06,0.001000005495734513,0.006229861308303144,0.16273959759208892,13.611027982499865
280,-1.549011248462605,-1.5490163722128238,-1.3306734404473934,9.180521065334105e-06,0.558,0.0010000129608121122,0.011954679900674888,0.3189664678472393,13.129076804754868,-1.3176823178927104,-1.317684355047014,-1.0248505552609761,2.0410451624128555e-06,0.0010000035063260132,0.006819587759673595,0.18784586439530054,14.663887553744846
281,-1.5642450148204587,-1.564248820520797,-1.3078363650249984,6.797249024769046e-06,0.56,0.001000011710994789,0.011779148307330203,0.3270708865152215,13.890615202345938,-1.448283945189582,-1.4482863691118029,-1.2295549750328063,2.4230943785773384e-06,0.0010000049084838893,0.006264357392986615,0.17361936801009709,12.510639423794219
282,-1.5519754369303864,-1.551978567861161,-1.3029634896314368,5.569871304170141e-06,0.562,0.0010000139909778845,0.011270516710180157,0.3000296026749431,13.502030030736384,-1.2991817355155946,-1.2991836243205601,-1.1287087162335714,1.8979940149519178e-06,0.001000005174945626,0.006077249203291204,0.1820292087064849,13.37500885857476
283,-1.5487801511332673,-1.5487838151319973,-1.3210784781653926,6.493180990219116e-06,0.564,0.0010000184894416412,0.010868849399728034,0.2646338830719579,12.932802542200628,-1.2712555236286585,-1.2712572150760226,-1.0027167118257947,1.6880532105763753e-06,0.0010000069703285893,0.006386226477722327,0.16948830369446014,14.531077406141494
284,-1.5862140970410041,-1.5862162922913174,-1.286033348092493,3.876621430774905e-06,0.566,0.0010000135956050934,0.010437453130506119,0.28320062807146107,13.624187847353378,-1.360400664806366,-1.3604032927089267,-1.0930996199448904,2.630965577231513e-06,0.0010000064787972305,0.00741407335218456,0.22339250445365905,14.065128877427842
285,-1.5567962763444432,-1.5567988067303065,-1.2890415810189157,4.441459786217168e-06,0.568,0.0010000183620437416,0.011442012909167219,0.295952652704041,13.811034634428204,-1.3523026247819265,-1.3523047665754955,-1.1081447064876557,2.145436074998644e-06,0.0010000100385190711,0.007593897554195589,0.2277836905585395,14.511749860975476
286,-1.5853182279838707,-1.5853218537456584,-1.3348062139637065,6.36385015721591e-06,0.57,0.0010000160666850378,0.011000837849558524,0.33427663808161356,12.80977465971461,-1.4108526560995316,-1.4108549886279635,-1.1710872060722775,2.3356742329067653e-06,0.0010000044868017236,0.0056910148770031,0.1797371475232972,12.645080947875977
287,-1.5329743601241201,-1.5329780286213137,-1.2819450081519361,6.398572674337423e-06,0.572,0.0010000179512953422,0.012654685626193037,0.34545016682372903,13.654386250477916,-1.2697693215476145,-1.2697736753357782,-1.0753977510664199,4.353870948155721e-06,0.001000005019725197,0.006176613198800219,0.19237014998992283,13.629749467637803
288,-1.5123120298925437,-1.5123157703651573,-1.3050756589421686,6.525935429447102e-06,0.574,0.0010000197129007781,0.012048238809308354,0.31725475009319914,13.057565473160654,-1.316467445426517,-1.3164684189690483,-1.0830584936671788,9.689066145155165e-07,0.0010000075860362913,0.007343074700070752,0.21793013099167083,14.51326232486301
289,-1.5124398829802028,-1.5124434547604255,-1.2740682813356508,6.208582869115865e-06,0.576,0.0010000210483822058,0.013367095162635142,0.3428671403594737,13.91775514494698,-1.360417339536879,-1.360418634944492,-1.1618416825930278,1.2935035758548313e-06,0.0010000071074399684,0.0073475046393771965,0.20294578472773234,13.982548734876843
290,-1.5474509495609212,-1.547454741765868,-1.3331252943794683,6.55081755710098e-06,0.578,0.0010000157306181653,0.012094376696589982,0.3385505493519441,13.171494196046073,-1.297477768527137,-1.297479017575582,-1.0426247345076667,1.2426740593380398e-06,0.0010000040961636438,0.005895976127228803,0.1799331388539738,13.784081755744085
291,-1.5684607951146252,-1.568463516685198,-1.3384878185560118,4.704830781468806e-06,0.58,0.0010000132990755,0.011298429642645817,0.3165605175045301,13.038340262646946,-1.3288171927134198,-1.3288192411263784,-1.0721404251125124,2.0495719379848905e-06,0.001000005684586035,0.006679780563960473,0.20306589090161853,14.574595112270778
292,-1.5456834401724473,-1.545685833355166,-1.2917394053261235,4.1105415461198336e-06,0.582,0.0010000200709328055,0.011448671022113764,0.3156947849212952,13.359264067883762,-1.3401234640015498,-1.340124590529336,-1.0809796806838778,1.1141101519266764e-06,0.0010000035839362277,0.006051638784507911,0.17883531749248505,13.974285825093585
293,-1.5705648503213558,-1.5705671917717412,-1.2968253234647356,3.996744470776252e-06,0.584,0.0010000139184928728,0.011249410796840236,0.353080837372339,13.679177464179272,-1.3490133153067696,-1.349014401435852,-1.1479802913135952,1.0898543728722466e-06,0.0010000054051892626,0.007703266189330154,0.22463176863061057,13.998057005140515
294,-1.5180429107737992,-1.5180456930736326,-1.269063893354164,4.749463976554151e-06,0.586,0.001000013854793923,0.013620219825995419,0.3695381640825631,14.374321505708515,-1.2532974382241566,-1.253300972117318,-0.9800618237919277,3.5333964559766983e-06,0.0010000053068829908,0.007067703134897682,0.20378493418296179,15.266383764478897
295,-1.5941951184902552,-1.594197338482119,-1.3301829954363265,3.787073886619424e-06,0.588,0.0010000127960734491,0.010050932920696039,0.27420891905730627,13.02745793000707,-1.4203735179371306,-1.4203752941555448,-1.1968739443355136,1.7783708042568631e-06,0.0010000063804909587,0.00807496417934696,0.27194379568099974,14.02767145368788
296,-1.5458864108571466,-1.5458886375967062,-1.3223412183095824,3.7678851271575353e-06,0.59,0.0010000179886361057,0.012574120617981226,0.3839965916748317,13.257721361124291,-1.3725525352689956,-1.3725541869799296,-1.128546498881446,1.647488938437568e-06,0.0010000057828923067,0.007433690316975117,0.22839506467183432,14.46823298136393
297,-1.5791261488536619,-1.5791281911562074,-1.3309463093865592,3.465925747493528e-06,0.592,0.0010000169628633644,0.011501640652499671,0.34624341298949046,13.409414921166762,-1.3484953535927666,-1.3484959734810724,-1.083334665828281,6.247725751664903e-07,0.0010000041556648082,0.004629202404369911,0.1186427257127232,12.87057758967082
298,-1.5253378962570767,-1.5253405492260772,-1.289198102816096,4.4751982643919175e-06,0.594,0.0010000223904531801,0.01324696515528661,0.38520533605566565,13.63241217271337,-1.4168193764156762,-1.4168210016356575,-1.1898759636614058,1.623233159383138e-06,0.0010000066184956166,0.005480459332466126,0.1326241445210245,12.69397456910875
299,-1.5704003437510077,-1.5704023838043213,-1.3042555440146968,3.4260721701496052e-06,0.596,0.0010000173143058452,0.010422829670374686,0.2776056519656811,13.492251198246795,-1.3724993785222372,-1.3724999904632569,-1.1613912065823873,6.073878871070014e-07,0.0010000085328809088,0.006551178296407064,0.17391821212238737,13.662432479858401
300,-1.5874142219435494,-1.5874163429692107,-1.341172402759768,3.5427510738372803e-06,0.598,0.0010000129146852865,0.011425545026179193,0.35782426680034063,12.802107568057078,-1.2738551676273344,-1.2738574683666228,-1.025993053532309,2.3025605413648816e-06,0.0010000058889596,0.005814974724004666,0.15719917052321963,14.22446337805854
301,-1.5810216260406207,-1.5810236683431662,-1.3286070362576898,3.381509263560457e-06,0.6,0.0010000148036886218,0.010567300865110362,0.32297282188006166,12.949479256036147,-1.2682691282696195,-1.2682722396320767,-1.0361421366532644,3.1129353576236303e-06,0.0010000051283794973,0.005987643077969551,0.1755712981025378,14.196009826660156
302,-1.5095967166828659,-1.5096004436600883,-1.2668493704975776,6.19712584423569e-06,0.602,0.0010000199874652164,0.014335921139649625,0.48800777967246073,14.63329394358509,-1.4258850415547686,-1.4258868111504448,-1.201550351248847,1.7834206422170004e-06,0.0010000058087623782,0.007602237972120444,0.24778228335910374,13.733674452039931
303,-1.5607301131734308,-1.5607319417989478,-1.2891354167236473,3.0452490977521214e-06,0.604,0.0010000151419520098,0.012053912110134677,0.3370977978942529,13.723163586742473,-1.210044851402442,-1.210048326353232,-0.9394912799199422,3.4754474957784015e-06,0.0010000062097484867,0.0070217807673745684,0.21442151500119103,15.657403585645886
304,-1.5403158473518659,-1.540318098832976,-1.325491170838194,3.7269069338744543e-06,0.606,0.0010000140458907721,0.01162771062644304,0.3391909387032941,13.127115465560049,-1.4560314231448703,-1.456032133102417,-1.2605423079596625,7.054871982998318e-07,0.0010000060571150647,0.007468380447891023,0.2178621330195003,12.653647041320802
305,-1.5548210616381664,-1.5548224854019452,-1.2708153690931931,2.3383576914949238e-06,0.608,0.0010000161172048945,0.011273306873539146,0.30454552862441764,13.99282770336799,-1.4187426990932892,-1.4187436607148913,-1.1854469921853807,9.60793760087755e-07,0.0010000066676487526,0.006960564427491691,0.2065014933546384,13.15791294309828
306,-1.6001564871590093,-1.6001580931105703,-1.3511756726031035,2.6242210055297277e-06,0.61,0.0010000138350252836,0.0092756822441687,0.2482873520480012,12.426594743188822,-1.3821292373869156,-1.3821303698751661,-1.1525177240371705,1.1302530765533446e-06,0.0010000113604797258,0.006890338379889727,0.20696498735083474,13.16023375193278
307,-1.5276899652661018,-1.527691733162358,-1.2636130126017444,2.890614406117853e-06,0.612,0.0010000195964854563,0.012246474746684983,0.33673564738260126,14.16430917775856,-1.3325024962425234,-1.3325033770667183,-1.0715534660551282,8.862879541185167e-07,0.0010000055552356773,0.006196494462589423,0.19983282900518842,14.416923141479492
308,-1.5951367706622717,-1.595138113453703,-1.373789497141568,2.190400406999408e-06,0.614,0.0010000124380414217,0.01031911248376347,0.3044004265992147,12.238061976882646,-1.4047646562258405,-1.4047654509544372,-1.1806277023421394,7.99944003423055e-07,0.0010000037702007426,0.005766799766570329,0.17759991337855657,13.016962051391602
309,-1.5934931624610469,-1.5934941836123198,-1.343801717713194,1.6674539952907921e-06,0.616,0.0010000147949025598,0.010246318914347663,0.30979503592792546,12.941431927231124,-1.3730800747871397,-1.3730808205074734,-1.105181380112966,7.493628395928277e-07,0.0010000055811057488,0.005293724960130122,0.15858531759844885,12.823997412787543
310,-1.5588142961825964,-1.558816023592679,-1.317671483417727,2.786728008738104e-06,0.618,0.0010000185838918078,0.011803044955123146,0.36604377557084244,13.468089895428351,-1.5237431526184082,-1.52374464140998,-1.3333193434609307,1.4967388576931423e-06,0.0010000090037162106,0.006425801830159293,0.19129912439319824,11.656777837541368
311,-1.575527989639426,-1.5755294224001326,-1.3641959361310274,2.3149516222611914e-06,0.62,0.0010000192296673667,0.01125055535714019,0.3466390324932224,12.316363478606602,-1.2860036651293438,-1.2860043896569147,-1.0078566061125862,7.323920726776123e-07,0.0010000048593307536,0.0053447220888402725,0.15504346854156917,14.030919043223063
312,-1.5724580220456392,-1.5724594728002008,-1.3297245142594822,2.3308368224018025e-06,0.622,0.0010000163939658483,0.011149002098531093,0.3536822537206254,13.073825053448948,-1.4886758936776057,-1.4886763360765245,-1.2887815356254577,4.4405460357666017e-07,0.001000009063217375,0.007190606691357162,0.23566398587491777,12.69571164449056
313,-1.6054802030887243,-1.605481210744606,-1.3548834110206027,1.6241562816331971e-06,0.624,0.0010000163083017436,0.010648636305528992,0.3179017613237759,12.509773713237834,-1.4334745910432607,-1.4334752957026164,-1.2433299276563856,7.062322563595242e-07,0.0010000086648182737,0.006869905690352122,0.2190673698981603,13.386641947428386
314,-1.5888114132971134,-1.5888130192486745,-1.3485028979913243,2.5839456972086204e-06,0.626,0.0010000177580019776,0.010665652983523202,0.32320615339953945,12.814333987685869,-1.3854976455370585,-1.3854994151327344,-1.2356088307168749,1.7772118250528971e-06,0.0010000079689133497,0.006569961148003737,0.23872756626870897,12.457511456807454
315,-1.5549395669181392,-1.5549410064265412,-1.287339687347412,2.291756418516051e-06,0.628,0.0010000220565828232,0.01166577150447751,0.3529325296294014,14.112692617020517,-1.405892660882738,-1.4058941112624275,-1.1634813600116305,1.4475650257534451e-06,0.0010000053896672195,0.005711190950953298,0.1710280466410849,12.962913089328342
316,-1.5594422637291674,-1.559444006883873,-1.3167388484163105,2.7659929023598727e-06,0.63,0.0010000141139827527,0.011861912282359487,0.3268799686206962,13.414061402374843,-1.4927760336134168,-1.4927774959140354,-1.2803533593813579,1.4597343073950873e-06,0.0010000039590522646,0.006678241201572948,0.24333510332637362,12.35016375647651
317,-1.6226053822715327,-1.6226063809304867,-1.350522667731879,1.5709478900117695e-06,0.632,0.001000011710994789,0.01041764398720467,0.29237949264780533,12.960100722762773,-1.4501189430554708,-1.450119792090522,-1.2235313177108764,8.542504575517442e-07,0.001000004970572061,0.005973121161676116,0.19019276863998838,12.54718974431356
318,-1.619624875626474,-1.6196258450454135,-1.384146639760935,1.5216053656811983e-06,0.634,0.0010000136527144965,0.009397785688908596,0.27657104592840626,12.082820145589,-1.3781367235713538,-1.3781371739175585,-1.1284854650497436,4.640056027306451e-07,0.0010000063106417657,0.005679295331032739,0.1706756078534656,13.107059627109102
319,-1.621490773165001,-1.6214917043469987,-1.3570896769469638,1.474863515709931e-06,0.636,0.0010000173340744848,0.00934732941699759,0.284756452969785,12.68330836745928,-1.390720976723565,-1.3907216694619922,-1.1550995429356894,6.925728585984971e-07,0.0010000077516047492,0.005863819462764594,0.15194388098186917,13.511240492926703
320,-1.5842583944212716,-1.5842592423816897,-1.3086981177330017,1.3231809409159535e-06,0.638,0.0010000214635236364,0.01056034616985411,0.3214714154601097,13.348378019512824,-1.4560594267315339,-1.4560606254471673,-1.2281601243548923,1.2040138244628906e-06,0.0010000077541917562,0.006035859101555414,0.18279202348656123,12.442742400699194
321,-1.6464418375267174,-1.6464427394687005,-1.4030859897721488,1.4066133859022607e-06,0.64,0.0010000191374137154,0.00885446063014415,0.24677537915841588,11.552820493590158,-1.365490033891466,-1.3654908405409918,-1.123940442668067,8.039176464080811e-07,0.0010000080232405,0.00641002015521129,0.2076910588476393,13.383377795749238
322,-1.5923129522575523,-1.5923143647751719,-1.360499566456057,2.200029930978451e-06,0.642,0.0010000253425700204,0.010171658192532804,0.2837036282948728,12.348973292224812,-1.4638976600435045,-1.4638984402020772,-1.2445409033033583,7.742808924780951e-07,0.0010000122193661001,0.006204675676094161,0.18191410733593835,12.626480303870306
323,-1.5882563973372836,-1.5882575804332517,-1.3388272625095439,1.837692733080882e-06,0.644,0.001000022421204397,0.010311985467472728,0.29789756491499125,12.589751909363944,-1.3894215438101027,-1.3894218073950872,-1.1653539127359787,2.517468399471707e-07,0.0010000142036005854,0.007170201765580309,0.17791302783621682,13.554990238613552
324,-1.5837308865673136,-1.5837323148295563,-1.3667163117876593,2.220132440890906e-06,0.646,0.0010000177580019776,0.010858584248091815,0.2981407930547336,12.455876746267643,-1.3786265611648563,-1.378628094991048,-1.2428394118944803,1.5314254495832656e-06,0.0010000095444007051,0.006235627581675848,0.1663727233807246,12.622445191277398
325,-1.577960286500319,-1.5779615978025041,-1.351875237698825,2.0251521524393333e-06,0.648,0.0010000163039087125,0.01083957064756245,0.28976617219313133,13.043500216502064,-1.3593097726504009,-1.3593102163738675,-1.1072885665628645,4.4488244586520723e-07,0.0010000046782402529,0.0058294511296682885,0.20562480986118317,13.7245112101237
326,-1.6103881867426746,-1.610389086435426,-1.3572876981969149,1.3773733714841448e-06,0.65,0.0010000170902612637,0.0094169780770141,0.27595813052271895,12.382436428429946,-1.4135058720906577,-1.413506767484877,-1.170206637514962,8.893509705861409e-07,0.0010000077386697133,0.0068046810829805,0.24855406317445966,13.787181091308598
327,-1.579451450761759,-1.579453151181059,-1.369368925409497,2.5933643556990715e-06,0.652,0.0010000187618095639,0.01149479088918218,0.37535998703173873,12.344250894942373,-1.4506230857637197,-1.4506251798735725,-1.2077856567170886,2.098414633009169e-06,0.0010000092986350258,0.006354881409141752,0.17102980646822188,12.961639912923177
328,-1.5946800258924376,-1.5946810200529278,-1.354888434680003,1.5178800753827364e-06,0.654,0.0010000189177621647,0.010416885653405258,0.31515037212169394,12.714503072342783,-1.3973252455393472,-1.3973254707124498,-1.143117853005727,2.2459361288282607e-07,0.0010000130290993385,0.0074918064702716135,0.22758470409446294,14.053004074096684
329,-1.6158786202376743,-1.615879603152005,-1.3820935465254873,1.487515445025462e-06,0.656,0.0010000177316437915,0.010022140195909536,0.2958180825665312,12.251422900073933,-1.4793391969468859,-1.479340120156606,-1.2576307164298164,9.197327825758192e-07,0.0010000106568137804,0.006136448877967066,0.19259320596853893,12.407523939344618
330,-1.615635797662555,-1.615636573647553,-1.4114710902268033,1.1795815431846762e-06,0.658,0.00100002091439476,0.009939766937058489,0.3002586179184464,11.436077945637253,-1.3449845380253262,-1.3449849989679126,-1.1199531104829576,4.5647223790486653e-07,0.0010000062278575368,0.0046066976876722445,0.1317593428823683,12.55251416100396
331,-1.6018658381588053,-1.601866530922224,-1.3601596467899826,1.0468065738677979e-06,0.66,0.0010000195657342392,0.010696517944968533,0.31498354476577833,12.796005734857523,-1.3468454665607876,-1.346845715575748,-1.0631583015124002,2.499255869123671e-07,0.0010000055241915914,0.005045364279713895,0.1532208780447642,13.165803061591253
332,-1.633269746348543,-1.633270430115034,-1.385340520795786,1.0348575295142407e-06,0.662,0.0010000181511782532,0.009918947941360046,0.3220739454593299,12.267128422575176,-1.4155192454655965,-1.415519532892439,-1.1569937904675802,2.794795566134983e-07,0.0010000073816627264,0.005146564181066222,0.15952392485406663,12.292643038431804
333,-1.622554747563488,-1.622555453822298,-1.3686675845452074,1.055944078373459e-06,0.664,0.0010000180830862725,0.010740871681779061,0.3352666921773047,12.986514055503989,-1.4500388476583697,-1.4500393165482415,-1.2015513393614028,4.670686191982693e-07,0.0010000070712218683,0.0052287328212211525,0.1552586136592759,12.714279831780328
334,-1.6780066017834645,-1.6780071078606371,-1.4255626763937608,7.650902811086402e-07,0.666,0.0010000144808008423,0.008476639043469474,0.2753067505809496,11.593158946847016,-1.3234518276320564,-1.3234525773260328,-1.1339780622058444,7.453064123789469e-07,0.0010000065589944522,0.004667884038968219,0.15115666704045402,12.001771375868056
335,-1.580536057364266,-1.5805371977248281,-1.3407265172814422,1.696272278731724e-06,0.668,0.0010000239719443445,0.012942761086138352,0.4630806642180344,12.776282481427463,-1.2718746847576565,-1.2718762026892767,-0.9985223041640388,1.5198356575436062e-06,0.001000008928693003,0.0059144977738873825,0.17689251717593935,14.554719818962946
336,-1.6267519671961945,-1.6267530063413225,-1.3948274850845337,1.5416375870974559e-06,0.67,0.0010000171803183995,0.009213335223425672,0.2683458110352732,11.891644207936412,-1.3243694000773965,-1.3243704120318094,-1.1105574952231514,1.0124511188930935e-06,0.0010000093193310831,0.0051013025299956405,0.14670854260524113,13.038199445936415
337,-1.6236013893811208,-1.623602567978625,-1.393348457678309,1.748637208398783e-06,0.672,0.001000018054531571,0.009983239809648608,0.3026672326168924,12.076792977890879,-1.4391333752208288,-1.4391345527436998,-1.2192449847857156,1.1708173486921522e-06,0.0010000088717788459,0.005303800504447685,0.15080392493142022,12.168388430277506
338,-1.6444680870703932,-1.6444690047569994,-1.411466915652437,1.358536054503243e-06,0.674,0.0010000186124465094,0.009017765390212243,0.28028821312593966,11.618347590824342,-1.502798843383789,-1.5027996328141955,-1.3131866296132406,7.833871576521132e-07,0.001000016205944121,0.006751164555963543,0.19526151650481754,11.839746538798014
339,-1.6020169055686806,-1.6020177692737219,-1.3530378026782341,1.300126314163208e-06,0.676,0.0010000192823837388,0.010644642811901164,0.3221550347670069,12.712682274152648,-1.3072284208403695,-1.3072290937105815,-1.016047281689114,6.78665108150906e-07,0.001000007273008426,0.005923132784664631,0.19604496111472447,14.715435409545899
340,-1.6098834253707022,-1.6098847164298005,-1.3845003528415032,1.8983517052992334e-06,0.678,0.001000020398213616,0.01066423339312369,0.3206202486213648,12.295731238599094,-1.455971446302202,-1.4559720238049825,-1.2356237795617846,5.826354026794434e-07,0.0010000088666048314,0.006170988134625886,0.1843468932641877,12.844862874348957
341,-1.621671363992511,-1.6216722794298857,-1.396582138988207,1.342721142858829e-06,0.68,0.0010000217293020127,0.009132125168898195,0.26128049574370654,11.559564500484827,-1.1296208586957721,-1.1296211149957445,-0.8210205161737071,2.6689635382758247e-07,0.0010000122995633218,0.005955823738541868,0.18700424780448277,15.36615744696723
342,-1.5847869785326831,-1.5847877522684493,-1.3405845525129787,1.1300984418617105e-06,0.682,0.0010000269284542158,0.010662513099751383,0.3479467200220756,12.686102183359974,-1.368110199107064,-1.3681109382046595,-1.1219013472398123,7.379386160108779e-07,0.001000005839806464,0.004883989303683241,0.13757416274812487,12.626090473598905
343,-1.5843985575550008,-1.5843992435707237,-1.3467354504567273,1.0139115576474172e-06,0.684,0.001000019464694526,0.011256172497458052,0.34884372690938553,13.094769738755137,-1.4997929546568127,-1.4997932116190593,-1.2716188947359721,2.46531433529324e-07,0.0010000071850501829,0.005166810176645716,0.1686811144153277,12.00615332921346
344,-1.6139247529911545,-1.6139253175483559,-1.3662675017455839,8.159088638593566e-07,0.686,0.0010000184960311876,0.010636761635190473,0.35447835697318025,12.373893431897434,-1.457966922389136,-1.4579672376314798,-1.2354403032196892,3.040664725833469e-07,0.0010000068435652388,0.00487144171881179,0.1555533018377092,11.93572326236301
345,-1.5970353585369181,-1.5970359478356704,-1.3748240549609345,8.556218642108845e-07,0.688,0.0010000227353061145,0.010897876773873027,0.35318871685918773,12.062566262371135,-1.4820828835169475,-1.482083249092102,-1.2690356254577637,3.6483009656270346e-07,0.0010000160300276345,0.006568742843551768,0.1948965248134401,12.450504027472599
346,-1.6418824735677466,-1.6418833237773967,-1.384817881404229,1.2405919578840148e-06,0.69,0.0010000178392730512,0.009123017484287047,0.279183436677141,12.044119924869177,-1.3744400580724079,-1.3744405309359233,-1.110176745388243,4.7269794676038953e-07,0.0010000059691568216,0.00558142787259486,0.17039811296595467,13.466705958048502
347,-1.6200465053882238,-1.6200471981516424,-1.3964874137122676,9.985886654763852e-07,0.692,0.0010000171978905234,0.011026981778724014,0.3565757257758446,12.106528902953526,-1.415274324682024,-1.4152748664220174,-1.1791531867451137,5.443890889485677e-07,0.0010000059484607643,0.005521531361672613,0.18625488811069066,12.577278921339248
348,-1.62749431043301,-1.6274949312210083,-1.3935792749782778,8.969514999749526e-07,0.694,0.001000015051894874,0.010322906735862763,0.3382937826637952,12.35682190589185,-1.4123088757197064,-1.4123093975914849,-1.185386806064182,5.255970689985488e-07,0.0010000065486464235,0.004699224394021762,0.14566099097331364,12.005647373199464
349,-1.6462072628848958,-1.6462077802082278,-1.3983166577681057,7.286105515821925e-07,0.696,0.0010000185860883234,0.009028681509969931,0.3211174559480739,11.7516936806013,-1.4263997991879778,-1.4263999197218153,-1.176332683695687,1.151528623369005e-07,0.001000011929621299,0.005135918775987294,0.14735328687561883,12.558139377170138
350,-1.6336490545632705,-1.6336494571757767,-1.3729177353517064,5.795989396437159e-07,0.698,0.0010000271019789408,0.009195742118260209,0.29384323968639914,12.223747595301214,-1.3294580764240689,-1.329458514849345,-1.0796314491166008,4.386736287011041e-07,0.0010000109672546388,0.005361608053661055,0.15938708202706442,13.200317488776314
351,-1.584994282362596,-1.5849949931198697,-1.3556693679881546,1.0105377098299421e-06,0.7,0.0010000261882284903,0.010786995370784458,0.3494758220776072,12.396236311714604,-1.4237758384810555,-1.4237761007414924,-1.1868931214014689,2.615153789520264e-07,0.0010000076170803773,0.005765758196098937,0.15184559358490837,12.851445770263672
352,-1.6445717226784184,-1.6445727955620244,-1.3897129679625888,1.5268067143998056e-06,0.702,0.0010000171759253684,0.009549441580432203,0.318247313417916,12.138001046090755,-1.3814324988259206,-1.3814330008294848,-1.1034173316425748,4.968709415859646e-07,0.0010000051180314687,0.004593666886082954,0.1548399171895451,12.704483360714384
353,-1.6720345110263464,-1.6720349518757947,-1.4226014006812617,6.297146374324583e-07,0.704,0.0010000167717665153,0.008777707718523606,0.3003127144052173,11.556601092500507,-1.3359060128529867,-1.335906540022956,-1.0526558922396765,5.259282059139676e-07,0.0010000073971847693,0.004731648053146071,0.1631891099943055,12.899040264553493
354,-1.6407476461158608,-1.6407480419806715,-1.419463479293967,5.497263287598232e-07,0.706,0.0010000202137063134,0.009163330730823975,0.33053697842472,11.434776144207648,-1.4407764421568978,-1.4407766964700488,-1.2255236466725667,2.5033950805664064e-07,0.0010000091589366397,0.005182611652546459,0.17648559891515309,12.134797308180067
355,-1.6503630584140994,-1.6503636522113152,-1.455060398803567,8.343244498630739e-07,0.708,0.0010000189463168663,0.009088874943905844,0.28628842810274296,10.855241820497334,-1.374532519446479,-1.3745331168174744,-1.1012091159820556,6.005995803409153e-07,0.0010000112906305325,0.004775563415346874,0.1507398173213005,12.675354904598661
356,-1.6243032217025757,-1.624303714284357,-1.349633349562591,6.977539017515362e-07,0.71,0.001000026634121138,0.009673197595578319,0.3028148729002701,12.801548022144246,-1.3616615626547075,-1.3616617772314283,-1.1259629130363464,2.1374887890285917e-07,0.0010000116967906554,0.006833667980713977,0.23512477146254646,13.653481441073946
357,-1.6213378501388263,-1.6213385316560853,-1.3679824617673766,9.439042154348121e-07,0.712,0.0010000231592336073,0.009790868041509727,0.3120295799003457,12.237542926140552,-1.3578419619136388,-1.357842090394762,-1.0458200016628123,1.3526942994859483e-07,0.0010000067892380886,0.004404734882215659,0.13965461932950549,13.181605476803249
358,-1.6330097981219023,-1.6330103424360167,-1.4065459910428748,7.654417235896272e-07,0.714,0.0010000240905561819,0.009797787082926283,0.3188249852578595,11.972097549798354,-1.4309308714336817,-1.4309310118357341,-1.1923433078659906,1.4884604348076714e-07,0.0010000166457353366,0.0066535122692584995,0.18655848354101182,13.095265918307835
359,-1.5725509827991702,-1.5725515653502267,-1.3394160383152511,8.173849222795019e-07,0.716,0.0010000221334608658,0.012198152284155477,0.36196748490603464,12.99875907178195,-1.5137386533949109,-1.5137389130062526,-1.305460384156969,2.581212255689833e-07,0.0010000111742152107,0.0062530616505278485,0.16738301697704527,12.57352860768636
360,-1.634622040784584,-1.6346226570741185,-1.3719746684128384,8.6033119345611e-07,0.718,0.0010000194493189174,0.010338083893622993,0.3377458783534338,12.657571243789961,-1.4736134462886388,-1.473613797293769,-1.272614562511444,3.493494457668728e-07,0.0010000096349459555,0.005893835435724921,0.17666635695430968,11.801004865434434
361,-1.6465842926277305,-1.646584670498686,-1.4072896714480418,5.367229569633052e-07,0.72,0.001000021465720152,0.009859180130626796,0.3725597495740315,12.242153077755335,-1.4709308650758532,-1.470930928654141,-1.2567612992392645,5.198849572075738e-08,0.0010000069755026035,0.004783223983314302,0.16008292453156578,11.99378434287177
362,-1.662620629904405,-1.6626209335507087,-1.4093072560598265,4.1385866561025945e-07,0.722,0.0010000212724267873,0.009724504490084242,0.32033117017093693,12.131227259366018,-1.4264681193563673,-1.4264690332942538,-1.1612880044513278,9.078118536207411e-07,0.0010000062666626441,0.003907622360727853,0.12568989445765813,11.964375506507027
363,-1.6483792134051054,-1.6483796160176116,-1.4177244508041527,5.614645076247881e-07,0.724,0.0010000217622497453,0.009919220880376842,0.32537512115712436,11.711641599547189,-1.3138624721103247,-1.3138626946343317,-1.0403925875822704,2.258353763156467e-07,0.0010000065589944522,0.004614765776528252,0.1474226286013921,13.222030703226727
364,-1.6122328087968647,-1.6122331124431681,-1.3848939504263535,4.112579912509558e-07,0.726,0.0010000241718272555,0.010396198158697138,0.3620136876432401,12.244577983640275,-1.4597036520640054,-1.4597036295466952,-1.243974792957306,-1.7136335372924803e-08,0.0010000072419643403,0.0049504415235585636,0.15344943188958698,12.241349962022571
365,-1.6241347272441071,-1.6241350061488602,-1.4058184533748987,3.8771134502482863e-07,0.728,0.0010000231811987622,0.009620447370733292,0.2914518050427707,11.775969019475973,-1.5318864464759823,-1.531886547141605,-1.3207002772225274,9.843044810824923e-08,0.0010000096918601129,0.005176332996537288,0.1715650180975596,11.265738815731472
366,-1.6355867475833532,-1.6355870647250481,-1.3737973964439247,4.336097330417273e-07,0.73,0.0010000193329035955,0.010103987740739336,0.355537862991387,12.370843248547247,-1.4949909965197243,-1.494991201824612,-1.2758962101406521,2.0298692915174696e-07,0.001000010853426324,0.006473577664130264,0.23635535654094483,12.116751035054527
367,-1.6627706649168483,-1.6627709055846591,-1.4078258568385862,3.310588170897286e-07,0.732,0.0010000174658654152,0.008976883562457448,0.28036411851644516,11.747745190026626,-1.5330371061960857,-1.5330374267366198,-1.3309553874863518,3.292328781551785e-07,0.0010000107318369879,0.006112239861653911,0.21849361227618325,11.475757874382868
368,-1.6300239720434513,-1.6300244466313776,-1.3916238861263923,6.515040712536506e-07,0.734,0.0010000186080534785,0.010396088789797054,0.37808645924307266,12.136529589599034,-1.47063633468416,-1.470636522769928,-1.240941545698378,1.788967185550266e-07,0.0010000085484029519,0.00543699183811744,0.21354576680395337,12.021585994296604
369,-1.6415672707107831,-1.6415676148432605,-1.3908561490616709,4.6158455452829036e-07,0.736,0.001000020016019918,0.009354040378107215,0.29142625334690203,11.791359280640224,-1.5426401827070448,-1.5426403297318352,-1.3627174178759256,1.475214958190918e-07,0.001000011588136355,0.005428172591038876,0.1753424602250258,11.174832979838055
370,-1.6468549561950396,-1.6468553273182995,-1.41614693965552,4.911057229311961e-07,0.738,0.00100002343160153,0.009052671474527638,0.28060136833843197,11.66958330262382,-1.4936956034766302,-1.493695941236284,-1.284399672349294,3.3419993188646104e-07,0.0010000100385190711,0.006139179919328955,0.2098741364147928,12.098867649502226
371,-1.6441995535256728,-1.6441998234334982,-1.3867144854563587,3.6648421917321547e-07,0.74,0.0010000268318075334,0.009533525839939995,0.29775641605539144,11.782976582365215,-1.5171631813049316,-1.51716325018141,-1.3209715684254963,7.781717512342665e-08,0.001000016581060158,0.0067728293645713065,0.23252444035477107,12.05572394265069
372,-1.6663456367996503,-1.6663460056736785,-1.444869947883318,4.912462999235909e-07,0.742,0.0010000245891652018,0.008830256399891849,0.29165094844856354,11.078467162150258,-1.3997860511144,-1.3997863901986016,-1.171320621172587,3.390014171600342e-07,0.0010000076843425631,0.004361427611567908,0.14485723823308944,12.12914802763197
373,-1.6649356720582493,-1.6649359397168428,-1.4543268298203091,3.635321023329249e-07,0.744,0.0010000201609899413,0.009256411765543919,0.30075975964373014,11.32922688970026,-1.3957822865910001,-1.3957823236783347,-1.1711517148547703,4.04814879099528e-08,0.0010000069366974964,0.005078137422808342,0.18313761154810587,12.449342494540742
374,-1.6222199111614588,-1.622220495961747,-1.4111995831975397,7.896912547777284e-07,0.746,0.00100002545019928,0.01056005872504891,0.3838797866735818,11.581783087748402,-1.4882606082492404,-1.488261071840922,-1.268897737397088,4.597008228302002e-07,0.0010000102247835862,0.00510983695793483,0.16668993333975474,12.381309138403997
375,-1.6538509085493267,-1.6538512099463984,-1.398372767106542,4.0345596817304505e-07,0.748,0.0010000215294191017,0.008875212210388679,0.31461338994075666,11.903907433995661,-1.4370370666186016,-1.437037432193756,-1.184502327442169,3.6425060696072046e-07,0.0010000094926605621,0.004677680051989026,0.15135693318314022,12.295785151587593
376,-1.6325105856049735,-1.6325109544790015,-1.3811594630187412,4.992591884900939e-07,0.75,0.001000023996106015,0.009453450997342478,0.3116823169139196,12.28017053964003,-1.440739150842031,-1.440739361445109,-1.1947575873798795,2.068777879079183e-07,0.0010000139578349061,0.0058591404515835974,0.19788451161649492,13.046003850301107
377,-1.6487386001730866,-1.6487388430901293,-1.4298713207244873,3.3225372152508427e-07,0.752,0.0010000233854747043,0.009100602025974472,0.2639002504073224,11.024855577720786,-1.5436876614888508,-1.5436877648035685,-1.329942560195923,1.0521875487433539e-07,0.0010000096013148625,0.005551658296543691,0.15913050323724748,11.58641708162096
378,-1.6779170238746788,-1.6779171790716783,-1.3754862501936138,2.0144683010173293e-07,0.754,0.0010000193460826885,0.009371444951953753,0.2934241923239996,12.327374575273046,-1.4551008078787064,-1.4551009164916144,-1.203230861822764,1.1026859283447266e-07,0.0010000079042381711,0.004758269541586439,0.1456877715057797,12.249998452928331
379,-1.6494487883909694,-1.6494490740434178,-1.407717594560587,3.6409441030250404e-07,0.756,0.001000026700016603,0.009205687791109085,0.28542712520597113,11.844467738889298,-1.5098116252157425,-1.5098117934332953,-1.3164948529667324,1.7434358596801757e-07,0.0010000130679044459,0.005379635390515129,0.17501828124125798,11.656449211968317
380,-1.6902923201614957,-1.6902925450846833,-1.4470347795846328,2.9717976192258437e-07,0.758,0.0010000207760142831,0.00877293472986598,0.2921536272426821,11.226686135777888,-1.4169156577852038,-1.4169157412317064,-1.169332852628496,8.700622452629937e-08,0.0010000112414773968,0.005069472728711035,0.18777920305728912,12.241339789496527
381,-1.6686071899701964,-1.6686073968995292,-1.4218395431086701,2.7686638652153733e-07,0.76,0.0010000241959889262,0.00859202690563112,0.26979947427533707,11.312352648321188,-1.4756230261590744,-1.4756230619218615,-1.2672103974554274,3.212028079562717e-08,0.0010000115467442407,0.0047122688860529,0.16231962111261156,11.753871218363445
382,-1.6781839289755192,-1.6781840301909536,-1.4413698574282088,1.341104507446289e-07,0.762,0.0010000260476514978,0.008208521408960223,0.25702689566983367,10.948982895545239,-1.449170634481642,-1.4491706596480476,-1.2435508330663045,2.7898285124037e-08,0.0010000142863848143,0.005419129205660687,0.19340634147326152,12.143697357177732
383,-1.6779863789396465,-1.6779866083612982,-1.429032692369425,2.9240014418116154e-07,0.764,0.0010000252437268227,0.008726164408660721,0.30611316564510455,11.37446403503418,-1.438535127374861,-1.4385353922843933,-1.2471205883555943,2.635849846733941e-07,0.0010000123926955792,0.005994155082023806,0.21528939720657136,12.30260321299235
384,-1.7030269807239748,-1.703027165160989,-1.4217829389392205,2.488915650349743e-07,0.766,0.0010000225925326067,0.007860550498765594,0.2653252086690012,11.559065620854216,-1.4958271212048002,-1.495827430486679,-1.2646198007795546,3.0464596218532984e-07,0.0010000116631595625,0.004410042427480221,0.14036419490973154,11.610831313663057
385,-1.6843751871360924,-1.684375432302367,-1.427617239502241,3.161576558958809e-07,0.768,0.0010000251624557488,0.0081631792797092,0.2516926770221512,11.241067553466221,-1.5274365862210593,-1.52743665377299,-1.3092455519570245,6.12603293524848e-08,0.0010000131403406461,0.00494740590867069,0.17267554104328156,11.82402942445543
386,-1.6829588323269251,-1.6829589672808378,-1.405466468829029,1.7487777853911778e-07,0.77,0.001000022190570269,0.008778764668606082,0.28004661589017454,11.748905091915491,-1.473098587989807,-1.4730987191200255,-1.2186178684234619,1.2566645940144857e-07,0.0010000088329737385,0.004126671712017722,0.13548921553625,11.700670644972059
387,-1.6951621928304996,-1.6951624312490787,-1.474198287388064,3.0666870890923265e-07,0.772,0.0010000221400504124,0.008175064343959093,0.27552875145426337,10.6366095632877,-1.4968915383021038,-1.496891619099511,-1.2746662510765923,8.129411273532444e-08,0.0010000127393545377,0.005614431502504481,0.187756371166971,12.431934536827935
388,-1.6698167976343408,-1.6698169483328766,-1.4622844637564893,1.9884615574242934e-07,0.774,0.001000026256320471,0.009327430225346448,0.34584991338680376,10.97454432721408,-1.4681227750248378,-1.4681228359540304,-1.2504290488031176,5.612770716349284e-08,0.0010000118002709416,0.0048521094852023655,0.16986431065532898,11.614364359113905
389,-1.6513951949353487,-1.6513954738401018,-1.4191888075954509,3.6022854301164734e-07,0.776,0.0010000296279717728,0.00852578956598662,0.25785665994264045,11.260920218701633,-1.4946855545043944,-1.4946856856346131,-1.2552947243054708,1.2566645940144857e-07,0.0010000205365940928,0.006060038796729512,0.2220424188507928,13.032372601826985
390,-1.6988400963117491,-1.6988402740010675,-1.4707189168570176,2.252746303126497e-07,0.778,0.0010000249032669191,0.008264552437225884,0.2692293568320994,10.650746687403265,-1.417949692408244,-1.41794962088267,-1.1967803008026547,-7.64098432328966e-08,0.0010000089390410317,0.004115388614849912,0.14849367224507862,11.838420539432102
391,-1.6209172212852623,-1.6209176238977685,-1.401628017425537,5.194319868987462e-07,0.78,0.0010000289316763574,0.009959315933849452,0.29406727470879285,11.543937476176136,-1.431678059366014,-1.4316784408357408,-1.2355194277233548,3.8420160611470543e-07,0.0010000055034955343,0.004952848418098357,0.1717470284965303,11.682038540310332
392,-1.6922476314148813,-1.692247932811953,-1.4152460919236236,3.9059317336892184e-07,0.782,0.0010000184696730015,0.008357656495821363,0.26361026530558207,11.510087930931235,-1.3188803778754343,-1.3188810931311714,-1.0601311127344768,7.144278950161404e-07,0.001000006776303053,0.0045561484682063265,0.16905943469868767,12.668995793660482
393,-1.7080943696903732,-1.708094502395054,-1.4464874267578125,1.7600239447827608e-07,0.784,0.0010000203279251197,0.008094353447580393,0.30966254857913506,11.071144751782688,-1.3165616240766314,-1.3165617677900525,-1.0604979866080815,1.4263722631666396e-07,0.0010000084578577016,0.004721402066449324,0.1487794902589586,12.556289354960121
394,-1.7209513682239461,-1.720951498679395,-1.4721609466480758,1.5421296065708376e-07,0.786,0.001000024980144962,0.008382446325893671,0.29330237195739206,10.631803080720722,-1.3400993876987033,-1.3400994711452061,-1.0863195194138422,9.040037790934244e-08,0.0010000083724864654,0.00397486850205395,0.1503053668472502,11.879078918033176
395,-1.707005966384456,-1.7070060675998904,-1.4734009706749107,1.2989314097278522e-07,0.788,0.0010000236380739876,0.00748138076994779,0.2641009470483042,10.388437091179615,-1.2758518086539372,-1.2758521682686277,-1.0324251203073396,3.4802489810519746e-07,0.0010000124133916365,0.00453740158635709,0.13647483968072469,12.450606642829047
396,-1.5887356996536255,-1.5887359988014653,-1.3795902054264861,3.7442681924352107e-07,0.79,0.0010000285780373608,0.011388001207894873,0.3710725771368675,12.3845248852136,-1.3076993505160013,-1.30769948164622,-1.0561545299159156,1.3278590308295356e-07,0.001000011808031963,0.005202965764328838,0.16631319175163906,13.398724100324841
397,-1.6752290275861632,-1.6752291535431485,-1.4305365737879052,1.5800853945174307e-07,0.792,0.0010000185663196837,0.00857629286090158,0.3014892775495097,11.17672539657017,-1.50446212026808,-1.5044621454344855,-1.2829345689879523,1.9950999153984916e-08,0.0010000075549922056,0.0049057910425795445,0.17408549553818173,11.645946481492784
398,-1.7013315907064475,-1.701331786389621,-1.4534613523843154,2.4397137030115666e-07,0.794,0.0010000193416896575,0.008830571485648179,0.3051503598690033,11.25907520977956,-1.437098509735531,-1.4370986408657498,-1.2260063396559822,1.3286868731180826e-07,0.001000008212092022,0.004191356116077966,0.1549189602335294,11.381875642140706
399,-1.7184857602389354,-1.718485823217428,-1.4323072478456318,8.399475295588655e-08,0.796,0.0010000238423499297,0.007375434278246929,0.2510266865621198,11.177746664802983,-1.469742327266269,-1.469742817348904,-1.238726101981269,4.867712656656901e-07,0.0010000122297141288,0.005426809419360426,0.20266563246647518,11.78321599960327
400,-1.6863787016778622,-1.6863788613733255,-1.4217765016375847,1.8970865123676805e-07,0.798,0.0010000201587934258,0.00922702805508139,0.3642273562134437,11.512610534452042,-1.3143628968132868,-1.314363000790278,-1.0900053452286456,9.89271534813775e-08,0.0010000103386119008,0.004793559304542012,0.1881477461920844,12.897881995307074
401,-1.6965415792645149,-1.6965416354953118,-1.4338942541266388,6.016695274496979e-08,0.8,0.0010000223311472615,0.008611136511460228,0.28815494252825685,11.5364402285162,-1.4414640771018135,-1.4414640929963853,-1.1980673750241597,1.564621925354004e-08,0.0010000082224400507,0.004091678171729048,0.14981347272793452,11.142599105834961
402,-1.6975258521313936,-1.6975260523130309,-1.4331209659576416,2.405272339874843e-07,0.802,0.0010000246374885428,0.007978772480954539,0.28854472014420435,11.141898146215475,-1.2691217326455646,-1.2691219397717053,-1.0186681129866175,2.0836790402730305e-07,0.0010000081215467717,0.0040771233642266855,0.14483728127347098,12.057327588399252
403,-1.6850328535403845,-1.6850330154850799,-1.4322780798066337,1.9983019468919286e-07,0.804,0.0010000245628070156,0.00868004399685646,0.29689782225298433,11.33730368344289,-1.477887460920546,-1.4778875483406915,-1.244541887442271,9.702311621771918e-08,0.0010000122245401144,0.006309031845173902,0.20705377343628142,12.904663425021704
404,-1.6651715490053285,-1.66517181441469,-1.4294828671329427,3.3562756934255925e-07,0.806,0.0010000240202676857,0.009202348924997562,0.31492398566794844,11.367858139973766,-1.401761391427782,-1.4017615119616191,-1.2013152917226155,1.1929207377963597e-07,0.0010000118054449558,0.004723534903799494,0.16264196261763572,11.992059188418917
405,-1.6929901231010005,-1.6929902288148988,-1.4499373008620065,1.3017429495757482e-07,0.808,0.001000018116034005,0.008424892164942509,0.3132356579573649,11.150878132514233,-1.3950835929976573,-1.3950836605495878,-1.1529380639394124,6.796585188971625e-08,0.001000008056871593,0.0050284755571434895,0.1995358760158221,12.282277170817057
406,-1.6895337599628377,-1.6895338229413301,-1.4269363655234284,8.21672520547543e-08,0.81,0.001000020931966884,0.00857084714104685,0.3162564475019023,11.77638046696501,-1.5184723258018495,-1.518472523159451,-1.2820866213904487,1.8965866830613878e-07,0.0010000092132637897,0.005331445495701499,0.2007534553607305,11.930291589101154
407,-1.70724485505302,-1.7072449045361213,-1.4555901536401712,6.832041830386755e-08,0.812,0.0010000231833952778,0.007563819581607603,0.25151300704422985,10.90580068444306,-1.3881011764208475,-1.388101375102997,-1.179491470919715,1.9098321596781412e-07,0.001000019618206554,0.005506401793617341,0.1999996319413185,12.636155202653672
408,-1.7033542349653423,-1.7033543114392262,-1.4191095536609866,8.659542731519015e-08,0.814,0.0010000241674342244,0.008178831288977614,0.2685265025159098,11.417067905641952,-1.405691659450531,-1.4056916687223646,-1.1292183332973056,1.3245476616753471e-08,0.0010000138103754984,0.004007609323081043,0.14078362186749777,12.146862475077311
409,-1.7132700591717127,-1.7132701019071184,-1.4845326194223367,5.384098808720427e-08,0.816,0.0010000255863832415,0.008299777517095208,0.3322414939977088,10.69214232462757,-1.4217391133308408,-1.4217391636636523,-1.163375018702613,4.7518147362603085e-08,0.0010000128376608094,0.004313971997342176,0.1610946194993125,11.692647891574435
410,-1.7053612897980888,-1.705361471985871,-1.4211729146399588,2.1564510633360664e-07,0.818,0.0010000260893852924,0.00781621330610986,0.2527184895468208,11.433983937749323,-1.4716753403345744,-1.4716752542389764,-1.226554681195153,-8.924139870537652e-08,0.0010000092313728398,0.0049450358117206225,0.18120627486043506,11.819600603315566
411,-1.7218432156544812,-1.7218434113376546,-1.4922391671054769,2.359584817346537e-07,0.82,0.0010000222410901257,0.008042079295506174,0.31623993863193495,10.664697575119307,-1.385014380349053,-1.3850145194265577,-1.1081499252054425,1.3808409372965496e-07,0.0010000096478809913,0.004423796261350314,0.15724336935414207,12.350434419843888
412,-1.7031203305946205,-1.7031203868254177,-1.482777959895584,6.628205191414311e-08,0.822,0.0010000215338121325,0.008380939362500355,0.29008666411885675,10.49649216094107,-1.4615201274553933,-1.4615201791127523,-1.217063041528066,4.4289562437269424e-08,0.001000011021581789,0.005028053041961458,0.17079417523410584,12.354599889119466
413,-1.6815665712896384,-1.6815666230219715,-1.4400886657103054,5.86206058286271e-08,0.824,0.0010000287625446635,0.008416203008788937,0.27613600350494655,11.04477111348566,-1.535461314519246,-1.5354614761140613,-1.2933766550487942,1.6945931646558973e-07,0.0010000166612573796,0.004599205958139565,0.15353725519445208,11.360193072424995
414,-1.691230926873549,-1.6912312642583307,-1.496295767010383,4.1238260719011413e-07,0.826,0.0010000249296251052,0.008476518797424604,0.2766184313398487,10.443415209932148,-1.4055451512336734,-1.4055451419618394,-1.1671339432398478,-1.2003713183932835e-08,0.0010000080698066287,0.00389816005093356,0.13516629172696007,11.50647159152561
415,-1.707882800192203,-1.7078828541737683,-1.4442461627834249,6.972618822781545e-08,0.828,0.0010000212328895083,0.007481546299356334,0.22469308037521704,11.385024592561543,-1.4371286193529762,-1.4371287504831949,-1.2363548199335734,1.3502107726203072e-07,0.0010000099298647707,0.005080310989999109,0.20348322606749006,11.60471466912164
416,-1.690670706191153,-1.6906707669204135,-1.4784175202531635,7.155368912894771e-08,0.83,0.0010000248022272059,0.008504561737250045,0.2937749189869413,10.647450896928895,-1.4164040883382158,-1.4164041227764554,-1.194551255967882,4.2965014775594075e-08,0.0010000110966049962,0.004310390011717876,0.1548571168548531,12.017939874860975
417,-1.6738385546882197,-1.6738386041713211,-1.4376357546392478,6.909359176203889e-08,0.832,0.0010000249581798067,0.008909417768799752,0.3278882734055789,11.358691251502847,-1.2764343685574,-1.2764346910847557,-1.0670986294746398,3.2542480362786187e-07,0.0010000079947834215,0.004394082414607207,0.16509285436736212,11.947402403089734
418,-1.6686144010075983,-1.6686145629522935,-1.4240377410402838,2.0728077528611668e-07,0.834,0.0010000246023442948,0.008999211107433404,0.3204489628661354,11.377818233561966,-1.2385827276441788,-1.238582726319631,-0.9699055314064026,6.457169850667318e-09,0.0010000091770456898,0.0047092914995219975,0.1601956648959054,13.325425402323406
419,-1.6613907948979791,-1.6613908218887616,-1.425579455663573,3.549569057968428e-08,0.836,0.0010000216282622994,0.00954800549859427,0.3242762271525725,11.653289695955673,-1.3797555512852138,-1.3797555340660943,-1.0939499762323168,-1.6970766915215386e-08,0.0010000090088902248,0.004567445943959885,0.16761063999599882,12.725230450100371
420,-1.6729640263431478,-1.6729640510846984,-1.4350713131562718,2.945087990670834e-08,0.838,0.0010000212328895083,0.009680531400624873,0.36676731073069124,11.605006307925818,-1.500556132528517,-1.500556014643775,-1.278807274500529,-1.267426543765598e-07,0.00100001092068851,0.004273452744301822,0.15475360800822577,10.97427938249376
421,-1.6990056510241527,-1.6990056667687758,-1.481849045123694,2.0664817882034014e-08,0.84,0.0010000205739348564,0.007901883271153806,0.2787387191124682,10.481863228779918,-1.5029172526465524,-1.502917261918386,-1.2455533411767747,6.20881716410319e-09,0.001000011264760461,0.004281614772561524,0.16320330798625945,11.388050206502278
422,-1.7179071475874703,-1.7179071430890065,-1.4751620787494588,-4.709329245225438e-09,0.842,0.0010000253425700204,0.008439040408944184,0.32523001041614785,10.61292831852751,-1.4682362106111315,-1.4682360808054606,-1.2190009832382203,-1.2177560064527724e-07,0.00100000926759094,0.003742183248202006,0.12203384157684115,10.991000408596465
423,-1.6804212466725763,-1.680421271414127,-1.4423827247799568,2.2211164798376694e-08,0.844,0.00100002421356105,0.008815929970159283,0.33243224741715305,11.18069463405969,-1.3858249690797597,-1.3858249730534025,-1.1080457852946388,1.150700781080458e-08,0.001000009352962176,0.004407006910898619,0.15679711285564635,12.657120778825549
424,-1.702346682548523,-1.702346700542378,-1.4747970419109993,1.9680778935270488e-08,0.846,0.0010000216326553305,0.008783972571726958,0.34586072713136673,10.906711560375285,-1.4218034121725296,-1.4218034174707201,-1.1668250501155852,3.725290298461914e-09,0.0010000094823125335,0.0040670521609071225,0.1520716216829088,11.841662555270727
425,-1.687955305261432,-1.687955377236852,-1.4481001979899857,8.06209051384116e-08,0.848,0.001000024993324055,0.00925495443022195,0.33241078454368517,10.95938079762009,-1.5041128198305767,-1.5041127827432421,-1.2639145678944057,-3.791517681545681e-08,0.0010000123952825864,0.004105167121936878,0.1574123524957233,11.02209284040663
426,-1.666124773475359,-1.6661248971831124,-1.444290426542174,1.4430228269325113e-07,0.85,0.0010000301243842772,0.010440692876658912,0.3433319071553788,11.132378317275137,-1.310524362987942,-1.3105243841807048,-1.0746684339311388,2.1192762586805556e-08,0.0010000161593779922,0.005026099365204572,0.20254221773809858,12.945689709981282
427,-1.7002033040208637,-1.700203315267023,-1.4370862605436794,1.5674334652018996e-08,0.852,0.0010000259927386102,0.008634561589339151,0.2806296978356703,11.137850581475025,-1.4493587414423623,-1.4493587030304802,-1.1827466858757867,-3.3693181143866644e-08,0.0010000101161292858,0.00427851472567353,0.1511629483766026,11.945887004004584
428,-1.663623815437533,-1.6636238469267792,-1.4236768900223498,3.655001802264519e-08,0.854,0.0010000254260376096,0.009590175073101835,0.329372856976851,11.494002189276353,-1.5382523112826876,-1.538252255651686,-1.3063212288750543,-6.697244114345974e-08,0.0010000156083454688,0.00553630124260154,0.18827266146739324,11.97485425737169
429,-1.700844553281676,-1.7008445982663136,-1.4845364836027037,4.308684816900289e-08,0.856,0.0010000279300652866,0.008571311849046429,0.2857616826329591,10.678423206761199,-1.517164280679491,-1.517164244916704,-1.2888276828659906,-3.071294890509711e-08,0.0010000121417558855,0.004477560959963335,0.160524183511734,11.177152951558433
430,-1.6508258986023236,-1.6508259233438745,-1.406201569539196,2.6147320585430794e-08,0.858,0.0010000280728387945,0.009808787522521222,0.32926949872723166,11.982786592447534,-1.473225465085771,-1.4732255392604403,-1.233771144019233,7.82310962677002e-08,0.0010000217705965042,0.005845132444260849,0.21873802112208474,12.882379139794244
431,-1.7246238690502238,-1.7246238960410065,-1.4921122182090327,2.410895419570635e-08,0.86,0.0010000240773770889,0.007894352816467016,0.2798420805132614,10.62248337943599,-1.5330042733086477,-1.533004301124149,-1.2965672877099779,1.0596381293402778e-08,0.0010000105559205017,0.004124076830016242,0.14542314658562341,10.969413905673555
432,-1.7395649001283466,-1.7395648978791147,-1.480916495593089,-6.396253153962909e-09,0.862,0.001000027194232592,0.007710734237301743,0.2753132487524231,10.700482512420079,-1.4873786211013793,-1.487378606531355,-1.2624724480840894,-1.556343502468533e-08,0.001000015202185346,0.005021729941169421,0.18645222956935564,11.84023053910997
433,-1.7256091023391147,-1.7256090888437234,-1.4777861743603113,-8.575196536082142e-09,0.864,0.001000026095974839,0.007790162491629708,0.2745373031159617,10.704842153585181,-1.5540999333063763,-1.5540998644298978,-1.3312414659394158,-6.415777736239963e-08,0.001000011994296478,0.004208765701494283,0.1488293887840377,10.686153655582002
434,-1.7054046055056014,-1.70540459201021,-1.4429028540287379,-9.418658490450877e-09,0.866,0.0010000281914506319,0.008205220507422709,0.26606172787131005,11.108901860579005,-1.4688255813386706,-1.4688255826632182,-1.2598479059007432,3.725290298461914e-09,0.0010000117304217483,0.004032167750928137,0.15156576848692363,11.155134995778402
435,-1.7290735447181846,-1.7290735244750977,-1.4527419805526733,-2.2843761264153246e-08,0.868,0.0010000241015387594,0.007529140054687577,0.26664689316783313,10.845316014199886,-1.5068527102470395,-1.5068526917033724,-1.257802865240309,-1.8874804178873697e-08,0.0010000091460016039,0.003955873479652736,0.1491559104786979,11.193130069308811
436,-1.7374838793052818,-1.7374838793052818,-1.5113641226066734,2.8115398478957844e-09,0.87,0.0010000247912446284,0.007675601771312221,0.2863363638379664,10.36782781133112,-1.341384408209059,-1.3413844658268823,-1.0772121028767692,5.529986487494575e-08,0.0010000104602012369,0.00375671052477426,0.13299442413780424,11.779640558030872
437,-1.7227886105483432,-1.722788653283749,-1.445792238667326,3.964271185533056e-08,0.872,0.0010000246023442948,0.008176904615401378,0.2763581659715131,11.075257364309058,-1.5053659068213567,-1.5053663240538704,-1.2598838832643298,4.192193349202474e-07,0.0010000112078463038,0.004250458788333668,0.15007029175758363,11.119815497928196
438,-1.7227851444820188,-1.722785160226642,-1.497953696070977,2.073510637823141e-08,0.874,0.0010000279168861936,0.008170608804508482,0.28535062102776654,10.50284314605425,-1.5008785565694174,-1.5008784784211053,-1.2718062162399293,-8.460548188951281e-08,0.0010000131972548035,0.004717633981878559,0.16193324724833172,11.679125785827637
439,-1.7316052328865483,-1.731605221640389,-1.4804629334863626,-6.325964657765515e-09,0.876,0.0010000237984196195,0.008925296366214752,0.33463340217493615,10.915555477142334,-1.4555605941348604,-1.4555605901612176,-1.2023433672057258,-8.526775572035047e-09,0.0010000120589716568,0.003762726630601618,0.13597037510739432,11.006559711032443
440,-1.7156628347792715,-1.715662884262373,-1.4985031429326758,5.6371373950310476e-08,0.878,0.001000027831222089,0.007959541631862521,0.31419816437476084,10.356127532023304,-1.5171132617526586,-1.5171134445402357,-1.3175322612126668,1.7732381820678711e-07,0.0010000162188791566,0.005588802736666468,0.18099321292506323,11.644052802191842
441,-1.7056567826361027,-1.7056576688334626,-1.4655999372590263,1.0080776124630333e-06,0.88,0.0010000231526440606,0.008337454435433139,0.30162874693578146,10.934202716035664,-1.471677809291416,-1.4716777841250102,-1.2441958374447293,-2.3510720994737412e-08,0.001000007836975985,0.0036045916481978364,0.12705574134985606,10.70069832272
442,-1.7475757936261735,-1.747575915084695,-1.4973821370106823,1.3565679766097159e-07,0.882,0.0010000248241923608,0.006996859075888148,0.2547498679245418,10.19515754591744,-1.3825035187933181,-1.382503546608819,-1.105402390824424,2.996789084540473e-08,0.001000011619180441,0.003968658996745944,0.16195112185345756,12.00939162572225
443,-1.7120509350074913,-1.7120509147644043,-1.4520244879542656,-2.1578568332600145e-08,0.884,0.0010000232141464949,0.008793838721928451,0.32352575069328526,11.487201456753713,-1.4404159069061278,-1.4404159214761523,-1.195112607214186,1.2997123930189345e-08,0.0010000099427998066,0.004574944208272629,0.19200189163287482,11.706236012776692
444,-1.6733586833162128,-1.6733586495777346,-1.4371472293475889,-3.451165163292075e-08,0.886,0.0010000202400644994,0.009844477464146208,0.32320724315238447,11.273356734581714,-1.3289888156784904,-1.3289887838893466,-1.0744150307443407,-3.385874960157606e-08,0.0010000075161870983,0.004472857749917441,0.17290935036208893,12.373416996002197
445,-1.6990271514316775,-1.6990271446839817,-1.462100422607278,-1.314394878891279e-08,0.888,0.001000025276674555,0.008221514826148467,0.2973941632036893,10.57337739332667,-1.4948161284128825,-1.4948159284061855,-1.262922481695811,-1.889136102464464e-07,0.0010000096220109198,0.004192127577132649,0.146527142657174,11.14940299987793
446,-1.7087676412654373,-1.708767609776191,-1.468335603767971,-3.12783808078406e-08,0.89,0.0010000273282200379,0.0077891295055314055,0.2615359661714086,10.695272040816972,-1.537218356132507,-1.5372182766596476,-1.3377471725145975,-7.905893855624728e-08,0.0010000142553407284,0.004619046787006987,0.153197802686029,10.94028459125095
447,-1.7001616977295786,-1.7001616797357235,-1.4730936153879706,-2.2703184271758458e-08,0.892,0.0010000338518710912,0.00868380155836074,0.3408104614266809,10.874821060108689,-1.5015650245878431,-1.5015650219387477,-1.2734814008076987,4.13921144273546e-10,0.0010000117148997055,0.0036283887715803254,0.13594048130843375,10.482062371571857
448,-1.7132568359375,-1.7132568111959494,-1.473501333650553,-2.8677706448537e-08,0.894,0.0010000290217334932,0.0077681874171039965,0.30375048244055713,10.756243705749512,-1.5236606902546355,-1.5236607233683268,-1.2893667605188157,2.2103389104207358e-08,0.0010000217421394255,0.006275610698180066,0.20068413648340439,12.67602251900567
449,-1.6681406205555178,-1.6681474402265728,-1.4529191862862065,7.616461447949679e-06,0.896,0.0010000311721221737,0.009509456357127934,0.3531423272951594,11.059007482708624,-1.5095714304182264,-1.509737773736318,-1.2613094091415404,0.00016634025507503085,0.0010000145062804221,0.005401395245765646,0.19684839149316152,12.673320611317951
450,-1.7127224881694,-1.7127281922214437,-1.4406822807383988,6.352041689854748e-06,0.898,0.0010000209078052133,0.008742870270924748,0.33492103612647867,11.202950585563228,-1.4914428578482735,-1.4914431863360935,-1.27857971323861,3.3527612686157227e-07,0.0010000097047951487,0.004386587544447846,0.1873578142788675,11.073831907908122
451,-1.7025506991260457,-1.702550953289248,-1.4701525062884924,2.8073225381239403e-07,0.9,0.0010000225112615328,0.008528451681277662,0.31448785567058707,10.800575337320003,-1.5553242948320178,-1.5553243213229708,-1.336642407046424,2.7236011293199326e-08,0.0010000133007350895,0.004575949612384041,0.18906585458252165,10.88868415620592
452,-1.7603370895925559,-1.7603371908079903,-1.5355258662745637,1.1077467000709389e-07,0.902,0.0010000239038523639,0.007319658357685186,0.2601238189019122,9.956033652683473,-1.3460835225052301,-1.346083519856135,-1.0889778233236738,-3.808074527316623e-09,0.0010000084268136156,0.00325357373803854,0.1310243661204974,10.999796581268308
453,-1.708003359020881,-1.708003487227098,-1.4781041707632676,1.393117994632361e-07,0.904,0.0010000306822992159,0.007666245243459378,0.30472113065562156,10.38174918012799,-1.2663288679387832,-1.2663289374775357,-0.9723354384717015,6.374385621812608e-08,0.0010000147494590944,0.00444102736396922,0.17648370100392236,12.904330942365858
454,-1.7122191865489167,-1.712219404724409,-1.4816078161293607,2.3778598263578594e-07,0.906,0.0010000244266230543,0.00839482958182552,0.3093816936718968,10.7156298655384,-1.3160107672214507,-1.3160107758310107,-1.0324483584198687,2.8146637810601128e-09,0.0010000085070108373,0.0035573798283520673,0.13529829308390617,11.99339760674371
455,-1.722631571427831,-1.722631722126367,-1.4724848180446986,1.6489681207908773e-07,0.908,0.0010000235128726036,0.007495394894712657,0.2584227854210251,10.694231258248383,-1.4059267560640971,-1.4059267706341214,-1.1426133374373117,5.298190646701389e-09,0.0010000085794470376,0.003792790561500523,0.14220222739709748,11.351221783955891
456,-1.715382141887017,-1.715382382554828,-1.4513030142154333,2.5894281999120174e-07,0.91,0.0010000362197148068,0.008210525676643229,0.3321600314581169,11.093328592912206,-1.4918233036994935,-1.491823803053962,-1.232056040234036,5.03907601038615e-07,0.0010000129540761312,0.0042173761770957045,0.1674985256459978,11.144473372565376
457,-1.7615460089917452,-1.7615461979272231,-1.5229753075905565,2.0285260002568082e-07,0.912,0.0010000196426122817,0.007331069203023359,0.2838971229656687,9.948038739978143,-1.4361197299427455,-1.4361197352409363,-1.173983664645089,1.0679165522257487e-08,0.001000010134238336,0.0036701711360365152,0.13007533508870336,11.083631409539118
458,-1.7362800566655285,-1.7362801218932529,-1.5047624471052639,7.155368912894771e-08,0.914,0.0010000250658090666,0.007732132449746132,0.295350054314114,10.531928575263834,-1.3836563772625392,-1.3836563520961338,-1.1588772707515294,-2.6573737462361655e-08,0.0010000110526258747,0.0037717895789278876,0.14744147012631098,11.348707220289445
459,-1.748066225141849,-1.7480662881203417,-1.5038018788931504,6.12915686841281e-08,0.916,0.0010000217183194352,0.007477791435173097,0.2562983440902998,10.52608003256456,-1.492130137814416,-1.4921303841802809,-1.2450790431764391,2.4429625935024687e-07,0.0010000102299576004,0.004005562850377626,0.14224489405751228,11.001318942175969
460,-1.7737556246091735,-1.7737556246091735,-1.5206871797453683,6.888272627344671e-09,0.918,0.0010000244595707868,0.0065368543695307,0.2302258548871526,9.858267532204682,-1.4476547757784526,-1.4476548221376206,-1.1860647916793823,4.7021441989474825e-08,0.001000010941384567,0.004066778610770901,0.15243508352173699,11.505954615275066
461,-1.7406367333430164,-1.7406367535861034,-1.5034351922431082,2.776395599797087e-08,0.92,0.0010000297531731568,0.007871599375920475,0.2816133858319723,10.277382076911206,-1.5398208061854044,-1.5398207942644755,-1.311264373196496,-1.2169281641642252e-08,0.001000009678925077,0.003758029065405329,0.13762911740276548,10.332414076063367
462,-1.7497434863504373,-1.749743493098133,-1.5281814381761372,1.0191831948622218e-08,0.922,0.001000023982926922,0.007276620338055885,0.3014250578323625,9.99691137277855,-1.456107415093316,-1.4561072627703349,-1.2177718944019742,-1.5058451228671604e-07,0.0010000140535541707,0.0037960190274235273,0.13310281477040714,10.938658046722415
463,-1.7656402812813812,-1.765640306022932,-1.538068393491349,2.7271936524589107e-08,0.924,0.001000021661210032,0.007494953750931429,0.2509232826952664,9.806676990581009,-1.4997269405259026,-1.4997269484731885,-1.2465794801712036,-1.4073318905300564e-09,0.001000010734423995,0.0033562802709639072,0.13776588605509865,10.48141212463379
464,-1.788474386593081,-1.7884744045869359,-1.5274396999826971,1.3565679766097158e-08,0.926,0.0010000216765856406,0.0066218766700124965,0.2692865875532042,9.972956027624742,-1.4224725405375163,-1.422472393512726,-1.183380220996009,-1.4313393168979222e-07,0.0010000110552128819,0.0034640986317147813,0.14279091871447033,10.744668504926892
465,-1.7201486646004442,-1.7201486780958355,-1.4827459375813323,2.5936455096838608e-08,0.928,0.0010000279674060501,0.008910170229116702,0.3397356249251456,10.767520445697713,-1.4479795853296917,-1.4479796065224542,-1.1931987563769022,1.1175870895385742e-08,0.0010000126824403802,0.0040109367368535865,0.1633684421579043,10.933950180477565
466,-1.756159951102059,-1.756159926360508,-1.509475123207524,-3.029434186107708e-08,0.93,0.0010000210044518957,0.007138362497021005,0.3080675298312925,9.981748535947979,-1.4368583811653983,-1.436858348051707,-1.208084715737237,-2.276566293504503e-08,0.001000007836975985,0.003993975836783648,0.1615335751738813,11.100269190470376
467,-1.762653685965628,-1.762653670221005,-1.4776057949605979,-1.2792506307925819e-08,0.932,0.0010000265286883936,0.007707295974470534,0.29462958225664104,10.697441424963609,-1.4777830613984002,-1.4777830547756619,-1.2250546991825104,-2.400742636786567e-09,0.0010000076895165775,0.0037338186158902115,0.14215920956598388,10.93059810002645
468,-1.7442707408149287,-1.7442707138241462,-1.495621386564003,-2.7412513516983895e-08,0.934,0.0010000276555008484,0.007720466272659459,0.3104818567352475,10.344662657323873,-1.3798098180029126,-1.3798097676701016,-1.117841104666392,-5.132622188991971e-08,0.0010000111586931679,0.004338805563747883,0.16073841253916424,11.837897947099476
469,-1.7430666910027557,-1.7430666775073644,-1.5052503684781633,-1.3073660292715397e-08,0.936,0.0010000321693402136,0.006841447929201543,0.2427159126777694,9.931304166901786,-1.486745876736111,-1.4867458793852064,-1.2519688685735066,-2.5663110944959852e-09,0.001000012710897459,0.0037688921412660017,0.16242464052306282,10.678826798333063
470,-1.771948627705844,-1.771948609711989,-1.5712421997538153,-2.7201648028391712e-08,0.938,0.0010000254458062492,0.006815985908274943,0.26689683491328975,9.42963435514918,-1.4348065892855326,-1.4348066475656298,-1.1584830721219381,6.275044547186958e-08,0.0010000138258975412,0.0037694432772696017,0.16107899596293768,11.261243279774984
471,-1.7938987286585681,-1.7938987061662495,-1.5444560185918268,-2.3124915248942824e-08,0.94,0.001000027145909251,0.006537018686462686,0.27472966993754766,9.722007562529367,-1.5240224043528239,-1.5240224573347303,-1.2714446226755778,5.207127994961209e-08,0.00100001678802073,0.0037957296810216374,0.16025480445888307,10.9631409962972
472,-1.7646793891798775,-1.7646793846814137,-1.5301545948352453,-5.763656688186358e-09,0.942,0.0010000255907762726,0.007100425766042943,0.26313619160989543,9.942973100914145,-1.4209479808807373,-1.4209479067060682,-1.2032573779424032,-8.030070198906793e-08,0.0010000130653174386,0.003915286312500636,0.1401023756298754,10.702206717597115
473,-1.7056490902630788,-1.7056490835153832,-1.4747211753197436,-6.396253153962909e-09,0.944,0.001000032483441931,0.008348140246146973,0.29614989283793375,10.635141021800491,-1.389369910293155,-1.3893698546621533,-1.1308628779318597,-4.784928427802192e-08,0.0010000131196445888,0.004809596746539076,0.19210657742288378,12.276189157697889
474,-1.7660456356012597,-1.7660456333520278,-1.5613207457200535,-4.8499062376202275e-09,0.946,0.0010000234250119836,0.007556074799723782,0.3114939913294225,9.79540625158346,-1.498357820510864,-1.4983576695124308,-1.2772118012110392,-1.501705911424425e-07,0.0010000130084032814,0.003688059969701701,0.1477487672534254,10.335689290364583
475,-1.7552386994631786,-1.7552386859677873,-1.5422947676676624,-1.7361258560756466e-08,0.948,0.0010000252547094001,0.007459906017724073,0.2624963730714231,9.653263595868957,-1.4027781089146933,-1.4027776585684881,-1.1484670731756421,-4.5109126302931044e-07,0.0010000126824403802,0.003999118367210031,0.1611517694261339,11.460335138108993
476,-1.7243966921320502,-1.7243982935851474,-1.4604770462467986,1.6867130432488783e-06,0.95,0.0010000266275315914,0.008185902135973831,0.32489410829993914,11.048233320128244,-1.4913970801565382,-1.4913982311884562,-1.22172824078136,1.1466443538665772e-06,0.0010000095599227482,0.004327667587333255,0.17179066174560123,11.176011498769125
477,-1.753168742611723,-1.7531690282641716,-1.476634165026107,2.9753120440357135e-07,0.952,0.001000028382547481,0.007267878909226296,0.2700314805755075,10.718868030692047,-1.4738292853037516,-1.4738292574882508,-1.2304834829436408,-2.5083621342976888e-08,0.0010000138077884912,0.004352296645649605,0.1704626672797733,11.224232143825954
478,-1.7428421614305027,-1.7428422603967055,-1.5276124140001692,9.713870174479935e-08,0.954,0.0010000310249556347,0.008059518539153461,0.27306300528206917,9.820922464694616,-1.4374386893378364,-1.437438674767812,-1.1716980278491973,-1.233485009935167e-08,0.0010000119658393992,0.003976456350129512,0.14379133921530513,11.472086366017658
479,-1.7480166588189467,-1.7480166475727874,-1.5023234925180111,-1.6588085102585126e-08,0.956,0.001000030792124991,0.007404886462883848,0.2723316981123303,10.227434383248383,-1.6289754311243694,-1.6289753595987955,-1.4301572256618076,-8.45226976606581e-08,0.0010000177503873904,0.0039911047607246375,0.14115890852279134,9.460468281639947
480,-1.7554694953954444,-1.7554694976446763,-1.5194797133499722,2.6006743593036002e-09,0.958,0.001000030383573107,0.006815774858279049,0.27710905762494736,9.929175709778407,-1.5284417152404788,-1.528441556294759,-1.2931661711798774,-1.6366442044576008e-07,0.0010000122892152932,0.0037770969793200493,0.14418587361772855,10.4795642958747
481,-1.7546239843908347,-1.754624013630849,-1.5304984236663242,2.460097366908811e-08,0.96,0.0010000242728669688,0.007962745873538672,0.28072948697602973,10.259438316777068,-1.3850223037931655,-1.3850222971704271,-1.1761941022343105,-7.119443681504992e-09,0.0010000132360599107,0.00463795587937865,0.19520084543360605,11.279172293345132
482,-1.7908507293125369,-1.7908507090694499,-1.538922498810966,-3.029434186107708e-08,0.962,0.001000023978533891,0.006539725852286759,0.25628895235230337,9.68545465649299,-1.5076967583762273,-1.5076968696382311,-1.2671218819088406,1.1316604084438747e-07,0.001000012850595845,0.003761067267300354,0.1695294712152746,10.558138688405355
483,-1.739079477652064,-1.7390795068920784,-1.4912213222035822,3.317617020517025e-08,0.964,0.0010000310688859449,0.008319732223479252,0.2817387465598448,10.462817399006969,-1.4495642218324876,-1.4495641860697004,-1.2089102254973518,-2.8229422039455837e-08,0.001000009624597927,0.004118965949035353,0.18586184258262317,11.199820963541667
484,-1.7484184683493849,-1.7484184616016891,-1.4516850451253496,-1.6869239087374705e-08,0.966,0.0010000265440640022,0.007074537704575737,0.2944709948211346,10.741898950540795,-1.4461035463545053,-1.446103400654263,-1.1682382891575496,-1.4180938402811687e-07,0.0010000073454446263,0.0037855137087818647,0.1614997915095753,11.139108986324734
485,-1.742045985077912,-1.7420459738317526,-1.4658574428198472,-1.0894716910596164e-08,0.968,0.0010000242267401431,0.008699659833614275,0.3855244201028122,11.130093466560796,-1.5037010855144926,-1.5037010775672064,-1.2783434841367933,-2.5663110944959852e-09,0.0010000080128924715,0.004232592140841815,0.16795523067315418,10.884507963392469
486,-1.7425023227367762,-1.742502342979863,-1.514069845091622,2.1648856828797537e-08,0.97,0.0010000258455720712,0.007709191773824816,0.3004376720285641,10.018574318795833,-1.4595038414001464,-1.4595038771629334,-1.2307930959595574,3.2865338855319555e-08,0.0010000118494240774,0.0034785912475652167,0.15298117051521937,10.457773674858942
487,-1.7340076397050102,-1.7340077397958287,-1.525356722327898,1.1281303639681834e-07,0.972,0.001000026482561568,0.008235872991137067,0.34802774951424237,9.920932958710868,-1.5213661101129323,-1.521366086271074,-1.2923632727728949,-2.4504131740993923e-08,0.0010000130679044459,0.004319685604423284,0.18173074473937353,10.420286475287543
488,-1.7809737628360964,-1.7809737290976182,-1.5393337416199018,-2.8607417952339604e-08,0.974,0.0010000248900878261,0.00674522220034082,0.25658479058798755,10.021964469045963,-1.5356201953358122,-1.535620227124956,-1.2888805084758335,2.6490953233506943e-08,0.0010000117873359058,0.003943545019461049,0.19014380781186951,10.664836067623561
489,-1.7923126018272255,-1.7923126018272255,-1.552704523194511,-2.670962855500995e-09,0.976,0.001000024152058616,0.00692977241837894,0.3000482878876182,9.685631994931203,-1.4773892137739393,-1.4773890998628405,-1.2356495406892565,-1.1937485800849067e-07,0.0010000137043082052,0.004217691336654955,0.18421974943743813,11.447200520833336
490,-1.7501081925518107,-1.7501082037979703,-1.511424608950345,6.817984131147277e-09,0.978,0.0010000255424529314,0.007482295693337636,0.2873556359477763,10.096778752668849,-1.5569653908411663,-1.5569654133584765,-1.329875071843465,2.284844716389974e-08,0.0010000143691690432,0.003948382345131702,0.15760699700978067,10.387339401245118
491,-1.750382567351719,-1.7503825830963422,-1.5162280235650405,1.5041738186242447e-08,0.98,0.0010000276818590344,0.00731697570058113,0.3045286903122686,10.174742725660217,-1.336441471769164,-1.3364414499141275,-1.0534672431647778,-1.672241422865126e-08,0.001000011161280175,0.003652974000821511,0.12413575682375166,11.86209504869249
492,-1.7370798767737623,-1.7370803693555437,-1.4971401848883,4.97501976085159e-07,0.982,0.0010000306186002661,0.007216701196190322,0.25997973486499965,10.192733350789771,-1.468461608886719,-1.4684622089068096,-1.2221041003863016,6.025864018334283e-07,0.0010000151582062245,0.0036154829224364624,0.1420112532046106,10.995712661743164
493,-1.7634418865419783,-1.7634438456229444,-1.5165784291501314,2.0029409876409567e-06,0.984,0.0010000261157434786,0.00687418523560858,0.2401900824932557,10.024604032624442,-1.4178404145770602,-1.4178407496876186,-1.1393229093816546,3.269977039761013e-07,0.001000010853426324,0.0037867020970831313,0.16966980654332373,11.497081968519423
494,-1.7296296133185334,-1.7296297775124603,-1.5147852329712994,1.7080104575966888e-07,0.986,0.0010000324461011674,0.007300283210703505,0.2732152369505954,9.99441522922156,-1.4790093925264145,-1.479009403122796,-1.250735162364112,2.466970019870334e-08,0.0010000251388798157,0.005036452221166756,0.16900554936793116,11.918856843312584
495,-1.7655284674662464,-1.7655284809616376,-1.5342075757260591,7.591157589318617e-09,0.988,0.00100002540626897,0.0074358405325702336,0.2681808685356716,10.346972672444469,-1.5067028125127158,-1.5067026363478766,-1.2543983856836955,-1.8858247333102755e-07,0.0010000128350738022,0.00333044923738473,0.1204555137289895,10.459191152784559
496,-1.7752285880862542,-1.775228592584718,-1.5308439979013406,7.450580596923828e-09,0.99,0.0010000256720473462,0.0071690103416946135,0.25643751587507857,9.974381059970495,-1.5643895943959552,-1.564389407634735,-1.319708788394928,-1.8965866830613878e-07,0.0010000185885777077,0.004226086671567626,0.16758117452263832,10.881425984700519
497,-1.7785882095120988,-1.778588184770548,-1.5499607751954276,-2.4319819684298533e-08,0.992,0.0010000276225531157,0.006820124367533147,0.25809234767308775,9.818749292841497,-1.5175780958599512,-1.517578168710073,-1.2713229364818996,7.409188482496474e-08,0.00100001053005043,0.0035318147856742144,0.13524080026480886,10.600358878241646
498,-1.782824403834793,-1.782824401585561,-1.5427196093325346,-1.1246159391583136e-09,0.994,0.001000027038279991,0.007250975435248243,0.3189211039329475,9.82251443503038,-1.4787130673726396,-1.4787131004863314,-1.2389502353138393,2.707044283548991e-08,0.001000014656326837,0.004142324807536271,0.19964351389143203,11.372320408291289
499,-1.792033445160344,-1.7920334316649527,-1.535704844402817,-1.5885200140611182e-08,0.996,0.0010000285934129694,0.006696554146847635,0.2589181182238291,9.869796510012645,-1.4346079958809748,-1.4346079614427354,-1.1848399268256293,-3.1540791193644206e-08,0.001000008928693003,0.0030583192956530384,0.11100625081194772,10.299399577246769
500,-1.7083156198825475,-1.7083155883933014,-1.4792348697500408,-3.486309411390772e-08,0.998,0.001000032518586179,0.00821571310823959,0.3021820161561921,10.766109385580387,-1.5888443814383613,-1.5888443443510267,-1.3815830111503602,-3.4355454974704316e-08,0.0010000144804103506,0.0043686201537234915,0.17573119948307672,10.17346913019816
501,-1.7707538829659515,-1.770753896461343,-1.5663483322791334,1.3776545254689343e-08,1.0,0.0010000242443122672,0.007388780987382216,0.3083179624013181,9.506592057785898,-1.2358202530278102,-1.2358202248811723,-0.8977569700943099,-2.9140048556857638e-08,0.0010000084087045656,0.0032050125973506105,0.14718314152624873,11.7898099899292
502,-1.7941225902089533,-1.7941225857104894,-1.5432634533576246,-3.3035593212775465e-09,1.0,0.001000025219565152,0.006273294293831261,0.24063297888299204,9.927959298187831,-1.4954397718111674,-1.4954397784339057,-1.2725207487742105,1.2583202785915799e-08,0.0010000149590066738,0.003746307196302546,0.15466111045744685,10.65215442445543
503,-1.7651932869317397,-1.7651933161717541,-1.5281313972653083,3.022405336487968e-08,1.0,0.0010000320375492832,0.007104673958822804,0.2842936692935116,10.015893117436823,-1.4938114047050477,-1.4938113570213318,-1.2418049308988783,-4.155768288506402e-08,0.0010000167776727015,0.003855138085782528,0.15524070527818468,11.120182122124566
504,-1.7841225457641314,-1.78412256825645,-1.5191708285853547,1.7993855026533018e-08,1.0,0.0010000272227872937,0.007420039806022959,0.31455482837726484,10.03688473071692,-1.44124219417572,-1.4412422670258416,-1.1967884023984274,6.722079383002387e-08,0.0010000150417909027,0.003809644261168109,0.16105712718433804,10.747468058268229
505,-1.7872326711438737,-1.7872327318731345,-1.54644176645099,6.410310853202388e-08,1.0,0.0010000270448695377,0.007414246940071571,0.32068605032169595,9.842190265655518,-1.3575282971064249,-1.3575282957818773,-1.0659936096933154,-1.5729003482394748e-09,0.00100001636116455,0.0035294950991455053,0.1590878857506646,11.146411016252305
506,-1.724290298965742,-1.7242903327042203,-1.4853812366161707,3.458194012911815e-08,1.0,0.0010000340319853628,0.008397322850969603,0.3404336243446143,10.723912967825836,-1.4789583166440328,-1.4789583153194852,-1.214569322930442,-4.801485273573134e-09,0.0010000105817905731,0.003284925434531437,0.13589096094171207,10.390222104390462
507,-1.7836170668871898,-1.7836170466441028,-1.526904488509556,-1.7080104575966888e-08,1.0,0.0010000246638467289,0.006775772506546862,0.2790688960900847,9.900716772619283,-1.5140804237789578,-1.5140803999371,-1.2925070842107138,-3.253420193990071e-08,0.0010000110319298174,0.003979709910021888,0.14328015330764982,10.756290732489692
508,-1.7374601881459075,-1.737460176899748,-1.5052086992083855,-1.0051254956227429e-08,1.0,0.0010000252876571328,0.007457075232007312,0.25696093012701793,10.32320492222624,-1.3944166408644783,-1.394416590531667,-1.1481331275569069,-5.380974875556098e-08,0.0010000153858628538,0.00505762612964544,0.19051532728804482,12.34404822455512
509,-1.785311977818327,-1.7853119665721677,-1.5453605494409237,-1.3776545254689343e-08,1.0,0.0010000230098705528,0.007198473860351545,0.2610457860776838,9.701064019832971,-1.4782094319661458,-1.4782094518343607,-1.237231315506829,1.2831555472479927e-08,0.00100001307307846,0.0036458471945176522,0.15360163218445247,10.795290311177572
510,-1.771611841219776,-1.7716118502167035,-1.5310409102799758,1.0613562925806585e-08,1.0,0.0010000230494078318,0.007180529804724567,0.2829948137250711,9.973636150360107,-1.4907002237108018,-1.4907002488772074,-1.2522917151451112,2.5166405571831597e-08,0.0010000119503173564,0.0035505075266377794,0.13888058306442366,10.525497319963243
511,-1.7471336126327515,-1.7471336441219978,-1.5153799956699587,3.226241975460412e-08,1.0,0.001000025245923338,0.00809689629207945,0.3143711802813242,10.210551738739014,-1.4528178029590182,-1.4528177618980407,-1.1909731321864658,-4.611081547207303e-08,0.0010000122478231789,0.003685045288875699,0.14025028944015502,10.990052085452609
512,-1.7958317477748078,-1.7958320401749521,-1.5509617373628437,2.9640658846441303e-07,1.0,0.001000024672632791,0.006443074509009438,0.2536162441631533,9.60789532031653,-1.3455952445665993,-1.3455952962239583,-1.0533048907915752,5.794896019829644e-08,0.0010000127729856306,0.00348116890527308,0.15052995905280114,11.240650261773004
513,-1.7898604082611371,-1.789860466741166,-1.526647740939878,5.925320229440365e-08,1.0,0.0010000253249978963,0.0064065666245472315,0.2708363417044001,10.102604119282848,-1.4936259362432693,-1.4936260090933906,-1.2606288856930203,7.955564392937554e-08,0.0010000150521389311,0.0037284985236409637,0.14814404025673866,10.590789318084717
514,-1.7772495454212405,-1.777249572412023,-1.5402968379686464,2.3898088707114167e-08,1.0,0.001000024000499046,0.007087222388330495,0.28623777445194853,9.553161828023082,-1.4576313389672175,-1.4576312714152866,-1.190335566467709,-6.324715084499783e-08,0.00100001470806698,0.0033646595353881517,0.12471881674395667,10.908269649081761
515,-1.7834724930097472,-1.7834725110036023,-1.555801252149186,1.6658373598782522e-08,1.0,0.001000024308011217,0.007214220095742142,0.2944747803486743,9.497757083964798,-1.483336693710751,-1.483336661921607,-1.2306720005141365,-3.203749656677246e-08,0.0010000129049229953,0.003600279459108909,0.14035552657312816,10.738004642062718
516,-1.8222906949385158,-1.822290670196965,-1.5850233334415365,-2.2351741790771484e-08,1.0,0.0010000200006443094,0.006081233350208627,0.23541728104904014,9.289371895340254,-1.4621057589848834,-1.4621057483885023,-1.2119490305582683,-1.1589792039659288e-09,0.0010000089312800103,0.0033949466111759343,0.14319113733039962,10.670577833387588
517,-1.7896766302720555,-1.789676621275128,-1.5335308425831344,-1.1667890368767505e-08,1.0,0.0010000278663663369,0.006507783473627466,0.25005498078634153,9.758273304633374,-1.4023656434482996,-1.4023655652999878,-1.1488259792327882,-7.136000527275933e-08,0.0010000129644241599,0.0035565014100737043,0.14342365364233653,11.196201430426703
518,-1.8043744451594803,-1.8043744271656252,-1.5371087317196828,-1.2019332849754477e-08,1.0,0.0010000278334186044,0.006697225713891522,0.25848942011032466,9.935106898253819,-1.478308839268155,-1.478308829996321,-1.2213315129280091,-1.4735592736138238e-08,0.0010000115260481834,0.0030931193847209214,0.12479250414503945,10.199066713121203
519,-1.7621021225767315,-1.7621021203274996,-1.5384692358520795,2.460097366908811e-09,1.0,0.00100003341256799,0.007343773910213473,0.30570606929513644,9.838859369169992,-1.3873992191420663,-1.3873992284138998,-1.1314819441901314,7.119443681504992e-09,0.0010000132593429752,0.0036377419717609884,0.13194975223806168,11.32621374130249
520,-1.7466437974066105,-1.7466438648835667,-1.4888743094678194,6.663349439513009e-08,1.0,0.0010000265923873434,0.007403263312606317,0.29990488248613645,10.398758537364456,-1.5317328294118246,-1.5317330307430692,-1.298692931069268,2.0298692915174696e-07,0.0010000114950040977,0.003673420189362433,0.11960226049025853,10.45782111485799
521,-1.7809617631840255,-1.7809620240949235,-1.544856586546268,2.6407388021361155e-07,1.0,0.001000028022318938,0.006893397532930633,0.2507572884688962,9.689697112677232,-1.4410431543986002,-1.4410433265897962,-1.2074448294109767,1.7434358596801757e-07,0.0010000160326146417,0.004482493114968141,0.17692483986417454,11.707258362240262
522,-1.8008679466427497,-1.8008679758827641,-1.5421551803372942,3.2473285243196305e-08,1.0,0.001000021505257431,0.006067037165059515,0.23365876401932734,9.919742341311473,-1.481498454676734,-1.4814984281857808,-1.234844113720788,-2.9305617014567056e-08,0.0010000145813036296,0.004481930503000816,0.18278336649139723,11.189399984147814
523,-1.7427590613095265,-1.7427590927987728,-1.513146407199356,3.5776844564473853e-08,1.0,0.0010000345042361965,0.007534897301943516,0.27804033711271464,10.393396071667942,-1.4479018807411195,-1.4479019204775492,-1.232647548781501,3.60111395517985e-08,0.0010000177555614049,0.004239181517105964,0.15941454271475475,10.968882921006946
524,-1.771950881436186,-1.7719509466639105,-1.5104953837844561,5.33489686138225e-08,1.0,0.0010000319738503335,0.007535931228150455,0.28523321998006895,10.108433876397475,-1.5331243740187752,-1.5331244044833714,-1.2979496505525376,2.7401579750908744e-08,0.0010000098341455062,0.0034253300374580756,0.14195600408646797,10.109844960106745
525,-1.7668773003344267,-1.766877329574441,-1.5477285789993573,2.8818283440931787e-08,1.0,0.0010000269504193708,0.007302634642055293,0.2940857606535813,9.695198607894609,-1.4134991963704426,-1.4134990082846748,-1.1900879012213812,-1.8320149845547146e-07,0.0010000136241109835,0.004469585589443644,0.17976630727450052,11.67389221191406
526,-1.7834468090309288,-1.7834467797909144,-1.511241930835652,-2.7553090509378686e-08,1.0,0.0010000279498339263,0.006790562857926454,0.2566809356212616,10.190655438405162,-1.5007981128162808,-1.5007980836762322,-1.2498756726582845,-3.4438239203559025e-08,0.0010000147572201158,0.0032931810193177727,0.1293546888563368,10.461636808183458
527,-1.7145577916559183,-1.7145577939051502,-1.458715245408832,6.396253153962909e-09,1.0,0.0010000326284119543,0.007848750237586364,0.2553640639163413,11.121373545448735,-1.4994392580456204,-1.4994394765959846,-1.25848837296168,2.1449393696255153e-07,0.0010000140845982564,0.004676416604262259,0.18456206205818387,11.634894201490614
528,-1.7952115580720722,-1.7952117200167674,-1.5338777922234446,1.591331553909014e-07,1.0,0.0010000226518385254,0.006519144405347278,0.2732388230989564,10.054017030967856,-1.4403942187627155,-1.4403941697544522,-1.158148127131992,-5.248520109388563e-08,0.0010000123616514935,0.0034265083726495505,0.13972428267200787,10.59891958236694
529,-1.769978772919133,-1.7699787526760462,-1.5590766915735208,-1.9469913446678305e-08,1.0,0.001000030427503417,0.006919821197131895,0.2657607071242242,9.3592413866295,-1.4481585423151655,-1.4481585105260213,-1.2093525913026597,-3.5597218407524956e-08,0.0010000139759439562,0.003216567940803038,0.11893005097905794,10.408922428554957
530,-1.7233951114258677,-1.7233951181735632,-1.5305070944552153,1.0754139918201375e-08,1.0,0.001000031993618973,0.008801501912047278,0.3664704291325695,10.016734429125515,-1.438027060031891,-1.438027036190033,-1.182381679614385,-3.212028079562717e-08,0.0010000130472083886,0.003542306222435501,0.13339509434170194,10.631623702579077
531,-1.8200949925296712,-1.8200950262681492,-1.5533836618909296,3.823694193138266e-08,1.0,0.0010000230823555645,0.005653003612884654,0.2354224736819852,9.297737670394609,-1.4880754285388524,-1.488075437810686,-1.2693618112140233,8.940696716308593e-09,0.001000016004157563,0.0037053670785907244,0.15649843008981812,10.383189900716143
532,-1.7673366339701526,-1.7673367734225292,-1.551115850232682,1.4050670389859183e-07,1.0,0.0010000321385889965,0.007308662170544267,0.2688593906614016,9.520052675930959,-1.3809892998801339,-1.3809893237219917,-1.1484275334411198,2.193782064649794e-08,0.001000017538252804,0.004077019226840801,0.17429743243588341,11.527700996398927
533,-1.7583076661487795,-1.7583076526533883,-1.504158933207674,-1.1949044353557083e-08,1.0,0.0010000270272974136,0.007342503498361077,0.30877811482773637,10.125481830452973,-1.534548236264123,-1.5345482057995266,-1.3003636837005614,-1.9868214925130207e-08,0.0010000106930318805,0.0037853462362868917,0.13621732857492236,10.191753980848523
534,-1.7016993266231608,-1.7016993108785377,-1.4452404705983288,-8.364331047489959e-09,1.0,0.0010000292128303423,0.009790696449718386,0.3128359421806515,11.516624837551477,-1.5202638294961721,-1.5202635751830207,-1.2869162983364528,-2.5149848726060653e-07,0.0010000104731362727,0.0037778589512324997,0.1608660305539767,10.32079350153605
535,-1.8058318192104124,-1.805831787721166,-1.5665312915478113,-2.9942899380090103e-08,1.0,0.0010000250943637682,0.006456031341035411,0.26036669848100197,9.359396421684409,-1.4694038338131379,-1.469403816594018,-1.2147639380560982,-1.051359706454807e-08,0.0010000102325446077,0.003223149757832289,0.14191562914186054,10.404407056172689
536,-1.7850245012427277,-1.7850244877473362,-1.4878846249490414,-1.7782989537940835e-08,1.0,0.0010000239807304064,0.006429189912763969,0.25921737037177356,10.672942278520116,-1.2840320905049643,-1.28403210706181,-0.9527067104975383,1.771582497490777e-08,0.0010000132619299822,0.003958629490807652,0.17195729787151018,12.523153516981337
537,-1.7671367132438804,-1.7671370618748214,-1.5477549175046525,3.541837323386714e-07,1.0,0.0010000279454408952,0.007427953078218226,0.30570011093931376,9.648386199519319,-1.5014773355589972,-1.5014773594008552,-1.2297695676485698,2.392464213901096e-08,0.001000011619180441,0.0034015768880231514,0.13945778699384795,10.44034317864312
538,-1.8270573728489425,-1.8270573571043194,-1.586823654624651,-8.926639017069115e-09,1.0,0.0010000238950663017,0.005538409096979589,0.19738868286587158,9.044558965934897,-1.5366821991072757,-1.5366821580462986,-1.290890261862013,-3.427267074584961e-08,0.0010000142346446713,0.0034345590354253846,0.13340958116783036,10.264801406860354
539,-1.8166806720337778,-1.816680669784546,-1.577680599014714,-3.6550018022645195e-09,1.0,0.001000028782313303,0.005910342326387763,0.20583242192020956,9.286206884204217,-1.4285499811172486,-1.428549669848548,-1.1714970111846923,-3.077089786529541e-07,0.0010000122943893074,0.003658903628173802,0.16470736877785788,10.799813259972467
540,-1.8006326972313647,-1.8006326994805966,-1.547546071826287,-2.1086548859218382e-10,1.0,0.0010000262299622849,0.006568757940154031,0.28048412797023664,9.686858492077521,-1.422494011455112,-1.4224938988685607,-1.1369385364982816,-1.0497040218777127e-07,0.0010000110138207673,0.003447048283285565,0.15730029708809323,11.138424894544814
541,-1.8039059054176763,-1.8039059526515457,-1.5733420623923249,3.303559321277546e-08,1.0,0.0010000246792223374,0.006759230438444131,0.25992120809431346,9.353464234550044,-1.4283521890640258,-1.4283521850903829,-1.1618592255645328,-1.655684577094184e-10,0.001000011929621299,0.0040872387898465,0.19827690439091789,11.125033124287922
542,-1.7802517054215916,-1.780251718916983,-1.5553113784430161,1.6096065629203365e-08,1.0,0.001000024303618186,0.007473164000812004,0.29489362436645433,9.737303877776524,-1.5480628914303252,-1.5480628768603006,-1.3081649647818672,-1.4321671591864692e-08,0.001000008175873922,0.003546029386214084,0.17119092866778374,10.143105602264404
543,-1.8119043021831873,-1.811904326924738,-1.5653567696517368,2.3124915248942824e-08,1.0,0.0010000232822384755,0.006296647861951364,0.2818887226705281,9.482214288891486,-1.4957442667749195,-1.4957442243893941,-1.2473315629694197,-3.923972447713216e-08,0.0010000138077884912,0.003301253780308697,0.15408042578233613,10.160922929975722
544,-1.802971216867555,-1.8029712573537287,-1.5691373190789852,3.8658672908567036e-08,1.0,0.0010000298344442304,0.007070116769030409,0.2993930275991278,9.541354638225627,-1.3856545713212753,-1.3856546309259203,-1.1084048297670153,5.9521860546535916e-08,0.0010000118183799917,0.0037346592172980307,0.15737824125422373,11.088726700676812
545,-1.8194047302569982,-1.8194047032662157,-1.5461178725620486,-2.6147320585430794e-08,1.0,0.001000024294832124,0.006365029483963296,0.2702543686302203,9.6643954223057,-1.4299398594432406,-1.4299398250050015,-1.166623224152459,-3.923972447713216e-08,0.0010000132671039966,0.003084410535585549,0.12132672783401277,10.321024407280817
546,-1.8197431969192792,-1.8197432284085255,-1.572905864355699,1.9751067431467884e-08,1.0,0.001000027358971255,0.0065728842570745155,0.291547334770549,9.428651755710817,-1.5167778107855052,-1.5167778028382195,-1.2656619522306654,-1.0430812835693359e-08,0.001000010941384567,0.0029224525179920927,0.12421862093938721,9.635268635219997
547,-1.7955862148752753,-1.7955862103768114,-1.578514499484368,-6.1853876653707255e-09,1.0,0.0010000255556320244,0.006860005866982184,0.31083283861571886,9.243922251575398,-1.4329625633027818,-1.4329625248908997,-1.1792248990800647,-3.667341338263618e-08,0.0010000166897144583,0.003821567016550236,0.1460386376414034,11.008830536736385
548,-1.7959933348421782,-1.7959933078513954,-1.5219845186989263,-2.670962855500995e-08,1.0,0.0010000255468459625,0.007556556311066983,0.3340012231525385,10.094769846718266,-1.4190561996565925,-1.419056126806471,-1.1452472196684944,-7.37607479095459e-08,0.0010000136060019334,0.0034832102815724082,0.14568268474605348,10.627182420094808
549,-1.770984780113652,-1.7709847553721014,-1.5039646917918943,-1.7923566530335623e-08,1.0,0.0010000289163007488,0.006539525494928348,0.25326941696540367,10.046670796736231,-1.5663875791761612,-1.5663876003689237,-1.3403335452079772,1.8957588407728406e-08,0.0010000218585547473,0.004533251023126973,0.19596833023760055,10.291735214657251
550,-1.8000241742943817,-1.8000246263899893,-1.5605543559452273,4.4260666055499385e-07,1.0,0.0010000279871746898,0.006802291139292548,0.2891508255083606,9.468521837918264,-1.5358104334937202,-1.535810391108195,-1.279590286148919,-4.395842552185059e-08,0.001000012064145671,0.0034786343212342926,0.16440548424919446,10.117785824669735
551,-1.8428527206744787,-1.8428527049298555,-1.5804071403899282,-1.251135232313624e-08,1.0,0.0010000264364347425,0.005492382436850161,0.2162642941441176,9.138404540295872,-1.4764823171827528,-1.476482289367252,-1.1955243547757466,-3.816352950202094e-08,0.0010000098703636063,0.003302793365178837,0.15716304687990082,10.333058113521998
552,-1.7889628455323994,-1.7889628522800949,-1.5742666856297907,6.747695634949882e-09,1.0,0.0010000255644180864,0.0067123925919591815,0.27563886499067525,9.355675850274428,-1.5580892509884308,-1.5580892311202155,-1.3150062110688951,-1.8460883034600152e-08,0.0010000103205028508,0.0033037942213316757,0.1435458722213904,10.056691784328883
553,-1.7465539428423036,-1.7465539383438398,-1.5449919273268502,-5.693368191988963e-09,1.0,0.0010000252854606173,0.00796789892966736,0.2766596244753532,9.907062431551376,-1.4573664519521925,-1.4573664254612393,-1.1835004289944966,-2.889169587029351e-08,0.001000013991465999,0.004149380274530914,0.16167552487717735,10.776385932498508
554,-1.7626967137714602,-1.7626967092729964,-1.5338386859533921,-1.159760187257011e-08,1.0,0.001000020389427554,0.007821207962719337,0.29378084353399725,9.803214145156572,-1.5254991716808741,-1.5254992312855191,-1.2695539851983388,5.7617823282877605e-08,0.0010000089752591318,0.0035837730082372826,0.1570743937459257,10.43022222518921
555,-1.8295820389153823,-1.829581987183049,-1.6144070467858944,-4.7093292452254386e-08,1.0,0.00100002045971605,0.00628371558696875,0.2437054637889817,8.587137231286967,-1.4683155152532792,-1.4683150715298123,-1.2324654830826653,-4.4032931327819825e-07,0.001000008959737089,0.0033423183071944447,0.14500594031479624,10.279631148444281
556,-1.8136075577645931,-1.8136075172784194,-1.5441340050607357,-3.233270825080152e-08,1.0,0.001000024373906682,0.006527179689585882,0.2646567964188333,10.029543939626441,-1.494900565677219,-1.4949005775981479,-1.259901879893409,1.4073318905300564e-09,0.0010000099712568853,0.003980991565104988,0.18881401692827543,10.499753019544812
557,-1.8207685250156331,-1.8207684822802275,-1.5964657967945315,-4.407088711576642e-08,1.0,0.0010000223091821063,0.0063491612584945165,0.2840763919477193,9.134918293862972,-1.5851884126663207,-1.5851884656482274,-1.3524160239431593,4.4206778208414715e-08,0.0010000120926027497,0.0035308994870218964,0.1660427588555548,9.82066011428833
558,-1.792512594528918,-1.7925125450458166,-1.5478759486720246,-5.2997526132835535e-08,1.0,0.0010000303242671882,0.007185691190040055,0.2908877799252294,9.801057716585555,-1.4622794204288059,-1.4622793528768752,-1.2157196799914043,-6.11775451236301e-08,0.001000016004157563,0.0038131383609854514,0.16107409985529053,10.48783253563775
559,-1.7689915108230878,-1.7689927951344904,-1.5603978274003514,1.2792506307925819e-06,1.0,0.0010000281760750233,0.007313907115702641,0.3227578937866778,9.469662945225554,-1.4677747236357799,-1.4677749223179288,-1.2055687189102173,1.979370911916097e-07,0.0010000131067095532,0.004376272893407278,0.19444228725300894,11.323838456471764
560,-1.8059294313754675,-1.805929627058641,-1.5756685756287485,1.98072982284258e-07,1.0,0.0010000226518385254,0.007908772822153175,0.33906007009857103,9.635518982725323,-1.5460281756189134,-1.5460281742943658,-1.303236394458347,-3.559721840752496e-09,0.0010000121262338426,0.004149772568295399,0.18076808229088784,10.692045264773899
561,-1.801200068221902,-1.8012000974619164,-1.5754983087755599,3.212184276220933e-08,1.0,0.0010000215843319893,0.006981542044020486,0.28785652920322596,9.526664976803762,-1.455964019563463,-1.455964023537106,-1.2119769566588932,4.5531325870090064e-09,0.0010000135025216472,0.0037746142233825394,0.17197204298443264,10.479297828674316
562,-1.800705241707136,-1.8007051922240347,-1.564383621485728,-4.505492606252994e-08,1.0,0.0010000222674483117,0.006832057153278927,0.2832434175290027,9.30326889146049,-1.4589662710825602,-1.4589663492308722,-1.201950486501058,8.129411273532444e-08,0.0010000092443078756,0.0031515542779945666,0.1473790636907021,10.306947347852917
563,-1.8557648433829255,-1.8557648591275484,-1.5987426807295602,1.3214237285110186e-08,1.0,0.0010000254326271562,0.005513938785231901,0.2216828835882106,9.06479068072337,-1.3363382630878025,-1.3363382087813482,-1.0362907452715768,-6.12603293524848e-08,0.0010000124108046292,0.0034948605371432173,0.1699716438849767,10.958991569942897
564,-1.8531714407902844,-1.853171503768777,-1.608115722548287,6.607118642555092e-08,1.0,0.0010000288899425628,0.005443480349022825,0.23898671911853664,8.849602375390395,-1.5271966695785522,-1.5271966814994813,-1.285372257232666,1.241763432820638e-08,0.0010000140664892065,0.003581457176349229,0.153422237187624,10.176222207811144
565,-1.8426785873916913,-1.8426785716470682,-1.6049038374199058,-1.3776545254689343e-08,1.0,0.0010000288547983146,0.005916287665659527,0.2626133466947754,9.00955064341707,-1.5084678451220197,-1.508467854393853,-1.2644593464003668,1.53150823381212e-08,0.0010000118571850988,0.0033668234375201994,0.14839049304525057,9.955652152167424
566,-1.8172514123736687,-1.81725142586906,-1.5478659193470794,1.0894716910596164e-08,1.0,0.0010000236117158016,0.0068404850031618235,0.2972114976003485,9.799834728240967,-1.487082154221005,-1.4870821211073133,-1.232679275671641,-4.4951836268107095e-08,0.0010000124082176222,0.003912147946862711,0.17539014849397871,11.008798747592502
567,-1.783357003949723,-1.7833572063805923,-1.550012192636166,2.06085870850761e-07,1.0,0.00100003069987134,0.006989797994599871,0.2854229328486155,9.501500057724288,-1.4466543197631836,-1.4466543462541368,-1.185113165113661,2.4172994825575087e-08,0.0010000163378814857,0.0034225654943535726,0.13807672907908758,10.74571254518297
568,-1.7463776480476811,-1.7463778392323908,-1.5258268995105095,1.942071149934013e-07,1.0,0.0010000352664270773,0.0078075450519978435,0.3117806395550944,10.0308317958184,-1.4033140977223715,-1.4033141454060873,-1.12383431063758,4.4289562437269424e-08,0.0010000126513962945,0.0032409515645768906,0.13616925068199634,10.859572166866723
569,-1.8242580013455085,-1.8242579945978128,-1.5840428842688508,-1.1246159391583136e-09,1.0,0.0010000245298592832,0.0064228002315844,0.2564277594100754,9.562368096045727,-1.4168757253222994,-1.416875754462348,-1.1711690074867673,3.3527612686157227e-08,0.001000010240305629,0.0033361212350428104,0.13585286463300386,10.667332045237224
570,-1.852580540585068,-1.852580524840445,-1.6167295856295891,-1.2089621345951873e-08,1.0,0.0010000189177621647,0.0056135915307644405,0.22037805321643938,8.712754798385332,-1.5754393087493048,-1.5754393259684245,-1.3500151793162027,1.970264646742079e-08,0.0010000123642385007,0.0032475763828390173,0.14041555010610157,9.502785597907172
571,-1.8017729003474396,-1.8017731027783088,-1.5805350429606888,2.1325529746289523e-07,1.0,0.0010000295357181217,0.00716468007391635,0.31787421723019404,9.341866475231242,-1.443881805737813,-1.4438818011018966,-1.1921099652846654,-7.533364825778537e-09,0.0010000112751084897,0.0036377210997872883,0.15443151651157272,10.964059416453043
572,-1.8125409382694173,-1.8125409157770984,-1.5613750669191468,-1.251135232313624e-08,1.0,0.0010000266538897776,0.006948410739841045,0.2845075934563043,9.732200406632334,-1.401555509037442,-1.4015555063883463,-1.1203637374771966,-3.311369154188368e-10,0.001000008602730102,0.0034402958065685297,0.15550465393397545,10.619404559665254
573,-1.8213418024890828,-1.8213418069875464,-1.5643329350453503,4.8499062376202275e-09,1.0,0.0010000215865285048,0.006640344932851083,0.26261924741403114,9.556141862329447,-1.4472234355078804,-1.4472233401404486,-1.1778007692760892,-1.0786785019768609e-07,0.001000013631872005,0.0035145319377382594,0.1618743311199877,10.704028426276313
574,-1.7859988999816607,-1.7859988729908782,-1.5686441659927368,-3.472251712151293e-08,1.0,0.0010000290415021328,0.007257688522584877,0.27977129022748964,9.418496986605087,-1.469739854335785,-1.4697398781776427,-1.214460790819592,2.1358331044514974e-08,0.001000009831558499,0.00324276363891032,0.12651891774601406,9.989950508541531
575,-1.809469243265548,-1.809469223022461,-1.570313332215795,-1.7501835553151257e-08,1.0,0.0010000238928697862,0.006184119603789921,0.245082992006023,9.281336163574794,-1.3391425059901345,-1.3391424649291568,-1.070152571797371,-3.675619761149089e-08,0.0010000146097607083,0.0034137460558364787,0.13603019101752176,10.795617972479926
576,-1.829083114300134,-1.8290851161165058,-1.6006283085301238,2.00582281598505e-06,1.0,0.0010000252678884932,0.0059783851885992405,0.2504652017411196,9.009145295844888,-1.4282402899530198,-1.4282402820057338,-1.1369663033220503,-1.4901161193847657e-09,0.0010000097746443418,0.0032954608193702167,0.143084453460243,10.446651077270507
577,-1.8152590495235514,-1.8152591439912904,-1.565148855155369,1.016371655014326e-07,1.0,0.0010000285363035663,0.006750728680207482,0.2901751703389411,9.75486489961732,-1.4840105772018433,-1.484010644753774,-1.2373375985357495,7.409188482496474e-08,0.0010000109776026672,0.0032150335195991727,0.14972896724939347,9.822801240285239
578,-1.8417191235524304,-1.8417191235524304,-1.5693644667571445,-1.0191831948622218e-08,1.0,0.0010000274446353597,0.005681358146006768,0.22352891077972808,9.033301146525258,-1.4266522725423179,-1.4266522208849588,-1.1311513195435206,-4.7600931591457794e-08,0.0010000148891574807,0.0036434936181952557,0.1529404809905423,11.266274420420329
579,-1.794674868853587,-1.7946748486105002,-1.5609909723389823,-1.982135592766528e-08,1.0,0.0010000288152610356,0.006704424244334113,0.2651914798145024,9.594070353597965,-1.4822335759798686,-1.4822336064444648,-1.2140935858090718,3.0464596218532984e-08,0.001000010002300971,0.0035152917934788597,0.13439192407661013,10.94767377641466
580,-1.8050286859836218,-1.8050286949805494,-1.5786714025263517,1.3846833750886737e-08,1.0,0.0010000265748152193,0.00627657507967977,0.24512006454872634,9.365104666296041,-1.4838655749956764,-1.4838657869233025,-1.2347190486060249,2.1805365880330403e-07,0.0010000127238324946,0.003811224777665403,0.16370413154363633,10.553320842319064
581,-1.8272751029932275,-1.8272750872486043,-1.5968337666313603,-1.4760584201452867e-08,1.0,0.001000023613912317,0.006496485160171705,0.2950048027032951,9.149593938071773,-1.4462004290686712,-1.4462004211213855,-1.1855630569987827,-7.616149054633246e-09,0.0010000117097256913,0.0032363345950014062,0.13436272806591457,10.377893045213487
582,-1.8165656913001582,-1.8165656710570712,-1.5517579260862098,-1.3003371796518002e-08,1.0,0.001000023310793177,0.006616988219320774,0.28507632108510667,9.776124801275865,-1.422195788224538,-1.422195839881897,-1.1612754970788957,5.207127994961209e-08,0.0010000135361527404,0.0034790558326575492,0.16005307386318843,10.68632174597846
583,-1.757733459742564,-1.7577335272195205,-1.5453405470218298,6.445455101301085e-08,1.0,0.0010000334718739087,0.007286367107639616,0.316571444694726,9.73886407096431,-1.3213551988204322,-1.3213552309407128,-1.0130676411713162,2.905726432800293e-08,0.0010000131843197677,0.0029570231524606544,0.1285110971166028,10.552066379123263
584,-1.825114072493787,-1.8251141354722797,-1.5940687768864181,6.354080056244473e-08,1.0,0.0010000268142354096,0.006461770089237757,0.26641733023636743,9.373345968858251,-1.3534210549460515,-1.353421023156908,-1.0500664138131672,-3.0961301591661244e-08,0.0010000133473012183,0.0031894696307265095,0.14898705010612806,10.637583584255644
585,-1.7866459252699367,-1.7866461119561825,-1.5841576378300506,1.9315278755044037e-07,1.0,0.0010000279871746898,0.008192236741723598,0.3550737091111687,9.42887038104939,-1.476427777608236,-1.4764278478092618,-1.2378265182177226,7.01182418399387e-08,0.0010000178073015478,0.004308788737075196,0.19089484595590167,11.074360328250462
586,-1.8264969992187787,-1.8264970239603295,-1.6023364112062275,2.0945971866823593e-08,1.0,0.0010000269921531654,0.0064483920929356,0.30330235342372136,9.038696513985688,-1.4613187750180565,-1.4613187789916993,-1.2146589583820766,3.808074527316623e-09,0.0010000159498304128,0.003288431307818327,0.13949125674035814,10.101592328813343
587,-1.806126189681719,-1.8061261491955451,-1.5678369211700727,-4.835848538380749e-08,1.0,0.0010000265089197542,0.006226018400651947,0.27414193419071864,9.422952310094294,-1.5636754857169257,-1.5636755519443089,-1.3343127290407817,6.192260318332249e-08,0.0010000161593779922,0.0040599899004317,0.18602756535013518,10.583138879140218
588,-1.8448504546903215,-1.8448504546903215,-1.6097738967751556,-2.1789433821192327e-09,1.0,0.001000027723592829,0.005604421913202079,0.23378434376615398,8.961157204969874,-1.4395158516036135,-1.4395157429907057,-1.180881385008494,-1.0025170114305284e-07,0.0010000154298419753,0.003687557614304953,0.17261871819694838,10.765924104054768
589,-1.8506620762483128,-1.8506620739990811,-1.6144032140947737,-8.996927513266509e-09,1.0,0.0010000278048639029,0.006106687845873102,0.25467736548129116,8.776460260715124,-1.4305428796344335,-1.4305428875817192,-1.1562469634744856,6.291601392957899e-09,0.0010000154220809539,0.003470925490061442,0.14840502151184612,10.885997825198704
590,-1.8182094097137451,-1.818209414212209,-1.564122146030642,2.3898088707114165e-09,1.0,0.0010000232427011964,0.006900872833113063,0.28196822149011325,9.751735696252787,-1.4162049425972831,-1.4162051280339558,-1.1505882693661584,1.8386377228630913e-07,0.0010000157092387477,0.0032987174215830034,0.14098101713591152,10.668287902408174
591,-1.8016730951813031,-1.8016743052680537,-1.5762602225789484,1.2103679045191352e-06,1.0,0.0010000301090086687,0.006492223045876566,0.28532823041643735,9.092144408315983,-1.5023318820529512,-1.5023318356937831,-1.2744201382001241,-4.809763696458605e-08,0.0010000241972092125,0.0038693238463666704,0.15376603884829415,10.445794910854762
592,-1.8168093415926088,-1.8168094068203333,-1.5803605554238804,6.564945544836656e-08,1.0,0.0010000344581093709,0.006786117839785117,0.2949981929136897,9.552955150604248,-1.5479727162255181,-1.5479727162255181,-1.3252641691101923,6.043248706393772e-09,0.0010000140095750491,0.0033554543482346667,0.13749862362941107,9.73597272237142
593,-1.8388558086359277,-1.8388558063866958,-1.6082123765405618,-2.8115398478957844e-09,1.0,0.0010000206354372906,0.0062204577459268415,0.28199447677382883,8.920705147509304,-1.4256016890207923,-1.425601671801673,-1.161671276887258,-2.8394990497165254e-08,0.0010000115829623408,0.003330638854660922,0.15358233427007992,10.49963018629286
594,-1.8373026960300949,-1.8373026735377762,-1.5910757757582754,-2.6006743593036003e-08,1.0,0.0010000328107227414,0.006130244407170224,0.24272092994091646,9.085654168758753,-1.4769542733828227,-1.4769542031817966,-1.2407637278238932,-6.001856591966417e-08,0.0010000179056078196,0.003141632505382101,0.1268928128398127,10.0397367477417
595,-1.8226716136032681,-1.8226716023571086,-1.6255469704574008,-1.1878755857359688e-08,1.0,0.0010000265067232387,0.006543217081892884,0.2890001259884744,8.788556485805872,-1.3897992041375906,-1.3897991723484464,-1.140143526593844,-4.006756676567926e-08,0.001000013955247899,0.0032448684124069082,0.1507358343236976,10.551617929670547
596,-1.861190694683003,-1.8611906901845392,-1.6288340024228365,-9.278081498056087e-09,1.0,0.00100002451668019,0.006213828156930658,0.2686030399757174,8.772586894485185,-1.3427729725837707,-1.3427729494041867,-1.0335397601127625,-2.2268957561916775e-08,0.0010000091563496325,0.003662519803684619,0.1761569918029838,11.350359100765651
597,-1.8251339669497508,-1.825133964700519,-1.5803003581065052,-3.865867290856703e-09,1.0,0.0010000237654718869,0.006184958800111177,0.23586701447109007,8.99807191344927,-1.511430505911509,-1.5114304926660327,-1.249385846985711,-1.4983945422702365e-08,0.0010000124418487152,0.0033001247017333903,0.18010350209143428,9.817025385962593
598,-1.846686086564694,-1.846686061823143,-1.5937131350895144,-2.0805394874428802e-08,1.0,0.001000022025831606,0.0061722096178750945,0.2431650682580921,9.307809163939279,-1.5931126250161065,-1.5931126435597738,-1.3812344683541191,1.8212530348036026e-08,0.0010000148684614235,0.003124213172122836,0.13955520134833124,9.167908032735191
599,-1.8232201202860419,-1.8232201517752882,-1.5883236336258222,2.5866166600641215e-08,1.0,0.00100002881306452,0.00649004954106684,0.29306762363269645,9.182013457676149,-1.6082776281568736,-1.6082775778240628,-1.3801369203461542,-3.9653645621405706e-08,0.001000016922545102,0.003445755529941784,0.15938941629396544,9.475348313649496
600,-1.82498174343469,-1.8249817366869945,-1.5949328238109373,-9.840389467635244e-09,1.0,0.0010000299947898624,0.006261712001671769,0.27411758084342164,9.24888117808216,-1.4783627563052706,-1.4783626397450764,-1.2314127948549058,-1.1581513616773817e-07,0.0010000102816977434,0.003606823024650415,0.1538035035961204,10.792691548665365
601,-1.8598022753337644,-1.8598023113214746,-1.6306288467263275,3.5776844564473853e-08,1.0,0.0010000216128866909,0.005567410530276456,0.24782604102115585,8.654012581087509,-1.5553778476185267,-1.5553778701358372,-1.3235678142971463,2.491805288526747e-08,0.001000013241233925,0.0033530154317203496,0.16168965101242067,9.800219334496393
602,-1.8173261678443764,-1.8173261610966809,-1.5838561327952259,-1.2370775330741451e-08,1.0,0.0010000259641839086,0.006399923825706795,0.2605972571895932,9.255511643751612,-1.564267971780565,-1.5642679439650642,-1.3276273979081048,-3.06301646762424e-08,0.001000014793438216,0.0030845724149710604,0.1423775410486592,9.39561947716607
603,-1.8373295743510407,-1.8373295203694757,-1.6279275192404694,-4.9553389819163196e-08,1.0,0.0010000262804821414,0.006149920213194388,0.24274456276083892,8.627428990490031,-1.5429979311095345,-1.5429979112413195,-1.2947775191730924,-1.2169281641642252e-08,0.0010000161102248562,0.0032568893861025573,0.1381138390964932,9.95204939312405
604,-1.7379635516202674,-1.737963876634274,-1.4808716087971094,3.2909073919620155e-07,1.0,0.0010000402986441019,0.008979328925598343,0.3125828766035584,10.439499585133678,-1.4681399212943185,-1.468139886856079,-1.2261048568619621,-3.5597218407524956e-08,0.0010000196363156042,0.00469795943548282,0.1944395191139645,10.871243752373589
605,-1.8386508586271755,-1.8386509238548998,-1.6081717914005496,5.433300756058603e-08,1.0,0.0010000249471972293,0.006423909529024419,0.27643390737895696,8.775863629467082,-1.4991813076867,-1.4991813606686062,-1.2546580500072904,5.314747492472331e-08,0.0010000151607932315,0.003559992555528879,0.14297351953056123,10.268616400824651
606,-1.8032363810629215,-1.8032374202080492,-1.5670418075795443,1.0319757011701476e-06,1.0,0.0010000315323507166,0.00717321030778002,0.2843904595048922,9.802947035375631,-1.5712266630596583,-1.5712266921997071,-1.3525910298029582,1.6225708855523002e-08,0.0010000191706543168,0.0038867008303188617,0.16497218252884016,9.698058711157904
607,-1.823126752421541,-1.8231269323600914,-1.5837356751819827,1.9027095920634719e-07,1.0,0.0010000198073509448,0.0064651137173948985,0.28798394790797865,9.15617648610529,-1.5642102162043252,-1.5642102665371365,-1.3384783334202237,4.884269502427843e-08,0.0010000119865354565,0.003686950360942218,0.1652154447303878,9.629525078667536
608,-1.8478020474595844,-1.8478021891611927,-1.6058590389647573,1.369922790887221e-07,1.0,0.0010000269064890607,0.006226178144438649,0.260296429173564,8.961374129889146,-1.447407559553782,-1.4474075939920215,-1.1627242154545254,2.8808911641438802e-08,0.0010000120279275708,0.003111834813737207,0.13801639709207747,10.378815322452121
609,-1.8645567466627877,-1.8645568006443527,-1.611188866057486,5.967493327158802e-08,1.0,0.0010000250526299736,0.005588869001927241,0.22616026339665898,9.15115343849614,-1.4887217111057705,-1.4887216303083632,-1.242387631204393,-7.723768552144369e-08,0.0010000136422200336,0.0036454937627746,0.16308894720342423,10.267775811089411
610,-1.8407978651658543,-1.8407978876581732,-1.5860415224759083,2.656905156261516e-08,1.0,0.0010000296060066179,0.006254020445751694,0.2822967470395115,9.184262887486872,-1.5374183562066819,-1.5374183350139194,-1.2769774503178066,-1.3576613532172309e-08,0.0010000124987628726,0.0028787298516059915,0.11474992475575871,9.423710007137723
611,-1.8449088177591,-1.8449088267560274,-1.6350982234163105,1.4479430216663289e-08,1.0,0.001000025098756799,0.005844671920574499,0.2484547753097876,8.516732683721578,-1.4627021551132204,-1.4627021431922913,-1.1971055785814921,-1.0430812835693359e-08,0.0010000112311293681,0.003285390640505486,0.1290551093303495,10.22309588326348
612,-1.8318013312681667,-1.8318013200220071,-1.5544474327339317,-6.888272627344671e-09,1.0,0.0010000275808193211,0.0062027254915040615,0.23152371987981615,9.363056677692342,-1.5181131455633374,-1.518113088607788,-1.262886208958096,-5.3064690695868595e-08,0.0010000116657465697,0.0033140714694228435,0.14951267391443251,10.00840858883328
613,-1.8421219834741556,-1.8421219924710832,-1.6350263537101026,1.419827623187371e-08,1.0,0.0010000222960030133,0.006631575393016046,0.28765171471069445,8.81042215959081,-1.3700885858800678,-1.370088538196352,-1.0485169051422014,-3.932250870598687e-08,0.0010000090709783964,0.0025481688298491967,0.10676321859161059,10.126685979631212
614,-1.8218418067356326,-1.8218418247294876,-1.5853866428699133,1.4057699239478921e-08,1.0,0.0010000244222300233,0.006824048547917661,0.31369521033089115,9.552244834180149,-1.5585083643595377,-1.5585081974665325,-1.3605097558763293,-1.6987323760986329e-07,0.0010000180297841629,0.0033420353507002194,0.1402571637597349,9.627722708384198
615,-1.8401130145450808,-1.8401129830558345,-1.5982784842545132,-3.373847817474941e-08,1.0,0.0010000283539927793,0.006413873952795875,0.25815462714658594,9.222752966970768,-1.5273708687888254,-1.5273707297113206,-1.2739291350046793,-1.5232298109266492e-07,0.0010000134430204828,0.003164281975477934,0.1281977837284406,9.811898994445803
616,-1.819780799577821,-1.8197807658393428,-1.5986319330503356,-3.198126576981455e-08,1.0,0.0010000273699538324,0.006155534682549395,0.2598947982461947,8.994330127284211,-1.5382031387752955,-1.5382029480404324,-1.306446553601159,-1.8767184681362577e-07,0.0010000263289031055,0.0031274927210890586,0.1127928006152312,9.70236143536038
617,-1.8161673568329721,-1.8161673523345083,-1.6087911668813453,1.6869239087374706e-09,1.0,0.001000031637783461,0.006698409666500564,0.3173136091878954,9.009628745744813,-1.484480028682285,-1.4844800617959764,-1.2106044464641148,3.1623575422498915e-08,0.0010000117692268557,0.0030394324929349952,0.14183937311172484,9.724992646111382
618,-1.8502089549910348,-1.8502089594894986,-1.621098498128495,8.71577352847693e-09,1.0,0.0010000194383363397,0.006603064854576622,0.28616172528632405,9.01192515751101,-1.4256669693522983,-1.4256669852468702,-1.1434654606713188,1.4570024278428819e-08,0.0010000107835771309,0.0032982807089057234,0.14261139722334015,10.697307798597548
619,-1.842099149272127,-1.8420991560198225,-1.6208409633276597,2.108654885921838e-09,1.0,0.0010000250526299736,0.005669275716052584,0.25766280469185904,8.60095714173227,-1.5148965689871046,-1.5148965477943421,-1.2322998709148831,-2.458691596984863e-08,0.0010000112078463038,0.0028208808792341087,0.12482989107569059,9.935875595940484
620,-1.8499624144356206,-1.8499623941925336,-1.602595329284668,-2.3546646226127193e-08,1.0,0.0010000267351608512,0.005585456491043826,0.21250102493279385,9.087115746624065,-1.4921019156773885,-1.492101882563697,-1.2259574313958486,-3.609392378065321e-08,0.0010000175227307612,0.003087541026373704,0.1313981426258882,10.083865642547607
621,-1.8112082953722972,-1.8112083111169204,-1.5761269623378538,9.629523979043061e-09,1.0,0.0010000311984803597,0.006383008543261379,0.25407478382002635,9.231637819758001,-1.479720045460595,-1.479720045460595,-1.2263644920455086,-1.4570024278428819e-08,0.001000011466547019,0.00338532450194988,0.1494175867901908,10.61359511481391
622,-1.857660561237695,-1.8576778375877525,-1.6160095907607168,1.7275225441410856e-05,1.0,0.0010000256896194703,0.005663694989568782,0.21175993754054015,8.87202128824198,-1.4786909156375458,-1.478698190053304,-1.2252579357888964,7.28501213921441e-06,0.0010000172769650817,0.0030484180173112286,0.13799309954047204,9.592556773291694
623,-1.8636189789142248,-1.8636196154468465,-1.6403307644826062,6.348456976548681e-07,1.0,0.001000026834004049,0.00572463258538606,0.2656800186015525,8.653448365769297,-1.4830635574128892,-1.4830638037787542,-1.2378122912512886,2.521607610914442e-07,0.0010000110138207673,0.0030662294865275424,0.1742694983051883,9.680951203240289
624,-1.872907206697284,-1.8729072696757767,-1.653666687461565,5.840974034003492e-08,1.0,0.0010000267505364598,0.005194712663069367,0.21472105622853874,8.253383006689683,-1.4860597133636477,-1.4860597451527913,-1.2208897868792217,2.996789084540473e-08,0.00100001591619932,0.003404130605566833,0.1754438317484326,10.207446299658878
625,-1.8417013411252003,-1.841701381611374,-1.61061171315751,3.753405696940872e-08,1.0,0.0010000269218646692,0.0062942592699502435,0.2554505759815,9.270752546922216,-1.4280551731586455,-1.4280552274650997,-1.1396005226506127,5.472037527296278e-08,0.0010000095444007051,0.002991433226917353,0.1446587111386988,10.050278600056966
626,-1.8147821583837833,-1.8147821853745658,-1.6314187252296593,3.1840688777419756e-08,1.0,0.0010000247670829577,0.006689025967750909,0.30304198501245033,8.611253855363378,-1.5840856207741632,-1.584085710843404,-1.3649087535010445,9.230441517300076e-08,0.0010000121702129642,0.003265545946649379,0.15746215631564459,9.451800176832412
627,-1.8367111637907207,-1.8367111750368803,-1.5756479839109025,1.9751067431467884e-08,1.0,0.0010000233173827237,0.006444342223540792,0.26653689961388427,9.326271354027515,-1.4960377547476027,-1.4960377030902439,-1.2451289335886637,-4.594524701436361e-08,0.0010000097203171916,0.0034249526138106982,0.1780951603419251,10.155249161190456
628,-1.8234207000372544,-1.823420668548008,-1.512822854069044,-3.4371074640525965e-08,1.0,0.0010000272359663867,0.006708667323625875,0.2784723184018765,10.40825337284016,-1.505210416846805,-1.5052104247940912,-1.2252625028292339,9.437402089436849e-09,0.0010000159757004843,0.0034731415876497825,0.16714868661430146,10.31095379723443
629,-1.8196457579450787,-1.8196457815620135,-1.5938553157842383,3.212184276220933e-08,1.0,0.0010000228692935605,0.006445149653854797,0.2771478293217578,9.126532842528146,-1.2966308063930934,-1.2966308183140225,-1.004183112250434,1.2831555472479927e-08,0.0010000123306074075,0.0036276027611974212,0.18356373541884952,11.130891884697807
630,-1.7646152084728457,-1.7646160867978942,-1.5674337800943627,8.793793759256039e-07,1.0,0.0010000233173827237,0.008882758414091647,0.3779817562339441,9.400318091770387,-1.4174302074644303,-1.4174303399191963,-1.1442656523651547,1.3353096114264593e-07,0.0010000067892380886,0.0035010469663474294,0.1987152232064141,10.167533842722573
631,-1.8346280984158785,-1.8346282491144144,-1.6194220533910788,1.5294776772553065e-07,1.0,0.0010000177360368224,0.006301335353439428,0.24882021339012766,8.555805593166712,-1.446869330936008,-1.4468693123923408,-1.1595320595635308,-2.6159816318088107e-08,0.0010000088640178242,0.003053764859214425,0.165184752146403,10.300503476460772
632,-1.8477653489922576,-1.847765344493794,-1.570812333304927,-4.990483230015017e-09,1.0,0.0010000209802902252,0.006307911545143656,0.26667619531728187,9.926266832171747,-1.250506055355072,-1.2505061169465383,-0.8996761432952352,5.977021323310004e-08,0.0010000123926955792,0.0036525179476787645,0.16665700467096434,11.78597313563029
633,-1.8447747837822392,-1.8447747837822392,-1.6307052846224803,6.607118642555093e-09,1.0,0.0010000306976748244,0.00584585647942182,0.2581549198981726,8.581154787315512,-1.5286843697230021,-1.5286843511793349,-1.2577083455191718,-1.862645149230957e-08,0.0010000113087395826,0.0029929402853465744,0.13556907011402977,9.600217352973091
634,-1.903886025806643,-1.9038860145604835,-1.6709465778098915,-4.217309771843676e-09,1.0,0.0010000210154344732,0.004877317297043947,0.22088583432278544,8.209746225824896,-1.3977093716462454,-1.3977093670103284,-1.0968458516730202,-1.0182460149129232e-08,0.0010000103386119008,0.00266598098549164,0.13120194888777204,9.767514059278701
635,-1.8264504266235064,-1.8264504153773469,-1.5994587169503265,-8.85635052087172e-09,1.0,0.0010000287537586014,0.006450493499320352,0.2655653913487803,8.919619281336946,-1.525685077243381,-1.5256850295596653,-1.3116633362240262,-5.1574574576483835e-08,0.0010000130239253243,0.003652366509454118,0.1824959503279792,9.83141623602973
636,-1.8416957765255335,-1.8416957382885915,-1.6348744315921135,-3.268415073178849e-08,1.0,0.0010000192120952426,0.006560284161131899,0.28908668402230964,8.764569453473362,-1.596019286579556,-1.5960193183687,-1.3788934270540874,2.6656521691216364e-08,0.0010000127910946806,0.0033131794227908057,0.17816674378183153,9.360415935516356
637,-1.806749647518374,-1.8067496227768232,-1.5795821108908024,-3.0013187876287495e-08,1.0,0.0010000260059177032,0.006835016689948597,0.30078925065836815,9.199628452085099,-1.5029545691278243,-1.5029546194606358,-1.2444797370168899,4.991888999938965e-08,0.0010000093684842189,0.0029986757293550504,0.14852082870072789,9.745824718475342
638,-1.8393031246257279,-1.839303122376496,-1.596625973593514,3.022405336487968e-09,1.0,0.0010000221751946604,0.006121505706412894,0.2928357794880867,9.433765861223328,-1.43804731104109,-1.438047218322754,-1.1632084422641331,-9.644362661573622e-08,0.0010000089131709602,0.0039006382019983396,0.18325087858570946,11.091075081295438
639,-1.8377745174012095,-1.8377745308966007,-1.5979419564301114,1.0332408941017007e-08,1.0,0.0010000239258175188,0.006857489481708914,0.32335216608249917,9.176498287128952,-1.5105466418796114,-1.5105466312832303,-1.2479662040869395,-1.1838144726223415e-08,0.0010000149227885737,0.0035643647994018264,0.16572863169842297,10.419267537858751
640,-1.83840648408206,-1.83840648408206,-1.6204958119482364,-6.5368301463576985e-09,1.0,0.0010000227045548974,0.006608507380697806,0.31324057449709697,8.970888245780513,-1.5545564121670192,-1.5545564002460903,-1.3197892586390176,-1.448724004957411e-08,0.0010000164025566645,0.0033183527644723653,0.164581128458182,9.53765393363105
641,-1.85517939306655,-1.8551793908173184,-1.6231936463769876,-5.623079695791568e-10,1.0,0.001000023310793177,0.005699147101280824,0.2448472166961094,8.593508963314992,-1.4992007030381096,-1.4992006474071078,-1.224456974532869,-5.6955549452039933e-08,0.0010000114898300833,0.0030398517148569225,0.14878684497541853,9.900379869672987
642,-1.9061354398727417,-1.9061354421219736,-1.664815567574411,1.0121543452424823e-08,1.0,0.0010000201565969103,0.004873099684152963,0.21302076119859265,8.326295735701075,-1.542244056860606,-1.5422440687815349,-1.2843753006723193,1.3079908159044054e-08,0.0010000113941108187,0.0029838534641183083,0.14808191011349361,9.480374558766682
643,-1.8387044038412705,-1.8387043633550968,-1.5774201874463063,-3.5917421556868644e-08,1.0,0.001000024013678139,0.006719126234287923,0.27788024550338963,9.25325783243719,-1.5510280052820842,-1.5510279814402261,-1.3159221768379212,-2.3179584079318577e-08,0.0010000257131954034,0.004597841280822953,0.20287180758184856,10.869144566853839
644,-1.8513272618347745,-1.8513272348439918,-1.6069157168550312,-3.5003671106302514e-08,1.0,0.0010000286702910122,0.006059820675906146,0.25949614136567656,8.70507055858396,-1.519993212487962,-1.519993289311727,-1.2781029383341471,8.501940303378635e-08,0.00100001426310175,0.0030227297865268255,0.14345471991433037,9.4526609632704
645,-1.8668587612655927,-1.8668587140317232,-1.6259400057342817,-4.653098448267523e-08,1.0,0.0010000256390996136,0.004955575357736001,0.21172004460163837,8.574887320680439,-1.4432156801223757,-1.4432157476743062,-1.1848495284716287,6.862812572055392e-08,0.0010000122193661001,0.0030197114088676043,0.14772976612051328,10.038255182902018
646,-1.888021298174588,-1.8880213296638344,-1.6512219456006896,2.762337900557608e-08,1.0,0.0010000264540068664,0.004779899954128097,0.1981788769645511,8.395573022230616,-1.4487446626027425,-1.448744531472524,-1.1786482254664103,-1.2218952178955077e-07,0.0010000135387397474,0.003283220301899645,0.14492157705956035,10.38342587153117
647,-1.8341870510353233,-1.834187021795309,-1.5862142960980254,-3.240299674699891e-08,1.0,0.0010000295840414627,0.006362313835196338,0.26184149353571656,9.143625475325674,-1.5126726706822713,-1.5126726547876994,-1.2789004948404101,-1.8295314576890735e-08,0.0010000195431833466,0.0031662429424209725,0.15102903424865669,9.974802748362224
648,-1.8051167816485998,-1.8051167681532085,-1.5199447892746836,-1.9329336454283518e-08,1.0,0.0010000269372402778,0.007095709904360602,0.29365978628959294,10.187796178853736,-1.4703415022956001,-1.4703415380583869,-1.2095210201210447,3.3693181143866644e-08,0.0010000156497375833,0.0035458103598405917,0.1455612072514163,10.508748722076415
649,-1.8380477563390192,-1.838047760837483,-1.6182884787613492,1.616635412540076e-09,1.0,0.001000025010896179,0.0065693062519268045,0.2937276020364941,8.780964140622121,-1.4307038505872087,-1.4307039022445678,-1.1383482661512163,5.008445845709907e-08,0.00100000839576953,0.0031424607667658064,0.15036215773887104,10.140225474039712
650,-1.8525033604423955,-1.8525033491962362,-1.6437776718499526,-1.7923566530335623e-08,1.0,0.001000021171387074,0.005975136094076454,0.25771002225437256,8.624093343626779,-1.492125219768948,-1.4921251813570657,-1.217074731323454,-3.725290298461914e-08,0.001000010392939051,0.00284722660564714,0.1298204008075926,9.577567407819961
651,-1.8974997165068141,-1.897499678269872,-1.668301984948932,-3.619857554165822e-08,1.0,0.0010000212416755704,0.005118305113974889,0.23634032532572746,8.444705126420507,-1.4921799328592087,-1.4921798997455173,-1.2435593982537587,-4.039870368109809e-08,0.0010000107551200522,0.0031510748305461473,0.15636392533779145,9.785058328840469
652,-1.8453853557694633,-1.8453853017878983,-1.6104989591634498,-5.173233320128243e-08,1.0,0.0010000250526299736,0.006046658496038531,0.30083915092191604,8.714670019329718,-1.3938047342830238,-1.3938048428959318,-1.1069531662596597,1.0952353477478027e-07,0.0010000082664191722,0.003174764743178255,0.15216410954793294,10.763770474327934
653,-1.8536095574217022,-1.853609543926311,-1.6341359502864334,-1.511202668243984e-08,1.0,0.0010000235589994293,0.00547776948924194,0.2186891870256865,8.406456443498719,-1.444069096777174,-1.4440691007508173,-1.1640148798624674,1.7384688059488933e-09,0.001000011603658398,0.0034788667948709596,0.15843943415416611,10.729403082529704
654,-1.8332905859317419,-1.8332905656886551,-1.630778580341699,-1.9961932920060067e-08,1.0,0.0010000222432866412,0.006065647820678522,0.2467045064242381,8.76543031548554,-1.5431380867958069,-1.5431381199094985,-1.3075741092363993,3.4438239203559025e-08,0.0010000121443428927,0.0035660361146761313,0.18119249699844253,10.06725935406155
655,-1.8062865509177155,-1.8062865329238604,-1.5720944876940746,-1.1878755857359688e-08,1.0,0.0010000267329643357,0.006900362160830003,0.2720263919459199,9.248978506843999,-1.3761324935489232,-1.376132439242469,-1.1379624287287393,-6.374385621812608e-08,0.0010000115260481834,0.0042223949606219925,0.20749498696790802,11.39168930053711
656,-1.8416014887251944,-1.841601477479035,-1.6071028844365534,-6.607118642555093e-09,1.0,0.001000021452541059,0.005654510795929522,0.22176906789811152,8.83566214003653,-1.5258539120356243,-1.5258539491229588,-1.2894798384772406,3.8825803332858616e-08,0.001000014397626122,0.0035465155728161336,0.17427993557519383,9.995733165740965
657,-1.870801844686832,-1.8708018424376003,-1.6252570287236627,3.6550018022645195e-09,1.0,0.0010000310688859449,0.005587396014235773,0.24450087540273396,8.748083006660893,-1.5078684621387057,-1.5078685310151843,-1.2284829093350305,6.937318378024632e-08,0.00100001301875131,0.0028548793530919487,0.1430461134347651,9.744565084245469
658,-1.8767993989980445,-1.8767993067795377,-1.653518280893002,-9.074244859083644e-08,1.0,0.0010000223003960443,0.005790789326090577,0.24703578426028197,8.543907174524271,-1.3988274256388349,-1.3988272984822592,-1.1036256055037181,-1.2997123930189343e-07,0.0010000111638671823,0.002899185886296133,0.15166310055388343,9.991116778055828
659,-1.8774242850969423,-1.8774242581061598,-1.6288557086350783,-3.289501622038068e-08,1.0,0.001000028626360702,0.005345295565554274,0.2435538056042959,8.728353959209514,-1.2311872296863131,-1.231187147895495,-0.8708404167244832,-7.591313785976833e-08,0.0010000115079391333,0.0029387786363561947,0.14709166511893274,10.713556883070204
660,-1.8788804580580514,-1.878880390581095,-1.6648420072951406,-6.290820409666817e-08,1.0,0.001000027238162902,0.005465408593837945,0.24430202629487469,8.126827159017887,-1.492776648203532,-1.4927765978707208,-1.221585069431199,-4.6193599700927736e-08,0.0010000167776727015,0.002954773100403448,0.1353301967183749,9.8799041112264
661,-1.8759800263170927,-1.8759799948278464,-1.6359010867352755,-3.542540208348688e-08,1.0,0.0010000286175746401,0.005989503198883163,0.2546420994232286,8.731815338134766,-1.365497989786996,-1.3654975454012552,-1.048852058251699,-4.427300559149848e-07,0.0010000106180086733,0.0029583145269296237,0.1599064615037706,10.410181321038142
662,-1.8716339592663747,-1.8716339052848097,-1.6584562648017451,-5.053742876592672e-08,1.0,0.0010000255907762726,0.005428575603115671,0.24059598562571238,8.201590232129368,-1.5031242158677842,-1.5031236211458843,-1.2332473290359809,-6.053182813856336e-07,0.001000012506523894,0.0027734619953359166,0.14548734517561066,9.453854497273763
663,-1.8912284351744741,-1.8912283901898366,-1.6441145370591361,-4.118905877167324e-08,1.0,0.0010000206222581976,0.005542797093578386,0.24511768412336987,8.499629857405177,-1.5681154754426743,-1.5681151959631179,-1.3377944111824036,-2.6880039109124076e-07,0.0010000115570922693,0.00300423433072865,0.14947976796991294,9.057455741034612
664,-1.902456006913815,-1.9024559799230323,-1.6314670522257966,-2.1719145324994932e-08,1.0,0.0010000190341774866,0.005316978017360253,0.26484276038014665,8.709792425047677,-1.489913245042165,-1.4899134344524807,-1.213375034597185,1.8593337800767687e-07,0.0010000148270693091,0.0032925111500339377,0.15415627914998267,10.120593357086182
665,-1.85248571521831,-1.852485645492122,-1.6281811538732276,-5.798800936285055e-08,1.0,0.0010000263353950292,0.006181646722702766,0.28176436151536005,8.66120640736706,-1.5423916896184287,-1.5423912829822963,-1.2760741260316637,-4.040698210398356e-07,0.00100001093879756,0.0028182444421367514,0.13725713437630072,9.3036303308275
666,-1.8963620887612396,-1.8963620212842833,-1.6523566920802277,-7.359205551867216e-08,1.0,0.0010000221092991953,0.005162368721838268,0.23721045712536237,8.346934039637727,-1.4871592402458191,-1.4871587925487095,-1.227875409523646,-4.572172959645589e-07,0.0010000128066167235,0.0027848900839065513,0.12061206897099813,9.54092197418213
667,-1.8528217594578582,-1.852821707725525,-1.6298536557071615,-5.1170025231703274e-08,1.0,0.0010000248154062989,0.0063591975200358985,0.291457990430436,8.928219597294646,-1.5104708207978141,-1.510470339987013,-1.260041234228346,-4.823837015363905e-07,0.0010000116243544552,0.0029241970740258695,0.13236066550016404,9.581331221262614
668,-1.8471406450811423,-1.8471405978472728,-1.6086544180816074,-5.6230796957915685e-08,1.0,0.0010000263903079168,0.006025721051044903,0.2760609594999619,8.805674930788436,-1.4414507190386452,-1.4414503282970852,-1.159769042995241,-3.939701451195611e-07,0.001000014162208471,0.003407168336626556,0.1503253614736928,10.135576746198867
669,-1.8529285259966581,-1.8529284967566437,-1.6167013037879512,-4.217309771843676e-08,1.0,0.0010000246660432444,0.006034425820030694,0.2520774266208118,8.695157267012686,-1.4318338592847188,-1.4318334963586596,-1.1200645316806104,-3.5580661561754013e-07,0.0010000122116050787,0.0028307091056679686,0.14800949336753952,9.93474169837104
670,-1.8367486674830598,-1.836748626996886,-1.616426465646276,-3.872896140476443e-08,1.0,0.0010000253513560823,0.006725949055146215,0.3270672305293803,8.94619788763658,-1.5982195350858899,-1.5982190728187562,-1.3897146383921306,-4.6094258626302084e-07,0.001000009709969163,0.003333643094326059,0.17348221689462662,9.129831642574734
671,-1.8344616282661006,-1.8344615787829992,-1.6059411021898378,-5.250550665945377e-08,1.0,0.0010000274380458133,0.006576853386952348,0.27609669550691013,9.104372483379436,-1.3925048854615953,-1.3925045437282986,-1.129192727804184,-3.4231278631422254e-07,0.0010000106697488163,0.003396487624074022,0.19566702867547672,10.775037670135498
672,-1.8521073314378846,-1.8521072459670733,-1.6133465024660218,-8.20266750623595e-08,1.0,0.0010000263310019982,0.005993358637118396,0.26940941979300304,9.013340140288731,-1.4823099348280167,-1.4823095546828375,-1.2188259230719671,-3.781583574083116e-07,0.0010000088329737385,0.0031846637268447215,0.21125642566217318,9.70002956390381
673,-1.861858160990589,-1.861858071021314,-1.6488359604241714,-9.018014062125728e-08,1.0,0.0010000217995905088,0.005986637304062551,0.2680341383477427,8.511869304585007,-1.5038511223263211,-1.5038508706622653,-1.2498645848698087,-2.62757142384847e-07,0.0010000099867789282,0.0031317957599336903,0.16897216505474513,9.810361374749078
674,-1.9170433237867535,-1.9170432855498116,-1.6777092825691655,-3.036463035727447e-08,1.0,0.001000021843520819,0.004786717881149841,0.21278606067007444,8.266286283169153,-1.4586966196695963,-1.458696609073215,-1.1982758714093102,3.394153383043077e-09,0.0010000093503751688,0.0028263338996718326,0.1519148843569888,9.691440921359593
675,-1.8818153547790815,-1.8818157393977326,-1.6412920457012248,3.909446158499088e-07,1.0,0.0010000186102499939,0.0064730786120975915,0.3138684166489907,8.954760767378897,-1.4844347794850667,-1.4844347066349453,-1.22874363594585,-6.895926263597277e-08,0.0010000057803052995,0.0030024518207129505,0.18345949716038173,9.616245015462239
676,-1.8931389912119452,-1.893138993461177,-1.6890682724286925,-1.4760584201452868e-09,1.0,0.00100001863660818,0.0050599078015195875,0.24794880968500982,7.93469922047741,-1.5102075351609126,-1.5102075722482469,-1.2629986378881666,4.536575741238064e-08,0.001000016208531128,0.0033047648922850687,0.1822425338957045,9.965174696180556
677,-1.8584640116061804,-1.8584639891138617,-1.6544537544250488,-2.60770320892334e-08,1.0,0.0010000245825756552,0.006287783327213717,0.31684852257933255,8.504502935229608,-1.5643879983160227,-1.56438776784473,-1.3286768039067587,-2.2417969173855252e-07,0.0010000116657465697,0.0029904041439294815,0.16271680411365297,9.256230121188691
678,-1.8855551121369847,-1.885555071650811,-1.6316582346862216,-3.830723042758006e-08,1.0,0.0010000255292738384,0.005350953824642413,0.2569905422487349,8.740914515729221,-1.4846534702512952,-1.4846532662709555,-1.219749320215649,-2.0737449328104654e-07,0.0010000127031364375,0.002824505208991468,0.14638697571224638,9.303764586978486
679,-1.8581673379214305,-1.8581672794414017,-1.6099590445464511,-5.953435627919323e-08,1.0,0.0010000262255692538,0.005841095633101913,0.23628852059537508,9.09462887386106,-1.5195143262545265,-1.5195140507486131,-1.2775227122836643,-2.779894404941135e-07,0.0010000064969062806,0.002772401821696096,0.15490349961651695,9.354960536956787
680,-1.9063956152718022,-1.9063955590410053,-1.6846797286339525,-4.7725888918030935e-08,1.0,0.0010000207013327559,0.00503936855403601,0.22174999876967016,8.24317365322473,-1.479491933186849,-1.4794916484091016,-1.2101921167638567,-2.8461217880249026e-07,0.001000010680096845,0.0027988332504820493,0.15293897307581372,9.437995020548502
681,-1.877067320751694,-1.877067287013216,-1.6585986614227295,-2.9732033891497917e-08,1.0,0.0010000265770117348,0.005950176991733178,0.2754848543203102,8.614731320795023,-1.4944582263628639,-1.4944578462176852,-1.2357332130273184,-3.8080745273166235e-07,0.0010000117976839344,0.0031410712748765946,0.178167382048236,9.69044344160292
682,-1.8727854782680295,-1.8727854242864646,-1.6609785354362343,-5.0256274781137144e-08,1.0,0.0010000231328754212,0.005671307567577317,0.26872434467077255,8.479714951425228,-1.3846892714500425,-1.3846890873379178,-1.0917443182733324,-1.8104910850524903e-07,0.0010000079870223998,0.0025627754111256862,0.13250320938726265,9.621873897976347
683,-1.8856543977305573,-1.885654276272036,-1.6399950441324487,-1.2539467721615197e-07,1.0,0.001000026877934359,0.005188679419247047,0.23226321762743987,8.368480952280873,-1.4681613392300077,-1.4681609988212585,-1.2088097678290473,-3.3618675337897405e-07,0.001000008056871593,0.0028479613493093184,0.14684300621350607,9.468495718638104
684,-1.907027323290987,-1.9070272063309293,-1.673009600279466,-1.2223169488726922e-07,1.0,0.0010000193812269365,0.005410251229614863,0.2547547096421696,8.339379355592548,-1.4645552231205836,-1.464555017153422,-1.1973939735028478,-2.0629829830593534e-07,0.0010000109879506958,0.002469746752952536,0.13781854949063724,8.980389054616293
685,-1.9124281316433314,-1.912427985443259,-1.6933525418335538,-1.4310737825789541e-07,1.0,0.0010000214503445434,0.0053570315435107025,0.27357782388352,8.088511188075227,-1.4009876237975227,-1.4009874913427565,-1.0874704867601395,-1.2359685368008084e-07,0.0010000105093543729,0.00239745755162504,0.133452152626382,9.266699314117432
686,-1.868733765943995,-1.8687335747592855,-1.626561110874392,-1.8844345830521494e-07,1.0,0.0010000268581657197,0.005932400807000275,0.2714765133722773,8.79057376789597,-1.450993067688412,-1.4509929286109076,-1.1935508330663045,-1.339448822869195e-07,0.0010000100954332286,0.00465262029837403,0.2169996185435189,11.26618749830458
687,-1.8794457102721591,-1.879445530333609,-1.647941344189194,-1.6946556433191838e-07,1.0,0.0010000191330206843,0.005859919669950065,0.23572109112480902,8.33826342168844,-1.3564938598208955,-1.356493733326594,-1.0604906542433632,-1.2790163358052572e-07,0.001000009999713964,0.003111013573490911,0.16582455154922274,10.486043421427409
688,-1.8450955130019278,-1.845095400540334,-1.6755084766531891,-1.0697909121243459e-07,1.0,0.0010000235260516968,0.006762456522270475,0.32700728076808855,8.393388244341004,-1.5043202850553723,-1.504319930076599,-1.2838002019458348,-3.582073582543267e-07,0.001000008739841481,0.003377183014526963,0.18959974845250446,9.817703840467663
689,-1.821399670726848,-1.821399506532921,-1.5832202412047476,-1.6187440674259977e-07,1.0,0.001000026322215936,0.006142180997280861,0.23882448026594125,8.979191474194797,-1.5831296496921115,-1.5831294629308912,-1.357443798912896,-1.9561913278367785e-07,0.0010000144571272864,0.0036761484678006833,0.17059640313188235,9.727059968312581
690,-1.8625713294407107,-1.8625710932713635,-1.614023653966076,-2.3272521090957353e-07,1.0,0.0010000265660291574,0.005875103869739006,0.26237499306224427,9.073793294294825,-1.5633668382962547,-1.563366695245107,-1.3370304610994128,-1.521574126349555e-07,0.001000012661744323,0.003193015351684557,0.17152279077304733,9.283202266693117
691,-1.890013667772401,-1.8900134046122712,-1.6385209762825157,-2.6920494043602135e-07,1.0,0.0010000306493514832,0.005247952157350362,0.22262810262025529,8.699795749952209,-1.5360473102993428,-1.5360471924146017,-1.2936882654825845,-1.1639462576972113e-07,0.0010000113061525756,0.0032156685910498103,0.1816632207069132,9.474532360500758
692,-1.9002830127500139,-1.9002827743314348,-1.700214631152603,-2.4186271541523485e-07,1.0,0.001000023378885158,0.005129475779128524,0.21698099009270938,7.763757048912768,-1.4634713649749755,-1.4634712762302822,-1.190331025256051,-8.957253562079536e-08,0.0010000097953403988,0.002765242667454812,0.12139545252753628,9.689157327016195
693,-1.882117638048136,-1.8821173568941512,-1.662553757991431,-2.7054042186377183e-07,1.0,0.0010000205124324224,0.0057219519183250534,0.2516628990898717,8.457645056382665,-1.496133698357476,-1.496133350663715,-1.2244924787018034,-3.491838773091634e-07,0.001000008739841481,0.0031298378120279973,0.16547592042220963,9.915780427720811
694,-1.8966283573294587,-1.896628105415488,-1.6840593252541884,-2.5296829781442317e-07,1.0,0.0010000260981713545,0.00490890257939134,0.2188972419584697,7.815551802797137,-1.2693698108196259,-1.2693695528639688,-0.9716874606079525,-2.543959352705214e-07,0.0010000097332522272,0.0030419302819710637,0.17347791691621145,10.310394763946533
695,-1.8449555882867776,-1.8449553183789522,-1.605289007132908,-2.6175435983909753e-07,1.0,0.0010000240202676857,0.00668447297330032,0.30583183024570626,9.025485038757324,-1.505274580584632,-1.5052742838859559,-1.268898598353068,-2.986854977077908e-07,0.0010000114225678974,0.0030510427947673534,0.15795085877180098,9.531392478942871
696,-1.8598871411017652,-1.8598869026831861,-1.628449075626877,-2.3146001797802044e-07,1.0,0.0010000255007191368,0.006127093154234144,0.2705349917962866,8.930918234699178,-1.6015767256418867,-1.601576691203647,-1.361792712741428,-3.617670800950792e-08,0.001000013155862689,0.003250411538303726,0.18923643968171544,9.42656454510159
697,-1.8933525827695739,-1.8933524928002987,-1.6461009821801815,-8.59628308494136e-08,1.0,0.0010000237149520304,0.0050107081649157234,0.21603334259312107,8.433155077808308,-1.4329459183745918,-1.432945930957794,-1.150847652223375,7.781717512342665e-09,0.0010000092210248114,0.0031602114335530333,0.16598130149973764,10.034707037607827
698,-1.8237397603268892,-1.8237434603133291,-1.6192049552809518,3.6988618238916936e-06,1.0,0.001000035907809605,0.006499361413759443,0.2556672972047104,8.97903689798319,-1.6022631141874524,-1.6022658930884468,-1.3981369468900893,2.780805031458537e-06,0.0010000162654452854,0.003053702975416349,0.1426400400284264,8.885710101657443
699,-1.8649204744482941,-1.8649204879436854,-1.6513918953121833,1.4479430216663289e-08,1.0,0.001000024134486492,0.006334583296985278,0.26780666003249726,8.50334900730061,-1.45986780722936,-1.4598677661683825,-1.1882728543546466,-4.246830940246582e-08,0.0010000094667904906,0.002721115926073657,0.14031989818645849,9.741480032602944
700,-1.86205881046799,-1.8620587407418017,-1.627804787653797,-6.663349439513009e-08,1.0,0.001000021856699912,0.006170729803413434,0.2870999052417728,8.886705317587223,-1.3688259257210624,-1.3688257031970554,-1.0804161005549962,-2.28318903181288e-07,0.0010000133214311468,0.0036505171563476326,0.19775155923432775,10.65805178748237
701,-1.846127249159903,-1.8461272401629754,-1.6031122747457252,-8.22375405509517e-09,1.0,0.001000025944415269,0.006334016314830701,0.26219379227116424,8.901371937877727,-1.5703806863890752,-1.5703807433446249,-1.320655761824714,5.248520109388563e-08,0.0010000136344590121,0.0030744329819248784,0.17014730812774764,9.17551752726237
702,-1.8933732014782023,-1.8933731002627678,-1.6801250307065136,-1.0121543452424824e-07,1.0,0.0010000215733494118,0.005245300484294037,0.23972552311870288,8.439108632645517,-1.4813239269786416,-1.4813238117429945,-1.2206848422686258,-1.222723060184055e-07,0.0010000097047951487,0.002759302368698021,0.1501233186158869,9.303373283810085
703,-1.8753765416595172,-1.8753764449425463,-1.6563258216066181,-9.685754776000977e-08,1.0,0.0010000256061518812,0.005997670676014474,0.2926117221139512,8.728215892359895,-1.5290643321143256,-1.5290642420450846,-1.2626404583454132,-9.114543596903482e-08,0.0010000101756304502,0.002916843974445429,0.15915757715702056,9.311954032050238
704,-1.8864312554305454,-1.8864311429689515,-1.6187512447249215,-1.0972034256413298e-07,1.0,0.0010000273413991309,0.005562025675866401,0.23869047890294273,9.060833589085993,-1.4817600806554159,-1.4817600700590345,-1.2199327680799696,-1.6225708855523002e-08,0.0010000123124983575,0.0027778473139430087,0.13777689076960087,9.345975854661729
705,-1.8872263566502985,-1.8872261924563714,-1.6640782176323656,-1.5828969343653264e-07,1.0,0.0010000214086107488,0.0058775719492432646,0.2507288855201793,8.4801066596553,-1.4481578376558093,-1.4481578297085231,-1.1649596605035994,-6.043248706393772e-09,0.001000012100363771,0.002765623777587381,0.14626473113894461,9.716002294752334
706,-1.8706088223547306,-1.8706086514131077,-1.643208643175521,-1.732611431265777e-07,1.0,0.0010000315916566353,0.005246722741263374,0.24293143885596744,8.407837327921166,-1.5613311529159546,-1.5613309846984016,-1.3377635664410061,-1.6407834159003364e-07,0.001000018084111313,0.003594973942057954,0.18733551245596675,9.431865077548556
707,-1.8386415085702572,-1.83864134437633,-1.633556143292841,-1.6848152538515486e-07,1.0,0.0010000316839102867,0.006373553167817727,0.2686452310321466,8.497686107203645,-1.4881533013449775,-1.4881531529956393,-1.2062589062584772,-1.4272001054551866e-07,0.0010000106930318805,0.0026012679872413477,0.1336366809076733,9.492499319712321
708,-1.8980671797158584,-1.898067004275772,-1.652589201927185,-1.8085230071589633e-07,1.0,0.0010000231570370917,0.005330777353659834,0.22519560200425814,8.512577848614386,-1.5409107645352682,-1.5409106877115037,-1.286092922422621,-7.723768552144369e-08,0.001000011060386896,0.002636682974278099,0.1276404544711113,8.961439524756537
709,-1.8906673777778193,-1.8906671865931097,-1.6618677895024139,-2.0214971506370688e-07,1.0,0.001000022880276138,0.005924687569275639,0.2632082957282381,8.5978684425354,-1.557208504941728,-1.5572083923551772,-1.3079722073343065,-1.0728836059570313e-07,0.0010000128609438737,0.002914896338350243,0.1661014147930675,9.134356223212347
710,-1.897405113814012,-1.8974049203800705,-1.6851011357217465,-1.928013450694534e-07,1.0,0.001000026994349681,0.00593882245626652,0.2592461175935448,8.137470101410488,-1.4311219586266413,-1.4311218367682563,-1.1327463295724658,-1.2194116910298666e-07,0.0010000086984493666,0.0029017005167487593,0.17514738630917337,9.778037495083279
711,-1.890839972586002,-1.8908398848659587,-1.6641217537646025,-9.952851061551076e-08,1.0,0.0010000242113645346,0.005509386599099018,0.2336907906211772,8.27275605471629,-1.4988494310114118,-1.4988493515385521,-1.26120313472218,-7.889337009853787e-08,0.0010000088795398673,0.0025880988894237413,0.1339983240597778,8.932798035939534
712,-1.854190102163351,-1.8541903788188718,-1.6108460527546,2.670962855500995e-07,1.0,0.0010000259114675365,0.005924233446284285,0.24951444235893916,8.89122522102212,-1.5506298780441286,-1.5506370888815986,-1.2903500609927707,7.210175196329753e-06,0.0010000138491806057,0.003955805224056045,0.19176322892308234,10.24847543504503
713,-1.8656487397427828,-1.8656499520787653,-1.6206196141692828,1.2112113664735038e-06,1.0,0.0010000224453660677,0.006695576025313645,0.3057677302298681,8.664158533204276,-1.5758556856049433,-1.575855651166704,-1.3322717534171211,-4.04814879099528e-08,0.0010000112492384182,0.00276109902964284,0.1400357329597076,8.851177056630453
714,-1.8903410052353482,-1.89034100748458,-1.6498076218479085,2.319520374514022e-09,1.0,0.0010000244925185194,0.0052915172484474925,0.2337348960199446,8.283756400054356,-1.5351050800747343,-1.5351052588886684,-1.288791577021281,1.7351574367947048e-07,0.0010000105507464872,0.0025834060325804686,0.1395032975408766,9.064121691385907
715,-1.8781798043341007,-1.8781797705956225,-1.665427509343849,-3.5776844564473853e-08,1.0,0.001000030752587712,0.005938773601368632,0.26829109896185266,8.44074043237938,-1.5260641323195563,-1.5260641124513414,-1.2656950169139438,-2.2351741790771484e-08,0.001000011603658398,0.00351105867108951,0.18465857770707872,9.812000857459173
716,-1.8785017233974528,-1.878501685160511,-1.6433281336190566,-4.196223222984458e-08,1.0,0.0010000242025784726,0.005496856202986443,0.2299913394985334,8.383411407470703,-1.4171632674005297,-1.4171631985240511,-1.1517558991909027,-6.680687268575033e-08,0.0010000135439137618,0.003191778542370432,0.16812885271178352,9.934463924831814
717,-1.8494009769187782,-1.849400945429532,-1.6124041395367317,-3.0083476372484894e-08,1.0,0.0010000259971316412,0.006540601642556348,0.296723511913475,8.97504172235165,-1.5358171900113424,-1.5358170178201465,-1.292512908246782,-1.5960799323187933e-07,0.001000010152347386,0.003176475005845229,0.15114503097203041,9.556947422027587
718,-1.8310479892874665,-1.8310478768258724,-1.6075054564565983,-1.1963102052796563e-07,1.0,0.001000026464989444,0.006111015697484309,0.22408085984160314,8.695699673778606,-1.481189966201782,-1.481189899974399,-1.2051960428555806,-6.7469146516588e-08,0.001000011313913597,0.0031476605062683424,0.17379540238115523,9.80167344411214
719,-1.9024228127497547,-1.902422749771262,-1.6839833776905853,-5.9464067782995834e-08,1.0,0.001000026607762952,0.005063897016335209,0.21294883034139309,8.213105039776496,-1.4792069951693216,-1.479206829600864,-1.207719295554691,-1.5911128785875108e-07,0.0010000132308858965,0.003140085076706277,0.18182601771420903,9.70289560953776
720,-1.8909831924258538,-1.8909831226996656,-1.63586725154013,-7.633330687037054e-08,1.0,0.0010000212680337565,0.005229186495098303,0.24068139149051793,8.783561472622853,-1.4357182648446825,-1.435718105898963,-1.1742968771192763,-1.6151203049553765e-07,0.0010000094150503477,0.003050580938967566,0.19640757665038108,9.529688665601942
721,-1.8469185109408397,-1.8469182860176518,-1.637337398978899,-2.201435700902399e-07,1.0,0.0010000263156263896,0.006276870388010482,0.2878190912306309,8.628964352157881,-1.5027320239279005,-1.5027315656344096,-1.2555962635411158,-4.6557850307888454e-07,0.0010000223526731133,0.003451058198697865,0.207356539203061,9.56163518693712
722,-1.8989576348718606,-1.8989573244778615,-1.6446500566770446,-3.061766894358509e-07,1.0,0.001000024859336609,0.005384175963524096,0.23946647177327354,8.444615427053199,-1.4492244031694201,-1.4492238150702583,-1.1614069395595126,-5.871057510375976e-07,0.0010000135568487974,0.0027535182553239993,0.15659251742892796,9.53765580919054
723,-1.8566475274427883,-1.8566472395411078,-1.632833721502772,-2.9345447162412245e-07,1.0,0.001000023435994561,0.006000122854942983,0.2810208131822775,8.835075531365737,-1.551865628030565,-1.5518653074900308,-1.309211047490438,-3.1896763377719454e-07,0.0010000172717910675,0.0033507932908833026,0.18335860669612886,9.28936086230808
724,-1.8017155809222527,-1.8017154009837024,-1.568512276658472,-1.821174936474494e-07,1.0,0.001000032531765272,0.00763185914904582,0.3005367461240517,9.436876890794286,-1.6051372316148547,-1.6051368965042963,-1.3762633072005377,-3.2732884089152016e-07,0.001000008721732431,0.00296811626241025,0.154873720349537,8.712768830193415
725,-1.873323438302526,-1.8733231548993092,-1.643394611916452,-2.8642562200438303e-07,1.0,0.001000021709533373,0.005785484732357117,0.25422998827021076,8.565258565938697,-1.548433344893985,-1.5484329832924737,-1.3096705079078674,-3.659062915378147e-07,0.0010000077723008062,0.0036149772375615105,0.23939804517560534,9.556665166219075
726,-1.9234802812900182,-1.9234799776437148,-1.7046699478941143,-3.069498628940222e-07,1.0,0.0010000200226094643,0.004694417857055394,0.1919057565337082,7.632225297531992,-1.550316988097297,-1.5503166834513347,-1.3239126284917195,-3.086196051703559e-07,0.001000011109540032,0.003496311400603089,0.2026237686475118,9.519070858425563
727,-1.8836472844177823,-1.8836469267899136,-1.6465134755620416,-3.5200478895655217e-07,1.0,0.0010000223091821063,0.005623295641820526,0.25874600278319054,8.600451073556576,-1.6120913373099435,-1.6120910141203137,-1.3961986223856608,-3.2335519790649413e-07,0.0010000110164077745,0.0030451910673744147,0.16437458131048416,8.674838140275742
728,-1.8794548893874545,-1.8794545385072816,-1.705889974000319,-3.5179392346796e-07,1.0,0.0010000244046578992,0.006152018931044161,0.2609793053904794,7.848570832666361,-1.5203137238820397,-1.5203134020169575,-1.2633052508036295,-3.3618675337897405e-07,0.0010000081862219506,0.002716633762853841,0.16161156859662798,8.878818543752034
729,-1.9135373920764562,-1.9135370704362977,-1.6959547614151578,-3.187583302551845e-07,1.0,0.0010000194866596809,0.004904800402176268,0.22391551079333954,8.045933867400548,-1.4201472295655144,-1.420146918296814,-1.137317896551556,-3.0994415283203126e-07,0.001000010478310287,0.0029354617956818805,0.15437386764420402,9.666392019059924
730,-1.909711943482453,-1.9097116038484394,-1.6885865881757915,-3.4195353400032475e-07,1.0,0.0010000245056976124,0.004845268817899644,0.2359131638593269,8.022540092468262,-1.4061437209447225,-1.4061433931191762,-1.1170112205876244,-3.2616986168755426e-07,0.0010000086337741878,0.002852851323162516,0.1612700607213709,9.927318212721083
731,-1.8875986067753918,-1.887598253645987,-1.681539441054722,-3.5397286685007925e-07,1.0,0.001000029164507001,0.005241516929225258,0.2474903143801779,8.043507342068654,-1.4727441297637092,-1.4727438979678684,-1.2179793688986036,-2.3775630527072483e-07,0.0010000150909440385,0.003282853288369046,0.1839917457766003,9.80828046798706
732,-1.8501143635443922,-1.8501140396550018,-1.6259521178479464,-3.203046771715272e-07,1.0,0.0010000248000306903,0.005639934574060564,0.25765264891790896,8.624655480654734,-1.5805219014485676,-1.5805216828982036,-1.3484608703189427,-2.2417969173855252e-07,0.0010000113242616257,0.0031897255659310356,0.18419572901394632,8.903578260209827
733,-1.9130872375560257,-1.913086956402041,-1.6908285876490035,-2.8291119719451327e-07,1.0,0.0010000193636548126,0.005753311640495118,0.2824716830169255,8.395166055211481,-1.4737829261355928,-1.4737825446658663,-1.2555853181415133,-3.851122326321072e-07,0.001000010374830001,0.003121831503489779,0.17900949070851008,9.271917385525173
734,-1.9322643729875673,-1.9322640603443362,-1.6973978663390537,-3.0315428409936293e-07,1.0,0.0010000255600250555,0.004750211635288203,0.23383330891154847,7.83272817899596,-1.4854032344288295,-1.4854029728306664,-1.2414439598719278,-2.450413174099392e-07,0.0010000120615586638,0.002973549088670148,0.17450177495678265,9.30324222776625
735,-1.931468225874991,-1.9314679334748466,-1.7012042302005697,-2.9120523974580585e-07,1.0,0.0010000232734524135,0.004547150919811343,0.21191837729991608,7.863274079448772,-1.4982811477449205,-1.4982808974054125,-1.2470565928353203,-2.578728728824192e-07,0.0010000143251899217,0.0033634949734227524,0.18571485090586876,9.787400033738878
736,-1.8706354959955755,-1.870635210343127,-1.6777549577209185,-2.815757157667628e-07,1.0,0.0010000245584139847,0.006619693496141513,0.3158780332162695,8.32894573571547,-1.478118211693234,-1.4781179070472716,-1.2229429609245723,-3.113514847225613e-07,0.0010000084914887945,0.0027400821266281936,0.16177637854384053,9.037907367282441
737,-1.8703299310972106,-1.870329719669414,-1.642049937878015,-2.13747316936277e-07,1.0,0.0010000230911416264,0.0060521831103372125,0.2693385883181725,8.831653010170415,-1.5050809144973758,-1.5050806999206543,-1.252959371275372,-2.2740827666388618e-07,0.0010000115286351906,0.0037723606090164846,0.2275173912445704,9.882534959581163
738,-1.874655284971561,-1.874655179257663,-1.6434234358229727,-1.0711966820482938e-07,1.0,0.001000025184420904,0.00582598146262034,0.2550766851823285,8.536715057660949,-1.5485382795333862,-1.548538253042433,-1.2974140167236328,-3.468659189012316e-08,0.0010000151194011172,0.0032304705172363254,0.17680966415339047,9.526977962917751
739,-1.923663134844798,-1.923663224814073,-1.7008507904016748,8.104263611559599e-08,1.0,0.0010000263925044324,0.0045695286683457076,0.20016121681568758,7.674052391412123,-1.413596382406023,-1.413596475124359,-1.1410358746846516,8.982088830735948e-08,0.0010000105817905731,0.003036859652234448,0.17646464183926583,9.873891162872317
740,-1.8850627282880388,-1.885063000445096,-1.6775250974691138,2.694860944208109e-07,1.0,0.0010000220236350906,0.005421494384173234,0.2409073717470439,8.148024577014851,-1.4212577382723488,-1.4212577886051603,-1.1683131436506906,4.4951836268107095e-08,0.0010000110189947817,0.0027936637505061096,0.15493548222714001,9.493367830912272
741,-1.912383036793403,-1.9123830098026204,-1.6753190171043828,-2.6006743593036003e-08,1.0,0.001000024103735275,0.004687966611939219,0.21229971073708445,8.150595251119361,-1.5750994086265564,-1.575099394056532,-1.3286015404595268,-1.6970766915215386e-08,0.0010000159912225274,0.0028887323233195475,0.14282435133225388,8.929285844167074
742,-1.9172429791036643,-1.9172429341190267,-1.6936486127241603,-3.9291269374343585e-08,1.0,0.0010000233700990957,0.005157199806867624,0.25411507248316173,8.0673395822633,-1.4986526237593756,-1.4986525694529216,-1.214350770910581,-5.1160653432210283e-08,0.0010000119399693277,0.003004761839595934,0.18727694046166207,9.43399979273478
743,-1.9022813630553912,-1.9022812483445652,-1.674097810151442,-1.1428909481696363e-07,1.0,0.0010000265792082504,0.005403601520536643,0.24252737882845807,8.330630428386185,-1.5356275637944539,-1.5356275743908352,-1.2833175513479445,1.150700781080458e-08,0.0010000130109902884,0.002982588681495852,0.1682933810684416,9.243806976742214
744,-1.8843447689740163,-1.884344755478625,-1.679888073003517,-1.4690295705255472e-08,1.0,0.0010000256325100672,0.005837982849938408,0.2713875731910175,8.180812349859274,-1.4592759218480853,-1.4592757377359602,-1.1992783859372138,-1.8361541959974502e-07,0.0010000080232405,0.0025663691107183696,0.1370437190350559,8.961268117692734
745,-1.867333508887381,-1.8673335223827723,-1.6431388922457426,7.450580596923828e-09,1.0,0.0010000234865144176,0.006232962157260978,0.27608473177226084,8.839862940446386,-1.4391135215759276,-1.4391134937604269,-1.1467087161209848,-3.212028079562717e-08,0.001000009114957518,0.002827064941326777,0.16758636749453015,9.449129411909317
746,-1.8871945232715246,-1.8871945030284378,-1.670703890188685,-2.2773472767955854e-08,1.0,0.001000021322946644,0.005693055065524466,0.2602006492890277,8.448187648125415,-1.5143007437388103,-1.5143008285098605,-1.296512907743454,8.154246542188856e-08,0.0010000138698766628,0.0031822963979923065,0.18623173336187998,9.224872016906739
747,-1.8710191159878138,-1.8710190215200748,-1.6297597097900678,-8.385417596349176e-08,1.0,0.0010000235677854914,0.006208179479043158,0.2820510774288537,8.866793155670166,-1.4514557374848256,-1.4514557705985176,-1.196013179090288,3.998478253682454e-08,0.0010000132179508606,0.0031929741251385873,0.16719799695743454,9.425276597340902
748,-1.9061935172890716,-1.9061948758251261,-1.6888624024841021,1.3550216296933733e-06,1.0,0.0010000253052292567,0.0052848887401369385,0.2376737653646829,7.781597848208445,-1.4671692702505323,-1.4671692106458876,-1.1744051847192976,-6.349550353156196e-08,0.0010000136758511265,0.002707560839027994,0.1552727848291397,9.244656583997937
749,-1.9502458527403057,-1.9502458190018277,-1.712003028617715,-2.6006743593036003e-08,1.0,0.0010000231592336073,0.004256435300943986,0.2083330399725797,7.648840769281927,-1.4766829080051846,-1.4766828073395624,-1.2075259712007311,-1.0182460149129231e-07,0.001000008889887896,0.003184177951576809,0.1845298483967781,9.627416451772055
750,-1.934489166961526,-1.93448898027528,-1.721020518608813,-1.8781086183943838e-07,1.0,0.0010000220763514626,0.004816906421252017,0.21784562884636646,7.625352121749014,-1.420295378896925,-1.4202949868308172,-1.123485389020708,-3.934734397464328e-07,0.0010000133731712898,0.003293073371363183,0.21202432331111695,10.140747441185846
751,-1.9062427034917868,-1.9062423930977874,-1.700676198275584,-3.07441882367404e-07,1.0,0.0010000238313673522,0.005441124810187041,0.27795574778936943,8.070734590854284,-1.378923653231727,-1.3789232677883572,-1.094324948059188,-3.843671745724148e-07,0.0010000093063960473,0.0030438575505589444,0.17189925387501717,9.853347449832492
752,-1.905673161992487,-1.9056728695923428,-1.6960928597540226,-2.863553335081856e-07,1.0,0.0010000217336950438,0.005686228071286712,0.2528557001419787,7.964987152027634,-1.4513420859972637,-1.451341940297021,-1.1841666334205203,-1.492599646250407e-07,0.00100000757827527,0.0036042219027876852,0.21253073314825693,10.16436619228787
753,-1.9318649229013696,-1.9318646080089066,-1.7007493365485713,-3.0758245935979877e-07,1.0,0.0010000221027096487,0.005314093381869343,0.26264119545384396,7.894505662738152,-1.4798319670889113,-1.4798318756951225,-1.2094347728623285,-8.162524965074327e-08,0.0010000060234839718,0.0025117354959042536,0.12834466844797135,9.13798868391249
754,-1.8893460957509167,-1.8893457471199755,-1.6640306598735306,-3.494041145972486e-07,1.0,0.001000020229081922,0.0063075136771109305,0.2964626355975304,8.538295215030885,-1.3265924718644881,-1.3265923592779372,-1.030793532398012,-1.0397699144151476e-07,0.001000006212335494,0.0027611934088377487,0.1538728590640757,10.216485955980088
755,-1.9068310575665168,-1.9068307111848075,-1.6875548340239614,-3.397745906182055e-07,1.0,0.0010000249428041982,0.005054584133245473,0.22669239138376038,7.933507640406771,-1.5588238424725003,-1.5588237603505453,-1.3110603637165494,-7.218784756130642e-08,0.001000009813449449,0.002900841679527528,0.1646071115301715,9.003258525000678
756,-1.9301083762690705,-1.93010805237968,-1.7105069745261714,-3.2852843122662236e-07,1.0,0.0010000214108072643,0.004736276277569386,0.21873693403629763,7.5372054981735515,-1.4119231131341723,-1.41192307472229,-1.152563622262743,-5.000167422824436e-08,0.0010000110966049962,0.0024480745273952683,0.1376493857966529,9.112508328755696
757,-1.8279802731747896,-1.827979971777718,-1.5894663963677749,-2.9760149289976877e-07,1.0,0.001000031477437829,0.00602208701717966,0.2801733487197813,9.228497703120393,-1.4920802646213107,-1.4920802593231202,-1.2511548744307623,-3.187192810906304e-08,0.0010000152435774604,0.004777846459506287,0.23626175241337882,11.271796258290609
758,-1.8396651789827168,-1.839664877585645,-1.6175924033488867,-2.904320662876345e-07,1.0,0.0010000251646522644,0.00668289934126836,0.30935614710708836,8.991388491864475,-1.4560042010413274,-1.4560040606392755,-1.1661603179242876,-1.367595460679796e-07,0.0010000141027073064,0.003195170954697662,0.15870109208756022,10.33723300298055
759,-1.8702721438317929,-1.8702718334377937,-1.6627125515128083,-3.057549584586665e-07,1.0,0.001000025748925389,0.00605809066954227,0.2779390518817137,8.12747222972366,-1.5562637646993003,-1.5562637011210123,-1.3052350574069553,-5.8776802486843536e-08,0.001000015510039197,0.0029465666144258447,0.15618968341085646,9.294735643598768
760,-1.8817528733667337,-1.881752556225039,-1.6461505957369535,-3.1580621341489394e-07,1.0,0.0010000281365377442,0.006120334724227915,0.2654795854018544,8.850523588792333,-1.5412367370393543,-1.5412366297509936,-1.30662585761812,-9.255276785956489e-08,0.0010000080542845859,0.0027259498834609984,0.17038952940040164,8.761760075887045
761,-1.8940785853367932,-1.894078256948939,-1.6664637124763344,-3.267009303254901e-07,1.0,0.001000023418422437,0.005521766612973978,0.2697024716521209,8.567782501004777,-1.5148903489112853,-1.51489028400845,-1.2733589914109973,-6.498561965094672e-08,0.0010000161593779922,0.003688764649753769,0.2241314903729492,9.695078616672093
762,-1.8885311990414027,-1.8885309178874177,-1.676204335014775,-2.83754659148882e-07,1.0,0.001000027016314836,0.005752750834942145,0.2930241609519383,8.295026311334574,-1.5014832165506151,-1.5014830893940396,-1.2273631963464948,-1.275704966651069e-07,0.0010000097668833204,0.002636161330156028,0.15254322985808055,9.363048023647732
763,-1.920830103586305,-1.9208298494231026,-1.6733911127414343,-2.5838051202162255e-07,1.0,0.0010000228275597659,0.005354261614452556,0.26016679096896694,8.109675776283696,-1.6015596946080526,-1.6015595886442395,-1.3882735252380372,-1.1134478780958388e-07,0.0010000099039946992,0.0028265359785614743,0.1686150561604235,8.41399492687649
764,-1.9580993584866793,-1.958099072834231,-1.7447541277363616,-2.8944802734087097e-07,1.0,0.0010000208001759536,0.004799555534637481,0.22547412733986694,7.451379749010194,-1.411444513003031,-1.411444373925527,-1.123738318681717,-1.3005402353074816e-07,0.0010000085302939018,0.0026360293100070624,0.1733322521050771,9.256973542107477
765,-1.8982807060457625,-1.8982805013656616,-1.6468539372929987,-2.0903798769105157e-07,1.0,0.0010000245737895933,0.00528896848214263,0.2714711195736561,8.617122173309326,-1.5086215217908223,-1.5086212436358133,-1.2475456025865344,-2.716978391011556e-07,0.0010000111561061609,0.0033922905749123955,0.2024346258905199,9.678660911983913
766,-1.931797427951165,-1.9317977450928598,-1.6872738847192728,3.1861775326278973e-07,1.0,0.0010000216084936598,0.005426616491398441,0.25230111469918826,8.068607951110264,-1.5673699114057749,-1.567369940545824,-1.329421611626943,3.005067507425944e-08,0.0010000121081247925,0.002520683775138524,0.14549132800764508,8.665251032511394
767,-1.9546447295062948,-1.954644702515512,-1.7488822419688386,-2.7553090509378686e-08,1.0,0.001000019005622785,0.004538087473022488,0.24216818415893698,7.4624028925625785,-1.4754476653205024,-1.4754477077060275,-1.2056424405839707,3.675619761149089e-08,0.0010000152228814032,0.0024107089499011635,0.1198056327799956,8.604800944858129
768,-1.9054565204764313,-1.9054564957348805,-1.7075645316321895,-2.5725589608246425e-08,1.0,0.0010000244705533645,0.006344949281862322,0.30800715587892624,7.963352068415228,-1.460962776343028,-1.460962512758043,-1.174316973818673,-2.626743581559923e-07,0.001000009148588611,0.0035887160234981115,0.22442018927799331,10.465076467725964
769,-1.9048020952152755,-1.9048019625105947,-1.6596254830090504,-1.3319670029406278e-07,1.0,0.0010000215953145668,0.0054481966456152355,0.2593334271519814,8.467038766393122,-1.529872679710388,-1.5298724042044745,-1.2795923709869386,-2.805557515886095e-07,0.0010000129592501455,0.0031035579301209914,0.20186596156822312,9.176077641381157
770,-1.8808723913048797,-1.8808722181140252,-1.6299597744671803,-1.730502776379855e-07,1.0,0.0010000296433473814,0.005726384750198362,0.258156327003578,8.771048024015606,-1.3859593722555372,-1.3859591205914816,-1.1314967804484897,-2.5141570303175186e-07,0.001000012115885814,0.0034211763284272617,0.19470340551601517,10.240777248806422
771,-1.9062247793629485,-1.9062249120676293,-1.701768863875911,1.3628939412674814e-07,1.0,0.0010000229879053978,0.00506188414709748,0.2263946977426421,7.679883552047442,-1.4907583395640058,-1.490758364730411,-1.230251795715756,2.458691596984863e-08,0.0010000126720923516,0.002655441702033083,0.1517947158879704,9.074029138353136
772,-1.8636117746245187,-1.8636245232708049,-1.6457807657853611,1.274358551457243e-05,1.0,0.0010000249669658689,0.005859790954141403,0.24369469453703682,8.597508547441015,-1.5255867322285972,-1.5255867004394532,-1.2712998714711932,-3.0464596218532984e-08,0.0010000186920579937,0.0034107247108800544,0.19555220479766527,9.63547166188558
773,-1.8880621442254983,-1.8880622656840198,-1.6943045562168337,1.1710063466485941e-07,1.0,0.0010000267922702544,0.006025468913029949,0.2668968810225433,8.016174370387816,-1.5211690002017553,-1.5211690386136374,-1.2649341735574935,4.3710072835286455e-08,0.0010000103851780296,0.0030930427679171165,0.20905479656325446,9.099606302049425
774,-1.9278865445334956,-1.9278865715242781,-1.7092486237579922,2.5725589608246425e-08,1.0,0.0010000228912587154,0.004690663126859603,0.21430372963395883,7.970815298692235,-1.5605201164881388,-1.5605200952953762,-1.3130877521302966,-2.5166405571831597e-08,0.0010000144286702076,0.003166541257976658,0.19285175187720194,9.123093435499404
775,-1.9176506636277684,-1.9176505736584932,-1.7111741079474396,-9.306196896535046e-08,1.0,0.0010000207430665505,0.005070427942247885,0.22540617519813888,7.82183997136242,-1.4431173536512583,-1.4431173827913073,-1.152540730105506,2.284844716389974e-08,0.0010000110577998889,0.002695693466294971,0.17398161896400982,9.325841151343452
776,-1.9315747382505886,-1.9315745583120383,-1.710593264057951,-1.7909508831096144e-07,1.0,0.0010000226474454943,0.00543807188646411,0.26656472451000846,7.9653620809878944,-1.5302826695972018,-1.5302821940845914,-1.2700539681646559,-4.806452327304416e-07,0.0010000105119413799,0.0028341619841133554,0.17279577280084293,9.054757478502061
777,-1.9361746378664701,-1.936174399447891,-1.6933846001355153,-2.3300636489436312e-07,1.0,0.0010000268691482972,0.004974433715138936,0.23611190402001705,8.158120218312964,-1.3603799111313288,-1.3603794051541223,-1.0534352164301608,-5.081295967102051e-07,0.0010000084294006228,0.002752842275529272,0.18617365608612696,9.528285694122312
778,-1.8874127145083446,-1.8874125773052,-1.6738229787574623,-1.382574720202752e-07,1.0,0.0010000234162259214,0.005403161633162285,0.24836996580772805,8.213642930084804,-1.528447051843007,-1.5284470001856485,-1.2727773321999445,-4.064705636766222e-08,0.0010000125996561513,0.0025364263112553293,0.12294378678003946,8.808822409311931
779,-1.9236469448737379,-1.9236467109536224,-1.7056292610348396,-2.2499347632786013e-07,1.0,0.0010000231790022467,0.0051826940374976056,0.25978725045075957,7.834510011493035,-1.5616825501124063,-1.5616823832194011,-1.3218341946601868,-1.6970766915215387e-07,0.0010000116812686126,0.0028143147265331614,0.1494864958855841,8.772686979505751
780,-1.903765597433414,-1.903765395002545,-1.7015535831451416,-2.124118355085265e-07,1.0,0.001000020740870035,0.005186256517673719,0.22807858771872971,8.0297558892448,-1.4838641537560353,-1.4838640968004861,-1.2057052658663856,-5.39753172132704e-08,0.0010000107137279378,0.0028776057944115666,0.1650450078977479,9.434210099114313
781,-1.8742077867939788,-1.8742075753661822,-1.6645337905523911,-2.1606683731079102e-07,1.0,0.0010000221378538969,0.005621901208113106,0.23474595091252956,8.208427213272959,-1.5686282528771296,-1.5686279323365953,-1.3540187305874294,-3.167324595981174e-07,0.0010000144390182363,0.003343548615359598,0.17117084372374747,9.28294751909044
782,-1.8559014392348956,-1.8559012165609396,-1.624751918720749,-2.1845664618150243e-07,1.0,0.0010000325032105705,0.00659645506057818,0.2717905381237561,8.776328041868389,-1.5079479429456923,-1.5079480846722921,-1.276588288280699,1.3742181989881726e-07,0.0010000117640528415,0.002660608247646855,0.14997555803921486,9.06980480617947
783,-1.8966254580695674,-1.8966252219002202,-1.6908848870475337,-2.3033540203886212e-07,1.0,0.001000027541282042,0.005602857590002834,0.24930390852661627,8.163350042307153,-1.515646939807468,-1.515646645757887,-1.28544372982449,-2.844466103447808e-07,0.0010000126229392158,0.003397884856288632,0.20462803666790327,9.51695319281684
784,-1.8983917596205226,-1.898391530198871,-1.6558194587815482,-2.386294445901547e-07,1.0,0.0010000231987708863,0.005519355133281283,0.26226367203975626,8.493765318168784,-1.4605033742056954,-1.460503147708045,-1.1895339263810052,-2.258353763156467e-07,0.0010000110008857317,0.002789426853673326,0.16184735409915446,9.235522333780924
785,-1.9264485071290214,-1.9264482417196598,-1.7059215352220356,-2.6674484306911255e-07,1.0,0.0010000264935441457,0.004782024770975113,0.2503931620421837,7.802502398220998,-1.559334499306149,-1.5593341496255664,-1.3088935534159343,-3.4943222999572753e-07,0.0010000106697488163,0.0026139260166221194,0.15432118918332788,8.84866704940796
786,-1.9010203177074216,-1.9010200388026688,-1.6794301361407873,-2.76093213063366e-07,1.0,0.0010000244441951782,0.005417505960103194,0.2863519602929646,8.1089479338448,-1.4377547873391048,-1.4377545383241441,-1.1618358661731085,-2.5704503059387207e-07,0.0010000115415702263,0.0025909324719881016,0.14693694122963483,9.196527258555095
787,-1.9219627245417181,-1.9219624276431102,-1.723677617199016,-2.983746663579401e-07,1.0,0.0010000229922984287,0.005464085790697696,0.27953085074868966,7.786520193207939,-1.526002474625905,-1.5260020613670349,-1.2719515489207374,-4.129277335272895e-07,0.0010000147546331088,0.002971173357218504,0.18031034502718185,9.214886061350505
788,-1.9344496164681777,-1.9344492925787873,-1.6902223510562249,-3.309182400973338e-07,1.0,0.0010000228561144674,0.005006722288803672,0.2602358449883056,7.880299001369837,-1.4994748420185509,-1.49947446319792,-1.2604678789774577,-3.804763158162435e-07,0.001000014470062322,0.0029423958880619872,0.16729592109719912,9.234772576226128
789,-1.9062723078817692,-1.9062720064846974,-1.7189147179981448,-3.0912880627614145e-07,1.0,0.0010000248241923608,0.004910434086648923,0.2520915179882409,7.586991166168788,-1.1481877042187587,-1.1481874331831932,-0.8222641307446692,-2.7666489283243815e-07,0.0010000152202943962,0.0028301355972265205,0.1615951864255799,10.500822989145915
790,-1.903158037167675,-1.9031577650106177,-1.6661539640066758,-2.656202271299542e-07,1.0,0.0010000284308708221,0.005016358481403792,0.24409569307880583,8.21383564427214,-1.59456926451789,-1.5945689466264512,-1.3520454393492805,-3.1987826029459633e-07,0.0010000127729856306,0.003038571428300606,0.1956347402599123,8.90941400527954
791,-1.906011869322579,-1.9060115791716665,-1.6824922471676234,-2.9099437425721365e-07,1.0,0.0010000262409448624,0.005266032849420917,0.2500512639306626,8.165946546590552,-1.5334294173452592,-1.5334290186564128,-1.266907580031289,-3.9537747701009117e-07,0.0010000132903870609,0.002673905109986663,0.1589793844355477,8.892261356777615
792,-1.885733741634297,-1.8857334537326165,-1.707128862165055,-2.893777388446736e-07,1.0,0.0010000270338869602,0.006194273642492744,0.2664502220896055,7.881395384950458,-1.5115029838350085,-1.5115025440851848,-1.2353559421168434,-4.3436884880065916e-07,0.001000015305665632,0.002589523608589338,0.16361780737837156,8.990784178839789
793,-1.8951150516294084,-1.8951147299892497,-1.6717931954365857,-3.3689276227411236e-07,1.0,0.0010000256918159859,0.005197391436734008,0.2518554486615478,8.17797156999696,-1.5065714094373914,-1.5065709365738762,-1.2506557212935554,-4.7468476825290254e-07,0.0010000112673474683,0.002989827802715202,0.19397684559226036,9.28152675628662
794,-1.9166692023007375,-1.9166688716636513,-1.7078215693527798,-3.2873929671521456e-07,1.0,0.001000023080159049,0.005405560058963327,0.261586209021087,8.069106173965165,-1.5428637213177154,-1.542863486872779,-1.2830361220571729,-2.3270646731058757e-07,0.0010000085070108373,0.0026222496190004877,0.1720228310260508,8.799851459927028
795,-1.913333942305367,-1.9133336161667447,-1.7174886982395965,-3.1974236920194805e-07,1.0,0.0010000251778313574,0.004708247145040418,0.21534582930353452,7.6158576011657715,-1.539116809103224,-1.539116530948215,-1.2787218332290649,-2.725256813897027e-07,0.0010000127238324946,0.0030843890918832687,0.19584527379936642,9.355743842654759
796,-1.9035291829199161,-1.903528872525917,-1.671765439915207,-3.1608736739968356e-07,1.0,0.0010000233151862081,0.005758053899900812,0.2768931712884948,8.52731310646489,-1.5124569217363992,-1.512456605169508,-1.2566976255840725,-3.1822257571750215e-07,0.0010000089959551891,0.002917856697200073,0.17283814979924095,9.157928456200493
797,-1.9289062945347912,-1.9289059369069226,-1.732585443640655,-3.489120951238668e-07,1.0,0.0010000193504757196,0.004897189049823386,0.2623701039350258,7.430087314461762,-1.4585291941960652,-1.4585290445221795,-1.1650608009762233,-1.5596548716227214e-07,0.0010000077102126346,0.002632383034668035,0.1712450207521518,9.149866750505236
798,-1.9473226722681298,-1.9473223618741304,-1.7277660347380728,-3.1763371431602624e-07,1.0,0.0010000213932351402,0.004783322909442743,0.23450538199746385,7.628485544672552,-1.5514697353045144,-1.5514694545004102,-1.2970881515079073,-2.8014183044433595e-07,0.001000009301222033,0.0026295033438752096,0.16647849587930574,8.553897306654187
799,-1.9388003236842606,-1.938800020037957,-1.728237970820013,-3.0245139913738896e-07,1.0,0.0010000207650317054,0.00497740969272717,0.2480727879787391,7.6507196336422325,-1.5871253000365364,-1.5871251304944356,-1.36622793674469,-1.7707546552022297e-07,0.001000010630943709,0.0028218391273791593,0.18493223529722955,8.465814452701144
800,-1.9153553742282796,-1.9153550548373528,-1.7163935787272904,-3.249437179205553e-07,1.0,0.0010000199567139993,0.005739213617623977,0.2974812354681627,7.796128776838195,-1.4664657884173924,-1.4664656413926018,-1.1706990480422974,-1.4768706427680122e-07,0.001000009133066568,0.002698915330175724,0.14285637587308883,9.716864352756078
801,-1.9216163810693994,-1.9216160684261683,-1.702839954844061,-3.219213125840673e-07,1.0,0.0010000208089620155,0.005175157924586872,0.2436266840207127,8.010792813211117,-1.365520312388738,-1.3655201488071018,-1.0719386325942146,-1.6217430432637532e-07,0.0010000085975560877,0.0027764925810818872,0.15823542744749122,9.814858786265056
802,-1.9192718402394708,-1.9192715275962398,-1.6695198540417653,-3.168605408578549e-07,1.0,0.00100002753249598,0.004455741011660616,0.19453591396504977,8.030659720582783,-1.5260983837975397,-1.5260981520016987,-1.2611945821179285,-2.3270646731058757e-07,0.0010000116967906554,0.00280599653099974,0.14453027989301417,9.13840594821506
803,-1.9382791946519096,-1.9382789000025336,-1.7231440948990155,-2.9493053004426777e-07,1.0,0.001000023449173654,0.004730960758367799,0.23820071242187382,7.552348118908,-1.4381489064958364,-1.4381486932436625,-1.151877329746882,-2.167291111416287e-07,0.0010000114950040977,0.002541584575859209,0.1325498313953479,9.397476440005835
804,-1.90266212202468,-1.9026618161291446,-1.6860967424680602,-3.0561438146627174e-07,1.0,0.0010000252612989465,0.005321661432115537,0.24858444725286286,8.12549182603944,-1.5143950356377496,-1.5143949177530076,-1.2484793252415127,-1.187953684065077e-07,0.0010000095961408483,0.0029511639330950046,0.17420385132233301,9.648987536960176
805,-1.869259571129421,-1.869259238243103,-1.6573412800734897,-3.263494878445032e-07,1.0,0.0010000248571400935,0.0061491606405602315,0.2948982846343292,8.684729513132348,-1.399283895889918,-1.3992836932341257,-1.1337964223490822,-1.9926163885328504e-07,0.00100000715141909,0.0026151587332909304,0.14175525427692467,9.19676055908203
806,-1.9301991912553895,-1.9301988988552454,-1.6676035894537873,-2.926812981659511e-07,1.0,0.001000021123063733,0.004629248638971234,0.21758644240644742,8.159095917107924,-1.5369877232445608,-1.536987555027008,-1.2737135039435492,-1.6084975666469998e-07,0.0010000096478809913,0.003029674775381055,0.1863134833673636,9.310638236999514
807,-1.8714626060341888,-1.8714622753971029,-1.6702364458228058,-3.2276477453843605e-07,1.0,0.001000027883938461,0.006159739191028869,0.2650772873663677,8.342171651012492,-1.522783454259237,-1.5227833602163527,-1.2733712560600705,-9.61952739291721e-08,0.0010000164051436715,0.0029480162361222835,0.14938458758923742,8.964092667897543
808,-1.92271762524011,-1.9227173440861252,-1.7070849594080224,-2.812242732857758e-07,1.0,0.0010000242750634843,0.0049563961494538305,0.1916731339440031,7.793093258479856,-1.5784606271319919,-1.578460525141822,-1.322297876411014,-1.089440451727973e-07,0.0010000089700851176,0.002848245570850041,0.1912044039203061,8.70170218149821
809,-1.9330211742868963,-1.9330208908836797,-1.7096540185640443,-2.8305177418690805e-07,1.0,0.001000021674389125,0.0054831145647561775,0.23435292568690372,8.063252404051006,-1.5181098302205407,-1.5181096977657742,-1.2450895541244082,-1.359317037794325e-07,0.0010000085587509805,0.002620891815361877,0.15707373805344105,8.884228028191462
810,-1.9281150484984775,-1.9281147628460291,-1.723685880876937,-2.919784132039772e-07,1.0,0.0010000246528641514,0.004882676162282532,0.24997981300331512,7.6499966675380495,-1.6257522596253289,-1.6257522596253289,-1.4078824215465122,-3.559721840752496e-09,0.0010000119503173564,0.0031022122285018364,0.17815753147006036,8.561061594221327
811,-1.9166316738668479,-1.9166313972113267,-1.68343692905498,-2.83754659148882e-07,1.0,0.0010000271283371269,0.005345777188919766,0.25037838258552103,8.182806149968561,-1.4477609131071298,-1.4477607925732932,-1.1556661658816867,-1.2202395333184135e-07,0.001000008225027058,0.00242117867908544,0.14496030426687664,8.914220979478623
812,-1.9444857116015453,-1.9444854326967924,-1.7313518096815865,-2.841763901260664e-07,1.0,0.0010000235743750378,0.005443043031571609,0.28534687380745727,7.745611721614622,-1.528296775288052,-1.5282967236306932,-1.2610708031389448,-4.3710072835286455e-08,0.0010000081836349433,0.002265219757747319,0.13090527372227775,8.27869315677219
813,-1.9008316341436133,-1.9008314901927732,-1.675764243557768,-1.4127987735676317e-07,1.0,0.00100002184791385,0.0055826427546804246,0.2607038550360023,8.288465553859496,-1.533314824104309,-1.5333147168159484,-1.2832902120219336,-1.0488761795891656e-07,0.0010000133059091037,0.0028701453831874663,0.16321037755244308,8.952686839633516
814,-1.910512073984686,-1.910511945778469,-1.6821244865093592,-1.4113930036436836e-07,1.0,0.0010000235040865417,0.005497012772808238,0.2787672719514033,8.120687205836457,-1.5949157145288253,-1.5949155767758687,-1.3502617849244012,-1.447896162668864e-07,0.0010000088433217672,0.0026592870217023623,0.14997103466755815,8.68568820953369
815,-1.9119156913937263,-1.9119154304828283,-1.7111761839884632,-2.591536854797939e-07,1.0,0.0010000258938954124,0.005399426893454115,0.26876651847137595,7.857905972678706,-1.5891513850953844,-1.5891512632369995,-1.343658865822686,-1.187953684065077e-07,0.0010000118752941489,0.002918300477580892,0.16061393101182248,8.92526273727417
816,-1.9307800913756747,-1.9307798214678495,-1.7171421365917854,-2.6737743953488905e-07,1.0,0.0010000254326271562,0.004721165327179544,0.2390419640490469,7.658592449044281,-1.4214492387241786,-1.4214490665329826,-1.1093864360617267,-1.7301903830634223e-07,0.0010000094900735551,0.0023627829142949647,0.11486751668983036,9.204359700944687
817,-1.9424665514028296,-1.9424663849596708,-1.7298226423983305,-1.7487777853911778e-07,1.0,0.001000022060975854,0.004316862843895577,0.21091845322330044,7.387405431495522,-1.4364173266622755,-1.4364171465237936,-1.129410634438197,-1.7484029134114582e-07,0.0010000084940758017,0.003058036626316607,0.18821676472822826,10.056385305192736
818,-1.9080885378819592,-1.9080883804357276,-1.6891194109646779,-1.602577713300597e-07,1.0,0.0010000243014216704,0.005526177115070651,0.2642109401805221,8.438767550126562,-1.383669890297784,-1.3836695353190105,-1.0724165237612195,-3.5473042064242895e-07,0.0010000096840990914,0.0027791197049534984,0.1440597633106841,9.799417357974583
819,-1.9467236051019632,-1.9467234161664855,-1.7208953016209152,-1.8584278394591132e-07,1.0,0.001000026104760901,0.004385429601413461,0.2122729130370437,7.620073399453793,-1.460747116141849,-1.4607469730907017,-1.1673128578397962,-1.3858079910278321e-07,0.0010000096711640556,0.0025078894932650856,0.14154588998191886,9.083699459499782
820,-1.9253971576690674,-1.9253969867274445,-1.6862570362271003,-1.7607268297447348e-07,1.0,0.0010000271568918284,0.005102820312252866,0.27483012783780414,8.042943810516933,-1.5618177281485663,-1.561817585097419,-1.3138859258757698,-1.3046794467502171e-07,0.0010000097927533918,0.0027021674879102245,0.15426477756765153,8.733370123969186
821,-1.9590628911864083,-1.9590625942878004,-1.7345638477577354,-3.025919761297838e-07,1.0,0.001000023045014801,0.004324225572658316,0.2087095941785934,7.649286090203051,-1.4623493790626525,-1.4623491949505276,-1.1805723561180963,-1.9652975930107963e-07,0.0010000116812686126,0.00255313643720001,0.13546988492210707,9.027264319525825
822,-1.9391677019731053,-1.939167447809903,-1.7307953722072098,-2.4980531548554044e-07,1.0,0.0010000190275879402,0.005706271345568997,0.29798206244156045,7.770899295806885,-1.3773800128036078,-1.3773797386222415,-1.0729289058181974,-2.7103556527031794e-07,0.0010000112725214827,0.0025270158890634774,0.143718707230356,9.175246323479545
823,-1.9252155974226177,-1.925215853835052,-1.740275284029403,2.5064877743990915e-07,1.0,0.0010000186739489436,0.006126271798011829,0.30268396184129537,7.7965787851585535,-1.4513384249475267,-1.4513383309046428,-1.1898387180434333,-9.056594636705186e-08,0.0010000095599227482,0.0027145767274002236,0.16287728436291218,9.700620969136557
824,-1.9264008886409256,-1.9264009786102008,-1.7145872948304661,8.99692751326651e-08,1.0,0.0010000210835264538,0.004866038585292562,0.2248847820567635,7.714654193734223,-1.4327357716030547,-1.4327564822302925,-1.1424377110269335,2.071344190173679e-05,0.0010000080361755358,0.0027911164875452717,0.1509379225058688,9.634537718031142
825,-1.9176890220282212,-1.9176897215393354,-1.6996068797021542,7.137796788845422e-07,1.0,0.0010000256830299237,0.005268217349987266,0.2562127998274452,8.021614083703959,-1.4398223506079781,-1.4398224221335516,-1.162699371907446,7.044937875535753e-08,0.001000011655398541,0.0028917647458405957,0.1796253415859408,9.523546865251328
826,-1.9146565333852228,-1.9146564884005852,-1.6950928805009373,-4.674184997126741e-08,1.0,0.0010000247868515973,0.005192506403820413,0.25341438249034703,7.980262279510498,-1.427262748612298,-1.4272623962826199,-1.160977033442921,-3.508395618862576e-07,0.0010000090502823393,0.0027768324698425003,0.158244977104995,9.463272137112089
827,-1.9085863581243552,-1.9085862928966306,-1.698516789472328,-5.9323490790601043e-08,1.0,0.001000024294832124,0.005188607399896631,0.21163577354460392,7.919464039352705,-1.3998557779524061,-1.3998556269539728,-1.1158552209536234,-1.529024706946479e-07,0.0010000114613730046,0.0024748339033168225,0.13686926567720042,9.217055585649279
828,-1.9485194278213214,-1.9485193828366838,-1.729722722521368,-4.4352041100555995e-08,1.0,0.0010000264935441457,0.0048495728417106395,0.24807239576893034,7.719082571425528,-1.444632026884291,-1.4446318891313341,-1.1500204438964525,-1.3742181989881726e-07,0.0010000097436002559,0.002165137712533275,0.11809593410127693,8.599896844228109
829,-1.9187427939109083,-1.9187427489262707,-1.728030227265268,-4.210280922223937e-08,1.0,0.0010000286329502487,0.005110236622814862,0.2613910513947595,7.54853839694329,-1.4310545292165544,-1.4310544272263845,-1.1335503157642153,-1.0389420721266005e-07,0.001000007495491041,0.0025321499237583745,0.15114233361350166,9.212028874291315
830,-1.8930393367443445,-1.8930393479905039,-1.6445623546276453,1.7782989537940835e-08,1.0,0.001000030952470623,0.005055461447896823,0.21829032391872047,8.424640916428476,-1.4809873448477853,-1.4809872812694973,-1.2143996622827318,-6.241930855645074e-08,0.001000010630943709,0.003444424701026744,0.1984740768869718,9.626321771409776
831,-1.9085181411707177,-1.9085181209276307,-1.7060769548955954,-2.5725589608246425e-08,1.0,0.0010000213976281713,0.005364692594223427,0.24935046442837086,7.973518119668061,-1.4807816293504503,-1.480781494246589,-1.2026432289017572,-1.250041855706109e-07,0.0010000121210598284,0.0031733551140253743,0.1751683903237184,9.515731133355034
832,-1.9401177010446224,-1.9401176987953905,-1.7437446769678369,-4.920194733817622e-09,1.0,0.0010000288987286248,0.005387423654473474,0.28698771457486555,7.416682513254993,-1.4594627711508008,-1.459462657239702,-1.1672260794374678,-1.1887815263536241e-07,0.0010000075213611125,0.0024387076393597657,0.1427881554596954,9.046033700307213
833,-1.9151474597319118,-1.9151473540180135,-1.7128880248879486,-9.678725926381237e-08,1.0,0.0010000258895023813,0.005362427534254373,0.2824613927810822,7.8613312199430645,-1.5935493124855888,-1.5935492581791348,-1.3863931390974256,-5.985299746195475e-08,0.0010000137146562338,0.003029465879727569,0.18663197896546788,8.68328989876641
834,-1.9161184441368535,-1.9161183271767959,-1.695458490893526,-1.2300486834544056e-07,1.0,0.00100002273750263,0.005391306292160221,0.2545963525772095,7.922573305525869,-1.409088979827033,-1.4090889440642462,-1.139615437719557,-3.7584039900037976e-08,0.0010000118959902062,0.002553447429090738,0.14161121737625865,9.19126001993815
835,-1.9288800167587568,-1.9288798638109892,-1.6883729966181629,-1.5266661374074108e-07,1.0,0.0010000240927526974,0.004858566074684824,0.23712876846767822,8.084511666927698,-1.5800838311513268,-1.5800837265120613,-1.3481040517489116,-9.35461786058214e-08,0.0010000118727071417,0.003334456710662279,0.18619338679644798,9.12065765592787
836,-1.9449583651884548,-1.9449581335175712,-1.710363655720117,-2.4397137030115666e-07,1.0,0.0010000280333015154,0.005113746149395153,0.27712703580563924,8.013371467590332,-1.5132005744510226,-1.5132004737854003,-1.3001011967658997,-8.675787183973524e-08,0.0010000113941108187,0.0027659586837722196,0.17109269789523548,8.863297028011745
837,-1.9288817419196076,-1.9288815192456514,-1.742104118725039,-2.2618838076321585e-07,1.0,0.0010000220697619162,0.005465501058354693,0.2538138489537644,7.638567744560961,-1.6118615494834052,-1.611861436896854,-1.38267472187678,-1.197059949239095e-07,0.0010000102946327793,0.0027384058132560716,0.1855339435239633,8.280575667487252
838,-1.9065899736476395,-1.906589798207553,-1.7022546394815985,-1.7297998914178812e-07,1.0,0.0010000287757237565,0.005172900952187911,0.25499159617806383,8.050255676485458,-1.5880444447199507,-1.58804452419281,-1.3543130119641622,8.54333241780599e-08,0.0010000138853987059,0.003003809764049947,0.17053857346375784,8.58403696484036
839,-1.926993361059225,-1.9270032711748808,-1.7082633072475217,9.903508537220506e-06,1.0,0.0010000254963261057,0.005283327364661502,0.29627899642822875,7.879996713602318,-1.509545675913493,-1.5095469925138685,-1.2506820228364732,1.3153586122724746e-06,0.0010000097953403988,0.002855268040568464,0.16378676684366333,8.972781075371637
840,-1.9282959744615376,-1.928301604288929,-1.6743429899215698,5.628773063983557e-06,1.0,0.0010000256896194703,0.004840809522407516,0.21877400496236557,8.190006570995978,-1.5337405615382727,-1.533740512530009,-1.2863705846998426,-4.8263205422295465e-08,0.0010000084811407658,0.0028582270360655256,0.17333709200223288,8.885381889343261
841,-1.9254310873319518,-1.9254310715873286,-1.6707881329194554,-1.3565679766097158e-08,1.0,0.001000026460596413,0.005080084026492429,0.25136875733733177,8.34765668185252,-1.512786070505778,-1.5127860837512546,-1.268627393245697,1.6225708855523002e-08,0.0010000097384262416,0.002543586932329668,0.15165573449598418,8.594682502746583
842,-1.9313969072305932,-1.93139689148597,-1.7168882028111871,-2.748280201318129e-08,1.0,0.0010000214086107488,0.005433695535790527,0.29095783530962915,8.06296577993429,-1.5046956552399533,-1.5046955704689027,-1.2321760031912061,-9.321504169040256e-08,0.0010000102894587649,0.002559374006361597,0.1476251574854056,8.843993631998698
843,-1.9560191428886269,-1.95601905067012,-1.7134408613420882,-9.467860437789053e-08,1.0,0.0010000207650317054,0.005380001885570445,0.2595157564248679,7.930114584149055,-1.542969017558628,-1.5429688453674317,-1.2920385009712643,-1.7840001318189832e-07,0.001000009761709306,0.002594421405552162,0.15703830934233134,8.61119802263048
844,-1.9629693593619004,-1.9629692469003066,-1.7644264023259002,-1.0859572662497467e-07,1.0,0.0010000222520727031,0.00457573966738188,0.23009287404283038,7.327630177983698,-1.5132598453097872,-1.5132597631878324,-1.2393473742736711,-9.80993111928304e-08,0.0010000136241109835,0.0025566223750097886,0.15389455051885712,8.75884002049764
845,-1.9340696604746692,-1.9340695884992491,-1.7323344788461361,-7.661446085516012e-08,1.0,0.0010000253206048652,0.00504221495697802,0.2723567974314375,7.685897458274409,-1.4936739643414816,-1.4936737047301398,-1.2361236929893493,-2.4446182780795626e-07,0.0010000133214311468,0.0026494472727386486,0.17289543921748798,8.828667619493272
846,-1.927367262120517,-1.9273671384127635,-1.7094409398312838,-1.1260217090822615e-07,1.0,0.0010000284901767406,0.004762112892250407,0.20825269944825262,7.711867242489221,-1.5469733874003093,-1.5469732695155674,-1.2876438233587477,-1.2434191173977323e-07,0.0010000126255262228,0.0033327398769971398,0.23557165331310695,9.490622901916504
847,-1.9278438856016915,-1.927843710161605,-1.6863251812053177,-1.6995758380530015e-07,1.0,0.0010000236885938441,0.004941661600550672,0.23353786984423422,7.957009603392403,-1.5423792984750537,-1.542379273308648,-1.2883188287417093,-1.0927518208821614e-08,0.0010000073144005406,0.002648337475127644,0.18437695561183823,8.773672771453857
848,-1.9229552206003442,-1.9229550451602575,-1.693905380536925,-1.8204720515125202e-07,1.0,0.0010000189375308044,0.00532579967611522,0.26713052996486986,8.000556612914464,-1.4739036732249788,-1.4739036785231696,-1.1937908947467804,6.457169850667318e-09,0.0010000085742730234,0.0024266216800444655,0.14623663839366702,8.825120947096083
849,-1.9302869855232958,-1.93028683482476,-1.706868590049024,-1.5449411464187333e-07,1.0,0.0010000207342804883,0.0052234877915701495,0.28768898750532346,8.107556145146209,-1.464756707350413,-1.464756605360243,-1.1990368213918474,-9.743703736199273e-08,0.0010000096349459555,0.002686136805762847,0.16625368272264798,9.127059745788575
850,-1.9380592310203697,-1.9380590060971818,-1.708829272468135,-2.2443116835828097e-07,1.0,0.0010000231526440606,0.004972539442362932,0.2514008800938444,7.921108934114564,-1.4777544763353134,-1.477754204803043,-1.2275123000144958,-2.6755862765842014e-07,0.0010000067193888956,0.0026933037598306933,0.19636087897751067,8.996884897020129
851,-1.9158324610512212,-1.9158321888941638,-1.6887244143575992,-2.588725314950043e-07,1.0,0.001000018766202595,0.00488654741542941,0.21977893249043878,8.064230810921147,-1.5489800029330782,-1.5489798386891682,-1.3323235034942627,-1.8113189273410372e-07,0.001000012046036621,0.002734913687325186,0.17360076527628635,8.453743775685629
852,-1.9415560758338783,-1.9415557924306617,-1.741107110707265,-2.8255975471352633e-07,1.0,0.0010000235040865417,0.004895498200741438,0.23962972517002304,7.3964862373639955,-1.367533368534512,-1.3675329539510939,-1.0667321251498327,-4.1590796576605903e-07,0.001000011396697826,0.00261030865367502,0.15675333345101938,9.55503658718533
853,-1.9586139467527282,-1.9586136498541202,-1.7466656082081344,-2.9486024154807035e-07,1.0,0.0010000251668487799,0.004645426450121515,0.247649943069467,7.571645979611379,-1.3631545616520773,-1.3631542513767878,-1.0372874166441357,-3.087851736280653e-07,0.0010000075524051984,0.0023809079624091587,0.14231483485135768,9.031549665662977
854,-1.9441407019237302,-1.944140371286644,-1.6933793661729344,-3.293718931809911e-07,1.0,0.001000019989661732,0.0046561328619542834,0.23451470935119773,8.156003209779847,-1.5036879857381187,-1.503687572479248,-1.2440407554308572,-4.212061564127604e-07,0.00100001468995793,0.0028886159209327565,0.16297547279132737,9.483522637685137
855,-1.916292723619713,-1.9162924199734095,-1.704907385808117,-3.082150558255753e-07,1.0,0.0010000297070463311,0.005217885058197491,0.262562715993175,7.83544418946752,-1.3879632022645736,-1.387962810198466,-1.1075669844945273,-3.943840662638346e-07,0.0010000120149925352,0.002775843312136001,0.19972779320345985,9.47837324142456
856,-1.9192375012163847,-1.9192372200623997,-1.7302903094381656,-2.8642562200438303e-07,1.0,0.0010000309458810766,0.004676666044858548,0.252635569680693,7.46216171192673,-1.4552209311061435,-1.455220557583703,-1.2379884269502428,-3.690520922342936e-07,0.0010000177710834477,0.002786592890818914,0.19756414368748665,8.97231781217787
857,-1.9142972253403574,-1.9142968924540393,-1.6928214959378511,-3.426564189622987e-07,1.0,0.0010000315433332943,0.005267373909998052,0.2669653095445543,7.8293814119303,-1.389166733953688,-1.3891662134064569,-1.061369961500168,-5.124343766106499e-07,0.0010000073532056477,0.002789722274368008,0.18696697635783088,9.660704697502982
858,-1.9790901845356204,-1.9790898224092879,-1.7322107958343793,-3.5362142436909227e-07,1.0,0.0010000185816952923,0.003874865632925956,0.18351138333948153,7.354555579851258,-1.4472225573327802,-1.4472221427493626,-1.187470026810964,-4.192193349202474e-07,0.0010000088045166598,0.0021757674015437565,0.13298064387506908,8.38261309729682
859,-1.9534983005163804,-1.953497956383903,-1.7382453297669034,-3.401260330991925e-07,1.0,0.0010000236556461117,0.004856284116921981,0.22943050600588322,7.455626321288775,-1.511771288183,-1.5117708404858907,-1.232035282585356,-4.394186867607964e-07,0.0010000073997717765,0.002587450396580001,0.17213467015988296,8.87290064493815
860,-1.9713990755800932,-1.971398726949152,-1.7399793728342596,-3.43781034901457e-07,1.0,0.0010000198798359565,0.004553404342348002,0.23910571662884839,7.484574574344563,-1.5150910960303414,-1.5150907437006633,-1.2539463745223152,-3.5663445790608724e-07,0.0010000073480316335,0.002652967599634495,0.1800037432875898,8.80170202255249
861,-1.9367436507962785,-1.9367432954176418,-1.7431334999372374,-3.586119075991073e-07,1.0,0.0010000194734805878,0.004725552862510085,0.21543508697793168,7.232740168301564,-1.5255820976363288,-1.525581689675649,-1.266649105813768,-3.942184978061252e-07,0.0010000118649461202,0.002568772171313564,0.15814391200741132,8.640772353278265
862,-1.9106039168699733,-1.9106037076914086,-1.7096412654192943,-2.044692354382209e-07,1.0,0.0010000249384111673,0.005876172382279106,0.27666201157811676,7.847453252324518,-1.38850900332133,-1.388508599334293,-1.053981406821145,-4.029936260647244e-07,0.0010000094642034834,0.0024940229900595216,0.14979712433285183,8.946566157870821
863,-1.956316351890564,-1.9563160324996371,-1.7291501018236268,-3.1714169484264447e-07,1.0,0.0010000175119922409,0.004901335495611969,0.24142959910743642,7.5454437147896245,-1.3894572423564062,-1.3894569416840872,-1.0599817100498412,-2.995133399963379e-07,0.0010000077748878134,0.002557957583727936,0.1778022478024165,9.340696663326687
864,-1.9618931288989085,-1.9618928050095181,-1.7451981958353295,-3.3506526137298006e-07,1.0,0.0010000212680337565,0.004693339666667974,0.24436223366350499,7.529452368898212,-1.447639654742347,-1.4476393659909566,-1.1552821457386018,-2.832876311408149e-07,0.001000009642706977,0.002524385660783284,0.15046786243716875,8.991650782691107
865,-1.932784100748458,-1.93278376786214,-1.702115978834764,-3.3661160828932274e-07,1.0,0.0010000233766886424,0.00579635291975343,0.2956662638429201,8.545720658212337,-1.4903300762176517,-1.4903297013706631,-1.2165474878417122,-3.650784492492676e-07,0.0010000123668255077,0.00282618906090243,0.1720229481657346,8.909662310282389
866,-1.9532797718947787,-1.953279434509997,-1.687216839700375,-3.4019632159538987e-07,1.0,0.0010000178282904737,0.004853971238810358,0.2366736838418358,7.9680608893340485,-1.4830643587642245,-1.4830638792779711,-1.2173628601762982,-4.794862535264757e-07,0.0010000110966049962,0.002820137282833457,0.1720278719233142,9.02564696205987
867,-1.8947016450594056,-1.8947013166715514,-1.6791622233840655,-3.337297799452296e-07,1.0,0.001000028031105,0.005828586982492849,0.2681111041807903,8.324662217554057,-1.5508993970023264,-1.5508992314338683,-1.3095457858509487,-1.7036994298299154e-07,0.0010000106749228305,0.003072867213955356,0.1694764127333959,9.17290578418308
868,-1.90777380736369,-1.9077734699789084,-1.6732785566797796,-3.3647103129692796e-07,1.0,0.0010000207057257867,0.005369215992824087,0.273498785313008,8.25343910253273,-1.5334992289543155,-1.5334990474912855,-1.2954980678028531,-1.8336706691318088e-07,0.0010000065176023376,0.0025860501686111093,0.14787632293171352,8.622896173265245
869,-1.928440957699182,-1.9284406248128638,-1.7049767836084906,-3.3119939408212336e-07,1.0,0.0010000244441951782,0.0053579093545745565,0.26565871233085414,7.804886593008941,-1.4833016541269088,-1.4833013772964478,-1.2129376722706688,-2.773271666632758e-07,0.0010000099014076922,0.0027784274011436435,0.16312334595455064,9.171876377529568
870,-1.9694235099936432,-1.9694231928519483,-1.730020801976042,-3.136272700327747e-07,1.0,0.0010000206991362403,0.004110368858267255,0.19481981018523,7.786943048801062,-1.5072099526723228,-1.5072098347875806,-1.239302979575263,-9.396009975009494e-08,0.0010000124703057939,0.0032628865032974215,0.19452966484758588,9.358562893337673
871,-1.9592455513072464,-1.9592452229193922,-1.7632534323998217,-3.257168913787266e-07,1.0,0.0010000242860460618,0.0048670734516081384,0.24755517730735382,7.205242156982422,-1.4135418322351245,-1.4135416507720948,-1.124388352367613,-1.835326353708903e-07,0.0010000101989135145,0.0026964871963072153,0.16941283605992793,9.180334790547688
872,-1.9389426123421147,-1.9389422772065648,-1.717674025949442,-3.3190227904409734e-07,1.0,0.0010000264496138355,0.0044265476380527585,0.22147681184534757,7.650486496259582,-1.562079175313314,-1.5620788786146376,-1.3117717530992297,-2.942151493496365e-07,0.0010000081629388863,0.0028024913743138315,0.17065866167346636,8.817505804697673
873,-1.9309148518544323,-1.930914527965042,-1.7307028680477503,-3.1960179220955327e-07,1.0,0.001000027163481375,0.0048394076578881385,0.258870301381597,7.56876259929729,-1.609416162967682,-1.6094160464074876,-1.3834767672750685,-1.0629494984944662e-07,0.001000010698205895,0.002792184621406098,0.1802317448374298,8.448626666598848
874,-1.947041947886629,-1.947041668981876,-1.7620841872017339,-2.8558216005001427e-07,1.0,0.0010000243585310735,0.004142485400837548,0.20258138167127124,7.067029836042872,-1.6108095672395493,-1.6108093606101141,-1.3816694312625462,-1.9901328616672093e-07,0.001000009200328754,0.0031535324174910783,0.19139245433939828,8.68336550394694
875,-1.9473009176974028,-1.9473006770295918,-1.771481844614137,-2.408786764684713e-07,1.0,0.0010000219731152338,0.004625335208333607,0.23786253496161047,7.060872752711458,-1.5341199994087218,-1.5341198960940043,-1.26291790538364,-9.387731552124023e-08,0.0010000081706999077,0.0024466821406450537,0.14328644225994747,8.5476392004225
876,-1.9672302097644445,-1.9672299151150685,-1.7598111044685796,-2.970391849301896e-07,1.0,0.0010000258521616178,0.004654294760669318,0.23112682762713926,7.4309663052828805,-1.4880065984196136,-1.4880063745710586,-1.198570684591929,-2.347760730319553e-07,0.001000006077811122,0.0025196224192364346,0.16459626936250263,8.798338423834908
877,-1.9486858979710993,-1.9486856168171145,-1.7180503899196409,-2.969688964339922e-07,1.0,0.0010000201148631157,0.004626375987668926,0.2483476537437934,7.743987614253782,-1.2776672422885893,-1.2776671416229672,-0.9408653241064814,-9.056594636705186e-08,0.0010000084630317158,0.002941281436425116,0.19436194656623734,9.89908333884345
878,-1.852223184873473,-1.8522234120458927,-1.6225252938720416,2.2499347632786013e-07,1.0,0.0010000288767634698,0.006017069604669539,0.2768899125029456,8.521790000627625,-1.4854934533437096,-1.4854996588495042,-1.2113069646888308,6.2056713634067115e-06,0.001000009453855455,0.002628505229949951,0.15089320097532538,9.053791904449463
879,-1.9397340900493119,-1.939735304634526,-1.7300847161490962,1.207837518656029e-06,1.0,0.0010000214898818224,0.005316061767275041,0.2545146067046894,7.714782480923635,-1.4371011164453293,-1.43710116147995,-1.1632103105386098,4.197160402933757e-08,0.0010000104343311654,0.0026779217153994573,0.17044795420434738,9.308504803975422
880,-1.9573159375280704,-1.9573159150357515,-1.715113050532791,-2.2984338256548037e-08,1.0,0.0010000257730870595,0.0043280470571568554,0.21669165192628806,7.488632206646901,-1.5057809631029764,-1.5057812147670322,-1.2401984850565593,2.572105990515815e-07,0.001000017279552089,0.002761689529547261,0.16973372201124828,9.049596246083578
881,-1.9059216976165771,-1.9059216436350122,-1.70835058869056,-4.8639639368597066e-08,1.0,0.0010000322044844616,0.004845452683819634,0.23460944798195138,7.7158820584135235,-1.313241251309713,-1.3132412420378792,-1.053047635157903,-3.394153383043077e-09,0.0010000209919073515,0.0035260418999112316,0.20715390203727616,11.09548438390096
882,-1.836364689862953,-1.8363647325983588,-1.594956004394675,4.969396681155799e-08,1.0,0.0010000244288195699,0.007915124600261168,0.3547547306373434,9.06015450099729,-1.5312195844120449,-1.531219568517473,-1.2665237691667346,-8.775128258599176e-09,0.0010000080258275072,0.002711038071558707,0.1570411822034253,9.042068703969319
883,-1.9046191067065832,-1.9046199456700739,-1.688109816245313,8.352382003136401e-07,1.0,0.001000020033592042,0.005521511922608006,0.2814304636756204,7.989536438348158,-1.5348026540544297,-1.5348027533955044,-1.280415403842926,9.876158502366808e-08,0.0010000087087973953,0.0027193474686808055,0.15468229887386162,8.89781601164076
884,-1.8859124925901305,-1.8859174656418134,-1.65570589281478,4.974527741378208e-06,1.0,0.0010000234206189525,0.0058352642710197645,0.31037259439252457,8.490935163677863,-1.5707162936528527,-1.57071623272366,-1.3176452252599928,-5.3561396068996855e-08,0.0010000097875793774,0.002897315630171862,0.15490706571274335,9.123571946885852
885,-1.9480808838358465,-1.9480808680912234,-1.75373596965142,-7.3802921007264335e-09,1.0,0.001000021145028888,0.004890426417882994,0.2644655521748201,7.129980582111287,-1.4229114135106407,-1.4229113300641378,-1.141489326953888,-9.462237358093261e-08,0.0010000059148296714,0.0023545589634320803,0.13484368162850538,8.937673388587106
886,-1.9332575595603798,-1.9332575325695973,-1.7256946518736065,-2.7553090509378686e-08,1.0,0.0010000228187737037,0.004813781267313182,0.2370701290948211,7.894434685977,-1.6156431039174397,-1.6156430800755819,-1.3614553305837842,-2.0861625671386717e-08,0.001000009233959847,0.002271432786559065,0.11993589500586192,8.035303232404921
887,-1.9469838007441107,-1.9469837962456469,-1.761494274409312,-1.5604046155821604e-08,1.0,0.0010000189001900407,0.004909338332923516,0.26002548410082765,7.247976644983831,-1.5998882108264498,-1.599887983004252,-1.355096407731374,-2.2765662935045032e-07,0.0010000064270570875,0.002424663338913686,0.14730290207597946,8.10433111190796
888,-1.938265451845133,-1.9382653326358434,-1.6728941652010072,-1.1625717271049068e-07,1.0,0.0010000175405469425,0.005560078592268082,0.26065356488216596,8.64248843462962,-1.6059027380413484,-1.6059025181664361,-1.368133474058575,-2.1912985377841526e-07,0.0010000065848645237,0.002343412023037672,0.14713683476050696,7.957793882158067
889,-1.937213031750805,-1.9372129147907473,-1.725799322128296,-1.1920928955078125e-07,1.0,0.0010000214481480278,0.004548092260693182,0.22157423686728162,7.39936829512974,-1.4904151188002692,-1.4904146764013502,-1.2467979669570923,-4.379285706414117e-07,0.0010000099583218494,0.0027014002048720916,0.1524524238374498,8.734174548255075
890,-1.918525164982058,-1.9185250052865945,-1.6923120955251298,-1.5702450050497955e-07,1.0,0.0010000206178651665,0.005587806786797097,0.26623975682371065,7.93866346467216,-1.534219459692637,-1.5342191841867234,-1.259354787402683,-2.733535236782498e-07,0.0010000090140642392,0.0022517295916461284,0.11530970860686567,8.591957463158503
891,-1.9301776211216766,-1.9301774456815899,-1.698729251915554,-1.799385502653302e-07,1.0,0.0010000228736865913,0.005218762443137338,0.26912117510471706,7.938006149148041,-1.4930233041445413,-1.4930229001575046,-1.2370958983898164,-3.9976504113939076e-07,0.0010000071152009898,0.002442483565149208,0.13284394674830965,8.53547033733792
892,-1.9335576228375704,-1.9335574159082376,-1.7193113992799003,-2.033446194990626e-07,1.0,0.0010000239236210033,0.005103355128634369,0.2505746611727859,8.030523336158609,-1.512629364596473,-1.5126290202140809,-1.255644965171814,-3.368490272098117e-07,0.0010000065977995595,0.00268057128155811,0.1538661582602395,8.703608873155384
893,-1.9668916238928742,-1.9668913629819762,-1.7368228840378095,-2.487509880425795e-07,1.0,0.001000017795342741,0.004446111215313651,0.23703551657919614,7.478649049435022,-1.466416851679484,-1.4664166238572862,-1.1884817845291562,-2.2765662935045032e-07,0.0010000075575792126,0.0026657893115447626,0.1606287446286943,9.185306866963705
894,-1.9548138829897035,-1.9548136085834142,-1.708493952481252,-2.7025926787898226e-07,1.0,0.0010000195657342392,0.004967363327214459,0.24536951575076804,7.932112783755896,-1.4513099074363711,-1.4513097153769599,-1.1420777241388957,-1.9487407472398546e-07,0.001000004986094104,0.002588850228736798,0.14619294388426674,9.30610467063056
895,-1.9502674836032796,-1.950267215944686,-1.7359440664075456,-2.687129209626396e-07,1.0,0.001000022225714517,0.004799305081349921,0.23657872014731732,7.712280462372978,-1.4376506394810147,-1.4376505494117737,-1.165904211335712,-7.789995935228136e-08,0.0010000088096906742,0.0027595674955389568,0.1671895172033045,9.194927533467611
896,-1.956367220518724,-1.9563669596078261,-1.752703774650142,-2.6646368908432293e-07,1.0,0.00100002273750263,0.004782022877578747,0.23160191358260387,7.324777450201647,-1.4436539702945284,-1.4436539596981472,-1.1758150590790644,-2.9471185472276477e-08,0.0010000086389482022,0.002681646679735018,0.14345474400454097,9.051863627963595
897,-1.9502821440966625,-1.9502818494472864,-1.7416065503966134,-3.1440044349094604e-07,1.0,0.0010000175119922409,0.005346450554909852,0.28120609000325203,7.555115501835661,-1.5030889868736268,-1.5030888848834567,-1.2359607756137847,-1.0008613268534343e-07,0.0010000079663263428,0.002862321326716079,0.18081423598859045,8.970665476057263
898,-1.9651762449516441,-1.9651759705453549,-1.754265141936968,-2.8347350516409246e-07,1.0,0.0010000189001900407,0.004492349887512765,0.22323885440545263,7.2161076293801365,-1.4637897994783187,-1.4637896511289807,-1.1969623373614418,-1.4238887363009982e-07,0.00100000718763719,0.0029297588574182655,0.1837653378645579,9.325965425703261
899,-1.9318235932656054,-1.9318232851208381,-1.689394899134366,-3.090585177799441e-07,1.0,0.0010000289316763574,0.0049975619998426654,0.265439935731438,7.793947831639704,-1.5124345077408685,-1.5124344136979846,-1.2439565062522888,-9.329782591925727e-08,0.001000009164110654,0.0028606471062327427,0.16533007878396247,9.165636613633898
900,-1.967361162293632,-1.967360849650401,-1.7604274322401803,-3.241002559661865e-07,1.0,0.0010000214415584814,0.004649113459547736,0.25209265420178195,7.226230405411631,-1.5258350253105166,-1.525834944513109,-1.2761928306685553,-6.515118810865614e-08,0.0010000083414423797,0.0025505790668022303,0.15942779953281086,8.33215389251709
901,-1.9638897293018844,-1.9638894503971316,-1.7542566128496855,-2.798185033618279e-07,1.0,0.0010000186431977265,0.004465186428102963,0.24045014792596395,7.385619523390284,-1.4547327213817172,-1.4547326842943826,-1.171675949750675,-4.536575741238064e-08,0.0010000057854793137,0.0023802066532274085,0.12839680628644096,8.633530394236248
902,-1.9402839260281257,-1.9402836358772133,-1.7189487736180145,-2.853712945614221e-07,1.0,0.0010000199127836891,0.005482840088178527,0.2878317579205306,7.977078617743726,-1.41090931892395,-1.4109092778629726,-1.128077549404568,-3.667341338263618e-08,0.0010000068694353103,0.0022936169963536993,0.12913198202020593,8.618208323584664
903,-1.9421459346447352,-1.9421456737338372,-1.733255849694306,-2.6280868728205843e-07,1.0,0.001000013156301992,0.005065718468032636,0.2544203203804088,7.519778107697109,-1.5754115290111963,-1.5754115131166246,-1.3441226760546365,-3.195471233791775e-08,0.001000006437405116,0.0026573601592746045,0.15876571486393612,8.510884899563262
904,-1.9421152011403497,-1.942114899743278,-1.7423366443166193,-3.0814476732937796e-07,1.0,0.0010000263441810912,0.0051830946006548575,0.28010853633003413,7.46822119658848,-1.4560428977012636,-1.4560428977012634,-1.1817772871918149,-8.692344029744467e-09,0.0010000050507692826,0.0022899399511516092,0.1425348581953181,8.47978949016995
905,-1.9690600993498317,-1.9690598114481512,-1.7723765823076356,-2.827003317059211e-07,1.0,0.001000021981901296,0.004098956962994669,0.20528046850044773,7.035772395583819,-1.3652314530478582,-1.3652314530478584,-1.091826374663247,-1.5729003482394748e-09,0.0010000105119413799,0.0023961676724462045,0.13238959751195378,8.910282739003499
906,-1.9644223676537567,-1.9644220887490038,-1.7288071366975892,-2.880422574169231e-07,1.0,0.001000019708507747,0.004615478599795474,0.233260470460046,7.499280632666822,-1.5294158379236857,-1.5294157875908745,-1.2773502363098992,-6.39094246758355e-08,0.0010000094098763334,0.0023926745634526014,0.1213395747459597,8.547417884402803
907,-1.975362575279092,-1.9753622671343245,-1.77380836909672,-3.0709043988641705e-07,1.0,0.0010000277345754065,0.004087532073136349,0.20891512287253478,7.165995885741036,-1.5802859067916872,-1.5802858882480197,-1.3571605761845906,-3.2782554626464846e-08,0.001000010002300971,0.0026073433950336445,0.14644320044252607,8.557381704118516
908,-1.941851480951849,-1.9418511908009368,-1.7371092607390206,-2.9387620260130686e-07,1.0,0.0010000231416614832,0.005703442132557338,0.28665359543179564,7.878517888626963,-1.5018609205881754,-1.5018608768781025,-1.2430120309193928,-5.414088567097982e-08,0.0010000056923470564,0.0024233527740256653,0.13263561903602547,8.52156040403578
909,-1.943190338476649,-1.9431900460765046,-1.7550667389383856,-2.94087068089899e-07,1.0,0.0010000196140575802,0.005030539798339442,0.2573273297188417,7.366740906013633,-1.536896276473999,-1.536896276473999,-1.294305149714152,-2.5166405571831597e-08,0.0010000078473240137,0.0026316523862381777,0.1321302509970135,8.698719596862793
910,-1.951743166401701,-1.9517428829984844,-1.706362616341069,-2.798185033618279e-07,1.0,0.0010000201544003947,0.00464351119403288,0.2188034584780909,7.799342524330571,-1.4980696479479474,-1.4980695909923978,-1.2451907210879856,-5.5796570248074e-08,0.0010000083724864654,0.002825379120703373,0.15546349700954226,9.099708048502604
911,-1.9472747343891073,-1.9472744442381948,-1.7234432224957448,-3.0160793718302025e-07,1.0,0.0010000223025925599,0.005410499659911642,0.2963755646685384,7.8884001497952445,-1.4458979156282217,-1.44589790503184,-1.1431073602702884,-2.500083711412218e-08,0.001000006605560581,0.002276673312816355,0.1200848590168688,8.744588279724121
912,-1.9503125896993674,-1.950312319791542,-1.7003775227744624,-2.73422250207865e-07,1.0,0.0010000180369594469,0.0053097543368151165,0.2829927602466547,8.360760121975305,-1.5215156727366976,-1.521515636973911,-1.277197003364563,-4.9008263481987845e-08,0.0010000085199458732,0.002726133765342335,0.1565689530637529,8.68070206112332
913,-1.9429470683043857,-1.9429467938980967,-1.7282116300654862,-2.748280201318129e-07,1.0,0.0010000209165912754,0.004718224535573204,0.24037864965931424,7.64411391852037,-1.5515303903155855,-1.5515303121672737,-1.3089218616485596,-6.895926263597277e-08,0.0010000088096906742,0.002462837136247092,0.14905252013769416,8.384676774342854
914,-1.9558777471758284,-1.9558774615233798,-1.749123550810904,-2.7728811749872174e-07,1.0,0.0010000178722207838,0.0049660160373193474,0.2517307891317134,7.4985759663132,-1.3990124622980755,-1.3990124530262418,-1.111057439777586,-2.9222832785712347e-08,0.0010000095961408483,0.002931725585626231,0.20983395891057122,9.401085291968453
915,-1.9609784157770984,-1.960978148118505,-1.725815793253341,-2.6829118998545523e-07,1.0,0.001000018214877203,0.004426242456384847,0.24081799809662802,7.3838237726463465,-1.5186825672785444,-1.518682501051161,-1.2669186009301079,-6.490283542209201e-08,0.0010000093193310831,0.0024996450145004525,0.1555829270846314,8.487503655751546
916,-1.9705937785922356,-1.9705934794443958,-1.761237454864214,-2.9753120440357135e-07,1.0,0.001000022155426021,0.004415523405801857,0.22235496995865173,7.213933296923368,-1.4633245362175833,-1.463324444823795,-1.1996249046590592,-8.866190910339356e-08,0.0010000127522895733,0.0024874692731019525,0.16652150866058138,8.465184042188858
917,-1.9499933112342402,-1.9499930300802555,-1.734613558031478,-2.8080254230859145e-07,1.0,0.001000026620942045,0.004400559492356513,0.21822962284369288,7.255330148732887,-1.473400840494368,-1.4734007835388183,-1.2166797717412312,-5.720390213860406e-08,0.0010000093503751688,0.002594090196200543,0.14762815485397976,8.639869732326932
918,-1.9710364746597577,-1.9710362092503961,-1.7642496711802933,-2.646361881831907e-07,1.0,0.0010000180721036948,0.004484600719187479,0.24253805579160745,7.170086059930189,-1.4845209333631726,-1.4845208684603373,-1.2199857115745545,-6.498561965094672e-08,0.0010000079870223998,0.0029649232928123737,0.205070465306441,9.068175093332927
919,-1.889409474606784,-1.8894091844558716,-1.687542679174891,-2.8747994944734394e-07,1.0,0.0010000299310909126,0.0055773983103275864,0.2733219288430124,8.03146346110218,-1.5107585774527656,-1.5107585310935974,-1.2532573421796163,-5.67071967654758e-08,0.0010000092391338614,0.002453927827688555,0.14570310306217935,8.41802979575263
920,-1.9771405098573216,-1.9771402174571775,-1.7808260715232704,-2.9141610523439806e-07,1.0,0.001000020428964833,0.0044038648967508155,0.22618916771321926,7.173994325241953,-1.5084496710035538,-1.5084496392144098,-1.237243347035514,-4.76837158203125e-08,0.0010000097539482845,0.0024627919800372586,0.1439548866616355,8.548722849951849
921,-1.9608415927527085,-1.9608412868571732,-1.7763878264517154,-3.083556328179701e-07,1.0,0.001000021145028888,0.005079288562794901,0.2796579194518755,7.416285492339224,-1.6103642861048377,-1.6103641642464532,-1.3772300336096022,-1.1010302437676324e-07,0.0010000137068952124,0.0024878183146938683,0.13830508014394177,8.193926344977484
922,-1.9797831841234892,-1.9797828782279536,-1.7637563404047265,-3.0055360974005935e-07,1.0,0.0010000208616783878,0.004535370649119734,0.2169863183121636,7.3215990201482235,-1.4079554716746012,-1.4079553657107884,-1.1196567750639386,-8.228752348158095e-08,0.0010000077541917562,0.002409724591092931,0.1479349830912219,8.725136587354873
923,-1.9466189573395927,-1.9466186896809992,-1.7214459293293503,-2.685723439702448e-07,1.0,0.0010000251053463457,0.004644323856446822,0.24591631765635508,7.5978630263850375,-1.5841101752387154,-1.5841100507312351,-1.3457579612731934,-1.3369652960035535e-07,0.0010000068125211531,0.002673807574643029,0.19456313889887597,8.245597044626873
924,-1.9438119721862506,-1.9438116910322658,-1.743539367081984,-2.7904532990365657e-07,1.0,0.0010000189770680834,0.005103559248623843,0.24702105910148262,7.73187277452001,-1.5829622030258177,-1.5829620520273844,-1.3323216875394186,-1.4810098542107475e-07,0.0010000106128346588,0.0029449231431095137,0.18125364192658,8.663711780971953
925,-1.9362629044730708,-1.9362626300667816,-1.7185224677031894,-2.7321138471927284e-07,1.0,0.0010000232514872584,0.005383081224588853,0.27247643189610177,7.794063010305728,-1.4934817804230582,-1.4934816466437446,-1.2163276718722449,-1.331998242272271e-07,0.00100000885884381,0.002606378420669999,0.16493393373158244,8.928521739112005
926,-1.9705860592284292,-1.9705857735759806,-1.7690882885231163,-2.8220831223253934e-07,1.0,0.0010000216150832064,0.0044676948554005546,0.20215286574554894,7.052860390465215,-1.571230673789978,-1.5712304923269484,-1.3269209914737277,-1.7550256517198352e-07,0.0010000059898528787,0.0027784927980974315,0.1674908299412992,8.591494517856173
927,-1.9821726983448245,-1.9821724126923759,-1.755539743405468,-2.97109473426387e-07,1.0,0.001000019152789324,0.004364041295254005,0.24614605244319393,7.180470232693654,-1.545420373810662,-1.5454202347331576,-1.2827983723746406,-1.3468994034661188e-07,0.0010000088976489174,0.002641518137210773,0.1717917102078597,8.755685753292505
928,-1.968462566159806,-1.9684622895042851,-1.7155338818172239,-2.8094311930098623e-07,1.0,0.0010000216019041134,0.005575498234357615,0.26242034411374127,8.058449254845673,-1.5386563936869306,-1.5386562506357828,-1.281325387954712,-1.4901161193847656e-07,0.0010000082327880793,0.002377801473873357,0.15450777444574568,8.305493259429932
929,-1.9736236693724147,-1.9736233882184298,-1.7551504890873748,-2.914863937305954e-07,1.0,0.0010000215162400087,0.004270091400270895,0.22055713642599448,7.123113839131482,-1.510674697822995,-1.510674488544464,-1.2554586635695564,-2.0133124457465278e-07,0.0010000109672546388,0.003212742334128254,0.1957748546368546,9.475247044033473
930,-1.967499071697019,-1.967498799539962,-1.736508828289104,-2.7018897938278484e-07,1.0,0.0010000211120811554,0.004389808166174675,0.22985332192115063,7.631834605954728,-1.5291773782836067,-1.5291771544350519,-1.2898688024944729,-2.25752592086792e-07,0.0010000088795398673,0.0026250031931946676,0.16078130735291374,8.577272860209147
931,-1.938043547126482,-1.9380432659724973,-1.6731298779541592,-2.6779917051207346e-07,1.0,0.0010000217161229197,0.005611305063555263,0.27526646128521776,8.513138465161594,-1.4081733193662431,-1.4081730557812584,-1.1114679369661542,-2.6490953233506946e-07,0.0010000063934259944,0.0023161490318468875,0.2094629435489575,8.550193913777669
932,-1.9625848036892009,-1.9625845112890568,-1.7712153511227302,-3.013267831982307e-07,1.0,0.0010000216721926095,0.004790106671862304,0.25571424043122326,7.438158485124696,-1.5391845570670233,-1.5391842815611096,-1.2884629276063708,-2.6474396387736e-07,0.0010000091873937182,0.0024398448773556287,0.18187122063504324,8.182362556457518
933,-1.9588143848023325,-1.958814114894507,-1.7445533545512073,-2.696266714132057e-07,1.0,0.0010000262782856259,0.004451665181649041,0.19828036483728662,7.400679201449988,-1.4576068891419305,-1.457606585820516,-1.1624342362085978,-3.02328003777398e-07,0.0010000079637393355,0.0024233408530967104,0.16445568088028167,8.93219011094835
934,-1.9519253024515115,-1.951925032543686,-1.7365555470844485,-2.5507695270034504e-07,1.0,0.0010000188804214012,0.005196834000635822,0.24154738941282597,7.641542713597135,-1.3951784796184967,-1.395178078280555,-1.060882207751274,-4.040698210398356e-07,0.0010000055992147989,0.0021698664692747925,0.13234306313097477,8.738065740797255
935,-1.9184186121202864,-1.9184183557078522,-1.6918225412098866,-2.581696465330304e-07,1.0,0.0010000201851516118,0.005576296854447925,0.28460401830808174,8.194277718382061,-1.5206551260418364,-1.520654743247562,-1.258622576130761,-3.725290298461914e-07,0.0010000073480316335,0.0025954608883087833,0.1585823205196195,8.432458125220403
936,-1.9929117998986874,-1.99291152774163,-1.7832187931492645,-2.724382112611015e-07,1.0,0.001000019183540541,0.004226356516328623,0.22829604704143866,6.97009316930231,-1.4583101656701831,-1.4583097921477424,-1.1691005488236745,-3.725290298461914e-07,0.0010000096711640556,0.0021952460054308178,0.12924192957580088,8.485148620605468
937,-1.9894233537170123,-1.9894231400399838,-1.803277053922977,-2.1409875941726396e-07,1.0,0.0010000168815922905,0.004103659434718484,0.2278922145377915,6.852580781252879,-1.6003632492489284,-1.60036285188463,-1.3505567404958936,-3.9272838168674043e-07,0.0010000088122776812,0.00238497623294178,0.15207250573568873,8.145426559448243
938,-1.9563527692039058,-1.956352560025341,-1.744666133286818,-2.1037346911880204e-07,1.0,0.0010000216128866909,0.004578838985905332,0.21309530257054096,7.229095153088839,-1.534090100394355,-1.534089696407318,-1.2793613380855984,-4.0688448482089575e-07,0.0010000072523123687,0.0026372534481601583,0.18016220562987859,8.672052436404757
939,-1.9823248386383057,-1.982324701435161,-1.7742382242994488,-1.3432131623322108e-07,1.0,0.0010000164708438908,0.00504541863195317,0.2654321792553056,7.427442154794369,-1.5218240896860757,-1.5218237002690633,-1.2536516825358073,-3.906587759653727e-07,0.0010000086906883452,0.002042584015159971,0.1034699240906371,7.988013331095377
940,-1.9510927740133033,-1.951092616567072,-1.7624602407779333,-1.575165199783613e-07,1.0,0.001000027497351732,0.004768931443082556,0.23497651601737402,7.2689006553505955,-1.4518104116121928,-1.4518101572990418,-1.1671643760469226,-2.4495853318108454e-07,0.0010000088096906742,0.0025386103273679814,0.17711783879333073,8.835503429836699
941,-1.9717109180846304,-1.9717108236168914,-1.7470723930394874,-9.481918137028533e-08,1.0,0.0010000173736117639,0.004303694421530895,0.2151764498777547,7.453917089498268,-1.5323239935768975,-1.5323239154285855,-1.298996208111445,-7.889337009853787e-08,0.0010000115157001548,0.0026620540431597168,0.16505052198966344,8.588369909922282
942,-1.9831926552754529,-1.9831927767339743,-1.766893449819313,1.2026361699374216e-07,1.0,0.0010000243277798564,0.004123007173579678,0.20027831738006394,6.967119873694654,-1.538396672407786,-1.5383966644605,-1.2944829397731357,-4.967053731282552e-09,0.0010000113889368045,0.0025312814965016313,0.16753732276459535,8.146825260586208
943,-1.9632808442385692,-1.9632808262447141,-1.7644346750007485,-9.559235482845666e-09,1.0,0.001000021874272036,0.005162701228159075,0.26439803353739233,7.372060946698459,-1.5058773981200324,-1.5058773318926493,-1.238884714576933,-7.02010260687934e-08,0.0010000096220109198,0.0024040810919056335,0.1672656507127815,8.511113219790987
944,-1.9756291047582086,-1.9756290957612812,-1.7611467275979384,-1.145702488017532e-08,1.0,0.0010000187837747188,0.004875555471956449,0.2298635777859193,7.560431637853946,-1.5542697058783637,-1.5542697177992926,-1.3117129623889923,1.771582497490777e-08,0.0010000094952475694,0.002673950778423912,0.19492579619917605,8.413003900316026
945,-1.9501894060170875,-1.9501895184786815,-1.7520759443067155,1.1225072842723918e-07,1.0,0.0010000256742438618,0.0049333194521132785,0.25371828503063265,7.2935702440873635,-1.5729410635100471,-1.5729411058955722,-1.3266110208299424,3.9736429850260414e-08,0.001000009148588611,0.002489955278320445,0.17437933016982343,8.37224587334527
946,-1.9406984977002413,-1.94069844821714,-1.7584782006605617,-3.922098087814619e-08,1.0,0.0010000238796906932,0.005169948712342752,0.2443767646503336,7.226806082815494,-1.6005578266249763,-1.6005578385459052,-1.3598234534263611,8.112854427761501e-09,0.001000007019481725,0.002329361718147993,0.13862034264538023,8.114819494883218
947,-1.9342178263754215,-1.934217743153842,-1.7134840263510651,-8.59628308494136e-08,1.0,0.0010000193241175334,0.005499139639004221,0.26800886914134026,7.872628445895213,-1.5053156627549065,-1.505315453476376,-1.2587993191348181,-2.1250711547003852e-07,0.001000008056871593,0.0027502469278665054,0.16512698386278418,8.863463539547391
948,-1.9635509634917636,-1.963550866774793,-1.7379020407514751,-1.0128572302044563e-07,1.0,0.0010000203081564803,0.004957840114585914,0.2511100285458115,7.696657531666306,-1.4944160275989111,-1.4944159772660996,-1.23086233470175,-5.281633800930447e-08,0.0010000058941336141,0.002528645863963498,0.14954984212915104,8.67228333155314
949,-1.9910889301659926,-1.9910886737535585,-1.7811483279714044,-2.505784889437118e-07,1.0,0.001000015550503894,0.004605637450333474,0.245160542358205,7.092625303088494,-1.563247252835168,-1.5632468673917983,-1.313926973607805,-3.872646225823296e-07,0.0010000089907811747,0.0024653879459947347,0.15180409136745665,8.28118798997667
950,-1.933636357199471,-1.9336360333100804,-1.7117755750440202,-3.1608736739968356e-07,1.0,0.0010000222323040635,0.004591431457742627,0.19240633060909668,7.593151110523152,-1.5459928777482772,-1.5459925903214349,-1.3264113916291131,-2.897448009914822e-07,0.0010000115958973765,0.002793470025062561,0.17052700461612808,8.63364920086331
951,-1.9545524435223274,-1.954552119632937,-1.7675238038009067,-3.245922754395683e-07,1.0,0.0010000225661744206,0.00438561716846208,0.21811740251504025,7.118213365662773,-1.48654465675354,-1.486544570657942,-1.2887864543331995,-7.458859019809299e-08,0.0010000138621156414,0.002678387286141515,0.137281649476952,8.834480529361299
952,-1.9616907610083527,-1.9616904866020635,-1.75630555287847,-2.867067759891726e-07,1.0,0.0010000223377368079,0.004763099026672964,0.24448108813672695,7.231165508054337,-1.44363154636489,-1.4436314417256249,-1.1642496940162448,-1.0314914915296767e-07,0.0010000098237974776,0.002332550333812833,0.137493775660793,8.700877285003662
953,-1.977721704626983,-1.9777213784883607,-1.7691492382085547,-3.1039399920769456e-07,1.0,0.0010000197063112315,0.004453988141766837,0.24074934447570792,7.296699631888911,-1.5555788861380684,-1.5555785655975343,-1.3015303664737277,-3.2683213551839193e-07,0.0010000101782174575,0.00256860355536143,0.1856544947044717,8.26898849275377
954,-1.9797475000597395,-1.9797472436473054,-1.7489653195974961,-2.6266811028966365e-07,1.0,0.0010000217886079314,0.004385711849262973,0.20360351199249052,7.423349209551541,-1.3458974175983005,-1.3458972367975446,-1.052950724793805,-1.9503964318169487e-07,0.0010000108404912883,0.0023666338270737063,0.12699618343677785,8.726463529798718
955,-1.9564327428925712,-1.9564326596709918,-1.7558795618561078,-8.708744678857192e-08,1.0,0.0010000251053463457,0.004866044904667673,0.24653319325649514,7.3957852417567995,-1.4394852115048304,-1.4394851671324835,-1.1675268726216421,-4.4206778208414715e-08,0.0010000093141570687,0.002451506940027078,0.16354674187799295,8.751195833418105
956,-1.9870832326277248,-1.987083207886174,-1.7542605220146898,-2.9872610883892705e-08,1.0,0.001000019899604596,0.004615607695601319,0.25565140743581755,7.421647773598725,-1.5338880565431383,-1.533887928062015,-1.2950774510701497,-1.1854701571994358e-07,0.001000009898820685,0.0028022622275683615,0.19831263629926577,8.453293217553032
957,-1.9921464717613075,-1.992146370545873,-1.785562148633993,-1.0831457264018509e-07,1.0,0.001000019908390658,0.004561284954554208,0.2197620992039172,6.962565727953641,-1.4493536498811506,-1.4493534008661906,-1.1605365653832753,-2.467797862158881e-07,0.0010000088045166598,0.0029770125350397493,0.17459086287352774,9.300550333658853
958,-1.9763977010295075,-1.9763974581124648,-1.7523001005064767,-2.3019482504646733e-07,1.0,0.0010000237457032473,0.004474405985641873,0.23035961038099145,7.4724077278713015,-1.5328385379579332,-1.5328383180830214,-1.254551993144883,-2.1548734770880804e-07,0.0010000099453868138,0.00230063083064225,0.11643540316985714,8.246887800428603
959,-1.9393738755639993,-1.939373810336275,-1.7810426703039206,-6.65632058989327e-08,1.0,0.0010000244024613836,0.0049568165251809475,0.2645499982502101,6.976992049307193,-1.428491470548842,-1.4284913778305053,-1.1509191205104192,-9.147657288445367e-08,0.0010000090761524108,0.002291772884523703,0.13115081323517694,8.541512298583985
960,-1.9902015767007504,-1.9902015744515185,-1.7658474850204755,-4.287598268041071e-09,1.0,0.001000025384303815,0.004181116153837515,0.22370854571883408,7.342752339704981,-1.4639032853974239,-1.4639032006263732,-1.1766109420193567,-7.83138804965549e-08,0.0010000095521617268,0.0025406624087029035,0.16356357754104667,8.836369694603814
961,-1.9794058394881915,-1.9794058394881915,-1.7718392992919345,-1.1949044353557082e-09,1.0,0.0010000172901441747,0.004415954876128795,0.25964262195915544,6.983532455732238,-1.530078077316284,-1.5300780375798544,-1.2603075034088558,-3.841188218858507e-08,0.0010000070065466894,0.0022101655990506212,0.13594177605377303,8.116346380445693
962,-1.9994280158348803,-1.9994278246501707,-1.7975688970313881,-1.887246122900045e-07,1.0,0.0010000210769369074,0.003885523659915154,0.2100162258688009,7.08131937710744,-1.5301402264171176,-1.5301401098569234,-1.275997437371148,-1.1796752611796062e-07,0.001000009831558499,0.0023430595252042015,0.15795501002834902,8.240109676784938
963,-1.9465579109371833,-1.9465577489924881,-1.727577861749901,-1.6735690944599656e-07,1.0,0.0010000184740660326,0.0053849764528491025,0.31230043162995913,7.801991048848854,-1.4949355483055113,-1.4949355681737264,-1.2382518702083163,1.7053551144070094e-08,0.0010000080103054643,0.0025394392794825965,0.18238532108565172,8.470659001668293
964,-1.98276465119056,-1.982770618402733,-1.7925854853863985,5.973538137831778e-06,1.0,0.0010000187112897071,0.004247517061402213,0.22244232176047452,7.03497643740672,-1.4478672762711846,-1.4478672636879815,-1.1772564007176294,-1.5397866566975913e-08,0.0010000108172082238,0.002499110859611796,0.15699030864569877,8.583738337622748
965,-2.007243367860902,-2.0072433206270324,-1.765157884021975,-5.011569778874235e-08,1.0,0.0010000211516184346,0.0037762013501224092,0.19556008268780303,7.237776068021667,-1.4583023561371697,-1.4583022077878316,-1.1922861198584238,-1.5149513880411783e-07,0.0010000086260131664,0.002266767908198138,0.1379488057974312,8.429115613301596
966,-1.9742674647637133,-1.9742673680467426,-1.795223836628896,-9.685754776000977e-08,1.0,0.0010000190627321881,0.004260376141898615,0.20273770890989393,6.8445697280595885,-1.468742064634959,-1.4687418235672844,-1.2083907193607755,-2.3593505223592123e-07,0.00100000885884381,0.0026176392204231686,0.16535041472978063,8.519564247131347
967,-1.9772556682802596,-1.9772555648155932,-1.7813930061628234,-1.0093428053945865e-07,1.0,0.0010000194471224018,0.0047402260737177335,0.2445070413907744,7.150671230172211,-1.501625023947822,-1.5016249193085565,-1.2277455356385973,-1.0058283805847168e-07,0.0010000092598299185,0.002225201152678993,0.12662225378056366,8.254355939229331
968,-1.9614106551656183,-1.961410571944039,-1.7616020890901674,-8.701715829237453e-08,1.0,0.001000021452541059,0.00448313568947169,0.2237367663040476,7.125527156973785,-1.5275070071220398,-1.5275070971912807,-1.2622398475805918,8.294979731241862e-08,0.0010000074127068123,0.0026960845777971878,0.16357396874162886,8.944392564561634
969,-1.9595319010176748,-1.959531860531501,-1.7475865359576244,-4.4211464108161204e-08,1.0,0.0010000205453801548,0.0053002829136291766,0.2536291118078637,7.444838730794079,-1.5149325370788573,-1.5149323092566596,-1.2534128851360744,-2.331203884548611e-07,0.0010000088950619102,0.0023685822703151237,0.14283734634518624,8.436850855085584
970,-1.9456295337317124,-1.9456294010270316,-1.7516308550564748,-1.2321573383403273e-07,1.0,0.00100001917914751,0.005725236763334218,0.26432234055872234,7.4742301814960985,-1.461805444293552,-1.4618052972687616,-1.2338651763068305,-1.447896162668864e-07,0.0010000070246557395,0.0028047981853079463,0.19364581066701148,8.73211301167806
971,-1.9537805611232542,-1.953780493646298,-1.7530583593080629,-7.000734221260503e-08,1.0,0.0010000251273115008,0.004783318160576219,0.2323774044876391,7.320109565303011,-1.5812941948572794,-1.581294055779775,-1.3278768685128954,-1.467764377593994e-07,0.0010000070220687323,0.0023071746341884135,0.13242273579041164,7.996747981177437
972,-1.984255631014986,-1.9842554780672181,-1.7721312990728415,-1.5800853945174307e-07,1.0,0.0010000205827209185,0.004448396164730613,0.24620158959812713,7.49280447330115,-1.5040425227748022,-1.5040423982673221,-1.2313924226495954,-1.1647740999857584e-07,0.0010000080154794785,0.002197082071668572,0.10605673115286562,8.21353982289632
973,-1.947840521920402,-1.9478403442310837,-1.753682683098991,-1.9027095920634719e-07,1.0,0.0010000204838777208,0.0049052360898129786,0.25491871143568234,7.432837000433004,-1.436150911119249,-1.4361505415704516,-1.15083643661605,-3.6863817109002005e-07,0.0010000106283567017,0.0026871989351800745,0.16716760098934175,9.092520226372612
974,-1.9511748574814707,-1.9511746190628916,-1.7089728049512178,-2.3630992421564066e-07,1.0,0.00100002006873629,0.004896970202197444,0.23976937386224856,7.969171838940315,-1.3680669758054944,-1.3680668387148116,-1.0310591518878938,-1.3916028870476616e-07,0.0010000057518482208,0.0022793770560787783,0.13475035491089027,9.15223938624064
975,-2.000854202036588,-2.0008539478733853,-1.7926876095106017,-2.4924300751596126e-07,1.0,0.0010000182170737182,0.003969840714180807,0.22387291336396956,6.868799920352,-1.4033229324552747,-1.4033227483431499,-1.0971726516882578,-1.8485718303256564e-07,0.0010000095780317983,0.0022011765123655398,0.12021074088083374,8.888911702897813
976,-1.9313562523643926,-1.9313559239765383,-1.7072544007931116,-3.367521852817175e-07,1.0,0.0010000232646663516,0.004812954411016039,0.2420781153552937,7.742414069625567,-1.4684658143255445,-1.4684655083550346,-1.1971475448873308,-3.173947334289551e-07,0.0010000081681129005,0.002865971029839582,0.16784507094158066,9.480896589491103
977,-1.9499569636470866,-1.9499566847423337,-1.7356813246349119,-2.8607417952339604e-07,1.0,0.0010000219467570478,0.005034188999144255,0.23501974801128767,7.49700088321038,-1.3648882865905763,-1.3648880481719972,-1.0398598028553856,-2.447929647233751e-07,0.0010000070712218683,0.002414934789865381,0.1347419181631671,9.223926491207548
978,-1.9491885518128018,-1.94918825041573,-1.7407411314406485,-3.0912880627614145e-07,1.0,0.0010000175075992098,0.005161056505902758,0.267705398699585,7.568571072704387,-1.1955708278550043,-1.1955705884430143,-0.8353256697456042,-2.4222665362887914e-07,0.0010000073169875476,0.002772139840655857,0.1547952574574285,10.258504570855033
979,-1.9544806637853946,-1.9544803353975404,-1.7604320296701395,-3.270523728064771e-07,1.0,0.0010000215997075978,0.004881738957439391,0.2559525720985993,7.330359800806585,-1.436592910024855,-1.4365927166408963,-1.1394873302843835,-1.8849968910217286e-07,0.0010000058449804784,0.0024409625368813676,0.159806656340758,8.853050719367133
980,-1.9562055862174843,-1.956205334303514,-1.7108126721292172,-2.5465522172316063e-07,1.0,0.0010000162643714334,0.0048402966272507635,0.24035851123198024,7.889271862102005,-1.5348602983686659,-1.5348599910736085,-1.2728848384486304,-3.015829457177056e-07,0.001000007474794984,0.002549891993920836,0.1609673201209969,8.665814526875813
981,-2.000591590719403,-2.0005912825746357,-1.7920576333999634,-3.0969111424572064e-07,1.0,0.0010000135341026591,0.004146676648952911,0.21114791947293957,6.940754287647751,-1.2522078740100064,-1.2522075975106821,-0.9274749583254258,-2.726084656185574e-07,0.0010000059613958002,0.002298746356326673,0.12379304865996042,8.812804667154948
982,-1.9549909177816138,-1.9549906006399191,-1.7428956369184099,-3.2009381168293504e-07,1.0,0.0010000139821918223,0.005752054614208217,0.2948452216696064,7.652776754127358,-1.2507329914304948,-1.250732722050614,-0.9115017841259638,-2.6341941621568467e-07,0.0010000068254561888,0.0023095898407821855,0.12838238150709205,9.433682992723252
983,-1.9395367536904677,-1.9395364455457003,-1.722395804693114,-3.069498628940222e-07,1.0,0.001000021617279722,0.005047220312814527,0.27179745500380137,7.84816508023244,-1.573759857813517,-1.573759592903985,-1.3381275441911487,-2.572105990515815e-07,0.0010000102015005217,0.0027114765770319435,0.18762743655178282,8.337395710415311
984,-1.9740565520412516,-1.9740562551426437,-1.772881289698043,-3.0181880267161246e-07,1.0,0.001000019530589991,0.005105997778404996,0.2630281891884669,7.25142971074806,-1.4249883929888407,-1.4249880684746636,-1.119864142437776,-3.293156623840332e-07,0.0010000099014076922,0.0021818660639433395,0.12743603173229429,8.482455158233643
985,-1.9712663146684755,-1.971266287677693,-1.789563979742662,-1.848587449991478e-08,1.0,0.0010000238994593328,0.004453550978071707,0.2487806776222193,6.904960029530075,-1.4397075215975443,-1.4397096435228984,-1.1834730082088047,2.116296026441786e-06,0.0010000091848067112,0.002294783206242654,0.1428397837198443,8.620528316497802
986,-1.9727964671152942,-1.9727966987861778,-1.7991250281064015,2.2084645505221384e-07,1.0,0.0010000251492766558,0.004077713027209887,0.19707031193066318,6.7705585461742475,-1.3549610442585416,-1.3549609568383958,-1.050068595012029,-8.659230338202582e-08,0.001000010240305629,0.002746771056101554,0.19282145500183107,9.482195811801486
987,-1.9573184161816004,-1.9573184004369772,-1.7521320086605143,-1.9610490439073096e-08,1.0,0.0010000256984055323,0.00450724787254519,0.24269192778276946,7.429956472144936,-1.6004349523120456,-1.600434939066569,-1.3777717881732516,-5.298190646701389e-09,0.0010000132903870609,0.002940671521032022,0.20910708523458904,8.380643219417996
988,-1.974585973991538,-1.9745859335053642,-1.7942807966808103,-3.198126576981455e-08,1.0,0.0010000203762484609,0.004760463680316396,0.25795902185282615,6.95424673242389,-1.4622959441608852,-1.4622958011097378,-1.1902795361147986,-1.439617739783393e-07,0.0010000092365468542,0.002246076717144913,0.13826940796441503,8.422253089480929
989,-2.009562663312228,-2.0095625508506343,-1.8292764335308436,-1.0880659211356685e-07,1.0,0.0010000171737288529,0.0036515315318093548,0.2052355152115507,6.343999849175507,-1.5277280900213457,-1.5277279681629605,-1.2648903012275696,-1.2020270029703776e-07,0.0010000080232405,0.0020697205637892086,0.12143616883291139,7.802217197418212
990,-1.9544153663347352,-1.9544153056054745,-1.7585425489353683,-5.566848898833653e-08,1.0,0.0010000253030327411,0.004804991192254677,0.25751814913918386,7.252854068324251,-1.4998776647779677,-1.4998775508668687,-1.2028497828377618,-1.222723060184055e-07,0.0010000084863147803,0.0024086566771277123,0.15388726832138167,8.710837586720784
991,-2.0065449813626848,-2.0065448509072357,-1.7979163156365447,-1.485195924650948e-07,1.0,0.001000020620061682,0.0039614927933006635,0.19692959137401492,6.825521604070124,-1.3958598666720918,-1.3958596024248335,-1.084523140390714,-2.717806233300103e-07,0.0010000086389482022,0.0021500998590555454,0.12568845964140363,8.660891914367676
992,-1.952179157508994,-1.9521788493642267,-1.7678152345261484,-2.9879639733512446e-07,1.0,0.0010000182214667493,0.0052363052700628646,0.25307980446882966,7.289313793182373,-1.504717885123359,-1.504717587100135,-1.2360569987032148,-2.947946389516195e-07,0.001000009386593269,0.0024358326129408346,0.16186449022756683,8.50045150121053
993,-1.9184611765843518,-1.9184609111749902,-1.6947776630239666,-2.6407388021361155e-07,1.0,0.0010000221356573813,0.005255592165444538,0.2548789974512919,7.785248666439417,-1.6466608895195856,-1.6466604789098105,-1.4231138984362284,-4.0067566765679254e-07,0.0010000108042731882,0.003300576835560302,0.1758380473487907,8.586920303768583
994,-1.9332745322641336,-1.933274210623975,-1.7315386511244863,-3.245922754395683e-07,1.0,0.0010000188474736686,0.004883231103139103,0.23483275551840943,7.314513044537239,-1.4787187311384415,-1.4787184198697407,-1.2219166848394605,-3.090335263146294e-07,0.0010000083155723082,0.0023809364220748344,0.1546424844198757,8.459767956203885
995,-1.985049456920264,-1.985049106040091,-1.7972003468927347,-3.5411344384247404e-07,1.0,0.001000016866216682,0.004274533220285655,0.23746081371352357,6.876627341756281,-1.5975580930709838,-1.5975577248467339,-1.3501617670059205,-3.741847144232856e-07,0.0010000110189947817,0.0024469078621930547,0.1327819445480903,8.1108400132921
996,-1.967946416926834,-1.9679461065328345,-1.7345376554525123,-3.2135900461448815e-07,1.0,0.0010000211779766207,0.004656479013029416,0.22238097136031906,7.324486489565867,-1.5361928754382663,-1.5361925654941135,-1.276352310180664,-3.183881441752116e-07,0.0010000078576720424,0.0025091880104608005,0.16696104755004246,8.512224218580458
997,-1.9995983209250108,-1.9995980330233305,-1.7731250457043917,-2.97109473426387e-07,1.0,0.0010000199611070303,0.003990227459789306,0.21580554242685157,7.213784910597891,-1.5517199357350668,-1.5517196575800578,-1.293632725212309,-2.8701292143927683e-07,0.001000013360236254,0.0022981554036960007,0.13703135785957177,8.228697850969102
998,-1.9836646993205231,-1.9836643956742197,-1.7861263864445236,-3.0526293898528475e-07,1.0,0.0010000177843601636,0.0043195043251199544,0.23366166134628485,7.023469951917541,-1.5276032739215426,-1.5276030129856533,-1.254127961397171,-2.590318520863851e-07,0.0010000084112915728,0.002416597834477822,0.14509515058663155,8.525307867262097
999,-1.965397465903804,-1.9653971420144134,-1.7652114899653308,-3.2367852498900217e-07,1.0,0.0010000200994875071,0.004839253506429915,0.26690449818687617,7.298997618117422,-1.43756990565194,-1.437569612926907,-1.1587705042627123,-2.8403268920050725e-07,0.0010000088019296526,0.0027477079924816887,0.16319644939568306,8.97029071384006
1000,-1.9799706958374887,-1.9799704641666052,-1.7760535253668732,-2.2513405332025492e-07,1.0,0.001000020354283306,0.004848747542742992,0.24672477966490783,7.185447998766629,-1.5352362261878119,-1.5352359082963731,-1.2963129255506727,-3.1896763377719454e-07,0.0010000130420343744,0.0023785618107972873,0.14305050609012446,8.42065749698215
1001,-1.9750086698891982,-1.9750084562121697,-1.7740842553804506,-2.2091674354841126e-07,1.0,0.0010000227968085488,0.004670354509111142,0.24192067221650537,7.2977909681931985,-1.5034637570381166,-1.5034633835156759,-1.2369748923513624,-3.7658545706007216e-07,0.001000009334853126,0.0022065460992356143,0.1441584438085556,8.134137471516928
1002,-2.00344522269267,-2.0034451552157133,-1.7919667959213257,-6.832041830386755e-08,1.0,0.0010000170551170155,0.004080569626376877,0.19601574779119132,6.729759369256361,-1.540841801961263,-1.5408417065938314,-1.2950337847073874,-1.0149346457587348e-07,0.0010000069625675679,0.0023415143808556927,0.15105246069530645,8.343428293863933
1003,-1.9703110433974356,-1.9703112503267683,-1.7619291543960571,2.1986241610545032e-07,1.0,0.0010000191901300877,0.0044526591400598295,0.21338997197882184,7.295384820902123,-1.5458460940255059,-1.5458461787965563,-1.2892759932412041,8.228752348158095e-08,0.0010000110966049962,0.002451753228281935,0.12826779745519162,8.705419296688506
1004,-1.9938518551160704,-1.9938520125623018,-1.7829064805552644,1.6637287049923302e-07,1.0,0.0010000196316297043,0.0041872088419589795,0.24716441473870907,7.160761959147903,-1.6218601001633537,-1.6218599941995409,-1.4043716417418586,-9.594692124260797e-08,0.001000013173971739,0.002414126295803322,0.12156472959452205,8.020488834381105
1005,-1.9795110180692852,-1.9795109798323434,-1.779864378695218,-3.373847817474941e-08,1.0,0.001000025896091928,0.0044001922832872225,0.22117808896977947,7.078866670716484,-1.5756493197547066,-1.57564910252889,-1.3406155228614807,-2.1904706954956054e-07,0.0010000104990063442,0.002439330344916218,0.15009214969144927,8.31603012084961
1006,-1.9598067886424515,-1.9598067009224083,-1.766016755463942,-7.914484671826632e-08,1.0,0.0010000213910386247,0.004523825585701555,0.20877458703405452,6.9316291179297105,-1.5229168693224588,-1.522916837533315,-1.2565225415759615,-4.743536313374837e-08,0.0010000063132287727,0.0023431209304059547,0.13426004801359442,8.546405696868895
1007,-2.004328412829705,-2.0043285590297772,-1.7805996503470078,1.2876852503362692e-07,1.0,0.0010000181423921912,0.0039765258794123275,0.2043537855640335,7.021081744499926,-1.60891027185652,-1.6089102811283535,-1.3722020228703817,3.890858756171333e-09,0.0010000077593657706,0.0022571461223479775,0.13880067521499262,7.990044381883409
1008,-2.019005134420575,-2.0190050129620536,-1.8185354358745072,-1.1414851782456883e-07,1.0,0.0010000177975392566,0.004194148787613606,0.22687328993430678,6.853684353378584,-1.4903203474150764,-1.4903202560212878,-1.2101576858096652,-8.228752348158095e-08,0.0010000067400849529,0.002159826925748752,0.12105169412162568,8.358744864993625
1009,-1.9454777263245493,-1.945477600367564,-1.7269494915908237,-1.2933083300320608e-07,1.0,0.0010000184367252689,0.00508877727475439,0.24971533355847844,7.531164241286944,-1.6080030573738946,-1.6080031050576105,-1.374214892917209,4.652473661634657e-08,0.0010000074825560054,0.0027923260711961322,0.14202425844139524,8.458378548092313
1010,-1.9864952069408488,-1.9864950337499943,-1.7933358066486862,-1.5990632884907274e-07,1.0,0.0010000212548546634,0.004560204789499348,0.24910940145546534,6.9050416091703015,-1.5640371269649929,-1.564036813047197,-1.31241508324941,-3.1068921089172365e-07,0.0010000090761524108,0.0022912950849988396,0.1335988591528601,7.961158476935493
1011,-1.8717915404517695,-1.8717934230588518,-1.6195256215221476,1.8821150626776354e-06,1.0,0.0010000369950847806,0.006124702251498711,0.27501558856862895,8.521925746269947,-1.6177661418914793,-1.6177661233478122,-1.3746682630644904,-1.4073318905300564e-08,0.0010000094693774979,0.002666549544988407,0.14676486899455388,8.604619704352483
1012,-1.9765481881375582,-1.9765486402331658,-1.7855252072496235,4.5272820400741863e-07,1.0,0.0010000228407388589,0.004194010516962493,0.2129143905246033,7.122381601693495,-1.5923133002387153,-1.5923132869932386,-1.3529401739438376,-8.36120711432563e-09,0.001000009697034127,0.0023012773314904835,0.12436278296841516,8.109545962015789
1013,-1.9938564750383485,-1.9938564705398847,-1.766199476314041,6.325964657765514e-10,1.0,0.0010000215382051636,0.004068385570239768,0.23453889815312512,7.235302448272705,-1.2753492650058535,-1.2753492775890563,-0.9153744427383774,1.5977356168958875e-08,0.0010000079585653213,0.0029899739608582523,0.1540860656234953,10.840480475955538
1014,-1.968987078036902,-1.9689870555445832,-1.7783505264318213,-1.3635968262294554e-08,1.0,0.0010000205497731859,0.005098750792830339,0.2537919018628462,7.388168213502416,-1.4430855989456175,-1.4430855724546645,-1.155719503429201,-2.3345152537027995e-08,0.001000007291117476,0.0024074515534771813,0.1547702463136779,8.984971904754639
1015,-1.9934037608920403,-1.9934037136581708,-1.7665182824404735,-4.730415794084657e-08,1.0,0.0010000195525551462,0.004070695781781567,0.21183912793420395,7.430967699806645,-1.4800259908040365,-1.4800261192851596,-1.1976143565442827,1.2790163358052572e-07,0.0010000085768600306,0.0023896726883120005,0.12838779352605342,8.88187002605862
1016,-1.9548141191590507,-1.9548140336882394,-1.7030834881764538,-7.633330687037054e-08,1.0,0.00100001957012727,0.004672643438614202,0.2268448789727013,7.705986976623535,-1.52903102238973,-1.5290310978889465,-1.2622432827949523,6.589624616834853e-08,0.001000005909655657,0.002594579903719326,0.15847670965724522,8.64182316462199
1017,-1.9915514262217395,-1.991551327255537,-1.7597825077344786,-1.0395668587594662e-07,1.0,0.0010000175932633145,0.004181151379356688,0.2084331106183664,7.275951120088685,-1.5725300351778666,-1.5725301994217766,-1.351094995604621,1.6515453656514487e-07,0.0010000088174516957,0.0026367331363467707,0.15822585614191162,8.317960929870605
1018,-1.9506135706631642,-1.9506134492046427,-1.7539879825879943,-1.2300486834544056e-07,1.0,0.0010000226628211028,0.004812747316944571,0.23633543219206468,7.2707061227762475,-1.5087482968966166,-1.5087480611271329,-1.2559151609738668,-2.2997458775838216e-07,0.0010000120926027497,0.002770086605515745,0.1686817802488804,8.918802049424915
1019,-1.9789026278369832,-1.9789024861353748,-1.7509628264409192,-1.483790154727e-07,1.0,0.0010000180589246018,0.0042832844433778865,0.21959031942599225,7.284157429101332,-1.567174181673262,-1.5671739949120416,-1.3272534085644616,-1.8303592999776204e-07,0.0010000101264773143,0.002556320727388892,0.13895957900418177,8.556835905710857
1020,-1.9498772216293048,-1.9498769899584212,-1.7508303084463444,-2.2899992061111161e-07,1.0,0.001000022733109599,0.0049502982775557714,0.23876669430086073,7.273849640252455,-1.4362178087234498,-1.4362174113591513,-1.1364868895875082,-3.9695037735833063e-07,0.0010000089985421961,0.002367511774516768,0.11672152173187998,8.72222933239407
1021,-1.9995934963226318,-1.9995932331625021,-1.8051053398060348,-2.765149440405504e-07,1.0,0.0010000174065594965,0.003971649195454171,0.20149134949974293,6.856168490535808,-1.5323875837855865,-1.5323872327804566,-1.27817605137825,-3.4504466586642794e-07,0.0010000081888089578,0.00235881928820163,0.14866253071361119,8.32319999270969
1022,-1.9989338865819968,-1.9989335694403019,-1.8101439633459415,-3.1742284882743403e-07,1.0,0.001000020046771135,0.004261697282276626,0.22941430637015486,6.784875842760194,-1.2816045078966352,-1.2816043469640943,-0.9592790098291718,-1.655684577094184e-07,0.001000007492904034,0.0021987904251242678,0.12929762477676074,9.108040618896485
1023,-1.969288169213061,-1.9692878835606125,-1.7452179013558153,-2.892371618522788e-07,1.0,0.00100002892069378,0.0041021428791419515,0.20371690346806678,7.559876486940204,-1.591427053345574,-1.5914266586303711,-1.4275726993878683,-3.963708877563477e-07,0.0010000076067323486,0.002732003888943129,0.14651009605990517,8.258808644612632
1024,-1.9680168606200308,-1.9680165727183503,-1.7525579614459343,-2.7799100246069566e-07,1.0,0.0010000215338121325,0.004584533805994071,0.25754222878307664,7.615998097185819,-1.467817216449314,-1.4678169422679477,-1.1911819199721019,-2.7641654014587403e-07,0.0010000119761874279,0.0026206832353232634,0.1562911001344522,9.057646497090657
1025,-1.9734233707751867,-1.9734230941196658,-1.7537960353887305,-2.9204870170017456e-07,1.0,0.0010000196426122817,0.004619124086292566,0.24303365041905978,7.16995942817544,-1.50013145075904,-1.500131090482076,-1.2281147102514902,-3.6391947004530163e-07,0.001000010734423995,0.0025986599270254374,0.15622715921037728,8.53780746459961
1026,-1.96593170121031,-1.965931440299412,-1.7544809130002867,-2.7707725201012954e-07,1.0,0.001000023045014801,0.004720724815994782,0.24492380339300857,7.406895790459974,-1.4752639492352801,-1.475263649887509,-1.1997195495499504,-2.984371450212267e-07,0.0010000084294006228,0.002276095838492943,0.14193074479699136,8.608650175730387
1027,-2.0062720640650333,-2.0062717311787157,-1.8316409093029093,-3.2381910198139696e-07,1.0,0.0010000185729092303,0.0038486656113439857,0.19572755434321906,6.498548413222691,-1.3937157922320897,-1.3937154822879367,-1.082477957672543,-3.1408336427476673e-07,0.0010000067995861173,0.0021755177217225234,0.11854324725766976,8.761886119842528
1028,-1.963045117990026,-1.963044818842186,-1.7516567392169304,-2.9436822207468863e-07,1.0,0.001000017421935105,0.004849626181893192,0.2698442942972453,7.340012109504555,-1.528758231798808,-1.5287579986784192,-1.291226155228085,-2.366801102956136e-07,0.0010000127574635877,0.0027268033190112973,0.16872538891103533,8.489828046162922
1029,-1.9490345941399627,-1.9490343152352099,-1.757823332300726,-2.8431696711846116e-07,1.0,0.0010000220697619162,0.005745259724241102,0.26195654954831554,7.383108597881389,-1.47606969277064,-1.4760694728957282,-1.1955217195881738,-2.195437749226888e-07,0.0010000091796326968,0.0023839274421334268,0.14486927191416424,8.666795455084905
1030,-1.955922691327221,-1.9559224281670913,-1.7532543483770118,-2.735628272002598e-07,1.0,0.0010000252019930279,0.004685935351277157,0.22589456550074075,7.153327145666446,-1.4916061772240532,-1.491606060663859,-1.2077812883589003,-1.0786785019768609e-07,0.0010000094667904906,0.0021680113445553513,0.12119270865288045,8.278950606452094
1031,-1.9903213303044158,-1.990321028907344,-1.7986171358036545,-2.9682831944159743e-07,1.0,0.0010000215931180512,0.004326381630545377,0.23384974802018338,7.0121791812608825,-1.419837392701043,-1.4198372761408489,-1.106145601802402,-9.164214134216309e-08,0.0010000064451661376,0.002032289620385402,0.1130465294751856,8.432413472069635
1032,-2.012921452522278,-2.012921189362148,-1.802238531832425,-2.7047013336757447e-07,1.0,0.0010000194427293707,0.0038518480877479853,0.2043700061457337,6.759227338826881,-1.5274075335926478,-1.527407467365265,-1.2790392994880677,-6.929039955139161e-08,0.0010000069625675679,0.002454076358117163,0.1372191488328907,8.248641808827717
1033,-1.9683608986296743,-1.9683606399680085,-1.7535707838130448,-2.5732618457866164e-07,1.0,0.0010000211252602486,0.004880543121681461,0.2533829535867246,7.276913458446287,-1.6100079615910847,-1.6100078344345092,-1.3926352037323846,-1.1689133114284939e-07,0.0010000102972197863,0.0023147341251994174,0.1363351996988058,7.816596455044216
1034,-1.9454825644223195,-1.9454823237545085,-1.7606147887571804,-2.4270617736960355e-07,1.0,0.0010000244463916938,0.005031133670236845,0.26237800900103914,7.319636767765261,-1.4779379831420048,-1.4779379222128126,-1.1869397534264459,-5.8776802486843536e-08,0.0010000069134144319,0.002099556036086546,0.10318644119219647,8.609375540415446
1035,-1.9693985007843882,-1.9693982488704178,-1.7670400367592864,-2.564124341280955e-07,1.0,0.0010000164862194994,0.005035212111905358,0.2809350014014064,7.409533266751271,-1.41286869181527,-1.4128686282369824,-1.093484002351761,-6.771749920315212e-08,0.0010000097410132489,0.0021787595107323593,0.10712277359432644,8.71786772410075
1036,-1.9600959948773653,-1.9600957272187718,-1.7581505528036154,-2.7047013336757447e-07,1.0,0.0010000226166942772,0.004722551851234627,0.2444675160607077,7.114607712007919,-1.3682364198896622,-1.3682363828023274,-1.052393314242363,-5.140900611877442e-08,0.0010000129463151098,0.002429455901599593,0.1254640488160981,9.39475580851237
1037,-1.9762502346398696,-1.9762499872243628,-1.7744141299769562,-2.509299314246987e-07,1.0,0.0010000253821072994,0.004408290978731974,0.21384223290490653,6.985064281607574,-1.527618455886841,-1.5276183525721232,-1.2802541772524516,-8.179081810845269e-08,0.0010000079559783141,0.0022486377300487623,0.11967222744392024,8.066150803036159
1038,-1.9998320903418199,-1.9998318361786176,-1.812872756202266,-2.434090623315775e-07,1.0,0.0010000174636688997,0.004325026237704563,0.2637168150746597,6.736641856859315,-1.483494899008009,-1.4834948539733888,-1.2041188663906521,-4.809763696458605e-08,0.0010000082017439934,0.0021574601970819965,0.11112301552461254,8.372070852915446
1039,-1.9954973234320588,-1.9954971075057983,-1.7625646006386235,-2.006736566435616e-07,1.0,0.0010000149201039436,0.004396418065605861,0.2268100475786992,7.241134845985557,-1.4939147882991366,-1.49391477505366,-1.2262179070048862,-3.4852160347832576e-08,0.0010000081706999077,0.0021187303794754876,0.12074201674097114,8.266374927096896
1040,-2.0076569251294405,-2.0076567024554848,-1.8216776870331675,-2.0826481423288023e-07,1.0,0.0010000171583532443,0.003689834085855422,0.19767600621254938,6.554693752864622,-1.531749780972799,-1.5317497465345595,-1.2725305014186434,-4.520018895467122e-08,0.0010000090244122678,0.002013753698621359,0.0916283145132992,8.024461852179632
1041,-2.0005254767975718,-2.0005252631205432,-1.804265557595019,-2.1437991340205355e-07,1.0,0.0010000173077162988,0.003942576814706455,0.2000453187117599,6.628187175066966,-1.580786977873908,-1.5807868758837382,-1.3470093157556322,-8.609559800889757e-08,0.001000007306639519,0.002057197731402185,0.09848364649547471,7.829983901977539
1042,-2.008790760670068,-2.0087905357468805,-1.8258880804169852,-2.2499347632786013e-07,1.0,0.0010000194493189174,0.00503226973002179,0.2725201280752443,6.72695779800415,-1.4589980363845825,-1.4589980178409152,-1.1671045945750342,-4.155768288506402e-08,0.0010000084242266086,0.0021172848866424627,0.10825578835275439,8.47812302907308
1043,-2.0147932542944855,-2.0147930473651527,-1.8111231866872535,-2.0728077528611668e-07,1.0,0.0010000205102359068,0.004404600762393115,0.24575817100000832,6.931927869904716,-1.482599335246616,-1.4825992875629002,-1.2171265562375386,-5.455480681525336e-08,0.0010000099867789282,0.0024370527412328454,0.15948685771889157,8.10354896121555
1044,-1.9644338499824956,-1.9644336250593077,-1.7619184278092295,-2.252043418164523e-07,1.0,0.001000022911027355,0.00459421649223791,0.25248480022375314,7.351249874762769,-1.5399894131554497,-1.5399893601735433,-1.2750863808724615,-5.587935447692871e-08,0.0010000105740295517,0.002540520242311888,0.17140147106515036,8.599997605217828
1045,-1.9696738787417143,-1.9696736718123813,-1.762809377796245,-2.1395818242486917e-07,1.0,0.0010000253865003305,0.004622979089617729,0.22243215249113316,7.147116472136299,-1.519256561332279,-1.5192564924558003,-1.2471572160720825,-7.392631636725532e-08,0.0010000066159086096,0.0023180213084237444,0.13709162635107836,8.422284274631076
1046,-1.9460785951254502,-1.9460783634545669,-1.7557185573397942,-2.2597751527462365e-07,1.0,0.0010000231702161847,0.006359450960584547,0.33301159082296883,7.975030899047852,-1.5696268479029338,-1.569626726044549,-1.3328639573521084,-1.1887815263536241e-07,0.0010000093063960473,0.002589207973020772,0.16570165869262482,8.421562989552815
1047,-1.9538673162460327,-1.9538670643320624,-1.747730698225633,-2.5085964292850135e-07,1.0,0.0010000159854139641,0.005162176961641548,0.27221496403217316,7.475781800611964,-1.5243898709615074,-1.5243897292349073,-1.2706079893642002,-1.3013680775960285e-07,0.001000010341198908,0.003002246790048149,0.18617203955849013,8.92935087415907
1048,-1.992614651626011,-1.9926143974628088,-1.7996811304452285,-2.533900287916076e-07,1.0,0.0010000190341774866,0.00438161524460774,0.23805567172338377,7.062301118418856,-1.5143379211425783,-1.5143377992841933,-1.2414289395014444,-1.215272479587131e-07,0.0010000092106767827,0.0021518774459966354,0.1233828150977691,8.029834874471026
1049,-1.9468395282637398,-1.9468393640698127,-1.7756136026022569,-1.7213652718741939e-07,1.0,0.0010000234337980455,0.005021034100725544,0.27800970875991965,7.054050328596583,-1.5119506941901313,-1.511950691541036,-1.2435084621111552,-8.443991343180338e-09,0.001000014860700402,0.0022596059677501517,0.11611967128184107,8.357431761423747
1050,-1.9591414276159034,-1.9591438320447814,-1.7864274821191464,2.408224456715134e-06,1.0,0.00100002521077909,0.00457738945260644,0.27464464391177557,6.892868491838563,-1.5321527865197926,-1.5321526686350504,-1.2779369129074944,-1.1316604084438747e-07,0.0010000127522895733,0.0024482853219120037,0.19347477269669375,8.31688485675388
1051,-1.955390729994144,-1.9553908199634191,-1.7330424043367494,8.743888926955889e-08,1.0,0.001000020406999678,0.004561706235245714,0.22179644681372732,7.393194054657558,-1.6273332264688283,-1.6273332940207588,-1.412179179986318,6.225374009874132e-08,0.0010000083000502652,0.003119192412123084,0.24935007244348525,8.355050129360624
1052,-1.9835955579325837,-1.9835954949540913,-1.8044205229237396,-6.25567616156812e-08,1.0,0.0010000178546486597,0.0045829474231895975,0.26122365378827417,6.911628966061574,-1.5535502221849233,-1.553549924161699,-1.2871680484877692,-2.9661589198642306e-07,0.001000008173286915,0.002522323430619306,0.17145398834513292,8.400519720713298
1053,-2.0094301948007547,-2.009430023859132,-1.8261514947099506,-1.6510767756767994e-07,1.0,0.0010000241059317904,0.004613971282763161,0.25577301194645324,6.649253845214844,-1.4208501855532327,-1.4208499550819398,-1.1040462681816683,-2.2641486591762967e-07,0.001000009557335741,0.002319859736599028,0.1559492566105392,8.739544084337021
1054,-2.0025072390178464,-2.002506989353108,-1.7895945490531202,-2.414409844380505e-07,1.0,0.0010000153857652309,0.00390591199580088,0.22620121256079315,7.201408390728933,-1.5211210476027592,-1.521120674080319,-1.2593617876370748,-3.7468141979641386e-07,0.001000009678925077,0.0024728438816964625,0.1819162570974893,8.337564129299588
1055,-1.9819572601678237,-1.9819570060046214,-1.7530217822992578,-2.6386301472501934e-07,1.0,0.0010000165125776856,0.004543799533561434,0.26836457609568004,7.089854136952814,-1.618762967321608,-1.6187627765867445,-1.382298567559984,-1.8245644039577907e-07,0.001000008225027058,0.0022571573654810587,0.1301033091213968,7.95255322986179
1056,-1.9237342915445004,-1.9237341183536458,-1.7309359154611264,-1.8464787951055563e-07,1.0,0.0010000238555290227,0.005422005548475767,0.2922044419595655,7.731228572017741,-1.6152899265289307,-1.615290027194553,-1.4521037459373474,9.669197930230035e-08,0.001000013787092434,0.0025478778381107584,0.1446118442962567,7.997596867879232
1057,-1.9827907962619133,-1.9827937022695001,-1.8124029816321607,2.913809609862993e-06,1.0,0.0010000223201646838,0.004550652503791564,0.24911585091701094,6.899669575241377,-1.5576155702273051,-1.5576171689563327,-1.2996559547053443,1.6039444340599907e-06,0.0010000097436002559,0.002359252055693004,0.15485534978409607,8.297946008046468
1058,-2.0174649414026513,-2.0174649706426657,-1.8154831382463563,3.0153764868682286e-08,1.0,0.001000017768984555,0.0038538735122683474,0.20984862273875274,6.813980831290191,-1.533359824286567,-1.533359702428182,-1.256512529320187,-1.0844733979966905e-07,0.0010000107395980093,0.002145220980876022,0.12291082102391455,8.141464731428359
1059,-2.004989725238872,-2.004989610528046,-1.804289644619204,-1.1499197977893758e-07,1.0,0.0010000185794987767,0.004151075307437974,0.2216227819334786,6.772331426728447,-1.5350733386145698,-1.535073118739658,-1.255414076646169,-2.1093421512179904e-07,0.0010000079352822568,0.0021671492684011656,0.14442480446563827,8.130417717827692
1060,-1.973775769179722,-1.973775564499621,-1.7794611206594504,-1.9997077168158764e-07,1.0,0.0010000174988131479,0.005207115911685352,0.3149694755743697,7.314392296773083,-1.54182665348053,-1.541826343536377,-1.28552295366923,-3.096130159166124e-07,0.0010000063442728586,0.0023119190449102057,0.17387645079029931,8.116294871436226
1061,-1.9877461779792354,-1.9877459170683376,-1.8256415466092668,-2.6224637931247925e-07,1.0,0.0010000233327583322,0.003977821546800013,0.2105416923339637,6.542868533224429,-1.443475525909,-1.4434752066930134,-1.1535682824750741,-3.137522273593479e-07,0.0010000118468370702,0.0021013636814637316,0.12870385381910537,8.148353746202256
1062,-1.9905593215294604,-1.9905590403754756,-1.774862507604203,-2.7960763787323576e-07,1.0,0.0010000227023583819,0.004530757470144275,0.2333264470381557,7.002133801298322,-1.5744378407796225,-1.574437427520752,-1.3310668150583902,-4.111064804924859e-07,0.0010000072704214188,0.0022205279933081735,0.15215747021138668,7.945593410068087
1063,-1.9825794291946124,-1.9825791975237288,-1.7655661578448314,-2.3406069233732403e-07,1.0,0.0010000201785620654,0.004518713986606531,0.24753500060793363,7.280970834336191,-1.4980399807294207,-1.4980395661460029,-1.2216093573305342,-4.155768288506402e-07,0.0010000102299576004,0.0024292914998821085,0.1266333600713147,8.488968319363064
1064,-1.9773194857363432,-1.9773192068315901,-1.776739478111267,-2.824894662173289e-07,1.0,0.0010000252547094001,0.004612829011232364,0.23607685388821475,6.932591816164413,-1.473488791783651,-1.4734884831640456,-1.1812380903297,-2.995961242251926e-07,0.0010000126876143945,0.0021221241887865797,0.11425881716940138,8.423547564612495
1065,-2.0056294630158624,-2.005629148123399,-1.8011418805932098,-3.3295660648705825e-07,1.0,0.0010000247495108336,0.0038615423078947474,0.2033666985917766,6.910358554912063,-1.4504637267854477,-1.450463318824768,-1.1547819748520851,-4.1640467113918726e-07,0.0010000060183099574,0.002171573368832469,0.13358394967185128,8.648934671613906
1066,-1.9869274935632382,-1.9869271471815289,-1.7680073009347015,-3.527779624147235e-07,1.0,0.0010000193922095142,0.004093777067643011,0.20480848117819372,7.0482488398282035,-1.4690242105060152,-1.4690240595075819,-1.1700235499276055,-1.600219143761529e-07,0.0010000076351894273,0.002252002699404127,0.12032331000599596,8.598814953698053
1067,-1.9837850467214044,-1.9837847160843183,-1.764205903377173,-3.28809585211412e-07,1.0,0.0010000192120952426,0.004648611314137871,0.24259592051494797,7.343543826409106,-1.4757843070560033,-1.475783932209015,-1.1875562413285177,-3.8072466850280763e-07,0.0010000046704792315,0.0024312656683226426,0.18154833482371435,8.646465026007757
1068,-1.9849208818291717,-1.9849205871797957,-1.7967911418878808,-2.916972592191876e-07,1.0,0.0010000155878446574,0.004520148636316354,0.28538298304632026,6.948489746957455,-1.5549508783552382,-1.5549505021837022,-1.3081552214092678,-3.78903415468004e-07,0.0010000069755026035,0.002157660542676846,0.1347315177321434,8.219186094072128
1069,-1.980470041059098,-1.9804697081727802,-1.7885512518432904,-3.3274574099846604e-07,1.0,0.0010000205343975773,0.004591145119981242,0.22425312246635276,7.024291317417936,-1.598337976137797,-1.5983377191755506,-1.3583656271298727,-2.5894906785753036e-07,0.001000010325676865,0.0021030258335587053,0.12216708345545663,7.798510572645401
1070,-2.0202778105465873,-2.020277482158733,-1.834205593702928,-3.2149958160688294e-07,1.0,0.0010000134484385544,0.004595782642938056,0.25897292543272926,6.73117957025204,-1.3591324435340035,-1.3591322554482355,-1.0377007285546926,-1.8692678875393337e-07,0.0010000052991219694,0.0022982805010138287,0.14735645030935604,9.066058339012992
1071,-1.9810445848500953,-1.9810442452160817,-1.7859650175526458,-3.330268949832556e-07,1.0,0.0010000198798359565,0.004486431110703017,0.21652472258176444,7.075702433316213,-1.3974797288576764,-1.3974794467290244,-1.0862941438953082,-2.8552280531989204e-07,0.0010000072497253617,0.0021277789311069583,0.12219493024879031,8.47549090915256
1072,-1.998352460141452,-1.9983521295043658,-1.7781061406405467,-3.359790118235462e-07,1.0,0.0010000181577677996,0.004280819056801639,0.23480140024198676,7.018469018756218,-1.3417550365130106,-1.3417548365063137,-1.015388905422555,-1.9826822810702853e-07,0.0010000088433217672,0.0021283448596174518,0.1358429976635509,8.744705878363716
1073,-1.9803768058992781,-1.9803765045022064,-1.7910016707654268,-3.080041903369832e-07,1.0,0.001000021149421919,0.004349700770481437,0.22889470695605818,6.8806806510349485,-1.2649766756428613,-1.2649765776263342,-0.9194344692760044,-7.972121238708496e-08,0.0010000044712796807,0.002274955426239305,0.14906042089892757,9.216432846917046
1074,-1.976552517908924,-1.976552205265693,-1.7474865463544738,-3.167902523616575e-07,1.0,0.0010000197524380572,0.004987217314576484,0.24466529896236816,7.261509949306272,-1.4232744163937037,-1.4232742230097453,-1.0981241253515084,-1.890791787041558e-07,0.0010000058553285068,0.002383691866675185,0.14037139866915013,8.87041988372803
1075,-1.9649963086506106,-1.9649960117520027,-1.760559136012815,-2.973203389149792e-07,1.0,0.0010000198402986774,0.004374101808523091,0.21552564990970324,7.119086832370398,-1.4666724483172098,-1.466672252284156,-1.1808366967572106,-1.915627055697971e-07,0.0010000074308158624,0.0022564256667262977,0.14136246591806412,8.607349713643393
1076,-1.9668170146222383,-1.966816726720558,-1.7472634652875505,-2.937356256089121e-07,1.0,0.0010000216458344235,0.0051211614649356255,0.2479534627834581,7.482559748415677,-1.5460109432538351,-1.54601075914171,-1.2876731859313117,-1.791450712415907e-07,0.0010000093607231975,0.0024093240706457033,0.14396712705492973,8.904104635450574
1077,-1.9846658751649677,-1.984665573767896,-1.8060550914620452,-3.0266226462598116e-07,1.0,0.0010000191747544791,0.004746701930790156,0.25659620533433725,6.84412778998321,-1.543218547768063,-1.5432182470957438,-1.2900353411833445,-3.02328003777398e-07,0.0010000086648182737,0.002299051085073087,0.13532205447554588,8.288059700859918
1078,-1.9869327522673697,-1.9869324598672256,-1.7836341115663636,-2.8972918132566054e-07,1.0,0.0010000224387765211,0.004946044404586812,0.24645008642296745,7.056068303450099,-1.5360162099202472,-1.5360159966680738,-1.2915860288672978,-2.0571880870395236e-07,0.0010000125116979082,0.00284749838627047,0.18129180454545551,8.860494391123455
1079,-1.9539896114817206,-1.9539893415738951,-1.751986708281175,-2.7250849975729886e-07,1.0,0.0010000222718413428,0.00480640140792601,0.271616713688621,7.588441048028334,-1.4166814274258084,-1.4166811929808723,-1.1290089984734852,-2.3403101497226291e-07,0.0010000090735654036,0.002342974254861474,0.1331318776640627,8.944404623243544
1080,-1.9796532100101687,-1.9796529176100246,-1.766842005387792,-2.8769081493593614e-07,1.0,0.0010000193944060295,0.0043348151210800935,0.20612661870864202,6.98180305732871,-1.4799151115947302,-1.4799149910608926,-1.1872547196017371,-1.1887815263536241e-07,0.0010000100488670998,0.0024336063458273807,0.14373621584640608,9.056185383266874
1081,-1.988192857436414,-1.9881925560393423,-1.7809793026942127,-3.0139707169442805e-07,1.0,0.001000019464694526,0.004519618896082185,0.23384255381687633,7.11453554315387,-1.5119654695192974,-1.511965156926049,-1.2521893580754597,-3.111859162648519e-07,0.0010000077645397848,0.002154189244740539,0.12237226089669598,8.238757451375326
1082,-1.976566361931135,-1.9765660830263823,-1.8027238238532588,-2.6843176697785e-07,1.0,0.0010000192582220683,0.0043177925915685745,0.21295042673371872,6.647112756405237,-1.4425326062573327,-1.4425324353906843,-1.1814653472767935,-1.7798609203762479e-07,0.0010000100850852,0.0019762720343553357,0.10496705480747753,8.037610159979927
1083,-1.9741594364058297,-1.9741591597503085,-1.7799849915054609,-2.8101340779718365e-07,1.0,0.0010000202817982942,0.004451848599479867,0.24857549509912166,7.110542864169714,-1.4881592790285745,-1.488159085644616,-1.225538283917639,-2.0017226537068685e-07,0.001000010680096845,0.002129490595931808,0.12249015611079005,8.01652578777737
1084,-1.9940262043251182,-1.9940268948393047,-1.7771016314344585,6.877729352915063e-07,1.0,0.0010000192626150994,0.004388143328229352,0.22495808199329195,7.14950141816769,-1.4961309340265063,-1.496130973762936,-1.210609148711794,3.402431805928548e-08,0.0010000070117207036,0.002180468130649792,0.1236183885898855,8.247715663909913
1085,-1.9871879995993849,-1.9871879726086024,-1.7974493750986063,-2.059452938583662e-08,1.0,0.0010000182390388734,0.004299000278993879,0.24278854585762294,6.723634180032982,-1.4299480186568365,-1.429947982231776,-1.1265576245884101,-2.690487437778049e-08,0.0010000090787394178,0.0023671610151521035,0.13741100844409732,8.777557341257731
1086,-2.012659934331786,-2.0126598713532933,-1.8173448297212709,-6.072926071454894e-08,1.0,0.001000021331732706,0.0038776224597691085,0.21616335459194094,6.609584340509379,-1.3638435542583462,-1.3638430204656389,-1.0370485651824208,-5.392564667595758e-07,0.0010000079171732068,0.001980335167091754,0.1195430192268557,8.492112647162543
1087,-1.9890220367683555,-1.9890218455836457,-1.798517422856025,-1.9828384777285018e-07,1.0,0.001000021834734757,0.004302475812300196,0.21977581449274747,6.989253574947141,-1.4045299424065485,-1.404529591401418,-1.0828315142128202,-3.5597218407524957e-07,0.0010000089364540245,0.002191148638828761,0.13173471060064104,8.72739175160726
1088,-1.9822279304828283,-1.9822277078088724,-1.7770105487895462,-2.32092614443797e-07,1.0,0.0010000158052996925,0.004532288191049307,0.25086128493806104,7.184579903224729,-1.4938301973872714,-1.4938299192322626,-1.2186761846144993,-2.7914841969807944e-07,0.0010000070789828897,0.0018672545828546086,0.09623402286734846,7.863228533003066
1089,-1.9918500657351512,-1.9918498700519778,-1.8010263510470121,-1.888651892823993e-07,1.0,0.001000020442143926,0.0040432539579616684,0.2333335338054963,6.543116627999072,-1.5098698682255216,-1.5098697503407796,-1.2429557780424754,-1.1440780427720812e-07,0.0010000068332172102,0.0024269433562747306,0.13284046856893433,8.615388743082683
1090,-1.989731082376444,-1.989731008151792,-1.760332073805467,-8.258898303193866e-08,1.0,0.0010000154933944908,0.00522091141286886,0.29823541228290434,7.430937371163998,-1.4869728353288436,-1.4869727108213637,-1.2043744577301874,-1.2202395333184135e-07,0.0010000049964421324,0.0023269088912962212,0.12924818135797977,8.504527791341145
1091,-1.9982738134995945,-1.9982737257795513,-1.805854154082964,-8.786062024674326e-08,1.0,0.0010000187090931918,0.0043081327754441855,0.240529643336557,6.795778715385581,-1.4884622626834443,-1.4884622719552782,-1.2348969846963882,1.9040372636583115e-08,0.0010000080154794785,0.0022163773679898845,0.1371141783065266,8.371971416473388
1092,-2.019045744302138,-2.019046868918077,-1.8258884155525352,1.1389547923825823e-06,1.0,0.0010000167563909068,0.004373585297901816,0.2369278113375295,6.7034956734135465,-1.4169269071684942,-1.416926885313458,-1.12197954505682,-1.6805198457505968e-08,0.0010000057518482208,0.002009986444479889,0.10419793555306064,8.263575299580891
1093,-1.9848380606129485,-1.9848380291237022,-1.7883573500615246,-3.3527612686157227e-08,1.0,0.0010000235875541308,0.004703846672233546,0.29090547582732057,7.165876069158878,-1.4459263337983022,-1.4459263245264689,-1.1546278814474742,-6.043248706393772e-09,0.0010000092365468542,0.0020608281846054726,0.11242064163088798,8.29059428109063
1094,-1.990789017587338,-1.9907890108396422,-1.7980625876840555,-4.147021275646282e-09,1.0,0.0010000221071026797,0.004381259571637888,0.22917891139129423,6.90136931977182,-1.3706181327501932,-1.3706179800960752,-1.0682169753644202,-1.51164001888699e-07,0.0010000112156073253,0.0025626683297256627,0.164081154184209,9.184536584218343
1095,-2.017228272725951,-2.017228198501299,-1.8377274949595612,-8.069119363460901e-08,1.0,0.0010000191418067465,0.004288200686580308,0.2472782527571017,6.423568964004517,-1.475844571325514,-1.4758442454867893,-1.1842856036292182,-3.1971269183688694e-07,0.0010000084242266086,0.002344316138058073,0.13456781916320323,8.707441266377767
1096,-1.998565044043199,-1.9985649675693151,-1.7866180010561674,-7.970715468784548e-08,1.0,0.0010000201148631157,0.004600396129425685,0.24537141930382206,6.8738984881706955,-1.431312276257409,-1.4313119928042093,-1.123232957141267,-2.9123491711086697e-07,0.0010000086570572523,0.0022245117618391913,0.1331860036899646,8.586754512786865
1097,-1.9514159706403624,-1.9514158379356816,-1.7510103482120443,-1.2841708255263993e-07,1.0,0.0010000216260657839,0.0057964225844392234,0.3388461912718584,7.643044687666983,-1.5185449732674492,-1.5185446010695562,-1.2804953277111053,-3.6623742845323353e-07,0.0010000099427998066,0.002940920512709353,0.1908125836816099,8.903338347540963
1098,-1.960578349401366,-1.9605782864228734,-1.763835166985134,-6.944503424302586e-08,1.0,0.0010000205387906084,0.005001661249102568,0.27907793090309735,7.469549466978829,-1.5941238217883644,-1.5941236628426445,-1.354397389623854,-1.5770395596822104e-07,0.0010000070893309183,0.0022958328818074533,0.12432799591786331,8.046177768707274
1099,-1.9648790449466345,-1.9648789662235189,-1.7836115067859866,-7.738763431333146e-08,1.0,0.0010000230230496458,0.004583312723486913,0.2444324958718048,7.073862147781084,-1.5253580066892833,-1.5253575894567701,-1.2608668464753363,-4.1913655069139267e-07,0.0010000111535191536,0.002315302100032568,0.12588555680380928,8.537150785658095
1100,-2.029613620830032,-2.029613395906844,-1.838287110598582,-2.2154934001418779e-07,1.0,0.001000013676876167,0.003784186318780313,0.19283406816001208,6.392008682466903,-1.4686459647284615,-1.4686458322736953,-1.176988450023863,-1.34938293033176e-07,0.0010000049835070968,0.0021250289890708193,0.1203955911927753,8.221967728932698
1101,-2.0341138209936753,-2.0341134836088934,-1.857815441095604,-3.4455420835962834e-07,1.0,0.001000019864460348,0.004124748861013015,0.2493809756102427,6.3764631433307,-1.384010880523258,-1.384010660648346,-1.0757276927431425,-2.1821922726101345e-07,0.001000004955050018,0.0020605513412091468,0.11562846319542991,8.44775693681505
1102,-1.9930421001506302,-1.9930417852581672,-1.791306362961823,-3.1060486469628676e-07,1.0,0.0010000142743283847,0.004322386605946242,0.26261790848846706,6.778803586959839,-1.542306003305647,-1.5423057953516641,-1.2828095369868808,-2.176397376590305e-07,0.001000005775131285,0.002337430603802204,0.13475793268945482,8.36645861731635
1103,-1.9926667100978348,-1.9926663862084442,-1.7634760928603839,-3.271929497988719e-07,1.0,0.0010000227353061145,0.004844453513077548,0.2914121117934866,7.547633832355715,-1.5022930383682254,-1.5022926966349284,-1.2290466533766853,-3.4314062860276965e-07,0.001000005736326178,0.0021859473186648555,0.13226371163295375,8.487872155507405
1104,-1.9494561924124665,-1.9494558707723078,-1.7590975581475023,-3.2641977634070054e-07,1.0,0.0010000192538290372,0.0047401772737327335,0.24360692156654484,7.230680492689025,-1.4868104139963785,-1.4868102457788255,-1.2012908921887477,-1.6490618387858073e-07,0.0010000083543774154,0.002401893094388975,0.14745909248789152,8.704562261369494
1105,-1.9713721365298864,-1.9713718373820466,-1.7725284459455959,-3.069498628940222e-07,1.0,0.001000019477873619,0.004786219537908316,0.21615983363030092,7.2041762235029685,-1.595791467030843,-1.5957913716634116,-1.3391531229019165,-9.660919507344564e-08,0.0010000084190525942,0.0020622999226260516,0.09752673688862058,7.69532185660468
1106,-2.000238890917796,-2.0002386277576663,-1.7818682733571753,-2.65409361641362e-07,1.0,0.0010000173428605468,0.0042634536314509665,0.21693828659799863,7.133779291836721,-1.552587307824029,-1.5525870641072592,-1.287944761912028,-2.393292056189643e-07,0.0010000069418715106,0.0022568966313782665,0.1403187801440557,8.154715506235757
1107,-1.9720140358187117,-1.9720187052240912,-1.798939583436498,4.6530984482675225e-06,1.0,0.0010000216150832064,0.004404363305887805,0.19731892181454963,6.772290310769711,-1.4535893678665162,-1.4535893665419684,-1.1776572088400523,1.8212530348036024e-09,0.0010000087501895096,0.002468769940444165,0.13800776625672975,9.051129192776152
1108,-1.9774823818566665,-1.977482651764492,-1.7881278811760668,2.7799100246069566e-07,1.0,0.0010000150233401724,0.0053585387067869306,0.2567980858444605,7.375215440426233,-1.503354405032264,-1.5033543520503574,-1.229017714659373,-5.140900611877442e-08,0.00100000804134955,0.0019260847294289205,0.09611438057488865,7.830461067623562
1109,-2.000534102601825,-2.000534127343376,-1.7985701336050934,2.1297414347810566e-08,1.0,0.0010000144105123461,0.004301730009621747,0.24327892268884857,7.073139082710698,-1.5170048846138848,-1.5170048779911465,-1.2500102281570435,-1.8295314576890735e-08,0.0010000054931475057,0.0023637581849470734,0.17477562179168066,8.205149417453343
1110,-1.9978983807113935,-1.9978983559698429,-1.7767145881113016,-2.242203028696888e-08,1.0,0.0010000196579878903,0.004453430240007363,0.2517755484243609,7.059110290599319,-1.6307041592068143,-1.6307041035758125,-1.3907189170519512,-4.793206850687663e-08,0.0010000087139714095,0.0021543114471973645,0.12496572915050719,7.76230378680759
1111,-1.9938659802922662,-1.9938659577999476,-1.8301950040853248,-3.120809231164321e-08,1.0,0.0010000155966307194,0.004608210020276876,0.2595228812534292,6.669981371681645,-1.608383697933621,-1.6083836290571425,-1.3559001247088114,-6.622738308376736e-08,0.0010000046032170454,0.00215734478034493,0.12909593246877193,7.75670779546102
1112,-1.980421189991933,-1.9804211877427012,-1.7599379319065023,-6.1853876653707255e-09,1.0,0.0010000121371187972,0.005272181291695473,0.2803380422575294,7.541478044581863,-1.5678600231806437,-1.5678599675496419,-1.3327063865131803,-4.983610577053494e-08,0.0010000104369181726,0.0026295874629997545,0.1580648175544209,8.462152322133383
1113,-1.9827296868810114,-1.9827296666379244,-1.7781365817447878,-2.3406069233732402e-08,1.0,0.0010000148805666645,0.004694634143544256,0.2889901900769405,7.128412660562767,-1.5140191687477962,-1.5140191064940558,-1.2452828579478794,-6.92076153225369e-08,0.0010000066547137167,0.002596493621563746,0.13867934635943838,8.576963477664524
1114,-2.0159540446299427,-2.015954026636088,-1.7880611914508748,-1.3776545254689343e-08,1.0,0.0010000144720147804,0.004091822337974215,0.22756428387508076,6.868443889437981,-1.4863879375987585,-1.4863877733548483,-1.2214060525099437,-1.6796920034620497e-07,0.0010000065667554736,0.0021801647600821323,0.11945978576938311,8.191810872819687
1115,-2.000264082314833,-2.0002640035917176,-1.8096854371844597,-7.078051567077637e-08,1.0,0.0010000206881536629,0.004443213315065598,0.2486922488600578,6.879761421455528,-1.28385089635849,-1.2838510440455542,-0.9475661128759384,1.432167159186469e-07,0.0010000045178458095,0.0022899381143765317,0.12077496589885818,8.949147510528565
1116,-1.9865809274169635,-1.9865808554415434,-1.7787065618443039,-6.740666785330143e-08,1.0,0.0010000162248341542,0.003999400655475428,0.20778063234855543,6.869092360982355,-1.5429168118370906,-1.542916903230879,-1.295281826125251,8.08801915910509e-08,0.0010000072962914905,0.0024169052278416024,0.18252862236566014,7.973121399349637
1117,-1.98084723499586,-1.980847122534266,-1.7832715488829702,-1.095094770755408e-07,1.0,0.0010000172923406902,0.0047034988210554116,0.2654286902749313,7.118952391282567,-1.4997813238037956,-1.4997815132141112,-1.240191478199429,1.952052116394043e-07,0.0010000067685420313,0.002212847026789354,0.12663021253214943,8.315134143829345
1118,-1.9919257164001465,-1.9919256489231902,-1.7919535322009392,-7.675503784755491e-08,1.0,0.0010000149640342537,0.0042109344932162816,0.20338835454774354,7.2151610086549,-1.5223287966516283,-1.522328511873881,-1.277023239268197,-2.7848614586724177e-07,0.0010000047739595174,0.0020567894887386098,0.13101639023257627,7.991304715474446
1119,-2.021326964756228,-2.021326865790025,-1.815472939104404,-1.0311322392157789e-07,1.0,0.0010000136483214654,0.004088405194639598,0.2332945813266736,6.823983331896224,-1.5326814942889746,-1.5326810187763638,-1.2696066849761538,-4.7327743636237253e-07,0.0010000064141220517,0.002554853407976528,0.1728980480796761,8.403712452782525
1120,-1.963740807659221,-1.9637406029791202,-1.7334848912257068,-1.9104413266451853e-07,1.0,0.0010000181643573462,0.005035137726907742,0.2705830899330805,7.69811065691822,-1.493281989627414,-1.493281884988149,-1.2208448807398478,-9.685754776000977e-08,0.0010000049809200896,0.0021291623021372492,0.11548537160787317,8.157283878326416
1121,-2.0200626670189625,-2.0200625163204267,-1.8251069851641386,-1.589222899023092e-07,1.0,0.0010000129542225655,0.003904979972537818,0.22007980232812324,6.834126868337955,-1.5499379131529065,-1.5499374787012736,-1.2941796898841857,-4.3958425521850586e-07,0.001000004321233266,0.002075214394264751,0.12277682667805088,7.939426284366183
1122,-1.971616565056567,-1.971616342382611,-1.7803317128487353,-2.3300636489436312e-07,1.0,0.0010000119306463396,0.005374657253752339,0.27242216046126383,7.3515298816393,-1.457952086130778,-1.4579517430729336,-1.1981349362267388,-3.3891863293117946e-07,0.0010000058268714283,0.002316785024272071,0.14194042103158103,8.452176994747585
1123,-1.9690295907686342,-1.969029332106968,-1.760485811053582,-2.5999714743416264e-07,1.0,0.001000017421935105,0.004519120956999513,0.24993112149103633,7.491462464602488,-1.6176507923338146,-1.6176505274242825,-1.403666290971968,-2.716150548723009e-07,0.0010000051128574543,0.0023874206132152016,0.14662002387146156,7.850245719485812
1124,-1.9954814371073022,-1.9954811829441,-1.8123183970181447,-2.6266811028966365e-07,1.0,0.0010000177008925744,0.004044041305534401,0.20612449093528515,6.596279787567426,-1.6135266012615628,-1.6135262356864082,-1.4155323929256862,-3.6425060696072046e-07,0.001000006556407445,0.0023657900617561406,0.14409154318273068,7.702791934543186
1125,-2.0261462926864624,-2.0261460115324774,-1.8287152546756673,-2.8642562200438303e-07,1.0,0.00100001507825306,0.0038493262551162603,0.211218415074191,6.800937229732297,-1.5237130297554866,-1.5237126959694756,-1.2432518614663017,-3.374285168117947e-07,0.0010000066883448097,0.0022049148463540607,0.1239586413320568,8.159846899244519
1126,-1.9917525345424436,-1.9917522241484444,-1.8014040735532653,-3.1707140634644705e-07,1.0,0.0010000192933663163,0.004385953230941492,0.25798485853340264,6.764119517128423,-1.5410990556081134,-1.5410986794365777,-1.2698241810003916,-3.7906898392571345e-07,0.001000005635432899,0.002337217584459318,0.13779576586352454,8.17647943496704
1127,-2.0067218677052914,-2.0067215325697414,-1.8222955960147786,-3.387202631752446e-07,1.0,0.0010000185860883234,0.0042441285518437346,0.24483441990220323,6.7291471553298665,-1.4430386159155104,-1.4430383867687648,-1.165192449092865,-2.3345152537027994e-07,0.0010000070738088753,0.0021212157560512425,0.13229027551909286,8.073404502868652
1128,-2.0054715736857,-2.0054713330178893,-1.8322547381778933,-2.422844463924192e-07,1.0,0.001000020576131372,0.004225444832799148,0.21096815843627137,6.366265782770121,-1.5619179103109573,-1.5619175381130643,-1.3259616480933296,-3.7037663989596895e-07,0.0010000047946555747,0.0020313690416514873,0.12012940092633168,7.569296805063884
1129,-1.9885149204506065,-1.988514763004375,-1.7538314967785242,-1.6067950230724408e-07,1.0,0.0010000164642543444,0.004400187461935687,0.22568150549986452,7.355110870217377,-1.5189370022879707,-1.5189366075727675,-1.2617719186676872,-3.9918555153740775e-07,0.0010000055216045844,0.002289804575654368,0.1459852420207527,8.229762903849283
1130,-2.0233589523243456,-2.0233589343304903,-1.8470102301183737,-1.9961932920060067e-08,1.0,0.00100001483883287,0.004086879991381517,0.20657614365501223,6.444889995287049,-1.4875596284866333,-1.4875596682230632,-1.1933061752054426,3.2285849253336586e-08,0.001000007717973656,0.0023662679156081544,0.14992206692695617,8.488598442077636
1131,-1.9995534622444298,-1.9995534420013428,-1.8006475669033122,-1.6236642621598153e-08,1.0,0.0010000178304869893,0.004181351708160397,0.2042838380724754,6.920750253605393,-1.4820714195569356,-1.482071460617913,-1.233640730381012,4.263387786017524e-08,0.0010000066107345952,0.002524497362578081,0.17136565844217935,8.410579056209988
1132,-1.998408187110469,-1.9984081646181502,-1.80856140604559,-1.1878755857359688e-08,1.0,0.0010000171539602132,0.004948353425617206,0.2799331436882604,7.048387878345993,-1.4652853210767107,-1.4652852336565654,-1.1664461301432716,-8.195638656616211e-08,0.001000005260316862,0.002319678276156386,0.15622019817431768,8.476685651143393
1133,-2.0230333445207127,-2.023033304034539,-1.8079566438243073,-3.9150692381948794e-08,1.0,0.0010000156976704329,0.003693294491759449,0.20845129087848482,6.5593323482657375,-1.520340727435218,-1.5203407367070516,-1.239291391770045,1.1920928955078126e-08,0.0010000044350615806,0.0020365650351676676,0.1342078760680225,7.988758330874973
1134,-2.024295651687766,-2.0242955527215636,-1.8387366938141156,-9.64358167828254e-08,1.0,0.001000017057313531,0.00402076215316313,0.21930631924912614,6.643293164811045,-1.4424656444125707,-1.4424655318260193,-1.1505173206329347,-1.1995434761047364e-07,0.0010000064684492019,0.0019193477333626814,0.09316968818505605,8.138474167717828
1135,-1.992144652132718,-1.992144523926501,-1.7876026495447699,-1.1801438511542554e-07,1.0,0.0010000152979046106,0.004796474258292396,0.232137031853199,6.897731695535048,-1.631651825375027,-1.6316518651114569,-1.4026753491825528,2.889169587029351e-08,0.001000007050525811,0.0023794200219627885,0.1439250349584553,8.055676227145726
1136,-2.017591789083661,-2.0175916698743714,-1.8120049463128143,-1.1140726647287045e-07,1.0,0.001000016844251527,0.004387624135662643,0.2795705795288086,6.68989936360773,-1.5420392870903012,-1.5420389678743152,-1.280842027399275,-3.2054053412543405e-07,0.0010000056276718776,0.0021679825615137814,0.11763133100337453,8.186659548017714
1137,-2.0093470699382276,-2.0093469687227934,-1.8282883774559453,-9.587350881324624e-08,1.0,0.001000016987025035,0.0047351316206227494,0.2658791206074211,7.102259586442192,-1.5463419357935588,-1.5463418854607476,-1.2775007486343384,-5.943907631768121e-08,0.00100000510768344,0.0021046754723000856,0.11833277928332488,8.035589334699843
1138,-1.9735745191574097,-1.9735744696743083,-1.790852983042879,-4.442232959675339e-08,1.0,0.0010000160381303362,0.005984391066034869,0.3535667099761513,7.167764402785391,-1.4122648941146003,-1.4122649563683405,-1.1262297676669226,6.018413437737359e-08,0.0010000044842147166,0.0020492557384487655,0.12685292313496271,8.427785926394993
1139,-2.0146283608562543,-2.014628342862399,-1.8113640029475373,-3.528482509109209e-08,1.0,0.0010000145620719162,0.0040592978805092704,0.24482232985912628,6.898330274617897,-1.4491088178422715,-1.4491088774469163,-1.1659436490800645,4.884269502427843e-08,0.0010000052059897118,0.0021171870770760708,0.13304029231270154,8.283950106302898
1140,-2.011081038780932,-2.0110809398147294,-1.8229364089246065,-1.0480014783031535e-07,1.0,0.0010000167717665153,0.004748365521114671,0.2555027571067495,6.975347671868666,-1.4229099684291415,-1.422909947236379,-1.1491564803653294,-1.953707800971137e-08,0.0010000060881591505,0.0021764299082052377,0.1443149021930165,8.340048567454021
1141,-2.0158580811518543,-2.0158579889333472,-1.7955048084259033,-9.039100610984947e-08,1.0,0.001000016279747042,0.0036577919370688076,0.23748369444653672,6.671348891168271,-1.4590396960576375,-1.4590396735403273,-1.179540024863349,-1.8295314576890735e-08,0.0010000086208391522,0.002206565941580468,0.1492540293269687,8.243525642818875
1142,-1.9883858977623705,-1.988385814540791,-1.7846279189271748,-8.20969635585569e-08,1.0,0.001000017151763698,0.0048137063375797194,0.24248695008034976,7.078845285019785,-1.5481757402420044,-1.5481755389107599,-1.295660091108746,-2.0654665099249945e-07,0.001000007526535127,0.0020250918550623787,0.12121345533265007,7.721212312910294
1143,-1.989344781299807,-1.9893446081089523,-1.7929331896440037,-1.7129306523305065e-07,1.0,0.0010000184521008774,0.004857342154279632,0.27088120516459896,7.004135320771415,-1.476573492421044,-1.4765733308262294,-1.1745385852124957,-1.6440947850545247e-07,0.0010000059432867501,0.002036844258610573,0.10983037460181448,8.219067976209853
1144,-1.9795427434849289,-1.9795426782572045,-1.7851066701817062,-7.04290731897894e-08,1.0,0.0010000190956799208,0.005083300579637992,0.29366359712099127,7.147876820474301,-1.5879784372117782,-1.587978180249532,-1.3404140671094258,-2.6060475243462454e-07,0.0010000082043310006,0.002211821498349309,0.1171300057735708,7.885238922966851
1145,-1.9821959868916925,-1.9821961533348516,-1.7675080546792947,1.69395275835721e-07,1.0,0.0010000211032950934,0.004475395922232771,0.25646767737168186,7.308098626586626,-1.4716592642996045,-1.4716592563523188,-1.1970322734779781,-8.940696716308593e-09,0.0010000064270570875,0.0019539918000292446,0.1097617811212937,7.8009357558356385
1146,-1.9812692088900872,-1.9812691729023773,-1.7743557331696995,-3.148924629643278e-08,1.0,0.0010000201236491776,0.005549792110269784,0.30114484655688395,7.355405348651814,-1.4147046566009522,-1.414704688390096,-1.1294578121768104,2.9305617014567056e-08,0.0010000067556069957,0.0020815014140680432,0.1266033843987518,8.404640716976589
1147,-1.9953879365381204,-1.995387830824222,-1.7718265236548658,-1.1492169128274017e-07,1.0,0.0010000157196355878,0.0037688728452677715,0.1962634350682767,6.890521661290583,-1.4811448123719957,-1.481144838862949,-1.207417861620585,3.948807716369629e-08,0.0010000065822775165,0.0023975532579546175,0.1432733246849643,8.344841776953803
1148,-2.006822833475077,-2.0068227727458163,-1.8194223102533593,-6.058868372215415e-08,1.0,0.0010000178063253188,0.0038264803720181283,0.20473837479948997,6.589811819904256,-1.4858221782578362,-1.485822355747223,-1.2050717194875082,1.8138024542066786e-07,0.001000009642706977,0.0020520977494824263,0.1212716112120284,8.221536827087403
1149,-1.9778571646168548,-1.9778571286291446,-1.7844962061576124,-3.317617020517025e-08,1.0,0.001000020780407314,0.004785357625223696,0.2412407363079629,6.984372822743542,-1.5484538078308105,-1.5484537151124742,-1.2808605763647292,-9.975499576992459e-08,0.001000007901651164,0.0021753463531947797,0.11710675218039089,8.116849104563395
1150,-1.9888628698744863,-1.9889000384312756,-1.7852126674832038,3.717101688654917e-05,1.0,0.0010000221005131333,0.004332971772319585,0.22484117633891557,6.982545195885424,-1.4497493134604558,-1.449751733409034,-1.151549474398295,2.4291376272837323e-06,0.0010000063649689159,0.001921023529333373,0.09917581400109662,8.07460240258111
1151,-1.9973911969166882,-1.9973927308928292,-1.7908299689023,1.5226596931241594e-06,1.0,0.0010000184301357225,0.004638608867952705,0.26689124258481106,7.024227524703404,-1.570170142915514,-1.570170145564609,-1.3000661704275343,2.6490953233506945e-09,0.0010000056638899777,0.0024136711325910354,0.1570069237715668,8.362300173441572
1152,-2.0206445702966653,-2.0206446985028825,-1.8273320422982269,1.2300486834544056e-07,1.0,0.0010000183225064626,0.004043665914444851,0.2531532347905186,6.731198868661557,-1.571563963095347,-1.5715639087888928,-1.3007304781013065,-4.9008263481987845e-08,0.0010000046394351455,0.0020812034399973023,0.1347439689354764,7.964594311184353
1153,-1.9819487850621063,-1.9819487805636424,-1.7763790049642887,-6.466541650160304e-09,1.0,0.0010000191088590138,0.004310338167069515,0.24307425010879086,7.127864936612687,-1.2977058205339642,-1.2977058466937808,-0.9879850677783705,1.655684577094184e-08,0.0010000072600733904,0.0022957045662527283,0.13403341265188323,9.201414807637532
1154,-1.988696354740071,-1.9886963772323896,-1.8087611108456019,1.314394878891279e-08,1.0,0.0010000163741972086,0.004857203046756111,0.26855775144583777,6.810692611730324,-1.4973312192493013,-1.4973312258720397,-1.2153777864244248,3.4769376118977865e-09,0.001000005601801806,0.0023504594392660593,0.15628322925832536,8.538900078667533
1155,-2.009599026644005,-2.0095990311424687,-1.8085257714649416,-3.865867290856703e-09,1.0,0.0010000149838028933,0.0040494782525061996,0.2271807798237171,6.874250821347506,-1.4831125020980838,-1.4831124385197958,-1.1996756633122763,-6.473726696438259e-08,0.0010000050999224186,0.0021237539722480706,0.12055461361176438,8.40614249971178
1156,-2.0085373487112657,-2.008537323969715,-1.8361462197213803,-2.699078253979953e-08,1.0,0.0010000146806837533,0.0037892440087952703,0.2126081999883337,6.551326369339565,-1.4653678589397006,-1.4653677781422934,-1.1806426270140542,-8.725457721286349e-08,0.0010000061424863007,0.0022380741209619575,0.1459730697174867,8.356694338056776
1157,-2.011230945587158,-2.0112309253440714,-1.7918186907498341,-1.9469913446678305e-08,1.0,0.0010000119482184637,0.004724036755022716,0.2748909374031256,7.049164151245693,-1.527398056454129,-1.5273980696996052,-1.2630493813090855,8.526775572035047e-09,0.0010000061968134509,0.002066042613134616,0.12992887360354263,8.020666705237495
1158,-2.0097960278672993,-2.009796014371908,-1.8347598831608611,-1.1386736383977927e-08,1.0,0.0010000137581472409,0.0040680240259839675,0.21973975797025663,6.492015672179888,-1.5513578732808428,-1.5513578361935085,-1.3034874531957839,-4.2882230546739366e-08,0.0010000067659550243,0.001955474002493752,0.11236237382723226,7.619449848598905
1159,-1.9907352654439099,-1.9907352541977505,-1.7661640104257836,-1.1316447887780531e-08,1.0,0.001000021630458815,0.005493312465677143,0.3139844362114398,7.412628218812762,-1.4245151890648735,-1.4245151725080278,-1.1406440095769035,-1.7964177661471896e-08,0.001000004577346974,0.0022219226048845386,0.14617730449471208,8.48121945063273
1160,-1.9573949732870426,-1.9573949710378107,-1.7573823906340689,-4.990483230015017e-09,1.0,0.0010000135253165972,0.005732284885181009,0.2862499143998578,7.210312847821218,-1.3482374548912048,-1.3482374091943106,-1.0650214705202314,-4.263387786017524e-08,0.0010000081577648718,0.002742527627075712,0.18051078998380238,9.22849537531535
1161,-1.944146046098673,-1.9441461045787019,-1.7869087165256716,6.248647311948381e-08,1.0,0.0010000152935115796,0.005289239215857859,0.28089921127231615,7.211800629237913,-1.571868824958801,-1.571868888537089,-1.3485278526941935,6.515118810865614e-08,0.0010000072781824404,0.002339159562769863,0.15507297441363335,8.025435543060302
1162,-2.016297351639226,-2.0162973201499796,-1.8017827924692407,-1.553375765962421e-08,1.0,0.0010000125302950728,0.005001264639673228,0.28754447463829563,7.043871762617579,-1.4324981808662411,-1.4324981543752882,-1.14027589754098,-2.466970019870334e-08,0.0010000055785187416,0.0024268282836096156,0.16417483327289423,8.86077233420478
1163,-1.9667741330164783,-1.9667741172718551,-1.7525242432108465,-2.9521168402905734e-08,1.0,0.0010000178107183496,0.005556110841801988,0.2946567224725237,7.562688674566881,-1.4760172353850471,-1.4760171910127005,-1.1988172322511672,-4.784928427802192e-08,0.0010000072186812758,0.002355706906463537,0.13628058309356372,8.376491663191054
1164,-2.0253391040945954,-2.025339070356117,-1.8294991344775793,-3.950213486293577e-08,1.0,0.0010000145906266177,0.004133447317213242,0.2119655111839749,6.358090283735743,-1.4644859155019125,-1.4644859459665087,-1.1611775365140704,3.2948123084174264e-08,0.0010000052835999263,0.0022670877010871966,0.12898432157105869,8.50069515440199
1165,-2.0312485290023514,-2.031248499762337,-1.8382899378830533,-2.4179242691903745e-08,1.0,0.0010000149486586452,0.003866391271827215,0.22425979252834366,6.546355926765586,-1.5378959046469796,-1.5378959589534336,-1.2823503679699368,5.1160653432210283e-08,0.0010000050921613972,0.0021696149500914745,0.1513469638923804,7.758866426679824
1166,-1.9692626899143435,-1.969262640431242,-1.7769014812865347,-4.4492618092950786e-08,1.0,0.0010000229395820566,0.004380137171982875,0.23558464294896936,6.947769313488367,-1.4406033019224802,-1.4406032264232635,-1.141754600405693,-8.046627044677735e-08,0.0010000094279853833,0.0022381955369686086,0.13853120327823693,8.431877602471245
1167,-2.027078907444792,-2.0270788602109224,-1.8437901600351874,-4.653098448267523e-08,1.0,0.0010000229154203861,0.0038000687557044176,0.2073455302150182,6.404200949758853,-1.4555969701872935,-1.4555969092581007,-1.1820152984725105,-6.415777736239963e-08,0.001000004900722868,0.0020952633530315424,0.12323377455274263,8.140155559115941
1168,-2.0030518950156444,-2.0030518612771666,-1.8338910611170642,-4.090790478688366e-08,1.0,0.001000017907365032,0.004226254543096249,0.2425800288482657,6.629010812291559,-1.4919157690472076,-1.491915730635325,-1.2085288441843456,-3.659062915378147e-08,0.0010000074127068123,0.0019213974424120452,0.1070241225262483,7.781199836730958
1169,-2.019371030465612,-2.0193709809825107,-1.818546861972449,-4.414117561196381e-08,1.0,0.0010000146235743502,0.004412859553067049,0.25009911626858533,6.935348443265231,-1.406310753027598,-1.4063107503785028,-1.1007090823517904,-1.0430812835693359e-08,0.001000005343101091,0.0022357508876464432,0.14176701481143633,8.613538604312472
1170,-2.033537210158582,-2.033537104444684,-1.8453318532907739,-1.0782255316680332e-07,1.0,0.0010000096748249148,0.004080619777218913,0.22897045651696762,6.439944910553266,-1.423529696464538,-1.423529651429918,-1.120338585972786,-4.337893591986762e-08,0.0010000073299225834,0.0021103818176521193,0.12303544046978156,8.380049578348796
1171,-2.0302612804016977,-2.030261122955466,-1.8111877936237264,-1.5315863321412286e-07,1.0,0.0010000144720147804,0.004381890059448779,0.23160688789947978,6.855896864297255,-1.531344653500451,-1.5313446574740939,-1.2812646806240082,-4.967053731282552e-10,0.001000006644365688,0.0021072500333603884,0.1264913165734874,7.789268366495768
1172,-1.9907219274988714,-1.9907218127880457,-1.796430931901032,-1.1703034616866202e-07,1.0,0.001000015954662747,0.004645191216489898,0.23965106496833405,6.8324336735707405,-1.6031174275610183,-1.6031174037191602,-1.3493890550401475,-2.193782064649794e-08,0.0010000084578577016,0.0022515563475381997,0.14594816354413828,7.911504830254448
1173,-1.9932782132670563,-1.99327810980239,-1.7806886232124184,-1.0114514602805084e-07,1.0,0.0010000138064705818,0.004002219224172943,0.21968180496456488,7.001169330668899,-1.4984845095210606,-1.4984845134947036,-1.214776834514406,5.877680248684353e-09,0.0010000061373122864,0.002006425374808411,0.10568568139440483,7.995602364010281
1174,-1.9851210544694144,-1.98512095325398,-1.7610392615480244,-1.0388639737974923e-07,1.0,0.0010000193987990606,0.0048586078941435466,0.28947512858178254,7.409433427846657,-1.5639032893710665,-1.5639033092392816,-1.3195497790972393,2.3427936765882703e-08,0.001000009487486548,0.0019742339797731902,0.12974096677369543,7.824764601389567
1175,-2.0366544993418567,-2.036654386880263,-1.8056373731145319,-1.0704937970863198e-07,1.0,0.001000013250752159,0.003792709556742097,0.23847564541787472,6.847634936278721,-1.4792148311932882,-1.4792148139741685,-1.1831570128599802,-2.1523899502224392e-08,0.0010000086104911235,0.0023245114833116533,0.14853291321131917,8.680570718977185
1176,-2.026944540581613,-2.0269444236215555,-1.8049164987959951,-1.3256410382828623e-07,1.0,0.0010000153813721998,0.0037839060060609626,0.22273930829932104,6.900977688015632,-1.4853884140650429,-1.4853883200221591,-1.1994674305121105,-9.760260581970215e-08,0.0010000063753169443,0.003052577575565212,0.20045613572001458,9.397788185543483
1177,-2.0345946392923033,-2.0345944885937675,-1.8380947225498703,-1.525260367483463e-07,1.0,0.0010000153572105293,0.00424191671564191,0.220998698037188,6.506953203453208,-1.4874174820052255,-1.4874173290199704,-1.2348259392711851,-1.5091564920213488e-07,0.0010000080439365572,0.0023746801178074544,0.13775952855745952,8.45451931423611
1178,-2.0115121647996723,-2.0115120298457594,-1.7909353431665673,-1.4430228269325113e-07,1.0,0.0010000177667880395,0.003966545705894395,0.21506528197875563,6.955506954552992,-1.5176376620928445,-1.5176375203662449,-1.2386991394890678,-1.4627973238627116e-07,0.0010000053353400695,0.002006607086190747,0.10751634629236327,7.999005900488959
1179,-2.031353048558505,-2.031352884364578,-1.8585991364605021,-1.6616200501064085e-07,1.0,0.001000010951000424,0.003865905143408421,0.21529422935871584,6.375980543640424,-1.5822719494501751,-1.5822718315654332,-1.334480177031623,-1.1043416129218208e-07,0.001000008007718457,0.0021917610480967496,0.1368269644263718,8.01982470618354
1180,-2.040409358042591,-2.040409214091751,-1.8327717601128344,-1.3720314457731426e-07,1.0,0.0010000121832456229,0.0036661137743273153,0.20098160790666095,6.380822082735458,-1.452243736055162,-1.4522436009513007,-1.170727562573221,-1.4007091522216797e-07,0.001000005839806464,0.002120384279017647,0.13554774013658363,8.31820878982544
1181,-1.9704109160405285,-1.9704107316035144,-1.7743765857984435,-1.7698643342503963e-07,1.0,0.0010000157437972583,0.0046053702354360865,0.2443017116132772,7.144193824732079,-1.526929585138957,-1.5269294765260484,-1.2629248380661011,-1.169741153717041e-07,0.001000007477381991,0.0023593930010166434,0.1284523359189431,8.414020527733696
1182,-2.006970038953817,-2.0069698477691076,-1.8042449276402313,-1.9350423003142735e-07,1.0,0.0010000120294895375,0.004087879126979354,0.20838919844267503,6.986522152738751,-1.562212946679857,-1.5622128354178535,-1.3099466496043735,-1.1407666736178928e-07,0.0010000067892380886,0.0021130363612125317,0.10294347858677308,7.904129473368327
1183,-1.9962278649492085,-1.9962276940075856,-1.814311704545651,-1.8134432018927807e-07,1.0,0.0010000143160621793,0.0043467461056831596,0.2325898122112706,6.800869968702209,-1.5846058554119535,-1.5846056752734714,-1.3566890199979147,-1.6896261109246148e-07,0.0010000064632751876,0.002812077573293613,0.1578817276491059,8.42022016313341
1184,-2.042057637898427,-2.0420574489629493,-1.851853683309735,-1.9266076807705862e-07,1.0,0.0010000138613834697,0.0037047274911530177,0.2054725281613053,6.184966978037132,-1.427034913169013,-1.4270346416367425,-1.124595946735806,-2.6863482263353137e-07,0.0010000046213260955,0.001982715870771143,0.1041935630970531,8.351105287339951
1185,-2.019239803530135,-2.0192395898531066,-1.82436969145289,-2.2161962851038518e-07,1.0,0.0010000111069530249,0.003953826481933301,0.20041129576428882,6.498745270495145,-1.541607696480221,-1.541607395807902,-1.2868378400802611,-2.945462862650553e-07,0.0010000050688783327,0.0020890427028967275,0.11472617838945653,8.095753065745035
1186,-2.034483201098892,-2.0344829536833853,-1.8332922638587232,-2.486806995463821e-07,1.0,0.0010000131870532092,0.003759453661810115,0.19677456897103562,6.480053316872075,-1.456308850977156,-1.4563086880577936,-1.157605062590705,-1.6987323760986329e-07,0.001000006486558252,0.002132372475332684,0.10765754924052291,8.290798399183485
1187,-2.0405638375372255,-2.04056360361711,-1.8533227758587532,-2.2077616655601645e-07,1.0,0.001000011840589204,0.003435727995205319,0.1872848649772833,6.122353580762756,-1.6294866919517517,-1.629486460155911,-1.3992159220907423,-2.232690652211507e-07,0.0010000052240987619,0.00204236824841549,0.10963109193576706,7.397863621181911
1188,-2.0266104104383937,-2.0266101832659738,-1.8350152474529338,-2.3174117196281e-07,1.0,0.0010000124995438557,0.003956231484101769,0.24359373333600332,6.492879993510696,-1.5726684278912018,-1.57266819079717,-1.314719565709432,-2.4239222208658853e-07,0.0010000030173816614,0.002099724683082766,0.12271397647758325,7.811186557345921
1189,-2.0311811555106685,-2.0311809193413213,-1.8341380650142454,-2.3813742511677293e-07,1.0,0.001000009753899473,0.004173880298006928,0.24736419762924033,6.5447959854917706,-1.4984643088446723,-1.4984639359845056,-1.2335830628871918,-3.7294295099046496e-07,0.0010000053896672195,0.0018638993742772275,0.0998246667906642,7.680070993635389
1190,-2.0021496606322953,-2.0021493817275426,-1.7644162605393607,-2.751091741166025e-07,1.0,0.0010000153835687153,0.004078228353909304,0.20981452965511466,7.41408304898244,-1.3948621355825,-1.394861794842614,-1.0799131971266536,-3.383391433291965e-07,0.0010000059976139003,0.002174447782130705,0.12760928844412167,8.509207884470621
1191,-1.9964789332083936,-1.996478703786742,-1.8227446349161975,-2.2822674715294027e-07,1.0,0.0010000183840088968,0.004661767350351614,0.22540212250402514,6.800279212447832,-1.6275107953283523,-1.6275106191635131,-1.4209708174069722,-1.8138024542066786e-07,0.0010000051257924901,0.0022461211438187293,0.11389135523802704,7.644707859887017
1192,-2.0224015780214994,-2.022401328356761,-1.8306949341072227,-2.618246483352949e-07,1.0,0.001000012938846957,0.0039050796218567862,0.2155853663131876,6.37482461839352,-1.563804664876726,-1.5638043098979526,-1.2887468761867946,-3.5050842497083876e-07,0.0010000057932403352,0.002058766081204845,0.13248435200916397,7.932660547892253
1193,-2.024804191769294,-2.024803966846106,-1.8275288455891159,-2.3370924985633707e-07,1.0,0.001000013819649675,0.003985170705489955,0.2582825668296724,6.838870957212628,-1.5624673181109958,-1.5624668465720282,-1.3110813352796766,-4.6930379337734645e-07,0.001000006758194003,0.0019580476167094375,0.10471534849041038,7.779336643218993
1194,-2.0115671112852276,-2.011566825632779,-1.7783683965790946,-2.959145689910313e-07,1.0,0.0010000175097957253,0.0044389699568163675,0.2619135551998075,7.209614906670912,-1.4622315459781219,-1.46223124133216,-1.161507425043318,-3.031558460659451e-07,0.0010000053508621124,0.0019842169299307795,0.11285222748087512,7.930979612138537
1195,-1.983145680067674,-1.9831453944152255,-1.7902431420560152,-2.8396552463747423e-07,1.0,0.0010000164598613134,0.004872866368079382,0.2753623961558882,7.261380933365732,-1.4972856826252408,-1.4972851792971293,-1.2188485966788398,-5.05314932929145e-07,0.0010000068047601315,0.002322697706727518,0.15085681167741616,8.242593807644315
1196,-2.001302347992951,-2.0013020106081694,-1.8033655994343307,-3.3801737821327064e-07,1.0,0.0010000145862335867,0.004721664581975003,0.2555501584736806,6.852455436058764,-1.4636721975273557,-1.4636717134051853,-1.2011174344354205,-4.902482032775879e-07,0.001000005260316862,0.0019608288330750334,0.1322266483058532,7.965736770629884
1197,-1.966607300740368,-1.9666069746017456,-1.778442679711108,-3.2374881348519954e-07,1.0,0.001000018463083455,0.004633388499606331,0.22774068800345906,6.9940140382298885,-1.444927096366882,-1.4449267003271316,-1.2282106618086497,-3.914038340250651e-07,0.0010000102972197863,0.0022199938849856455,0.10464447198642625,8.159773604075113
1198,-1.979027547926273,-1.97902726902152,-1.7964497174856797,-2.870582184701596e-07,1.0,0.0010000162643714334,0.0046531708124708734,0.22779422864880203,6.9667596187231675,-1.6077909734514024,-1.6077907297346328,-1.3783242874675328,-2.447101804945204e-07,0.0010000100592151284,0.0024509090231731533,0.1554878331720829,7.973381127251519
1199,-1.9220428309350643,-1.9220426015134127,-1.7521327902685921,-2.2499347632786013e-07,1.0,0.0010000222916099822,0.005859773026181842,0.30520505317539537,7.192068891705207,-1.5509841018252901,-1.5509841680526733,-1.3595099846522014,6.871090994940863e-08,0.0010000147494590944,0.0030736739333305095,0.15299805700778962,8.521496910519069
1200,-1.9381632085116405,-1.9381633232224662,-1.7591840523593831,1.0880659211356685e-07,1.0,0.0010000230779625334,0.005149480552887017,0.24734336362694795,7.150369275291011,-1.5580423951148987,-1.5580423990885417,-1.3291823108990988,-1.4073318905300564e-09,0.001000008108611736,0.0019366329949763086,0.12489964916474289,7.397079139285617
1201,-1.9355217308368322,-1.9355233165453065,-1.7239955258819293,1.5730565448976912e-06,1.0,0.0010000188957970098,0.005605112704149676,0.26223223726704437,7.646761124988772,-1.5344441148969863,-1.5344440711869134,-1.2770136293437746,-3.990199830796983e-08,0.0010000072160942686,0.0022788914593143595,0.15359740050302612,8.097499720255533
1202,-2.0063684818879612,-2.0063684593956426,-1.8133250969760824,-1.4479430216663289e-08,1.0,0.0010000205783278874,0.004353075149855664,0.2453647273469646,6.806326425300454,-1.4816497749752466,-1.48164967695872,-1.203014762699604,-1.008311907450358e-07,0.001000010292045772,0.002323877969239321,0.1580726097855303,8.243178251054552
1203,-2.0249309652256517,-2.0249309472317965,-1.829664282079013,-1.2722217811728423e-08,1.0,0.0010000182082876563,0.003993111557133918,0.21312071488432163,6.432286608893916,-1.5230388124783836,-1.523038841618432,-1.2527942379315695,2.8643343183729384e-08,0.001000006641778681,0.0020922276501854262,0.1355384697516759,7.932335440317791
1204,-2.006899228635824,-2.0068991881496503,-1.7968413087556947,-3.964271185533056e-08,1.0,0.0010000106918115943,0.004480379055921902,0.24852148485633563,6.884135066338305,-1.5469555192523532,-1.5469555086559719,-1.2860728787051308,-1.2914339701334636e-08,0.001000006233031551,0.0022970380106319983,0.13933296530610986,8.161135864257812
1205,-2.0359714863435276,-2.035971409869644,-1.8258166785510082,-6.628205191414311e-08,1.0,0.0010000156647227002,0.003814713232096214,0.22575974576878097,6.610583192897293,-1.5155940175056457,-1.5155940784348383,-1.258777872721354,5.447202258639865e-08,0.0010000089726721246,0.0021460331976413728,0.1260726763556401,8.044213793012831
1206,-2.018094002075915,-2.018093894112785,-1.8202321034557414,-1.2673015864390247e-07,1.0,0.0010000162314237008,0.004093904540223896,0.2298389660581103,6.717323640607438,-1.4221650044123335,-1.4221650256050957,-1.1241911964284048,2.0530488755967882e-08,0.0010000093426141474,0.002281793765723705,0.15129275028076436,8.440835126241048
1207,-2.012077702666229,-2.0120776486846634,-1.8306373200326596,-5.890175981341668e-08,1.0,0.0010000128927201313,0.004066448909107526,0.24268006181941842,6.48702802298204,-1.534631374147203,-1.5346313092443677,-1.2790116826693216,-6.175703472561307e-08,0.0010000081655258933,0.0022541892481967806,0.13683547770811452,7.919418758816189
1208,-2.010239547153689,-2.010239436941327,-1.7979969326055274,-1.195607320317682e-07,1.0,0.0010000190693217348,0.0039024060715060187,0.20391684081756845,6.859657989358002,-1.503432223531935,-1.5034324248631796,-1.2359762946764628,2.0389755566914877e-07,0.0010000067219759028,0.0020245094628383717,0.12664380483329296,7.997823672824436
1209,-2.009009651418002,-2.00900954120564,-1.812279982386895,-1.1133697797667306e-07,1.0,0.0010000093058103099,0.004078917787410319,0.21738535436397455,6.765436316436192,-1.2970536390940348,-1.2970534218682184,-0.9537346747186449,-2.2558702362908258e-07,0.0010000028673352466,0.0021222568168822262,0.14252709162731966,9.032965564727782
1210,-1.979139411224509,-1.9791393504952484,-1.7561125575371508,-6.796897582288058e-08,1.0,0.001000018054531571,0.005141503937577583,0.2808070660059182,7.0603102063233,-1.5262203388743931,-1.5262204580836827,-1.2770395848486158,1.2367963790893556e-07,0.0010000080982637074,0.00229618091446658,0.14561037479175462,8.085947301652697
1211,-2.0071260434276654,-2.0071258882306657,-1.8132013329919778,-1.4528632164001465e-07,1.0,0.0010000127719117786,0.00467422957980197,0.2513205695124167,7.076741699902517,-1.5247244768672519,-1.5247241391075983,-1.2615610904163785,-3.348622057172987e-07,0.0010000038814420502,0.0023896704039846855,0.16258854907419945,8.359823682573106
1212,-2.0468612077101223,-2.046860933303833,-1.8398709274687857,-2.805213883238019e-07,1.0,0.001000009064193604,0.0038646113738101326,0.19442335365094104,6.754746513546638,-1.5028046382798088,-1.502804234292772,-1.2208045184612275,-3.9968225691053603e-07,0.001000005464690427,0.00245623590114216,0.17315900416837798,8.620128970675998
1213,-1.9847507049452584,-1.9847505362528675,-1.7922913960690767,-1.615932527578102e-07,1.0,0.0010000152407952075,0.005028083988570802,0.27896024399208574,6.985905773234817,-1.4418276667594911,-1.4418275621202257,-1.155676049656338,-1.0223852263556586e-07,0.0010000030846438474,0.002506742129723231,0.14678711700770591,8.968108982510039
1214,-2.019678552195711,-2.0196785207064645,-1.8078516406833,-3.6057998549263435e-08,1.0,0.0010000140458907721,0.0038284578685701454,0.19484271829561242,6.827610294773893,-1.395422351360321,-1.3954224242104425,-1.0816888113816578,7.309847407870823e-08,0.0010000074282288552,0.002105337805632088,0.10553307636744447,8.55269678963555
1215,-2.0020295291576744,-2.0020293582160518,-1.7866600009630311,-1.8317182109041034e-07,1.0,0.0010000138130601285,0.004571216853054345,0.2511720257758532,7.096257956522815,-1.4804730017979941,-1.4804725289344787,-1.218777788347668,-4.844533072577583e-07,0.0010000057854793137,0.002599337102017469,0.15813943006926112,8.488264094458685
1216,-2.034626882031279,-2.034626549144961,-1.8388843131515216,-3.3274574099846604e-07,1.0,0.0010000126379243327,0.004511285718214119,0.2160812127140333,6.540835016178635,-1.4228187455071344,-1.4228184196684095,-1.14099147717158,-3.329581684536404e-07,0.0010000041815348797,0.001985302267389165,0.12615502555337216,7.960545825958252
1217,-2.0300229315487845,-2.0300226144070894,-1.810583436264182,-3.216401585992777e-07,1.0,0.0010000131870532092,0.003917823995920425,0.22836010832831544,6.7793620217521235,-1.5397474196222092,-1.5397471030553183,-1.2630739132563273,-3.208716710408529e-07,0.0010000064244700803,0.002037993207987812,0.12202197110487355,7.778344440460204
1218,-2.048245630174313,-2.0482452860418356,-1.8455582182362396,-3.3330804896804523e-07,1.0,0.001000010838978133,0.0040020270510313085,0.25716498459004006,6.458983727221219,-1.5081585645675657,-1.5081581936942206,-1.2257598598798116,-3.685553868611654e-07,0.0010000060260709788,0.002300460393437081,0.16826453846361902,8.11402022043864
1219,-2.013607978820801,-2.0136076504329465,-1.8014560240619588,-3.406180525725743e-07,1.0,0.0010000117219773666,0.004375245857034933,0.22259224610368036,6.875851442229073,-1.516688723034329,-1.51668838262558,-1.2388932741350598,-3.354416953192817e-07,0.00100000510768344,0.002278141454896993,0.15933567724294131,8.098470380571154
1220,-1.9943899186152332,-1.9943895992243066,-1.779458057205632,-3.164388098806705e-07,1.0,0.00100001681350031,0.004027876313248614,0.22389201131069436,7.054145354144978,-1.4800514366891648,-1.48005108833313,-1.186809159649743,-3.5150183571709526e-07,0.0010000094771385193,0.0025347448290429183,0.1597564243608051,8.66836757659912
1221,-1.9901086654303208,-1.9901083257963073,-1.8093980708212223,-3.3422179941861136e-07,1.0,0.001000015655936638,0.004789030388050343,0.2743204508047059,6.8470136264585095,-1.4330362651083202,-1.4330361829863654,-1.1504118555121952,-9.412566820780436e-08,0.0010000047377414173,0.0020243701576772664,0.1063819626553191,7.990160995059544
1222,-2.048138013425863,-2.048137696284168,-1.8400163425589509,-3.1285409657460336e-07,1.0,0.0010000142347911056,0.0037298284071269183,0.19209075571512277,6.488866144756101,-1.4597422030236986,-1.4597420718934802,-1.1815702696641286,-1.2922618124220107e-07,0.001000006983263625,0.0021159129346617392,0.13011564030829403,8.0767869843377
1223,-2.0106229174811885,-2.010622600339494,-1.8105339869013373,-3.259980453635162e-07,1.0,0.0010000158470334871,0.00408652130039936,0.22373830077220808,6.895501411186074,-1.480510452720854,-1.4805103580156962,-1.2035701566272312,-8.882747756110298e-08,0.0010000077205606632,0.0021534639462414715,0.13054536481698353,8.052507464090983
1224,-1.9729977171376067,-1.972997413491303,-1.764101190387078,-3.139084240175643e-07,1.0,0.0010000213295361907,0.004656318739882477,0.26281672705597475,7.305075892862284,-1.384256972206963,-1.3842567933930292,-1.0961947560310363,-1.680519845750597e-07,0.0010000066133216024,0.0026539494619808265,0.1609660107228491,9.20317752626207
1225,-2.006547954847228,-2.006547615213214,-1.822994758497994,-3.376659357322837e-07,1.0,0.0010000182566109975,0.004011370986260755,0.22497201366525776,6.560250723137046,-1.4059773643811542,-1.4059772451718648,-1.1041673392057418,-1.196232106950548e-07,0.0010000086829273238,0.002138911438588467,0.13766697471340497,8.473959763844807
1226,-1.9783133200879366,-1.978313018690865,-1.7812541723251343,-2.9893697432751925e-07,1.0,0.0010000229725297893,0.004676351238059688,0.2639651860830919,7.233442414481685,-1.3952665103806392,-1.3952662838829888,-1.0826145814524757,-2.2244122293260361e-07,0.0010000096013148625,0.002750105749712222,0.1545236364006996,9.19516052669949
1227,-2.012014757912114,-2.012014445268883,-1.8211418187843178,-3.2536544889773963e-07,1.0,0.0010000188782248857,0.004840642907920311,0.2714941013815268,6.693015539421226,-1.5312691741519506,-1.5312690602408514,-1.274342312415441,-1.0654330253601075e-07,0.0010000071436580685,0.0023698056841062174,0.1643848955631256,8.104286363389757
1228,-2.027052784865757,-2.027052508210236,-1.8422634354177512,-2.852307175690273e-07,1.0,0.0010000117944623783,0.004097637680868777,0.23794413772675227,6.504519399606957,-1.570191510518392,-1.5701913913091023,-1.3269849909676446,-1.2293457984924316e-07,0.0010000081215467717,0.0024442525011383826,0.1745595321059227,8.069114526112875
1229,-1.9891354745289065,-1.989135186627226,-1.7726180845836423,-2.898697583180554e-07,1.0,0.001000020442143926,0.004746814847062781,0.22959097017938235,7.244032652872913,-1.5549036343892413,-1.5549035019344755,-1.2921990897920397,-1.3899472024705675e-07,0.0010000103618949651,0.0023043313399992056,0.1417687849038177,7.985513348049588
1230,-2.0318715999711237,-2.031871298574052,-1.8403523890477307,-3.007644752286515e-07,1.0,0.0010000172725720506,0.00388982475577098,0.23898388677329388,6.4264152184972225,-1.5323458009295992,-1.5323457267549303,-1.2633685436513689,-7.715490129258898e-08,0.0010000078395629923,0.0023792966657007735,0.16292538456618785,8.189301702711317
1231,-2.0193789117741137,-2.0193786351185925,-1.7963841006440937,-2.7707725201012954e-07,1.0,0.0010000172286417405,0.004015888588256993,0.22805150373364394,6.808864530527367,-1.5104714685016207,-1.5104713572396173,-1.2468997491730585,-1.1548399925231934e-07,0.0010000066986928383,0.0023486883379518985,0.14140473206837972,8.255046473609077
1232,-2.039114922847388,-2.0391146124533885,-1.838073507794794,-3.032948610917577e-07,1.0,0.0010000150189471413,0.0036691777706849126,0.21155100069799512,6.361678015510991,-1.5187292363908553,-1.5187291317515903,-1.2540527913305495,-1.0099675920274522e-07,0.0010000050766393541,0.0023129751026216483,0.11555937019487222,8.338706323835584
1233,-2.0286390061648385,-2.028638736257013,-1.8319756962218374,-2.758120590785764e-07,1.0,0.001000014392940222,0.0036025011586903965,0.2044920904105002,6.397474999697703,-1.5427341606881884,-1.5427340242597791,-1.2693154897954728,-1.2310014830695258e-07,0.0010000082483101222,0.002158117475402024,0.10332056817909081,7.916372055477566
1234,-2.0338965024588243,-2.03389621005868,-1.8492835040362376,-2.9612543447962346e-07,1.0,0.0010000173011267522,0.0040431399939511465,0.22524077631533146,6.472997067109594,-1.3818866093953452,-1.3818865034315322,-1.077880325126979,-1.14159451590644e-07,0.0010000080025444429,0.002342845900501642,0.13734430621067684,8.583246040344239
1235,-2.0347157986658924,-2.034715526508835,-1.8146953920148454,-2.748983086280103e-07,1.0,0.0010000145862335867,0.003821618325639305,0.21650700759634656,6.7454059798762485,-1.5514361672931247,-1.5514360772238838,-1.2847766253683301,-7.28501213921441e-08,0.0010000048515697321,0.0019747975954992904,0.10321833818323083,7.723438146379258
1236,-2.012782521967618,-2.0127822205705463,-1.8352985607003265,-3.082150558255753e-07,1.0,0.001000013072834403,0.004425952123161757,0.24626393777863034,6.6489834020722585,-1.5181295169724358,-1.5181293739212884,-1.268506019645267,-1.4280279477437338e-07,0.0010000085095978445,0.002060838217019207,0.11700097053415245,7.6435352431403265
1237,-1.9715206915477537,-1.97152038790145,-1.8100705394205057,-2.9985072477808537e-07,1.0,0.0010000241806133177,0.005145931458276398,0.26959172485150257,6.991070374002996,-1.5060974068111845,-1.5060972902509902,-1.245545603831609,-1.1589792039659288e-07,0.001000007565340234,0.002234518546093669,0.13460060130390855,8.27426962322659
1238,-2.002548354976582,-2.0025480873179884,-1.8231217872421697,-2.7159474930673274e-07,1.0,0.0010000179183476095,0.0037693059212475454,0.2067237758903571,6.6516701005539804,-1.4791676746474376,-1.4791674852371215,-1.2016208019521502,-1.9280446900261772e-07,0.0010000103282638722,0.002476653254901369,0.15987371976176898,8.677818817562526
1239,-1.982178676803157,-1.9821783776553172,-1.8067995039921887,-2.979529353807557e-07,1.0,0.0010000150453053273,0.004930560400199918,0.28167912342919493,6.8463201342888595,-1.4228743963771397,-1.422874289088779,-1.1074261400434706,-9.768539004855685e-08,0.0010000056457809276,0.002185587334032688,0.1360743965125746,8.53430905871921
1240,-2.0343156108316385,-2.034315338674581,-1.8206844689711086,-2.7075128735236403e-07,1.0,0.0010000136856622292,0.0034929801037816227,0.20449458653072142,6.707253793500504,-1.4280082335074744,-1.4280080758863025,-1.115482059535053,-1.6051861974928114e-07,0.0010000052059897118,0.0021170010479787988,0.1419603312181102,8.194404549068874
1241,-2.034450247602643,-2.034450263347266,-1.8580890511566739,3.029434186107708e-08,1.0,0.0010000125105264334,0.004199300514850414,0.23137318553789607,6.469330945104923,-1.464599715338813,-1.464599765671624,-1.1608976238303714,5.0250026914808485e-08,0.0010000052577298548,0.0019851978661285506,0.13656779904332425,7.995069419013131
1242,-1.9671470714065264,-1.9671470646588307,-1.7672432458625649,2.9521168402905736e-09,1.0,0.0010000141601095784,0.0048549312940043094,0.278993306997812,7.411048524784592,-1.5506560405095415,-1.5506560219658745,-1.2976771169238621,-2.1441115273369683e-08,0.00100000804134955,0.003978673089295626,0.2686085648006863,8.905005497402614
1243,-1.9561615530050025,-1.9561618161651324,-1.7670795085295192,2.63089841266848e-07,1.0,0.0010000184235461759,0.007155640349494961,0.44875437288351777,7.448029378675065,-1.477714705467224,-1.477714717388153,-1.1710349791579777,1.448724004957411e-08,0.0010000088847138815,0.0022138515383832986,0.11970243673357699,8.246527724795872
1244,-2.0204088170573398,-2.020409752737801,-1.7953501804819647,9.385622897238102e-07,1.0,0.0010000158580160648,0.0044532177183460794,0.226375383447926,7.116890466438149,-1.4523468653361002,-1.4523471315701804,-1.1470182807909117,2.72442897160848e-07,0.0010000102791107362,0.002526666218828824,0.17044919145603973,8.647777462005616
1245,-2.036527791113224,-2.036529833415769,-1.815902759444039,2.0337273489754154e-06,1.0,0.001000018214877203,0.003710072221814321,0.19931188387409696,6.624341946727824,-1.4761899656719633,-1.4761899080541399,-1.1803844653897815,-6.382664044698079e-08,0.0010000052758389049,0.002098584273416135,0.12182680173880524,8.116424210866292
1246,-2.0490314623094954,-2.0490314398171767,-1.8822288355737362,-2.1859722317389723e-08,1.0,0.0010000119745766497,0.0034109748711036343,0.2041931653500728,5.911053774491796,-1.4880170385042824,-1.4880169802241856,-1.2152293536398147,-6.48200511932373e-08,0.001000006046767036,0.0020237061764217085,0.12717110336654716,7.867623382144505
1247,-1.9816704336202369,-1.981670397632527,-1.777446155278188,-4.104848177927845e-08,1.0,0.0010000160117721502,0.004772737374054795,0.2608237945527401,7.292401439738724,-1.5257591764132181,-1.5257588942845663,-1.254850987593333,-2.878407637278239e-07,0.0010000048567437463,0.0028811885794210765,0.17563248922427496,8.83812297185262
1248,-2.001424638730175,-2.0014245735024505,-1.7979451800292392,-6.796897582288058e-08,1.0,0.0010000154802153975,0.005105604692186527,0.27638874357601384,6.914591127971433,-1.5056371794806587,-1.5056369304656982,-1.2081995493835873,-2.495116657680935e-07,0.00100000464460916,0.0019836657318390077,0.11208792395061917,7.876916450924343
1249,-2.00498555516297,-2.0049854359536803,-1.805170992635331,-1.3122862240053572e-07,1.0,0.0010000168771992595,0.004342676360019535,0.22940206127065532,6.8336544261788426,-1.6032255543602842,-1.6032251914342244,-1.3558164371384516,-3.6284327507019045e-07,0.001000010615421666,0.0025459537722377313,0.1593940917816427,8.124380238850913
1250,-1.9676954408861556,-1.967695341919953,-1.7876080139627997,-9.861476016494463e-08,1.0,0.0010000198073509448,0.004797572274428775,0.259606105398457,6.9430897145901085,-1.400052481227451,-1.4000522825453017,-1.1085571845372517,-1.9172827402750652e-07,0.0010000067556069957,0.002438000007532537,0.13396184626552793,8.93439826965332
1251,-2.016157278474772,-2.0161571345239317,-1.810732677297772,-1.4198276231873711e-07,1.0,0.0010000167344257516,0.004423335712965367,0.22121455906978194,6.754053817605072,-1.54489719470342,-1.5448968503210279,-1.2603005680772994,-3.6127037472195094e-07,0.0010000072238552902,0.0021967864802314176,0.13428492413626777,7.850202147165933
1252,-2.0316024996199697,-2.03160227244755,-1.8404265732135412,-2.4312790834678796e-07,1.0,0.0010000155131631302,0.003841840178828757,0.2084972360083517,6.420836862528099,-1.483534398343828,-1.4835342632399664,-1.1876702106661268,-1.3742181989881726e-07,0.0010000062899457084,0.0022337775703312624,0.13482138427595297,8.143955018785265
1253,-2.025336537721022,-2.0253362363239504,-1.7972631971791106,-3.0456005402331083e-07,1.0,0.0010000141073932063,0.004537469153907502,0.25760433422225826,7.036119578019628,-1.3975227846039666,-1.3975225859218174,-1.073547782169448,-2.0191073417663575e-07,0.0010000064994932878,0.0027140835739879144,0.13970023381213348,9.338712416754829
1254,-2.032126114053546,-2.032125801410315,-1.8089648552660673,-3.1763371431602624e-07,1.0,0.0010000127213919219,0.004596914709457812,0.24200641093248465,7.261205790177831,-1.458798219097985,-1.4587981237305536,-1.1687298715114594,-9.081429905361599e-08,0.0010000030691218046,0.0021428520894712874,0.13483443011840185,8.296963342030843
1255,-1.992857501191913,-1.9928572110410006,-1.821338878487641,-3.025919761297838e-07,1.0,0.00100001240948672,0.004853059388345705,0.2904427732639718,6.723332967398302,-1.378621107339859,-1.3786209993892247,-1.1011687487363815,-9.909272193908692e-08,0.0010000016695509355,0.001902890019118786,0.1193891715672281,8.117796431647408
1256,-2.0263098883179,-2.026309591419292,-1.7994855619826406,-3.134866930403799e-07,1.0,0.0010000100570186129,0.0040599967744025705,0.23520300210506287,6.782279752335459,-1.6002996616893346,-1.6002995981110466,-1.359706495867835,-6.225374009874132e-08,0.0010000026474396388,0.0022012883202276296,0.13942984297043748,7.678880871666802
1257,-2.038826697277573,-2.038826402628197,-1.8470455970404283,-2.9120523974580585e-07,1.0,0.001000012075616363,0.0036469083520987967,0.2084197276886904,6.452709967235349,-1.5744108279546103,-1.5744107498062982,-1.3269187264972262,-8.286701308356391e-08,0.001000003878855043,0.0020203625705714026,0.1247859150585201,7.544275612301297
1258,-1.9879072297294185,-1.9879069485754337,-1.7966731359373849,-2.9774206989216356e-07,1.0,0.0010000139448510588,0.004608656255581047,0.25617183266945603,6.86194567410451,-1.4975712617238364,-1.4975711597336663,-1.2122604959540897,-9.669197930230035e-08,0.0010000057828923067,0.00230304935377919,0.1236659563663933,8.065083609686956
1259,-2.009175140902681,-2.009174830508682,-1.841544823826484,-3.1601707890348614e-07,1.0,0.00100001360219464,0.004184755654829853,0.21490372741981498,6.424509093446551,-1.6052844047546388,-1.6052843239572314,-1.3681903653674656,-6.986988915337457e-08,0.001000006861674289,0.002138039878466063,0.14639420352048343,7.639481989542644
1260,-2.04175987783468,-2.041759596680695,-1.835878257481557,-2.9577399199863647e-07,1.0,0.0010000137032343532,0.00386741781993857,0.2505101763977195,6.453652660801725,-1.606507995393541,-1.606507913271586,-1.3574359191788568,-8.427434497409397e-08,0.001000007050525811,0.0020588710464330183,0.10561951912111706,7.618688095940483
1261,-2.036711224969828,-2.0367109595604664,-1.8558550240858547,-2.7637436704815556e-07,1.0,0.0010000122842853362,0.00391528376527482,0.21886220665754014,6.1562580792409065,-1.4277074224419062,-1.4277074224419064,-1.110741898831394,-1.556343502468533e-08,0.001000003946117229,0.0021155555758418307,0.12575161759224202,8.588366603851318
1262,-2.0392290826113717,-2.039228803706619,-1.8184518161809669,-2.7939677238464355e-07,1.0,0.001000011497932785,0.003694303142662459,0.19287598969520264,6.836595989623159,-1.5303261015150282,-1.5303260260158116,-1.2564180519845751,-6.788306766086154e-08,0.0010000043807344304,0.0022640170270784034,0.13552033379673958,8.145557265811497
1263,-2.014354017545592,-2.014353722896216,-1.7906421040588956,-2.8572273704240906e-07,1.0,0.0010000154604467581,0.004188689273641497,0.2724105421945734,7.031003583152339,-1.5355343368318346,-1.535534335507287,-1.2770581742127736,-1.34938293033176e-08,0.001000007736082706,0.0022809279927362997,0.1595776519841618,8.013591957092286
1264,-2.052067500240398,-2.052067216837181,-1.861824114367647,-2.745468661470233e-07,1.0,0.0010000222586622498,0.003179720794026441,0.15039048881603861,6.135190401437147,-1.5850226018163893,-1.5850226018163893,-1.3226279841528998,-1.6225708855523002e-08,0.001000008362138437,0.002129267854616046,0.12620738409459592,7.8294730610317655
1265,-2.031180336790265,-2.0311800826270625,-1.8305498564018394,-2.644956111907959e-07,1.0,0.0010000188562597305,0.0037292882026928775,0.21508338154768045,6.537555186253674,-1.500747881995307,-1.5007478713989257,-1.2135883003473282,-4.1723251342773435e-08,0.001000006452927159,0.0019440678983098931,0.13473418321874406,8.034552669525146
1266,-2.024306591951622,-2.0243063107976376,-1.8451519709713053,-2.7820186794928786e-07,1.0,0.0010000157350111964,0.0039287652899423296,0.24166690501964316,6.4559022750494615,-1.539501538541582,-1.539501538541582,-1.287637863556544,-1.755025651719835e-08,0.0010000069703285893,0.002186823323265546,0.14210999723937776,8.005706596374512
1267,-2.0235099972419017,-2.023509734081772,-1.8032259761162523,-2.5346031728780494e-07,1.0,0.001000015776744991,0.0038627556169335293,0.21939595528649833,6.691584951472732,-1.5609366522894965,-1.5609366046057807,-1.2956069827079773,-4.784928427802192e-08,0.0010000042332750229,0.0018977048703365856,0.11024593789544371,7.544125556945801
1268,-2.0429218422691777,-2.042921579109048,-1.850386212456901,-2.6639340058812556e-07,1.0,0.001000012782894356,0.0038540932363039762,0.2013613370089036,6.450702181402242,-1.2766860743363693,-1.276686019367642,-0.8923171266499493,-5.977021323310004e-08,0.0010000061088552077,0.002157962366214229,0.1273678275032176,8.93132374021742
1269,-2.012888339330565,-2.012888143647392,-1.824009454475259,-1.9870557875003456e-07,1.0,0.0010000106325056756,0.0038902441298870266,0.22623317105309018,6.527461339842598,-1.6443141804801091,-1.6443137036429512,-1.4276730272505018,-4.7617488437228733e-07,0.0010000039073121217,0.0021758631725485125,0.11483156312670972,7.781447442372639
1270,-2.002320170402527,-2.0023201209194257,-1.8124559397967357,-4.702300395605699e-08,1.0,0.0010000179732604971,0.004575748112984002,0.2466281079247875,6.70224270280802,-1.4469783385594686,-1.4469781289498012,-1.1588045729531182,-2.1482507387797037e-07,0.0010000051128574543,0.0018474032662601934,0.10114143292109172,7.921067831251356
1271,-1.991396870253221,-1.9913966385823376,-1.8045366755071677,-2.2956222858069078e-07,1.0,0.0010000149332830366,0.004396004784623829,0.2620033478399493,6.840421208795512,-1.5337403655052184,-1.533740176094903,-1.2783399767345853,-1.845260461171468e-07,0.0010000064063610302,0.002507377736684349,0.1695968405240112,8.49938217798869
1272,-1.9776109367046717,-1.9776106802922375,-1.7736197867483463,-2.5458493322696327e-07,1.0,0.0010000167717665153,0.005155126197386603,0.3271556837167942,7.186450832294968,-1.5646510693762037,-1.5646508865886264,-1.3332320511341096,-1.8643008338080512e-07,0.0010000054595164128,0.002302032468530039,0.16071239254540867,7.88453556696574
1273,-2.0130685387917286,-2.013068271133135,-1.8242293348852194,-2.642847457022037e-07,1.0,0.0010000142303980746,0.004491258742076889,0.25251403345533135,6.936880210660538,-1.4481244842211405,-1.4481243769327798,-1.1403253399663502,-1.0472204950120714e-07,0.0010000042617321014,0.002088068513613608,0.12302462081942293,8.374338563283285
1274,-1.9904852183359973,-1.9904849371820126,-1.7989824403007075,-2.709621528409562e-07,1.0,0.0010000156866878552,0.00468409874142622,0.2614918934567919,6.891722620658155,-1.4936613294813372,-1.4936612394120958,-1.2311525331603157,-8.692344029744466e-08,0.0010000034752819273,0.0024376010755077005,0.15140736719800366,8.524187903934052
1275,-2.028284432753077,-2.0282843675253526,-1.855786883606101,-6.487628199019522e-08,1.0,0.001000013815256644,0.0036310747173562085,0.2161490352789186,6.194453783755033,-1.433376959959666,-1.4333769467141892,-1.160253730085161,-6.622738308376736e-09,0.0010000051180314687,0.002275895130717092,0.13485982873373561,8.685682243771021
1276,-2.005737399155239,-2.005737174232051,-1.7929650252720095,-2.292810745959012e-07,1.0,0.0010000158953568283,0.004132164883831481,0.24905273100396372,6.957907906118429,-1.463123404979706,-1.4631232380867005,-1.168499046895239,-1.600219143761529e-07,0.001000007050525811,0.0022291131498706008,0.1308218338009384,8.57868856853909
1277,-2.030678535407444,-2.030678283493474,-1.811119093085235,-2.571153190900695e-07,1.0,0.0010000173626291864,0.0037797539086379815,0.21416216470160573,6.771156153588925,-1.520348861482408,-1.5203487541940477,-1.2562971313794453,-9.751982159084744e-08,0.0010000081111987433,0.002212870219308469,0.12006119866338041,8.34929313659668
1278,-1.9722352005400747,-1.9722349328814812,-1.750888337504189,-2.65409361641362e-07,1.0,0.0010000128949166469,0.005142512573104985,0.2789764144229439,7.588062349355446,-1.2737942152553134,-1.2737940470377604,-0.9031740976704492,-1.6714135805765788e-07,0.0010000062356185582,0.0020552054280415176,0.09751894763774342,8.798974471622042
1279,-2.0040063700585997,-2.0040060979015424,-1.8149353648131747,-2.566935881128851e-07,1.0,0.001000014500569482,0.004418040911298034,0.23301652270667958,6.692901602331197,-1.3557249135441252,-1.3557248022821216,-1.0475687637925148,-1.1349717775980631e-07,0.001000004460931652,0.002025477634742856,0.08865565756956736,8.804356416066488
1280,-2.0072718993672787,-2.0072716384563805,-1.800403822143123,-2.6337099525163757e-07,1.0,0.0010000128312176973,0.004208136125871877,0.24465351586915413,6.845823072037607,-1.3966028736697302,-1.3966027696927388,-1.0926148633990023,-9.826487965053982e-08,0.001000004714458353,0.0018520372272986506,0.09679380365543895,8.350800079769558
1281,-2.0252284778738923,-2.025228219212226,-1.8456625466076833,-2.578182040520434e-07,1.0,0.0010000121173501578,0.004366755105537486,0.2439403308309474,6.478195856202324,-1.612827090422312,-1.6128269129329258,-1.362740287515852,-1.8237365616692437e-07,0.00100000464460916,0.0020633800912441477,0.11920286702613035,7.58300076590644
1282,-2.0181834427815564,-2.018183172873731,-1.8042205617112934,-2.7018897938278484e-07,1.0,0.0010000146455395053,0.003591835340660698,0.19734704536649417,6.723339314730662,-1.5768211762110391,-1.5768210583262974,-1.3529489676157633,-1.1805031034681533e-07,0.0010000051257924901,0.002469571948879295,0.13773272881905238,8.233474975162084
1283,-2.010588434507262,-2.010588198337915,-1.8153307527866003,-2.399649260179052e-07,1.0,0.0010000164269135807,0.004344117138007621,0.24034815661187442,6.643658889914459,-1.5668651779492697,-1.5668648468123543,-1.3061833779017131,-3.228584925333659e-07,0.0010000070246557395,0.0023142813756648036,0.13131639762885042,8.043762005700007
1284,-1.980665053961412,-1.9806649302536588,-1.783702845843333,-1.263787161629155e-07,1.0,0.001000018120427036,0.00435617559079854,0.2102654457514016,6.814306461586143,-1.522504280673133,-1.5225042872958714,-1.2537538992034065,1.4321671591864692e-08,0.0010000054569294055,0.0020136013239001236,0.09680542560915152,7.906782044304742
1285,-2.0073825120925903,-2.0073828584742994,-1.8218727561662782,3.64445852783491e-07,1.0,0.0010000161062223168,0.003807324773350836,0.22671536616278146,6.4861339937965825,-1.5263231476147971,-1.526323103904724,-1.241208228800032,-3.7584039900037976e-08,0.0010000033666276269,0.002085842616442177,0.09836806464526389,8.148427391052245
1286,-2.0422709190620565,-2.0422708853235783,-1.818886565712263,-2.8677706448537e-08,1.0,0.001000011649492355,0.0037751080894421014,0.22464991090292075,6.686123897444527,-1.5678483446439109,-1.5678481962945727,-1.3211609721183777,-1.5687611367967395e-07,0.0010000036460243993,0.0032852077416868674,0.16939795936147373,9.038941923777262
1287,-2.022408901520495,-2.0224088340435387,-1.8210728101010591,-7.169426612134249e-08,1.0,0.0010000115001293005,0.00426681458132939,0.23945730720769684,7.006689386547737,-1.475323353873359,-1.4753231432702807,-1.1883090062273873,-2.1176205741034613e-07,0.0010000029423584541,0.00210152431908581,0.12075695904592673,8.221805010901557
1288,-2.050820490099349,-2.0508203056623353,-1.8526970013132635,-1.849993219915426e-07,1.0,0.001000013307861562,0.003867104717635743,0.21518072085279338,6.280816172653774,-1.3765906943215265,-1.3765905479590097,-1.0537285655736923,-1.4611416392856174e-07,0.0010000024896322025,0.001736138137574825,0.0706901419079966,8.145805517832436
1289,-2.0386129730152636,-2.038612723350525,-1.8220356950220071,-2.571153190900695e-07,1.0,0.001000010964179517,0.0038082339462630873,0.20328133159650946,6.64325464896436,-1.5464590655432808,-1.5464587410291035,-1.302445363998413,-3.2252735561794707e-07,0.0010000052240987619,0.002063667802657518,0.11020258048342334,7.851593886481392
1290,-2.0253819654572687,-2.025381675306356,-1.855923036359391,-2.850901405766325e-07,1.0,0.0010000200621467436,0.004029822114081877,0.22400064717205065,6.462373441120364,-1.6153283026483325,-1.6153279370731777,-1.3764129559199014,-3.65244017706977e-07,0.001000006062289079,0.0021781947929412127,0.1492421412219604,7.730344518025716
1291,-2.031227374976536,-2.0312270960717833,-1.8264298551487472,-2.682209014892578e-07,1.0,0.0010000134286699148,0.0041458961259538555,0.24764010148509494,6.76000859152596,-1.5853887067900765,-1.5853884392314488,-1.3251386510001288,-2.701249387529161e-07,0.0010000050042031539,0.0018800403508875106,0.09995279726054933,7.522238339318169
1292,-2.0626623023231074,-2.0626620099229633,-1.856960746477235,-3.060361124434561e-07,1.0,0.0010000111794380366,0.003459781254553851,0.19348567506333567,6.260491803007306,-1.5200985537634955,-1.5200983537567987,-1.2447347061501608,-2.0215908686319987e-07,0.0010000038762680357,0.0020242187918888196,0.10073736608028412,7.938466983371311
1293,-2.050592494460772,-2.05059222905141,-1.8640386316011537,-2.6372243773262456e-07,1.0,0.0010000104370157955,0.0036972453751829715,0.21696520487795462,6.441396519822894,-1.5966640737321642,-1.5966639558474223,-1.3519086864259509,-1.215272479587131e-07,0.0010000035942842563,0.001969532453868952,0.0875116682300965,7.53938266966078
1294,-2.0447482747851677,-2.0447481668220377,-1.8563701274260036,-1.1372678684738447e-07,1.0,0.0010000139646196985,0.0037264199136703645,0.215224942438445,6.324993587889761,-1.4377114322450424,-1.4377113216453128,-1.121850287169218,-1.1382831467522516e-07,0.001000003007033633,0.002307597897015512,0.12619802720016904,8.604884147644041
1295,-2.0269809219072448,-2.0269808769226074,-1.810300073533688,-4.983454380395278e-08,1.0,0.0010000111025599938,0.004017862062989119,0.21964265806776173,6.786830839121117,-1.4604677034748927,-1.4604676610893674,-1.1800880471865336,-3.799796104431152e-08,0.0010000047429154317,0.0021989955023551983,0.11723741193612416,8.435923290252687
1296,-2.015558994041299,-2.0155589827951395,-1.7946663217724494,-7.239715108331644e-09,1.0,0.0010000173582361553,0.004414949241041575,0.25740371876448953,6.9545170316156355,-1.4498343560430738,-1.4498342434565226,-1.1599081112278833,-1.1689133114284939e-07,0.0010000030561867687,0.0019288853612831898,0.09527103578050931,7.839445749918622
1297,-2.000498947107567,-2.0004989178675525,-1.8022047663634677,-1.7782989537940835e-08,1.0,0.0010000155219491923,0.004750028896180667,0.279263154199382,7.156330873381417,-1.4981565329763626,-1.498156021700965,-1.227130784591039,-5.039903852674696e-07,0.001000005635432899,0.0019132255524810817,0.0787616347687112,7.859360059102375
1298,-2.045071592870748,-2.045071545636879,-1.8456724814648897,-6.663349439513009e-08,1.0,0.0010000154450711496,0.0037369414250243383,0.2093564592793865,6.633756884988749,-1.4269081513086954,-1.4269083009825811,-1.1173746234840818,1.5637940830654567e-07,0.0010000055216045844,0.0019167591791806949,0.08794061096592082,8.137782457139757
1299,-2.0485623850012726,-2.04856228603507,-1.8621123264420707,-8.561138836842663e-08,1.0,0.0010000139777987915,0.003982153692599034,0.21452449993142542,6.178306588586771,-1.534277603361342,-1.5342772695753308,-1.29612723853853,-3.3453106880187987e-07,0.001000004341929323,0.0020767381518251365,0.10500266332593229,7.676357852088079
1300,-2.04715292183858,-2.0471526541799867,-1.8478314786587122,-2.8206773524014456e-07,1.0,0.00100001136833837,0.003887324451187731,0.22794451905449606,6.399915681695038,-1.5588290532430011,-1.5588288598590427,-1.300188132127126,-1.8965866830613878e-07,0.0010000075575792126,0.0019399922729159394,0.0999758194718096,7.5090299712287045
1301,-2.007436118035946,-2.007435845878889,-1.8142401429842103,-2.5845080051781997e-07,1.0,0.001000012174459561,0.004433417005271141,0.24614619484768724,6.827313072276565,-1.48874298731486,-1.4887428561846414,-1.1978726830747393,-1.3146135542127822e-07,0.0010000042487970657,0.002132912081045409,0.09116871423191494,8.226656076643202
1302,-2.0489442528418773,-2.048944000927907,-1.8444966190266159,-2.448148322555254e-07,1.0,0.0010000082361072582,0.003997457989069792,0.22300475986920437,6.456487120322461,-1.4197674883736504,-1.4197673784361946,-1.1312993791368273,-1.0588102870517306e-07,0.0010000027121148175,0.0019216092924276987,0.0879826731979847,8.099776532914904
1303,-2.027424767332257,-2.0274245311629095,-1.8648911804523107,-2.4446338977453843e-07,1.0,0.001000016150152627,0.0037486878276433585,0.20181498191547845,6.035517017796354,-1.5353999389542474,-1.5353998528586494,-1.2697235743204753,-7.955564392937554e-08,0.0010000068953053818,0.0020735877126248346,0.09474515662425094,8.181980620490181
1304,-2.035724010107652,-2.0357237626921454,-1.8324860784242738,-2.370128091776146e-07,1.0,0.001000010946607393,0.003987574040503154,0.2500460732833676,6.7073187288248315,-1.3694471173816258,-1.369446909427643,-1.0371800078286064,-2.068777879079183e-07,0.0010000045152588023,0.0020088201336976555,0.11249211256702742,8.297445742289225
1305,-2.0376595528620594,-2.037659316692712,-1.850989672372926,-2.3813742511677293e-07,1.0,0.001000012075616363,0.004078130670471715,0.23179513433913015,6.39242169991979,-1.5658935017055933,-1.565893246067895,-1.3093452824486627,-2.602736155192057e-07,0.0010000051154444615,0.0018780908624952037,0.09939553000860744,7.507678074306912
1306,-2.0251083801377496,-2.0251083801377496,-1.8269450304643162,1.0191831948622218e-08,1.0,0.0010000130398866703,0.0042617658904384615,0.250011699941923,6.78775826040304,-1.5480253193113538,-1.5480252530839709,-1.289870963493983,-6.498561965094672e-08,0.0010000059251777,0.0019821403030720022,0.1179419087453021,7.609910689459907
1307,-2.013649987724592,-2.013650028210766,-1.8207544088363647,2.762337900557608e-08,1.0,0.0010000149684272848,0.00413423913908806,0.22154193448851695,6.761131547531992,-1.4692919565571678,-1.4692920810646481,-1.1795955436097252,1.2376242213779025e-07,0.0010000040573585364,0.0019207560043368074,0.09964808295998308,7.93665885925293
1308,-1.9879789172478441,-1.9879791376725682,-1.7796295498901944,2.1325529746289523e-07,1.0,0.0010000164049484258,0.004448695743087468,0.2552273393661346,7.050379636152735,-1.4709318200747175,-1.4709318770302666,-1.1695821444193522,5.3561396068996855e-08,0.0010000033666276269,0.0021774391333262127,0.14316603818701373,8.325756147172717
1309,-2.0123188653082216,-2.0123188518128305,-1.824862761317559,-9.699812475240455e-09,1.0,0.0010000128663619453,0.003987280234589048,0.23219678846170316,6.819066448031731,-1.4691205130683054,-1.4691205157174005,-1.173381460375256,8.775128258599176e-09,0.00100000590706865,0.0024070308259170918,0.12565579058395493,8.686131985982259
1310,-1.9934566740719777,-1.9934566425827314,-1.792505702882443,-3.8658672908567036e-08,1.0,0.0010000202620296546,0.00520450418006699,0.29093205654677357,6.903964465519167,-1.5952620969878304,-1.5952620095676846,-1.3444294068548415,-7.55820009443495e-08,0.00100000631581578,0.0022643933797048196,0.1385285560041666,7.805438009897869
1311,-1.9526071188584813,-1.9526589861455954,-1.7953109268872243,5.186356182368296e-05,1.0,0.0010000218127696019,0.005180605019460309,0.29944500411456487,6.887193904732758,-1.5197716924879285,-1.5197737786504957,-1.2265545282098982,2.090384562810262e-06,0.0010000099350387852,0.002363638918743365,0.16084857376085387,8.251271004146998
1312,-2.0347653020103023,-2.0347656753827943,-1.8602954351677086,3.598771005306604e-07,1.0,0.0010000192033091807,0.0038089429287521065,0.23708537326387638,6.437317920180987,-1.6015143314997358,-1.6015143712361655,-1.3558179789119296,4.32133674621582e-08,0.001000008636361195,0.002327971134541763,0.1505260519683361,7.864173581865098
1313,-2.040800740134041,-2.0408007941156066,-1.8542682404788036,6.023724124116718e-08,1.0,0.0010000151551311028,0.003618638857074504,0.20910913532353798,6.348713276521215,-1.3800133711761897,-1.3800134334299299,-1.0517439865817626,6.39094246758355e-08,0.001000006248553594,0.0020854099058649606,0.11253484653102028,8.279833624098035
1314,-2.043082394689884,-2.043082403686811,-1.825301078130614,1.7642412545546044e-08,1.0,0.0010000135341026591,0.0034449031062529618,0.2024100694172787,6.5940857338455485,-1.5942459318372937,-1.594245974222819,-1.3567526393466525,4.4951836268107095e-08,0.0010000087864076098,0.002153395369855894,0.12624755369292365,7.803542412651909
1315,-2.0311610001438067,-2.031161029383821,-1.8606385442445863,3.141895780023539e-08,1.0,0.0010000183005413076,0.003742569525954577,0.21728335011680172,6.121496560438624,-1.5257905337545605,-1.5257905072636075,-1.251456986533271,-3.178914388020833e-08,0.001000007461859948,0.0019487866174636615,0.10898815964659055,7.7170375294155535
1316,-2.020289072450602,-2.0202890791982973,-1.846421277747964,1.3073660292715397e-08,1.0,0.0010000153791756843,0.004185719527567754,0.24722083847758905,6.589399274790062,-1.541658274332682,-1.5416582306226094,-1.2874038603570725,-3.8908587561713325e-08,0.0010000064787972305,0.0020468486266003714,0.11677613258361816,7.816159513261583
1317,-2.037296308661407,-2.0372962591783055,-1.8661146816217675,-3.444136313672336e-08,1.0,0.0010000120712233321,0.003936667377480639,0.2277829664636333,6.23221755027771,-1.407644444041782,-1.4076444149017333,-1.0992131577597724,-2.8808911641438802e-08,0.0010000039228341645,0.0017951753145704667,0.08833082078231705,8.111617077721489
1318,-1.9992560508116237,-1.9992560215716093,-1.805508478632513,-2.136770284400796e-08,1.0,0.00100002180398354,0.004414193435431511,0.2343014523316667,7.110597034670272,-1.5367399970690412,-1.5367399096488952,-1.2743398030598958,-8.443991343180339e-08,0.0010000077231476705,0.0017607463135694463,0.08738954493569004,7.31513115564982
1319,-2.000823236861319,-2.0008232211166956,-1.837032972641711,-1.5885200140611182e-08,1.0,0.0010000138086670974,0.004791733255293572,0.2503491941628591,6.802073703621918,-1.5251597795221545,-1.5251597060097588,-1.2678045643700493,-7.632705900404188e-08,0.001000005229272776,0.002422990352432761,0.13747446292804347,8.244105709923637
1320,-2.0296496017923893,-2.0296495680539115,-1.845962792072656,-3.7744922458000905e-08,1.0,0.0010000106698464391,0.004078548203907766,0.2411354473036415,6.39228619269605,-1.444890280564626,-1.4448903057310316,-1.139523414356841,2.061327298482259e-08,0.0010000042487970657,0.0022650613941045273,0.1349093970325258,8.53786106109619
1321,-2.00763275938214,-2.007632721145198,-1.8032578859689101,-3.5847133060671246e-08,1.0,0.001000017035348376,0.004194798609153983,0.2335065133026186,6.909655750922437,-1.5187136464648778,-1.5187136199739244,-1.2655161307917702,-2.6159816318088107e-08,0.001000008636361195,0.002130118449632492,0.1421376777191957,7.805536746978759
1322,-2.017405035360804,-2.0174050151177174,-1.8367168206088949,-2.242203028696888e-08,1.0,0.0010000158755881887,0.003987916991255194,0.23020038124665898,6.5686725760405915,-1.5323465281062656,-1.532346518834432,-1.2633844660388098,-1.3742181989881728e-08,0.001000007120375004,0.0022279161494225264,0.1317609446330203,8.127915816836886
1323,-2.0148408615364217,-2.0148408660348855,-1.845686968767418,5.904233680581147e-09,1.0,0.0010000120909919715,0.0038584678605163717,0.21243073250044067,6.232735894760996,-1.403730249736044,-1.403730230198966,-1.1130062069329951,-2.2434526019626193e-08,0.0010000093452011546,0.0023447107497809663,0.13055682683156597,8.774975384606256
1324,-2.0224840820960277,-2.022484102339115,-1.839664247800719,1.3425102773702369e-08,1.0,0.0010000189682820215,0.004691224461772813,0.25678762115256965,6.737947374019983,-1.6073952317237856,-1.607395150926378,-1.3812060806486341,-8.468826611836752e-08,0.001000004168599844,0.0020200370086563956,0.12387374051743083,7.402823956807455
1325,-1.9222468587587465,-1.922246831767964,-1.7220528800532502,-3.0856649830656234e-08,1.0,0.0010000199237662666,0.007402063619767157,0.4197328050603282,8.351534501561579,-1.502059264977773,-1.502059080865648,-1.2370594196849398,-1.7955899238586427e-07,0.0010000047817205389,0.0021548911644559765,0.11982572554714149,8.002964941660563
1326,-1.9493688952248052,-1.9493689312125153,-1.7356962460391927,4.3297713657595074e-08,1.0,0.0010000177470194,0.005947104949539281,0.3861323492425793,7.854137690562122,-1.438832441965739,-1.4388326161437563,-1.1593427176276843,1.898242367638482e-07,0.0010000068151081601,0.00250253490327547,0.1293207648727629,8.744449361165362
1327,-1.9895390047217316,-1.9895427339481857,-1.8006751784738504,3.730983666653903e-06,1.0,0.0010000176613552954,0.004870683624725437,0.31143376512347526,7.018321325194161,-1.538641639550527,-1.5386418090926277,-1.279618469874064,1.7053551144070096e-07,0.0010000038555719787,0.001946368309048315,0.10269313475324048,7.541769112481012
1328,-2.039616584777832,-2.0396167804610053,-1.8316974819831129,2.046801009268131e-07,1.0,0.0010000098351705467,0.003911202674608608,0.2660683717508361,6.46814659406554,-1.3810686594910093,-1.3810686733987596,-1.0537939123809337,2.1358331044514974e-08,0.0010000061709433794,0.0020507013839152124,0.1041500429312388,8.517958047654895
1329,-2.030361877297455,-2.0303619087867015,-1.8522515904228642,2.9732033891497917e-08,1.0,0.0010000083503260645,0.004013658872418949,0.23940313888608283,6.393390106705,-1.5745290345615812,-1.5745291140344408,-1.3285629683070712,7.864501741197374e-08,0.0010000037469176783,0.002171998090731601,0.1185372115423282,7.866150908999974
1330,-2.017508124405483,-2.0175081131593235,-1.8160193168892051,-7.661446085516013e-09,1.0,0.0010000132441626123,0.004640432997202536,0.28833094646908203,6.864798824742155,-1.4468229903115166,-1.4468229426278008,-1.1831186678674486,-3.9653645621405706e-08,0.0010000041582518154,0.0023919813671252795,0.14930557277467515,8.458769120110405
1331,-2.0182971706930197,-2.0182971864376427,-1.8581884582087678,6.466541650160304e-09,1.0,0.0010000164422891893,0.00439685945320031,0.24674000977626387,6.380124699394658,-1.5357648425632056,-1.5357648134231567,-1.2655359692043728,-3.1623575422498915e-08,0.0010000038581589857,0.0019752997387614516,0.11161461542877886,7.749226262834338
1332,-2.0385612901651635,-2.038561281168236,-1.8405393429522245,-8.153465558897774e-09,1.0,0.0010000107313488734,0.004255715689516433,0.26487192455327735,6.426571567103548,-1.5574605862299602,-1.5574606233172947,-1.287746027443144,3.5017728805541994e-08,0.001000006230444544,0.002129886964232557,0.13689446498950322,7.725386725531684
1333,-2.0513109081196337,-2.0513108923750103,-1.869253729874233,-9.559235482845666e-09,1.0,0.0010000112826742654,0.00401052179359743,0.22452634481607742,6.52937551264493,-1.3698762125439115,-1.3698762244648404,-1.0624891388747426,7.947285970052083e-09,0.001000003607219292,0.0019427853015561898,0.10644310456183222,8.34592301050822
1334,-1.9817050785388586,-1.9817050852865543,-1.7605714213173345,8.08317706270038e-09,1.0,0.0010000141974503421,0.005013217086429303,0.25676876847755237,7.257765967890902,-1.5306247962845696,-1.530624755223592,-1.279132400618659,-4.1060977511935764e-08,0.0010000059458737571,0.0024790955474600198,0.1647703709701697,8.083414999643962
1335,-2.0373174289487443,-2.037317413204121,-1.8378454266854052,-5.482502703396779e-09,1.0,0.0010000067754244468,0.004361553212083032,0.2565621413149924,6.755424553493284,-1.5549406621191235,-1.5549407005310059,-1.3215802603297764,2.8643343183729384e-08,0.0010000049576370253,0.0021301590164916383,0.12944224025640222,7.757743983798556
1336,-2.017206362958224,-2.01720633371821,-1.8463611647767841,-4.287598268041071e-08,1.0,0.001000012930060895,0.00435336004011333,0.25179447005239297,6.399135193734799,-1.4649447851710848,-1.4649445666207208,-1.1598647624254226,-2.2765662935045032e-07,0.0010000046006300384,0.00204677757444895,0.11011024808718098,8.068619251251219
1337,-2.0483800532682888,-2.0483800172805786,-1.866204151567423,-4.2665117191818525e-08,1.0,0.001000012427058844,0.004021874046884477,0.21096688603876895,6.333488243930745,-1.548539650440216,-1.5485394795735676,-1.294174349308014,-1.6407834159003364e-07,0.0010000043289942874,0.0019755841853717963,0.10841094247168964,7.787047799428305
1338,-2.0081644305643045,-2.0081643765827395,-1.793762521923713,-5.33489686138225e-08,1.0,0.0010000151902753507,0.004585758343620121,0.28091193405243586,6.721492569401579,-1.5108943237198722,-1.5108940031793383,-1.2316536433166927,-3.1880206531948515e-07,0.0010000051542495688,0.0019372840593051578,0.10013166815042496,7.768396875593397
1339,-1.9805256308249708,-1.9805255678464782,-1.7822620981144455,-6.698493687611706e-08,1.0,0.0010000180106012608,0.004841494868193174,0.2767331404435747,7.094846239629781,-1.6130406803554957,-1.6130407081709968,-1.3966131382518345,1.9123156865437827e-08,0.0010000058863725927,0.0023966110052747857,0.12862557901276483,7.646794594658744
1340,-2.045471985385103,-2.0454719943820305,-1.8414372228226572,5.2013487186072004e-09,1.0,0.0010000090839622437,0.0036815447416507973,0.2041698273201034,6.248993036881933,-1.629832074377272,-1.6298321644465128,-1.3975563208262125,9.760260581970215e-08,0.0010000033614536127,0.0020649878023606206,0.11080571760733922,7.437397617763944
1341,-2.02364071135251,-2.023640646124786,-1.8733364208689276,-5.7777143874258364e-08,1.0,0.0010000117966588939,0.00418380817688369,0.2666807960859447,6.258837043114428,-1.541344898276859,-1.5413446969456144,-1.288778555393219,-2.0439426104227702e-07,0.0010000046187390885,0.002248670753195054,0.11513105937176281,7.79403117497762
1342,-2.0431226424451143,-2.043122518737361,-1.8494450618635934,-1.1527313376372715e-07,1.0,0.0010000109312317844,0.003954094096596511,0.2514507185035157,6.6778787486958056,-1.5844634665383235,-1.584463283750746,-1.3195494830608367,-1.8245644039577907e-07,0.0010000052991219694,0.002004435402341187,0.12095970453487502,7.509484248691135
1343,-2.03498379014573,-2.0349836911795274,-1.870456724796655,-1.0332408941017006e-07,1.0,0.0010000135187270506,0.003589109174977496,0.22079465035700574,6.1989425803130525,-1.6095113277435305,-1.6095111820432875,-1.376218193107181,-1.4561745855543348e-07,0.0010000081111987433,0.002243009212219881,0.10487120962805219,7.918797842661541
1344,-2.0011428931974016,-2.001142776237344,-1.8051018355027684,-1.1927957804697864e-07,1.0,0.0010000171495671824,0.004011760654701096,0.22923360617374475,6.832325975849943,-1.5300919188393487,-1.5300918261210124,-1.2637631310356987,-9.205606248643664e-08,0.0010000096039018698,0.00232473348474337,0.12862945240404872,8.053087107340495
1345,-2.0309718982228695,-2.0309718127520577,-1.8332536647904594,-8.455706092546571e-08,1.0,0.0010000143863506757,0.00400479956319169,0.22620174172773677,6.634646748596767,-1.5854985290103487,-1.5854984720547993,-1.3442357526885138,-5.314747492472331e-08,0.001000004918831918,0.0018626526153335968,0.10331760889126194,7.524209541744655
1346,-2.0513785245283596,-2.051378364832896,-1.8740584580403454,-1.4120958886056577e-07,1.0,0.0010000176064424075,0.003755988105077226,0.2005813042018211,6.1869634772246735,-1.4130307104852469,-1.4130303621292115,-1.0834385964605544,-3.481076823340522e-07,0.0010000082043310006,0.0020183582195184295,0.09920305754575465,8.32594854566786
1347,-2.031353865029677,-2.0313536873403586,-1.8527760730599456,-1.7881393432617188e-07,1.0,0.0010000149157109125,0.004015659309378913,0.21619314159143646,6.224505451490295,-1.5717768126063876,-1.5717764947149488,-1.3314665887090895,-3.142489327324761e-07,0.0010000053844932053,0.0019820588614998594,0.09803065181606346,7.494137541453045
1348,-2.0346178176268093,-2.034617594952853,-1.8552129493569427,-2.05734428369774e-07,1.0,0.0010000126686755498,0.004020498867831983,0.22726484370540898,6.465524070667771,-1.476488796869914,-1.4764885968632169,-1.19237885872523,-2.0638108253479003e-07,0.0010000071177879968,0.0019374100672495034,0.10209154478377766,7.932733715905084
1349,-2.0391918780668727,-2.0391916981283225,-1.8345398947877705,-1.8197691665505463e-07,1.0,0.0010000158755881887,0.004160332258456861,0.2451086391185252,6.654996291646418,-1.5605778323279484,-1.5605775157610575,-1.3029786507288614,-3.070467048221164e-07,0.0010000053405140837,0.0020739853511460953,0.1205785090310706,7.830016581217449
1350,-2.027962972533028,-2.027962772351391,-1.8222306089581184,-2.0278231152948343e-07,1.0,0.0010000120294895375,0.004245098401300328,0.23413976882847976,6.60786325076841,-1.5172697305679321,-1.5172693835364448,-1.2405404753155178,-3.4529301855299206e-07,0.0010000039098991289,0.0021300329826772213,0.1321521061989996,7.763414764404295
1351,-2.0240018705152116,-2.0240015938596905,-1.8042872784272679,-2.8979946982185796e-07,1.0,0.0010000146521290517,0.004330690390043804,0.2569503948654769,7.126436125557378,-1.5046147280269198,-1.5046143531799316,-1.2382666647434235,-3.7724773089090983e-07,0.0010000059639828072,0.0020210324113981593,0.11846185181703832,7.732109112209744
1352,-2.036033526906427,-2.036033279490921,-1.8486782312393188,-2.437605048125645e-07,1.0,0.001000011146490304,0.004149489054227916,0.23286670379621802,6.62313196794042,-1.4934283508194817,-1.4934279786215887,-1.2257187532054052,-3.742674986521403e-07,0.0010000083905955155,0.002132979079356624,0.1101817689422104,8.316890250311957
1353,-2.057860797306277,-2.057860531896915,-1.8625855310907904,-2.800293688504201e-07,1.0,0.0010000131541054765,0.0034207173574821287,0.20541380307162707,6.202406680808877,-1.5927361594306093,-1.5927357859081692,-1.3496337175369262,-3.814697265625e-07,0.0010000052551428476,0.001999220707350307,0.1022536131242911,7.502106274498833
1354,-2.0483599271414414,-2.048359643738225,-1.8548781534410872,-2.916972592191876e-07,1.0,0.0010000145203381214,0.003826155564484169,0.20859221434923556,6.392947349908217,-1.6321520937813652,-1.6321517096625433,-1.4050671418507894,-3.836221165127224e-07,0.001000005601801806,0.0019446570477965805,0.09210802416006723,7.316224871741401
1355,-2.069471892320885,-2.0694715706807263,-1.860401414475351,-3.1981265769814547e-07,1.0,0.0010000069753073578,0.003743794417219623,0.18864993232671382,6.24107182700679,-1.5715351343154909,-1.5715348349677192,-1.3157478425237867,-2.8949644830491807e-07,0.001000002771615982,0.0018962509154031675,0.09298551997376812,7.557157781389026
1356,-1.9671170801486608,-1.9671168439793136,-1.7568370936051854,-2.1951097362446336e-07,1.0,0.001000010621523098,0.004866869645720383,0.2662803756319127,7.259442932200882,-1.4814659158388772,-1.4814657012621562,-1.2283602853616078,-2.0472539795769586e-07,0.0010000048024165961,0.002200194908719924,0.11653930710421669,8.299714914957681
1357,-2.00770045226475,-2.007700360046243,-1.845500131822982,-9.390543091971919e-08,1.0,0.0010000142940970243,0.00454269205263974,0.28673597913727444,6.465326651087347,-1.545393212636312,-1.5453929569986131,-1.2700522700945536,-2.5133291880289714e-07,0.0010000047817205389,0.0019117569085210563,0.0992076724767685,7.55677817662557
1358,-2.059337613717565,-2.0593373258158847,-1.8580518488614064,-2.9668774244920265e-07,1.0,0.0010000109575899704,0.0038900326801253097,0.21417016349732876,6.615156182702982,-1.4098236891958449,-1.409823485215505,-1.0852920393149057,-2.0306971338060168e-07,0.0010000027095278105,0.001864992457235025,0.0923017161173953,8.113066874610052
1359,-2.0081160360912107,-2.00811567621411,-1.8266571692700655,-3.397043021220081e-07,1.0,0.0010000130420831858,0.004456192303343483,0.24169963014856824,6.592253307126603,-1.5016111426883276,-1.5016108791033427,-1.2537089334593878,-2.682209014892578e-07,0.0010000060519410503,0.0021487552776104876,0.12513798682226074,8.005988428327772
1360,-2.0140739904259735,-2.0140736777827426,-1.8287866362985574,-3.191097727361715e-07,1.0,0.0010000162446027938,0.004627387832305482,0.26025658297651216,6.587700452444689,-1.5720083011521233,-1.5720078335867989,-1.3256128324402703,-4.6657191382514104e-07,0.0010000076921035845,0.0020655527115902967,0.12644125098983447,7.6020506434970425
1361,-2.023084579773669,-2.02308423339196,-1.8525621531144627,-3.397745906182055e-07,1.0,0.0010000175756911904,0.004148324980084205,0.2500137397843712,6.4372310233566,-1.551737724410163,-1.551737466123369,-1.3052210927009582,-2.5894906785753036e-07,0.0010000132826260394,0.0020613502452356946,0.09839725639257166,7.715762170155843
1362,-1.9831362332937852,-1.9831359386444092,-1.8184685009830404,-3.030839956031655e-07,1.0,0.001000019704114716,0.005038189811561749,0.24331955126715157,6.556559675144699,-1.6239843143357173,-1.6239839567078485,-1.417138041390313,-3.650784492492676e-07,0.0010000064141220517,0.0031837040377366873,0.18367020500202974,8.510472700330945
1363,-2.0137047632685245,-2.0137046373115397,-1.8068246076691825,-1.236374648112171e-07,1.0,0.0010000154670363045,0.004000949346073816,0.21910975198700744,6.677694122746305,-1.4908655987845527,-1.4908653113577102,-1.2050696969032288,-2.8461217880249026e-07,0.0010000033666276269,0.002341541735869315,0.13625352275040414,8.175895192888047
1364,-2.0581559392641173,-2.058155655860901,-1.9152281284332275,-2.675180165272839e-07,1.0,0.0010000112343509242,0.003259143886542967,0.18007996948963068,5.580903404163864,-1.6325151006380716,-1.632514809237586,-1.4049256563186645,-2.88668606016371e-07,0.0010000051490755544,0.0026503505262856684,0.12420801222324371,7.907084306081135
1365,-1.9632319099498245,-1.9632317390082017,-1.7665690318593439,-1.6461565809429817e-07,1.0,0.0010000173450570623,0.005433177584255079,0.31672764056414926,7.399563101102721,-1.6478959692849053,-1.6478957282172308,-1.4352518293592664,-2.3626618915134007e-07,0.0010000080128924715,0.0029236119447482957,0.1654677482114898,8.29726473490397
1366,-2.012147032989646,-2.0121468170633854,-1.8348034417854164,-2.0805394874428802e-07,1.0,0.0010000171891044614,0.004106111508214248,0.2052721715057796,6.4115080383588685,-1.5826517634921602,-1.5826514124870301,-1.328079628944397,-3.6474731233384874e-07,0.0010000061347252792,0.002109326846483681,0.11402675935791598,7.708250088161892
1367,-2.0540955089173227,-2.0540951827787004,-1.8721688108624153,-3.3689276227411236e-07,1.0,0.0010000174812410238,0.0038900370863354148,0.24012559258712912,6.251974042856468,-1.6022213127877978,-1.6022210505273606,-1.3654166552755567,-2.636677689022488e-07,0.0010000039590522646,0.0019985375977638695,0.10105998023516602,7.482886452145047
1368,-2.035152019194837,-2.035151684059287,-1.8285297402795755,-3.321834330288869e-07,1.0,0.0010000133408092945,0.004045484675410783,0.213047949386374,6.849593697853808,-1.539062179459466,-1.5390620483292474,-1.2717798577414618,-1.3659397761027017e-07,0.0010000047041103244,0.0019313995053784716,0.09631864225698841,7.625207742055257
1369,-2.0525925541823766,-2.052592252785305,-1.8630809648981634,-3.2381910198139696e-07,1.0,0.00100000958916081,0.0033917144415372947,0.16517354899419928,6.056420564651489,-1.5633261150783964,-1.563325916396247,-1.309721705648634,-1.8866525755988227e-07,0.0010000052215117547,0.0018888671390919222,0.08511161398556498,7.559829298655191
1370,-2.0473595520235457,-2.0473592416295467,-1.8624863242203336,-3.062469779320483e-07,1.0,0.0010000116209376534,0.003628383357657717,0.20562674667475359,6.126022640264259,-1.5341140866279597,-1.5341139091385736,-1.2697755515575408,-1.7343295945061578e-07,0.0010000047532634604,0.0021618578996923233,0.1323800681779782,7.769830979241265
1371,-2.039615826786689,-2.039615518641922,-1.8384544467026334,-3.134866930403799e-07,1.0,0.001000013867973016,0.0035755794851179672,0.19343169096787022,6.34863165189635,-1.4996555036968655,-1.4996554123030768,-1.223373426993688,-9.652641084459093e-08,0.0010000043884954518,0.0021026463040875066,0.11483301897015837,7.839785851372612
1372,-2.038156466664008,-2.038156163017705,-1.8256031229810894,-3.1461130897953824e-07,1.0,0.001000013112371682,0.003596907604556039,0.21468450649167006,6.42190394311581,-1.5127246499061584,-1.5127244763904149,-1.2292824539873335,-1.6142924626668295e-07,0.0010000063416858514,0.0022963675670325755,0.12501458947857222,8.092932595147028
1373,-2.0465300735437646,-2.046529733909751,-1.8564996989268177,-3.2677121882168753e-07,1.0,0.0010000110652192303,0.004044772775949172,0.24063205283205463,6.46191838552367,-1.4575361900859412,-1.4575360629293654,-1.185408694876565,-1.286466916402181e-07,0.001000004647196167,0.0018683626031917003,0.09383351633118259,7.735530355241562
1374,-2.051264726890708,-2.051264409749013,-1.8387906191483983,-3.011862062058359e-07,1.0,0.0010000114386268663,0.0036201451944609013,0.22038476819277936,6.593654808008446,-1.3696889168686335,-1.369688802295261,-1.0533315651946598,-1.1018580860561795e-07,0.0010000045644119383,0.002172335281243755,0.12456968025200897,8.426628049214681
1375,-2.0331654413691105,-2.033165099485865,-1.8568839397070542,-3.4617084377216844e-07,1.0,0.0010000142743283847,0.004324792453773179,0.2404680018717388,6.376175061711725,-1.5700430538919234,-1.570043036672804,-1.3316875179608663,-3.733568721347385e-08,0.0010000041944699155,0.0018749834917899636,0.1133688134037786,7.332495212554932
1376,-2.0403032910149053,-2.040303054845558,-1.8411796722771987,-2.4080838797227394e-07,1.0,0.00100001097735861,0.0038225177042889146,0.20692463939622888,6.506232873448786,-1.5543665965398157,-1.5543665965398152,-1.3199339297082688,-1.0761949751112195e-09,0.0010000057492612136,0.0018696485940987865,0.10249818166097005,7.493824979994032
1377,-2.0639168743817313,-2.063916604473906,-1.8821566667196885,-2.741954236660364e-07,1.0,0.001000017960081404,0.0039283878143595635,0.2367275724855234,6.329811145674507,-1.5012458946969771,-1.5012458708551195,-1.2143342187007269,-3.642506069607205e-08,0.0010000038503979642,0.0017621004669409659,0.08741206539173921,7.350371424357096
1378,-2.048948065289911,-2.0489477841359265,-1.8516918758176408,-2.8480898659184293e-07,1.0,0.0010000097033796163,0.003959161877403704,0.20768102829537863,6.6884552757695035,-1.5017801390753853,-1.5017800596025255,-1.2360029757022857,-7.765160666571723e-08,0.0010000050042031539,0.002099202042962942,0.1093092576497131,7.945584445529515
1379,-2.056533048737724,-2.056532751839116,-1.8689218871998337,-2.99428993800901e-07,1.0,0.0010000101822199969,0.0038157865967390673,0.1979889915377464,6.175701825123913,-1.5463854153951009,-1.546385313404931,-1.2803468863169352,-1.0323193338182238e-07,0.0010000056742380063,0.0019618213487168153,0.09967348530060716,7.703440454271104
1380,-2.025922221957513,-2.025921940803528,-1.8257488372190944,-2.817162927591576e-07,1.0,0.0010000114913432385,0.00401629331820416,0.22398052512193625,6.64724581196623,-1.601789413558112,-1.6017893181906806,-1.3710530029402839,-9.106265174018012e-08,0.0010000042125789656,0.0020881651590267817,0.10085379597213533,7.457106812795002
1381,-2.0192528288319425,-2.0192525184379435,-1.8373796400034204,-3.0547380447387695e-07,1.0,0.0010000095957503567,0.00435332545378017,0.2505245943606462,6.365406256801677,-1.5574457089106246,-1.557445634735955,-1.2987853315141467,-7.839666472540961e-08,0.001000002854400211,0.0019314899626705381,0.0926843268589841,7.600747034284804
1382,-2.047973284181559,-2.047972989532183,-1.895272673300977,-3.050520734966926e-07,1.0,0.0010000120690268166,0.0037294804109787604,0.21000452652433008,5.974427448128754,-1.5611697779761422,-1.5611696667141384,-1.3093276156319513,-1.2351406945122614e-07,0.001000003232103255,0.0020667917716006437,0.11515634200639195,7.75108437008328
1383,-2.041975239537797,-2.041974960633044,-1.843205433971477,-2.7841273343788e-07,1.0,0.0010000102041851518,0.0038362906208999877,0.21439516459995844,6.449375062618616,-1.5623764740096202,-1.562376368045807,-1.3036050107744006,-1.0356307029724121e-07,0.0010000033200614983,0.0019133306962127487,0.09886502375205358,7.4108573065863705
1384,-2.032243942314724,-2.0322436656592027,-1.8326125482343278,-2.6674484306911255e-07,1.0,0.0010000105710032414,0.00402738239818235,0.21335864622356757,6.5081749187325535,-1.4057180523872377,-1.4057180523872375,-1.1005129198233286,-1.4570024278428819e-08,0.001000003571001192,0.0019909015054711036,0.09471224707861742,8.121240266164143
1385,-2.032766965200316,-2.0327666615540125,-1.8278023386901279,-2.9352476012031987e-07,1.0,0.0010000117944623783,0.0039054052970143704,0.2414888396578015,6.4612963289584755,-1.6065059926774765,-1.6065059926774767,-1.3783752255969577,-1.5232298109266492e-08,0.0010000053017089764,0.0020634792719243303,0.10174723834627204,7.458579921722412
1386,-2.0309965857919656,-2.0309962956410534,-1.816487800400212,-2.7707725201012954e-07,1.0,0.001000012765322232,0.004038002713196823,0.2049308625875779,6.896667188068606,-1.5282608760727776,-1.5282608562045628,-1.247251613272561,-3.717011875576443e-08,0.0010000037546786997,0.0018222343305953675,0.089781103324559,7.403530311584473
1387,-2.051972467944307,-2.0519721980364816,-1.8753312983602848,-2.58099358036833e-07,1.0,0.0010000131760706317,0.0036073443084463194,0.2166953166981913,6.115365469230796,-1.5159185568491618,-1.5159185436036853,-1.2404860814412435,-3.932250870598687e-08,0.0010000035192610488,0.0018460053226186169,0.09204467398424944,7.586799176534017
1388,-2.0455755107807665,-2.0455752341252453,-1.8586049237341251,-2.778504254683009e-07,1.0,0.0010000103315830511,0.0034518033674619387,0.19469016753488555,6.238132674739046,-1.3917507304085628,-1.3917506370279524,-1.0779005847043461,-8.493661880493164e-08,0.0010000031234489548,0.002142074484274619,0.10432633070482147,8.409011300404867
1389,-2.0264485399678067,-2.0264482903030685,-1.8042272171884213,-2.422844463924192e-07,1.0,0.0010000105073042916,0.00388950439178789,0.21431915149233252,6.746244538505122,-1.4637691736221317,-1.463769170973036,-1.1758510218726264,-1.8874804178873697e-08,0.0010000029320104255,0.0023023198462194866,0.13687912192609575,8.34102153778076
1390,-2.0261667359550044,-2.026166470545643,-1.8590995365718626,-2.6498763066417767e-07,1.0,0.001000016167724751,0.0041134581892346995,0.22174464391087587,6.303483243258494,-1.5280682961146037,-1.5280682961146037,-1.2743303623464373,-2.7567148208618165e-08,0.0010000072523123687,0.002470272908815079,0.1489766480194198,7.936877091725667
1391,-2.0244435859176346,-2.024443318259041,-1.846538779870519,-2.6421445720600633e-07,1.0,0.001000012049258177,0.004317422067957386,0.22238929896562729,6.575164061672282,-1.5559471143616572,-1.555947032239702,-1.3028333226839701,-7.359517945183648e-08,0.0010000039228341645,0.0020020009173701207,0.11930500732527839,7.533438279893662
1392,-2.0534578561782837,-2.0534575840212264,-1.8892266705351055,-2.651984961527698e-07,1.0,0.0010000115133083935,0.003956612498271016,0.2399352380549008,6.0201758573640065,-1.6382467905680338,-1.6382467905680338,-1.4013160268465679,-1.1589792039659288e-08,0.0010000034752819273,0.0022541906193105712,0.13185279899173313,7.606394015418158
1393,-1.9823776910889823,-1.9823774256796207,-1.7712744182010867,-2.682209014892578e-07,1.0,0.001000010292045772,0.0047866199802572154,0.27584607154130936,7.190564974299017,-1.597638330194685,-1.5976382891337078,-1.3606074439154732,-5.314747492472331e-08,0.0010000028595742252,0.0021114528774180347,0.11594776291814116,7.447169060177273
1394,-2.0122823085425035,-2.0122866360646374,-1.797763561302761,4.325413478995269e-06,1.0,0.0010000113090324514,0.004464081982765699,0.2319119098192116,7.067167403563014,-1.4948323037889268,-1.4948323673672146,-1.2420001831319598,5.2981906467013886e-08,0.001000006776303053,0.0021029267925769092,0.10576464413768716,7.834632216559516
1395,-2.0198772808290877,-2.019877440524551,-1.8196171499648184,1.575165199783613e-07,1.0,0.0010000108060304006,0.004174592305097799,0.24776278654078268,6.422950861588964,-1.4437773532337614,-1.4437773373391893,-1.147397561205758,-2.6490953233506945e-09,0.0010000036770684852,0.0023145733582269814,0.13178720937834845,8.326511669158934
1396,-2.0582199681479976,-2.058219900671041,-1.8896192739594657,-6.473570499780043e-08,1.0,0.0010000108411746486,0.0041394708392579315,0.233208363067429,6.200949452958017,-1.4804959575335181,-1.480495806535085,-1.192513061232037,-1.582006613413493e-07,0.0010000035968712635,0.001912957698934608,0.10831451594001718,7.753195476531983
1397,-2.0062191846235744,-2.006219209365125,-1.8343280891202531,1.1175870895385742e-08,1.0,0.00100000846015184,0.005169270957714685,0.2914056169958609,6.570136924959579,-1.3416060050328573,-1.341605990462833,-1.0131079954405626,-1.3162692387898763e-08,0.0010000039228341645,0.0016864892043587235,0.08933312578333749,7.748194524976942
1398,-2.050383156200625,-2.050383115714451,-1.8705209111267667,-4.653098448267523e-08,1.0,0.0010000081174954209,0.003960532349323467,0.24311053348740316,6.140051540338768,-1.3264450848102571,-1.3264450718959173,-1.0068820748064253,-1.448724004957411e-08,0.0010000041660128368,0.0018231636378914118,0.08511977891127269,8.25206536187066
1399,-2.0071423008756817,-2.007142240146421,-1.8237007339045685,-6.452483950920824e-08,1.0,0.0010000101778269658,0.004216973160235387,0.2337240926429348,6.569875888104709,-1.6333997090657553,-1.6333997170130412,-1.4047356910175748,5.6293275621202255e-09,0.0010000034054327342,0.00215510537640916,0.1309925948580106,7.374230374230279
1400,-2.052019238471985,-2.0520191889888837,-1.8624330871510055,-4.5195503054924733e-08,1.0,0.001000010665453408,0.0035500578683326546,0.19891665433094186,6.297226838345797,-1.4025522026750779,-1.4025520099533928,-1.0751892606417337,-1.952052116394043e-07,0.0010000052396208047,0.001984492353060179,0.10152465688685576,8.28650556140476
1401,-2.0649974098745383,-2.0649971984467417,-1.8677435888434357,-2.1163866205035515e-07,1.0,0.0010000111574728816,0.0036482932177846726,0.2171839985574754,6.262754219882893,-1.485145273473528,-1.4851449410120645,-1.2074182199107275,-3.3229589462280274e-07,0.0010000033640406199,0.0020229467734073597,0.09682498292790519,8.067225466834175
1402,-2.0422323042491697,-2.042232002852098,-1.864357887573962,-3.0814476732937796e-07,1.0,0.00100001047874959,0.004059851070742984,0.2484968423421653,6.257878825349628,-1.443612453672621,-1.4436121278338963,-1.1415963027212355,-3.308885627322727e-07,0.0010000048412217035,0.0019070832110527488,0.09426709055486653,7.992344909244113
1403,-2.032327323589685,-2.0323269974510625,-1.82385878967789,-3.2782554626464844e-07,1.0,0.0010000081702117932,0.0039075659500118695,0.20048793577501234,6.668306283231051,-1.4378678811921013,-1.4378676679399278,-1.137897096739875,-2.1747416920132108e-07,0.0010000078136929208,0.0020728183729160164,0.10201167352497578,8.179943678114148
1404,-2.0450297549085796,-2.045029453511508,-1.849496823436809,-3.1088601868107633e-07,1.0,0.0010000132397695813,0.003474378617884556,0.18684368967166487,6.388342416511391,-1.4685703171624074,-1.468570073445638,-1.1845277349154155,-2.46531433529324e-07,0.0010000040961636438,0.0017996850449384914,0.08629735364682145,7.706386714511448
1405,-2.002813696861267,-2.002813366224181,-1.8174942844318893,-3.312696825783208e-07,1.0,0.0010000156735087621,0.00401279898711814,0.21891435390373445,6.681963794636276,-1.2738309873474971,-1.2738307502534654,-0.8970167615347439,-2.3245811462402343e-07,0.0010000087864076098,0.002211510315020051,0.11076636976665921,9.298948754204645
1406,-2.0318178995600285,-2.031817566673711,-1.8359166271281693,-3.27755257768451e-07,1.0,0.001000018796953812,0.0042362827214605684,0.22760664966871152,6.472047279465873,-1.4634159962336222,-1.4634158247047,-1.1708969983789657,-1.8005569775899252e-07,0.0010000037417436638,0.001745482249599364,0.07962703775200579,7.705792003207736
1407,-2.0100027727630905,-2.0100024533721634,-1.8313354928538483,-3.302153551353599e-07,1.0,0.0010000150277332035,0.004974988897612213,0.32399881553818594,6.748095957738049,-1.4954162041346233,-1.4954161081049178,-1.2345079832606844,-9.189049402872722e-08,0.001000005058530304,0.0019580674124881625,0.10474218879308965,7.796534379323322
1408,-2.053941013678065,-2.0539406897886745,-1.8432101393645663,-3.333783374642426e-07,1.0,0.0010000105973614274,0.0036904993137555583,0.20426237628847924,6.290797413520093,-1.489230387740665,-1.4892302950223286,-1.192225116160181,-8.924139870537652e-08,0.0010000031441450119,0.0018907470085347692,0.09035568895439307,7.822491285536025
1409,-2.056197895194,-2.0561975825507686,-1.8619763603750266,-3.2009381168293504e-07,1.0,0.0010000121634769832,0.0036422708247489523,0.19838649681154288,6.212783300651695,-1.4665787816047666,-1.4665787008073594,-1.1785111046499677,-7.698933283487956e-08,0.0010000030846438474,0.0018880620909233889,0.11224444806575776,7.673330402374267
1410,-2.0778158228352384,-2.0778155191889347,-1.8938880776459317,-3.036463035727447e-07,1.0,0.0010000081240849675,0.0034931727250124204,0.19809745034238077,5.900152854199679,-1.5024540980656942,-1.5024540940920512,-1.2295774916807811,-4.2302740944756404e-08,0.0010000042669061158,0.0019336228750439154,0.09858447714812225,7.613965479532876
1411,-2.0517720996208912,-2.0517718027222833,-1.8660849085393942,-2.959848574872287e-07,1.0,0.0010000109158561758,0.003831654371922168,0.2227515800030164,6.320706003117111,-1.4684645970662435,-1.4684644871287875,-1.1668575872977576,-1.0662608676486546e-07,0.0010000051620105903,0.0022288912933112848,0.10009735321833027,8.309967443678113
1412,-2.0724605366868794,-2.0724602330405757,-1.907720095706436,-3.0013187876287494e-07,1.0,0.0010000141315548768,0.0034787716071630987,0.17831849696922977,5.945436108787105,-1.4694105611907111,-1.4694105611907111,-1.1678582648436229,-8.775128258599176e-09,0.0010000066728227668,0.001918681987768246,0.0969332641404536,7.966209814283583
1413,-2.0647825654947534,-2.064782306833087,-1.8762728448184032,-2.683614784816526e-07,1.0,0.0010000154099269014,0.0040685798300711335,0.2186697053389167,6.153678777082911,-1.6037049134572348,-1.603704810142517,-1.3531401899125841,-1.1101365089416504e-07,0.0010000052396208047,0.0018661446196751462,0.08822464404834642,7.267363336351181
1414,-2.036106577459371,-2.036106285059227,-1.8320848829341385,-2.900806238066475e-07,1.0,0.0010000127082128289,0.004558259757446512,0.29670600803955544,6.735182879106054,-1.413635736041599,-1.4136356777615018,-1.1266646964682474,-5.0995084974500866e-08,0.001000004354864359,0.001751498197619286,0.09085845611989499,7.594345643785265
1415,-2.030110440164242,-2.030110183751808,-1.865912729839109,-2.5078935443230393e-07,1.0,0.0010000106588638617,0.004050322492027057,0.250569048003768,6.33232048772416,-1.4200778683026631,-1.4200777716106838,-1.1596183412604861,-8.783406681484647e-08,0.0010000047817205389,0.00254278386839562,0.13447663792305523,8.673965899149579
1416,-2.0254858507300324,-2.0254857900007717,-1.875509869377568,-6.227560763089162e-08,1.0,0.0010000137845054269,0.004071394078222648,0.2414584977306285,5.963440355264916,-1.5188649839825097,-1.5188650250434876,-1.2554341620869107,5.0912300745646157e-08,0.0010000064425791304,0.0018708611165897714,0.08878438183003001,7.446914715237087
1417,-2.044834424864571,-2.044834463101513,-1.8647511635186538,2.4671262165285507e-08,1.0,0.0010000080406173783,0.0038690629749084417,0.23229587830181392,6.435702152971952,-1.5511168387201097,-1.5511168850792778,-1.2835949374569786,3.990199830796983e-08,0.0010000018532284431,0.001777869737189677,0.07945983906586965,7.376880020565456
1418,-2.042672625127828,-2.0426726071339734,-1.861367623761015,-2.5936455096838608e-08,1.0,0.0010000107423314508,0.003774854653286484,0.21316459181033215,6.155061982712656,-1.4671815090709261,-1.4671816097365484,-1.1769690857993231,9.594692124260797e-08,0.0010000041970569227,0.0018177553080022334,0.08105331299205622,7.5997135480244955
1419,-2.03005483915221,-2.0300546772075148,-1.8303824618177593,-1.6566998553725907e-07,1.0,0.0010000116341167464,0.004257249287856778,0.23320939384822575,6.651919297452243,-1.5151916278733144,-1.5151915126376683,-1.2381748067008125,-1.1498729387919108e-07,0.0010000053068829908,0.0019303972056756416,0.10211585718724463,7.620328066084118
1420,-2.064441399754218,-2.0644411703325667,-1.8649824542819329,-2.227442444495435e-07,1.0,0.001000008971939953,0.003787512355044765,0.2217655353740139,6.3045043540450765,-1.4462160136964584,-1.446215730243259,-1.1788114302688175,-2.9024150636461046e-07,0.001000003402845727,0.0021934455803905924,0.11355241917901569,8.071229977077909
1421,-2.0023531846280367,-2.002352916969443,-1.8015185189696978,-2.6969695990940307e-07,1.0,0.0010000118318031419,0.004534197329842257,0.2595772625140424,6.891144392625341,-1.3849017381668092,-1.384901409678989,-1.105274309272257,-3.2857060432434083e-07,0.0010000062537276083,0.002171564842056897,0.1290181870261828,8.43353803422716
1422,-2.026336523721803,-2.0263382983657547,-1.8775478421517138,1.7577044244082469e-06,1.0,0.0010000173208953918,0.00400674228670673,0.2546508510438901,5.9865517031471684,-1.5056030750274658,-1.5056397557258605,-1.2307433154847887,3.667399287223816e-05,0.0010000065822775165,0.0019480190162236492,0.09999092585510677,7.672339312235514
1423,-2.0175771173441186,-2.0175797646900393,-1.8485222312639344,2.6368026463490614e-06,1.0,0.0010000161852968751,0.004143816168543021,0.20810142792058442,6.314913646230158,-1.4416560967763266,-1.4416560371716818,-1.158382107814153,-6.0349702835083e-08,0.0010000028647482394,0.00341044748460667,0.17682300060987471,9.807077640957301
1424,-2.0190258183569276,-2.01902633568026,-1.7918106115089272,5.111379443474536e-07,1.0,0.001000010599557943,0.004736116401991754,0.28152530914488827,7.0835028954272,-1.5360256287786695,-1.5360256605678135,-1.2692705538537767,3.253420193990071e-08,0.0010000091692846682,0.0021084943242991963,0.11342584089272552,7.721095434824627
1425,-2.0506212981242053,-2.0506215815274222,-1.8587424777588755,2.8473869809564557e-07,1.0,0.001000010021874365,0.0040460172403638936,0.251561738269509,6.333009629879358,-1.5413997848828636,-1.5413996630244784,-1.287773264116711,-1.1564956771002875e-07,0.0010000053405140837,0.0019200185029250051,0.10697692847914166,7.579174931844076
1426,-2.0713675337017707,-2.071367470723278,-1.8845990019024543,-5.8550317332429704e-08,1.0,0.0010000103359760822,0.0036004933370453007,0.24898276864638869,6.0198693680313395,-1.5955031845304704,-1.5955033500989277,-1.3606223755412632,1.5629662407769097e-07,0.0010000078421499995,0.002080849571050041,0.12719774010280768,7.588545195261639
1427,-2.006982153316714,-2.0069821285751632,-1.8112551671154093,-2.2632895775561063e-08,1.0,0.001000022581550029,0.00433734520382406,0.24035051176851652,6.797206203892546,-1.6318712155024213,-1.6318712843788994,-1.3945606774753994,5.654162830776638e-08,0.001000006212335494,0.002092561669026812,0.10807624326811896,7.461624378628202
1428,-2.000099137144269,-2.0000990651688486,-1.8090164908822977,-7.106166965556595e-08,1.0,0.0010000188342945756,0.004574609085706607,0.2446480209956754,7.043008304991812,-1.4528364631864756,-1.452836098935869,-1.1487706581751504,-3.660718599955241e-07,0.0010000063804909587,0.002171744059564339,0.11181039926078584,8.393048265245223
1429,-2.0389817548248,-2.038981599627801,-1.822666199702137,-1.5864113591751963e-07,1.0,0.0010000108016373695,0.004583552251306345,0.29064867216742263,6.709239185981031,-1.5411615822050306,-1.5411612961027357,-1.2797163075870939,-2.8452939457363553e-07,0.001000004372973409,0.0019432893669646648,0.10753034750620524,7.406865289476183
1430,-2.051527243740154,-2.0515270345615892,-1.8909909545250658,-2.147313558830405e-07,1.0,0.0010000138306322526,0.0037589046801001116,0.22465488346258425,5.963296417920095,-1.5282262259059485,-1.5282258868217469,-1.2598416341675653,-3.418160809410943e-07,0.0010000041841218869,0.0019373543948555986,0.11328053337832292,7.506751039293077
1431,-2.0232508519910417,-2.023250753024839,-1.8180986822776075,-9.819302918776027e-08,1.0,0.0010000142523632297,0.0042949144394611415,0.26116742123410386,6.792629723278981,-1.419642021920946,-1.419641669591268,-1.104802362041341,-3.6011139551798504e-07,0.0010000031053399047,0.0019585288698888486,0.10432606438795726,7.892725086212159
1432,-2.0578028930808014,-2.0578025961821935,-1.8734787140252456,-2.91767547715385e-07,1.0,0.0010000108565502571,0.003546567657909725,0.21337900637596283,6.1580807712842835,-1.491185038619571,-1.4911847843064203,-1.2105339447657266,-2.544787194993761e-07,0.0010000025206762884,0.0021959968661475512,0.1198482260107994,7.959778541988797
1433,-2.041510962090402,-2.04151063595178,-1.883914385201796,-3.1622794439207834e-07,1.0,0.001000006729297621,0.004357474686946931,0.2568569205841928,6.135027709996925,-1.5710996177461412,-1.571099532975091,-1.3133071382840475,-9.040037790934244e-08,0.0010000038426369428,0.0022210852527577017,0.13707290556695725,7.746658155653211
1434,-2.000871257961921,-2.0008709723094724,-1.7939041245658442,-2.930327406469381e-07,1.0,0.0010000132287870038,0.004387120470264048,0.2317380446870372,6.811013806541011,-1.6170871006117922,-1.6170867986149258,-1.3719476050800747,-3.0108624034457737e-07,0.0010000036149803136,0.0018254846981209185,0.08597745932638645,7.369549412197538
1435,-2.040645230491206,-2.0406449066018157,-1.8232849836349487,-3.309182400973338e-07,1.0,0.0010000140986071442,0.003953156467825877,0.20953677682522334,6.655958818939497,-1.5740680058797203,-1.5740679727660285,-1.3180771758159002,-5.008445845709907e-08,0.001000007648124463,0.0018125578761100769,0.08838063474330637,7.255505402882893
1436,-2.0463305914177083,-2.046330256282159,-1.8683100691381491,-3.399151676106003e-07,1.0,0.0010000135582643298,0.003780720944358212,0.2017195053960917,6.040672234769137,-1.4419844640625847,-1.4419844441943699,-1.1238699384861521,-3.675619761149089e-08,0.0010000055552356773,0.001743725464782781,0.07711111274030473,7.8668717596266005
1437,-2.033651151747074,-2.0336508436023064,-1.8295665956893057,-3.180554452932106e-07,1.0,0.0010000170902612637,0.00377888847713552,0.19853532834435408,6.424570173587439,-1.5281057000160216,-1.5281055927276612,-1.2669707655906677,-1.1846423149108887e-07,0.0010000045669989453,0.0018191453147058687,0.08544976781639788,7.641955566406251
1438,-2.0408849288832465,-2.040884607243088,-1.8590326826527435,-3.2079669664490896e-07,1.0,0.0010000156449540606,0.004044905533346365,0.2316926266506033,6.376638907306599,-1.4442718704541522,-1.4442717711130777,-1.1354716966549556,-8.957253562079536e-08,0.001000003128622969,0.001686404635094934,0.07016720937358009,7.770120334625244
1439,-2.047389810940005,-2.047389473555223,-1.875391643002348,-3.318319905478999e-07,1.0,0.001000012080009394,0.003406182636577144,0.21082933703964613,6.112438246888934,-1.4123806867334576,-1.4123806039492288,-1.11525200439824,-7.218784756130642e-08,0.0010000040547715294,0.0016624582207037343,0.07425312540597385,7.649361122979059
1440,-2.070202782468976,-2.070202483321136,-1.8766420652281564,-2.903617777914371e-07,1.0,0.0010000072938021061,0.003384501840216371,0.20768085937455016,6.116676497009565,-1.46044243839052,-1.460442434416877,-1.1603887505001491,-9.602970547146268e-09,0.0010000033924976984,0.0019680804883440337,0.10587905190057224,7.991022459665933
1441,-2.045674240814065,-2.04567395966008,-1.8697910646222673,-2.6351157224403236e-07,1.0,0.0010000134045082443,0.003480254938246085,0.18300146251073424,6.084359254477159,-1.2103934458974337,-1.2103934437450437,-0.8860879519747363,-1.0265244377983941e-08,0.0010000055086695485,0.0019767465975342527,0.092106451259719,8.885531542036267
1442,-2.0448184328259162,-2.0448181786627138,-1.8101208569868557,-2.3827800210916772e-07,1.0,0.0010000134462420389,0.003612867773967391,0.22862875693530407,6.930253919565453,-1.5724756611718071,-1.572475622759925,-1.3512882431348165,-5.0995084974500866e-08,0.0010000082845282223,0.002017581662059658,0.08719577454030514,7.55744144651625
1443,-1.9990532870562572,-1.9990529969053448,-1.8107380664573525,-2.8958860433326575e-07,1.0,0.0010000152407952075,0.004170320282321212,0.2317476620511064,6.600617971060411,-1.5439180970191955,-1.5439180970191955,-1.2730438232421875,-1.7219119601779512e-08,0.0010000047868945533,0.002021425827923748,0.09273127669261562,7.750311173333062
1444,-2.048192944166795,-2.0481926810066655,-1.855673351377811,-2.5381175976879193e-07,1.0,0.0010000104414088266,0.0037495837160298287,0.2325189401799778,6.701915916406883,-1.3989441427919596,-1.39894414279196,-1.0736839343069329,-8.030070198906792e-09,0.0010000053870802125,0.001867095642309222,0.08340817251139217,8.018505276574029
1445,-2.050518317042657,-2.0505180493840633,-1.8431931374207982,-2.593645509683861e-07,1.0,0.001000011203599707,0.003918637789539852,0.2115884899460482,6.788968482107486,-1.4956022977828978,-1.4956022951338026,-1.2026326341761484,-2.5497542487250433e-08,0.0010000035011519988,0.0019134057401162055,0.09197917953133583,7.728827942742242
1446,-2.0465563535690308,-2.046556103904292,-1.829467364077298,-2.4713435263003944e-07,1.0,0.001000010634702191,0.004217092962584125,0.22833750456712157,7.071212620105383,-1.5861727595329285,-1.586172726419237,-1.3393318944507175,-4.9008263481987845e-08,0.0010000024223700166,0.002088200903704597,0.11127378025816546,7.73316830529107
1447,-2.061162768669848,-2.0611625257528052,-1.87672550948161,-2.6140291735811054e-07,1.0,0.0010000114034826183,0.003675174965294746,0.20246714276244054,6.128056386731705,-1.5802806417147321,-1.5802806284692552,-1.3321323288811577,-2.7567148208618165e-08,0.0010000043988434805,0.0020090288715437056,0.09688381945921315,7.457872486114504
1448,-2.0252357923759603,-2.025235542711222,-1.829682912466661,-2.536008942801997e-07,1.0,0.0010000121854421384,0.00471978263604402,0.2616691166570164,6.869615536815715,-1.3942536864015793,-1.3942536705070072,-1.067925897737344,-3.261698616875543e-08,0.0010000020239709151,0.001764430607565575,0.08102837709916963,8.037005805969239
1449,-2.0182532566898272,-2.018253025018944,-1.7906779613134995,-2.396837720331156e-07,1.0,0.0010000106544708306,0.004594887116976644,0.2807632435886365,7.045926975754072,-1.5124030046992831,-1.5124029649628534,-1.27436070839564,-5.993578169080946e-08,0.0010000029811635613,0.0021255848644715215,0.12569504169126353,7.677858055962457
1450,-1.9862028337874502,-1.986202728073552,-1.8164475863834597,-1.1541371075612194e-07,1.0,0.0010000134264733995,0.004976514759824945,0.26351776887785716,6.711907436262886,-1.4859493427806427,-1.4859495202700297,-1.1900190764003329,1.8187695079379612e-07,0.0010000104808972942,0.0024201120068836545,0.13334229903088676,8.132757091522215
1451,-2.015912229160093,-2.015912098704644,-1.8374086303530999,-1.3523506668378723e-07,1.0,0.0010000135472817522,0.004108985664129679,0.2317756989373351,6.608271990182264,-1.482956764433119,-1.4829563207096523,-1.2009285734759436,-4.51505184173584e-07,0.001000006181291408,0.0019458851026785042,0.09732704054978158,7.854998207092286
1452,-2.0520121151546262,-2.0520118474960327,-1.9084943555436045,-2.6372243773262456e-07,1.0,0.0010000115177014246,0.0036309452503392437,0.21366700118864482,5.830420606541184,-1.5488880859480965,-1.5488879336251153,-1.2891706963380178,-1.5497207641601563e-07,0.0010000065719294878,0.002118227201410466,0.13249734913309416,7.652975082397461
1453,-2.013060356086155,-2.0130602323784017,-1.8002209753360388,-1.2321573383403273e-07,1.0,0.0010000181665538617,0.004717971336641261,0.24540885334026138,6.808947023355736,-1.5161091870731775,-1.5161091420385573,-1.2272416631380716,-4.0233135223388675e-08,0.0010000049602240323,0.0025040144954497617,0.14917549019058546,8.227147102355957
1454,-2.031112461719873,-2.0311158288199946,-1.8382579493072797,3.3691384882297157e-06,1.0,0.0010000121349222817,0.0044412970244181605,0.24357142603411427,6.686529231521319,-1.5334728307194179,-1.5334728691313002,-1.260523506005605,3.799796104431152e-08,0.001000005806175371,0.0022873762503473295,0.11017757025029924,7.982523239983452
1455,-2.03611018072884,-2.0361113773201995,-1.8339957313717536,1.1944124158823265e-06,1.0,0.0010000113749279167,0.004250470843201257,0.2465319126000944,6.589858806358193,-1.4559704343477888,-1.4559704648123848,-1.168336856365204,3.9819214079115123e-08,0.0010000051516625616,0.0024808834229285517,0.14596903539366193,8.54356673558553
1456,-2.02793809152999,-2.027938145511555,-1.8239008908001881,5.088887124691369e-08,1.0,0.0010000109575899704,0.003928765206474741,0.2212894732519141,6.667495934468396,-1.4849025302463106,-1.4849025309085846,-1.204431261950069,8.27842288547092e-10,0.0010000039926833576,0.0018660424432406823,0.09404193928672208,7.4912210252549905
1457,-2.041675272977577,-2.0416752684791133,-1.8286204967858657,-4.0064442832514924e-09,1.0,0.001000016453271767,0.003802216890760047,0.2141849108321487,6.8237731906602965,-1.5198975417349074,-1.5198975337876215,-1.2684265202946132,-7.450580596923828e-09,0.0010000067297369242,0.00205918882921752,0.10285137312279807,7.743107361263699
1458,-2.0310124113874615,-2.031012368652056,-1.8519052042151398,-4.378973313097684e-08,1.0,0.0010000222938064977,0.004135175243476933,0.22775959174306887,6.518844298596652,-1.4894181238280402,-1.4894181821081374,-1.243177588780721,5.7700607511732314e-08,0.0010000069858506321,0.0027382464173974263,0.176405664285024,8.510449812147353
1459,-2.021487276509123,-2.0214872675121955,-1.850878652536644,-1.5463469163426813e-08,1.0,0.0010000113661418546,0.004517462855767248,0.24704766867436329,6.4015941125042035,-1.3993075178729164,-1.39930748740832,-1.0900055660141839,-3.5017728805541994e-08,0.001000003604632285,0.002097438286162085,0.13443765656815634,8.379591136508518
1460,-2.031326613336239,-2.031326557105442,-1.8444923792245254,-4.596867651309607e-08,1.0,0.0010000144127088617,0.004047696546756856,0.25440642068970876,6.422462701797485,-1.4100994096861945,-1.4100992480913799,-1.1059671415223016,-1.5894571940104166e-07,0.0010000040754675865,0.002146270211475591,0.11488782974580923,8.360621282789443
1461,-2.044415165793221,-2.044415102814728,-1.855618807504762,-7.69659033361471e-08,1.0,0.0010000131914462403,0.003752731608297184,0.22282277114408197,6.234174935322888,-1.5799049324459502,-1.5799048052893745,-1.322046818998125,-1.2202395333184135e-07,0.0010000045644119383,0.001919673954964512,0.10291178230610158,7.511947525872123
1462,-2.0523138743526532,-2.052313746146436,-1.866758845887094,-1.224425603758614e-07,1.0,0.0010000111157390868,0.003844259291412836,0.2597639945177537,6.2118592847068355,-1.3991609123018054,-1.3991606858041552,-1.0872229059537253,-2.2823611895243326e-07,0.0010000032605603337,0.001968941175275379,0.10225730881922775,8.014720884958905
1463,-2.0431472490418634,-2.043147071352545,-1.8644860083202146,-1.7768931838701355e-07,1.0,0.0010000165674905733,0.0036198945698451323,0.19249008304246193,6.124479865128139,-1.414023048347897,-1.4140227595965067,-1.0958022862672805,-2.8750962681240505e-07,0.0010000045592379238,0.0019817777547157475,0.11303192733062638,7.877502409617107
1464,-2.0530384711499483,-2.0530382484759926,-1.8435868609626338,-2.2871876662632205e-07,1.0,0.0010000104721600437,0.004203268148901187,0.23342468020207477,6.768011556481415,-1.5039865308337743,-1.5039863639407687,-1.232602628072103,-1.5952520900302463e-07,0.0010000048282866676,0.0017054767115041614,0.07920166767305797,7.417087343004014
1465,-2.0420384564489686,-2.0420382180303895,-1.861390952794057,-2.440416587973541e-07,1.0,0.00100000880720129,0.0037890094121531496,0.23057562959784605,6.236379924810158,-1.4693705836931865,-1.4693703373273215,-1.1855560898780824,-2.4884939193725585e-07,0.0010000034675209058,0.0019383639795705677,0.10410283853610357,7.805825678507488
1466,-2.056274231874718,-2.0562739507207333,-1.8709876019999665,-2.902212007990423e-07,1.0,0.0010000105424485398,0.0036987812908471757,0.20218320960565558,6.334688366584058,-1.458315991030799,-1.4583156439993117,-1.1576468461089664,-3.368490272098117e-07,0.0010000047584374746,0.0020526021589628526,0.10988963962429099,7.882245180341932
1467,-2.0585423258115663,-2.0585420244144945,-1.85160401632201,-2.946493760594782e-07,1.0,0.0010000109971272497,0.004026897185710522,0.23876213640818056,6.528402337488139,-1.5196696519851685,-1.519669238726298,-1.2695271054903665,-4.1168597009446884e-07,0.001000006147660315,0.002114652076529132,0.12447962851987945,7.771994431813558
1468,-2.055917460963411,-2.055917168563267,-1.8639226094731745,-2.83754659148882e-07,1.0,0.0010000106918115943,0.003603074763339224,0.21999708478743174,6.418368002153793,-1.4585913949542575,-1.4585911247465346,-1.1803851021660698,-2.725256813897027e-07,0.0010000040263144507,0.002468494444878565,0.13097300347354676,8.367689164479573
1469,-2.0605827187592127,-2.0605823903713585,-1.871553843876101,-3.238893904775943e-07,1.0,0.001000008846738569,0.003723303148224247,0.2118283740402955,6.0602458108146235,-1.5086306240823537,-1.508630277050866,-1.2417463660240173,-3.3883584870232474e-07,0.0010000046161520813,0.002094886607180039,0.12027038232319885,7.923417176140679
1470,-2.0542085890500053,-2.0542082876529335,-1.8643962324790235,-3.075121708636014e-07,1.0,0.0010000089389922203,0.004560594348113914,0.2396641381366073,6.445466873780736,-1.4349880284733243,-1.4349876549508838,-1.1534038133091398,-3.7112169795566134e-07,0.001000004460931652,0.0021301307637865345,0.12165202237665654,7.758446862962511
1471,-2.0073993813316777,-2.007399082183838,-1.8152828149075777,-2.9190812470777977e-07,1.0,0.001000017408756012,0.004828402065267821,0.27630427936619184,6.73224861216995,-1.550936690966288,-1.5509363730748496,-1.2878980881637998,-3.1871928109063043e-07,0.0010000074696209695,0.0024654110479685994,0.16881558953060044,8.117744668324788
1472,-2.053419443796266,-2.0534191693899766,-1.8974984546877303,-2.828409086983159e-07,1.0,0.0010000135209235661,0.003608263596312477,0.2349433922120985,5.996855128486201,-1.3487339556217195,-1.3487336893876394,-1.0396408493320146,-2.664824326833089e-07,0.0010000045644119383,0.0020797836102752223,0.11206577200856474,8.184976927439372
1473,-2.0469997379015075,-2.046999418510581,-1.831883947804289,-3.252951604015422e-07,1.0,0.0010000115177014246,0.004131025476556904,0.27546145426074287,6.614225509031764,-1.4493423912260264,-1.4493421614170074,-1.1483527092470063,-2.2707713974846734e-07,0.0010000041246207225,0.001899866503663361,0.11832464167641268,7.70105849372016
1474,-2.0419333678371503,-2.04193304394776,-1.8375569402046923,-3.1601707890348614e-07,1.0,0.0010000109026770828,0.003908646560959377,0.25607997713223946,6.745998108162071,-1.4120015727149111,-1.4120014568169912,-1.0944044712516996,-1.0215573840671115e-07,0.0010000025439593527,0.0023255849903863336,0.16325027719140053,8.372823503282335
1475,-2.0407272037470117,-2.040726848368375,-1.8647186846103307,-3.30426220623952e-07,1.0,0.001000012200817747,0.004397753793043348,0.2759095748078148,6.352155554969356,-1.5450763463973998,-1.5450762179162767,-1.2622876955403222,-1.286466916402181e-07,0.001000004784307546,0.00198047266393486,0.11746949934297138,7.6253769768608946
1476,-2.0537420061399354,-2.0537416732536173,-1.8956234927447337,-3.2395967897379174e-07,1.0,0.0010000144676217493,0.003781229868214929,0.21804428536374615,5.994127260064179,-1.4874289843771191,-1.4874289181497362,-1.2086905678113302,-7.061494721306695e-08,0.0010000038814420502,0.0017316765488228864,0.10359617430302832,7.300101778242324
1477,-2.027530362021248,-2.027530128101133,-1.8405649369617678,-2.2759415068716372e-07,1.0,0.0010000110278784665,0.004477975903219491,0.24983539330368898,6.501858504313343,-1.4129126475916969,-1.4129125654697419,-1.0918766987820467,-9.122822019788953e-08,0.0010000038607459929,0.002197806218949457,0.12916412585311465,8.483096514807807
1478,-2.055862642684073,-2.0558624200101168,-1.8866892918100897,-2.084756797214724e-07,1.0,0.0010000146213778346,0.0039673353070920365,0.2445941011087512,6.032733269457547,-1.5328412135442098,-1.5328407963116963,-1.2586425489849515,-4.155768288506402e-07,0.0010000035115000274,0.0017372576183535987,0.08167338545123735,7.323068417443169
1479,-2.076600448140558,-2.076600358171283,-1.9062812598246448,-7.991802017643767e-08,1.0,0.0010000094727454882,0.00331691547542951,0.19720688894531638,5.8683230157168405,-1.5482852657636004,-1.5482848723729452,-1.2801952560742695,-4.0613942676120335e-07,0.0010000040030313862,0.0017761770299532346,0.09540681785179508,7.239097690582276
1480,-2.0814377856704422,-2.0814374842733705,-1.9025786192911975,-3.0948024875712844e-07,1.0,0.0010000107423314508,0.003421808111938244,0.17818788407405592,6.021597925222145,-1.5653471906979881,-1.5653471536106534,-1.3078863991631402,-5.1243437661065e-08,0.0010000047894815603,0.0017783322216322025,0.09517617262899876,7.294402599334718
1481,-2.0630250944281525,-2.063024788532617,-1.8707636257387557,-2.9514139553285997e-07,1.0,0.001000014660915114,0.0039041653222773435,0.23286498851090107,6.3741215669883875,-1.4619138015641109,-1.461913800239563,-1.1500482896963755,-1.34938293033176e-08,0.0010000034261287915,0.0019641743377885883,0.1166988208062119,7.886793857150607
1482,-2.0528831999256925,-2.052882880534766,-1.8382222629942984,-3.2466256393576566e-07,1.0,0.0010000128839340694,0.003950023764463247,0.23482556816823077,6.543448313227239,-1.5738885283470156,-1.5738885283470154,-1.3282008647918702,-4.967053731282552e-10,0.0010000047739595174,0.0018875497755491072,0.10710767445464929,7.387876902686226
1483,-2.080825045423688,-2.080824721534297,-1.899054468802686,-3.274038152874641e-07,1.0,0.001000012374342472,0.00333875957612862,0.19299848592084534,5.9706519099901305,-1.5879507607883876,-1.587950721051958,-1.3374039795663621,-4.3047799004448784e-08,0.001000003726221621,0.0019281102240913445,0.09844528229700195,7.475737084282771
1484,-2.0211235419759213,-2.0211232608219363,-1.8013591204049453,-2.875502379435413e-07,1.0,0.0010000130113319687,0.00432309621444218,0.26114082238021885,6.966624547850411,-1.4177540302276612,-1.4177540302276612,-1.1099132451746199,-1.5480650795830622e-08,0.0010000035244350633,0.0019910662771306102,0.09328269540435738,8.27420614030626
1485,-1.9885925976735241,-1.9885923075226117,-1.8095234070184096,-2.9113495124960843e-07,1.0,0.0010000166487616469,0.004651840651003679,0.27763267704900707,6.745332573944667,-1.3652803619702654,-1.3652802838219538,-1.036905337538984,-6.672408845689562e-08,0.0010000043703864018,0.0016837891139503982,0.07853911185844077,7.801800134446885
1486,-2.03725018591251,-2.0372498822662064,-1.8406082076846428,-2.985152433503349e-07,1.0,0.001000010937821331,0.0038247119947248756,0.2179577129910577,6.454842742883934,-1.4683981551064382,-1.4683980425198873,-1.1747165666686163,-1.0927518208821614e-07,0.001000003744330671,0.0019078401512362892,0.09622594825923443,7.834682432810465
1487,-2.058035227487672,-2.05803493733676,-1.8631366423840792,-2.909240857610163e-07,1.0,0.0010000107401349353,0.0034916999745446273,0.20433482200891342,6.3012280509157,-1.5362470255957708,-1.536247001753913,-1.2584002640512255,-4.611081547207303e-08,0.0010000026577876675,0.0019223880488425493,0.09540799007647567,7.596809397803414
1488,-2.037134008587531,-2.0371336869473726,-1.88222969028185,-3.0807447883318054e-07,1.0,0.001000009015870263,0.003732089860417511,0.2221458928202683,5.991717455522069,-1.4779777069886526,-1.4779777063263788,-1.1756696535481348,-2.707044283548991e-08,0.00100000340025872,0.0019875324382964106,0.115440675492088,7.967738225724963
1489,-2.0280867747540743,-2.0280864531139158,-1.82460056385904,-3.2374881348519954e-07,1.0,0.0010000109312317844,0.003998497815117381,0.2409069481885658,6.583809789621605,-1.5338811794916791,-1.5338811490270827,-1.2716058042314318,-4.553132587009006e-08,0.001000003146732019,0.0024559318113865124,0.13261389239794677,8.120696459876166
1490,-2.0402969436825447,-2.040296624291618,-1.8664996736454513,-3.1201063462023466e-07,1.0,0.0010000100130883028,0.003983253584559655,0.21119003946769913,6.312349715322818,-1.494546449184418,-1.4945464425616795,-1.2116024146477382,-1.9123156865437827e-08,0.001000006199400458,0.0020747785585828954,0.10323542170226574,8.011802207099068
1491,-2.0286602861476393,-2.0286599667567127,-1.8425753678915635,-3.271929497988719e-07,1.0,0.0010000112519230483,0.003959953303905731,0.2343004966189839,6.367335135082029,-1.5545688986778259,-1.5545688152313233,-1.3122276027997335,-8.965531984965006e-08,0.0010000080879156788,0.0022712054455445874,0.1311247385210461,7.989585993025037
1492,-2.0757259152970224,-2.0757256004045592,-1.900838609011668,-3.140490010099591e-07,1.0,0.0010000170243657984,0.003787094507506996,0.23562142520018345,5.985134884996234,-1.4153145458963183,-1.4153144783443874,-1.1006474287145667,-6.515118810865614e-08,0.0010000065357113877,0.0019067044680317242,0.10505664783219497,7.996210702260334
1493,-2.0773359717063182,-2.0773356950507975,-1.9054377888733487,-2.5718560758626685e-07,1.0,0.0010000101470757487,0.0033778420008086373,0.18831346739294394,5.835030393780403,-1.3722119142611822,-1.3722119049893484,-1.0395291187903948,-3.86602348751492e-08,0.0010000045333678524,0.001792143463777999,0.08390603224850363,8.064081033070883
1494,-2.0647887306393318,-2.0647884562330425,-1.8353557091838908,-2.855118715538169e-07,1.0,0.0010000096792179458,0.003325015991785616,0.21237288186994363,6.444475353888746,-1.4539237446255155,-1.453923726744122,-1.1556104911698235,-4.776650004916721e-08,0.0010000028673352466,0.0020481854935901034,0.08844978060159418,8.269344488779705
1495,-2.07966377600184,-2.079663503844783,-1.9201611257948965,-2.81435138774368e-07,1.0,0.0010000096396806668,0.0034389910090468685,0.1961928489705864,5.595775523275699,-1.3982249418894452,-1.3982248683770497,-1.0698587384488847,-7.864501741197374e-08,0.0010000031337969832,0.0018064545286405418,0.0817721062236362,8.079746013217502
1496,-2.0237580425334425,-2.0237577478840665,-1.8757027904942352,-3.071607283826144e-07,1.0,0.0010000098812973724,0.004813481937162578,0.27412384910122406,6.35409111796685,-1.5103837543063696,-1.51038365761439,-1.2326955199241638,-8.874469333224827e-08,0.00100000466271821,0.001909356872137222,0.09223987509806951,7.776590961880154
1497,-2.0076341696505278,-2.0076338974934704,-1.8520048047011752,-2.851604290728299e-07,1.0,0.0010000174329176826,0.005161206565252593,0.2954999305448442,6.306657309802073,-1.4150819248623316,-1.4150818361176385,-1.110517574350039,-9.155935711330838e-08,0.0010000039538782504,0.0017439813585951925,0.07850778752730952,7.813444646199545
1498,-2.046504184884845,-2.0465038857370055,-1.865941603228731,-2.978123583883609e-07,1.0,0.0010000104699635281,0.003585544067768837,0.18703352178464522,6.065910325860077,-1.511335423257616,-1.5113353417979347,-1.248551721374194,-6.879369417826334e-08,0.0010000061890524294,0.0019226070260629057,0.09793320865266852,7.762276363372802
1499,-2.0281363073384986,-2.0281360216860502,-1.8583353915304508,-2.91767547715385e-07,1.0,0.0010000155922376885,0.004231782326966805,0.2458902572474952,6.378296352782339,-1.4950276202625699,-1.4950275990698072,-1.2079592790868547,-3.5762786865234374e-08,0.0010000055604096915,0.002006399866917895,0.09782836929791504,7.797165955437554
1500,-2.0685228019390465,-2.06852251853583,-1.8678673820675544,-2.888154308750944e-07,1.0,0.0010000109839481564,0.003399344270978615,0.22050850079307016,6.156007712742068,-1.3880004273520576,-1.3880002670817906,-1.077540997063948,-1.6217430432637532e-07,0.001000006809934146,0.002178513476004203,0.11192504771881634,8.4030242284139
1501,-2.0756854201262853,-2.075685109732286,-1.886464202179099,-3.0420861154232384e-07,1.0,0.001000012080009394,0.0035070723256553117,0.19385044072877686,6.228668856170942,-1.344395445121659,-1.344395375582907,-1.0139426864890588,-6.407499313354492e-08,0.0010000027586809462,0.0018479265557188127,0.1031744441224469,7.974131711324057
1502,-2.049216088258995,-2.0492158228496336,-1.893196996652855,-2.633007067554402e-07,1.0,0.0010000108411746486,0.003532334057315481,0.1908035497971863,5.892980485592249,-1.3908108260896468,-1.390810736020406,-1.1066585143407186,-9.189049402872722e-08,0.0010000054258853196,0.0019206902736590968,0.10474830625785722,8.021647951338027
1503,-2.042926511674557,-2.0429262260221086,-1.8527210456020426,-2.799590803542227e-07,1.0,0.0010000168508410734,0.003865813827669283,0.23434135388090926,6.386238471517023,-1.4810034182336593,-1.4810032606124879,-1.1855769468678368,-1.5878015094333224e-07,0.0010000049421149822,0.0017488664999190304,0.09247314234574636,7.413678995768229
1504,-2.0451028436984657,-2.045102596282959,-1.8496115477579944,-2.3813742511677293e-07,1.0,0.0010000184960311876,0.003760602050636596,0.20686111964707105,6.275221217353389,-1.478796762890286,-1.4787966118918525,-1.1910876949628195,-1.520746284061008e-07,0.0010000106024866302,0.001765297306701541,0.09156080231898361,7.571039136250814
1505,-2.064195549712991,-2.064195286552861,-1.9106540027654395,-2.5873195450260953e-07,1.0,0.001000013459421132,0.0034364635445493855,0.21263982591061098,5.645444690056567,-1.4049383673402998,-1.4049382123682235,-1.0706919835673439,-1.5522042910257974e-07,0.0010000068306302032,0.0020593996496043273,0.10784732144739893,8.098147678375245
1506,-2.031311527738031,-2.031311372541032,-1.8214669137630823,-1.6194469523879716e-07,1.0,0.0010000091520542243,0.004096112969630169,0.23756019612949975,6.696658377377492,-1.4736180020703211,-1.4736178722646502,-1.1973740531338586,-1.285639074113634e-07,0.0010000069522195392,0.0021772663910976714,0.10320241509212388,8.07435228559706
1507,-2.0638588104607924,-2.0638585293068075,-1.8618258080392514,-2.8234888922493413e-07,1.0,0.001000014931086521,0.0034724077833640688,0.18732920001735384,6.281331917025009,-1.438215446472168,-1.4382152610354952,-1.1489630262056987,-1.8162859810723198e-07,0.0010000033200614983,0.0020379847251913615,0.09256710468067063,8.126858488718668
1508,-2.044405901207114,-2.044405647043912,-1.8715152605524603,-2.5627185713570073e-07,1.0,0.0010000095056932209,0.0036746835959899538,0.203886197106737,6.036067071950661,-1.5714981105592514,-1.571497963534461,-1.3152342087692686,-1.5406144989861382e-07,0.0010000059872658717,0.002157681549174918,0.12427047718730237,7.729040061102974
1509,-2.0336737070443496,-2.0336735158596397,-1.8586902168561827,-1.852101874801348e-07,1.0,0.001000015776744991,0.004176933546814154,0.2319147895389008,6.215759650716242,-1.4605080511834885,-1.4605078829659357,-1.154870165553358,-1.6962488492329915e-07,0.001000005174945626,0.0017414065750522745,0.08501659139162965,7.590575536092123
1510,-2.051387480969699,-2.0513872965326847,-1.8766011674449128,-1.9195788311508468e-07,1.0,0.0010000178985789699,0.003660511561528832,0.1828126000627032,6.183891552799153,-1.408774532874425,-1.408774236838023,-1.0921983944045173,-3.0083788765801325e-07,0.0010000047584374746,0.0019009715153111351,0.08809181820187303,7.770179907480875
1511,-2.0493395395998686,-2.049339382153637,-1.8665296109217517,-1.5625132704680821e-07,1.0,0.0010000163654111467,0.0036598332336102175,0.2086348591969823,6.147139567249226,-1.5532934917343983,-1.5532929791344536,-1.300202684932285,-5.051493644714355e-07,0.0010000036305023564,0.00218753501928101,0.1123943154182699,7.7246639569600415
1512,-2.016933416420559,-2.0169337223160944,-1.864289623386455,3.021702451525994e-07,1.0,0.0010000142260050437,0.004273513099178672,0.234440877752484,6.281287800590947,-1.5209016892645095,-1.5209016852908663,-1.25055560188161,-8.443991343180338e-09,0.0010000052913609477,0.0019783092999003,0.11417119370566474,7.80981674194336
1513,-2.0537733491861596,-2.0537770964064688,-1.8842738821821392,3.739769728678577e-06,1.0,0.001000010092162861,0.0037017874265933095,0.2111515411228504,5.9981472312279465,-1.556801391972436,-1.556801394621531,-1.2866491506497064,-6.788306766086154e-09,0.001000005718217128,0.002012499437356989,0.12654735619823138,7.601046498616536
1514,-2.0524253440353104,-2.0524253485337742,-1.8730442186571516,-6.044810672975936e-09,1.0,0.0010000140612663807,0.0035765321710023957,0.20696634338852368,6.119546521384761,-1.496147881613837,-1.496147824658288,-1.2155156162050036,-5.0912300745646157e-08,0.001000004836047689,0.0020572162905914916,0.12601221692230966,8.03426710764567
1515,-2.0543326634281085,-2.054332636437326,-1.8947116721351192,-2.1719145324994932e-08,1.0,0.0010000100328569424,0.003742403873541164,0.2322005678038552,5.830340547381707,-1.5113435374365913,-1.5113435626029967,-1.222378612971968,2.2103389104207358e-08,0.0010000051568365758,0.0021453651340885295,0.11710804704990652,7.873382462395562
1516,-2.0285516527463807,-2.028551589767888,-1.8376818153093446,-5.86206058286271e-08,1.0,0.0010000104172471558,0.0039377824232017375,0.24327947297748528,6.410518394326264,-1.59992503590054,-1.599925038549635,-1.358388736512926,-1.7384688059488933e-09,0.001000006727149917,0.002065106101023654,0.09801003444525931,7.467073334587943
1517,-2.0609067880882406,-2.060906745352835,-1.854112280989593,-4.807733139901791e-08,1.0,0.0010000122952679136,0.0039767103339984735,0.2463835794478655,6.404949053278509,-1.5713552421993677,-1.5713552872339884,-1.3229312724537319,4.6276383929782445e-08,0.0010000034390638271,0.0019049354311492708,0.09412420507934359,7.391335688696968
1518,-2.0524231060495914,-2.0524230835572728,-1.8872547869412404,-2.8818283440931787e-08,1.0,0.0010000114034826183,0.003685026811787261,0.21325415161983022,5.848711472637248,-1.345177955097622,-1.345177827941047,-1.0039104921950235,-1.2293457984924316e-07,0.0010000027198758391,0.0019675048533827066,0.09539662400881449,8.46193698247274
1519,-2.0817428512393303,-2.08174277926391,-1.885600081029928,-8.20969635585569e-08,1.0,0.0010000091740193795,0.0033379708623232423,0.18967250239033745,6.241107576298264,-1.5269662406709459,-1.5269661717944676,-1.2582191560003493,-7.616149054633246e-08,0.001000003640850385,0.0018799300512505903,0.09721079671548473,7.652766005198161
1520,-2.053930808913033,-2.0539306852052794,-1.8672436318307553,-1.2026361699374216e-07,1.0,0.0010000059078008217,0.0036057015454818335,0.2351611137460425,6.110308566183414,-1.417101263999939,-1.4171009487575954,-1.135199479924308,-3.2045774989657933e-07,0.0010000048929618465,0.00217686266793559,0.13111109820504982,8.316625467936197
1521,-2.034728302145904,-2.034728128955049,-1.8593189423938967,-1.7515893252390735e-07,1.0,0.0010000122996609447,0.004017712451728448,0.22493848703661054,6.412159047036801,-1.5038170642322963,-1.503816905286577,-1.225776438580619,-1.675552792019314e-07,0.0010000050999224186,0.002263445169147518,0.11167246720029247,8.156313112046984
1522,-2.033383502150482,-2.0333833941873514,-1.8510760181355026,-1.1288332489301574e-07,1.0,0.0010000163566250846,0.00392271981152864,0.23663082831310775,6.238361075239362,-1.52533368534512,-1.5253336244159275,-1.2620855159229702,-6.043248706393771e-08,0.0010000060700501004,0.002068482817978495,0.09975364125437207,8.002562703026666
1523,-2.0472526235400506,-2.0472524975830653,-1.8563930988311768,-1.2715188962108685e-07,1.0,0.0010000131145681975,0.00357112548322821,0.19920363874649102,6.488721973491165,-1.4341033948792352,-1.434103212091658,-1.1311725934346517,-1.8643008338080512e-07,0.0010000046316741241,0.001947444961923692,0.094011669109265,7.917436483171253
1524,-2.0577524068220607,-2.0577522426281334,-1.8665875533841692,-1.7016844929389233e-07,1.0,0.0010000087962187124,0.00404996963279357,0.22232513284345842,6.273478112130795,-1.1644534872637853,-1.1644531945387522,-0.7942642061660687,-2.8833746910095217e-07,0.0010000028983793326,0.002421905444417563,0.13061621114611627,9.330041207207575
1525,-2.0193209558163048,-2.0193208096162327,-1.8411611858403907,-1.4922247742706874e-07,1.0,0.0010000123172330688,0.003992858186873766,0.23045666916471608,6.298231817641348,-1.5068604793813494,-1.5068604475922054,-1.242523426314195,-3.32792599995931e-08,0.0010000068202821745,0.002129769007054468,0.09785759482118818,7.911237515343561
1526,-2.0605113191424675,-2.0605111796900912,-1.8538520381135761,-1.3783574104309082e-07,1.0,0.0010000110696122614,0.0034258174336568082,0.20073185720533696,6.152111836199491,-1.4902949889500934,-1.4902946048312717,-1.2074467526541817,-3.7468141979641386e-07,0.001000005839806464,0.0024158712424751784,0.11489219773146842,8.454915481143528
1527,-2.050825791538886,-2.0508255621172347,-1.8776492667648028,-2.4713435263003944e-07,1.0,0.001000016800321217,0.0034207441615608505,0.1874326544128499,5.982870083934856,-1.4423682663175794,-1.4423680623372397,-1.144889106353124,-2.0621551407708062e-07,0.001000006437405116,0.0020475667435675858,0.10907902746564813,8.144475555419922
1528,-2.0295761778669537,-2.029576103642302,-1.8577430833060786,-8.07614821308064e-08,1.0,0.0010000162995156814,0.00399112163050065,0.2077348841670549,6.230389109197652,-1.4562872913148668,-1.456287023756239,-1.1539498549161686,-2.7393301328023274e-07,0.0010000045049107736,0.0021138951234105563,0.11160981208086014,8.135972616407606
1529,-1.97496967045766,-1.9749760987623683,-1.7475374976419054,6.426547495823986e-06,1.0,0.0010000170529205,0.006604635200621384,0.3452538990608926,7.620245924535787,-1.410584354400635,-1.4108861870235867,-1.1242248998747932,0.00030183460977342393,0.0010000048645047678,0.0025266491083635223,0.22818129253056313,8.179318184322781
1530,-2.0018980323143727,-2.001932848174617,-1.8056733383322663,3.481593053295927e-05,1.0,0.0010000107049906873,0.004430696240819569,0.3017245900799643,6.659876013701817,-1.5550855252477858,-1.5550861385133532,-1.3319047583474053,6.197227372063531e-07,0.0010000059613958002,0.0027664741811652977,0.1592911063796944,8.009394370185005
1531,-2.0276726709221893,-2.027672880100754,-1.8257286346183632,2.2400943738109661e-07,1.0,0.0010000136065876708,0.004083099981488765,0.22925847870701888,6.689142344132909,-1.5560943325360617,-1.5560943298869663,-1.2847187121709187,9.934107462565104e-10,0.0010000045851079953,0.0019940461627104217,0.11008303980860445,7.609207344055177
1532,-2.068304221585112,-2.068304230582039,-1.8743806177715086,1.2370775330741451e-08,1.0,0.0010000098219914537,0.003489946362228607,0.21681933642698908,6.046593513128893,-1.4615124040179783,-1.4615124172634548,-1.179412794775433,4.718701044718424e-09,0.0010000032890174124,0.0020509237837460304,0.12860318529937004,7.962557612525092
1533,-2.038266215684279,-2.038266217933511,-1.8297275529717498,9.488946986648272e-09,1.0,0.0010000129959563601,0.004017858590298104,0.22265140417049517,6.706301140335371,-1.4289632611804537,-1.4289633419778611,-1.12149708337254,7.92245070139567e-08,0.0010000038038318357,0.0022158591956314114,0.11799234652684795,8.290541733635797
1534,-2.048761205853156,-2.048761230594707,-1.873102604218249,2.3406069233732402e-08,1.0,0.0010000088401490225,0.003763726673018679,0.22975517429833142,6.083643296979508,-1.3919614897833932,-1.3919614606433444,-1.0568855906940169,-3.0381811989678275e-08,0.0010000044893887308,0.00226681396468646,0.12400021470255322,8.453136973910862
1535,-2.0119687093878693,-2.011968673400159,-1.8314462000468992,-3.458194012911815e-08,1.0,0.001000013476993256,0.0045460944134250005,0.2558956468864432,6.695297677561922,-1.6333495060602823,-1.6333494557274713,-1.3915725376870898,-4.983610577053494e-08,0.0010000055371266272,0.0024384653402699363,0.1447379501329528,7.775391970740425
1536,-2.0118053206857645,-2.0118053206857645,-1.8128326096624698,-1.2651929315531028e-09,1.0,0.0010000179908326212,0.004454421074973103,0.2810222884323799,6.727317819055521,-1.572944484816657,-1.5729445377985636,-1.3135518577363756,5.074673228793674e-08,0.0010000060157229504,0.0027247985928422875,0.15850799116823408,8.067615943484835
1537,-2.0389785586663014,-2.0389785586663014,-1.8803778549410262,-7.731734581713407e-10,1.0,0.0010000110805948388,0.0040724184869278994,0.25701854877033325,6.094771173765075,-1.5047027097807988,-1.5047026647461785,-1.2190567208660974,-4.0978193283081055e-08,0.0010000050688783327,0.00196586976138254,0.11640406677292453,7.904062620798748
1538,-2.0641940157368497,-2.064194047226096,-1.8919511988477886,1.4268564728071104e-08,1.0,0.001000012752143139,0.0034521778909278648,0.20508820401891223,6.02784896346758,-1.5370193110571966,-1.5370193190044827,-1.2831182870599958,1.0016891691419814e-08,0.0010000035063260132,0.0018465503041322033,0.09275095553861724,7.204920917087132
1539,-2.0608800424719758,-2.060880017730425,-1.8872006434314657,-2.4811839157680294e-08,1.0,0.0010000081460501224,0.0034376006762338977,0.2123445038736429,6.073449346254456,-1.4843574100070531,-1.4843573888142905,-1.201510211494234,-1.6887982686360677e-08,0.0010000024896322025,0.0019187010410759184,0.10633439889384641,7.529633553822835
1540,-2.084520119541096,-2.0845200610610672,-1.8852554807123147,-6.501685898259002e-08,1.0,0.001000005483873329,0.0035999568227573103,0.22538386294091084,6.417828541881633,-1.4246417575412325,-1.4246416648228963,-1.094699329800076,-9.346339437696669e-08,0.0010000027560939392,0.001841073136569725,0.09367270622816351,7.647696706983778
1541,-2.0682429862472245,-2.0682429682533696,-1.8773639854395165,-1.771270104174344e-08,1.0,0.0010000116780470565,0.0034271127496020132,0.20404202072828445,6.092214242467341,-1.499428436491225,-1.4994284086757237,-1.2463353859053719,-3.195471233791775e-08,0.001000003643437392,0.0021735827723104095,0.14837770987715987,7.799283197191026
1542,-2.0540982439832867,-2.0540982102448084,-1.8992926264708896,-2.9380591410510943e-08,1.0,0.0010000080537964713,0.0035850617239462598,0.19635605790986205,6.044378604529039,-1.4375601053237916,-1.4375601967175802,-1.146559750371509,8.427434497409397e-08,0.0010000034726949203,0.0021022496124108634,0.14266174588766362,8.03441406885783
1543,-2.0545543454728037,-2.054554264500456,-1.8526614004710935,-7.310003604529039e-08,1.0,0.0010000113090324514,0.0037537473737139183,0.2085532777643991,6.290269451321296,-1.4672756791114807,-1.4672755228148566,-1.161814722749922,-1.5762117173936632e-07,0.0010000054155372912,0.0019375973225881657,0.1247455074141423,7.574772209591335
1544,-2.028639222091099,-2.0286390871371864,-1.8314149312253267,-1.3453218172181329e-07,1.0,0.001000015994200026,0.004287584895654669,0.23971173202372947,6.821753978729248,-1.57186474137836,-1.571864774492052,-1.3260136153962878,3.021624353196886e-08,0.0010000054621034198,0.0020138305042766863,0.11269927149017651,7.382154655456542
1545,-2.051447812116371,-2.0514477536363422,-1.8818119336973946,-6.016695274496979e-08,1.0,0.0010000109422143618,0.004013283437399089,0.24507328839796894,6.000467939196892,-1.5580483131938512,-1.5580482045809427,-1.3058640970124138,-1.0745392905341255e-07,0.0010000049576370253,0.0017973444346959392,0.11045928754740292,7.1310946782430005
1546,-2.042405236442134,-2.0424051374759316,-1.8599012257917873,-9.952851061551076e-08,1.0,0.0010000102898492565,0.004268703551716962,0.23532237724032043,6.427457759965141,-1.4399451957808602,-1.4399449441168044,-1.1473879310819837,-2.592802047729492e-07,0.001000003674481478,0.0018800921169006162,0.09903291029234727,7.7218045340643995
1547,-2.063604957652542,-2.0636048564371072,-1.8852548531766207,-1.1077467000709389e-07,1.0,0.0010000118054449558,0.003523278933123879,0.17901277211758326,6.104670996935862,-1.4685771134164596,-1.468576935927073,-1.1680596927801767,-1.825392246246338e-07,0.0010000036175673206,0.0019869112642481924,0.11535150640540653,8.128090890248618
1548,-2.060298188677374,-2.060298024483447,-1.8747547639990754,-1.6763806343078613e-07,1.0,0.001000010105341954,0.0033565831243253822,0.19851983507286827,6.235124646492724,-1.4317153281635708,-1.4317152049806383,-1.1171491732199987,-1.2914339701334635e-07,0.0010000043626253803,0.0019660356558031506,0.10283481611145867,7.966632037692599
1549,-2.057470404876853,-2.0574702294367664,-1.8944733615191478,-1.7782989537940836e-07,1.0,0.001000012427058844,0.0036307604860444116,0.21791660167136281,6.062879899762711,-1.509689458211263,-1.5096893813874988,-1.2154109279314678,-7.897615432739258e-08,0.0010000034597598844,0.001743329181853268,0.0780944640437762,7.539864285786948
1550,-2.04485899547361,-2.044858802039668,-1.8457588429720897,-1.9624548138312573e-07,1.0,0.0010000093123998563,0.003959695755873086,0.2204351131013542,6.329345847075841,-1.389137041568756,-1.3891367713610332,-1.0829113678799736,-2.72442897160848e-07,0.0010000028647482394,0.0018038866782767904,0.08943962144354979,7.8390967051188145
1551,-2.0485925269576737,-2.0485923875052974,-1.9185941556714616,-1.299634294689826e-07,1.0,0.0010000088709002397,0.003994887108246813,0.2564437698994605,5.672471559272622,-1.4398222976260715,-1.4398222545782724,-1.1339098278019164,-4.263387786017524e-08,0.0010000028155951037,0.0018183469901689225,0.09601895237962405,7.8148230022854275
1552,-2.0917769063193843,-2.091776676897733,-1.8993189357361704,-2.2878905512251944e-07,1.0,0.0010000079066299324,0.0034600422159715926,0.19528935023776764,6.115187554989221,-1.3803629671533904,-1.3803629912436008,-1.0618176355957984,3.137522273593479e-08,0.001000004189295901,0.0020525790026618375,0.11246353590654003,8.108356157938639
1553,-2.045815308139009,-2.04581510570814,-1.8288024843863722,-2.2119789753320082e-07,1.0,0.0010000103447621441,0.0037776944293412117,0.2091616578400135,6.526117581241536,-1.5119058370590208,-1.5119058595763313,-1.240632128715515,2.1523899502224392e-08,0.001000003573588199,0.002178154293344253,0.11111307711237006,8.078263102637397
1554,-2.0469337296935746,-2.0469336374750675,-1.8478960136197649,-8.554109987222924e-08,1.0,0.0010000144390670477,0.0038398735813866807,0.22920783482632548,6.247377746510056,-1.5594321555561488,-1.5594322085380554,-1.311029146777259,4.8345989651150174e-08,0.0010000045023237667,0.002120492540092932,0.10605138445066081,7.514060009850397
1555,-2.063750332256533,-2.0637501793087654,-1.8719168654027976,-1.4781670750312084e-07,1.0,0.001000009940603291,0.0037564862704009944,0.20228954973929333,6.076378799834341,-1.4699599120352003,-1.4699598285886977,-1.1612138642205132,-8.013513353135851e-08,0.0010000041220337152,0.0019720334844249817,0.10683727570705943,7.851984416113959
1556,-2.0806620683310166,-2.0806618254139737,-1.926925076628631,-2.5437406773837106e-07,1.0,0.0010000100328569424,0.003374530059584188,0.20961230634799544,5.684850265394966,-1.4356840584013197,-1.4356836795806884,-1.1258319713175298,-3.8097302118937174e-07,0.0010000038917900788,0.0017364865893291102,0.09366636321776443,7.621378909216986
1557,-2.0377142631782674,-2.037713959531964,-1.8597444430837091,-2.99780436281888e-07,1.0,0.0010000080340278317,0.003784480115908356,0.21792829985607345,6.38649515835744,-1.4560763385560778,-1.456076118681166,-1.1635095040003458,-2.1614962153964574e-07,0.0010000033071264625,0.0020224760752171277,0.10608998723328114,8.060601605309381
1558,-2.032653271027331,-2.0326529988702737,-1.8101348359629792,-2.841763901260664e-07,1.0,0.0010000111574728816,0.004020425649184101,0.21518286426534067,6.811838775310877,-1.4886127034823102,-1.488612284925249,-1.2083326511912875,-4.2484866248236765e-07,0.0010000077904098563,0.0023401006021433407,0.11375885245700677,8.479063267178008
1559,-2.057152561421664,-2.057152264523056,-1.8436399518318896,-2.9760149289976877e-07,1.0,0.0010000100086952717,0.003650463596952833,0.21935929017106318,6.49135352080723,-1.5111205061276751,-1.5111202292972141,-1.23246854212549,-2.72442897160848e-07,0.0010000025439593527,0.0021465315328290063,0.11026205677125189,7.962858963012695
1560,-2.069750707104521,-2.0697503832151307,-1.8729238510131836,-3.2262419754604126e-07,1.0,0.0010000069884864508,0.004113704765672391,0.21447076033449397,6.333037583333142,-1.4954538649982874,-1.4954535192913478,-1.2112140403853522,-3.4868717193603514e-07,0.0010000037365696496,0.00190424592130714,0.10025853117307028,7.88152560128106
1561,-2.0894165916262932,-2.089416260989207,-1.9050541283949367,-3.46803440237945e-07,1.0,0.0010000076803888351,0.0033111629484853934,0.20037158293965854,5.862753674669086,-1.5056785179509053,-1.5056779550181494,-1.2304615560505126,-5.582968393961589e-07,0.0010000032191682193,0.001970463326304323,0.11472214547296365,7.731699170006647
1562,-2.0655636495014407,-2.065563291873572,-1.8980005754614777,-3.4827949865809026e-07,1.0,0.0010000087456988557,0.003232689319565049,0.18827151710975845,5.782206094489907,-1.5294379578696358,-1.529437584347195,-1.2662045001983642,-3.7219789293077257e-07,0.001000003744330671,0.0019151936492158308,0.09907501277824243,7.610330147213407
1563,-2.063256032062027,-2.0632556834310853,-1.906118338962771,-3.5073959602499906e-07,1.0,0.0010000100416430043,0.0037498450728203608,0.24135854415033223,5.777023112998818,-1.5302455822626755,-1.5302452113893297,-1.2762961480352613,-3.705422083536784e-07,0.0010000054000152481,0.0018864714618151387,0.10321294474932882,7.468961874643963
1564,-2.078541726436255,-2.0785413508145316,-1.9186979892118923,-3.7098268292984873e-07,1.0,0.0010000078451274982,0.003403185649318093,0.19370051881052414,5.797066090241918,-1.5306075996822779,-1.5306071798006693,-1.2572232994768355,-4.182259241739909e-07,0.001000003384736677,0.0019951063751553495,0.10192180275917054,7.56280689239502
1565,-2.0460933986699805,-2.046093059035967,-1.85830176551387,-3.4588968978737887e-07,1.0,0.0010000072608543735,0.003470445207741885,0.18820879358868553,6.295197693806775,-1.4121032569143506,-1.41210292312834,-1.118751162290573,-3.2790833049350316e-07,0.001000002701766789,0.002540883124392066,0.143671162178119,8.923950884077284
1566,-2.0252605541697086,-2.025260270766492,-1.8682608559446514,-2.8206773524014456e-07,1.0,0.0010000088533281156,0.004560844590535985,0.27629155068183847,6.3425667690780925,-1.548030659887526,-1.5480303115314908,-1.284208650721444,-3.499289353688558e-07,0.0010000056095628275,0.0021609057439491153,0.13612406017879644,7.822735214233399
1567,-2.0686482933332337,-2.068648005431553,-1.8948664395314343,-2.983746663579401e-07,1.0,0.0010000099296207136,0.0034260725918805824,0.19896763823223565,5.9231439176595435,-1.545734773741828,-1.5457344359821743,-1.267902127901713,-3.518329726325141e-07,0.0010000026138085457,0.0019272686965349647,0.12371166770656904,7.353526083628337
1568,-2.0579299814296217,-2.057929648543304,-1.901871235865467,-3.155953479263018e-07,1.0,0.001000007544204874,0.003807859695165084,0.2146261705893953,5.894038956120329,-1.51383466190762,-1.513834446006351,-1.2166984690560234,-2.1283825238545736e-07,0.0010000027224628461,0.0018612032575118873,0.10043399892747402,7.53731330235799
1569,-2.0584298079868533,-2.0584295110882453,-1.8856487386631515,-2.9542254951764954e-07,1.0,0.0010000098329740314,0.0037445049328764654,0.22493173456135787,6.083519611718519,-1.474830981095632,-1.4748306314150492,-1.1839675257603328,-3.562205367618137e-07,0.0010000027638549607,0.00197169351288014,0.11042279774943987,7.726373672485352
1570,-2.079458882223885,-2.0794586033191322,-1.8868216118722592,-2.9507110703666255e-07,1.0,0.0010000094002604765,0.003260240455175627,0.1842667930671629,6.031071190564138,-1.4728038960032992,-1.472803654935625,-1.1724063068628312,-2.501739395989312e-07,0.0010000017445741427,0.0019250129246049458,0.10458634661303626,7.824630260467528
1571,-2.0095917503788785,-2.0095914759725892,-1.8137152959715646,-2.8305177418690805e-07,1.0,0.0010000113990895872,0.00447271955814564,0.2324250358033855,6.481834560070398,-1.5026925683021548,-1.5026921762360468,-1.2288721097840203,-3.904104232788086e-07,0.0010000032036461765,0.002042212833960851,0.10085503963960542,8.043183909522163
1572,-2.070631427584954,-2.0706311261878825,-1.895427146047916,-3.1201063462023466e-07,1.0,0.0010000097187552249,0.003600508271154227,0.2118067723119034,5.834570457350533,-1.5359923720359805,-1.5359919826189676,-1.2656841251585218,-3.848638799455431e-07,0.0010000035399571061,0.001961014360292918,0.0960447210404608,7.67986937628852
1573,-2.064440182919772,-2.0644398635288455,-1.9009501596666731,-3.179148683008158e-07,1.0,0.00100000761449337,0.003583552886925216,0.19525971007094067,5.968359681795228,-1.5047934293746945,-1.5047932134734259,-1.2214205900828043,-2.114309204949273e-07,0.0010000024197830094,0.0018044976543428169,0.08813503252135382,7.78154754638672
1574,-2.0142827686273828,-2.014282471728775,-1.8388216158129134,-2.9774206989216356e-07,1.0,0.001000012431451875,0.004135071306559697,0.2598030439244126,6.433045054381749,-1.5616619613435532,-1.561661834186978,-1.3036115096675025,-1.3468994034661188e-07,0.0010000057078690993,0.0020257250586938527,0.10435092772046725,7.572414143880208
1575,-2.0604681046503894,-2.060467832493332,-1.8628356794141374,-2.7813157945309044e-07,1.0,0.0010000078868612928,0.003825615748833373,0.21689080689453855,6.167355406959102,-1.5035893334282768,-1.5035891466670566,-1.2307221213976542,-1.8195973502265081e-07,0.001000003521848056,0.002060119311014811,0.10658758195737998,7.909669589996338
1576,-2.0227647929821373,-2.0227646265389785,-1.8246144483674247,-1.7382345109615685e-07,1.0,0.0010000107511175128,0.004126119133049868,0.2572967968178245,6.674638446771874,-1.3942951957384746,-1.3942947347958883,-1.0861138406727049,-4.6922100914849173e-07,0.0010000042281010084,0.0019224503232787053,0.09319081583784686,8.290150017208525
1577,-2.04747692144142,-2.0474767077643916,-1.863493393052299,-2.0826481423288023e-07,1.0,0.0010000118867160295,0.0038805669722727166,0.19301577130297445,6.164214790992017,-1.5117733995119733,-1.511773285600874,-1.232861837413576,-1.1126200358072917e-07,0.001000004137555758,0.00194706493574712,0.08825190580553478,7.610117922888862
1578,-2.0266187865779086,-2.0266184761839092,-1.8400863409042358,-3.059658239472587e-07,1.0,0.0010000157284216498,0.0039968779090932514,0.20399389690104522,6.597027954065575,-1.4522981339030794,-1.4522980054219563,-1.1533236430750953,-1.2020270029703776e-07,0.001000003369214634,0.0020655622757557368,0.0960530896153715,8.129535844590928
1579,-2.0314863830242516,-2.0314860771287164,-1.849722628323537,-3.0652813191683786e-07,1.0,0.0010000112607091102,0.003700937647460345,0.20700658316600998,6.276737608999576,-1.4516606595781112,-1.451660496658749,-1.1552427265379164,-1.6490618387858073e-07,0.0010000083880085085,0.002184410181103481,0.11435313754611545,8.093398941887749
1580,-2.042645697323781,-2.042645427415956,-1.8385145776676681,-2.8642562200438303e-07,1.0,0.001000008903847972,0.00399777218523734,0.21768924548237953,6.424876199578339,-1.3646543946531082,-1.364654212527805,-1.0141751719845666,-1.7484029134114582e-07,0.0010000034287157985,0.0021943356350271237,0.1125822506017155,8.517817910512289
1581,-2.070980227218484,-2.0709799685568178,-1.8817032935484401,-2.592239739759913e-07,1.0,0.0010000077309086919,0.003886339762072378,0.25627549259730104,6.110758668971512,-1.4785093439949883,-1.4785092062420315,-1.1690174139208265,-1.376701725853814e-07,0.0010000031855371264,0.001928563741967082,0.09733085975878769,8.014037534925674
1582,-2.077590103419322,-2.0775898357607283,-1.9180001582739488,-2.651984961527698e-07,1.0,0.0010000129234713484,0.0031947893868112622,0.1741374447098318,5.43330366206619,-1.4792417195108203,-1.4792416095733643,-1.1645739201042387,-1.0223852263556586e-07,0.0010000027923120392,0.001951831884475218,0.10847533378336165,7.796178298526339
1583,-2.0773905763086282,-2.0773902951546437,-1.8997822752538718,-2.6533907314516466e-07,1.0,0.0010000072916055906,0.003608459725378538,0.20602056046701828,5.964023756531049,-1.5137099928326079,-1.5137099928326077,-1.2288009583950044,-8.27842288547092e-11,0.0010000040133794148,0.001917284033778641,0.0917265399876568,7.531259059906005
1584,-2.060085746477235,-2.060085508058656,-1.883698119307464,-2.4151127293424786e-07,1.0,0.0010000089521713133,0.003573475855859524,0.20853326315025114,6.030733801283926,-1.307744406329261,-1.3077443175845676,-0.9065669051474995,-8.675787183973524e-08,0.0010000028414651752,0.0018280356605019834,0.08242907946308455,8.177809047698975
1585,-2.026249842823676,-2.0262495796635465,-1.8331119136990242,-2.683614784816526e-07,1.0,0.0010000099515858685,0.004125392433466777,0.2388274297118187,6.468426398511203,-1.5888956626256305,-1.5888955063290067,-1.3626164515813193,-1.6209152009752062e-07,0.0010000036900035209,0.002107953639804489,0.10618973622719446,7.495506710476346
1586,-2.056642176969996,-2.056641880071388,-1.868150659327237,-3.036463035727447e-07,1.0,0.0010000079154159943,0.0037773490031161963,0.2497232236530421,6.277927956491147,-1.6359429836273196,-1.6359426763322618,-1.4067616237534417,-3.194643391503228e-07,0.0010000026474396388,0.0020560284274526767,0.11224074297481113,7.430351469251845
1587,-2.057902794963909,-2.0579025340530106,-1.8689061268320624,-2.7285994223828585e-07,1.0,0.0010000075134536568,0.003848227744763893,0.23352231236420712,5.984006296913579,-1.492616555425856,-1.4926161819034152,-1.2071346435281964,-3.7194954024420846e-07,0.0010000032010591693,0.0018983793522541722,0.08446578952587314,7.811259640587701
1588,-2.0651329575844533,-2.0651326786797,-1.9006127456449113,-2.8234888922493413e-07,1.0,0.0010000097956332677,0.003407976267209171,0.17954169487896957,5.904498023806878,-1.4789422220653956,-1.478942166434394,-1.182421368536436,-6.250209278530545e-08,0.0010000040521845222,0.0021283882670104504,0.11303733115394911,8.166962072584363
1589,-2.058434578607667,-2.058434288456755,-1.880180907699297,-2.9893697432751925e-07,1.0,0.0010000123150365533,0.003434992792910703,0.196892325256793,5.887367788350807,-1.5100753837161596,-1.5100751452975802,-1.2455842799610561,-2.3245811462402343e-07,0.0010000041297947367,0.0016901364705214897,0.08006890184349484,7.512126096089681
1590,-2.0455937205620534,-2.0455936283435463,-1.8615160483234334,-9.390543091971919e-08,1.0,0.0010000115857934052,0.003605266022583786,0.20438286289572716,6.093305515793134,-1.1697757071918913,-1.1697759042183558,-0.7407752436482244,1.9843379656473795e-07,0.0010000049653980467,0.0020034513876049055,0.11306762285530567,9.167006492614746
1591,-2.0261212272464104,-2.026134970053187,-1.8632635103081756,1.3745477739370094e-05,1.0,0.0010000120053278668,0.0036890110295301056,0.20026341846810197,6.127348387016441,-1.6009468913078306,-1.6009467323621114,-1.3522266030311585,-1.548892921871609e-07,0.0010000051309665043,0.0018881779940177997,0.09355611428618431,7.319837400648329
1592,-2.057330567881746,-2.057330552137123,-1.8625420399431913,-1.5463469163426814e-09,1.0,0.0010000135736399382,0.0038618048573931993,0.23677904454042326,6.485978423424487,-1.4596262918578256,-1.4596262415250143,-1.1580444720056322,-5.645884407891167e-08,0.0010000031131009262,0.0019214532286342648,0.09425302412774827,7.799113909403483
1593,-2.049568034567923,-2.0495679670909666,-1.852955033194344,-5.7074258912284416e-08,1.0,0.0010000108960875362,0.004201515522820629,0.25501789475949305,6.321948429323593,-1.6534717930687797,-1.6534717387623257,-1.4343796067767673,-4.743536313374837e-08,0.0010000043522773517,0.0021296419461982116,0.10248593841161993,7.396012094285753
1594,-2.0607183586876348,-2.060718167502925,-1.8606672961756867,-1.9898673273482412e-07,1.0,0.0010000072608543735,0.0038305360336243263,0.21774303828770258,6.411546999553464,-1.4979515539275274,-1.4979513194825915,-1.2151597877343496,-2.312163511912028e-07,0.001000003263147341,0.0017744550636659066,0.08466191275252236,7.482502619425456
1595,-2.0678871082809738,-2.0678868518685394,-1.883662127098947,-2.509299314246987e-07,1.0,0.0010000083020027235,0.0037380343364586807,0.2009180427862788,6.032243224809754,-1.5504549543062849,-1.5504545370737712,-1.2977849675549402,-4.1152040163675945e-07,0.0010000045488898952,0.002028605494544738,0.0976605205072297,7.610738733079699
1596,-2.0670229713871793,-2.0670227599593827,-1.8980490778977017,-2.0348519649145738e-07,1.0,0.0010000104985182297,0.003362036551753024,0.19790266282013003,5.887955350695916,-1.407944895161523,-1.4079446514447531,-1.1070761574639214,-2.4868382347954646e-07,0.0010000028104210892,0.001900877229248484,0.1044753177712361,7.93409686618381
1597,-2.0779587547734097,-2.0779584826163524,-1.8799893856048584,-2.762337900557608e-07,1.0,0.0010000066414370009,0.0035980980237067307,0.1869450811788721,6.265667762396471,-1.479925400680966,-1.4799251861042446,-1.2003169079621634,-2.1482507387797037e-07,0.0010000022826716303,0.0019244704033351606,0.1063252255320549,7.78082758585612
1598,-2.058357645880501,-2.058357432203473,-1.8787653333735916,-2.11076354080776e-07,1.0,0.0010000081065128434,0.004189602912069773,0.2428996371773054,6.466780136216362,-1.5106545223130121,-1.5106544044282701,-1.2286841458744473,-1.222723060184055e-07,0.0010000045049107736,0.002010784414596856,0.1031171676185396,7.79025051328871
1599,-2.07061896908958,-2.070618764409479,-1.8907112085594322,-2.1030318062260465e-07,1.0,0.0010000113990895872,0.0037531646491327096,0.22691070154871582,6.076955894254288,-1.427052969402737,-1.427052586608463,-1.1321464121341704,-3.8792689641316734e-07,0.0010000041737738582,0.0018547265350611674,0.08704675204224056,7.808517445458307
1600,-2.055288604970248,-2.055288350807046,-1.8823590098686938,-2.3722367466620678e-07,1.0,0.0010000084623483555,0.003698290569514458,0.24436081404674728,6.10005299100336,-1.455624720785353,-1.4556242518954807,-1.142145992649926,-4.7112504641215007e-07,0.0010000035761752062,0.0018836752977222204,0.09802223675780826,7.727783817715116
1601,-2.0387212487886535,-2.038720949640814,-1.8488390895555604,-3.034354380841525e-07,1.0,0.0010000103337795667,0.0037575908629047983,0.22559426528102947,6.255782239841965,-1.475659970442454,-1.4756596154636807,-1.2208887961175707,-3.5588939984639485e-07,0.0010000034649338986,0.0020508840861212874,0.09881420363154676,7.8913700951470265
1602,-2.013832103531316,-2.01383180888194,-1.819802648616287,-2.9858553184653226e-07,1.0,0.0010000155483073784,0.0042450521668454385,0.22626601098070168,6.647065846425183,-1.5765156547228496,-1.5765152507358127,-1.3175455470879873,-4.0191743108961316e-07,0.001000005705282092,0.0018291261383435791,0.08818417135626078,7.214361996120878
1603,-2.043724624615795,-2.0437243614556655,-1.8446283272977144,-2.6386301472501934e-07,1.0,0.00100000895876086,0.0034136109928301762,0.2318894643828554,6.439986035508929,-1.392926633358002,-1.3929264545440674,-1.1732338440087107,-1.8038683467441136e-07,0.0010000052577298548,0.0024824812076985835,0.11136744204494688,8.951713932885065
1604,-2.0163475072608805,-2.016347406045446,-1.8483573918072682,-1.0367553189115704e-07,1.0,0.0010000102173642448,0.0043267828087269694,0.24129041684967167,6.76426681482567,-1.5198043041759066,-1.5198037902514139,-1.2583547976281908,-5.119376712375217e-07,0.0010000072471383545,0.0020922532848392924,0.10434422004554007,7.903044128417969
1605,-2.0687226754314496,-2.0687223987759285,-1.9170023945142638,-2.775692714835113e-07,1.0,0.001000010665453408,0.00370861508198223,0.2037729095878466,5.674159346886401,-1.50469614399804,-1.5046957817342546,-1.219528772102462,-3.6598907576666936e-07,0.0010000038762680357,0.002051726886485186,0.1086331562863456,7.946726565890842
1606,-2.0527920745453745,-2.052791770899071,-1.8883937102443766,-3.0181880267161246e-07,1.0,0.0010000078758787153,0.004081817581054737,0.2311481811668513,6.028455437354322,-1.5617992215686374,-1.5617987910906475,-1.3205181141694387,-4.2575928899976943e-07,0.0010000056794120206,0.0022098561645381982,0.11018891599443224,7.888209236992731
1607,-2.0143920498074226,-2.0143917574072785,-1.8273622213669543,-2.986558203427297e-07,1.0,0.0010000105710032414,0.004486291891157205,0.2508277396126738,6.57510508231397,-1.3660684929953684,-1.3660681870248583,-1.0315672947300805,-3.0456317795647517e-07,0.0010000032424512836,0.001910671454647349,0.10792644234995047,8.141359255048963
1608,-2.0467728848727242,-2.0467726037187397,-1.8644838423099157,-2.826300432097237e-07,1.0,0.0010000058550844496,0.004090122177863037,0.23546838943126067,6.333296222506829,-1.5229871961805557,-1.52298690478007,-1.2548863603009117,-3.004239665137397e-07,0.0010000026629616817,0.0020139576298081213,0.11616484762893783,7.5882996241251615
1609,-2.065744015405763,-2.0657437050117635,-1.8809558490537248,-3.101831337191024e-07,1.0,0.0010000067402801986,0.003305172569663176,0.17632772046018322,6.024462623416253,-1.3474947262141437,-1.3474943735533291,-1.020502316289478,-3.58704063627455e-07,0.0010000029035533468,0.002018884013199972,0.11997543014585972,8.211393356323242
1610,-2.08561069785424,-2.0856104077033275,-1.8828518390655518,-2.878313919283309e-07,1.0,0.0010000093299719803,0.003419857079005045,0.20215216359861618,6.04220667875038,-1.4839126030604044,-1.4839122109942966,-1.2067920890119341,-3.9372179243299694e-07,0.0010000045178458095,0.0020653090853657986,0.11384528469708231,7.792569118075901
1611,-2.0690787423331782,-2.0690784859207443,-1.9087407993820478,-2.6119205186951834e-07,1.0,0.0010000115220944554,0.0032836173283252515,0.1977969424553075,5.715283996654007,-1.4525794559054903,-1.4525790731112163,-1.14648939371109,-3.841188218858507e-07,0.0010000064658621946,0.002249102234943873,0.1170847690767712,8.246417925092908
1612,-2.0637974041812823,-2.063797098285747,-1.8954324204966706,-3.0301370710696815e-07,1.0,0.0010000111486868195,0.0033935312651765517,0.22543968555499921,5.887665739599264,-1.4128765450583562,-1.412876178158654,-1.118487458427747,-3.650784492492676e-07,0.00100000299151159,0.0022087392630055548,0.11658940290411314,8.275868585374619
1613,-2.072432297580647,-2.0724320074297347,-1.9269568605243035,-2.9001033531045016e-07,1.0,0.0010000114298408043,0.003404781283845879,0.1982117512456651,5.8232843381054,-1.4482624491055807,-1.4482620981004504,-1.1413819243510563,-3.600286112891303e-07,0.0010000036848295066,0.0021337721263989806,0.1166164115899139,8.25819254981147
1614,-2.041958064403174,-2.041957783249189,-1.8225361693580195,-2.869176414777648e-07,1.0,0.0010000095825712636,0.004490529997537861,0.25228045515294345,6.605247974395752,-1.3346826487117345,-1.3346823977099525,-0.997306431002087,-2.568794621361626e-07,0.0010000026707227031,0.0020395254509316552,0.09716401874191231,8.384131473965116
1615,-2.0421476251674147,-2.0421473755026764,-1.8836410135593054,-2.6034858991514963e-07,1.0,0.0010000111948136451,0.004007240961622095,0.23306466934253584,6.157124807249825,-1.5342788444625002,-1.5342785040537517,-1.2611208226945665,-3.398292594485813e-07,0.0010000042281010084,0.0017684313132324153,0.08868611024485694,7.299724038441977
1616,-2.0177603397729262,-2.0177603397729262,-1.8219934881858106,8.575196536082142e-09,1.0,0.001000011124525149,0.004112606731963888,0.2389702839812018,6.5110778943547665,-1.3975348856714036,-1.3975349015659757,-1.0963255716694726,2.003378338283963e-08,0.0010000025775904456,0.0019087149063125252,0.08449756316840648,7.873360803392197
1617,-2.056543521161349,-2.0565435571490593,-1.8890426676228362,1.4409141720465893e-08,1.0,0.0010000089060444876,0.0038968618818611468,0.22180826540263193,6.087622071212193,-1.4909974111451043,-1.490997224383884,-1.2185225009918212,-1.8866525755988227e-07,0.0010000060234839718,0.0018925527860927914,0.09321478050616053,7.5029356320699065
1618,-2.0472639641671813,-2.04726395067179,-1.8698618501987097,-1.2581640819333634e-08,1.0,0.0010000108279955555,0.003925276652224503,0.22754935779661503,6.1538175546898035,-1.4926511473125883,-1.4926511499616835,-1.1973567624886832,-1.3245476616753473e-09,0.00100000928569999,0.0019329054720906747,0.1147890143096447,7.595495086246066
1619,-2.0266731999955088,-2.0266732202385955,-1.833354428129376,1.0824428414398768e-08,1.0,0.001000013854793923,0.004374841015065476,0.24876341209659036,6.612495111969282,-1.4938769393497042,-1.4938769035869175,-1.212538393918011,-4.553132587009006e-08,0.0010000041116856866,0.0022712462866264914,0.1293425233827697,7.9181278440687395
1620,-2.0725947865900003,-2.0725947708453774,-1.8834950901427359,-1.1105582399188347e-08,1.0,0.0010000100504290665,0.003656595506055175,0.21491538845705535,6.112743679082619,-1.513097271654341,-1.513097185558743,-1.2256873653994667,-8.667508761088053e-08,0.001000004098750651,0.0019656438872011173,0.11574932970106602,7.720407485961915
1621,-2.0659794739957125,-2.06597937502951,-1.8824783653583166,-9.439745039310095e-08,1.0,0.0010000142545597453,0.003660736390266497,0.21505842034546835,6.223073531996529,-1.456314883629481,-1.4563144571251339,-1.1655227101511425,-4.3337543805440265e-07,0.0010000039900963506,0.0020639298406119146,0.09754661325779226,8.302157253689236
1622,-2.041212986100395,-2.041212909626511,-1.8366882058809388,-7.366234401486955e-08,1.0,0.0010000133605779342,0.003977286581055455,0.21477790746205258,6.570132925825299,-1.5344095998340184,-1.5344095706939698,-1.2795228872034285,-2.458691596984863e-08,0.0010000037650267283,0.0020884928707447315,0.12325177441040674,7.6826697349548345
1623,-2.0792048202370697,-2.079204698778548,-1.893555758134374,-1.290496790184165e-07,1.0,0.001000011137704242,0.0033650356959903016,0.1945811224714765,6.066549836464648,-1.5152502232127718,-1.5152500020133124,-1.2322229405244192,-2.221928702460395e-07,0.0010000051025094259,0.0020334262116294766,0.10332866919537385,7.925216144985622
1624,-2.0630729850733056,-2.0630727399070308,-1.8636320514499016,-2.550066642041476e-07,1.0,0.0010000093739022905,0.003614575378069619,0.19427465520939738,6.226142640383738,-1.5441502438651191,-1.544150021341112,-1.2803783973058065,-2.2277235984802245e-07,0.0010000041142726938,0.001849379217148655,0.0955570242057244,7.310172801547579
1625,-2.055768516828429,-2.05576831439756,-1.8717005657699872,-2.0355548498765477e-07,1.0,0.0010000076672097421,0.004140218963653271,0.24971894104525727,6.384623950382449,-1.4391528394487167,-1.4391526261965433,-1.1287972062826157,-2.141628000471327e-07,0.0010000028828572895,0.0018001148296106194,0.08041368168261316,7.758347172207302
1626,-2.0592961131401784,-2.05929589946315,-1.853682539373074,-2.1522337535642228e-07,1.0,0.0010000095869642945,0.003850458306260407,0.24907697610697657,6.3273132567135795,-1.5132474184036253,-1.513247283299764,-1.2204478085041046,-1.4826655387878417e-07,0.0010000030173816614,0.001774262023779253,0.08214736013776726,7.348889297909208
1627,-2.078147109949364,-2.0781468400415384,-1.876732146964883,-2.6969695990940307e-07,1.0,0.0010000075156501723,0.003457837107696764,0.2201300638042531,6.1104308569206385,-1.5291873176892599,-1.529187148147159,-1.2333993199798796,-1.7682711283365886e-07,0.0010000022231704659,0.001872057108105057,0.09815913165609041,7.471740913391114
1628,-2.0557602284089573,-2.0557599674980596,-1.870627020889858,-2.681506129930604e-07,1.0,0.0010000075639735133,0.003937640150499372,0.2526248517744946,6.133948236141565,-1.3707564963234797,-1.3707563830746545,-1.0268371396594578,-1.1680854691399468e-07,0.0010000032657343481,0.0018693172269397312,0.09479114756815964,8.020503531561959
1629,-2.0902842755587594,-2.0902840146478616,-1.9295065695384763,-2.49735026989343e-07,1.0,0.0010000109553934548,0.0032031295737603082,0.17952099829068724,5.5156227372727304,-1.4766472021738688,-1.4766471253501043,-1.1869517389270994,-6.771749920315212e-08,0.001000003571001192,0.001987367971903748,0.11672506262030867,7.795428265465631
1630,-2.080255479182837,-2.0802552340165623,-1.9219695419635412,-2.476263721034212e-07,1.0,0.0010000098044193298,0.0034802470000390457,0.19507294232552908,5.696205386575663,-1.5439102186097036,-1.543910112645891,-1.2723664078447554,-1.0521875487433539e-07,0.0010000026370916102,0.0018340555174897115,0.10351953754822413,7.480981572469075
1631,-2.08051945353454,-2.080519192623642,-1.8902776466225677,-2.62738398785861e-07,1.0,0.0010000092399148446,0.003461297342272581,0.20101535692811012,6.099007813435681,-1.46375554005305,-1.4637554420365229,-1.152215208278762,-8.667508761088053e-08,0.0010000036279153492,0.001956940514759885,0.09585665820373429,7.803920364379882
1632,-2.075295142407687,-2.0752948747490936,-1.9087923360320758,-2.5465522172316063e-07,1.0,0.0010000104040680628,0.0037095461058307367,0.21998009082140788,5.788514821034558,-1.4677881585227117,-1.4677880803744,-1.180658421251509,-6.432334582010905e-08,0.0010000026603746745,0.0018807331565767527,0.0981900408036179,7.581285900539821
1633,-2.056909734348081,-2.056909484683343,-1.8750473305864155,-2.457988712022889e-07,1.0,0.0010000101558618106,0.0035996462069100366,0.2309254490120231,6.180765363405335,-1.3887043568823074,-1.3887042224407196,-1.0604660742812686,-1.3907750447591147e-07,0.0010000031544930405,0.0018478801215274466,0.11057454024751981,7.964769490559896
1634,-2.0776622992641522,-2.077662036104022,-1.884027876943912,-2.5310887480681795e-07,1.0,0.001000012930060895,0.0032124345911280165,0.18941826837242776,6.075991698031156,-1.4243229190508524,-1.4243228356043498,-1.1169024371438556,-8.319814999898274e-08,0.0010000053094699978,0.0018311567035400205,0.10506083832846748,7.763944721221924
1635,-2.061951700246559,-2.0619514460833566,-1.8927267699871424,-2.599268589379652e-07,1.0,0.0010000098461531244,0.00355750413716964,0.2156057411910228,6.107198850163874,-1.4873466067843966,-1.4873464915487502,-1.1954507145616744,-1.088612609439426e-07,0.0010000033536925912,0.0019192561015693678,0.11387171844641368,7.647645674811469
1636,-2.032303713402658,-2.0323034367471373,-1.8482959068046425,-2.656905156261516e-07,1.0,0.0010000096770214303,0.00464836949315625,0.24471342264903043,6.53086862923964,-1.3829946574237613,-1.382994501789411,-1.044677561107609,-1.5687611367967395e-07,0.0010000041608388226,0.0018960107376592027,0.09472150384551949,8.07083544201321
1637,-2.058842852430524,-2.0588425892703937,-1.8773702135625876,-2.533900287916076e-07,1.0,0.0010000098988694965,0.0041192371951732434,0.25027163319711415,6.111500708562024,-1.4595546444257104,-1.459554496076372,-1.1617897153314618,-1.4826655387878417e-07,0.0010000033252355125,0.002429469493735168,0.14419767301943567,8.469890054066976
1638,-2.023146044533208,-2.0231457723761506,-1.832961896680436,-2.6913465193982394e-07,1.0,0.0010000093826883524,0.00478161593354395,0.25079059657060876,6.6346154347905575,-1.5379847003353966,-1.5379845327801174,-1.308600174718433,-1.6705857382880316e-07,0.0010000036486114065,0.0020793093420151208,0.11461782169838747,7.655805619557699
1639,-2.0189185862271293,-2.018918714433346,-1.8690346097046475,1.367814136001299e-07,1.0,0.0010000099823370856,0.004367386856344792,0.23608226413434408,6.117023396042158,-1.5543327331542967,-1.5543327185842726,-1.2903377281294928,-1.6887982686360677e-08,0.001000003470107913,0.002025581911827127,0.12946208400858772,7.69186233944363
1640,-2.052783837858236,-2.0527837883751348,-1.8721318064995531,-6.494657048639261e-08,1.0,0.0010000065931136596,0.003986984355164305,0.22899210772846104,6.260659847619398,-1.5802414125866358,-1.5802414602703518,-1.3352763175964355,4.8180421193440756e-08,0.0010000017859662573,0.0018826219046281444,0.09257711031370693,7.482718965742323
1641,-2.013975102946443,-2.01397505121411,-1.8438564336524819,-4.6038965009293465e-08,1.0,0.0010000118735369364,0.004095541251788162,0.22415763238128625,6.277382193871264,-1.6001357926262751,-1.6001355171203613,-1.3577281647258335,-2.778238720364041e-07,0.0010000022568015588,0.001936611636645264,0.10299221012327406,7.293421914842393
1642,-2.0657580168742053,-2.0657580168742053,-1.8927414619697716,1.616635412540076e-09,1.0,0.0010000099471928377,0.003290971785010594,0.19558818329055355,5.847341627444861,-1.5567945334646436,-1.5567943917380438,-1.2947401364644369,-1.384152306450738e-07,0.0010000027379848892,0.0016990155938805805,0.0769642389482922,7.164854261610243
1643,-2.0676585098482527,-2.06765849410363,-1.9103049264763885,-1.4549718712860682e-08,1.0,0.0010000084294006228,0.0037016627106393847,0.2013125348625318,5.774948983822229,-1.5364855024549693,-1.5364855157004462,-1.2815805435180665,2.5663110944959852e-09,0.001000004202230937,0.0018402316711015171,0.09623242591818174,7.293241204155816
1644,-2.075773886914523,-2.0757764465404005,-1.8741614121311116,2.557095491661216e-06,1.0,0.0010000077133365678,0.0034398491151701165,0.2020807634898514,6.155932457941883,-1.3575800518194832,-1.3575802193747626,-1.0552839450538158,1.610153251224094e-07,0.0010000047248063817,0.001753130348192321,0.08694503576391273,7.810603353712293
1645,-2.080193982934052,-2.080194061657168,-1.897327089084769,6.881243777724932e-08,1.0,0.0010000126093696311,0.0033052483274829837,0.20950896275352757,5.907756283598126,-1.4448345184326172,-1.4448345435990229,-1.1671490129497317,2.7649932437472874e-08,0.0010000040702935723,0.0018135224546616277,0.08029256765213277,7.572817908393014
1646,-2.072717302250412,-2.0727172977519484,-1.8948980569839478,-3.233270825080152e-09,1.0,0.0010000096726283994,0.0038387640071857088,0.2397714543314475,6.244381342294081,-1.3651797572771711,-1.3651796129014757,-1.0341759875416756,-1.3725625144110784e-07,0.0010000041479037867,0.0016923324127371111,0.06955357044935226,7.805771350860596
1647,-2.0547536251679905,-2.0547535554418026,-1.8802265671064269,-6.12212801879307e-08,1.0,0.0010000096396806668,0.003730253369178412,0.22790552194247832,6.271774094059782,-1.5595995532141793,-1.5595993479092916,-1.3505026618639628,-2.0563602447509767e-07,0.0010000081474168432,0.0020828710455033515,0.1045314866428574,7.394029013315835
1648,-2.08524948021151,-2.08524937224838,-1.9353578158144682,-1.1246159391583137e-07,1.0,0.0010000125896009915,0.003397090009079789,0.19852813544138423,5.569915420604202,-1.4911550912592149,-1.4911547680695851,-1.201619980070326,-3.220306502448188e-07,0.001000004494562745,0.0019513109931722284,0.11121372332175573,7.655599816640218
1649,-2.112098756826149,-2.1120985296537294,-1.9258606928699422,-2.3356867286394226e-07,1.0,0.001000007895647355,0.002808104526198838,0.1721325262607831,5.4642205778157935,-1.5619601806004841,-1.5619597090615167,-1.3115101085768806,-4.772510793473986e-07,0.0010000046704792315,0.0017443260177969933,0.10398387844777769,7.063161479102242
1650,-2.036903795206322,-2.0369035050554096,-1.8788014380437024,-2.8909658485988404e-07,1.0,0.0010000148893527265,0.00399718077563382,0.21079986676011445,6.068798618496589,-1.5410774151484172,-1.5410771489143371,-1.276264406575097,-2.7029050721062555e-07,0.001000003643437392,0.0019584918912086222,0.10562121189302869,7.650001525878906
1651,-2.082142991839715,-2.082142694941107,-1.9307432219667255,-3.126432310860112e-07,1.0,0.0010000079044334169,0.0034893779545354673,0.20186698215328297,5.6359627111902775,-1.4518689168824088,-1.4518686930338542,-1.1598900536696115,-2.204544014400906e-07,0.0010000029139013754,0.0022125204223104647,0.12272624861862924,8.331003782484267
1652,-2.0773133039474487,-2.0773129958026813,-1.905717062500288,-3.1749313732363145e-07,1.0,0.0010000115967759827,0.0035575163717610093,0.2149532658733287,5.8474267518745275,-1.4684335496690542,-1.4684333748287626,-1.1669484691487417,-1.7931063969930013e-07,0.0010000036020452777,0.0018912033048561878,0.09079799983236525,7.757679515414767
1653,-2.0332766298977836,-2.033276324002248,-1.8328678045632705,-3.063172664282457e-07,1.0,0.0010000084557588089,0.004018741218320463,0.2256842890297467,6.589889665819564,-1.405685646004147,-1.4056854857338799,-1.086441093020969,-1.5679332945081923e-07,0.0010000062614886297,0.0018990006064996123,0.10717534948554304,7.866706848144531
1654,-2.0789011177027,-2.0789008118071646,-1.9316086206796035,-3.1517361694911743e-07,1.0,0.0010000133408092945,0.00334767591129145,0.19528405501876236,5.511048879263536,-1.4625339253081215,-1.462533860736423,-1.1779320701956748,-5.678998099433051e-08,0.0010000049990291397,0.0018450216545412939,0.09584248372250133,7.721463319990369
1655,-2.054146132379208,-2.054145828732904,-1.8715488303382442,-3.006238982362567e-07,1.0,0.0010000130179215153,0.003758799319840827,0.2204633152709817,6.349510462778919,-1.5629814532068045,-1.5629814214176603,-1.3241623494360182,-4.743536313374837e-08,0.001000006181291408,0.0018941209573919574,0.10828792030612627,7.359351348876953
1656,-2.025695114765527,-2.025694781879209,-1.8841848913228736,-3.3935285964102117e-07,1.0,0.0010000153418349208,0.0043424222758918435,0.2539182502846673,6.120743099248634,-1.4608196483718023,-1.4608195318116082,-1.1555131680435604,-1.2492140134175618e-07,0.00100000380900585,0.00198834377547933,0.10596608196695646,7.875756475660535
1657,-2.0799042323850236,-2.0799039422341115,-1.911245125644612,-2.9542254951764954e-07,1.0,0.0010000080779581418,0.003478482121794994,0.21196475983509477,5.875534948313011,-1.4202313025792441,-1.4202312641673618,-1.094483065770732,-3.940529293484158e-08,0.0010000029113143682,0.001966179503748814,0.1013929835624165,8.076678042941625
1658,-2.066751815238089,-2.0667515430810317,-1.8579585507230938,-2.7672580952914255e-07,1.0,0.0010000073245533233,0.003908017810592252,0.21687841534895716,6.455740411326571,-1.5818967673513624,-1.581896754105886,-1.3395470155609979,-1.9205941094292536e-08,0.0010000025025672383,0.0018904996854770516,0.10436593143062459,7.375747002495659
1659,-2.066588952856244,-2.0665886492099403,-1.905968837018283,-3.090585177799441e-07,1.0,0.0010000053037590576,0.004189764975376849,0.2290615440820748,6.055674035594149,-1.5111373623212183,-1.5111372139718797,-1.2235872113042408,-1.5050172805786132e-07,0.0010000023163027234,0.001859364376610352,0.09721608931819598,7.722710122002496
1660,-2.051177688364713,-2.051177425204583,-1.8844951908543426,-2.732816732154702e-07,1.0,0.001000011902091638,0.004011792313079086,0.23375847440142677,6.055212920566775,-1.628694960806105,-1.6286949608061048,-1.4018692678875393,-8.27842288547092e-10,0.0010000045669989453,0.0018759894469338987,0.08720038355224663,7.175606706407336
1661,-2.0800372182198292,-2.0800369145735256,-1.9044006703034886,-3.030839956031655e-07,1.0,0.0010000087281267316,0.003374376198066012,0.19781241341019576,5.760908459717372,-1.6569980382919314,-1.6569980382919312,-1.426317020257314,6.953875223795573e-09,0.0010000027198758391,0.0019254948529932234,0.10332941553658909,6.927806218465169
1662,-2.0703028372998507,-2.0703025808874167,-1.9075589202484995,-2.576073385634512e-07,1.0,0.0010000066238648768,0.0034030352473118394,0.20991465832405495,5.758927048377271,-1.4510986195670237,-1.451098612944285,-1.1435805526044633,-3.7666824128892685e-08,0.0010000024534141023,0.0020522038529937467,0.1276831612818771,7.837139288584391
1663,-2.045991339773502,-2.0459910158841117,-1.8386323721903675,-3.1868804175898715e-07,1.0,0.001000010999323765,0.003749693489088765,0.21006184187278432,6.533963999658261,-1.5286483857366773,-1.5286483446756998,-1.2793481085035536,-6.233652432759603e-08,0.001000006111442215,0.002346952241431508,0.1533555068903499,8.012542597452798
1664,-2.024063177828519,-2.0240629034222297,-1.813975842493885,-2.646361881831907e-07,1.0,0.0010000131804636628,0.004554448772292092,0.2397285725148219,6.964474340654769,-1.4927869240442913,-1.4927869200706483,-1.2360464539792804,-2.1109978357950847e-08,0.0010000058294584353,0.002254378943083187,0.1326588537130091,8.073442935943605
1665,-2.059041423617669,-2.0590411154729016,-1.887412262412737,-3.0181880267161246e-07,1.0,0.0010000101097349852,0.003572427270108096,0.21416308748412807,5.998968866636169,-1.4742181486553614,-1.4742181479930878,-1.2054097377591664,-2.2351741790771484e-08,0.0010000022154094445,0.0019862940069288017,0.11822759157253636,7.617695331573486
1666,-2.0757933225271836,-2.075793041373199,-1.9199192996294994,-2.878313919283309e-07,1.0,0.0010000087808431039,0.003861247985799498,0.25307341970784486,5.893391456244127,-1.386036131779353,-1.3860361238320669,-1.0533379246791204,-3.319647577073839e-08,0.0010000026060475243,0.0017297038135843145,0.08034641308089098,7.954701402452256
1667,-2.052923769321082,-2.0529234949147925,-1.8606514210970897,-2.734925387040624e-07,1.0,0.0010000064393575743,0.00375899404533348,0.2384592963136592,6.1241766821663335,-1.4636148280567594,-1.4636148055394491,-1.1828754511144426,-3.932250870598687e-08,0.001000003555479149,0.0019490612412078512,0.10442243450217777,7.834445635477701
1668,-2.0622821349018023,-2.062281851498586,-1.8670870695474013,-2.8347350516409246e-07,1.0,0.0010000075134536568,0.0037022002331279923,0.19910638183706775,6.242035101044853,-1.4357043107350664,-1.4357043041123285,-1.1436225646071965,-4.0150350994533966e-08,0.0010000026241565744,0.001806872467406922,0.08996935855183337,7.676692401038276
1669,-2.084643928509838,-2.084643654103549,-1.88749105975313,-2.588725314950043e-07,1.0,0.001000005644218961,0.003356404644261413,0.21200767742856494,5.968971018521291,-1.5422716895739237,-1.5422716842757331,-1.284413825141059,-3.021624353196886e-08,0.0010000034959779846,0.0018879827784581316,0.09201895714633995,7.5039244227939195
1670,-2.090743233572762,-2.0907429861572555,-1.9001596041445463,-2.643550341984011e-07,1.0,0.0010000097604890197,0.003245334033327142,0.19749859804814718,5.818238339334164,-1.4334822297096252,-1.4334822297096252,-1.1142326252328025,-2.3427936765882703e-08,0.0010000029035533468,0.0019455258191252748,0.10329899270501401,7.973968336317274
1671,-2.0706901617769926,-2.070689909863022,-1.8845160389846225,-2.4692348714144724e-07,1.0,0.001000005569537434,0.003773808395841493,0.21861375773430997,6.186954732211131,-1.499163728290134,-1.499163685904609,-1.2156981647014617,-5.380974875556098e-08,0.001000004083228608,0.0017607331793341372,0.08745426059597068,7.486977089775933
1672,-2.0761884518389433,-2.076188193177277,-1.8810346868802916,-2.5634214563189815e-07,1.0,0.0010000127411605615,0.0034221443347632885,0.1906547690478136,5.947009338522857,-1.4865729418065814,-1.486572919951545,-1.2038764442006746,-3.923972447713216e-08,0.0010000037908967998,0.002101789332098431,0.12334432523283693,7.895922268761528
1673,-2.0484066166967714,-2.0484063445397145,-1.8780224638165168,-2.738439811850494e-07,1.0,0.001000012027293022,0.003471064113326511,0.18228726419356633,6.028204409581311,-1.5143470459514192,-1.5143469704522028,-1.241722681125005,-8.195638656616211e-08,0.0010000038529849715,0.002007619395024247,0.12269788359602292,7.742357052697074
1674,-2.0532312775557897,-2.0532310053987324,-1.8616225764436543,-2.8291119719451327e-07,1.0,0.0010000107049906873,0.003943090691705639,0.23010729386840226,6.322362305983058,-1.5987941688961451,-1.5987941688961453,-1.3670734418763055,7.947285970052083e-09,0.0010000029294234183,0.0021597955531130236,0.11471154143412908,7.477077770233154
1675,-2.0694345663178644,-2.0694342829146475,-1.884803589784874,-2.8255975471352633e-07,1.0,0.00100001008776983,0.003673733721645373,0.24488457601587726,6.051529110602613,-1.6126540740331017,-1.6126540237002902,-1.3918559326065911,-5.1243437661065e-08,0.001000004031488465,0.0018519152964775762,0.10698121285272968,6.92467647128635
1676,-2.056268703262761,-2.056268467093414,-1.871771569521922,-2.2787530467195331e-07,1.0,0.0010000072432822496,0.00394157133337532,0.24219794480024642,6.238949465301801,-1.4858938773473105,-1.4858938588036432,-1.228003285990821,-4.197160402933757e-08,0.0010000028337041537,0.002491491233619551,0.12301979338129361,8.322122351328533
1677,-2.0678942270998686,-2.0678941461275206,-1.8837332455617077,-7.17645546175399e-08,1.0,0.0010000071070982882,0.003829292849778145,0.24228112933770665,6.020301297025861,-1.532267422146267,-1.5322675969865587,-1.2498195548852284,1.8245644039577907e-07,0.0010000041608388226,0.001828897087317374,0.09032265750898255,7.408068815867106
1678,-2.081782968539112,-2.081782709877446,-1.9224209065707225,-2.7054042186377183e-07,1.0,0.0010000092662730306,0.003530062603289789,0.22526174365490112,5.755145891657415,-1.455510487821367,-1.455510385831197,-1.156385632356008,-9.62780581580268e-08,0.0010000043471033375,0.00199396803509444,0.08798920114835103,8.010398239559597
1679,-2.0415081303074674,-2.0415078761442653,-1.8648469897935975,-2.5697474209767465e-07,1.0,0.0010000126225487242,0.0037656710153656466,0.24423445627655624,6.143356710110071,-1.5281700121031865,-1.528169748518202,-1.258611053890652,-2.6946266492207843e-07,0.001000008483727773,0.0025004366878420116,0.12574573043319914,8.24854056040446
1680,-2.0317616350245924,-2.031761695753853,-1.8602991823880177,5.503589252255997e-08,1.0,0.001000009064193604,0.0041220707660716656,0.22612207249369262,6.074729802473536,-1.4334466775258379,-1.4334466576576232,-1.123798488577207,-2.16066837310791e-08,0.0010000041530778012,0.0017873986184390055,0.07489011863039599,7.878890387217205
1681,-2.088659999505529,-2.0886599702655144,-1.9201191281372647,-2.4319819684298533e-08,1.0,0.001000010412854125,0.003106407250084405,0.18409454126684172,5.607503967465095,-1.4029061886999343,-1.4029061867131127,-1.0829401546054416,-9.437402089436849e-09,0.0010000047222193744,0.0017207735166367558,0.08432662110361788,7.759109995100233
1682,-2.078049733953656,-2.078049641735149,-1.8736218911296916,-8.743888926955889e-08,1.0,0.00100001058637885,0.003301701236094506,0.18390992916417573,6.1263610596926705,-1.4887938651773664,-1.4887939221329158,-1.2078077425559361,6.266766124301487e-08,0.0010000047765465246,0.0020404830756079817,0.11817453288369709,7.810405116611057
1683,-2.078947645313335,-2.0789474541286252,-1.901139938606406,-1.757915289896839e-07,1.0,0.0010000106698464391,0.0032837354239814405,0.1700642468794337,5.8623877876209765,-1.6161016066869103,-1.6161011775334677,-1.381414983007643,-4.2509701516893176e-07,0.001000002988924583,0.002178814738161034,0.1089747012903293,7.591347069210476
1684,-2.075989340836147,-2.0759890911714085,-1.9041141698945243,-2.62738398785861e-07,1.0,0.0010000060703429692,0.0038817583447111384,0.24022856389857689,5.877505450878504,-1.5577659805615742,-1.557765695783827,-1.2980660054418776,-2.9827157656351724e-07,0.0010000034545858702,0.0019411532156583336,0.10015455989374054,7.559285725487603
1685,-2.0883974286745177,-2.0883971587666927,-1.929984983408226,-2.8234888922493413e-07,1.0,0.0010000067358871675,0.002995426404149324,0.16753678333084537,5.52644213640465,-1.536089175277286,-1.5360886613527933,-1.2765763547685411,-5.074673228793674e-07,0.001000006098507179,0.0020004088343638514,0.10551787238154146,7.677004634009466
1686,-2.0493169303210275,-2.049316646917811,-1.8673234548208848,-2.94087068089899e-07,1.0,0.0010000096550562753,0.003974985594878781,0.2377829521472724,6.364825671573855,-1.3708476781845094,-1.3708474093013339,-1.0464741167094973,-2.65323453479343e-07,0.001000006233031551,0.0020220448625170523,0.10900550523979796,8.108112133873835
1687,-2.0146387770490826,-2.014638491396634,-1.8518593896110103,-2.7939677238464355e-07,1.0,0.0010000152188300523,0.004005689988844097,0.2273607166870585,6.216445230088144,-1.528182397948371,-1.528181959523095,-1.2720355881585015,-4.3850806024339463e-07,0.0010000071152009898,0.0018645207785690824,0.09986912883404228,7.63728724585639
1688,-2.082565172663275,-2.082564857770812,-1.8890345276526685,-3.2487342942435786e-07,1.0,0.0010000070829366177,0.003373359865948277,0.1913369218203819,6.248394421811374,-1.449608728620741,-1.4496086478233337,-1.162837962143951,-8.09629758199056e-08,0.0010000054232983126,0.0017306150558094183,0.08363589321573575,7.533376661936442
1689,-2.056517729219401,-2.0565175087946765,-1.879364530995207,-2.1733203024234413e-07,1.0,0.001000014432477501,0.0036210882486248353,0.2280176357840592,6.232279876493058,-1.4534560706880355,-1.4534558481640285,-1.16466074652142,-2.2211008601718478e-07,0.0010000060338320005,0.0021496768523421553,0.10177526399493217,8.252722485860188
1690,-2.0459838205913328,-2.045983595668145,-1.8634053288765673,-2.1937039663206855e-07,1.0,0.0010000115133083935,0.0038532688906240575,0.20048421572120684,6.494220576196347,-1.5900327960650125,-1.5900326371192932,-1.3393369528982375,-1.5729003482394748e-07,0.0010000045902820098,0.002037787577137351,0.10181457644535435,7.4298312505086255
1691,-2.0691384819318666,-2.0691383919625914,-1.9044213699844648,-8.694686979617712e-08,1.0,0.0010000113946965561,0.0035748894036448787,0.22422831389561015,5.758813088794924,-1.5556662784682376,-1.5556660718388027,-1.2881708920001984,-2.014140288035075e-07,0.0010000029656415184,0.0018680835918833813,0.07933154122696982,7.508654255337185
1692,-2.079081416130066,-2.079081247437675,-1.8912232349503715,-1.6039834832245448e-07,1.0,0.001000005947338101,0.0034509050431397728,0.20389783860377544,6.068099777653532,-1.577618511517843,-1.5776183976067437,-1.3035559588008456,-1.0960631900363498e-07,0.0010000051516625616,0.0017881034330154459,0.07136173521478971,7.425198353661429
1693,-2.0925638158366366,-2.0925637731012308,-1.9179009851419702,-4.892079335338665e-08,1.0,0.0010000068654815824,0.003155295539401331,0.1841431245699806,5.780094911467354,-1.5784793535868324,-1.578479242324829,-1.306437310245302,-1.1399388313293458e-07,0.0010000046756532457,0.0017394545695020092,0.06928084393342336,7.154540782504612
1694,-2.0580983431834095,-2.05809829594954,-1.8924500739799355,-4.400059861956902e-08,1.0,0.001000012293071398,0.0038529156206421693,0.21860520063706165,6.087859630584717,-1.510855441623264,-1.5108553184403313,-1.228231966495514,-1.2541810671488443e-07,0.0010000043652123875,0.0016584743512794375,0.06725416210376554,7.312210093604193
1695,-2.019287478249028,-2.019287399525912,-1.8500309192909385,-6.796897582288058e-08,1.0,0.0010000105666102103,0.004125755335169159,0.23465679002539166,6.238235221718842,-1.4971039983961318,-1.4971039864752027,-1.2151125636365678,-4.5531325870090064e-09,0.001000003966813286,0.0020815086654490896,0.10100878837207954,7.871375327640111
1696,-2.047939314032501,-2.047939255552472,-1.8655696927376513,-4.027530832110711e-08,1.0,0.0010000100460360354,0.0039808084476598594,0.2524274902875131,6.374128391157906,-1.5535578515794544,-1.553557535012563,-1.2820051345560286,-3.275771935780843e-07,0.00100000213779923,0.0018560002661413616,0.08962833732366562,7.5455994076199
1697,-2.050883284154928,-2.050883155948711,-1.8865110131929506,-1.3263439232448362e-07,1.0,0.001000007774839002,0.0039393340944716675,0.2136318664997816,5.995055293137172,-1.430831189950307,-1.4308309568299187,-1.1186728811926312,-2.3378266228569877e-07,0.0010000055267785986,0.0019481269642710685,0.0887386323677169,8.14416667090522
1698,-2.026884180194927,-2.026883950773275,-1.8477511765821926,-2.3609905872704848e-07,1.0,0.001000008482116995,0.004305368752816235,0.23964251177209728,6.7980695265644,-1.4869363082779778,-1.4869361797968546,-1.2046385705471039,-1.3874636756049263e-07,0.0010000046989363102,0.0018859664702581035,0.08660622243252065,7.668816958533393
1699,-2.0628827270471826,-2.0628824346470385,-1.8881345267565746,-2.9907755131991403e-07,1.0,0.0010000106368987065,0.0041737940122882995,0.2506897642083888,5.959561338964498,-1.561843877368503,-1.5618434972233242,-1.3124859571456908,-3.787378470102946e-07,0.0010000034313028057,0.0017520046275522974,0.08363180793821812,6.959679614173043
1700,-2.068049581545704,-2.068049464585646,-1.8819898681820564,-1.2448092676558584e-07,1.0,0.001000006577738051,0.0037692130306067892,0.23577900290629775,6.237997558881652,-1.478821725315518,-1.478821455107795,-1.1930199954244824,-2.682209014892578e-07,0.0010000038478109572,0.0018809532798412774,0.09341622851788997,7.536204104953343
1701,-2.064142107963562,-2.0641418065664903,-1.8647219190057718,-3.1201063462023466e-07,1.0,0.0010000086929824836,0.0036744411555909603,0.20079298324461253,6.182963407264565,-1.4980856471591524,-1.498085371653239,-1.227942579322391,-2.7277403407626684e-07,0.0010000039512912432,0.0021404799073934553,0.10113177912102805,7.86259315278795
1702,-2.0043776845032313,-2.0043774820723623,-1.8227186360449161,-2.0355548498765477e-07,1.0,0.0010000155548969248,0.004946815486962222,0.29232029574659635,6.759743537542955,-1.3728897988796234,-1.3728898326555887,-1.051621426641941,3.841188218858507e-08,0.001000009352962176,0.0022281704134204322,0.10467159027854601,8.446323511335585
1703,-2.0324590003715373,-2.032553150968732,-1.8687795445604145,9.414103795897286e-05,1.0,0.0010000128773445228,0.004380125411838855,0.2573618308974887,6.008463000351528,-1.5068883670700923,-1.5068896028730605,-1.2167839957608118,1.2321604622734917e-06,0.001000006251140601,0.001927166540796558,0.10398518840471903,7.769209713406033
1704,-2.073181433497735,-2.0731821420057766,-1.891836017932532,7.212302594814661e-07,1.0,0.0010000097385238645,0.003728118211136393,0.20008670573808113,5.979356594805448,-1.4460633344120453,-1.446063329776128,-1.1615637123584748,1.241763432820638e-09,0.0010000051671846045,0.0020418321299884054,0.10845877014928394,8.051958709292942
1705,-2.068633401168967,-2.0686340242061974,-1.8875705678507966,6.235292497670875e-07,1.0,0.0010000119592010412,0.003817590702553543,0.23858386102431225,6.183386154894559,-1.5115100138717232,-1.5115100979804992,-1.2447174095445208,8.435712920294868e-08,0.0010000042332750229,0.001805446876419915,0.08129092239671283,7.373092661963569
1706,-2.0707863389321095,-2.070786586347616,-1.9258104292851574,2.4172213842284006e-07,1.0,0.0010000108938910208,0.003741002993060733,0.23049540944256872,5.554869071492609,-1.43125395377477,-1.4312539954980215,-1.1243192195892333,4.967053731282552e-08,0.001000002717288832,0.0018901478499174118,0.08879985983173053,7.913115490807427
1707,-2.0552630671915018,-2.055263211142342,-1.8829932077875677,1.5871142441371702e-07,1.0,0.0010000089411887358,0.0036586676197091364,0.22778688448498835,6.114372226427186,-1.4285688638687135,-1.4285689062542386,-1.1354196349779764,5.339582761128744e-08,0.001000001832532386,0.001892294540690879,0.0923735519250234,7.927986706627739
1708,-2.0468017717577376,-2.0468021248871424,-1.858780564002271,3.466628632455502e-07,1.0,0.0010000088181838674,0.003935992990110842,0.22895996068727295,6.09101857779161,-1.3877123965157403,-1.3877124693658618,-1.0514599055051803,6.697244114345974e-08,0.0010000033278225197,0.0019392277838455305,0.09831382657090823,8.152268356747097
1709,-2.0797887050880575,-2.079788918765086,-1.9175780921612147,2.1445020189825094e-07,1.0,0.0010000127872873872,0.003405711622381548,0.19820843229316315,5.7903511929062175,-1.4556914064619275,-1.4556914263301426,-1.1562988291184106,1.3824966218736437e-08,0.0010000043367553088,0.0016657794980953137,0.08171244263648987,7.586512523227268
1710,-2.047267736129041,-2.047267778864447,-1.8627708340590854,4.596867651309607e-08,1.0,0.0010000141710921559,0.003952207836709073,0.22811125085320114,6.15437778886759,-1.530592805809445,-1.5305928336249457,-1.2767928461233775,2.3179584079318577e-08,0.0010000032165812121,0.0019493975055714448,0.10176893596847852,7.498129887051053
1711,-2.077472302148927,-2.077472360628956,-1.8721906913901276,5.9323490790601043e-08,1.0,0.0010000081240849675,0.003129123312526576,0.16788805592453704,6.038807464095782,-1.5398795326550805,-1.539879596233368,-1.2737727628813849,5.3644180297851564e-08,0.0010000027560939392,0.0019469667872827913,0.09981944329208797,7.683054648505316
1712,-2.0820468529215397,-2.082046875413859,-1.8931379745591361,2.60770320892334e-08,1.0,0.0010000064723053067,0.0036677085016941966,0.1960402804444421,5.834579004431671,-1.5687799413998922,-1.5687799175580344,-1.3129009465376535,-2.1855036417643228e-08,0.0010000018195973502,0.0018842249643057584,0.07659034161931938,7.4285374323527
1713,-2.0378104200902976,-2.0378104223395295,-1.8011529760540657,3.3035593212775465e-09,1.0,0.0010000079242020565,0.003931501568382922,0.24474800146132145,6.93249770380416,-1.5019840412669712,-1.5019840624597338,-1.2391736156410642,2.392464213901096e-08,0.0010000033950847056,0.00212374114845362,0.10411642433868515,7.796460331810845
1714,-2.0774246409254253,-2.0774246229315705,-1.8547505590150941,-1.2370775330741451e-08,1.0,0.0010000062877980043,0.0035891353969796087,0.18844312141245267,6.371609867743726,-1.4427117599381343,-1.442711799674564,-1.1372790878845587,4.58624627855089e-08,0.001000001679898964,0.0018945913011622097,0.07800510562956334,7.9460957209269205
1715,-2.0497341043544264,-2.0497340931082673,-1.8850157508310281,-1.0191831948622218e-08,1.0,0.0010000093255789493,0.0038203827219681357,0.2364434422397951,6.185439096306855,-1.2929533241523639,-1.2929533474975161,-0.9377782407734129,3.0381811989678275e-08,0.0010000013254789842,0.0017073246960838636,0.058621651803453766,8.116727850172255
1716,-2.0823652361923792,-2.0823652339431473,-1.8888497082692273,-8.996927513266509e-09,1.0,0.0010000112123857692,0.0034342177787725376,0.18553007316758047,6.000948024245928,-1.4320529070165426,-1.4320529335074954,-1.136506270037757,1.8046961890326605e-08,0.0010000031363839904,0.001697776815854013,0.06321159772988823,7.682193840874566
1717,-2.0416789482224664,-2.041678927979379,-1.8536445307281781,-1.5463469163426814e-09,1.0,0.0010000089763329838,0.003980842502436267,0.218332384554845,6.315263374796453,-1.4994180798530576,-1.4994179911083645,-1.2160385224554273,-8.932418293423123e-08,0.0010000021636693015,0.0018749974900856615,0.08249282621675068,7.752143478393555
1718,-2.0492341833294563,-2.0492341968248473,-1.84511236424716,1.6236642621598153e-08,1.0,0.0010000076650132268,0.0036577142221536837,0.18854458180238615,6.534409887385818,-1.5678015006913077,-1.5678015563223098,-1.3194813105795118,6.374385621812608e-08,0.001000002293019659,0.002227582596242428,0.10060915760695935,7.899356301625569
1719,-2.066322349152475,-2.066322335657084,-1.8922766784452043,-1.1175870895385742e-08,1.0,0.0010000071092948037,0.003696667555420888,0.22362402924951516,5.913815984186137,-1.5570720685852897,-1.5570720050070022,-1.3011244085099962,-5.612770716349284e-08,0.001000005058530304,0.001933133467617962,0.08054019804630015,7.563135041130912
1720,-2.0433245829816133,-2.0433246032247006,-1.852866402212179,2.1437991340205354e-08,1.0,0.001000013637338888,0.0038948892549840065,0.2570199204503365,6.334073975401105,-1.6253376828299628,-1.625337757004632,-1.4133164551522996,6.465448273552788e-08,0.0010000051309665043,0.001942134040614797,0.08985455056859387,7.266770288679335
1721,-2.073565759748783,-2.073565770994942,-1.897628518770326,6.466541650160304e-09,1.0,0.0010000059517311318,0.0035236322184813754,0.2042899432609666,6.021413501703514,-1.5250261598163184,-1.5250261664390563,-1.256567139758004,8.27842288547092e-10,0.0010000014289592704,0.001814101369948023,0.08860912852817111,7.46707271999783
1722,-2.0554310960589715,-2.0554311297974497,-1.8895083958247922,4.4492618092950786e-08,1.0,0.00100000637785514,0.003961116962908012,0.23074415811109092,6.106757532875493,-1.4485289335250855,-1.4485290355152554,-1.1440630435943604,9.934107462565105e-08,0.0010000031208619476,0.001953696319833398,0.09202761157519287,8.163556045956081
1723,-2.0780188317568795,-2.0780187822737783,-1.9129479133857872,-4.927223583437362e-08,1.0,0.001000008917027065,0.0031002928120663987,0.17457066054614084,5.595961255847283,-1.4890537858009338,-1.4890538109673395,-1.1896742757823733,3.907415601942274e-08,0.0010000026112215387,0.00164825941901654,0.06780812736186716,7.513426706526015
1724,-2.0623377966430954,-2.062337767403081,-1.860656479619584,-2.2070587805981906e-08,1.0,0.0010000072147275478,0.003426875380957323,0.18979824988066024,6.327778177441291,-1.4552891426616243,-1.4552891161706714,-1.1789550953441197,-1.9454293780856663e-08,0.0010000018299453788,0.0017043520127319627,0.06405963810781638,7.5378775808546274
1725,-2.0783814191818237,-2.0783813921910412,-1.921719287926296,-1.9751067431467884e-08,1.0,0.001000008326164394,0.0035840101421476815,0.22125042992521007,5.7794146447811485,-1.5152010374599032,-1.515201042758094,-1.2346086263656617,2.06960572136773e-09,0.0010000020627760225,0.0017072856089928084,0.07650230837364992,7.479475678337945
1726,-2.070194997877445,-2.070194959640503,-1.9003484743946004,-4.027530832110711e-08,1.0,0.0010000071532251138,0.0033614774594821458,0.20015440919910962,5.725658524711177,-1.5198934952418006,-1.519893432988061,-1.257283076312807,-5.8942370944552954e-08,0.0010000028466391894,0.0020232721594058804,0.11750035021040174,7.716242366366916
1727,-2.0764242208228922,-2.0764241555951677,-1.8607036235197536,-5.131060222409806e-08,1.0,0.0010000079132194788,0.0034727400282995318,0.2007760894045515,6.389386757364813,-1.5262347923384771,-1.5262348082330492,-1.2471168140570323,1.0265244377983941e-08,0.0010000036486114065,0.0018411074195884996,0.0868468242800898,7.452209250132243
1728,-2.076092056508334,-2.0760920879975804,-1.9273967473012097,3.2543573739393704e-08,1.0,0.0010000063493004385,0.00326564376690548,0.18266554162749704,5.627820833674017,-1.5459800706969369,-1.5459800971878899,-1.2862933807902865,2.707044283548991e-08,0.0010000024534141023,0.0018767129552240173,0.07666333694424894,7.628103033701578
1729,-2.0149069304736154,-2.014906903482833,-1.8354942596183632,-1.679895059117731e-08,1.0,0.0010000078341449207,0.0043125927760177905,0.2579073568911485,6.404789524258308,-1.4234458823998766,-1.4234459234608545,-1.1156330411632855,3.650784492492676e-08,0.0010000031053399047,0.002233825564487941,0.11445407163765696,8.406825531853569
1730,-2.070739449195142,-2.0707394334505187,-1.8872953203489196,-2.200029930978451e-08,1.0,0.0010000085941392859,0.0034984008294864084,0.21600350154177198,5.879727417567991,-1.479520671897464,-1.4795205924246047,-1.1909515120916896,-7.988678084479437e-08,0.0010000021507342656,0.002037106265520884,0.10799955295191871,7.952509530385336
1731,-2.066121463505727,-2.066121468004191,-1.9053877524609835,7.591157589318617e-09,1.0,0.0010000055212140927,0.003716732274284059,0.2469663918018341,5.910331483157176,-1.421698742442661,-1.4216987715827094,-1.1369521160920462,3.394153383043077e-08,0.0010000025232632956,0.0019583484934022027,0.10051303207874299,7.964407793680826
1732,-2.0708786226668447,-2.0708786496576272,-1.9071897178326014,2.7131359532194316e-08,1.0,0.001000010817012978,0.0030037820106372237,0.1579994664017884,5.715309129571015,-1.6087854676776465,-1.6087854623794555,-1.4000056054857042,5.6293275621202255e-09,0.0010000050145511825,0.002131979845257269,0.09718674702776803,7.3773636394076885
1733,-2.084555257041499,-2.084555212056862,-1.9040894845746599,-2.9099437425721365e-08,1.0,0.0010000084799204796,0.0033914919081583336,0.21190409965039986,5.726146693499583,-1.486730768945482,-1.4867307835155064,-1.1889377903400196,1.655684577094184e-08,0.001000001664376921,0.0019670891342684627,0.11079300646152761,7.785587056477865
1734,-2.0745448571331098,-2.074544852634646,-1.9134695372491513,-9.840389467635245e-10,1.0,0.0010000065711485047,0.003793166774623799,0.20294499692489515,5.79896032585288,-1.529849812719557,-1.5298498749732972,-1.2790579716364543,6.134311358133951e-08,0.0010000034726949203,0.0019527515318865578,0.10206641952196757,7.492076947953966
1735,-2.0407182000718027,-2.0407182135671937,-1.863676426545629,1.5182315178637235e-08,1.0,0.001000006481091369,0.0039638794523681395,0.22543549832870374,6.169742791157849,-1.562597488032447,-1.562597672144572,-1.311601013607449,1.7840001318189832e-07,0.001000003863333,0.0019885958146510854,0.10524182104402119,7.3571468247307665
1736,-2.0450085806396774,-2.045008567144286,-1.8850772110921032,-1.0754139918201375e-08,1.0,0.0010000096374841512,0.003894430528096152,0.2617869370107381,6.123622201523691,-1.3947979489962263,-1.3947979476716783,-1.0735727502240076,-5.0498379601372615e-09,0.0010000042617321014,0.0019763605643270746,0.09522829817401038,7.976279057396783
1737,-2.0756558359793895,-2.0756557887455203,-1.856545718211048,-4.210280922223937e-08,1.0,0.00100001117284849,0.0033978599888044147,0.18032559450223762,6.395885705947876,-1.4746090478367277,-1.4746090438630846,-1.1759805917739867,-6.788306766086154e-09,0.0010000049912681182,0.0019548628220541608,0.1095396210749944,7.758776611751979
1738,-2.074690674835781,-2.0746906276019113,-1.8482883943701691,-3.0856649830656234e-08,1.0,0.0010000105007147452,0.0036022509096787785,0.21323635763014262,6.7290157866927816,-1.5638891816139224,-1.563889139228397,-1.303750197754966,-3.14580069647895e-08,0.0010000044169525305,0.0016931610285407968,0.07265547919604513,7.06843147277832
1739,-2.0823486548549726,-2.082348645858045,-1.885678711927162,6.5368301463576985e-09,1.0,0.0010000088950619102,0.00326927687823421,0.1870214489271056,5.945749962104942,-1.5709578924708896,-1.5709578964445325,-1.3246641582912868,6.622738308376736e-10,0.0010000032450382908,0.0019132324002890124,0.10383573547005653,7.613539102342393
1740,-2.101504667749945,-2.101504667749945,-1.900001604602022,1.5463469163426814e-09,1.0,0.0010000046096601575,0.0035668523819625095,0.21785366927045133,6.293145805034998,-1.587968689865536,-1.5879686329099867,-1.3352944877412585,-6.241930855645074e-08,0.0010000021998874016,0.0019409666976167095,0.11321877965496646,7.423555723826089
1741,-2.0788278917096696,-2.078827878214278,-1.9018003040889524,-1.4760584201452867e-08,1.0,0.001000007210334517,0.003465063992958024,0.2255806630161011,5.919458974082515,-1.4833030727174548,-1.4833031508657668,-1.1897958874702455,7.549921671549479e-08,0.001000002380977902,0.0017049868901570639,0.07017363123595714,7.369262748294406
1742,-2.0238116664706536,-2.0238116642214217,-1.8326588666663979,-1.2300486834544056e-08,1.0,0.0010000116099550757,0.004077463507441417,0.221260116523448,6.660265099327519,-1.6102620482444763,-1.6102620482444763,-1.3604158560434978,1.3245476616753473e-09,0.001000003369214634,0.002297322146801485,0.12364800804191166,7.7948425716824
1743,-2.07044351550768,-2.0704435065107525,-1.875206506477212,-1.602577713300597e-08,1.0,0.00100000544433605,0.0038770753011669753,0.22231973496810445,6.2923564551011575,-1.3794002797868516,-1.3794002665413752,-1.044838013086054,-6.7055225372314455e-09,0.001000002549133367,0.0017496571695018147,0.07039350246389707,7.941234429677326
1744,-2.068468287306012,-2.068468251318302,-1.8930054970507353,-3.401963215953899e-08,1.0,0.00100000741900349,0.003649552346136913,0.19232455015463648,6.108779403398621,-1.5242605739169652,-1.5242606123288474,-1.2444275624222225,3.9570861392550997e-08,0.0010000028673352466,0.0017419904755014513,0.07901593554351065,7.390800009833441
1745,-2.10170520251652,-2.101705180024201,-1.9023550119040147,-2.5092993142469873e-08,1.0,0.0010000084228110762,0.0031115058853449125,0.1712028630921301,5.693925385205251,-1.4721485535303753,-1.4721485733985902,-1.172874973465999,2.0199351840549046e-08,0.0010000030535997615,0.00161628024911301,0.07267178864114815,7.190371619330511
1746,-2.0670836354201696,-2.0670835971832275,-1.9391175710930015,-4.456290658914818e-08,1.0,0.0010000106808290166,0.0036588840379889282,0.2183409350098304,5.731239858663307,-1.4342625366316897,-1.4342623670895895,-1.1406376341978708,-1.7840001318189832e-07,0.0010000060571150647,0.0022669231493232978,0.11734177168044779,8.255250146653916
1747,-2.0377666185486993,-2.0377666635333367,-1.8672961401489545,5.348954560621729e-08,1.0,0.001000013312254593,0.004251560901361957,0.2385216960507744,6.1175189198188065,-1.535115318828159,-1.5351153598891365,-1.2703200267420875,4.395842552185059e-08,0.0010000036641334494,0.0018552595154485768,0.10681087198770708,7.384639167785644
1748,-2.04114076101555,-2.0411407857571007,-1.8687747716903687,1.651779660638773e-08,1.0,0.00100000850408215,0.0038154608095591924,0.20236268217833536,6.231583149927967,-1.5168745391898686,-1.5168746372063955,-1.2471157219674853,9.023480945163303e-08,0.0010000049653980467,0.001966716155099372,0.11147779880298508,7.49405886332194
1749,-2.1035103528004773,-2.1035103325573905,-1.9287227976996943,-3.043491885347186e-08,1.0,0.001000006164793136,0.002916674013249576,0.17290547971596132,5.5281868970619055,-1.565542913807763,-1.5655428833431668,-1.2953149338563283,-3.51005130343967e-08,0.0010000048308736749,0.0018911799700516794,0.0947918391889996,7.32186852561103
1750,-2.0666386946192326,-2.066638658631523,-1.8959496538594085,-2.9099437425721365e-08,1.0,0.0010000097692750816,0.00386635366748175,0.22988691314492585,5.941561658427401,-1.5663927117983498,-1.566392601860894,-1.3273619254430136,-1.1093086666531033e-07,0.0010000053017089764,0.001964788231998682,0.10865767473975817,7.362639543745251
1751,-2.0802444939343436,-2.0802444534481697,-1.8980722382383526,-5.616050846171829e-08,1.0,0.001000008468937902,0.0033684054868436367,0.21118286863531707,6.023961701483096,-1.470717255274455,-1.470717281765408,-1.1867808646625944,2.1192762586805556e-08,0.0010000030303166972,0.0017457563430070878,0.09100214172568587,7.3661266009012865
1752,-2.0855297524974032,-2.0855296872696787,-1.943538488082166,-7.640359536656793e-08,1.0,0.001000006239474663,0.003708467317991099,0.20448148011598946,5.447600423165087,-1.5546700265672473,-1.5546701113382975,-1.3084834496180215,8.493661880493164e-08,0.001000005330166055,0.0018702210987814598,0.10164228185183471,7.326790820227729
1753,-2.082860881427549,-2.082860865682926,-1.9015558328268662,-2.3546646226127193e-08,1.0,0.0010000087061615766,0.003346124756202664,0.18802750567501447,5.916932249968907,-1.4841258896721736,-1.484125628736284,-1.2022797246774037,-2.5381644566853844e-07,0.0010000072988784975,0.0018933248343980975,0.10559404467542967,7.771810838911269
1754,-2.080954619173734,-2.0809546079275743,-1.8967285268711593,-2.790453299036566e-08,1.0,0.0010000092948277324,0.0038904634058334916,0.23118932207800308,6.148006245775043,-1.5110712356037561,-1.5110710952017041,-1.2093261937300364,-1.3609727223714192e-07,0.0010000051827066475,0.001927832485590544,0.09201924440761407,7.7491303549872494
1755,-2.105138787683451,-2.1051387044618712,-1.9356143137194075,-7.099138115936856e-08,1.0,0.001000007596921246,0.0031682976767561347,0.1795713489541327,5.654399939303128,-1.5398308171166315,-1.5398309138086108,-1.265740356180403,1.0447369681464301e-07,0.0010000029475324683,0.0017920359995009171,0.08688412751588556,7.281282658047147
1756,-2.079584888692172,-2.0795848099690564,-1.8644367074066739,-7.492753694642265e-08,1.0,0.0010000072213170944,0.003259194054957128,0.20362886804033,6.2821908896824095,-1.5135351962513393,-1.5135351220766704,-1.2528232978449927,-6.995267338222928e-08,0.0010000055914537774,0.0018807317233747907,0.1134835135191679,7.641335815853542
1757,-2.090900166979376,-2.0909000477700865,-1.9089906980406564,-1.1112611248808087e-07,1.0,0.001000008295413177,0.0033299215621191936,0.21716705804585285,5.936715683847104,-1.4552681446075442,-1.4552681591775682,-1.156031004836162,2.202060487535265e-08,0.0010000016359198425,0.001805910186117722,0.08656930168055826,7.530678060319688
1758,-2.054548684156166,-2.0545486144299776,-1.8592809753597908,-7.731734581713407e-08,1.0,0.0010000076166898856,0.00396154194253163,0.2652575157161029,6.403743361527065,-1.3940717968675824,-1.3940716829564836,-1.0747777483529515,-1.1208984586927626e-07,0.0010000038892030716,0.0019870580743170446,0.12276057443685001,8.116848521762424
1759,-2.072905940829583,-2.072905848611076,-1.8847050284439664,-7.710648032854188e-08,1.0,0.0010000124797752163,0.0035357665323283312,0.2238460463946158,6.142138364180079,-1.4687329464488559,-1.4687330603599549,-1.1891314668787851,1.1995434761047364e-07,0.0010000068590872817,0.0018185994950019652,0.10194505817360348,7.522047445509169
1760,-2.0762173139824056,-2.076217251003913,-1.9211633677752513,-5.925320229440365e-08,1.0,0.0010000125939940226,0.003811007246972536,0.2195888112808736,5.675532358997273,-1.4405992799335054,-1.4405992150306701,-1.1483841955661773,-6.639295154147678e-08,0.0010000033381705484,0.0017160701436094111,0.0826529468720158,7.4216887368096245
1761,-2.067578709350442,-2.0675786081350074,-1.892225076567452,-1.0571389828088149e-07,1.0,0.0010000081592292157,0.004059657895990278,0.2209268482226246,5.993541231695211,-1.3610179689195419,-1.3610179503758748,-0.99958999844061,-3.0795733133951826e-08,0.0010000031493190263,0.0020586523175653484,0.10445493492815229,8.22561435699463
1762,-2.0356153879525527,-2.0356152619955674,-1.8385711480986398,-1.2455121526178324e-07,1.0,0.0010000148542084783,0.003958559309501412,0.22766205290648736,6.4801928187316316,-1.526396710342831,-1.5263967315355937,-1.2806865533192953,1.5232298109266492e-08,0.001000005208576719,0.0019813469792198802,0.10426110211345885,7.602433734469944
1763,-2.044808027879247,-2.044807980645378,-1.864957499054243,-5.011569778874235e-08,1.0,0.0010000137845054269,0.0037884650343396474,0.20102605483723138,6.117400353809573,-1.4555215186542931,-1.4555214630232918,-1.1417483703957663,-5.8445665571424694e-08,0.0010000034054327342,0.0018016519878680506,0.09398569063180023,7.580123244391548
1764,-2.0529898000213334,-2.0529897415413045,-1.8811682327738348,-6.269733860807598e-08,1.0,0.0010000105468415707,0.003865023314917706,0.25000467537990156,6.112252217418742,-1.4061950140529211,-1.4061949882242415,-1.094647022916211,-2.7484363979763456e-08,0.0010000028492261966,0.0020754379220306873,0.09893291381498177,8.118285550011528
1765,-2.0901414470852546,-2.090141291888255,-1.905863399775523,-1.382574720202752e-07,1.0,0.001000007882468262,0.0032311974088924953,0.19464273933532103,5.914019310249473,-1.4402496861086953,-1.440249669386281,-1.1540009485350715,-1.3079908159044054e-08,0.0010000025594813955,0.0017384208919894364,0.08754798641635311,7.453295951419407
1766,-2.085558918287169,-2.085558790080952,-1.898433064514736,-1.275033321020738e-07,1.0,0.0010000056815597247,0.0036762675055179673,0.2455296664727184,6.253850806434199,-1.3707909759547976,-1.3707910776138306,-1.0372305830319724,9.826487965053982e-08,0.0010000018868595363,0.0017106770149742563,0.08458434811068906,7.7637935002644864
1767,-2.0099671921640074,-2.0099670189731524,-1.8363783404512226,-1.7663499094405264e-07,1.0,0.0010000099955161787,0.004910730998435954,0.266683729365468,6.770611367135678,-1.3729107148117492,-1.372910596927007,-1.058890951010916,-1.2119611104329426e-07,0.001000005022312204,0.0019122045280204878,0.11116592954430315,7.9458699226379395
1768,-2.054227631047087,-2.0542274736008554,-1.8894191553007882,-1.6391277313232422e-07,1.0,0.0010000063493004385,0.0035335991008839797,0.2094181605948592,5.85217675622904,-1.3918329159418745,-1.391832826534907,-1.0934658845265706,-9.08970832824707e-08,0.0010000031131009262,0.0018971154543881614,0.08817979813449912,7.9721217367384165
1769,-2.056344173989206,-2.0563440885183946,-1.9227961594203733,-9.369456543112701e-08,1.0,0.0010000099999092097,0.0037534005658806497,0.21673994943640143,5.640690124259804,-1.2938460821078883,-1.2938459424508943,-0.975501668949922,-1.359317037794325e-07,0.0010000043522773517,0.0021762511796421477,0.12535061488548915,8.772024536132813
1770,-2.054059683151965,-2.0540596584104143,-1.8673099684265424,-3.809636493898788e-08,1.0,0.00100000850408215,0.0038731301814001404,0.22417805094342186,6.460370837517504,-1.5240387803978388,-1.5240387585428026,-1.2493980550103718,-2.367628945244683e-08,0.0010000033148874839,0.0020181046979915766,0.10954251670175129,7.70644145541721
1771,-2.074994152446963,-2.0749941794377453,-1.9059782545521575,2.916972592191876e-08,1.0,0.001000010972965579,0.003789018457404004,0.23553512034551152,5.915317427437261,-1.5050004336569043,-1.5050004733933342,-1.2212114108933343,3.319647577073839e-08,0.001000003708112571,0.001749993485605551,0.08482938456452555,7.463437885708279
1772,-2.087858152839373,-2.087858150590141,-1.904847707388536,3.725290298461914e-09,1.0,0.0010000081702117932,0.0034033147187657515,0.2029440811360782,5.854652782656112,-1.4373667306370206,-1.4373663504918417,-1.1110990014341142,-3.8461552725897893e-07,0.0010000027897250322,0.0017461265333824688,0.08307373565104273,7.631917169358996
1773,-2.0778966872197278,-2.07789672545667,-1.8549531630749971,2.579587810444382e-08,1.0,0.001000010972965579,0.003576362461624843,0.21336112122209566,6.272450096202347,-1.6084290345509844,-1.6084290981292724,-1.3729168004459804,6.904204686482748e-08,0.0010000037313956354,0.0021634415904473927,0.10402517339421644,7.460979482862684
1774,-2.065551559880095,-2.065551550883167,-1.8520567619575645,1.0332408941017007e-08,1.0,0.0010000126884441892,0.0035680827842849605,0.20646862000367552,6.310493469238281,-1.4326303336355422,-1.432630271381802,-1.1584767368104723,-6.068083975050184e-08,0.0010000049291799466,0.002089110272936523,0.10480004876024193,8.0345350795322
1775,-2.055767371969403,-2.055767279750896,-1.887249231338501,-9.130475656041559e-08,1.0,0.0010000131189612286,0.00326414735776917,0.19487183583232592,5.921110238669054,-1.5567645006709625,-1.5567643072870043,-1.3074199650022718,-1.941290166642931e-07,0.0010000043108852373,0.0023569342990716296,0.11750809099111292,7.856168058183457
1776,-2.06412802327354,-2.064127852331917,-1.861973593819816,-1.7916537680715884e-07,1.0,0.0010000114320373199,0.0038781610695328914,0.20196331752780475,6.335055733626744,-1.528382458951738,-1.5283824033207363,-1.235441952281528,-5.405810144212511e-08,0.0010000025801774528,0.0018418679557119808,0.0866453411264552,7.396136654747855
1777,-2.044808230310116,-2.0448080548700296,-1.8855003006053421,-1.796573962805406e-07,1.0,0.0010000080889407193,0.0042008827001137556,0.25197547737438725,6.075289348386368,-1.4712099154790244,-1.4712096359994677,-1.1935288462373945,-2.740985817379422e-07,0.0010000051827066475,0.0018523308008702266,0.08930065106186602,7.531387541029188
1778,-2.058251329188077,-2.0582511874864684,-1.8876990417264543,-1.3748429856210386e-07,1.0,0.0010000097890437213,0.004097682931284719,0.24749311094857612,6.149156948305526,-1.61095593240526,-1.6109557257758247,-1.3901807758543225,-1.9934442308213976e-07,0.0010000057233911421,0.00214498199056834,0.11154216275446945,7.243393029106987
1779,-2.0774602102783493,-2.0774600550813496,-1.9175310089903057,-1.5470498013046553e-07,1.0,0.0010000073816627264,0.0038121638485704955,0.2382626488523663,5.734816096863657,-1.5365576810306971,-1.5365573618147108,-1.2865265157487658,-3.077917628818088e-07,0.0010000026810707318,0.0021341555001628066,0.12821966161330542,7.425085724724664
1780,-2.0458161920871376,-2.0458159536685585,-1.8726402633595016,-2.3820771361297032e-07,1.0,0.0010000056661841161,0.004406876233845668,0.28999941514910393,6.22303439986031,-1.527862062719133,-1.5278616971439785,-1.2712232814894782,-3.6226378546820745e-07,0.0010000028414651752,0.0018518445521800053,0.1014921795990732,7.466822899712456
1781,-2.104136109352112,-2.104136012635141,-1.9251775741577148,-1.042378398607362e-07,1.0,0.0010000055936991044,0.0034747997426234608,0.23287806786456197,5.616572384564382,-1.48602298895518,-1.4860230035252042,-1.2160541037718455,5.380974875556098e-09,0.0010000022723236019,0.0018385012168437242,0.0933772546135717,7.5226831754048655
1782,-2.080689416741425,-2.080689194067469,-1.9215042568602652,-2.2576664978603147e-07,1.0,0.0010000103271900203,0.0033352749602306845,0.1870193212943257,5.543822562919472,-1.368290043539471,-1.3682898773087395,-1.0687432905038199,-1.7045272721184624e-07,0.0010000023576948378,0.0017652356039939655,0.08069804443253412,8.024905406104192
1783,-2.067769471204506,-2.0677693047613466,-1.8686889567465153,-1.5997661734527013e-07,1.0,0.001000007935184634,0.003823108472509907,0.23451608349129838,6.3864253511968645,-1.4651606943872237,-1.4651606586244372,-1.1760802494155036,-3.650784492492676e-08,0.0010000021274512013,0.0016981655266135932,0.08242346555408504,7.353599389394125
1784,-2.077447054521093,-2.07744681160405,-1.9057426340175125,-2.523357013486466e-07,1.0,0.0010000105204833847,0.0035373475885827023,0.2164897943653588,5.898118316002612,-1.4112754815154605,-1.4112752533621258,-1.1283384703513648,-2.2451082865397135e-07,0.0010000036693074638,0.0018023583572357893,0.08737550164676375,7.7766418033176
1785,-2.042212913621147,-2.0422125897317565,-1.8552026591210995,-3.2902045070000413e-07,1.0,0.0010000132551451898,0.0043454191643076965,0.24627821354792928,6.368419417795145,-1.4162997252411313,-1.4162994450993007,-1.1339669855104553,-2.8014183044433595e-07,0.0010000025543073813,0.0018492034144906534,0.09671924735109011,7.753470865885417
1786,-2.0577904818192967,-2.0577901871699207,-1.907202273044946,-2.7925619539224877e-07,1.0,0.00100000683253385,0.0041185250035750695,0.26633403077721596,5.9293636870834066,-1.615745830535889,-1.6157456874847411,-1.3714319321844313,-1.4594859547085232e-07,0.0010000028285301393,0.00193169343078302,0.09423956316378382,7.22729353374905
1787,-2.0235534658971823,-2.023555928806089,-1.802753916326559,2.4447041862415816e-06,1.0,0.0010000118647508745,0.005068309150442903,0.32851315669293674,6.852070722939833,-1.5609737926059295,-1.560973776711358,-1.3217899190055,-1.7467472288343642e-08,0.0010000042281010084,0.001937130556648804,0.11481282278481457,7.464251867930096
1788,-2.0596181356681966,-2.059618164908211,-1.8977108046693623,3.711232599222435e-08,1.0,0.0010000083920598593,0.0036244890015607453,0.23958757147192955,6.010315994046769,-1.296398329734802,-1.2963983808954558,-0.96746320327123,4.478626781039768e-08,0.0010000049653980467,0.0017412662118052443,0.08647330411606365,8.137637488047282
1789,-2.056971885123343,-2.0569718693787196,-1.8902053608084626,3.1629823288827573e-09,1.0,0.001000006858892036,0.0041049088303105165,0.2653505914264692,5.988076466434407,-1.4789202928543093,-1.4789202014605205,-1.196186837222841,-8.659230338202582e-08,0.0010000042074049512,0.0017052348134004407,0.07891369702087508,7.611938190460205
1790,-2.054935977144061,-2.054936170578003,-1.8595465961492286,1.8057114673110673e-07,1.0,0.0010000120053278668,0.003567348772501749,0.21900695418271254,6.091023984945045,-1.2030364640884927,-1.2030375639597575,-0.8073547843222817,1.1079013347625732e-06,0.0010000053534491194,0.004977887359240817,0.23365992390447193,12.801640362209747
1791,-2.039776284739656,-2.039776277991961,-1.8452374080442033,-6.888272627344671e-09,1.0,0.0010000094134395695,0.005097414202162258,0.30841343442224106,6.814114179251329,-1.4521228512128195,-1.452122848563724,-1.164164763689041,-9.934107462565104e-10,0.0010000038348759214,0.002192773926071823,0.11499191456370883,8.051710096995034
1792,-2.1010598911429352,-2.1010598439090655,-1.9028614444552727,-4.055646230589669e-08,1.0,0.0010000057320795812,0.0034716261774828693,0.21040525800495777,5.7661991389292595,-1.4245648549662695,-1.424564755956332,-1.1240961798363263,-9.900993771023221e-08,0.001000003229516248,0.002208316082962685,0.11237122420635488,8.197641722361247
1793,-2.0419872436883315,-2.041987212199085,-1.8459648523690566,-2.1016260363020988e-08,1.0,0.001000006311959675,0.003950202251116763,0.22874065875163618,6.19675190943592,-1.5092155085669625,-1.5092155403561063,-1.2283040404319763,2.591146363152398e-08,0.0010000031182749404,0.0019937638245109057,0.09532070685591963,7.719074694315593
1794,-2.0722350039572084,-2.072234961221803,-1.8909409226111646,-4.6812138467464805e-08,1.0,0.0010000053367067903,0.0033225671471676455,0.1735546961426735,5.876552316377747,-1.4377852151791255,-1.4377852807442346,-1.1314360783331925,6.399220890469021e-08,0.0010000035140870346,0.0018789543330462442,0.0857515085902479,7.836630068884956
1795,-2.0810939051070303,-2.081093770153118,-1.9146439151943855,-1.290496790184165e-07,1.0,0.0010000067051359504,0.0031290532722366305,0.1843707449031326,5.684593641533042,-1.4467916416625184,-1.4467916193935606,-1.1452170107099744,-2.1275546815660265e-08,0.0010000036020452777,0.0020248231115854447,0.12285698196954198,7.93705809911092
1796,-2.057734894302656,-2.057734817828772,-1.9198962584981378,-8.490850340645268e-08,1.0,0.0010000091828054414,0.00367834411543917,0.2376093989554441,5.60472527539955,-1.5019115805625918,-1.5019114401605393,-1.2509155962202283,-1.5141235457526313e-07,0.0010000039771613147,0.002109806687157187,0.12252119564347796,7.638943852318658
1797,-2.074564499675103,-2.0745643422288715,-1.8815763097889018,-1.5273690223693848e-07,1.0,0.001000007627672463,0.0032889903632853674,0.16943233056029058,5.784247627798116,-1.5398104800118342,-1.539810421731737,-1.3056992424858942,-5.405810144212511e-08,0.0010000028414651752,0.0023787091486155987,0.12950875167217518,7.859258831871882
1798,-2.0549634380160637,-2.0549633165575423,-1.8673977154605794,-1.30385160446167e-07,1.0,0.0010000074739163777,0.003703986485664434,0.2051053319196656,5.970125877632285,-1.509024547206031,-1.5090245048205058,-1.2358692129453024,-4.528297318352593e-08,0.0010000021041681368,0.0023237230773601267,0.11607617139816284,8.004626920488146
1799,-2.105066420896998,-2.105066274696926,-1.947463258257452,-1.3853862600506477e-07,1.0,0.0010000073355359007,0.0029748282680850265,0.15161111622275608,5.450798772416025,-1.525171539518568,-1.5251714156733618,-1.2830051337679227,-1.2988845507303874e-07,0.0010000023576948378,0.0020702467558698524,0.100710081267688,7.687153244018555
1800,-2.0932527982963705,-2.0932525913670377,-1.9144472850943512,-2.0306346551427303e-07,1.0,0.0010000072981951372,0.003160563020808798,0.20272880272482927,5.777499680249196,-1.4809414870209165,-1.4809411015775469,-1.212655826078521,-3.9007928636338975e-07,0.0010000023964999451,0.0017657699943002727,0.07544254846870899,7.4569754282633465
1801,-2.096969669719912,-2.096969386316695,-1.9107327866104413,-2.668151315653099e-07,1.0,0.0010000079637393355,0.0028913089311418108,0.18208126407468095,5.510049846937072,-1.4821495281325447,-1.482148974471622,-1.1927258796162075,-5.539092752668593e-07,0.0010000026267435816,0.0020970020598421496,0.10846330941551262,7.969945303599039
1802,-2.0748008422131807,-2.0748005723053553,-1.8777852485764701,-2.772178290025243e-07,1.0,0.0010000075112571412,0.00340837232970615,0.19488600391964866,6.029152955649034,-1.4215621045894093,-1.4215618229574627,-1.135590731104215,-2.731051709916857e-07,0.0010000035166740418,0.0018241260174868836,0.09027756502230962,7.736870225270591
1803,-2.0923983488442763,-2.092398117173393,-1.9200902277568601,-2.384888675977599e-07,1.0,0.0010000071949589084,0.0035952895479979662,0.23301440639034757,5.775528525406459,-1.4988325251473322,-1.4988321661949158,-1.2088099446561602,-3.5415093104044595e-07,0.0010000020627760225,0.001835816850264867,0.09294853202170796,7.733638668060304
1804,-2.0361289595657923,-2.036128676162576,-1.8673178407381166,-2.849495635842377e-07,1.0,0.0010000117659076768,0.004319922666873713,0.24200164730537613,6.329187631607056,-1.4761085152626037,-1.4761082000202603,-1.2009377313984766,-3.102752897474501e-07,0.001000004955050018,0.0019834326062765388,0.09589240724841754,7.692527357737223
1805,-2.072001835085311,-2.0720015471836306,-1.8977298871526178,-2.8340321666789504e-07,1.0,0.0010000088709002397,0.0038182460637060257,0.22223357097157892,6.103538000358726,-1.5323525071144106,-1.5323521004782783,-1.2758651210202112,-4.114376174079047e-07,0.0010000025879384742,0.001896204289773272,0.09203152677251233,7.394917721218533
1806,-2.061370811372433,-2.0613705324676803,-1.89773387728997,-2.8431696711846116e-07,1.0,0.0010000110586296837,0.003968337036774687,0.23797337714371816,5.949683720210813,-1.5175824615690443,-1.5175821728176542,-1.2632641282346513,-2.805557515886095e-07,0.001000002926836411,0.001762409249527587,0.09665993425167269,7.337167856428358
1807,-2.090743951077731,-2.090743654179123,-1.9125871703309834,-3.009753407172437e-07,1.0,0.0010000075793491219,0.003415963353308023,0.2203610905990848,6.044391722049353,-1.512368639310201,-1.5123684088389078,-1.250239333179262,-2.3320317268371583e-07,0.001000003607219292,0.002160248620849517,0.10427689072158601,7.855716514587402
1808,-2.035287872800287,-2.0352876051416935,-1.8858245836113983,-2.771475405063269e-07,1.0,0.001000007939577665,0.004439803237921365,0.2516028108602425,6.193456793731114,-1.450870261589686,-1.4508700165483686,-1.1923264688915676,-2.3817022641499836e-07,0.0010000033924976984,0.0018199815130275157,0.08169522322714329,7.778183703952365
1809,-2.0594910248270573,-2.059490741423841,-1.8889608450655668,-2.8965889282946317e-07,1.0,0.0010000122689097276,0.0034833680421008533,0.21936852210816346,5.809107137176226,-1.5178319308492871,-1.5178316493829092,-1.268942924671703,-2.875924110412598e-07,0.0010000048024165961,0.0021630102820280528,0.11663546885053316,7.69204938676622
1810,-2.0612871129557773,-2.0612868070602417,-1.8747295298666324,-3.0828534432177274e-07,1.0,0.0010000133364162637,0.0035880156287501725,0.20441990475750194,6.0767173002351,-1.5333970877859326,-1.5333966917461819,-1.2671942936049567,-3.928939501444499e-07,0.001000002805247075,0.0020710653289117745,0.09862344861030578,7.675957944658068
1811,-2.111553466544961,-2.1115531561509617,-1.9574596207096893,-3.1798515679701317e-07,1.0,0.0010000059034077908,0.0036374518893799693,0.2316669630554487,5.487858443889978,-1.508195556534661,-1.508195365799798,-1.2381503535641565,-1.9926163885328504e-07,0.0010000031441450119,0.0017560771951037977,0.09326547160744666,7.268309508429634
1812,-2.0797707967038424,-2.079770490808307,-1.8837823350474519,-3.1327582755178777e-07,1.0,0.0010000115133083935,0.003982121263244102,0.23078547871478325,6.138257391047928,-1.5013455642594231,-1.5013452702098422,-1.2100057144959768,-2.9189719094170464e-07,0.0010000042669061158,0.0017529796110466122,0.08080644868314266,7.320556587643093
1813,-2.044787939989342,-2.044787683576908,-1.882546213437926,-2.6526878464896724e-07,1.0,0.0010000108938910208,0.004075452127441202,0.22863405703935982,6.049929474884609,-1.4210272431373598,-1.4210267742474874,-1.0995655139287313,-4.688898722330729e-07,0.0010000030898178617,0.0016804201994091272,0.07774466178897355,7.3428879737854
1814,-2.0446363215176566,-2.044636020120585,-1.8760933718591366,-2.9542254951764954e-07,1.0,0.0010000089060444876,0.004085576901967936,0.26032066886436267,6.12012243270874,-1.4970707429779901,-1.4970704595247903,-1.2310605472988552,-2.893308798472087e-07,0.0010000034416508344,0.002006035357610219,0.10066933909224139,7.568280887603761
1815,-2.047138268092893,-2.0471380071819953,-1.8633849013526484,-2.547957987155554e-07,1.0,0.0010000099867301167,0.003931520120152888,0.23180771872120084,6.350205385460044,-1.5861483150058326,-1.586147920290629,-1.3438156127929688,-3.9968225691053603e-07,0.0010000031312099762,0.0017712893300793238,0.07561625345713563,7.094296063317192
1816,-2.0969304903498234,-2.0969302181927665,-1.920252062239737,-2.7574177058237906e-07,1.0,0.0010000084140250143,0.003563678247924402,0.21086388369495013,5.660287447695462,-1.562298560142517,-1.5622981866200765,-1.3067184103859795,-3.6673413382636176e-07,0.0010000074463379052,0.0017101879516202543,0.08241637096636825,7.067643684811063
1817,-2.07682126423098,-2.0768215206434144,-1.86785929382972,2.6597166961094116e-07,1.0,0.001000010221757276,0.0032596093655194876,0.2185266282901449,6.118078492722422,-1.5325510621070864,-1.532551888624827,-1.2649687892860837,8.200605710347493e-07,0.0010000032838433982,0.0019322726073571377,0.102030018882619,7.4607576264275455
1818,-2.105648175725397,-2.105648231956194,-1.9239752135186825,4.069703929829147e-08,1.0,0.0010000060022509886,0.003273679567325228,0.19674957803678964,5.805210221488521,-1.4997827688852945,-1.499782801998986,-1.2303726593653361,3.32792599995931e-08,0.0010000029449454611,0.0017762669362127782,0.08505603898730543,7.3797407150268555
1819,-2.068015793584428,-2.068015753098254,-1.9125535960467357,-2.699078253979953e-08,1.0,0.0010000082141421033,0.00352967175092759,0.19924613098912644,5.658676088980909,-1.528399603896671,-1.5283996065457661,-1.2577134165498944,2.2351741790771484e-09,0.001000004098750651,0.0017921345204942756,0.09208681728276942,7.265151246388752
1820,-2.0888576170183577,-2.088857484313677,-1.9018535861429178,-1.289091020260217e-07,1.0,0.0010000075288292653,0.0038066901780559486,0.22091810616119853,6.050770147791448,-1.566267094347212,-1.5662666943338182,-1.3389225608772701,-3.9877163039313425e-07,0.0010000023732168806,0.001987823678387536,0.1041077400247256,7.218543412950303
1821,-2.0918199228790573,-2.0918197137004926,-1.9269175282064475,-2.0594529385836618e-07,1.0,0.0010000075595804825,0.0038247702133683663,0.20180971006739815,5.667981746061793,-1.4590256214141843,-1.459025576379564,-1.1587832636303372,-4.875991079542372e-08,0.0010000027405718962,0.0018778526327676243,0.09422387733227677,7.566490523020426
1822,-2.048418937989001,-2.04841884127203,-1.8839976922521051,-9.552206633225926e-08,1.0,0.0010000092399148446,0.004123877386896397,0.23298885996611612,6.175616831149695,-1.4257502900229562,-1.425749988026089,-1.1330793387360043,-2.9736095004611545e-07,0.001000001457416349,0.0018490848027997546,0.08804842233657836,7.733651171790229
1823,-2.0777631435754165,-2.077763026615359,-1.8606876764657363,-1.1681948068006984e-07,1.0,0.001000004871045503,0.0036183999969957854,0.21575032448712386,6.450160894753798,-1.4456502185927496,-1.4456501523653666,-1.1674336420165168,-6.738636228773329e-08,0.0010000017756182286,0.0017335751042183902,0.07809230527944035,7.44406067530314
1824,-2.0703142296593144,-2.0703140384746046,-1.8791545607009024,-1.8422614853337125e-07,1.0,0.0010000098285810003,0.003521380124543354,0.22812913881860813,5.954564175515805,-1.4511517590946623,-1.4511513034502665,-1.166752192709181,-4.5547882715861e-07,0.0010000044273005592,0.0017256301750118534,0.07421507082051701,7.629161993662517
1825,-2.079960287741895,-2.0799599998402147,-1.9125609510349777,-2.692752289322187e-07,1.0,0.0010000107686896369,0.003587953757301395,0.21041514717464177,5.77768427470945,-1.4992995858192444,-1.4992992593182457,-1.2347723437680138,-3.287361727820502e-07,0.00100000211969018,0.0018948055777905715,0.11058894652459357,7.581824376848009
1826,-2.0926069246148162,-2.092606618719281,-1.9144594646849722,-3.080041903369832e-07,1.0,0.001000006311959675,0.003299432595805177,0.20631637505062347,5.754158690290631,-1.5640117049217221,-1.564011393653022,-1.3087696943018172,-3.121793270111084e-07,0.0010000027819640107,0.0018166174154935612,0.08600700307223531,7.223490164015027
1827,-2.084142660194973,-2.0841423363055824,-1.9127762565072977,-3.2121842762209337e-07,1.0,0.0010000075376153273,0.003879858009552337,0.23830675449714345,6.080144508829656,-1.490805745124817,-1.4908054855134751,-1.2100073739886283,-2.4984280268351236e-07,0.0010000018402934075,0.0017149143541852633,0.08130147817234198,7.324292522006563
1828,-2.065213239417886,-2.065212951516205,-1.8713828122840737,-2.9120523974580585e-07,1.0,0.001000006355889985,0.003697961722588483,0.2188067044711338,6.332025388501725,-1.5174372593561811,-1.5174369891484578,-1.2450004648831157,-2.654062377081977e-07,0.0010000033976717128,0.0016788848158386018,0.07239500166227421,7.4349163903130435
1829,-2.070865419675719,-2.0708651115309515,-1.8798344090299786,-3.071607283826144e-07,1.0,0.0010000049918538556,0.003405145865882624,0.20618838040193296,5.999290358345464,-1.5362805128097534,-1.5362801154454548,-1.2588397204875945,-3.88589170244005e-07,0.0010000022490405374,0.002013500857477387,0.08711190414097573,7.797879060109456
1830,-2.056742546693334,-2.056742294779364,-1.8989312828711744,-2.525465668372388e-07,1.0,0.0010000100328569424,0.0037894355383578616,0.24472843764244384,5.860159945937823,-1.6544962856504648,-1.6544961240556506,-1.4377442465888128,-1.574556032816569e-07,0.0010000042306880156,0.0025643481691885327,0.1256333248068889,7.8472727033827026
1831,-2.0824043840732216,-2.082404078177686,-1.924129989911925,-2.969688964339922e-07,1.0,0.0010000062592433027,0.003457694110144281,0.2424066259332423,5.623056438733947,-1.5177552647060817,-1.5177549150254992,-1.2545604778660668,-3.498461511400011e-07,0.0010000027457459106,0.001958027893366913,0.11364136305120257,7.54759209950765
1832,-2.075266372482732,-2.075266050842573,-1.8745160147828877,-3.1440044349094604e-07,1.0,0.0010000051873437358,0.0038496119646742096,0.238032442429718,6.3528587728176475,-1.4577514741155835,-1.457751347621282,-1.1747687954041692,-1.1763638920254178e-07,0.0010000033097134697,0.001769108304546939,0.08999693269530933,7.491510242886013
1833,-2.0980040734668948,-2.0980038867806488,-1.907217414873951,-1.9034124770254458e-07,1.0,0.0010000049479235455,0.0034526624158903395,0.20794823344023722,5.886933434684321,-1.5254383862018586,-1.525438172287411,-1.2617674797773362,-2.14080015818278e-07,0.0010000029527064828,0.0018469631904736161,0.10359170788692104,7.468394597371418
1834,-2.0825195110069132,-2.0825192276036963,-1.907749301982376,-2.800996573466175e-07,1.0,0.0010000061274523723,0.003146485443103988,0.19059072751200423,5.779148596637654,-1.5532738818062675,-1.5532736433876886,-1.299943705399831,-2.2964345084296333e-07,0.0010000021041681368,0.002285008370462391,0.1289383696185218,7.908341630299886
1835,-2.0206085443496704,-2.0206084858696416,-1.7914676576290491,-6.37516660510369e-08,1.0,0.0010000057079179107,0.005137085905825754,0.23950977328250994,6.805322017309801,-1.5581000844637551,-1.5581000275082058,-1.2950153880649142,-5.521708064609104e-08,0.0010000037184605996,0.001629858388979402,0.06269870259695583,7.059740278455946
1836,-2.0979943950221225,-2.097994734656136,-1.90706552649444,3.256466028825292e-07,1.0,0.0010000094485838177,0.0032946247813942014,0.2003357472284785,5.984557714102404,-1.4311780187818737,-1.4311780962679121,-1.1055988199181026,7.27673371632894e-08,0.0010000028440521824,0.0017181374701774783,0.07631255379981465,7.751535129547119
1837,-2.0697927654914134,-2.069792961174587,-1.871352251970543,1.9125499815311073e-07,1.0,0.001000008286627115,0.00341964030049671,0.19992201255177552,5.917718338516523,-1.5656574885050456,-1.5656574792332119,-1.3177508764796786,-6.788306766086154e-09,0.0010000031519060333,0.0017159759118739102,0.07344967371059788,7.225662888420952
1838,-2.0809898803818903,-2.080989866886499,-1.9083945008943666,-9.348369994253483e-09,1.0,0.0010000082646619598,0.0034190926235169172,0.1829763225648763,5.872631590321379,-1.501483256287045,-1.5014831966824003,-1.2219683607419332,-6.341271930270725e-08,0.0010000030742958188,0.0017630015189448991,0.08633904092841678,7.383351887596978
1839,-2.0976719563862063,-2.0976719383923514,-1.9081000696937993,-7.310003604529039e-09,1.0,0.0010000077067470214,0.003362729236096987,0.18513801367074814,6.029498905505774,-1.2698836856418187,-1.269883507490158,-0.8991203161163462,-1.7748938666449653e-07,0.0010000022205834587,0.0018261547407342328,0.0873371933069494,8.254975075191922
1840,-2.1007095350409455,-2.100709503551699,-1.9318496168784376,-3.0013187876287495e-08,1.0,0.0010000067622453538,0.0030956094170797544,0.17695333597795018,5.526076942119959,-1.5098413719071284,-1.5098416911231147,-1.2331073770920435,3.1706359651353625e-07,0.0010000027612679535,0.0018587765930634405,0.10109061035845014,7.463815191056993
1841,-2.0634521515864246,-2.0634521920725986,-1.8922969732644424,4.378973313097684e-08,1.0,0.0010000114737711144,0.0040758397531221215,0.2415164381195352,6.118689087201965,-1.471665374437968,-1.47166535059611,-1.1628715988662508,-2.466970019870334e-08,0.0010000026500266458,0.0016724518060477244,0.07816169725524055,7.346393394470215
1842,-2.099605090213272,-2.0996050542255618,-1.9305261823366273,-4.899108184958404e-08,1.0,0.0010000081240849675,0.003135540711535317,0.1860830534671275,5.697924708420375,-1.582523393630981,-1.582523348596361,-1.3335991104443867,-4.4951836268107095e-08,0.0010000029708155328,0.0016794942267653015,0.08244285268916024,6.975740994347466
1843,-2.0594605792243525,-2.0594604307750486,-1.8757644419400197,-1.4634064908297556e-07,1.0,0.0010000102459189464,0.0037709355885865836,0.23842607477222974,6.1806170805445255,-1.445467093255785,-1.4454671528604295,-1.1312196917004056,5.265076955159505e-08,0.0010000029035533468,0.0018798486407225331,0.09319312729769283,7.963783370123969
1844,-2.0429165453281044,-2.0429164868480756,-1.8498886688700262,-6.536830146357698e-08,1.0,0.0010000112453335016,0.0041426424055694125,0.24030947442746386,6.451582526260951,-1.5600545803705852,-1.5600545565287272,-1.3022609803411695,-2.0447704527113173e-08,0.0010000027638549607,0.002047185498910646,0.10062834711538421,7.591320037841798
1845,-2.0699248606303953,-2.0699247526672653,-1.8948567318466474,-1.0332408941017006e-07,1.0,0.0010000122601236657,0.0036722081098354087,0.21263797665542028,6.016884578848785,-1.476126404603323,-1.4761260628700257,-1.1688198811478085,-3.3767686949835884e-07,0.0010000036615464422,0.001596252325301369,0.07529664846758048,7.454885111914741
1846,-2.053758879877486,-2.0537587989051387,-1.8626521083543885,-9.38351424235218e-08,1.0,0.0010000096638423373,0.004289557917904601,0.2540617045366539,6.479790233216196,-1.2365445187315347,-1.2365444304835465,-0.835259557598167,-8.477105034722223e-08,0.0010000016721379427,0.0018529709868340028,0.08566495519545343,8.312318007151285
1847,-2.055547493808674,-2.0555474780640512,-1.877793696691405,-1.4690295705255472e-08,1.0,0.0010000135362991747,0.0038690639106240474,0.23939997882072656,6.136972674783671,-1.496957529915704,-1.496957500775655,-1.2092530310153962,-3.3693181143866644e-08,0.001000005601801806,0.0020630629164063267,0.1201198909845617,7.814599100748698
1848,-2.0883679772323034,-2.0883679322476656,-1.9111760562320925,-4.104848177927845e-08,1.0,0.0010000073640906023,0.003416410697852525,0.23190013020527814,5.773643390187678,-1.410802776283688,-1.410802694161733,-1.0930092330608103,-8.311536577012803e-08,0.0010000026034605173,0.0017894351777310172,0.09742950652208593,7.771380954318577
1849,-2.077999859485986,-2.077999616568943,-1.8935679422234588,-2.48118391576803e-07,1.0,0.0010000087588779487,0.0037311317359606895,0.22375711774066934,5.926244416326846,-1.6072060757213171,-1.607205945915646,-1.3738768564330206,-1.2997123930189343e-07,0.001000003128622969,0.0018380523504068454,0.09135476698478064,7.092294290330676
1850,-2.0645688254878207,-2.064568535336908,-1.8871886820163366,-2.9914783981611145e-07,1.0,0.001000007197155424,0.003771937291911048,0.20985854620922287,6.150537072487597,-1.5627136601342095,-1.5627134813202752,-1.3046849886576335,-1.8204251925150554e-07,0.00100000178337925,0.0021320961182937025,0.09729989676011933,7.6254897859361455
1851,-2.062089535425294,-2.06208924302515,-1.8621171375490584,-3.088476522913519e-07,1.0,0.001000008082351173,0.00384658755611558,0.23047812518505556,6.3181468720706,-1.4653498821788367,-1.4653496702512105,-1.1807539449797737,-2.1656354268391927e-07,0.0010000035994582705,0.0019298114762124087,0.09547683232360415,7.606473233964709
1852,-2.0585474180725387,-2.058547118924699,-1.9133110698663964,-2.978123583883609e-07,1.0,0.0010000108521572263,0.003923572017811239,0.22488422480956563,5.823728655869106,-1.4058421691258747,-1.4058420843548245,-1.1175573252969317,-7.756882243686252e-08,0.0010000029552934898,0.0020446693731678857,0.11066220299237305,8.003424633873832
1853,-2.0941491846768363,-2.094148876532069,-1.8964702408268768,-3.1974236920194805e-07,1.0,0.0010000085611915532,0.003248325784093226,0.2114865557765061,5.915191519935176,-1.469603371620178,-1.469603227244483,-1.1916080865595076,-1.4661086930169e-07,0.0010000034778689345,0.001776113275748988,0.10024856328964234,7.305620702107747
1854,-2.126413981869536,-2.1264137232078695,-1.9309073101799443,-2.533900287916076e-07,1.0,0.001000007232299672,0.0029914052739633983,0.19030222106935843,5.655955008740695,-1.4251962655120427,-1.4251961668332418,-1.124188312722577,-9.495351049635145e-08,0.0010000015634836423,0.0016575460943082968,0.08865169170829985,7.346753194597032
1855,-2.07594307413641,-2.0759427929824255,-1.892465128088897,-2.882531229055153e-07,1.0,0.0010000069225909857,0.003391352840172092,0.22254061607538528,5.850635348625903,-1.4846634109814962,-1.48466327852673,-1.200390840901269,-1.2906061278449165e-07,0.0010000033097134697,0.0019261449575424193,0.10817296596037017,7.7209245257907435
1856,-2.0090907519718386,-2.0090904730670855,-1.845998595345695,-2.903617777914371e-07,1.0,0.001000014718024517,0.004444122958032168,0.27441183386265106,6.279909439806668,-1.4718164357874128,-1.4718163496918149,-1.2052643878592386,-7.483694288465712e-08,0.0010000028155951037,0.001958400644879374,0.09551885744763745,7.829550213283961
1857,-2.0409105701266594,-2.0409102799757473,-1.8488733970894005,-2.8698792997396217e-07,1.0,0.0010000110893809008,0.00395506711562498,0.2402036247669526,6.44796796564786,-1.3470414896806084,-1.3470413102043999,-1.0314284788237678,-1.735985279083252e-07,0.0010000040289014577,0.0019100309918738073,0.09454741519358423,8.113940906524657
1858,-2.022812697122682,-2.0228126251472616,-1.8544885954766903,-7.661446085516012e-08,1.0,0.00100001206243727,0.0041279058007277405,0.2726912833750248,6.403444964930697,-1.4353287359078724,-1.4353287332587772,-1.1381825079520544,5.298190646701389e-09,0.0010000030173816614,0.0018871737074934775,0.09661096905668577,8.055498833126492
1859,-2.039635311882451,-2.039635271396277,-1.8779349507025953,-5.2997526132835535e-08,1.0,0.001000008304199239,0.004293639757582602,0.25001858322406717,6.000808292964719,-1.401102947526508,-1.4011027389102513,-1.0911257492171393,-2.0257300800747342e-07,0.001000003211407198,0.0018047189572826029,0.08190221827891138,7.696396552191841
1860,-2.080213045174221,-2.0802129394603224,-1.8886755277525704,-1.0051254956227429e-07,1.0,0.001000008152639669,0.0032890290021896362,0.22318650402550427,5.834583952741803,-1.4634619871775307,-1.4634619428051843,-1.1845939694179428,-4.76837158203125e-08,0.0010000015712446637,0.0020056249366866216,0.10190551177495055,7.908745235866971
1861,-2.0821767573086722,-2.0821765593762667,-1.90267350988568,-2.018685610789173e-07,1.0,0.0010000053806371004,0.0036007731247974456,0.20781806026989558,6.022704020986017,-1.3738014505969154,-1.3738011870119307,-1.0792217954993248,-2.6416447427537706e-07,0.001000002906140354,0.001823532912466261,0.08696698149045308,7.827716149224176
1862,-2.086735079873283,-2.086734841454704,-1.9151728580582816,-2.433387738353801e-07,1.0,0.0010000066348474542,0.003278920235867911,0.20762682822093648,5.515237709261337,-1.5676878372828165,-1.5676874809794956,-1.3247214992841085,-3.6938322914971244e-07,0.0010000036977645423,0.0016727828834619787,0.08533162242836423,6.961935530768501
1863,-2.106273599390714,-2.106273556655308,-1.9067686548772849,-2.9872610883892705e-08,1.0,0.0010000061582035895,0.0030963697958351025,0.19130944861274846,5.7859724692578585,-1.4477237833870782,-1.4477237257692548,-1.1650182813405991,-6.432334582010905e-08,0.001000002616395553,0.0016650884282878703,0.07986551411449909,7.500753190782335
1864,-2.1120229352195308,-2.1120228632441105,-1.95388792145927,-8.72280237809667e-08,1.0,0.0010000082448933204,0.0031291431887953912,0.18966347211093273,5.415299150179017,-1.488920517762502,-1.4889201336436801,-1.1957820574442546,-3.941357135772705e-07,0.0010000032890174124,0.001707389454046885,0.07418348433242904,7.42006728914049
1865,-2.0253742213519113,-2.025374599222867,-1.8615572362575892,3.7541085819028456e-07,1.0,0.0010000107313488734,0.004288484676266616,0.26426819891159264,6.201910378797999,-1.4850766234927706,-1.4850769533051384,-1.2258214328024122,3.293156623840332e-07,0.0010000044531706307,0.0019909334964015417,0.09148856500784557,7.896475622389051
1866,-2.079084688762449,-2.0790926375479066,-1.9059216593796353,7.940280549931077e-06,1.0,0.0010000114056791336,0.004222338259184979,0.20246127114262222,5.912399710349317,-1.3840406027105123,-1.3840406735738118,-1.0588630432883899,7.798274358113607e-08,0.001000002140386237,0.0018414280687769253,0.08796566323273712,7.9047177950541165
1867,-2.069102696652682,-2.069102746135784,-1.8414752213460095,4.3719444634779446e-08,1.0,0.0010000060461812987,0.0035892570444013712,0.2137129153564291,6.5197727230359925,-1.4694732639524672,-1.469473299715254,-1.201726460456848,4.147489865620931e-08,0.0010000044479966165,0.0017774659597004454,0.08686023304859797,7.638522953457303
1868,-2.064770671556581,-2.064770811008957,-1.8965757905312304,1.247620807503754e-07,1.0,0.0010000115133083935,0.0037737365016924603,0.2215949478295614,6.12123168639417,-1.5837448583708873,-1.5837448530726963,-1.3366757777002123,-1.3659397761027018e-08,0.0010000032088201907,0.0018603600095957518,0.10026410851213667,7.168032953474256
1869,-2.088197946548462,-2.088197930803839,-1.8965592069445916,-1.4409141720465893e-08,1.0,0.0010000085743706462,0.0031288954833487296,0.1836362573546621,5.814336844210355,-1.5528472185134885,-1.5528473165300158,-1.2809923582606846,9.80993111928304e-08,0.0010000021998874016,0.0018901215426416862,0.09408623369203674,7.320953708224826
1870,-2.0918936122138545,-2.0918935244938113,-1.9012300360877559,-8.181580957376733e-08,1.0,0.0010000045701228785,0.003232775559156852,0.17347947581899617,5.730698814931905,-1.5904799461364747,-1.5904799381891885,-1.3412219180001153,1.655684577094184e-10,0.0010000025206762884,0.0016379918230490552,0.06966067202803161,6.873070727454292
1871,-2.097469190381608,-2.0974690284369126,-1.9414571298743195,-1.628584456893633e-07,1.0,0.0010000073377324163,0.003328727342996676,0.18101459453409574,5.64181039018451,-1.5160563800070022,-1.5160561892721387,-1.2416079577472474,-1.7931063969930013e-07,0.001000003229516248,0.001769894333038893,0.072364949559172,7.346966171264648
1872,-2.0959818430666655,-2.0959816383865646,-1.911890814889152,-2.0151711859793032e-07,1.0,0.0010000088972584257,0.0033562262959883743,0.20903676242198585,5.749521349960903,-1.5038140071762933,-1.5038135766983032,-1.2236772484249538,-4.265043470594618e-07,0.0010000019282516506,0.0017404567269194457,0.08116021491587162,7.4098893377516
1873,-2.0669104243224523,-2.0669101836546413,-1.908404345782298,-2.3420126932971881e-07,1.0,0.0010000082009630103,0.0042271290132600186,0.2537118078402753,5.909476280212402,-1.5122935268614026,-1.5122929943932428,-1.241892452372445,-5.25514284769694e-07,0.001000003384736677,0.0019869459611881113,0.09681111377560431,7.5798228369818785
1874,-2.0943162306299747,-2.0943159629713812,-1.9502924748186796,-2.6252753329726887e-07,1.0,0.0010000094859245812,0.003520672451177577,0.19765731938323886,5.3658464809633655,-1.5164973444408845,-1.5164967483944363,-1.2537044240368738,-5.903343359629313e-07,0.0010000053094699978,0.0018860356364813115,0.08798080409566561,7.702556864420574
1875,-2.05115559191074,-2.0511553669875524,-1.8845928187640208,-2.4031636849889217e-07,1.0,0.0010000113749279167,0.003765349572893443,0.21610738825544995,6.10001171309993,-1.5281840470102097,-1.5281834165255228,-1.2585203270117442,-6.26014338599311e-07,0.0010000065460594163,0.001820220164437261,0.08393981280840106,7.488556692335341
1876,-2.0579445384583384,-2.0579442370612666,-1.8267025430247468,-3.134866930403799e-07,1.0,0.0010000112453335016,0.0036568851935027064,0.22711311280727386,6.677816121083386,-1.5118913716740077,-1.5118909809324477,-1.2401367465655009,-3.904932075076633e-07,0.0010000092934610116,0.0023968273230517904,0.12761335828238063,7.946324761708578
1877,-2.0810756818303524,-2.0810753984271355,-1.921540064631768,-3.1222150010882686e-07,1.0,0.0010000081460501224,0.0036786878020239047,0.21582012365238284,5.696668620379466,-1.64240616162618,-1.6424057404200236,-1.4254935171869065,-4.2410360442267525e-07,0.001000004561824931,0.0019744710117164587,0.10430244799289438,6.989177078670925
1878,-2.0432899807983973,-2.0432897378813544,-1.8719083813001525,-2.385591560939573e-07,1.0,0.0010000095847677792,0.0038655221501787034,0.24051859799139905,5.903774288465392,-1.629413726594713,-1.6294134537378946,-1.4204284217622545,-2.755059136284722e-07,0.0010000043445163303,0.0020819340004689163,0.0963205584221416,7.383016586303711
1879,-2.0673167233197196,-2.067316514141155,-1.9197396579778419,-2.0812423724048542e-07,1.0,0.001000009163036802,0.003853874173419515,0.2212894565935405,5.7895420857195585,-1.5949669069714016,-1.594966713587443,-1.3477773666381836,-1.9023815790812176e-07,0.0010000024404790667,0.0016906555716155304,0.07157887385951148,7.092350218031143
1880,-2.0184557078019627,-2.0184554693833836,-1.868648405344981,-2.308274215122439e-07,1.0,0.0010000141117862374,0.004517955336508886,0.25270906196169135,6.352528774513389,-1.5224909146626788,-1.5224909398290847,-1.2281303438047568,2.466970019870334e-08,0.0010000037210476068,0.0017922994603092471,0.07579672740151484,7.513697242736816
1881,-2.0646944698297753,-2.064710961197907,-1.881857399670583,1.649256303625287e-05,1.0,0.0010000069862899353,0.0038193598727888937,0.23355235307002967,5.876656185905889,-1.656199547979567,-1.6562120199203492,-1.4499681022432116,1.2470699018902248e-05,0.0010000083905955155,0.002911180718284514,0.14607825560702217,7.753661579555936
1882,-2.078260950322421,-2.078262284116925,-1.89233139775834,1.3248678648246909e-06,1.0,0.0010000087083580922,0.003563600956936771,0.20421822692425745,5.910209826703341,-1.4531354705492656,-1.4531354082955255,-1.129250325428115,-5.943907631768121e-08,0.001000003571001192,0.0018275941799705227,0.09104136737684408,7.746633179982504
1883,-2.073509299530173,-2.0735092950317093,-1.874899850701386,-7.802023077910802e-09,1.0,0.0010000084667413864,0.003541955990136935,0.243173429250436,6.09766375793601,-1.4692156381077237,-1.4692156500286526,-1.197446573442883,2.284844716389974e-08,0.0010000033433445626,0.0018922284452451599,0.09217832618289523,7.636741903093127
1884,-2.0850585069296494,-2.0850584844373308,-1.8898051999649912,-2.3124915248942824e-08,1.0,0.0010000085941392859,0.0036638534983690334,0.22200998207027056,6.165857252084984,-1.5078146272235446,-1.507814621925354,-1.2396143588754867,-4.0564272138807505e-09,0.001000002259388566,0.0018003800004306766,0.08089632011122173,7.605848174624972
1885,-2.064018537413399,-2.06401856215495,-1.8883254820445798,7.802023077910802e-09,1.0,0.0010000094573698797,0.0038797431493634883,0.2472483478486538,6.092217647804405,-1.485861379570431,-1.4858614020877414,-1.198896592358748,1.953707800971137e-08,0.0010000018506414361,0.0016035654556213154,0.07727330238040951,7.294213994344075
1886,-2.0894990844546624,-2.0894990687100394,-1.8905579346530843,-2.1789433821192328e-08,1.0,0.001000008512868212,0.003454866518161066,0.2005443070435299,5.775434741434061,-1.5878624452484977,-1.5878623949156867,-1.333694683843189,-4.801485273573134e-08,0.0010000028155951037,0.0015992767953624328,0.07708083544340398,6.8770584424336745
1887,-2.088999185922011,-2.088999185922011,-1.8976892997633736,-3.5144248098697305e-10,1.0,0.0010000096748249148,0.0034877006799193485,0.1992662284031229,6.047926250493751,-1.5221880912780759,-1.5221881151199341,-1.2442847463819715,2.260009447733561e-08,0.0010000025206762884,0.0018914144460318817,0.11380703420274788,7.493392912546794
1888,-2.067466139793396,-2.067466139793396,-1.8698979863580667,4.920194733817622e-10,1.0,0.0010000087281267316,0.0038749503481359977,0.2322620301032966,6.461892919720344,-1.546269034014808,-1.5462689889801873,-1.2827499409516652,-3.9570861392550997e-08,0.0010000024353050523,0.0018063201879461607,0.08969249708784952,7.281530284881592
1889,-2.110874315477767,-2.110874315477767,-1.915982966153127,-2.8115398478957844e-09,1.0,0.001000004950120061,0.0033176821911320934,0.23825990036129951,5.920150612885097,-1.5500497301419576,-1.5500497076246473,-1.2837116956710815,-2.2517310248480902e-08,0.0010000020964071154,0.0018888872194414337,0.0982684027403593,7.337494447496201
1890,-2.091878690809574,-2.0918786705664867,-1.8942900333764419,-1.9610490439073096e-08,1.0,0.001000011124525149,0.0032331960337271667,0.18900416496227374,5.850319862365723,-1.571624113453759,-1.5716241346465216,-1.3099091483487024,8.112854427761501e-09,0.0010000033718016413,0.001890315084407727,0.10937951848738724,7.499308363596599
1891,-2.0885538627516547,-2.0885538739978142,-1.9203295235363942,-6.747695634949882e-09,1.0,0.0010000106061474894,0.0033601731707710984,0.2035775740964795,5.614293530302228,-1.5491788691944548,-1.5491788811153835,-1.2972856260008283,2.8146637810601128e-09,0.0010000035580661562,0.001967737451195717,0.09696935738126437,7.613097805447048
1892,-2.08126471177587,-2.0812646960312464,-1.8840361181295142,-5.552791199594173e-09,1.0,0.0010000060066440194,0.0032284893820343436,0.21101458156305664,5.987068590128197,-1.5457018097241721,-1.5457018242941962,-1.2793737908204397,2.5249189800686306e-08,0.0010000044454096092,0.001876350895812114,0.10739439171221521,7.517577934265137
1893,-2.077350186851789,-2.0773501486148476,-1.8828281591523368,-3.886953839715922e-08,1.0,0.0010000090619970887,0.0037715222954504053,0.2358891309221398,6.225004128690036,-1.438128630982505,-1.4381286296579572,-1.1466836475663715,2.5663110944959852e-09,0.0010000026060475243,0.0019060291324017775,0.09934099022712972,7.690343274010553
1894,-2.1055564475509354,-2.105556400317066,-1.9214115142822266,-6.12915686841281e-08,1.0,0.001000007236692703,0.0030998201922179673,0.19820314677397036,5.836444445376126,-1.469713956779904,-1.4697139157189263,-1.1643897882766194,-4.2965014775594075e-08,0.0010000032036461765,0.001962948745737473,0.1007510571844048,7.596373791164821
1895,-2.105582405936043,-2.105582394689884,-1.9594763967226136,-2.9521168402905734e-08,1.0,0.0010000087017685455,0.0030197888801647525,0.18673078568195398,5.229464234046216,-1.5818957381778296,-1.5818956825468276,-1.3307533144950867,-4.271666208902995e-08,0.001000003930595186,0.0017673998010448284,0.08243545049594508,7.120790682898626
1896,-2.0723864852257496,-2.072386417748793,-1.8803949288602144,-5.2013487186072006e-08,1.0,0.001000009554016562,0.003955246869667943,0.2319970542810998,6.408578449825071,-1.5430329362551372,-1.5430328687032064,-1.2613803004225095,-6.589624616834853e-08,0.001000002499980231,0.0019985688307012123,0.12041989080607891,7.673508750067817
1897,-2.0613526713173345,-2.061352601591146,-1.863804891424359,-6.220531913469423e-08,1.0,0.0010000101229140782,0.0038780509845687534,0.20652674054199793,6.212776355023654,-1.6601016402244568,-1.660101717048221,-1.4445923063490125,6.962153646681044e-08,0.0010000062977067298,0.002091115925254093,0.1219742402020428,7.217455471886528
1898,-2.0639199445832452,-2.0639198928509117,-1.890677071967215,-5.8831471317219285e-08,1.0,0.0010000080933337504,0.003557022994841045,0.21991426423894908,5.978179211886424,-1.609044071038564,-1.6090440273284912,-1.3725541518794167,-4.462069935268826e-08,0.0010000057001080778,0.0018632629756919212,0.09123232298427159,7.055115159352621
1899,-2.066869189154427,-2.0668691396713257,-1.8938978932938486,-5.2997526132835535e-08,1.0,0.0010000091410716468,0.003714845566307458,0.2266561714405159,6.068024698293434,-1.5508196870485944,-1.550819722811381,-1.3295180572403802,2.8643343183729384e-08,0.001000003198472162,0.0018789950085596906,0.09033191204071045,7.291879039340548
1900,-2.085619089738378,-2.085618986273712,-1.9141685940184683,-8.59628308494136e-08,1.0,0.0010000087918256813,0.0032980268017195587,0.1987701085975991,5.768156690417595,-1.3652202532937128,-1.3652202854139937,-1.0288640061791132,3.4438239203559025e-08,0.001000004494562745,0.0017369734200959404,0.06813874348170228,7.757809681362575
1901,-2.0782193552772954,-2.07821927655418,-1.8805371995242137,-7.373263251106694e-08,1.0,0.0010000088225768985,0.0034655010402378328,0.22564595572228702,5.92869411324555,-1.6113596783743962,-1.6113597128126356,-1.3429016179508633,2.9471185472276477e-08,0.00100000380900585,0.0018255794912369716,0.09344097694589032,7.204962497287325
1902,-2.064954647478068,-2.0649545732534156,-1.8486058779482573,-7.000734221260503e-08,1.0,0.0010000093058103099,0.0041062502445266495,0.2528108685927571,6.635208836141622,-1.4379619075192347,-1.4379619075192345,-1.128970184094376,-3.311369154188368e-09,0.0010000052137507333,0.0017102587502449752,0.06441097603076035,7.77831292682224
1903,-2.088960982718558,-2.08896090174621,-1.906806693886811,-8.301071400912303e-08,1.0,0.0010000081811943706,0.003307100719297832,0.19154703497605505,5.736976277153447,-1.4678261081377664,-1.4678261743651495,-1.1624818147884475,6.548232502407498e-08,0.0010000033045394552,0.001745268803400298,0.06507090605381462,7.686986255645751
1904,-2.0855929784055025,-2.0855928839377635,-1.8799796655492962,-8.842292821632241e-08,1.0,0.001000007236692703,0.0036668080840927533,0.2058740074060998,6.138866977871589,-1.5691341069009568,-1.5691340764363606,-1.3030108213424683,-3.311369154188368e-08,0.0010000028932053181,0.002148485388089385,0.09567129322224194,7.944778739081488
1905,-2.0795522770791686,-2.0795522388422265,-1.9040569246939893,-4.147021275646282e-08,1.0,0.0010000111706519746,0.0036441400352830314,0.2203072691160553,5.898946321235512,-1.5016079783439633,-1.5016079942385356,-1.2082356131739087,1.051359706454807e-08,0.0010000031389709976,0.0017646288628586464,0.07958110065923797,7.6862208896213104
1906,-2.0923764570704044,-2.0923764255811585,-1.9129685905744445,-4.4211464108161204e-08,1.0,0.0010000120844024251,0.003416397149744883,0.2256486881172882,5.998214379796442,-1.4926284816530013,-1.4926284737057156,-1.2090285917123158,-1.6308493084377714e-08,0.0010000044816277094,0.0018675347324460744,0.07795332819223404,7.66823533376058
1907,-2.090458539296996,-2.090458465072344,-1.8875834761925463,-7.485724845022526e-08,1.0,0.0010000066084892682,0.0036135714386923696,0.22576452229382857,6.0695967584286095,-1.3907868080668981,-1.3907869074079726,-1.0501214899536637,9.669197930230035e-08,0.0010000024766971668,0.0017863178987883859,0.0770921143806643,7.745862568749322
1908,-2.0986980694644854,-2.0986980154829205,-1.91152700838053,-6.438426251681346e-08,1.0,0.001000008837952507,0.0032599542206504717,0.21966210735153477,5.724099231216143,-1.5050740202267965,-1.505074014928606,-1.2310732781887055,-1.233485009935167e-08,0.00100000302772969,0.001645534229464829,0.07750446289363834,7.301994005839029
1909,-2.05677677775329,-2.0567766990301743,-1.899828038125668,-6.101041469933852e-08,1.0,0.0010000140942141133,0.00360696124273159,0.20055629615232629,5.879599175363217,-1.3681621616085373,-1.3681621435615752,-1.065445716927449,-1.953707800971137e-08,0.0010000055914537774,0.001913933347289761,0.08599135966764557,8.022858577304415
1910,-2.041405630561541,-2.0414055743307435,-1.8542557280018646,-5.34192571100199e-08,1.0,0.0010000092904347013,0.004152503552108581,0.20894415335694574,6.2525532830436275,-1.6094072368409902,-1.6094073388311598,-1.3711005681090884,1.1026859283447266e-07,0.0010000033666276269,0.001777779719688826,0.0793726172298193,7.130789015028212
1911,-2.0187893746034153,-2.018789343114169,-1.8272090048160192,-4.639040749028044e-08,1.0,0.0010000123084470066,0.0038996216146943144,0.22773245806401632,6.577657695086497,-1.5872727990150455,-1.5872724930445352,-1.3478461106618245,-2.9471185472276477e-07,0.001000002293019659,0.001913098618388176,0.08868930650254091,7.313691202799479
1912,-2.0940008433359973,-2.09400076236365,-1.9348955941650103,-8.301071400912303e-08,1.0,0.0010000085062786656,0.0030949912583104,0.16778114367768449,5.604168918897521,-1.5682564271820918,-1.568256339761946,-1.3143542567888895,-9.412566820780436e-08,0.0010000030846438474,0.0016255736583843828,0.08356295749545098,6.931714057922363
1913,-2.1064209488202943,-2.1064208453556277,-1.9450854805280577,-9.193735302619215e-08,1.0,0.0010000076650132268,0.0032379569415495082,0.18353751101443228,5.53394822804433,-1.4468880852063497,-1.4468880653381349,-1.1436391403277715,-1.970264646742079e-08,0.0010000026810707318,0.001833100099530485,0.10017166638539897,7.574355877770318
1914,-2.0895198111264213,-2.089519739151001,-1.8938201890801483,-7.809051927530541e-08,1.0,0.001000006533807741,0.0034363570574776465,0.20365405806674147,6.123256575386479,-1.5651555829577974,-1.5651555723614163,-1.3042460024356841,-1.3162692387898763e-08,0.001000004080641601,0.0018407258851867584,0.11146789735390081,7.159618865119087
1915,-2.065582367609132,-2.0655822866367846,-1.8898822856399249,-8.708744678857192e-08,1.0,0.001000003829897153,0.003756115412919448,0.19801699169823583,6.107723762404244,-1.5487914403279623,-1.5487913621796503,-1.2911662055386437,-7.036659452650282e-08,0.0010000045980430312,0.0018089899922617608,0.08520766124129295,7.22754306793213
1916,-2.099582939777734,-2.099582885796169,-1.9479187929405357,-4.217309771843676e-08,1.0,0.0010000056925423021,0.0029190556730477597,0.17748763489554514,5.313061813138566,-1.612291317515903,-1.6122913188404506,-1.3670347213745118,3.0630164676242403e-09,0.0010000018247713646,0.0018934287699974245,0.09807234240902794,7.213990455203587
1917,-2.0894770307360955,-2.0894769430160522,-1.9348709268390007,-9.685754776000977e-08,1.0,0.0010000044910483204,0.003723670243074731,0.2016609027138296,5.642254384058826,-1.520904110537635,-1.5209039780828688,-1.231896828280555,-1.215272479587131e-07,0.00100000299151159,0.0018819382491831978,0.09110294704635938,7.430882983737522
1918,-2.078822817442552,-2.0788226959840306,-1.9223487444643705,-1.2715188962108685e-07,1.0,0.0010000068742676445,0.0033834511677752126,0.18166340012454762,5.701626143365536,-1.5082332372665406,-1.5082329154014587,-1.2187499377462598,-3.0895074208577475e-07,0.0010000029294234183,0.001760362357729011,0.0920627914989988,7.3750766754150385
1919,-2.0938051309225694,-2.0938050342055985,-1.9439437321896822,-1.1168842045766003e-07,1.0,0.0010000053081520885,0.003234066488660591,0.19103509525083145,5.555338927035062,-1.6658706929948595,-1.6658706002765231,-1.4599502748913236,-9.44568051232232e-08,0.0010000024404790667,0.0019015793817945652,0.10920763839450147,6.894711769951715
1920,-2.090384937682242,-2.090384825220648,-1.8988454364380747,-1.0894716910596163e-07,1.0,0.0010000053564754297,0.003421107102800512,0.19112515456552776,5.967742991897295,-1.4961104114850363,-1.4961104406250847,-1.1940178477101855,3.0464596218532984e-08,0.0010000018428804147,0.0018511272630550796,0.09521729693644576,7.489566707611084
1921,-2.0697934829963827,-2.0697933952763394,-1.8847330133869964,-8.547081137603183e-08,1.0,0.0010000039155612576,0.0038092117295336894,0.2504135060282248,5.957771665645096,-1.5041440539889868,-1.5041439453760783,-1.2261493497424656,-1.1788474188910591e-07,0.0010000020136228865,0.0017269685812708404,0.0722076156280107,7.2612775908576115
1922,-2.0959770926889383,-2.0959770364581414,-1.9294985397806708,-5.2716372148045954e-08,1.0,0.0010000055783234959,0.0033618561453449556,0.2136335054517917,5.69025097703034,-1.5412211961216398,-1.5412210755878024,-1.2885373446676467,-1.1821587880452474e-07,0.0010000024378920595,0.0018736484253572094,0.11603096773227056,7.4994052569071465
1923,-2.0878772353226283,-2.08787712960873,-1.9064745970492094,-9.699812475240455e-08,1.0,0.0010000079132194788,0.00407446909449854,0.26175741445413736,6.096945452240278,-1.5072863698005676,-1.5072862618499332,-1.2430525958538055,-1.0579824447631835e-07,0.0010000045385418666,0.0019761983460436267,0.10768484506342146,7.618977038065592
1924,-2.078336538008924,-2.078336436793489,-1.8886894774886798,-1.043081283569336e-07,1.0,0.0010000095957503567,0.004113077091597864,0.28601715748883644,6.294120077816945,-1.546982537375556,-1.5469824499554103,-1.2832109563880496,-9.255276785956489e-08,0.0010000023344117735,0.0018511142840401994,0.09993705000314447,7.240716775258382
1925,-2.057210683822632,-2.0572106006010524,-1.8962683925088846,-9.207793001858693e-08,1.0,0.0010000053389033056,0.004450306524786184,0.25795022356060315,6.19777112636926,-1.3532690180672537,-1.3532690392600166,-1.0548587083816527,1.7219119601779512e-08,0.00100000384522395,0.0018269754454700482,0.09898938958843549,8.006743992699517
1926,-2.0796646959376783,-2.0796646577007367,-1.873831886165547,-4.9553389819163196e-08,1.0,0.0010000111486868195,0.0031455567673305575,0.17961493155585145,6.040241682304527,-1.554011023044586,-1.5540109621153937,-1.2907014853424497,-6.150868203904894e-08,0.001000002329237759,0.0018207857799198892,0.11422486363185777,7.339579221937391
1927,-2.1105434939546406,-2.1105434152315246,-1.9499001750406229,-7.998830867263506e-08,1.0,0.0010000085304403361,0.0035270510641155096,0.23495813072571214,5.539445188810241,-1.515987883673774,-1.515987593597836,-1.227546222673522,-3.016657299465603e-07,0.0010000028000730608,0.0016633664490655065,0.07779581337753269,7.2188769552442755
1928,-2.0618302417251297,-2.0618300797804348,-1.8815408697668112,-1.407878578833814e-07,1.0,0.0010000063163527059,0.0036376506872123704,0.206335311474384,6.165260652326188,-1.5397015611330669,-1.5397016167640687,-1.3373128268453809,5.654162830776638e-08,0.0010000066366046667,0.002148055300737421,0.13659708512326083,7.573466279771592
1929,-2.0252820118418278,-2.025281935367944,-1.8293685890593618,-6.164301116511506e-08,1.0,0.0010000142677388383,0.004576924362413163,0.2747850322147023,6.661115259494421,-1.4692366765605078,-1.469236609670851,-1.1868940639826986,-6.796585188971625e-08,0.0010000051568365758,0.0019091641168213552,0.09639808767371708,7.711868042416041
1930,-2.0714777213222577,-2.0714776313529826,-1.8845563227275632,-7.984773168024027e-08,1.0,0.001000010065804675,0.0035677099653150675,0.20672345808092155,6.365376360011551,-1.337693867418501,-1.337693644894494,-0.9922454920907815,-2.268287870619032e-07,0.0010000043884954518,0.0018259516658468379,0.09127821115156015,8.269976011912028
1931,-2.080447199209681,-2.080447064255768,-1.8437928006334126,-1.459189181057912e-07,1.0,0.001000008864310693,0.003201742144740837,0.199249063882063,6.565559909028827,-1.4452187577883402,-1.4452187405692207,-1.1314538339773814,-2.4504131740993923e-08,0.0010000035425441133,0.0016294435675566394,0.06999242649310165,7.459780300988092
1932,-2.1102073777396724,-2.1102072315396003,-1.9385554790496826,-1.4156103134155273e-07,1.0,0.0010000088269699295,0.0029419671726536077,0.16971173116339827,5.411283295109587,-1.4209103385607402,-1.420910311407513,-1.0893299386733108,-1.8957588407728406e-08,0.0010000021766043371,0.0016153807312043176,0.07287533912393782,7.444526916080052
1933,-2.0537993975405424,-2.0537993525559046,-1.894670936296571,-4.82179083914127e-08,1.0,0.0010000092838451547,0.0038675702910624305,0.20481639633060628,6.037489463698189,-1.512828168604109,-1.5128281407886082,-1.2420077049069935,-2.8394990497165254e-08,0.0010000046523701814,0.0017596805623422067,0.09064916579259766,7.532944234212239
1934,-2.0348794370327354,-2.034879410041953,-1.873011089720816,-3.6760883511237376e-08,1.0,0.001000010777475699,0.004071778679301716,0.23554329960694853,6.178222818194695,-1.3771067950460645,-1.3771067486868964,-1.0541614260938432,-4.884269502427843e-08,0.0010000044169525305,0.0019627282680529687,0.09338933817214436,8.140681881374784
1935,-2.095061484372841,-2.095061475375913,-1.9153748075917083,-3.0013187876287495e-08,1.0,0.0010000092596834842,0.003746908502916823,0.23297386113905683,5.746763971616637,-1.5975157393349542,-1.5975156333711413,-1.3635065250926548,-1.0397699144151476e-07,0.0010000044583446449,0.0018277913202635115,0.0913498784104983,7.139472103118896
1936,-2.1037932656845957,-2.1037932251984217,-1.9205364011368662,-4.470348358154297e-08,1.0,0.0010000097604890197,0.0031499523441043667,0.1909139054423233,5.694330354906478,-1.5110818319850496,-1.5110818730460274,-1.2328619584441185,4.13921144273546e-08,0.0010000052965349622,0.001690041814516816,0.08800844471487734,7.398019970787896
1937,-2.091992477201066,-2.0919923669887037,-1.9260223091773268,-1.1899842406218906e-07,1.0,0.0010000110278784665,0.00335891973578705,0.21180923680230132,5.802415312461133,-1.5377745462788475,-1.5377743621667226,-1.2695834669801924,-1.7873115009731715e-07,0.0010000031596670547,0.0018536366056650876,0.10235473083125221,7.489132086435953
1938,-2.0554431451941437,-2.055442989997144,-1.8933260823195834,-1.5857084742132223e-07,1.0,0.0010000102766701635,0.0035099866119090396,0.2181441664766028,5.969503222771411,-1.523401633898417,-1.5234016921785143,-1.2825756417380438,6.241930855645074e-08,0.0010000088536697958,0.003239036540293859,0.14305588520235485,9.291973357730443
1939,-2.073331601214859,-2.073331594467163,-1.8978199981293589,-1.862645149230957e-08,1.0,0.001000015025536688,0.003484789345782461,0.18932769992300924,5.794072637018168,-1.5304875916904872,-1.530487502945794,-1.2632726543479496,-9.942385885450575e-08,0.001000003263147341,0.0019310333921263615,0.09108466423220105,7.521114201015897
1940,-2.092619371864031,-2.0926192683993645,-1.9076897873068757,-1.2546496571234936e-07,1.0,0.0010000108192094936,0.003207504263868169,0.1849898615816854,5.809724884213142,-1.5251268612013922,-1.5251268996132745,-1.2334055907196468,4.064705636766222e-08,0.0010000022645625802,0.0017524755249420801,0.0733402500136031,7.5655552970038515
1941,-2.0702073349142975,-2.070212226993633,-1.8811047954379387,4.896999530072482e-06,1.0,0.0010000077331052074,0.003809129885169414,0.2539223379824521,6.17213703101536,-1.5068274405267499,-1.506828369034661,-1.2094077143404218,9.347167279985215e-07,0.001000001969643765,0.0018898628160564435,0.0834876281519731,7.590788406795925
1942,-2.03930693977284,-2.0393479927530827,-1.8682361256401494,4.10363218694363e-05,1.0,0.0010000073904487883,0.0043485330984453265,0.2613868103274759,6.058675005750836,-1.4286532402038574,-1.4286535302797954,-1.112040202650759,2.918144067128499e-07,0.001000003299365441,0.0022376684497834908,0.12909030434158114,8.041814687516954
1943,-2.0717586886208013,-2.071759102479467,-1.8901864200268153,4.103442408003897e-07,1.0,0.0010000064195889347,0.003515726735130093,0.19854635703113843,5.884820740177946,-1.622424664762285,-1.6224247826470268,-1.3906451086203258,1.18712584177653e-07,0.0010000031596670547,0.0018887335356945793,0.08648369159135554,7.221924538082547
1944,-2.0900419815531315,-2.0900420985131896,-1.9480720803422749,1.2926054450700867e-07,1.0,0.0010000056859527557,0.0030513336741418207,0.16637310817978293,5.354644658430567,-1.4828515039549932,-1.4828515344195896,-1.1978917592101628,3.2948123084174264e-08,0.0010000031700150834,0.0020056304780559408,0.10243730453981294,7.818025811513265
1945,-2.112094795928811,-2.1120948319165214,-1.9473082164548479,1.651779660638773e-08,1.0,0.001000006819354757,0.003073986804218225,0.1708644467564124,5.525164046377506,-1.4104006820254857,-1.4104006343417697,-1.0870657331413693,-4.867712656656901e-08,0.001000004647196167,0.001680226308397121,0.07715134597900841,7.726774830288358
1946,-2.051690342291346,-2.0516903692821287,-1.8750176857102592,4.076732779448887e-09,1.0,0.001000009914245105,0.0033427306960495014,0.19987728889539558,6.132600217495325,-1.5550652656290267,-1.5550652570194667,-1.3185503330495623,-6.7055225372314455e-09,0.0010000046782402529,0.0019618679226065675,0.09323782113691172,7.3932901594373925
1947,-2.0755566673458747,-2.0755566695951067,-1.9160581894640654,9.348369994253483e-09,1.0,0.0010000119701836189,0.003203168515783717,0.1882566122232743,5.700042427710767,-1.5842045373386808,-1.584204567803277,-1.3116036925050947,2.9140048556857638e-08,0.0010000037313956354,0.0019392409775820043,0.08831568575567669,7.717693784501819
1948,-2.077179771549297,-2.077179780546224,-1.8942849253708463,-2.7412513516983894e-09,1.0,0.0010000079022369013,0.0035860573802635356,0.24208518955856562,5.98881802918776,-1.5951599491967094,-1.5951598207155864,-1.3667052898142074,-1.3609727223714192e-07,0.001000004341929323,0.001811904514518877,0.0834521155183514,7.25417570537991
1949,-2.072118298062738,-2.0721182688227238,-1.9278174503794256,-1.6236642621598153e-08,1.0,0.0010000114254477732,0.0038161741521314913,0.22805225922954533,5.900788167737565,-1.5307024863031176,-1.5307024836540222,-1.2543965988688999,-4.967053731282552e-10,0.0010000035399571061,0.001615723421693676,0.06765694529232051,7.143903403811984
1950,-2.1036518857164204,-2.1036518789687246,-1.9430891590298347,-5.552791199594173e-09,1.0,0.0010000076847818662,0.0031228077769244337,0.20028791573109492,5.489963302072489,-1.517484234439002,-1.5174841655625237,-1.2469958037137985,-5.811452865600586e-08,0.0010000023344117735,0.0018189410109900766,0.0956769836238689,7.434345637427436
1951,-2.1040336725846776,-2.1040336725846776,-1.9315294679605737,3.373847817474941e-09,1.0,0.0010000039704741452,0.0030849438648284325,0.17710544576622406,5.4412726726172105,-1.486679548687405,-1.4866795559724173,-1.196712800198131,4.304779900444878e-09,0.0010000037365696496,0.0016211434163981013,0.0786974725416965,7.173776170942518
1952,-2.0891846823242477,-2.089184639588842,-1.8855684500820231,-3.7744922458000905e-08,1.0,0.0010000102700806171,0.003481061186834748,0.19603658474560054,6.243038573355045,-1.4256305138270062,-1.4256305191251966,-1.1071459031767314,5.1326221889919704e-09,0.001000003534783092,0.001829284331243899,0.09527767902861038,7.745872105492485
1953,-2.123528435545148,-2.123528428797452,-1.9640846387395319,-8.22375405509517e-09,1.0,0.001000005852887934,0.0028925862180877405,0.1595374160217789,5.257806975886507,-1.5340568092134261,-1.5340568410025703,-1.26483563631773,3.6921766069200305e-08,0.001000002701766789,0.0018373785411111183,0.11123817827966478,7.2529826164245605
1954,-2.085556968203131,-2.0855569614554352,-1.9130357728814178,-1.2019332849754477e-08,1.0,0.0010000071751902688,0.0032373488889479974,0.18071382918026088,5.760797406142613,-1.371775414546331,-1.371775460243225,-1.0330217337442769,4.536575741238064e-08,0.0010000026784837246,0.0017301688695119488,0.08481295212275453,7.7237121476067445
1955,-2.112504428287722,-2.112504408044635,-1.9513114645796001,-1.8064143522730414e-08,1.0,0.0010000090795692126,0.0029247735763179524,0.18210313448084975,5.293011327959457,-1.5212108426623874,-1.5212109473016526,-1.2499893324242697,1.0314914915296767e-07,0.0010000039202471575,0.001719474833872583,0.08258716110140085,7.152016819847955
1956,-2.0830973926580176,-2.083097349922612,-1.907468190732992,-4.1891943733647185e-08,1.0,0.0010000093519371355,0.0035626602091141184,0.23602636105749966,5.825744089090599,-1.4538297348552285,-1.4538296977678935,-1.1823862188392216,-3.592835532294379e-08,0.0010000062045744723,0.0017991095212184722,0.08507811098049084,7.725946542951797
1957,-2.094284615426693,-2.0942845412020414,-1.9154086607807088,-6.38219545472343e-08,1.0,0.0010000087259302163,0.0036129600649594134,0.21575846357868528,5.825479561427854,-1.3799062556690638,-1.37990632587009,-1.0457228319512473,6.341271930270725e-08,0.0010000013668710987,0.0018442341229981847,0.0813474235849248,7.952933417426214
1958,-2.0656697187783584,-2.0656696805414163,-1.8801456352449812,-3.0153764868682286e-08,1.0,0.0010000080318313162,0.003948327496577546,0.2403733642455542,6.159191154084116,-1.4872507002618578,-1.4872508539093865,-1.1880504657824835,1.5348196029663087e-07,0.0010000033148874839,0.0017425103268275657,0.08589280558129152,7.394693448808457
1959,-2.091399181563899,-2.0913990870961605,-1.918294348806705,-9.088302558323122e-08,1.0,0.0010000105534311173,0.00338732059781422,0.22091037006873004,5.755791988012926,-1.4500700487030878,-1.4500699374410841,-1.1504306650824017,-1.0596381293402777e-07,0.0010000017807922429,0.0017366974355859889,0.09653100799769163,7.526374954647489
1960,-2.0873776876701498,-2.0873776066978023,-1.9257019803209126,-7.548984491600181e-08,1.0,0.0010000064788948534,0.0035283269233263607,0.21860806007851968,5.832247680088259,-1.5502955940034655,-1.5502954959869384,-1.2934035923745897,-1.0414255989922418e-07,0.001000002122277187,0.0018590570013556215,0.10004875361919403,7.395512538486057
1961,-2.041602260661575,-2.041602188686155,-1.8811131130974248,-8.610340784180839e-08,1.0,0.0010000110674157458,0.004110254588941077,0.22645120863925736,6.132770628299353,-1.6853240966796872,-1.6853240145577324,-1.4835709042019314,-8.294979731241862e-08,0.0010000079430432783,0.0028119742145968807,0.1356532283127308,7.838817543453641
1962,-2.0388271898593544,-2.0388270998900793,-1.8706616905500304,-8.975840964407291e-08,1.0,0.0010000077550703624,0.004042994922888026,0.25146449005828714,6.212463684801786,-1.518662922912174,-1.5186629156271616,-1.2506454818778567,-1.1755360497368706e-08,0.0010000024146089952,0.0021426923961068195,0.11064267204039627,8.008287217881945
1963,-2.077549066183702,-2.0775489964575136,-1.8766160731045705,-6.220531913469423e-08,1.0,0.0010000057782064069,0.00373322942803772,0.22522554950753473,6.107418199755111,-1.5286831471655102,-1.528683110078176,-1.2502703256077237,-3.9819214079115123e-08,0.0010000030639477902,0.0018371246056631207,0.08139772593147225,7.5791813320583765
1964,-2.065030572549352,-2.0650307907248444,-1.8557666900022975,2.185972231738972e-07,1.0,0.0010000087303232471,0.0036999529363798364,0.19578145852066436,6.309961872280769,-1.6348759028646678,-1.6348758697509767,-1.4157892651028103,-3.9736429850260414e-08,0.0010000031260359618,0.0018850808937309516,0.09664041789041625,7.106146780649821
1965,-2.087128900132089,-2.087128886636698,-1.904109259821334,-2.150827983640275e-08,1.0,0.0010000068127652103,0.0037052631136557123,0.2250385178288199,6.091396885098152,-1.3004154364267986,-1.300415388080809,-0.9484823132554691,-4.776650004916721e-08,0.0010000035192610488,0.0017467778952171406,0.09507756266329023,8.202151732974581
1966,-2.1130973595493243,-2.1130972538354262,-1.9544442532197484,-9.657639377522018e-08,1.0,0.0010000075727595755,0.0028852753270909473,0.18043720722198486,5.474892418339567,-1.48832020494673,-1.4883201228247749,-1.1840100492040315,-7.549921671549479e-08,0.0010000027198758391,0.0019934714435496264,0.10087496431337463,7.818445258670383
1967,-2.1191789901481486,-2.1191788619419314,-1.9355783777416877,-1.247620807503754e-07,1.0,0.0010000054597116585,0.0033185131790749024,0.22520212460098402,5.638086750822247,-1.542940851052602,-1.542940808667077,-1.2744411839379204,-4.9091047710842554e-08,0.0010000033562795984,0.0017477933964174656,0.0896266520437267,7.358830642700196
1968,-2.101083481086875,-2.1010833776222086,-1.9584424923051078,-9.481918137028533e-08,1.0,0.001000006239474663,0.003866370042504848,0.21804126316927513,5.407870333149748,-1.418482171164619,-1.4184821705023447,-1.0999650565286478,7.450580596923829e-10,0.0010000027897250322,0.0017838116088468167,0.09758045449852944,7.703637843661839
1969,-2.109683745312241,-2.109683594613705,-1.9437555614507422,-1.5955488636808575e-07,1.0,0.0010000065975066907,0.0031696128733631856,0.21595694240674657,5.548388346186224,-1.5744722485542297,-1.5744719518555534,-1.3178220921092563,-2.986854977077908e-07,0.0010000035606531634,0.0020574247749108408,0.0943543481743998,7.734793069627549
1970,-2.1108818324107044,-2.1108816479736903,-1.933917227781044,-1.7747845289842137e-07,1.0,0.0010000096594493062,0.0031697701943932837,0.22112605063561,5.477308444257052,-1.5189334061410693,-1.5189332233534918,-1.2508133437898423,-1.8311871422661676e-07,0.0010000048645047678,0.0017906473328669866,0.08870887690120273,7.424438455369739
1971,-2.0739116601224215,-2.073911480183871,-1.8873304983354964,-1.8218778214364683e-07,1.0,0.001000011159669397,0.0032978979760851217,0.19576952747016582,5.9355382334511235,-1.5204786711268954,-1.5204780975977579,-1.2552208566003376,-5.688932206895616e-07,0.0010000026086345315,0.0017543540362061727,0.08727708645164967,7.339402972327339
1972,-2.0528099424434156,-2.0528097894956483,-1.8755387517641176,-1.4767613051072606e-07,1.0,0.0010000120997780337,0.004109295689114282,0.22950850040563997,6.138958103251907,-1.4886971804830762,-1.4886970930629306,-1.2058140582508512,-8.427434497409397e-08,0.0010000050119641755,0.0017017417044068377,0.07908335125280751,7.286502159966363
1973,-2.0818437877691016,-2.08184363032287,-1.9183644528658885,-1.5449411464187333e-07,1.0,0.001000004368043452,0.003368162117318584,0.2197110996282888,5.692528526738005,-1.6240899840990701,-1.6240896940231324,-1.3944993098576863,-2.851088841756185e-07,0.0010000026965927746,0.0017823884108414253,0.07874473221600056,6.9587968190511065
1974,-2.0764433437923215,-2.0764431211183654,-1.9013561640145644,-2.1803491520431807e-07,1.0,0.0010000075002745638,0.003544408516114894,0.2207769455634198,5.737522206216489,-1.5819079081217449,-1.5819074617491828,-1.344484210676617,-4.508429103427463e-07,0.0010000029139013754,0.0018491100494025482,0.08664788603782654,7.1978297975328225
1975,-2.1028160441596553,-2.1028158394795544,-1.9196624710874737,-1.9308249905424298e-07,1.0,0.0010000068918397686,0.003751931589026496,0.20262383876965856,5.5544144522469,-1.5429411649703977,-1.5429408378071254,-1.2736095084084404,-3.203749656677246e-07,0.0010000033588666054,0.0017876478015548653,0.07980739838547177,7.344848781161839
1976,-2.1235811710357666,-2.123580905626405,-1.9351189721305415,-2.6020801292275485e-07,1.0,0.001000006590917144,0.003280460344680216,0.17348886783814654,5.630145680229619,-1.388917118973202,-1.3889166355133056,-1.0566303508149253,-4.902482032775879e-07,0.0010000022438665232,0.0017743185369504823,0.07571693017250962,7.645031642913818
1977,-2.1242774027698443,-2.124277117117396,-1.9471861191515654,-2.788344644150644e-07,1.0,0.0010000061098802482,0.002796893798798885,0.17064449278954066,5.412465626338743,-1.4824319733513727,-1.482431333594852,-1.2060866185360484,-6.331337822808159e-07,0.0010000019101426005,0.0016828145702472992,0.07652819299449523,7.525557263692219
1978,-2.065130780327995,-2.0651305284140244,-1.8674199738592472,-2.608406093885314e-07,1.0,0.0010000046557869832,0.003700072365320938,0.22290644341341728,5.988707398468593,-1.4480260186725191,-1.4480254650115967,-1.1463531507386102,-5.46872615814209e-07,0.0010000033588666054,0.0020485345843351548,0.09312069031099478,8.253870232899983
1979,-2.088703362446911,-2.088703061049839,-1.9252205232404314,-2.9577399199863647e-07,1.0,0.0010000057210970037,0.0036715503742496642,0.20734937805330977,5.665490469842587,-1.505241452323066,-1.5052409847577413,-1.2096850362088944,-4.601147439744737e-07,0.0010000041556648082,0.0019224123201436467,0.0988292490442594,7.774957169426812
1980,-2.13318225572694,-2.1331819340867817,-1.9562221608071957,-3.241002559661865e-07,1.0,0.001000007557383967,0.003015026915818453,0.2096760076171947,5.4769097004296645,-1.4406977891921997,-1.4406972487767538,-1.1250749806563058,-5.419055620829264e-07,0.0010000015971147352,0.0017183233311192858,0.07559904342310296,7.62965809504191
1981,-2.0525493599333853,-2.052549051788618,-1.8146810064900596,-3.1496275146052523e-07,1.0,0.001000006008840535,0.004727882572520032,0.23678593920930377,6.988433172117989,-1.6318052172660829,-1.6318047788408068,-1.4135110643174913,-4.390047656165229e-07,0.0010000038478109572,0.0033054681650052467,0.17755733107527097,8.310730065239802
1982,-2.086989238577069,-2.086988961921548,-1.915785308154124,-2.933841831279251e-07,1.0,0.001000008673213844,0.0031471987659076476,0.18350571991418893,5.610682766392546,-1.5354344765345254,-1.5354340977138943,-1.2741105132632786,-3.806418842739529e-07,0.0010000028466391894,0.0026511638942692014,0.13149868398904802,8.351773420969646
1983,-2.088633897169581,-2.088633604769437,-1.9247141941538397,-3.0069418673245413e-07,1.0,0.001000006325138768,0.00322198413997748,0.18853353120316313,5.637601690472297,-1.5769361999299791,-1.5769357124964396,-1.3257281257046594,-4.816386434766981e-07,0.001000002988924583,0.00219815531745553,0.11224209997389052,7.581300120883518
1984,-2.0616070796858588,-2.0616067782887875,-1.8715219992511678,-3.099019797343128e-07,1.0,0.0010000105402520243,0.003380430754678289,0.20827220331104296,6.104314705110946,-1.579721148808797,-1.579720707734426,-1.3594154914220173,-4.364384545220269e-07,0.0010000037727877498,0.0022723922557714915,0.11582966020537747,7.775057495964897
1985,-2.0942303662030204,-2.0942300783013397,-1.9256256796279043,-2.9240014418116154e-07,1.0,0.0010000056705771472,0.0032894387204235173,0.1823255867468861,5.626589680617711,-1.5465229590733849,-1.5465226425064935,-1.28672693239318,-3.097785843743218e-07,0.0010000036718944708,0.0020958266790128415,0.09821640331712034,7.772118568420409
1986,-2.1046424204448484,-2.104642130293936,-1.9070957044385515,-2.895183158370684e-07,1.0,0.0010000061362384345,0.002884086267583353,0.17655366971948236,5.769012963996743,-1.5576763245794507,-1.5576758755577935,-1.3076587902175056,-4.4372346666124133e-07,0.001000005172358619,0.0021246477314788435,0.10294509840508302,7.8013343811035165
1987,-2.070271480758235,-2.0702711748627,-1.913096880013088,-2.918378362115824e-07,1.0,0.0010000094815315504,0.0036200499469590075,0.1986141440651889,5.887912232920809,-1.549274819427066,-1.549274480342865,-1.2921837442451054,-3.227757083045112e-07,0.001000003571001192,0.0018906730382392803,0.09656998900075754,7.542787742614746
1988,-2.080910282314948,-2.080909971920949,-1.8776017416198298,-3.165090983768679e-07,1.0,0.0010000060351987212,0.0032349827914621753,0.1941938316625244,5.930595856792522,-1.5449684672885473,-1.544968100388845,-1.2845122416814168,-3.608564535776774e-07,0.0010000030406647259,0.0017171666543516848,0.07889084849092695,7.122083822886149
1989,-2.0864486739320576,-2.0864483995257683,-1.9075911494920839,-2.9099437425721365e-07,1.0,0.001000007592528215,0.0035785234726543698,0.21268160140387854,5.688530593548181,-1.4839062598016528,-1.4839059750239054,-1.202207861137059,-2.832876311408149e-07,0.0010000022619755732,0.0017724476082043516,0.0769421081783043,7.585786363813611
1990,-2.0857332450038983,-2.0857329233637394,-1.91630941292025,-3.1517361694911743e-07,1.0,0.00100000622629557,0.003484743559416735,0.19021820111797666,5.826692986038496,-1.486847719218996,-1.4868472927146488,-1.1894118229548136,-4.293190108405219e-07,0.0010000019515347149,0.001966930092829797,0.0885637150456508,7.720225259992812
1991,-2.0779374522982903,-2.0779371396550594,-1.906824161421578,-3.0940996026093107e-07,1.0,0.0010000068940362841,0.0034659940701083475,0.197089802262918,5.784276341492275,-1.3486247930261825,-1.3486244350671768,-1.019537046386136,-3.7269459830390085e-07,0.0010000027069408033,0.001799048555807935,0.07322473484608862,8.126861763000488
1992,-2.0782708469426856,-2.0782705342994547,-1.897513765209126,-3.075121708636014e-07,1.0,0.001000010790654792,0.004016419791370489,0.23264824159724531,5.799148896955094,-1.4761032223701478,-1.4761028130849203,-1.1679152323140038,-4.154940446217855e-07,0.0010000036201543278,0.001967792311269376,0.08528308810459242,7.967719501919215
1993,-2.0657327040186466,-2.0657323936246477,-1.89525431956885,-3.0041303274766456e-07,1.0,0.0010000102173642448,0.003264971683680449,0.17694308854780108,5.923783707168867,-1.453225858343972,-1.4532255040274726,-1.1736353794733683,-3.519157568613688e-07,0.0010000040858156151,0.001980547614706059,0.08914611157443789,7.9831167644924586
1994,-2.1135838279184305,-2.1135834950321124,-1.9380000087450135,-3.153141939415122e-07,1.0,0.001000007965935851,0.0029084833079667865,0.1620201334568127,5.426333958247922,-1.483902090125614,-1.4839017854796515,-1.1885502187742127,-3.009206718868679e-07,0.0010000026448526316,0.0018958767746678658,0.09647655884424845,7.940370559692382
1995,-2.1066654493223944,-2.106665127682236,-1.946699877954879,-3.2093727363730375e-07,1.0,0.0010000076210829167,0.0028999496145911937,0.16560228309541378,5.472341834374194,-1.455201718542311,-1.4552014496591357,-1.17178728779157,-2.6946266492207843e-07,0.001000002875096268,0.0018660380298064815,0.09969743312233025,7.608629724714491
1996,-2.0838332581070236,-2.0838329364668646,-1.8947536742912148,-3.2374881348519954e-07,1.0,0.001000006880857191,0.0035367844085964673,0.2036001504451599,6.031554177122296,-1.5500683420234258,-1.5500681261221567,-1.2895836174488067,-2.106030782063802e-07,0.0010000029035533468,0.0019336878166844448,0.09271174520254136,7.551956250932481
1997,-2.109459895008015,-2.109459564370929,-1.949928344420667,-3.3935285964102117e-07,1.0,0.0010000053850301313,0.003404441926593207,0.1987553614912168,5.646289888417946,-1.4963765753640066,-1.4963763184017604,-1.2196979913446637,-2.455380227830675e-07,0.001000001542787585,0.0016902115739261111,0.07941996589716938,7.295240550571018
1998,-2.1029233032802366,-2.102922938904672,-1.9573075254008454,-3.638835448139119e-07,1.0,0.0010000047787918516,0.003326516440313942,0.2117082170685226,5.399253588802409,-1.5051532692379423,-1.5051530149247911,-1.2594545324643454,-2.499255869123671e-07,0.0010000041789478727,0.0017467034954784645,0.08051350491328371,7.314556662241618
1999,-2.101452307881049,-2.1014519772439635,-1.932054803056537,-3.4455420835962834e-07,1.0,0.0010000077155330833,0.003323270394554678,0.20609821512732865,5.565513399412048,-1.4322620739539464,-1.4322618573904038,-1.1409961071279313,-2.2086832258436416e-07,0.0010000021119291583,0.0016928635046093,0.08144057028823429,7.556523874070909
2000,-2.0764448102915063,-2.076444481903652,-1.8811600860559716,-3.3661160828932274e-07,1.0,0.001000008130674514,0.0033990910610640947,0.1827472722474134,6.305079784033434,-1.413972908258438,-1.4139726559321086,-1.138410328514874,-2.5795565711127386e-07,0.0010000028466391894,0.0017847465997975734,0.07032774082488484,7.932126744588217
2001,-2.050876691656293,-2.0508763767638296,-1.8983794090882786,-3.1974236920194805e-07,1.0,0.001000006386641202,0.0037054941717113528,0.20371120261414996,5.667252841985451,-1.404104130797916,-1.404103610250685,-1.1034409125645956,-5.266732639736599e-07,0.0010000037236346138,0.0019547083027039963,0.10368310825692283,8.171189827389187
2002,-2.0467179833718068,-2.0467176887224303,-1.84876028321824,-3.0955053725332585e-07,1.0,0.0010000081987664947,0.003880448878813043,0.20052475201071435,6.419031228659288,-1.4299545718563929,-1.4299544685416752,-1.1430607057280011,-1.1573235193888346e-07,0.0010000024146089952,0.002197212014450795,0.1100795690384176,8.186865986718072
2003,-2.0982942738622987,-2.0982939094867348,-1.933269165596872,-3.552380597816323e-07,1.0,0.0010000061801687446,0.003240061877734678,0.20047491367133158,5.569292212432286,-1.3512464351124234,-1.3512463053067525,-1.0257989577121205,-1.4230608940124513e-07,0.001000003555479149,0.0017428840691637662,0.07909290167606539,7.894698980119494
2004,-2.091426766143655,-2.0914264602481194,-1.9097210506223283,-3.0301370710696815e-07,1.0,0.0010000067688349002,0.003414996326373855,0.21333525234938794,5.784443760817906,-1.426289757092794,-1.4262895279460484,-1.146412984530131,-2.2997458775838216e-07,0.0010000036382633779,0.0020351932202983232,0.10024671380718549,7.873811234368219
2005,-2.094109303546402,-2.09410896616162,-1.9038364234960303,-3.4406218888624657e-07,1.0,0.0010000054465325655,0.003328237588130781,0.192801306481069,5.876099644966845,-1.4720560656653512,-1.472055849764082,-1.2020865791373783,-2.1838479571872287e-07,0.0010000064787972305,0.0021274315115685266,0.10852110431426101,7.927928437127006
2006,-2.076863061706975,-2.07686274456528,-1.907566360707553,-3.2009381168293504e-07,1.0,0.0010000077594633935,0.0038355249024154443,0.20186057546228733,5.79194719836397,-1.4591004265679255,-1.4591002941131592,-1.1708611018127866,-1.4189216825697157e-07,0.0010000049938551255,0.001864593685604632,0.08841379719475904,7.607788689931234
2007,-2.0700932673688204,-2.0700929569748214,-1.8706901500809867,-3.1053457620008934e-07,1.0,0.0010000071510285983,0.004019296877437605,0.2764165818269523,6.268448078407432,-1.5236756801605227,-1.5236755106184217,-1.277751084168752,-1.6027026706271703e-07,0.001000002277497616,0.0017568019839624563,0.0758908415834109,7.1296697616577145
2008,-2.081943689652209,-2.0819433657628186,-1.9173665406568996,-3.342920879148087e-07,1.0,0.0010000073772696953,0.0035014970509229964,0.20028056127001653,5.5970438741288095,-1.4652768923176656,-1.465276774432924,-1.1741290079222786,-1.2641151746114094e-07,0.0010000037495046855,0.0018373471788234181,0.09801098898881011,7.747813415527344
2009,-2.074765810426676,-2.0747654527988075,-1.9325449646643873,-3.5896335008009423e-07,1.0,0.001000009496907159,0.003513732845982853,0.21120694167209123,5.584611492336921,-1.453364669945505,-1.4533646692832312,-1.1558509772436487,-2.500083711412218e-08,0.0010000024171960022,0.002062503209648033,0.12200660701427195,7.960241794586182
2010,-2.1166551630451993,-2.116654857149664,-1.9105778122847934,-3.134866930403799e-07,1.0,0.0010000069006258305,0.0030586920603934043,0.16867375785028035,5.802205288185264,-1.475032477908664,-1.475032427575853,-1.1943042506774266,-5.4389238357543944e-08,0.0010000031958851548,0.0018911415219513906,0.08793259902546803,7.612991121080187
2011,-2.08568873720349,-2.0856883773263895,-1.8995904180238832,-3.4321872693187786e-07,1.0,0.0010000069731108422,0.0035487762586442085,0.2143379523295839,6.224608731719683,-1.5901790036095511,-1.5901788539356656,-1.3457491828335657,-1.4661086930169e-07,0.0010000022154094445,0.0019068136293854978,0.09074950619704193,7.3391086790296765
2012,-2.072895623602957,-2.072895308710494,-1.9012948836920396,-3.241002559661865e-07,1.0,0.0010000072520683116,0.003664754981280498,0.21626029771594507,5.855983347262976,-1.594586580329471,-1.5945865790049234,-1.3529519200325013,-1.5894571940104166e-08,0.0010000048101776176,0.001941138252408968,0.09296025406155321,7.486980862087675
2013,-2.08453018260452,-2.084529827225883,-1.8673908687987417,-3.580495996295281e-07,1.0,0.001000009007084201,0.003531526091051692,0.20867287610077634,6.397548765506384,-1.560601105954912,-1.5606008516417609,-1.3072304480605654,-2.5406479835510255e-07,0.001000003110513919,0.0023082452282930416,0.11233018425603708,7.718627961476643
2014,-2.1227114448007547,-2.1227111501513787,-1.9484978329460576,-2.954928380138469e-07,1.0,0.0010000050687318984,0.0028058818787476928,0.17339569920638823,5.311945159480257,-1.4712282049987053,-1.471228098952108,-1.187378751900461,-8.948975139194065e-08,0.0010000029811635613,0.0021059981805996763,0.11274418267938825,7.890891308254665
2015,-2.0972504368368186,-2.0972501579320655,-1.9300272757152341,-2.84106101629869e-07,1.0,0.0010000040759068896,0.0031005274548353452,0.1801790732820079,5.502924460285115,-1.497423191865285,-1.4974230382177565,-1.2145962874094645,-1.413126786549886e-07,0.0010000023990869521,0.0018265775689441297,0.08118225696186225,7.457967641618517
2016,-2.089318531864094,-2.0893181967285446,-1.9137765214128315,-3.298639126543729e-07,1.0,0.001000005582716527,0.003947176263263484,0.22414524849715098,5.9787103185113875,-1.4856314222017921,-1.4856312990188598,-1.208592194153203,-1.2011991606818306e-07,0.0010000026500266458,0.0017145431108979716,0.07277022387004561,7.41997430589464
2017,-2.0941050390027605,-2.0941047421041525,-1.9234368103855062,-3.085664983065623e-07,1.0,0.0010000069906829663,0.003101915094720305,0.1996679036825333,5.496693206283282,-1.4709225780434076,-1.470922467443678,-1.174047358168496,-8.957253562079536e-08,0.0010000033019524482,0.0019644939858052468,0.08896186413864295,8.004946560329861
2018,-2.08542245513988,-2.0854221514935762,-1.9053571988951485,-3.1074544168868155e-07,1.0,0.0010000072608543735,0.003287163453246906,0.20822299046898787,5.9640405807854995,-1.5594085507922701,-1.5594084991349115,-1.2794319483968946,-5.7535039054022896e-08,0.0010000033614536127,0.001802027279821535,0.08557907889286677,7.381840536329481
2019,-2.0229466051425575,-2.0229463082439496,-1.8081986724205736,-2.955631265100443e-07,1.0,0.001000010408461094,0.00436924243969667,0.27211303344734433,6.7238085899712905,-1.6647210280100504,-1.6647208240297107,-1.4502335323227777,-2.0199351840549045e-07,0.0010000073454446263,0.0018973641175155838,0.08625086405211024,7.005603228674994
2020,-2.0641637455742314,-2.064163419435609,-1.8852485778196804,-3.1215121161262944e-07,1.0,0.0010000117988554092,0.0037262219417277934,0.22860680822775048,6.08673339969707,-1.457599835925632,-1.4575996385680305,-1.145126259326935,-2.006689707438151e-07,0.0010000037495046855,0.0017774560643980901,0.07058287925190396,7.780445660485161
2021,-2.049686996441967,-2.0496984855184017,-1.8660866134571579,1.1491255377823452e-05,1.0,0.00100000583531581,0.0037778636598783844,0.24534047528539063,6.2235596539839255,-1.6205571757422557,-1.620594843228658,-1.40034990840488,3.7673778004116483e-05,0.0010000033769756555,0.002286054512175421,0.0944794226437807,7.7813061290317105
2022,-2.0862015935609923,-2.0862042184145944,-1.9021745830212,2.62091744620845e-06,1.0,0.0010000078714856842,0.0033746056504688174,0.20505974729949572,6.0180438869404345,-1.5952038182152644,-1.5952038764953613,-1.3533932705720266,6.051527129279242e-08,0.0010000029449454611,0.0020172705615146293,0.08956230551832252,7.450975555843777
2023,-2.1040026939140177,-2.104002705160177,-1.9463540787966747,1.3706256758491947e-08,1.0,0.0010000064788948534,0.003215427205124694,0.18197918265073929,5.428757564076838,-1.5817619019084508,-1.5817618860138787,-1.338292944431305,-1.564621925354004e-08,0.0010000031726020906,0.0018234138946152396,0.08129752642578549,7.179216819339329
2024,-2.0754282272086955,-2.0754282384548546,-1.9089706821261712,-4.8499062376202275e-09,1.0,0.0010000092838451547,0.003959068659482137,0.23906565120197693,6.144675286311023,-1.4301518374019195,-1.4301518983311123,-1.1308077779081134,6.059805552164713e-08,0.0010000030561867687,0.001944937600961162,0.08556729869710075,8.01376733779907
2025,-2.0257233426256,-2.0257235787949472,-1.8248085480815959,2.405272339874843e-07,1.0,0.0010000095013001898,0.004164213837423133,0.24604251833175714,6.657235496449021,-1.3111326177914935,-1.3111326224274105,-1.0268641846254467,1.655684577094184e-09,0.0010000033433445626,0.002146220579743385,0.11042670508225759,8.415108119116887
2026,-2.0108084656157583,-2.0108084566188307,-1.8514989704455969,4.639040749028044e-09,1.0,0.001000012187638654,0.004282414660578207,0.24324424845992393,6.300551558440587,-1.5706924809349907,-1.5706924796104431,-1.338024765253067,-5.6293275621202255e-09,0.0010000033485185768,0.0020966136802194847,0.10166783928871155,7.530033387078179
2027,-2.0611158789328807,-2.061115856440562,-1.8744910775490526,-3.725290298461914e-09,1.0,0.0010000086314800494,0.0038061734170319055,0.24008430765484864,6.096075665276006,-1.5352084543969897,-1.5352083855205112,-1.25584549970097,-6.771749920315212e-08,0.001000002308541702,0.0017789378218973676,0.08489212557259533,7.3569872326321075
2028,-2.112102119427807,-2.11210206319701,-1.9397461886675853,-5.21540641784668e-08,1.0,0.0010000075793491219,0.0030494246078338824,0.20001851173363766,5.505556799330801,-1.5031033648384942,-1.5031030999289618,-1.2098093698422114,-2.565483252207438e-07,0.0010000038348759214,0.0018112883566775255,0.07388303718633121,7.5870416005452475
2029,-2.112021992791374,-2.1120219433082723,-1.9373456891977563,-5.644166244650787e-08,1.0,0.0010000066919568574,0.003089670474061145,0.17844394053209503,5.460074141340436,-1.4529024190372892,-1.452902200486925,-1.1631672220097649,-2.1912985377841526e-07,0.0010000020239709151,0.0017310779593471023,0.07206749328308636,7.441068193647596
2030,-2.0730136497965397,-2.0730135395841778,-1.8875479653196514,-1.1871727007739949e-07,1.0,0.0010000085546020066,0.003788805105459859,0.21094393526326935,6.109143032217926,-1.5488543192545572,-1.5488540212313333,-1.286491056283315,-3.0249357223510743e-07,0.0010000071591801114,0.0017083484317279524,0.07616916930096017,7.151525677575006
2031,-2.0963220034005507,-2.096321886440493,-1.940847230407427,-1.1499197977893758e-07,1.0,0.0010000102854562255,0.003302441466213116,0.20700472705769088,5.620269303051931,-1.4760724610752531,-1.4760722835858664,-1.1977289852168824,-1.764131916893853e-07,0.0010000043264072802,0.0018333679401419229,0.08890404469437069,7.661756176418729
2032,-2.0741848023432605,-2.074184667389348,-1.8918491219574551,-1.2398890729220407e-07,1.0,0.0010000082514828668,0.003832645643994493,0.21754554325257833,6.041546430227892,-1.533414077758789,-1.5334134485986497,-1.2638122280438742,-6.317264503902859e-07,0.0010000026422656244,0.0016295064188953903,0.06888412017789151,7.076925818125407
2033,-2.124676918083767,-2.124676726899057,-1.9633689331558515,-1.956831734135466e-07,1.0,0.0010000066326509387,0.002708806601388134,0.16946347720288443,5.295188170559001,-1.540289192729526,-1.5402887675497268,-1.2885498060120477,-4.2559372054206e-07,0.0010000024741101596,0.0017395135791351398,0.0731270194467571,7.300219758351645
2034,-2.0995869096719995,-2.099586693745739,-1.9296199780590129,-2.06085870850761e-07,1.0,0.0010000080691720799,0.003328712375940017,0.22073536464628182,5.736453938034345,-1.476269077592426,-1.4762687232759264,-1.1903968304395676,-3.6102202203538683e-07,0.0010000036175673206,0.0019949033649431336,0.10234463591542509,7.915085453457302
2035,-2.043115982469523,-2.0431157710417263,-1.8761926214649993,-2.2443116835828097e-07,1.0,0.001000010021874365,0.003995241425966598,0.22841484665448936,6.121126080459019,-1.5356022675832113,-1.5356017139222886,-1.268228412999047,-5.528330802917481e-07,0.0010000045411288738,0.0019107342490719424,0.07858583169678847,7.549467701382109
2036,-2.1243815826919845,-2.1243813375257097,-1.9388427599421088,-2.4298733135439317e-07,1.0,0.0010000055343931857,0.0028817139715307727,0.16667842098845626,5.44413405544353,-1.565606224536896,-1.5656058722072177,-1.3154766506618925,-3.6027696397569444e-07,0.0010000033795626627,0.0018040235413031445,0.0755478442957004,7.321928882598877
2037,-2.1112155644398816,-2.1112152787874328,-1.918738549610354,-2.893777388446736e-07,1.0,0.001000007258657858,0.0030687505045448836,0.18308460863553128,5.8777122992389605,-1.3468256692091625,-1.346825326813592,-1.0499425498147805,-3.3891863293117946e-07,0.0010000030924048689,0.0016460508211619323,0.06691711673306094,7.703884135352241
2038,-2.0776575983695262,-2.077657312717078,-1.8798601199995797,-2.852307175690273e-07,1.0,0.0010000067864070243,0.0038057525339097067,0.23750115265050586,6.326948021942714,-1.557352085908254,-1.5573515547646417,-1.3014796853065491,-5.324681599934896e-07,0.0010000045669989453,0.0018438293003580637,0.07517606657412317,7.360085731082493
2039,-2.0417518143383964,-2.0417515309351795,-1.8799470865501549,-2.758120590785764e-07,1.0,0.0010000102195607604,0.004005941274611033,0.23000545198765565,6.169883957448995,-1.4774238639407689,-1.477423455980089,-1.1950486931535933,-4.0986471705966527e-07,0.0010000066624747382,0.002119731540895171,0.09341209319730599,8.190362400478788
2040,-2.060522016489281,-2.0605217353352963,-1.8908337107244528,-2.812945617819732e-07,1.0,0.0010000098439566089,0.0037024311945369503,0.2237618330092925,5.925924724003054,-1.4595558729436664,-1.459555439154307,-1.1756029818310505,-4.3610731760660806e-07,0.0010000036796554922,0.0017779942601919175,0.07515716743138101,7.6428454928927945
2041,-2.104090243015649,-2.10408996860936,-1.9347781077870783,-2.8045109982760446e-07,1.0,0.0010000085216542742,0.0030889733791140453,0.18023037320038057,5.457805786492689,-1.569951605796814,-1.5699512839317322,-1.312129616075092,-3.102752897474501e-07,0.0010000062045744723,0.001868292306446367,0.08438077887727155,7.3575215339660645
2042,-2.130782469263617,-2.1307821498726898,-1.9680276366899598,-3.134866930403799e-07,1.0,0.0010000085589950377,0.0029200843407965775,0.1752776713725531,5.373774510509563,-1.5855034814940556,-1.585502925184038,-1.3431956913736132,-5.518396695454915e-07,0.001000002393912938,0.001797803887166083,0.08796957780917486,6.985120974646675
2043,-2.087504211461769,-2.0875038988185377,-1.9512094641631503,-3.1693082935405226e-07,1.0,0.001000010421640187,0.0034787661026952402,0.1983066709044407,5.539135217666626,-1.4966625610987345,-1.4966621544626024,-1.2115131391419305,-4.0895409054226343e-07,0.0010000029734025398,0.001765074534341693,0.08225676055169767,7.543479188283285
2044,-2.1047907123025857,-2.1047904356470646,-1.935294970026556,-2.8628504501198825e-07,1.0,0.0010000088884723635,0.0030811499180447943,0.1781335723814818,5.580302413904442,-1.5265928837988114,-1.526592535442776,-1.2482878810829587,-3.4049153327941897e-07,0.0010000035477181275,0.0016157147112405962,0.07007360617733664,7.146699767642551
2045,-2.133961297431082,-2.1339609622955322,-1.9814650809989784,-3.2627919934830576e-07,1.0,0.001000006672188218,0.0026554855307177553,0.16013554026776888,5.131601378602801,-1.5223877602153353,-1.5223874476220873,-1.2469716866811116,-3.195471233791775e-07,0.0010000039719873005,0.0016170184516037503,0.059927689656615254,7.147938611772326
2046,-2.082916052836292,-2.0829157446915247,-1.8977387648708415,-3.312696825783208e-07,1.0,0.0010000079857044905,0.0034428878845471256,0.22319660265490693,5.95598292350769,-1.5201352106200325,-1.5201348370975918,-1.23562141723103,-3.6872095531887477e-07,0.0010000035865232349,0.0018785602387247813,0.0854325761190719,7.558592552608914
2047,-2.1119158110528624,-2.1119154714188486,-1.9416912884082433,-3.413912260307456e-07,1.0,0.0010000051434134257,0.002968009365810398,0.1844374425357805,5.435179615920445,-1.5132913562986585,-1.5132910887400308,-1.2320739375220404,-2.6341941621568467e-07,0.0010000026034605173,0.0017531775584858325,0.07181847612890932,7.353144444359674
2048,-2.0921915747084707,-2.0921912418221527,-1.9430207036576181,-3.2522487190534485e-07,1.0,0.0010000087786465883,0.003610498722168213,0.22643800568327588,5.711215927915753,-1.5038699918323093,-1.5038696275817023,-1.2172488907972971,-3.6201543278164334e-07,0.0010000025672424172,0.0017341562055258287,0.08425205585857233,7.356734180450441
2049,-2.098756922865814,-2.098756625967206,-1.9382256224470318,-2.9823408936554533e-07,1.0,0.0010000066743847335,0.0034019096649058585,0.19350973899774956,5.5167775558975505,-1.5664313157399496,-1.566431176662445,-1.3079392353693644,-1.3187527656555175e-07,0.0010000027845510177,0.0018047439917508099,0.07820005692127678,7.260659228430852
2050,-2.106182186108715,-2.1061818734654842,-1.9204021073737234,-3.214292931106855e-07,1.0,0.0010000057276865503,0.003032957179524567,0.1650995971318686,5.45720333873101,-1.4929795847998724,-1.492979367574056,-1.2094731205039555,-2.1797087457444933e-07,0.001000003915073143,0.0019546222743681736,0.08946966187407573,7.840373675028483
2051,-2.101571062825761,-2.101570720942515,-1.9376600508419972,-3.321131445326895e-07,1.0,0.00100000776605294,0.0030806888826191425,0.18612715890103915,5.483922112662837,-1.4978354586495295,-1.497835091749827,-1.214808918370141,-3.625121381547716e-07,0.001000002701766789,0.0018105765338987112,0.08163539779682955,7.503390513526069
2052,-2.077953873940234,-2.077953556798539,-1.9090511236550674,-3.165793868730653e-07,1.0,0.0010000073179637766,0.003719822879230498,0.2195487712632935,5.695666488611473,-1.5210001587867736,-1.5209998687108357,-1.2620107922289105,-2.8825468487209745e-07,0.0010000028906183111,0.0016897043394338753,0.06455981182969278,7.34355141321818
2053,-2.1071302081054113,-2.107129890963716,-1.9602348219673589,-3.2733352679126667e-07,1.0,0.0010000052422566234,0.002995157484755904,0.19952673062611864,5.3242305269781145,-1.4921197348170812,-1.4921195692486233,-1.2035233110189438,-1.711150010426839e-07,0.001000002939771447,0.0016027585810257329,0.058944136401017505,7.371096536848282
2054,-2.0810181667219916,-2.081017809094123,-1.9210382632489473,-3.427969959546935e-07,1.0,0.001000007401431366,0.0034360503250697874,0.2104340078274034,5.788834958706262,-1.635133457183838,-1.6351333485709296,-1.4046185149086847,-1.0447369681464301e-07,0.001000002311128709,0.001803789417155915,0.07712005269196298,7.0318890041775175
2055,-2.0680469184551598,-2.0680465788211464,-1.8941463299517363,-3.3316747197565045e-07,1.0,0.0010000066699917024,0.004061993771619251,0.23345311151219988,6.18524978295812,-1.4262263284789192,-1.4262261894014148,-1.1303030521505408,-1.3642840915256076e-07,0.001000001899794572,0.0018998227677204543,0.07380564827471972,7.820874055226643
2056,-2.12566802186786,-2.125667691230774,-1.9610723167095545,-3.179148683008158e-07,1.0,0.0010000060330022057,0.0029217750075677374,0.2041604751193861,5.376363241447593,-1.5141908009847003,-1.5141904870669047,-1.2145706769492892,-3.087023893992106e-07,0.0010000021688433157,0.0016758025546247761,0.06768769717050924,7.4763788011338965
2057,-2.0965684967220954,-2.096568208820415,-1.9235198655218448,-2.9767178139596614e-07,1.0,0.0010000052949729955,0.003383316306116165,0.21144416668223884,5.829253340667149,-1.290274147192637,-1.2902740054660373,-0.9229732811450958,-1.4338228437635633e-07,0.0010000022128224372,0.0019240122003894714,0.08179289545449946,8.72795392142402
2058,-2.051322563639227,-2.051322233002141,-1.8953519924631659,-3.2649006483689796e-07,1.0,0.0010000051346273635,0.004137572913676641,0.2610203532396622,6.058557388917455,-1.4668000989490086,-1.4667999784151713,-1.1965657730897268,-1.2732214397854275e-07,0.0010000025258503026,0.0016708001882458727,0.06786469837857617,7.312029880947537
2059,-2.113203075696837,-2.1132027698013016,-1.9457714220262923,-3.0814476732937796e-07,1.0,0.0010000058704600582,0.003422675781690006,0.2073915453697994,5.3699433128788785,-1.462343117925856,-1.4623428530163236,-1.1462251373463206,-2.6292271084255644e-07,0.0010000018868595363,0.0016544045880436896,0.0643580476856894,7.441051652696398
2060,-2.095447972135724,-2.095447672987884,-1.9313553346777863,-2.959145689910313e-07,1.0,0.0010000035772978696,0.003453219331414351,0.20417785662103374,5.749333539099063,-1.535506884256999,-1.5355067345831128,-1.2614262209998237,-1.4975666999816896e-07,0.0010000027379848892,0.0017700535710901022,0.08316006979180707,7.338692421383328
2061,-2.1161293421151504,-2.1161290249734557,-1.9205531039327945,-3.255060258901344e-07,1.0,0.0010000054509255965,0.0031973765613862648,0.18638217621395048,5.698400771842812,-1.4672525445620221,-1.4672523697217306,-1.1584246561138167,-1.7831722895304362e-07,0.001000001560896635,0.0015597032900485728,0.06790300471087297,7.344164339701334
2062,-2.073442425367967,-2.073442132967823,-1.9102424495625046,-3.025919761297838e-07,1.0,0.0010000079000403858,0.0034726898357237005,0.2295422984884595,5.59448500849166,-1.611932693587409,-1.6119324445724488,-1.3771400862269931,-2.452896700965034e-07,0.001000004494562745,0.001956214000367456,0.08833744281695949,7.33787168926663
2063,-2.0905005077146135,-2.090500201819078,-1.950044314816313,-3.0371659206894207e-07,1.0,0.001000012014113929,0.003321173152763326,0.20098109393960462,5.389478809428665,-1.5340431875652736,-1.5340429650412666,-1.280182769232326,-2.2641486591762967e-07,0.0010000023188897304,0.0015895661690996754,0.06361765522095893,7.012026002671984
2064,-2.082606907160777,-2.082606646249879,-1.9307654038915094,-2.537414712725945e-07,1.0,0.0010000055453757632,0.003411847078856432,0.2006188202912937,5.695570945739746,-1.4244791759385005,-1.4244789044062296,-1.1111578938033846,-2.5770730442470974e-07,0.0010000024404790667,0.0016930135380890635,0.06677220024996333,7.500243748558895
2065,-2.098286356566087,-2.0982863678122468,-1.957361878089185,1.0472985933411796e-08,1.0,0.0010000051170552396,0.0033567845030635034,0.19725906385003394,5.350526868172412,-1.5163600974612768,-1.516360088189443,-1.2235815359486475,-1.8874804178873697e-08,0.0010000018920335505,0.0017293974472623733,0.07134148718582259,7.451132064395481
2066,-2.110972818338646,-2.110972759858617,-1.9446051593096751,-6.494657048639261e-08,1.0,0.0010000033796114742,0.00300719350892699,0.17379120807602721,5.569984597979851,-1.4904785301950243,-1.4904785964224074,-1.198891548977958,6.266766124301487e-08,0.001000004150490794,0.0017906836234033107,0.06789044456349479,7.591852855682373
2067,-2.0889944872766173,-2.088994419799661,-1.8876119154804158,-6.557916695216917e-08,1.0,0.0010000069884864508,0.0033991135599724244,0.19492944695477216,5.796325598122938,-1.4889329698350695,-1.4889330320888094,-1.1979190021753312,6.20053874121772e-08,0.0010000024042609666,0.0015759395021531317,0.07399196146676938,7.249757756127251
2068,-2.130434371390433,-2.130434276922694,-1.9452213273858123,-9.62952397904306e-08,1.0,0.001000005653005023,0.002831602144002352,0.17402406672964682,5.542711167965296,-1.5160111970371668,-1.5160109612676833,-1.2206047525008519,-2.403226163652208e-07,0.001000002241279516,0.001718295337114897,0.07748716750906573,7.257434368133546
2069,-2.0951516313372918,-2.0951514513987415,-1.933518058848831,-1.745263360581308e-07,1.0,0.001000007440968645,0.0029686189471867007,0.17038347231189035,5.398794088723524,-1.540660300519731,-1.540660152170393,-1.2603907657994164,-1.4826655387878417e-07,0.0010000020782980653,0.0017985800074206458,0.08263712595734331,7.254977533552381
2070,-2.077517552195855,-2.077517471223507,-1.9068449285795104,-8.413532994828134e-08,1.0,0.0010000059099973372,0.0034067687306131396,0.1867971511663131,5.801939262534088,-1.3808168947696688,-1.3808166815174951,-1.0576206791732046,-2.096096674601237e-07,0.0010000017264650929,0.001992343435995281,0.09600954581465986,8.35967305501302
2071,-2.0673697152227724,-2.067369596013483,-1.8469899735360775,-1.2223169488726922e-07,1.0,0.0010000034542930014,0.004092007218684368,0.2535844000653838,6.749051705846247,-1.4257579843203227,-1.4257578008704714,-1.1256200704309676,-1.9230776362948947e-07,0.0010000020498409866,0.0019956445269700552,0.09002107663287057,7.8811877780490445
2072,-2.085271216788382,-2.085271072837542,-1.9136954118620675,-1.3586766314956376e-07,1.0,0.0010000060198231127,0.003370942187688823,0.20052335207473557,5.869395476467204,-1.5560559590657552,-1.5560559895303514,-1.2935760851535532,2.5580326716105142e-08,0.0010000011288664407,0.0019027356912071506,0.08267275668266746,7.44568101035224
2073,-2.0705740226889557,-2.0705741711382597,-1.9209133139196433,1.3017429495757482e-07,1.0,0.0010000053037590576,0.00417344739555188,0.24826055371536399,5.829448893385114,-1.3436487355166011,-1.343648704720868,-1.0088816958996984,-3.468659189012316e-08,0.001000001185780598,0.0017615607991400691,0.07524948091142708,7.897487523820666
2074,-2.11157917526533,-2.111579083046823,-1.910232867834703,-1.016371655014326e-07,1.0,0.0010000055321966702,0.003064735801363329,0.17591807685511293,5.76743143459536,-1.451588413450453,-1.451588469081455,-1.1494718526800474,5.4306454128689235e-08,0.0010000017782052359,0.001575175287305481,0.060076405915121235,7.303265274895563
2075,-2.1023319307363257,-2.102331798031645,-1.9486120601869978,-1.3600824014195857e-07,1.0,0.0010000047128963863,0.0031200663015281535,0.2006813998351682,5.340543940382184,-1.5053698499997454,-1.505369844701555,-1.2030707154009077,-7.119443681504992e-09,0.0010000011909546123,0.0017167139436221786,0.07878243480291632,7.388595877753364
2076,-2.0950567407428093,-2.0950565000749983,-1.941366843457492,-2.414409844380505e-07,1.0,0.0010000043702399675,0.003163916647504523,0.185963899740633,5.398564226222488,-1.4834533558951484,-1.483452926741706,-1.1864555174691809,-4.148317707909478e-07,0.001000001185780598,0.001740813040588465,0.07154704108834267,7.482422807481552
2077,-2.1042369266725935,-2.1042366117801308,-1.881489150929001,-3.0477091951190303e-07,1.0,0.001000002966666559,0.0033140420465607124,0.20046796382598156,6.128146468468432,-1.4644446929295858,-1.4644443617926703,-1.1657160712613,-3.2418304019504125e-07,0.001000001408263213,0.0016174433313103187,0.06600849833339453,7.387974982791476
2078,-2.1154727036098264,-2.115472393215827,-1.9347850579135824,-3.134866930403799e-07,1.0,0.0010000040100114245,0.0032656580332736922,0.23321896494489233,5.671599302651747,-1.3490922366579372,-1.3490918803546164,-1.00813227461444,-3.5713116327921547e-07,0.0010000017523351644,0.0017115326391326058,0.07435552552342414,7.990558825598823
2079,-2.0823073994438603,-2.082307091299093,-1.89244673836906,-3.200235231867376e-07,1.0,0.0010000066480265473,0.003429357608217957,0.21488354242635224,6.1028756780444455,-1.522083119551341,-1.5220827553007337,-1.2382875071631538,-3.599458270602756e-07,0.0010000016488548782,0.001880286729687618,0.0866990419725577,7.623032389746771
2080,-2.0654934847129964,-2.0654931720697656,-1.8542097222130254,-3.1854746476659236e-07,1.0,0.001000005470694236,0.0037654645626767065,0.23093684551850804,6.245394747212248,-1.5545458873112996,-1.5545456224017673,-1.3111021353138819,-2.7004215452406143e-07,0.0010000038012448285,0.0020285052764746877,0.10216509256925847,7.586702315012614
2081,-2.0528343241169766,-2.0528339957291224,-1.9059748964489631,-3.2761468077605623e-07,1.0,0.001000004354864359,0.004536949043197311,0.2515631503653976,5.915080547332764,-1.5632422884305321,-1.5632419029871623,-1.321285433239407,-3.8461552725897893e-07,0.0010000041582518154,0.0022752376661325496,0.10940164360735151,7.833872805701361
2082,-2.06497183385885,-2.0649715572033287,-1.909575658024482,-2.656202271299542e-07,1.0,0.0010000093299719803,0.003782543944599072,0.23674272942655492,5.8113690952085095,-1.492167373498281,-1.492167103290558,-1.2004442599084642,-2.745952871110704e-07,0.001000003094991876,0.0018307075059662262,0.08148934011244112,7.625203408135308
2083,-2.075489381574235,-2.0754890576848446,-1.9086317858606014,-3.1728227183503925e-07,1.0,0.001000006694153373,0.003839214969391249,0.2413407285820763,5.964046806659338,-1.4310744378301832,-1.4310741623242695,-1.114450154091335,-2.73850229051378e-07,0.0010000028285301393,0.0016751075473924479,0.062248352252774766,7.581361918979222
2084,-2.0975863911070913,-2.097586080713092,-1.8856155400006276,-3.136975585289721e-07,1.0,0.001000007708943537,0.003722643982706908,0.24919645832675807,6.435240862504491,-1.0179203942418098,-1.0179201260209083,-0.5465198966364065,-2.6217765278286405e-07,0.0010000035089130202,0.0034573579465763437,0.1820870110144218,11.582586182488336
2085,-2.0884822629532724,-2.088481952559273,-1.9078875195305303,-3.0160793718302025e-07,1.0,0.0010000053718510382,0.0036037330546433914,0.23380323007421674,5.895006368745048,-1.4671959678332014,-1.467195733388265,-1.1784649564160241,-2.4396512243482804e-07,0.0010000032217552266,0.0021617206175708107,0.10398820146090454,7.876975504557292
2086,-2.0852275906868702,-2.0852273410221316,-1.9278896102365457,-2.6140291735811054e-07,1.0,0.0010000052334705615,0.0037667175166238593,0.2420422444647213,5.757252999071805,-1.4334212952189975,-1.4334210111035242,-1.1286969599520995,-2.817147307925754e-07,0.001000003061360783,0.0017037407960742712,0.07137728652192486,7.5356169170803495
2087,-2.0837615953301483,-2.0837613276715548,-1.9303782278636716,-2.5880224299880695e-07,1.0,0.0010000055453757632,0.003472620146876236,0.20971408314159456,5.720413702838826,-1.6287788139449224,-1.6287784470452202,-1.3899720986684163,-3.7137005064222546e-07,0.0010000039616392719,0.0018773974410982595,0.09980836361646653,7.018142784966363
2088,-2.0955707689501204,-2.095570501291527,-1.9470286054431267,-2.7813157945309044e-07,1.0,0.0010000081702117932,0.003144924487163014,0.19806930443869447,5.326420212691685,-1.501442657576667,-1.5014423357115851,-1.2139147188928392,-3.2708048820495604e-07,0.0010000029190753896,0.0018516779540934496,0.08151069958176878,7.617583338419596
2089,-2.0896905660629272,-2.08969029390587,-1.9066867378522765,-2.697672484056005e-07,1.0,0.0010000073750731798,0.0031307702576565855,0.1985033682002774,5.64966319641977,-1.5740407625834147,-1.5740403559472826,-1.2996991846296522,-4.120998912387424e-07,0.001000003433889813,0.001837233658362594,0.0807203639505638,7.374281777275934
2090,-2.0967748345069164,-2.0967745803437143,-1.9062562911015637,-2.473452181186316e-07,1.0,0.0010000115440596106,0.003135473151111378,0.18219647619802998,5.9201280081047205,-1.4492195513513353,-1.4492192069689434,-1.1608917958206602,-3.4388568666246204e-07,0.0010000043781474232,0.0017451295655013786,0.06408572817842166,7.697394519382054
2091,-2.0849376039684944,-2.0849373475560604,-1.9172878917658105,-2.599268589379652e-07,1.0,0.001000011333194122,0.0033356348043834826,0.17354233327479857,5.737935606038795,-1.5358294818136429,-1.5358290036519369,-1.2600504101978407,-4.79403469297621e-07,0.0010000047739595174,0.0018166538405542572,0.0842279427167442,7.498822042677137
2092,-2.1101499233605727,-2.1101496894404574,-1.9646346119214904,-2.385591560939573e-07,1.0,0.0010000069577352337,0.00301811024370902,0.1852301222816953,5.381219760426935,-1.4027988632520036,-1.4027984155548943,-1.0705544335974588,-4.472831885019938e-07,0.0010000029863375757,0.0018756781523633335,0.07813216108414862,8.09219306310018
2093,-2.085644337366212,-2.0856440854522416,-1.8791521495243289,-2.556392606699242e-07,1.0,0.0010000089060444876,0.0034963478452859904,0.21957309990418408,6.00009956899679,-1.519322203265296,-1.519321784708235,-1.2429539912276797,-4.149145550198025e-07,0.0010000018609894645,0.00170295894301186,0.07537841122183535,7.310353469848633
2094,-2.0688482770379983,-2.068848139834854,-1.923914353802519,-1.449348791590277e-07,1.0,0.0010000087676640108,0.004077625124855846,0.24385594284899956,5.865455784887637,-1.5336254119873047,-1.5336251298586527,-1.2550521194934845,-2.7749273512098526e-07,0.001000002668135696,0.0017576331402071649,0.07682760651740762,7.420389260186089
2095,-2.098721587433005,-2.0987214592267884,-1.9109986750584729,-1.238483302998093e-07,1.0,0.0010000069950759974,0.003585149459365123,0.2052546744498442,5.7995752703468755,-1.5394347813394336,-1.539434744252099,-1.260237936841117,-4.0150350994533966e-08,0.0010000024973932239,0.001907190452847216,0.08561441720359855,7.527459557851155
2096,-2.083294407376703,-2.0832943129089645,-1.9269809295546334,-9.50300468588775e-08,1.0,0.0010000044646901341,0.003492442038753685,0.1996682271501928,5.724438694288146,-1.4749050855636594,-1.4749049769507514,-1.1829573803477818,-1.1258655124240451e-07,0.0010000026086345315,0.0017954710715760787,0.07973094843327999,7.690016926659477
2097,-2.104779304198499,-2.1047792344723106,-1.9197883043649062,-7.007763070880242e-08,1.0,0.0010000047809883672,0.003407268231418335,0.21198940596912266,6.012166117722133,-1.3860103401872845,-1.386010299788581,-1.0574541201194128,-3.51005130343967e-08,0.0010000015867667065,0.001638638497226768,0.07123975095649561,7.598060841030545
2098,-2.099546976809232,-2.0995474356525348,-1.9224728345870972,4.456290658914818e-07,1.0,0.0010000041088546222,0.0034018420078352376,0.21469463625887655,5.787305112154979,-1.5504425022337174,-1.5504424744182164,-1.2985908952024248,-2.9140048556857638e-08,0.0010000022361055017,0.0017959270781526962,0.08780636315544446,7.048114289177789
2099,-2.083045183487658,-2.0830451632445715,-1.9095544657617245,-2.200029930978451e-08,1.0,0.0010000081768013396,0.003338519518948951,0.20658968937284541,5.6445622624091385,-1.4964914745754667,-1.4964913964271545,-1.2012732181284163,-7.533364825778537e-08,0.001000001731639107,0.0017887567920196387,0.0863612103379435,7.477268875969781
2100,-2.088266865262445,-2.0882668315239674,-1.8937125453409158,-2.6498763066417768e-08,1.0,0.0010000067007429195,0.0035684173816885306,0.23358757175364583,5.915075383096371,-1.4767504413922625,-1.4767503791385226,-1.19570136335161,-6.374385621812608e-08,0.0010000016876599855,0.0016684300680127409,0.07316297830806838,7.483830706278483
2101,-2.113679773402664,-2.1136797239195624,-1.969606730173219,-5.4473584552980816e-08,1.0,0.001000006645830032,0.0029507463551917165,0.17138163843807183,5.1902941532854765,-1.5178537130355834,-1.5178536772727966,-1.2392287426524693,-2.9802322387695312e-08,0.001000001118518412,0.001580129457741148,0.06657990643547641,7.01883896721734
2102,-2.116993841135277,-2.1169936814398134,-1.959193101469076,-1.5329921020651764e-07,1.0,0.0010000045371751458,0.003124167589154446,0.19768164677650862,5.440713657523101,-1.3900741550657483,-1.39007389081849,-1.0688208089934454,-2.62757142384847e-07,0.0010000025620684027,0.0018336560085622801,0.0905482737140523,7.944999684227837
2103,-2.064758687649133,-2.0647585257044376,-1.878654680162106,-1.6461565809429817e-07,1.0,0.001000009055407542,0.0036568758802769602,0.2220899686920193,6.055023985088996,-1.568610384729173,-1.5686101582315233,-1.3328169292873806,-2.2459361288282607e-07,0.0010000047894815603,0.002008239363527132,0.10635798002282779,7.387258836958144
2104,-2.0865268077490464,-2.086526634558192,-1.936181997353176,-1.6749748643839135e-07,1.0,0.00100001008776983,0.003528918805180715,0.1952105960896555,5.563715687337911,-1.5473974784215292,-1.5473972678184509,-1.2890262597137028,-2.097752359178331e-07,0.0010000017575091786,0.001607365073222253,0.07249367473026117,7.003886953989664
2105,-2.0939755732158445,-2.0939754675019464,-1.8913286901869863,-1.0648707173905283e-07,1.0,0.001000005613467744,0.0031425585741844944,0.18324510584462364,5.840450061942047,-1.307666951790452,-1.3076670471578837,-0.966509403122796,9.950664308336046e-08,0.0010000020860590868,0.0015819170615739293,0.0689760980506738,7.745646381378174
2106,-2.12567356622444,-2.1256734560120782,-1.9993321355783715,-1.0979063106033038e-07,1.0,0.0010000074805059241,0.0037962233599380785,0.2079366125025839,5.088019964829931,-1.481086935599645,-1.4810868309603797,-1.1823285046550962,-1.0811620288425022e-07,0.001000001100409362,0.0017934686969965697,0.08309904539750682,7.480890803866916
2107,-2.141231307443583,-2.1412311454988875,-1.9692961697308522,-1.551267111076499e-07,1.0,0.0010000065425938031,0.002750683582458153,0.1812955008222247,5.22667337363621,-1.5145770470301312,-1.5145767264895968,-1.2384521332052019,-3.255075878567166e-07,0.0010000015039824776,0.0016595425963815715,0.07408434177438418,7.179210133022732
2108,-2.1092563732615055,-2.109256188824492,-1.9232787309952502,-1.915361521379003e-07,1.0,0.0010000078626996223,0.003467346559155662,0.1949878354328421,5.803319058328305,-1.477299874358707,-1.4772996875974866,-1.184041914012697,-1.8775463104248046e-07,0.0010000013487620487,0.002007675708995925,0.08509501483705309,7.84856120215522
2109,-2.0936584225240744,-2.0936582290901327,-1.9576176045075901,-1.8542105296872697e-07,1.0,0.0010000043614539055,0.00357986518120358,0.22009696656802916,5.472566928503649,-1.5367226309246484,-1.536722903781467,-1.266846764087677,2.67889764573839e-07,0.0010000027483329176,0.0018829633430060414,0.09136186043421428,7.651085789998372
2110,-2.1005703480738513,-2.1005701861291564,-1.9222223623743597,-1.626475802007711e-07,1.0,0.0010000051082691775,0.0031364327933604145,0.17388673414880373,5.629434077244885,-1.3889487160576715,-1.388948768377304,-1.0792444845040639,5.6872765223185224e-08,0.0010000012116506696,0.001694215466785762,0.08100701553954018,7.58243015077379
2111,-2.0999609681795226,-2.099960801736364,-1.9332844648721084,-1.6173382975020498e-07,1.0,0.0010000044185633087,0.0035544985439628363,0.21980889461372258,5.607667698050445,-1.477931414710151,-1.477931061055925,-1.2017772032154932,-3.5224689377678766e-07,0.0010000016540288926,0.0017204171150094934,0.08287566271093157,7.472958183288575
2112,-2.1231360705393665,-2.1231358703577294,-1.9484731431277293,-2.1156837355415776e-07,1.0,0.0010000041330162927,0.002863254694637122,0.1544814888598784,5.420672938508807,-1.454772016737196,-1.4547719134224786,-1.171064395043585,-9.71886846754286e-08,0.0010000024896322025,0.0017521170847531822,0.08197703630559974,7.448138533698188
2113,-2.0834812735611536,-2.083485682055635,-1.9091979737551708,4.412079194806657e-06,1.0,0.0010000051873437358,0.00334647252830624,0.17005641853331394,5.72378371796518,-1.5136739704344007,-1.5136742605103386,-1.2381909099717936,2.8138359387715657e-07,0.0010000021636693015,0.0019022066456576188,0.08882193238370949,7.632105700174966
2114,-2.0888609278876826,-2.088863064657967,-1.9106141958596572,2.146329519883642e-06,1.0,0.0010000064349645432,0.003221921723792857,0.18691825044323812,5.671395261332674,-1.4141486909654406,-1.4141490976015727,-1.117787619597382,4.0291084183586967e-07,0.001000001591940721,0.0019087792529414098,0.10233788482016987,7.9014008627997505
2115,-2.046214501812773,-2.0462151248500033,-1.9031489232801042,6.181873240560856e-07,1.0,0.0010000055607513718,0.003874160564627569,0.20524457886041897,5.833998662120891,-1.5340796669324241,-1.5340906209415859,-1.3068840053346422,1.0955830415089925e-05,0.0010000020239709151,0.002306914981454611,0.09505880040427049,8.094866116841635
2116,-2.0378915498841486,-2.0379144403169738,-1.8746502826798637,2.2890573402620713e-05,1.0,0.001000004919368844,0.004269114106823251,0.24678557169324947,6.115014247174533,-1.4866784254709882,-1.4866783830854629,-1.210624208715227,-3.6838981840345596e-08,0.0010000023861519165,0.002004696136443979,0.10671633266740375,7.823921150631375
2117,-2.0730594576529735,-2.073059511634539,-1.920664982975654,5.7003970416087024e-08,1.0,0.0010000060351987212,0.0038617410925480553,0.25924758033229495,5.786955599514943,-1.4528626230027941,-1.4528626521428427,-1.1677012231614854,3.3693181143866644e-08,0.0010000037236346138,0.002062270666162173,0.13884688094258307,8.065939331054688
2118,-2.076077407261111,-2.076077420756502,-1.8793441169666794,4.920194733817622e-09,1.0,0.001000009215753174,0.00369633952120565,0.22762259348945799,6.093059854687385,-1.5358321772681345,-1.5358322315745883,-1.2624712924162547,5.4306454128689235e-08,0.001000002771615982,0.0018721525453858905,0.10445501593252023,7.474475659264458
2119,-2.10188963728131,-2.1018896530259332,-1.9358896241997772,1.2581640819333634e-08,1.0,0.001000006538200772,0.003148598368016054,0.1775518162351734,5.562080873633331,-1.382538769642512,-1.3825387484497493,-1.0418157425191668,-2.0861625671386717e-08,0.0010000026758967173,0.0017796873710014755,0.10591376076141994,7.817722055647107
2120,-2.074080174823977,-2.0740801478331945,-1.9213088548408364,-1.3354814277504975e-08,1.0,0.001000007814376281,0.0036622210107040854,0.20149471726760548,5.750288774382393,-1.5018630239698623,-1.501862969663408,-1.2259712245729235,-5.273355378044976e-08,0.0010000027923120392,0.0020195984048768877,0.10798462707963255,7.704521465301513
2121,-2.1041218447235397,-2.1041218244804525,-1.9285946657072823,-2.4460396676693324e-08,1.0,0.0010000072806230131,0.0033066625452055683,0.21520398775080465,5.510615110397339,-1.4574297732777066,-1.4574297202958002,-1.1836943162812128,-4.7600931591457794e-08,0.0010000023033676876,0.001777545179033445,0.0833048635472854,7.613797230190701
2122,-2.0983272026169977,-2.0983271688785194,-1.8899649359145254,-3.612828704546083e-08,1.0,0.0010000054377465035,0.0034821073015062314,0.2197269617386584,6.072243861432345,-1.4468660950660703,-1.4468659189012316,-1.136683536403709,-1.744263701968723e-07,0.001000001491047442,0.0015958260020448101,0.07618447389039729,7.311399364471435
2123,-2.099243555428847,-2.099243494699586,-1.9505161856705289,-4.913165884197883e-08,1.0,0.0010000063756586245,0.003603358307132884,0.20883490628439863,5.489367853920415,-1.5505666322178306,-1.5505662626690335,-1.2808854467338986,-3.7021107143825956e-07,0.0010000029501194756,0.0016782766156312491,0.07464261951131954,7.035195636749268
2124,-2.1054841190014244,-2.1054840515244684,-1.9149956377047412,-5.770685537806097e-08,1.0,0.0010000043614539055,0.0034477617833236197,0.20447987750313193,5.719174726954046,-1.5478432403670415,-1.5478428496254815,-1.2744840900103251,-3.852778010898166e-07,0.0010000015557226208,0.0021887720433167285,0.10902546346187592,7.783719497256809
2125,-2.1174614272027648,-2.1174612967473156,-1.9637062347160195,-1.3193150736250967e-07,1.0,0.001000006360283016,0.003061789257082877,0.18735264227637705,5.272840648327234,-1.410733723640442,-1.410733233557807,-1.1040282199262745,-4.924005932278103e-07,0.0010000021248641941,0.001749046545268761,0.08968390739626354,7.623556084103054
2126,-2.094122396325165,-2.0941223221005134,-1.941554404654593,-7.654417235896272e-08,1.0,0.0010000058111541395,0.0032544187643512522,0.19806229730822006,5.541003416169365,-1.5118248131540086,-1.511824439631568,-1.2268006874455346,-3.7261181407504613e-07,0.001000002290432652,0.0017273784175308214,0.08220773848394552,7.375561279720731
2127,-2.119608615929226,-2.119608444987603,-1.9577960653125115,-1.5976575185667793e-07,1.0,0.0010000057430621589,0.0033287698631438442,0.2026929259475953,5.419121341885261,-1.4963925109969243,-1.4963920341597663,-1.218669397301144,-4.765888055165609e-07,0.00100000300962064,0.0019421206864838798,0.09955193052689235,7.6947955661349825
2128,-2.088690625046784,-2.088690418117451,-1.8987979866423697,-2.006736566435616e-07,1.0,0.0010000089367957047,0.003524797544638925,0.22671402365250407,5.9144026018538565,-1.5207389314969384,-1.5207384016778733,-1.241044947836134,-5.33461570739746e-07,0.0010000033433445626,0.0021930585925777754,0.1239909374465545,7.727710988786485
2129,-2.1159625773159965,-2.1159623501435765,-1.9407459857328884,-2.3813742511677293e-07,1.0,0.0010000037574121412,0.003063281404979105,0.18970557198561025,5.591147706193744,-1.4588404496510823,-1.4588401993115743,-1.16336467133628,-2.5505820910135906e-07,0.0010000021041681368,0.0017477630844546688,0.08821819225947063,7.49528292549981
2130,-2.109375258661666,-2.109375002249232,-1.934642290169338,-2.5353060578400236e-07,1.0,0.0010000058880321823,0.0029858924900972336,0.1643543544242967,5.43279370721781,-1.5141294618447625,-1.5141289465957217,-1.238458827469084,-5.179809199439155e-07,0.0010000024689361454,0.0017233193127645387,0.08301825010114246,7.322020943959555
2131,-2.1078033402280987,-2.1078030905633605,-1.9251603945246283,-2.565530111204903e-07,1.0,0.0010000063009770973,0.0032560006464954537,0.19785050812335508,5.751762232690488,-1.4013104458649954,-1.4013100816143884,-1.0784186289749211,-3.5464763641357423e-07,0.0010000019411866865,0.0017820751346233818,0.08552843261924055,7.852401775783963
2132,-2.109034578755217,-2.1090343223427825,-1.9571628120710265,-2.6779917051207346e-07,1.0,0.0010000047546301811,0.003330100437555954,0.2131938823270348,5.440502832520683,-1.4842229021920101,-1.4842226094669766,-1.1854317913452783,-2.879235479566786e-07,0.001000001439307299,0.0016272567031491135,0.06485837611059347,7.288398668501112
2133,-2.1254515243026444,-2.125451202662486,-1.952898086241956,-3.061064009396535e-07,1.0,0.0010000047348615415,0.0029969985513368025,0.19965421324068644,5.394682321908339,-1.4868073781331377,-1.4868069820933871,-1.2079480919573042,-3.983577092488607e-07,0.0010000017626831928,0.0017096094554290176,0.07751170804517137,7.426220046149358
2134,-2.083408641365339,-2.0834083242236443,-1.9120068909986965,-3.180554452932106e-07,1.0,0.0010000052510426853,0.0032604782763025106,0.1952396755651483,5.772119607565538,-1.3707225581010183,-1.370722438229455,-1.0407022728688187,-1.2732214397854275e-07,0.0010000031829501192,0.0017278416987715497,0.07528174558861388,7.759177123175728
2135,-2.1045134314950906,-2.1045131211010917,-1.9206586491386846,-3.087773637951545e-07,1.0,0.0010000098044193298,0.003170959537251378,0.19681791391856265,5.685513892263736,-1.426761547062132,-1.42676120267974,-1.1169043248726263,-3.3179918924967447e-07,0.0010000031131009262,0.001690935633248753,0.0757157885366016,7.607160992092556
2136,-2.1088486280081407,-2.108848328860301,-1.898575263203315,-2.942979335784912e-07,1.0,0.001000005136823879,0.003301295570431734,0.19769367772453236,5.921787513876861,-1.486792102124956,-1.4867918464872572,-1.1915754294229879,-2.57624520195855e-07,0.0010000016876599855,0.001811308605182502,0.07503011386013693,7.4923008812798395
2137,-2.033967027124369,-2.0339667009857467,-1.8273474416642819,-3.193206382247637e-07,1.0,0.0010000090751761817,0.005460231668175251,0.2910400477220427,6.912285552834565,-1.418887033727434,-1.4188868840535482,-1.108257679061757,-1.4611416392856174e-07,0.001000002717288832,0.0018848134541056222,0.08814779933955934,7.867169920603434
2138,-2.1107847105781987,-2.1107844226765184,-1.9304695601733226,-2.958442804948339e-07,1.0,0.0010000050335876502,0.0029267624574098386,0.14198363519642712,5.546351986111335,-1.4116610315110951,-1.4116608209080166,-1.098136994904942,-2.034836345248752e-07,0.0010000026733097103,0.0016138359800808959,0.07145898559441169,7.26623975965712
2139,-2.0729962699818163,-2.0729959663355126,-1.912694074072928,-3.1552505943010437e-07,1.0,0.0010000062965840664,0.0037664666042645585,0.20435604382798356,5.822753604852928,-1.559701144695282,-1.5597010109159681,-1.2915102640787761,-1.2475583288404676e-07,0.0010000021507342656,0.0017402809035653869,0.08643813901063468,7.0828701761033805
2140,-2.0806500169466124,-2.0806497267957003,-1.9132260399044685,-2.9528197252525475e-07,1.0,0.0010000053542789141,0.003560885070946138,0.2079363346873027,5.760641709813532,-1.495399582386017,-1.4953993446297116,-1.239185071322653,-2.375907368130154e-07,0.0010000023990869521,0.002256162146416803,0.1051247095482217,7.864601601494684
2141,-2.0709386974010826,-2.070938380259388,-1.8820363193188074,-3.1749313732363145e-07,1.0,0.0010000070412028229,0.003463545431962834,0.1975708980253845,6.2142668490139945,-1.4960856715838118,-1.496085524559021,-1.2382647044128843,-1.483493381076389e-07,0.0010000035942842563,0.002632652937124173,0.12673376980755063,8.330079968770345
2142,-2.059015933072792,-2.0590156136818654,-1.8956149973959293,-3.259980453635162e-07,1.0,0.0010000080186522231,0.004159202843131322,0.2638402747798641,6.049735537115133,-1.48996559381485,-1.4899654693073696,-1.1968116387724876,-1.2980567084418402e-07,0.001000001460003356,0.00201606055876861,0.1193546158572038,7.64266750547621
2143,-2.0804656159203008,-2.0804653077755333,-1.921971413324464,-3.046303425195082e-07,1.0,0.001000008365701673,0.003552508689814581,0.23879117239266634,5.73657021882399,-1.4383227308591207,-1.438322565290663,-1.1381780406667126,-1.6970766915215387e-07,0.0010000032372772694,0.0021163760580950315,0.0965835744722022,8.06541730033027
2144,-2.1163857478015826,-2.1163854531522066,-1.9443625414146568,-3.036463035727447e-07,1.0,0.0010000053850301313,0.00344687813392155,0.23973878708509905,5.649950265884399,-1.4354459471172756,-1.4354458259211647,-1.1268876620464854,-1.1689133114284939e-07,0.0010000014625903633,0.0016616485081613064,0.0690614524193936,7.5485807736714685
2145,-2.0890966586346895,-2.0890963594868497,-1.9213954030342821,-3.0385716906133686e-07,1.0,0.0010000048534733789,0.0033758964679502655,0.20783033225474493,5.689142681517691,-1.4388430873552955,-1.4388429098659092,-1.1205743892325295,-1.8411212497287327e-07,0.0010000017419871357,0.0017795717964569728,0.0822369610476825,7.777126365237765
2146,-2.090628851134822,-2.0906285159992724,-1.919019512410434,-3.240299674699891e-07,1.0,0.0010000055783234959,0.0037069413481491073,0.2632203226522455,5.830584373114244,-1.433975374698639,-1.4339753694004482,-1.1106796575917137,-3.120965427822537e-08,0.00100000174716115,0.0017130843803493513,0.07193880875905355,7.755645582411025
2147,-2.0856246565872767,-2.0856243079563357,-1.9347164923290037,-3.3401093393001915e-07,1.0,0.00100000652941471,0.0035380694206874324,0.19564973162311428,5.4777397029804735,-1.4726136816872493,-1.4726135942671035,-1.1868694649802314,-7.930729124281141e-08,0.0010000019515347149,0.0017087220291917523,0.07904976308345794,7.436418501536051
2148,-2.091134010620837,-2.0911336867314465,-1.9189088906881944,-3.27755257768451e-07,1.0,0.0010000057057213952,0.003335027063687174,0.21165209593919088,5.795377124030635,-1.5200202332602608,-1.5200202054447598,-1.2377056068844265,-5.174014303419325e-08,0.0010000012116506696,0.001916216078421308,0.08907646540966299,7.574430158403184
2149,-2.0872828668018557,-2.087282563155552,-1.9086245140939389,-2.942276450822938e-07,1.0,0.0010000072850160442,0.0032460287736096193,0.20394283930226317,5.673632081949486,-1.4826595935556623,-1.4826595935556623,-1.20223867462741,-1.0430812835693359e-08,0.0010000031777761048,0.0019987403880804776,0.09772443605793847,7.621799808078341
2150,-2.064644507642062,-2.064644215241918,-1.8844564905706442,-2.939464910975042e-07,1.0,0.0010000071927623929,0.003999332176908007,0.22313529636078286,6.220104914791179,-1.5408083425627814,-1.5408083425627814,-1.292596882995632,-9.934107462565104e-10,0.00100000258276446,0.0019209892928807272,0.09597448507944743,7.331873544057209
2151,-2.1397853032597958,-2.139785013108883,-1.9648850144080396,-2.9999130177048016e-07,1.0,0.0010000028831989697,0.0026876802187202112,0.17019972785042142,5.124072488748802,-1.3469834095901914,-1.3469833996560838,-1.0219411899646123,-2.8643343183729384e-08,0.0010000011133443978,0.0016034802809978524,0.06871634508586592,7.573402775658502
2152,-2.081695849040769,-2.0816955656375526,-1.8960867850285656,-2.831923511793029e-07,1.0,0.0010000079966870682,0.0033735541104040335,0.19795456409173193,5.863310584482157,-1.5452492382791305,-1.5452491548326281,-1.2731224768691594,-6.929039955139161e-08,0.0010000043962564732,0.0017188666647093163,0.07725768759846688,7.296427832709417
2153,-2.1208964923642717,-2.1208961954656638,-1.944061571697019,-3.043491885347186e-07,1.0,0.0010000053037590576,0.002830239285205333,0.1617553575350991,5.405846802693493,-1.466397458977169,-1.4663974589771696,-1.1556793030765322,-7.781717512342665e-09,0.0010000023576948378,0.001796815091640585,0.07161819032496876,7.720952606201172
2154,-2.0823894086873755,-2.0823891117887676,-1.9080995343766123,-2.935950486165173e-07,1.0,0.0010000062087234462,0.0037797776375949944,0.23869770933996956,5.906654857239634,-1.4560670057932537,-1.4560670044687058,-1.1418676083286603,-1.6887982686360677e-08,0.0010000016074627638,0.001667772787105706,0.06692793518304825,7.574569172329373
2155,-2.0945068485331984,-2.0945065718776776,-1.9243067502975464,-2.8347350516409246e-07,1.0,0.0010000093123998563,0.0034062459313679697,0.19219861845573727,5.943485489431417,-1.4802067346043053,-1.4802067319552104,-1.1839216881328158,-2.483526865641276e-08,0.0010000030044466258,0.0017246320636736022,0.06578604756957955,7.488949733310276
2156,-2.106276955244676,-2.1062766470999086,-1.9583445607491259,-2.959145689910313e-07,1.0,0.0010000061098802482,0.002902662493552099,0.1711253066951374,5.365828257686687,-1.3912973642349244,-1.3912973556253645,-1.073259717101852,-3.750125567118327e-08,0.0010000012401077483,0.0017750267198102343,0.06588550143771701,7.967501566145155
2157,-2.0952543470094787,-2.0952540411139435,-1.8889401071476486,-3.078636133445884e-07,1.0,0.0010000046052671267,0.003151776829189709,0.18682886772560622,5.976251341261953,-1.491317954328325,-1.4913179530037775,-1.2211239125993516,-2.293123139275445e-08,0.001000001201302641,0.00169713174044672,0.07580965231690141,7.642812262641058
2158,-2.0737861372389883,-2.073785869580395,-1.914434165324805,-2.7201648028391715e-07,1.0,0.001000007102705257,0.003492430937564317,0.22935296050360743,5.7412298670354875,-1.2487234059307313,-1.2487232860591677,-0.8857471791406473,-1.0538432333204481e-07,0.0010000022542145518,0.0023962450032639837,0.12396452352404594,9.154668966929117
2159,-2.065803683029031,-2.0658033748842635,-1.9042185230075188,-3.035760150765473e-07,1.0,0.0010000065799345666,0.00439186204655342,0.24940079197568712,6.1383264424665915,-1.593597324689229,-1.593597287601895,-1.3524970730145773,-5.0332811143663194e-08,0.0010000023964999451,0.0019073650344378417,0.09520461534460385,7.190169419182671
2160,-2.0886842394774816,-2.0886839425788737,-1.8983645304194037,-2.9528197252525475e-07,1.0,0.001000007023630699,0.003630534479974435,0.22851104907832057,5.741521340496135,-1.5772265222337511,-1.5772264573309156,-1.3317327241102854,-6.440613004896375e-08,0.0010000018014883001,0.0018075331838594542,0.08668997041467164,7.079021803538004
2161,-2.1109468599535384,-2.1109465630549304,-1.9439044156164493,-2.986558203427297e-07,1.0,0.001000004020994002,0.0031141254387549917,0.22344290043385523,5.362134915477824,-1.4854143334759606,-1.4854142546653748,-1.2030637699696753,-8.294979731241862e-08,0.0010000018454674217,0.0017383069601944752,0.08073470700118276,7.38016685909695
2162,-2.1067529894270987,-2.106752708273114,-1.96261554169205,-2.777098484759061e-07,1.0,0.0010000056859527557,0.0031642007140688737,0.22402069995285206,5.440206739137757,-1.5949610352516175,-1.594961032602522,-1.3403951121701134,-3.013345930311415e-08,0.0010000029475324683,0.0017716762971960835,0.08375716575731834,7.0355576091342495
2163,-2.101827531490686,-2.1018272570843965,-1.9566856082880273,-2.7264907674969365e-07,1.0,0.0010000082888236305,0.0034082181189420088,0.1974009487004775,5.331678628921509,-1.5234919667243958,-1.5234919389088948,-1.25437910689248,-4.9008263481987845e-08,0.0010000017342261143,0.0017235699653004608,0.09114627378682295,7.188945939805772
2164,-2.103817933010605,-2.1038176563550843,-1.9269622766746666,-2.7166503780293016e-07,1.0,0.0010000049742817315,0.0034325204038430216,0.21897913768606367,5.928346121086265,-1.5104791151152714,-1.5104791031943428,-1.2344089812702603,-4.263387786017524e-08,0.0010000021610822943,0.0017414175931157337,0.09232540349993441,7.350919183095297
2165,-2.1180523836387777,-2.1180521317248076,-1.960000676928826,-2.777098484759061e-07,1.0,0.001000003313716009,0.0032186543740296983,0.21576093667942398,5.294284789067395,-1.5144438982009887,-1.5144438174035815,-1.2455510516961417,-7.533364825778537e-08,0.0010000009581239686,0.0017427935678925779,0.08149045623011059,7.2868517981635215
2166,-2.097390404287374,-2.097390150124172,-1.9509472667046313,-2.5859137751021475e-07,1.0,0.0010000047392545726,0.003956180382168518,0.23143905267681716,5.570130307719393,-1.4752849506007302,-1.475284947289361,-1.1853626506196129,-3.269977039761014e-08,0.0010000025103282597,0.0017283395191447603,0.07218864696721236,7.62282510333591
2167,-2.101463479815789,-2.1014632256525867,-1.9295243857041844,-2.63089841266848e-07,1.0,0.001000006311959675,0.0031499648884044224,0.21840349163086908,5.618978572341631,-1.6302136249012416,-1.630213607682122,-1.406937713093228,-4.197160402933757e-08,0.0010000044661056665,0.0017092229229294592,0.06603892168237104,6.926473278469511
2168,-2.10122464512879,-2.1012244337009935,-1.9289222730780549,-2.1030318062260465e-07,1.0,0.0010000089411887358,0.0029625338897601053,0.19660982445655567,5.4412718404014155,-1.4760759419865077,-1.4760759366883172,-1.1960084716478983,-3.427267074584961e-08,0.0010000031700150834,0.0016578047225872675,0.0664798389085465,7.358400302463108
2169,-2.0962217866249806,-2.096221773129589,-1.909342885017395,-1.968077893527049e-09,1.0,0.00100000668097428,0.0033488458611141397,0.19283152188894884,6.116147815056567,-1.4595313522550795,-1.4595310052235921,-1.1701285014549891,-3.5572383138868546e-07,0.0010000022205834587,0.0015575525376738775,0.06218580208304855,7.244396209716797
2170,-2.1185055746222443,-2.1185055183914474,-1.9695783606115378,-5.0256274781137144e-08,1.0,0.0010000066963498885,0.0033931123193810288,0.20745246416344396,5.2521112999826105,-1.5329682707786558,-1.5329682085249159,-1.2673387116856045,-6.275044547186958e-08,0.0010000018377064003,0.0014998628550933466,0.05898763893379105,6.895576000213622
2171,-2.1301171509724743,-2.1301169800308517,-1.949621245546161,-1.8513989898393738e-07,1.0,0.0010000054289604414,0.0030494961153961857,0.17003828251980385,5.460602877274999,-1.479812737305959,-1.4798125280274286,-1.1905567500326368,-2.0389755566914877e-07,0.0010000027224628461,0.0015679035879050693,0.0647736911351482,7.31257602903578
2172,-2.1150655499044455,-2.11506524400891,-1.9456197068376362,-2.9352476012031987e-07,1.0,0.0010000055080349997,0.002919843943157005,0.16379088282866297,5.425387733387497,-1.5336016270849442,-1.533601529068417,-1.261515748500824,-1.0016891691419814e-07,0.001000001967056758,0.0016858089741112457,0.08550648204982281,7.306938298543295
2173,-2.069082977636805,-2.0690827122274436,-1.8882686192134641,-2.6266811028966365e-07,1.0,0.0010000065008600085,0.003905405850536278,0.2242527704615638,6.029482157725208,-1.5407930201954314,-1.5407928029696147,-1.2882256481382581,-2.1076864666408962e-07,0.001000002856987218,0.0017637189477682114,0.08278310085750289,7.20092264811198
2174,-2.067348648917,-2.0673483880061023,-1.8756292113717996,-2.6365214923642714e-07,1.0,0.0010000045415681769,0.004209812956791863,0.2637136826678267,6.261033008683403,-1.5241271548801,-1.5241269985834758,-1.252586007780499,-1.5778674019707573e-07,0.0010000033226485053,0.0018173564484135973,0.07662502498262458,7.576913939581977
2175,-2.113482909382514,-2.113482619231602,-1.9379757777699884,-2.931030291431355e-07,1.0,0.0010000053542789141,0.0030358450329106934,0.17066338472946915,5.490074949444465,-1.579760558075375,-1.579760460058848,-1.3224217785729302,-9.288390477498372e-08,0.001000001954121722,0.0017970506774468555,0.08120927127699057,7.286229557461208
2176,-2.09733865620955,-2.0973384020463475,-1.9410544588880718,-2.550066642041476e-07,1.0,0.001000004086889467,0.0035357579066119383,0.21310671833607386,5.691571869940128,-1.5070376515388488,-1.5070375588205125,-1.2150209267934164,-7.400910059611003e-08,0.0010000021248641941,0.0016626206976878973,0.07527733848740657,7.255738491482204
2177,-2.084093750647779,-2.0840934739922576,-1.920913041762586,-2.7679609802533997e-07,1.0,0.0010000057935820154,0.0034970091546024634,0.205847903523805,5.740970773516961,-1.4346435507138569,-1.4346434341536627,-1.1360409994092253,-1.1208984586927626e-07,0.0010000047222193744,0.0017207872122526168,0.07557741854753759,7.710108153025311
2178,-2.082423983879809,-2.0824237229689113,-1.8734448743316363,-2.633007067554402e-07,1.0,0.0010000088489350845,0.003509035123125562,0.2186351017147865,6.188144449917775,-1.3756278038024903,-1.3756276488304138,-1.069864245173004,-1.5538599756028916e-07,0.0010000029940985971,0.001660858994970719,0.06916305791172717,7.670789856380886
2179,-2.1129306487317354,-2.1129303855716057,-1.9352658064860218,-2.574667615710564e-07,1.0,0.001000004585498487,0.003549084594508387,0.23805010677227434,5.846100501294406,-1.3991213996687697,-1.3991212690352566,-1.0796299017137951,-1.2997123930189343e-07,0.001000001253042784,0.0015509817594041428,0.0647102967939443,7.259292422400581
2180,-2.0550109665348844,-2.0550108518240586,-1.8822267910219588,-1.2701131262869204e-07,1.0,0.0010000061406314654,0.003987882154519265,0.24562378459662762,6.144164256329806,-1.5201330131954618,-1.5201329840554132,-1.25714722805553,-2.3096799850463868e-08,0.0010000053922542267,0.0018327857031383448,0.08474665296574434,7.380064794752332
2181,-2.046761445279391,-2.0467675182054625,-1.8935203552246094,6.0753158803256055e-06,1.0,0.0010000068259443033,0.003948714059144961,0.2509565165020385,5.892433310454747,-1.524919905927446,-1.5249198648664686,-1.258453432056639,-3.3610396915011935e-08,0.0010000028130080964,0.0017689436855208543,0.08562946195403735,7.324102115631102
2182,-2.080361141348785,-2.0803611818349586,-1.9017073613292765,5.981551026398281e-08,1.0,0.0010000038892030716,0.0034945518380241855,0.2405121310983064,5.886897905817571,-1.564423308107588,-1.5644233451949225,-1.3090081254641215,3.3527612686157227e-08,0.001000001848054429,0.0018655322776693437,0.08830918595194817,7.309761142730713
2183,-2.103286808391787,-2.1032867274194396,-1.931400994084916,-7.68253263437523e-08,1.0,0.0010000068523024893,0.003418886287243299,0.20480782241683523,5.6933515116853535,-1.511312464872996,-1.5113125496440463,-1.220258441236284,7.988678084479437e-08,0.0010000023964999451,0.0016924609016213152,0.0721707307630115,7.414604367150201
2184,-2.064060757744987,-2.0640607532465234,-1.8750523801119823,-1.525260367483463e-08,1.0,0.0010000066787777644,0.004199964813624491,0.2627730931524398,6.07442491909243,-1.556717530886332,-1.5567175308863321,-1.287505422035853,4.13921144273546e-09,0.0010000021766043371,0.0015471750171855091,0.061240350351565415,7.003876039716932
2185,-2.087148131064649,-2.0871481198184894,-1.908489391488849,-2.2562607279363667e-08,1.0,0.0010000084667413864,0.003210063320848177,0.1797426598462856,5.736035571908051,-1.2520891248804726,-1.2520891180921656,-0.8986002645765742,-1.2748771243625216e-08,0.0010000041479037867,0.0016092260549258855,0.06538987579858965,7.821099821726481
2186,-2.0840498951246156,-2.084049827647659,-1.9029108038488425,-7.078051567077637e-08,1.0,0.0010000078319484052,0.003512514098371678,0.22905192158694537,5.782561401151261,-1.4963578356636893,-1.4963578396373325,-1.2108488748470942,1.4818376964992947e-08,0.0010000026474396388,0.0015515135187241767,0.0610992844733927,7.150883960723877
2187,-2.0979586749706627,-2.0979586209890977,-1.9430760055218104,-6.459512800540564e-08,1.0,0.0010000045481577235,0.003460299590479512,0.2083447803391741,5.626821670892103,-1.47103748453988,-1.471037338839637,-1.195755547616217,-1.404020521375868e-07,0.0010000019748177794,0.0017048082236821452,0.07415591610802544,7.359010039435492
2188,-2.103281025616628,-2.1032808816657877,-1.925780512251944,-1.3755458705830125e-07,1.0,0.0010000050731249295,0.003404950690104292,0.22238368776468737,5.809691757526037,-1.461740560001797,-1.461740459336175,-1.1622261381811565,-1.0141068034701877e-07,0.0010000025801774528,0.0017358798663028412,0.07654699656284518,7.504525502522787
2189,-2.0883838500616685,-2.0883836431323357,-1.9064658182971883,-2.0699962130132712e-07,1.0,0.0010000073333393852,0.0033490564805929955,0.22441200416464852,5.725079513945669,-1.5638709452417163,-1.5638706379466587,-1.3048750115765466,-3.0886795785692003e-07,0.0010000031415580046,0.001993343334955474,0.12064108103513718,7.4340078671773275
2190,-2.0948206366233104,-2.0948204004539632,-1.9451506790125146,-2.268912657251898e-07,1.0,0.0010000069423596251,0.003825935383573315,0.24183297912888932,5.8014643597152995,-1.3779608686765035,-1.3779604686631097,-1.0383162217007742,-4.0257970492045083e-07,0.0010000030717088116,0.001755281470509039,0.08819981652001539,7.869680955674912
2191,-2.052429592834329,-2.05242930718188,-1.8823540300693151,-2.7932648388844614e-07,1.0,0.0010000089697434374,0.003741379871191281,0.23541958412190653,5.960891300777219,-1.4467661685413782,-1.446765739387936,-1.1481755372550753,-4.3395492765638565e-07,0.0010000038943770858,0.0018612466416218214,0.10633279846774207,7.692512914869521
2192,-2.1235350752776525,-2.123534787375972,-1.9554652807847508,-2.838249476450794e-07,1.0,0.0010000061494175275,0.0037094349401809697,0.2178338835332191,5.471044999248576,-1.4530962321493364,-1.4530958559778002,-1.1406951793391877,-3.8287705845303003e-07,0.0010000012245857054,0.0016354057886120345,0.08860220602817005,7.310224098629423
2193,-2.121442637353573,-2.121442344953429,-1.9568688014768205,-2.92118990196372e-07,1.0,0.0010000024812366322,0.0028853037368225037,0.17246198436280466,5.35364804177914,-1.5111710720592073,-1.5111707144313389,-1.2379729707621865,-3.5886963208516437e-07,0.0010000011909546123,0.001822919639137884,0.09944752876957258,7.387335289849176
2194,-2.096634414960753,-2.0966341180621453,-1.9297091196168144,-3.1236207710122164e-07,1.0,0.0010000042801828317,0.0035037907951880457,0.21058719278365937,5.581364415726572,-1.468075079388089,-1.468074803882175,-1.1937674824562339,-2.760854032304552e-07,0.0010000015660706493,0.0016523100616824295,0.08304897687501378,7.29086062113444
2195,-2.1227078460297495,-2.1227075063957357,-1.9784668684005737,-3.312696825783208e-07,1.0,0.0010000031973006872,0.0031138724506885374,0.18399014044553041,5.075719990820255,-1.3132618567802838,-1.3132615417862932,-0.9887137005726496,-3.200438287523058e-07,0.0010000014522423347,0.0016536439173958368,0.07879719026386738,7.691798051198323
2196,-2.1048869884239054,-2.1048866690329784,-1.9438256947499402,-3.2873929671521456e-07,1.0,0.0010000045745159095,0.003300727305512102,0.1878822719994581,5.424305897838664,-1.4693169713020324,-1.4693167898390027,-1.2044601493411593,-1.8974145253499348e-07,0.0010000017575091786,0.0016743383680780728,0.0834140299508969,7.2749611324734165
2197,-2.086364174788853,-2.0863638464009986,-1.9159927480625656,-3.300747781429651e-07,1.0,0.0010000066084892682,0.003360913899498728,0.20624420644258554,5.7866962630793735,-1.3119668761889143,-1.3119665947225359,-0.9995207326279746,-2.789000670115153e-07,0.0010000023835649093,0.0021616203296515677,0.11155159388565355,8.522477700975205
2198,-2.0599550413635543,-2.059954728720323,-1.8867296092915085,-3.0554409297007437e-07,1.0,0.0010000038123250288,0.0034832263141343334,0.21165834072063555,5.958538941617282,-1.5683531787660387,-1.5683528078926934,-1.38114679257075,-3.696315818362766e-07,0.0010000031208619476,0.002853576220675475,0.17601674538519646,8.086474810706246
2199,-2.077366424056719,-2.0773661226596474,-1.918281042350913,-2.8747994944734394e-07,1.0,0.001000010461177466,0.0032990253047209305,0.19546538225884708,5.474722511363479,-1.5602822608417937,-1.560281973414951,-1.3001667340596517,-2.9090378019544813e-07,0.0010000039228341645,0.002400325334423946,0.14472727787991366,7.789267243279351
2200,-2.019402944816733,-2.019402692902763,-1.7702574572473202,-2.5999714743416264e-07,1.0,0.0010000100438395199,0.005382443400416171,0.2851726489387593,7.421086581248157,-1.704427623748779,-1.7044274436102973,-1.4978238688574896,-1.7434358596801757e-07,0.0010000046549571884,0.0027849359774134224,0.14422186004618803,7.780252159966364
2201,-2.056751210734529,-2.0567511365098774,-1.8777552528201409,-7.879340423727936e-08,1.0,0.00100000687646416,0.003727689214085914,0.2273505931052397,5.967981369990222,-1.572292090786828,-1.5722917159398397,-1.32763688299391,-3.6723083919949004e-07,0.0010000039694002933,0.001907212486387127,0.09475264739659098,7.298074340820313
2202,-2.09276438434169,-2.0927641076861687,-1.9178302063132233,-2.7960763787323576e-07,1.0,0.0010000073531080248,0.003019382704910383,0.18009104238787912,5.575520357995663,-1.4390329864290023,-1.4390327387385897,-1.135887661245134,-2.517468399471707e-07,0.0010000030329037045,0.0016535570948488182,0.08808717055039274,7.309382809533013
2203,-2.1195407228649787,-2.119540416969443,-1.9381809684465516,-3.080041903369832e-07,1.0,0.0010000062987805818,0.0030646564961709787,0.18909406113737035,5.550871430702929,-1.5446800669034322,-1.544679844379425,-1.3008411367734274,-2.1929542223612468e-07,0.0010000020964071154,0.0018021538310373823,0.09842478003766801,7.22904658847385
2204,-2.1186205036235304,-2.118620222469546,-1.9349840384609294,-2.8558216005001427e-07,1.0,0.001000005461908174,0.0032287074718624353,0.2073841523027645,5.786886615573235,-1.5657931420538163,-1.5657929248279996,-1.3260060608386994,-2.0853347248501247e-07,0.0010000017109430498,0.0018284806541891561,0.09463467045376699,7.11498933368259
2205,-2.1153338877659924,-2.115333568375066,-1.950148101122874,-3.115186151468529e-07,1.0,0.0010000038496657925,0.0032486112937682643,0.20183973696153118,5.664681169221986,-1.525955808162689,-1.5259557088216147,-1.245993945002556,-9.801652696397569e-08,0.001000001695421007,0.0018194692338713342,0.11140916330946816,7.279172229766846
2206,-2.1228839473904304,-2.1228836504918225,-1.971510057179433,-2.802402343390123e-07,1.0,0.0010000066128822993,0.003049901293432516,0.22223585587486905,5.178221149264641,-1.5419042481316463,-1.541904099782308,-1.2523406995667352,-1.476042800479465e-07,0.0010000024585881168,0.0019121653762542538,0.11316988418499628,7.424527835845947
2207,-2.1102468742514557,-2.110246572854384,-1.9570775999213166,-2.8255975471352633e-07,1.0,0.0010000057540447364,0.0031787009672525355,0.19725649582468113,5.2894592959925815,-1.5550371713108484,-1.5550370759434171,-1.2875078219506475,-9.371174706353081e-08,0.001000002088646094,0.0019195431714049643,0.10377708218163914,7.33975576824612
2208,-2.1307051721608863,-2.1307048932561337,-1.9865376117094509,-2.766555210329452e-07,1.0,0.0010000061889548066,0.003194749818780934,0.19467763845228925,5.059091329574585,-1.5209558155801561,-1.5209556645817226,-1.2205177998377217,-1.5795230865478515e-07,0.0010000018402934075,0.0017658694931823346,0.08758271398643652,7.431116369035509
2209,-2.135583182550826,-2.135582890150682,-1.9650364281996242,-2.904320662876345e-07,1.0,0.0010000044405284636,0.0028193817794639267,0.16955639523858168,5.321004269258031,-1.417198069559203,-1.417197976178593,-1.1074572852502267,-9.586413701375326e-08,0.001000001967056758,0.002024898657368289,0.10736497702697913,8.013683128356934
2210,-2.0568071581282705,-2.0568068837219813,-1.9038357374803074,-2.7827215644548523e-07,1.0,0.001000007289409075,0.004003293851812212,0.24688060680088006,5.9978290863756865,-1.5579206546147666,-1.55792059732808,-1.3216047523750198,-6.308158238728841e-08,0.0010000021455602514,0.0019337303651910688,0.1026675364209546,7.30649594200982
2211,-2.0730064904914713,-2.07300621383595,-1.910346654226195,-2.785533104302748e-07,1.0,0.0010000088687037241,0.0035334384147921263,0.21165167940956242,5.629968449754535,-1.415028507179684,-1.4150283608171674,-1.1090368860297732,-1.3833244641621907e-07,0.0010000047248063817,0.0018562340539776618,0.09685377946330441,7.944113243950738
2212,-2.0996825672545523,-2.0996823220882774,-1.9036691413735443,-2.462908906756707e-07,1.0,0.0010000094925141278,0.0032417172794493862,0.19497065225018645,5.789776766075279,-1.5596066541141933,-1.559606491194831,-1.3019282539685568,-1.566277609931098e-07,0.0010000029527064828,0.0017677836999711062,0.0855569457842244,7.182759200202094
2213,-2.087519112622963,-2.0875188449643693,-1.9052338510189417,-2.65409361641362e-07,1.0,0.0010000115352735487,0.0032202515087775747,0.22886589162473409,5.876195273309384,-1.5631672143936157,-1.5631669998168944,-1.314921885728836,-2.105202939775255e-07,0.0010000026552006603,0.002195749548263848,0.1195312373754051,7.852054648929172
2214,-2.1111224979724525,-2.111122232563091,-1.9436516064517904,-2.528980093182258e-07,1.0,0.0010000097121656785,0.003264876093522136,0.2067025408921939,5.486550771965171,-1.4376672877205745,-1.4376671698358323,-1.134167961941825,-1.1614627308315701e-07,0.0010000017549221714,0.0017300180935611329,0.09946061449332369,7.45525640911526
2215,-2.0936954808685013,-2.0936952064622125,-1.9124813169803259,-2.63441283747835e-07,1.0,0.001000007748480816,0.003823299167396606,0.2327177938565893,5.7607269826925025,-1.545649650361803,-1.5456495218806796,-1.2820446378654904,-1.295573181576199e-07,0.0010000015841796993,0.0018049557098290987,0.07048563042448627,7.480779488881428
2216,-2.0631544702457933,-2.0631542385749095,-1.909074493174283,-2.3202232594759958e-07,1.0,0.0010000089785294993,0.0035173080703419335,0.2223938109950637,5.714656083089001,-1.3312651991844178,-1.3312650415632459,-0.9941911964780754,-1.6010469860500758e-07,0.0010000021921263802,0.002335853204648528,0.110140463627047,8.943322732713487
2217,-2.0594599359440355,-2.0594596390454276,-1.9084083359196502,-2.9352476012031987e-07,1.0,0.001000006711725497,0.0035764170648038105,0.22054849842668706,5.688682866546343,-1.4985632247394984,-1.4985631081793043,-1.2188608527183533,-1.1912650532192654e-07,0.0010000027069408033,0.0022237152016411224,0.1213009109099706,8.001057656606038
2218,-2.0565558064658687,-2.05655548482571,-1.911234311337741,-3.020296681602046e-07,1.0,0.0010000050489632588,0.0034943319338742855,0.23256209497955047,5.592719761830456,-1.5165624724494087,-1.5165622274080912,-1.2645571165614657,-2.436339855194092e-07,0.0010000029009663396,0.0023693879833444954,0.13501625172793866,8.01323873731825
2219,-2.0312397682441854,-2.031268722606155,-1.864881306324365,2.8950917833256272e-05,1.0,0.0010000088884723635,0.003985639011381932,0.23404361307621002,6.0454411956499206,-1.6254687296019659,-1.6254688620567321,-1.3933592796325684,1.2947453392876518e-07,0.0010000050533562899,0.0021551790336767833,0.0968788051356872,7.487699614630805
2220,-2.0785584674691253,-2.0785585979245744,-1.9223967475711174,1.1759265413824118e-07,1.0,0.0010000122952679136,0.003892908525161164,0.23362578796047084,5.737133264541626,-1.6053730342123242,-1.6053729520903692,-1.359642740090688,-8.063183890448677e-08,0.0010000040366624793,0.0018746319019960034,0.10592804708414608,7.284411631690132
2221,-2.0899565692217843,-2.089956560224857,-1.914771464635741,-9.488946986648272e-09,1.0,0.001000005262025263,0.0033658899054950417,0.18894706406402137,5.639771367019078,-1.6746058093176945,-1.6746058305104574,-1.450909952322642,2.1109978357950847e-08,0.0010000026034605173,0.0018925103928065963,0.09091060536189212,7.049491034613715
2222,-2.079623946603739,-2.07962396009913,-1.899983750199372,2.396837720331156e-08,1.0,0.0010000078231623432,0.0036344846099931397,0.22132289455324974,6.069557581307753,-1.5480876127878826,-1.5480875902705722,-1.276286824544271,-2.3262368308173286e-08,0.0010000016488548782,0.0017177709637002812,0.07812046257572042,7.186954074435763
2223,-2.0933894346345148,-2.0933894368837462,-1.9199471158801384,-4.287598268041071e-09,1.0,0.0010000049479235455,0.003920782983461219,0.2251983389152952,6.059976177395515,-1.4836378839280868,-1.4836377792888218,-1.2169444468286303,-1.016590330335829e-07,0.0010000021662563085,0.0023943626425332494,0.12525306749675008,8.013048352135552
2224,-2.1129016763759108,-2.112901642637433,-1.9621510055829894,-3.120809231164321e-08,1.0,0.001000003535564075,0.0032711734837096817,0.19379412632365273,5.4909922086967615,-1.463052046298981,-1.4630520251062182,-1.158610929052035,-2.5580326716105142e-08,0.001000001832532386,0.0018560034869652656,0.07542201682097383,7.65223937564426
2225,-2.1220388929798917,-2.1220388929798917,-1.9295149344318319,-1.3073660292715397e-08,1.0,0.0010000047128963863,0.0028756934565158103,0.15700641112788669,5.595302113946879,-1.450226905114121,-1.4502268332574102,-1.1565059198273553,-6.65585199991862e-08,0.0010000034106067484,0.0018342900529710782,0.08323918268498447,7.6663887977600105
2226,-2.1037501501587204,-2.103750129915633,-1.9292394125236656,-2.4952416150075085e-08,1.0,0.0010000084403832003,0.003578868365126117,0.21888053722960768,5.792091212182675,-1.422890802224477,-1.4228906883133783,-1.0856420692263378,-1.1771917343139649e-07,0.0010000021171031727,0.0019186089384473032,0.10270642389853796,8.03503621419271
2227,-2.1071906562121407,-2.1071906449659816,-1.9297821701697584,-4.287598268041071e-09,1.0,0.0010000086534452046,0.003377598710358143,0.2216796513365687,5.664205960507663,-1.5582120219866433,-1.5582120484775968,-1.2872875730196636,2.284844716389974e-08,0.0010000027638549607,0.0017907813605335023,0.08631320293578837,7.290001826816135
2228,-2.1121066021469406,-2.112106590900781,-1.9511869516012803,-1.743154705695386e-08,1.0,0.001000004893010658,0.003227273237294043,0.21823197255297652,5.570759111980222,-1.5169915715853373,-1.516991486814287,-1.2438658780521816,-9.487072626749674e-08,0.0010000013332400056,0.0017400893589688672,0.08121889105273618,7.2536968019273536
2229,-2.112704594180269,-2.1127045446971677,-1.9408193804183096,-5.721483590467921e-08,1.0,0.0010000035992630248,0.0033557607906536673,0.20492951167782522,5.663846141887161,-1.4609653035799666,-1.4609653022554185,-1.1488755142523184,1.4901161193847657e-09,0.001000001423785256,0.0016559764484150542,0.08240461117691464,7.348458533816867
2230,-2.097580664562729,-2.097580615079628,-1.9354496924382336,-3.0926938326853626e-08,1.0,0.001000007302588168,0.003162441245842514,0.21692866266195504,5.472745256603889,-1.4802752084202238,-1.4802753739886814,-1.197055263651742,1.629193623860677e-07,0.0010000025853514672,0.0019977581040519807,0.09308793975247277,8.099283228980172
2231,-2.077606941169163,-2.07760688943683,-1.8994754552841187,-4.913165884197883e-08,1.0,0.0010000079637393355,0.0037973255362748256,0.24370731086522904,6.0266072570153,-1.4637858311335248,-1.4637859145800272,-1.148494459854232,7.400910059611003e-08,0.0010000020343189438,0.0019218991148389048,0.09131509144273069,7.907952202690972
2232,-2.104191343739348,-2.1041913234962606,-1.937874919963333,-1.7290970064559074e-08,1.0,0.0010000048512768633,0.0036191466387431575,0.257934995557902,5.7378415566570355,-1.4463008092509377,-1.4463007006380293,-1.135543933345212,-1.0877847671508789e-07,0.0010000027483329176,0.0016749344196998412,0.07372369726912843,7.5148787604437945
2233,-2.1163222969702953,-2.1163222587333537,-1.9762397307269979,-3.830723042758006e-08,1.0,0.001000007357501056,0.0033406636409707507,0.24039386044133385,5.352620966029617,-1.4053375098440382,-1.4053376144833034,-1.0948524610863792,1.0066562228732639e-07,0.0010000029785765543,0.0016210339083853696,0.06689360835072067,7.513760460747614
2234,-2.0887703063353054,-2.088770279344523,-1.9108315098960444,-2.319520374514022e-08,1.0,0.0010000099867301167,0.003469569173659075,0.22904663142871182,5.917262981522758,-1.404230071438683,-1.4042301734288534,-1.080684761951367,1.0902682940165201e-07,0.001000002975989547,0.0017096249697109063,0.07521910313516855,7.577197297414144
2235,-2.105321764945984,-2.1053216749767087,-1.9138521090993341,-9.467860437789053e-08,1.0,0.0010000070148446368,0.0030850323075252884,0.18959662142508435,5.704476374500203,-1.404164719581604,-1.4041647983921899,-1.055270969039864,8.336371845669216e-08,0.0010000016592029068,0.0016999560253073772,0.08201271200345622,7.716883479224311
2236,-2.0787652888388,-2.0787652303587714,-1.93044184738735,-4.906137034578143e-08,1.0,0.001000006711725497,0.0037120784751473452,0.24130741805541064,5.562762759766489,-1.4641555825869246,-1.4641554594039916,-1.1698472446865507,-1.2359685368008084e-07,0.0010000019903398222,0.0017992004778029191,0.08627987744079696,7.511022377014159
2237,-2.107568012093598,-2.1075679221243226,-1.910208578379649,-8.07614821308064e-08,1.0,0.0010000048007570066,0.003440038924861067,0.2377319392168297,5.85953142508021,-1.396497696638107,-1.3964976198143428,-1.0637081771054202,-7.169114218817817e-08,0.0010000018868595363,0.0017060112777269548,0.08491545394062996,7.766056622399224
2238,-2.095188687432487,-2.0951886357001537,-1.9232522474144989,-7.260801657190863e-08,1.0,0.0010000085480124602,0.0034530815681583196,0.2030834963650636,5.830168310201393,-1.3614563504854837,-1.361456236574385,-1.0052402802639537,-1.160634888543023e-07,0.00100000260087351,0.0016060382567553056,0.05978076925708188,7.796319548288982
2239,-2.1130855443342678,-2.1130854701096156,-1.9591602874252032,-8.392446445968915e-08,1.0,0.0010000057189004882,0.0029910404744716186,0.18635247412295836,5.379281817742114,-1.515186140272352,-1.5151862992180718,-1.2500399629275003,1.5679332945081923e-07,0.0010000035606531634,0.001814868130410711,0.08346124020301633,7.431768978966607
2240,-2.0770936979437775,-2.077093578734488,-1.8879015670632415,-1.341807392408263e-07,1.0,0.0010000101690409036,0.003644152597155211,0.23841601427433626,5.925856009969172,-1.4808605154355363,-1.4808602227105034,-1.1895633644527859,-2.9636753929985895e-07,0.0010000036667204566,0.0018883974575955008,0.07800279921955533,7.8569996409946015
2241,-2.1178267676875278,-2.1178266799674845,-1.9570496847044747,-9.256994949196869e-08,1.0,0.0010000055651444028,0.0030803223544696593,0.1785600186097172,5.250988672364433,-1.5130361994107564,-1.5130360828505622,-1.227983013788859,-1.1920928955078125e-07,0.0010000025232632956,0.0016560566275277072,0.07358241958750619,7.281148582034641
2242,-2.1459739208221436,-2.145973727388202,-1.9549209509255752,-2.072104867899193e-07,1.0,0.0010000041483919013,0.002750188771213563,0.17729250429514445,5.377612518814375,-1.6041042023234895,-1.6041039864222209,-1.3464476035700903,-2.2649765014648436e-07,0.00100000260087351,0.0016470999534552297,0.07501359093520377,6.895742384592693
2243,-2.095909552754096,-2.095909505520227,-1.8948671367933165,-6.670378289132748e-08,1.0,0.001000005701328364,0.00367391494515721,0.20669518516592258,5.844861885286727,-1.4726441052224901,-1.4726440601878696,-1.1739777356386185,-5.447202258639865e-08,0.001000003110513919,0.0018264715508040455,0.07873830224076907,7.742283725738527
2244,-2.111226792605418,-2.1112267071346067,-1.9585031585873298,-8.490850340645268e-08,1.0,0.0010000070258272143,0.0028603776898410804,0.20918529002733952,5.335353109071839,-1.4763555049896238,-1.4763554427358838,-1.1855549742778142,-6.225374009874132e-08,0.0010000040625325508,0.0017668716790568497,0.07291676041980584,7.503739865620932
2245,-2.1171983367991896,-2.1171982288360596,-1.927109160513248,-1.0529216730369712e-07,1.0,0.0010000059846788645,0.003084269934333861,0.19473593460641941,5.7627124201576665,-1.45914583073722,-1.4591458823945787,-1.1504120551877552,4.875991079542372e-08,0.001000001423785256,0.0018619739579864673,0.0846810878150993,7.729467370775011
2246,-2.0984458743401295,-2.098445809112405,-1.909251886718678,-5.7074258912284416e-08,1.0,0.0010000041330162927,0.003807908369948701,0.23316885559064038,5.9244632496024074,-1.5262667748663163,-1.5262666900952657,-1.2351887163188722,-7.881058586968316e-08,0.0010000021119291583,0.001648717684050401,0.0710346172667212,7.252362791697184
2247,-2.076816052760718,-2.0768159492960514,-1.8902816839937895,-9.664668227141758e-08,1.0,0.0010000035772978696,0.004142547711589426,0.27203280587663065,6.320530563030603,-1.435212723414103,-1.4352126452657912,-1.1636526972055434,-8.319814999898274e-08,0.0010000018739245004,0.0024386014039110807,0.11522725621859232,8.23373098373413
2248,-2.0923688974020616,-2.09236882317741,-1.9078976028370407,-6.930445725063108e-08,1.0,0.0010000085787636773,0.0037799599791332236,0.21982340071842355,5.80489122642661,-1.5396590987841288,-1.5396591385205587,-1.2667528162399928,4.122654596964518e-08,0.0010000020989941226,0.0017667694534692498,0.06791408982955748,7.419272804260254
2249,-2.122544329121428,-2.1225442796383263,-1.957957018096492,-5.243521816325638e-08,1.0,0.001000004936940968,0.003215270630909868,0.19164328192764857,5.517799768807753,-1.4446420802010431,-1.4446418974134656,-1.1303204504979982,-1.8229087193806965e-07,0.0010000013591100773,0.0015869666511813799,0.06150345872673724,7.474910036722818
2250,-2.1137387100255713,-2.1137386920317165,-1.9509882949433237,-2.200029930978451e-08,1.0,0.0010000044273493706,0.0031400513857216487,0.20811840617712937,5.410871843122086,-1.483699431684282,-1.4836994065178766,-1.2013780520814987,-3.3610396915011935e-08,0.0010000013047829271,0.0016547729183609286,0.06283745504915714,7.44051546520657
2251,-2.097649738473712,-2.0976496619998284,-1.947862575638969,-7.759849980192364e-08,1.0,0.001000005431156957,0.003554896721704248,0.23287801535905533,5.577068054451133,-1.4794229216045802,-1.4794226315286425,-1.1717696438233058,-2.812180254194472e-07,0.0010000012245857054,0.0016597720975470211,0.0759109395245711,7.347456147935655
2252,-2.0972506055292093,-2.097250376107558,-1.8932648379847687,-2.24079725877294e-07,1.0,0.0010000028810024542,0.0035107447414325092,0.2488632385952855,6.128277796619344,-1.5722745458285015,-1.5722740756140814,-1.3134142153792912,-4.7095947795444063e-07,0.0010000019127296078,0.001732185402781599,0.07601715471181604,7.202936638726128
2253,-2.134528065627476,-2.1345278744427665,-1.964242179438753,-2.0313375401047042e-07,1.0,0.0010000034982233115,0.002981529716085994,0.18790775959221823,5.291495921476832,-1.4701730966567994,-1.4701727800899083,-1.1846855812602572,-3.06881136364407e-07,0.001000003058773776,0.001681847665976319,0.07624401499827703,7.5470274713304315
2254,-2.054752491555124,-2.05475234310582,-1.874756155148992,-1.5589988456582123e-07,1.0,0.0010000074936850172,0.0036467833132570924,0.20874489770042445,5.864619902844699,-1.6323471506436666,-1.6323470181889004,-1.4215583655569288,-1.3634562492370606e-07,0.0010000063882519802,0.002423285121201641,0.11611997907360395,7.533115069071452
2255,-2.048000736056634,-2.0480006303427354,-1.8919486819573168,-1.1435938331316102e-07,1.0,0.0010000064020168106,0.004154637416402968,0.27455419931068736,5.97800552620078,-1.467044002479977,-1.467043862077925,-1.1975308616956075,-1.4735592736138238e-07,0.0010000024973932239,0.0016325815554915203,0.06843649320718315,7.393396208021375
2256,-2.0631676417476728,-2.063167493298369,-1.8960548436866616,-1.4634064908297556e-07,1.0,0.0010000077243191453,0.003865572702983078,0.19912524124220857,5.869273145243807,-1.4787456247541642,-1.478745206197103,-1.1901879926522574,-4.147489865620931e-07,0.0010000031777761048,0.0017664590229590734,0.08242369041674667,7.720410611894397
2257,-2.1185710812514684,-2.118570829337498,-1.9236457437839147,-2.5697474209767465e-07,1.0,0.0010000069138049236,0.003087293677348292,0.19192032958820182,5.707032788474605,-1.452449161476559,-1.4524484819836088,-1.1501239955425262,-6.758504443698459e-07,0.0010000017445741427,0.001659498216273884,0.06821615596612295,7.4693572362264
2258,-2.137539469970847,-2.137539215807645,-1.9620737534648967,-2.580290695406356e-07,1.0,0.001000005283990418,0.0026429636658714065,0.14956728418199522,5.307723535681671,-1.4374599874019622,-1.4374597873952655,-1.1329558144013088,-2.0315249760945637e-07,0.001000001899794572,0.001769775749805073,0.0785166073176596,7.871657286749946
2259,-2.1049841394964255,-2.1049839910471215,-1.9234513336757444,-1.5786796245934829e-07,1.0,0.0010000057452586742,0.0032909011384823694,0.23521051977602941,5.76684251821266,-1.5604583859443666,-1.560458050833808,-1.3033621456887987,-3.2956401507059734e-07,0.0010000016229848067,0.0015770490384764142,0.06183565852956639,6.979452482859292
2260,-2.0898276657428383,-2.0898274003334767,-1.9630229630560245,-2.5064877743990915e-07,1.0,0.0010000063844446867,0.0035667272047403284,0.2285582554649632,5.314246002233253,-1.5543699569172331,-1.5543695820702448,-1.285166714588801,-3.702938556671143e-07,0.001000001441894306,0.001713843377203577,0.0849566626879904,7.289134438832601
2261,-2.1210798542454556,-2.121079573091471,-1.9350850559630484,-2.9612543447962346e-07,1.0,0.0010000064964669775,0.002945143696500586,0.18866923342476477,5.496486168987346,-1.5549481312433877,-1.5549476742744446,-1.283160071571668,-4.576312171088325e-07,0.0010000014470683204,0.0016892432959543335,0.08164491756922669,7.278507338629828
2262,-2.079534575624286,-2.079534334956475,-1.9409702026619102,-2.4186271541523485e-07,1.0,0.0010000071751902688,0.00336863799020648,0.19915408294929085,5.44424628311733,-1.5153811719682482,-1.5153807600339253,-1.2521452797783745,-4.16487455368042e-07,0.00100000091155784,0.0016813525955917106,0.08282801662054327,7.320573404100205
2263,-2.077246978597821,-2.0772467289330825,-1.93479500626618,-2.5627185713570073e-07,1.0,0.001000005323527697,0.003733432416821707,0.2521853934059728,5.595467958810194,-1.4752655069033307,-1.4752651545736524,-1.18785360455513,-3.5398536258273656e-07,0.0010000017626831928,0.0016935166023257706,0.08120781576467885,7.508254305521646
2264,-2.0798707998023844,-2.0798706311099933,-1.891047162829705,-1.6967642982051058e-07,1.0,0.0010000042757898006,0.003713784559260843,0.2102866382250246,6.1265474940246,-1.609155395295885,-1.6091551118426852,-1.3532963024245368,-2.824597888522678e-07,0.0010000021947133872,0.001725903722561068,0.08628121792442268,7.147021336025663
2265,-2.112191081047058,-2.112190970834696,-1.9430850766739756,-1.14710825794148e-07,1.0,0.0010000056771666936,0.0035289812784747416,0.21424079229528048,5.744902129443187,-1.4471725391017065,-1.4471720781591204,-1.1483671016163297,-4.702144198947483e-07,0.0010000010874743263,0.0016983376039812963,0.09325137117670643,7.509319400787353
2266,-2.0934350603031664,-2.093434839878442,-1.9199600197234243,-2.2752386219096633e-07,1.0,0.0010000044295458861,0.003726750252030368,0.22418084712523334,5.777745296370308,-1.4997474273045859,-1.4997471186849807,-1.2155304941866132,-3.053082360161675e-07,0.001000001682485971,0.0017828885336510008,0.09169998665650686,7.565884982215034
2267,-2.1312103788807706,-2.13121005499138,-1.9616852886271927,-3.349246843805853e-07,1.0,0.0010000021693314302,0.0030431438540547803,0.19441871689456813,5.354130362564662,-1.4227792806095547,-1.4227789044380188,-1.1105324460400476,-3.731913036770291e-07,0.001000001713530057,0.001738650463004079,0.09505273993644449,7.745376046498617
2268,-2.0846047693828367,-2.084604542210417,-1.9509216771935516,-2.3096799850463867e-07,1.0,0.0010000064239819658,0.00366256506410691,0.242879663435918,5.48768701643314,-1.5375226391686332,-1.537522668308682,-1.2534201701482137,3.0464596218532984e-08,0.0010000017678572072,0.0016716183861717581,0.07917860775358147,7.240341239505344
2269,-2.106794346053645,-2.1067940873919793,-1.9050831884708044,-2.660419581071386e-07,1.0,0.001000004897403689,0.0030942418643290985,0.17775164804649804,5.6564447474929525,-1.5595903714497887,-1.559590012497372,-1.3104231534732713,-3.5911798477172854e-07,0.0010000024378920595,0.001715148085107406,0.08001776325205961,7.144999620649551
2270,-2.121613664447137,-2.121613322563891,-1.9595704101166636,-3.416723800155352e-07,1.0,0.001000003695909707,0.003218578436095619,0.20064670395738674,5.4478004878421995,-1.5265666113959417,-1.5265663544336954,-1.2516609843923814,-2.628399266137017e-07,0.0010000016928339997,0.0020476454170420765,0.1017832135160764,7.645490868886312
2271,-2.1125092843793474,-2.1125089290007106,-1.9411593653121084,-3.6409441030250404e-07,1.0,0.0010000048490803478,0.0034606502356253704,0.20910238225083305,5.565920514880486,-1.6021026465627881,-1.6021023591359456,-1.3461007336775461,-2.8014183044433595e-07,0.0010000013332400056,0.0017660026930065619,0.08565870395137204,7.249738926357693
2272,-2.1150649223687514,-2.1150645872332015,-1.9475661336251024,-3.4884180662766945e-07,1.0,0.0010000046491974368,0.0029694226236557063,0.17533939844875965,5.252503188151233,-1.5092560119099088,-1.509255788061354,-1.2195965417971213,-2.2293792830573187e-07,0.0010000012168246838,0.0016510058763540454,0.08560086695684327,7.33975796169705
2273,-2.113527196758198,-2.1135268301334023,-1.979827417517608,-3.645864297758858e-07,1.0,0.0010000038123250288,0.0029439140871202326,0.17877863755203643,5.0151448249816895,-1.5052617841296725,-1.5052614728609721,-1.2181490891509585,-3.080401155683729e-07,0.0010000021636693015,0.0017081831323189868,0.08169165828989612,7.382433149549696
2274,-2.1173877896003,-2.117387479206301,-1.9362964360219128,-3.1587650191109136e-07,1.0,0.0010000043087375332,0.0031968925679805426,0.19817739777829288,5.62185450319974,-1.3828499343660139,-1.3828497250874838,-1.070692956695954,-2.0042061805725097e-07,0.0010000009943420688,0.0017419923588426578,0.09356805375880665,7.812356355455187
2275,-2.1220446487642683,-2.1220443113794865,-1.951944980981215,-3.3984487911440294e-07,1.0,0.001000004354864359,0.0029693033989905467,0.1752006089982559,5.316683499318249,-1.3885647137959798,-1.388564560479588,-1.0674844534860717,-1.536475287543403e-07,0.00100000178337925,0.0016876453016367223,0.08325546642558443,7.528103340996636
2276,-2.1054828391884857,-2.105482555785269,-1.9645356659619313,-2.81083696293381e-07,1.0,0.0010000030655097569,0.003078276537499338,0.1795141332484079,5.265210570029493,-1.5387250026067099,-1.5387247032589382,-1.269624839226405,-3.021624353196886e-07,0.001000001661789914,0.0017407331227635343,0.08102274677819676,7.233272065056695
2277,-2.09695624405483,-2.0969563700118155,-1.9223895342844837,1.4149074284535534e-07,1.0,0.001000005609074713,0.0033959595745710553,0.1838736707028353,5.804459202964351,-1.3492528160413106,-1.349252751800749,-1.0039823774662282,-6.722079383002387e-08,0.0010000016229848067,0.001856595740860535,0.10202345926728514,7.977055009206136
2278,-2.0740049582607343,-2.074005952421224,-1.902655117916611,9.876236600695915e-07,1.0,0.0010000042955584402,0.003730356005758469,0.2307397116608215,5.849047422409058,-1.4428149726655748,-1.4428148971663581,-1.1662841843234169,-7.036659452650282e-08,0.0010000031415580046,0.002350467777190109,0.11459482055571345,8.117164897918702
2279,-2.0894165241493368,-2.089416519650873,-1.9200632909558855,3.1629823288827573e-09,1.0,0.0010000064788948534,0.0033991190073308798,0.23879504910195773,5.612450064353223,-1.4293547153472903,-1.4293547537591722,-1.1210388325982623,3.832909795973036e-08,0.0010000014936344492,0.0018167598302372629,0.08237763866782188,7.659902127583821
2280,-2.113930394064705,-2.1139303693231546,-1.9585776351532846,-3.6057998549263435e-08,1.0,0.0010000054465325655,0.0032273408702029934,0.17730974202167313,5.496882290210364,-1.4025282551844918,-1.4025282271206378,-1.1028725266456605,-3.1706359651353624e-08,0.0010000029604675042,0.0018083568843495514,0.07665548047257795,7.716577190823025
2281,-2.0614630793625452,-2.0614633470211388,-1.836150900372919,2.569044536014773e-07,1.0,0.0010000045217995375,0.004378711734459085,0.26616116760755487,6.918193871120237,-1.4701348914040462,-1.4701641413900588,-1.1744582815302742,2.92439427640703e-05,0.001000001954121722,0.0016933507156661814,0.06805063844141034,7.475402567121718
2282,-2.0948342444761745,-2.094835929150851,-1.9198223217478338,1.6854478503173251e-06,1.0,0.0010000034477034548,0.003453225042354667,0.18836420985325328,5.892365185719616,-1.5161621106995475,-1.5161621398395961,-1.2366261422634124,3.0464596218532984e-08,0.0010000016022887494,0.0016824158581180706,0.06166736231082016,7.369186443752712
2283,-2.0609815862943544,-2.0609815390604846,-1.8843668181941193,-3.5003671106302514e-08,1.0,0.0010000094090465387,0.0034399699696497817,0.20157041326868083,5.878940276379855,-1.6126020789146422,-1.6126019994417826,-1.3719675766097175,-7.930729124281141e-08,0.0010000033200614983,0.0019215821780057417,0.08830360339747535,7.108826096852621
2284,-2.0575180143680214,-2.057518090841905,-1.897336849626505,8.399475295588655e-08,1.0,0.0010000062834049732,0.003745338365541033,0.2387560791212995,5.8609371950041576,-1.4027857648001778,-1.4027858330143823,-1.0890215112103356,6.465448273552788e-08,0.0010000030329037045,0.00194141350996991,0.08181914285653168,8.130543963114421
2285,-2.0789938197945648,-2.0789938062991737,-1.9067907535804893,-1.2159909842149266e-08,1.0,0.0010000092970242477,0.0036093887174502015,0.20749078480140218,5.664088874493006,-1.4125185052553815,-1.4125184171729617,-1.1018620467848248,-9.230441517300076e-08,0.0010000024611751237,0.00165052630731629,0.05768168150550789,7.613037437862819
2286,-2.1128081938005843,-2.1128081533144103,-1.9342448059118018,-4.7866465910425726e-08,1.0,0.0010000053059555732,0.002916734944589717,0.17286240049409415,5.6180975212241115,-1.350627522336112,-1.3506274647182888,-1.022938130537255,-5.985299746195475e-08,0.0010000026965927746,0.0016483416987790002,0.06183279131849607,7.815534845987957
2287,-2.123498846899788,-2.123498763678209,-1.9281877684143354,-8.800119723913804e-08,1.0,0.001000003509205889,0.0030000258702784777,0.18402195082239384,5.592237279100238,-1.4061201347245114,-1.406120194329156,-1.0810594426261053,6.233652432759603e-08,0.0010000014186112417,0.001593227731063962,0.0543400957973467,7.555769178602431
2288,-2.119478275191109,-2.1194780817571677,-1.9704638966974222,-1.981432707804554e-07,1.0,0.0010000022945328142,0.0032539955617086787,0.22430614487461323,5.300109107539339,-1.4691610760158964,-1.4691606627570257,-1.1845887816614575,-4.092024432288276e-07,0.0010000011547365122,0.0016017851186916233,0.06434419751167297,7.270973025427924
2289,-2.0501158642319015,-2.0501156393087134,-1.8972860732168522,-2.2611809226701843e-07,1.0,0.0010000055036419686,0.0037335001375912776,0.22023460212743506,5.988126295917439,-1.3975978884432052,-1.3975979745388032,-1.1030595779418946,8.319814999898274e-08,0.0010000013332400056,0.0019774629967287184,0.093641362629003,8.02467025121053
2290,-2.086970419253943,-2.0869702280692333,-1.8879336793467683,-2.1065462310359164e-07,1.0,0.001000003887006556,0.003830076878415948,0.20638126215704208,6.154183207817797,-1.5425561269124346,-1.5425557865036859,-1.289975992176268,-3.385874960157606e-07,0.001000001936012672,0.0018438821606751945,0.08956035280393229,7.440684254964193
2291,-2.1118310734910786,-2.1118308328232676,-1.9328285433211416,-2.475560836072238e-07,1.0,0.0010000051763611583,0.003190002955478739,0.2055978739177281,5.571905442003934,-1.4770777636104164,-1.4770772814750672,-1.1924517704380884,-4.83377112282647e-07,0.001000001628158821,0.0017553021846753029,0.08011869937181473,7.407336595323351
2292,-2.0727138024456098,-2.072713521291625,-1.9003679549918984,-2.765149440405504e-07,1.0,0.0010000080274382853,0.004015673323147843,0.2657414863132081,6.053881204353188,-1.4879446460141073,-1.487944252623452,-1.2296945714288288,-3.9206610785590276e-07,0.0010000037520916925,0.0018904351939757664,0.08816353070239226,7.650923622979058
2293,-2.1285905118258492,-2.1285902396687923,-1.988613852914774,-2.6646368908432293e-07,1.0,0.0010000057738133758,0.002995311684537468,0.19763413349271947,5.103566201228015,-1.4831731107499866,-1.483172599474589,-1.2010558323727714,-5.21540641784668e-07,0.0010000017394001285,0.001792149072409504,0.08310027511583434,7.434351698557535
2294,-2.1052396612347297,-2.1052393665853537,-1.9408871835132815,-2.973203389149792e-07,1.0,0.0010000047348615415,0.0035523239672535433,0.24488835992678157,5.639181744377568,-1.4775178194046024,-1.4775173876020644,-1.1720107924607066,-4.305607742733426e-07,0.0010000024353050523,0.0015964414044800732,0.0669863127792875,7.287537500593398
2295,-2.1288953322284625,-2.1288950263329274,-1.9905929295521863,-2.9753120440357135e-07,1.0,0.0010000039990288468,0.0030295694760872787,0.18918411751752193,5.098547778039609,-1.4617645117971632,-1.4617642071512011,-1.150888177074699,-3.0274192492167155e-07,0.0010000027974860536,0.0016918502903232973,0.07630492026607195,7.450784842173259
2296,-2.112718163796191,-2.1127178871406698,-1.9343745112419128,-2.8150542727056537e-07,1.0,0.0010000055497687943,0.0031521755494704506,0.19298259309440288,5.5788816820900395,-1.438493769698673,-1.438493506113688,-1.1263379926482837,-2.654062377081977e-07,0.0010000019903398222,0.0017321428439269462,0.07724811157418622,7.522856903076171
2297,-2.0948363272648938,-2.0948360146216625,-1.9161058889245086,-3.0441947703091605e-07,1.0,0.0010000090751761817,0.003331556046416737,0.2117992324649163,5.865729804308909,-1.454709262318081,-1.4547090649604797,-1.1621225042475594,-1.9810265964931912e-07,0.0010000025206762884,0.002002600497669644,0.11422492336067888,7.95528507232666
2298,-2.1085969659517394,-2.1085966937946825,-1.9415590448199578,-2.843872556146586e-07,1.0,0.0010000060769325158,0.0031894773227285666,0.19995642906792885,5.481318410837425,-1.559056301911672,-1.559056203895145,-1.2892654551400078,-8.775128258599176e-08,0.0010000020627760225,0.0018906275948716534,0.09666942151056396,7.326420190599231
2299,-2.0961260368239203,-2.0961257376760805,-1.9209189842332084,-3.0512236199288997e-07,1.0,0.0010000104545879196,0.0032693355691285346,0.19458204550000857,5.692213485825737,-1.5176247292094762,-1.5176246762275696,-1.2273101978831822,-5.472037527296278e-08,0.0010000025077412525,0.0018377707520913747,0.09611315329869588,7.446761194864909
2300,-2.0451215483107656,-2.04512124241523,-1.8737648163201674,-2.97109473426387e-07,1.0,0.0010000127104093444,0.0036513582069672783,0.2217976115643978,6.171345958169901,-1.4589520692825317,-1.4589518811967639,-1.1822346329689026,-1.8104910850524903e-07,0.0010000030199686686,0.0018260954258342585,0.09468549955636263,7.582981268564859
2301,-2.090963199453534,-2.0909629070533895,-1.8829153798661142,-2.905726432800293e-07,1.0,0.001000008464544871,0.003188758664588743,0.20798739453531662,6.004383523509188,-1.4777908709314136,-1.4777907596694098,-1.189295220375061,-9.470515780978732e-08,0.0010000034882169631,0.0017544945650216606,0.07747186049818992,7.565378718905978
2302,-2.0940405940109827,-2.0940403016108387,-1.9326767516586016,-2.9654716545680786e-07,1.0,0.0010000062768154268,0.003409015298118147,0.24214963316214536,5.463891794096749,-1.417837531036801,-1.4178373508983189,-1.128907780514823,-1.7757217089335123e-07,0.0010000024741101596,0.0017392386320150561,0.09097197407649624,7.381779532962375
2303,-2.1535699884846524,-2.1535696983337402,-1.9946145516521525,-3.032948610917577e-07,1.0,0.0010000053301172436,0.002777926856651902,0.17199593615489747,5.040863590420417,-1.4794943902227615,-1.4794943875736661,-1.1974709331989288,-2.897448009914822e-08,0.0010000011262794337,0.0016428940593161516,0.0803019361363517,7.198301039801702
2304,-2.11244291179585,-2.112442619395706,-1.9622850710490964,-2.999210132742828e-07,1.0,0.001000008607318379,0.003309994540616589,0.22357466978565702,5.281860675451891,-1.601903604136573,-1.6019035736719767,-1.3703460507922702,-4.602803124321832e-08,0.0010000020136228865,0.0016252669531645046,0.06586189332107703,6.701316303677029
2305,-2.097393676919757,-2.097393364276526,-1.9445342050408416,-3.155953479263018e-07,1.0,0.0010000055168210616,0.0034335420625108593,0.21175966151761558,5.514476924572351,-1.5822628974914552,-1.5822627915276422,-1.329247463742892,-8.882747756110298e-08,0.0010000023551078306,0.002031697599320776,0.09276265402634938,7.563094075520834
2306,-2.0920224122281343,-2.0920221513172366,-1.930082417883963,-2.5725589608246427e-07,1.0,0.0010000070521854006,0.003329037624973593,0.1819583995548903,5.400690942440393,-1.4789202054341635,-1.4789202041096157,-1.1900296536584696,-6.871090994940864e-09,0.0010000010745392905,0.0018241668275247017,0.09016838553878996,7.321265845828585
2307,-2.1165260143999785,-2.1165257377444573,-1.9353277525811825,-2.8888571937129183e-07,1.0,0.0010000041483919013,0.002927116050279506,0.17964704770524548,5.612087425195946,-1.559156154261695,-1.559156154261695,-1.2825058268176184,-2.6739305920071073e-08,0.0010000014056762059,0.0018422190048214462,0.08682095249079996,7.542438666025798
2308,-2.1016758365451165,-2.101675548643436,-1.9539980573474236,-2.876205264397387e-07,1.0,0.0010000056508085076,0.0034000261133220397,0.17225943226367235,5.46177268927952,-1.4750003735224408,-1.475000356303321,-1.1475605974594751,-4.2882230546739366e-08,0.0010000018532284431,0.0015974288573488594,0.06903368857585722,7.293078676859537
2309,-2.1220515786476857,-2.122051310989092,-1.9653585069584396,-2.65409361641362e-07,1.0,0.0010000059253729458,0.002936111152488387,0.19181949511732696,5.21878272632383,-1.4963382800420129,-1.4963381714291042,-1.2003738484448856,-1.0116232766045464e-07,0.0010000028828572895,0.0017123251092723674,0.0731247331533167,7.45503814485338
2310,-2.11620964419167,-2.1162093945269316,-1.9380168352486953,-2.4151127293424786e-07,1.0,0.0010000049874608248,0.0032139435160096807,0.1956559182759726,5.412157773971558,-1.6232663671175642,-1.6232663366529676,-1.377508164776696,-2.988510661655002e-08,0.0010000026991797818,0.0016328892541221445,0.067410401855078,7.06120065053304
2311,-2.124040902785535,-2.12404062163155,-1.9577268676937751,-2.7932648388844614e-07,1.0,0.0010000044471180102,0.0029287104349899687,0.1734342582804977,5.377311535601346,-1.5237069765726725,-1.5237069500817193,-1.2460312336683272,-4.056427213880751e-08,0.0010000015841796993,0.0016928798363854487,0.07452090486056274,7.551750681135389
2312,-2.1301104909968824,-2.1301102188398255,-1.9584155352610462,-2.695563829170083e-07,1.0,0.0010000041659640254,0.003028781192798941,0.18501510769831683,5.481674828619327,-1.5426613092422488,-1.5426613065931531,-1.2711639217204518,-3.319647577073839e-08,0.0010000013435880343,0.0015984142975260815,0.06223963333500756,7.181042247348361
2313,-2.1496225595474243,-2.149622321128845,-1.97350468275682,-2.2829703564913767e-07,1.0,0.001000003535564075,0.0025991373849189223,0.1573047384197982,5.108548344306226,-1.4782273504469132,-1.478227350446913,-1.1729053060213726,1.0016891691419814e-08,0.0010000041608388226,0.0018161150419877636,0.08397403100712432,7.668496502770319
2314,-2.116697462099903,-2.1166971989397734,-1.990810920607369,-2.687129209626396e-07,1.0,0.001000006551379865,0.0031131089902219347,0.2038185060692002,5.0171307707732575,-1.459850992096795,-1.4598509616321989,-1.1464711751581893,-4.205438825819228e-08,0.001000002463762131,0.0017426749743107291,0.07593953843331999,7.554741753472222
2315,-2.1126576167232587,-2.112657349064665,-1.9615326535026982,-2.7461715464322073e-07,1.0,0.0010000070280237298,0.003570874630174828,0.21373816953866548,5.3923720953599465,-1.5275727298524644,-1.5275726715723674,-1.2538644936349657,-6.092919243706597e-08,0.0010000011754325694,0.0017875939400659668,0.0888502859407001,7.3272664599948465
2316,-2.1115559879338965,-2.1115557270229988,-1.9391173214282629,-2.515625278904753e-07,1.0,0.0010000075112571412,0.0032915112755770954,0.19419234535955596,5.659888164052424,-1.4770672308074104,-1.477067228158315,-1.1758645521269904,-2.7401579750908744e-08,0.0010000024585881168,0.0017948048680813777,0.08926475720687045,7.665560658772787
2317,-2.113630195833602,-2.113629952916559,-1.938632256579849,-2.3609905872704848e-07,1.0,0.0010000050357841658,0.003266458146994547,0.20623123424373707,5.767803623991193,-1.3290960379358796,-1.3290959922389851,-1.0009776603844431,-5.8859586715698245e-08,0.0010000011806065837,0.0018772915135034257,0.08911728834112485,8.29222839143541
2318,-2.0760555042410798,-2.0760551803516893,-1.924208233941276,-3.1868804175898715e-07,1.0,0.0010000055102315152,0.003412518584397885,0.21965556915076273,5.577144708273546,-1.553138890531328,-1.5531387699974908,-1.2895041207472484,-1.2103054258558485e-07,0.0010000024792841738,0.0018211306823003623,0.09354564661367072,7.29672884411282
2319,-2.0916127753707596,-2.091612505462934,-1.9456352647745385,-2.8234888922493413e-07,1.0,0.0010000082712515064,0.0035844522897364958,0.2291916273710019,5.502926561067689,-1.3604877789815264,-1.3604877001709408,-1.0283298798733287,-7.930729124281141e-08,0.0010000030122076472,0.002034664689563215,0.09165593029724227,8.409266323513455
2320,-2.0888180957650238,-2.0888180125434443,-1.89648522520965,-9.010985212505989e-08,1.0,0.0010000063141561903,0.0031862778101503005,0.1759082004603631,5.927026802638792,-1.4725833899445004,-1.4725832521915436,-1.1899786045981777,-1.3253755039638942e-07,0.00100000215590828,0.002223426869346036,0.10601475002864996,7.980720085567898
2321,-2.093820349225458,-2.0938201535422847,-1.92433337445529,-1.9462884597058566e-07,1.0,0.0010000052290775304,0.0037040739025885486,0.21906569333009,5.8458200940546,-1.463230431079865,-1.463230311870575,-1.187201438844204,-1.034802860683865e-07,0.0010000021817783515,0.0017193266940820548,0.07335557095292541,7.638207138909234
2322,-2.0664245250090114,-2.0664247274398804,-1.8907187434862245,2.1452049039444834e-07,1.0,0.0010000069797003889,0.0036193020466082503,0.23040610038728085,5.994654839893557,-1.3676544904708863,-1.3676554646756913,-1.0568652937809626,9.702311621771919e-07,0.001000002055015001,0.0016076720785349607,0.07575409395827187,7.632735496097141
2323,-2.1035547841270015,-2.103555182241044,-1.9411147045639325,3.917177893080801e-07,1.0,0.0010000089192235806,0.003528561023555977,0.24716567255134853,5.4657249135791135,-1.4525192260742186,-1.4525191611713832,-1.1695991820759244,-5.993578169080946e-08,0.0010000021274512013,0.0016839210668371783,0.0765916930925515,7.394135835435654
2324,-2.082589347407503,-2.082589086496605,-1.9005152616860732,-2.7004840239039006e-07,1.0,0.0010000056332363835,0.003596452649085308,0.19933451729703625,5.794992487385588,-1.438683888647291,-1.4386837349997625,-1.1334042502774133,-1.5960799323187933e-07,0.0010000020834720798,0.0018577433915601836,0.08974626782453722,7.846361880832249
2325,-2.0948285494210586,-2.0948282682670736,-1.9224347303498466,-2.890262963636866e-07,1.0,0.0010000081240849675,0.0031934196507241927,0.19344093054884448,5.62983378824198,-1.5104432437154982,-1.5104432000054253,-1.2376099076535967,-5.48859437306722e-08,0.0010000024042609666,0.001981966642455922,0.10822666125992934,7.519926060570611
2326,-2.0948166082490167,-2.094816311350409,-1.929555229420932,-3.087070752989571e-07,1.0,0.001000005283990418,0.0033016288762841867,0.2079908134029159,5.552042196381767,-1.5389799422687955,-1.5389797687530518,-1.2624255498250325,-1.708666483561198e-07,0.001000002823356125,0.0020203859312459826,0.1231386575433943,7.533883847130669
2327,-2.1175152423246852,-2.1175149004414395,-1.9484650189021848,-3.3893112866383676e-07,1.0,0.0010000060461812987,0.0030589419996963356,0.17629675595265515,5.458896974347672,-1.4483052174250288,-1.4483051273557874,-1.136815959546301,-8.27842288547092e-08,0.0010000025905254814,0.001731609271114899,0.07817061887019211,7.711050372653537
2328,-2.1350107710316495,-2.13501050787152,-1.950642410314308,-2.6899407494742915e-07,1.0,0.0010000041901256959,0.0026764033520418518,0.14109714012944474,5.551644797595042,-1.3969367841879525,-1.3969367457760704,-1.0828795862694582,-4.718701044718424e-08,0.0010000031260359618,0.0029131134713275566,0.15674172167976697,9.614469581180147
2329,-2.120958191043926,-2.1209578828991584,-1.943880965124886,-3.1095630717727375e-07,1.0,0.0010000102371328845,0.0031195013203992035,0.19033262103725718,5.459660804496621,-1.518801090452406,-1.5188010149531894,-1.2518041782908969,-7.442302174038357e-08,0.0010000023007806804,0.0017590799084347155,0.0784310234296653,7.405488883124457
2330,-2.117387425224736,-2.11738723853849,-1.9380689409543883,-1.9455855747438826e-07,1.0,0.0010000085721741307,0.002937284599163763,0.16350194695844966,5.60253976875881,-1.4870992700258892,-1.4870991746584574,-1.1977492610613505,-9.155935711330838e-08,0.0010000022205834587,0.0015473257336351607,0.06099917687889603,7.196312480502657
2331,-2.1097944547545233,-2.1097943400436976,-1.9659118809789982,-1.1112611248808087e-07,1.0,0.0010000054377465035,0.0030460886037820636,0.19291155911841482,5.423651573792943,-1.4703133662541708,-1.4703132814831203,-1.1823147250546349,-7.814831203884549e-08,0.0010000018092493216,0.001590303611010313,0.06473095602252417,7.296854983435737
2332,-2.110670910691315,-2.110670638534258,-1.9358743271737728,-2.7039984487137705e-07,1.0,0.0010000076759958043,0.0033942307697011616,0.19174538067770455,5.620254952952547,-1.4963655922147963,-1.4963655047946507,-1.206609042154418,-8.237030771043565e-08,0.0010000026474396388,0.0017876057678626643,0.09170195857683817,7.614243857065836
2333,-2.126036230123268,-2.126035948969283,-1.961087777929486,-2.8558216005001427e-07,1.0,0.0010000036322107574,0.0033720017252665646,0.21724607744517754,5.42014068927405,-1.3101312273078496,-1.3101312273078494,-0.9563471090462473,-3.6425060696072047e-09,0.001000001661789914,0.0016463691860230433,0.06290967075361145,7.990052244398329
2334,-2.1235233905180446,-2.123523129607147,-1.9458317329298775,-2.5964570495317566e-07,1.0,0.0010000043438817814,0.00331321063029738,0.21438205157810786,5.774362015274336,-1.3570101724730599,-1.3570101380348205,-1.0319437500503328,-5.190571149190267e-08,0.0010000024249570238,0.0016174941737618711,0.07252783564229806,7.741945457458495
2335,-2.0548767098840677,-2.054876444474706,-1.883562648071433,-2.786235989264722e-07,1.0,0.0010000116868331185,0.004070730767880549,0.2244049111064875,6.141606105948394,-1.5905860887633427,-1.5905859894222683,-1.3490043414963617,-1.0877847671508789e-07,0.0010000029708155328,0.0018777912534359428,0.09699573959741327,7.217372343275283
2336,-2.120683157219077,-2.120682903055875,-1.9184396896722182,-2.472046411262368e-07,1.0,0.0010000057320795812,0.0032553663213719737,0.21880880943587366,5.928666155293302,-1.2517675896485647,-1.2517674876583946,-0.8657322811583678,-8.584724532233344e-08,0.0010000017575091786,0.0016460272069606515,0.0618179307008783,8.007943386501738
2337,-2.090274894012595,-2.090274601612451,-1.937825562818995,-3.008347637248489e-07,1.0,0.0010000050687318984,0.003566565161201892,0.2383523905333483,5.559544342868733,-1.415836964713203,-1.4158368481530084,-1.1224321146806082,-1.2111332681443957e-07,0.0010000032088201907,0.0016469847954188783,0.06940246743874418,7.490947511461046
2338,-2.107047045005942,-2.1070467840950444,-1.9461503681146874,-2.599268589379652e-07,1.0,0.001000008086744204,0.00326119101263653,0.19375115239395285,5.455014080371496,-1.4856355163786144,-1.4856353773011102,-1.1781568500730726,-1.5141235457526313e-07,0.0010000040884026223,0.0016692957530419033,0.07508303322311904,7.430804242028131
2339,-2.123511550561437,-2.123512283811029,-1.9665414814679127,7.207382400080842e-07,1.0,0.0010000072608543735,0.003132961743142245,0.20995596866562682,5.365276422140734,-1.2883566048410204,-1.2883565465609232,-0.947380786223544,-5.380974875556098e-08,0.0010000014030891989,0.0018362331229986417,0.09060138567454284,8.28259850607978
2340,-2.09997932191165,-2.0999792611823893,-1.9382823795642492,-5.2927237636638137e-08,1.0,0.0010000077682494554,0.003317175224370692,0.2163652591407299,5.521152154454645,-1.5115266945627002,-1.5115267448955112,-1.2211583253410128,4.40412097507053e-08,0.0010000023137157162,0.0018852209879292382,0.08688924929334058,7.6810215102301695
2341,-2.093672349767865,-2.0936722125647202,-1.913806343978306,-1.4830872697650261e-07,1.0,0.0010000083964528902,0.0036946734092813335,0.2434815029385236,5.931924491558435,-1.2821578648355272,-1.2821576277414957,-0.9335960149765015,-2.3593505223592123e-07,0.0010000020782980653,0.0015818183594900701,0.06486330587002966,7.841906748877631
2342,-2.119784512609806,-2.1197842741912267,-1.9507083083098788,-2.3096799850463867e-07,1.0,0.0010000069291805321,0.002912886563758805,0.19871751145231273,5.313665394513112,-1.4211534804768031,-1.4211530619197421,-1.1064861345622274,-4.175636503431532e-07,0.001000002158495287,0.0016983699467447069,0.06725799250933859,7.639516618516709
2343,-2.098399625634247,-2.098399335483335,-1.9167822307010867,-2.876205264397387e-07,1.0,0.0010000068786606756,0.003218440653070948,0.21091243571970822,5.708741943791227,-1.3975452105204267,-1.3975448780589634,-1.0962413532866373,-3.2434860865275064e-07,0.001000005363797148,0.002049925514600343,0.08889538579516941,8.260298156738282
2344,-2.098045288391833,-2.098045049973254,-1.9204541264839892,-2.2892963211491422e-07,1.0,0.001000007254264827,0.003306358600175887,0.1741270177628634,5.791168532281552,-1.373589328924815,-1.3735889156659444,-1.050802633828587,-4.160735342237684e-07,0.0010000017368131213,0.0015388398146670725,0.047499955486920147,7.560260189904107
2345,-2.10272291021527,-2.1027226313105167,-1.9557700247134802,-2.9240014418116154e-07,1.0,0.0010000099296207136,0.0034905233758695,0.21351160087956572,5.432282231888681,-1.4344006141026817,-1.4344001664055719,-1.1512156499756707,-4.5183632108900283e-07,0.0010000029552934898,0.0019066207369582522,0.0901368573307991,7.8997547149658205
2346,-2.1153144386579408,-2.115314132762405,-1.9398766576119189,-3.0680928590162743e-07,1.0,0.0010000067314941366,0.0030829099815268563,0.1927484160394601,5.64326392929509,-1.4347715715567269,-1.434771243068907,-1.124713459610939,-3.245141771104601e-07,0.0010000023318247663,0.0017025666751174463,0.07283388291382127,7.664638084835476
2347,-2.120243695546996,-2.120243403146852,-1.9273144051713764,-2.935950486165173e-07,1.0,0.0010000040187974864,0.0033947384129893385,0.2153203347697854,5.8113916280134665,-1.4258399075931973,-1.4258395526144239,-1.0923659794860416,-3.4901830885145397e-07,0.0010000039719873005,0.0018423608685326244,0.08733570865458912,7.858776389227974
2348,-2.136719969083678,-2.1367197419112585,-1.9700880298074686,-2.255557842974393e-07,1.0,0.0010000060308056901,0.0029298603064644166,0.1898863036888388,5.259375405761431,-1.43732095029619,-1.4373205926683215,-1.1264303697480096,-3.6102202203538683e-07,0.0010000026629616817,0.0016129691722906298,0.06645478097101053,7.5267131699456105
2349,-2.085183674434446,-2.085183656440591,-1.909442370792605,-2.136770284400796e-08,1.0,0.0010000089060444876,0.003533964781178478,0.19563207782383235,5.654503700868139,-1.4224003394444786,-1.4224003023571439,-1.1171320179270374,-3.311369154188368e-08,0.0010000023913259307,0.001570674373457829,0.056091181292302075,7.339415052202013
2350,-2.116893799799793,-2.116893745818228,-1.9692386568717237,-5.4614161545375607e-08,1.0,0.0010000072938021061,0.0030982641454891497,0.19593602302923518,5.211035863408503,-1.4452679355939229,-1.4452678600947062,-1.1422656801011828,-7.806552780999078e-08,0.0010000024870451955,0.0016792047147949536,0.06779492050409316,7.481284056769477
2351,-2.0898872366491354,-2.0898871916644977,-1.9144397524167907,-3.704203749602696e-08,1.0,0.0010000073553045404,0.0035524289892494396,0.22797021649356158,5.812479504999125,-1.2471491552061502,-1.2471491712662908,-0.8651236397938595,2.5580326716105142e-08,0.0010000045385418666,0.0018506399769749906,0.09395305328071117,8.454538610246448
2352,-2.052705427385726,-2.052705578084262,-1.8827242109010804,1.473949765259365e-07,1.0,0.0010000128334142126,0.00405876633254284,0.26740588518386743,5.974656082549185,-1.4434566471311783,-1.4434575564331478,-1.1565607203377617,9.101298120286729e-07,0.0010000036020452777,0.0018289955617446039,0.08914574558536212,7.83849334716797
2353,-2.081597242715224,-2.0815975486107594,-1.9046074039531204,3.138381355213669e-07,1.0,0.0010000123589668634,0.003458087154628955,0.2645066878143347,5.882159880872043,-1.4810760961638556,-1.4810761756367155,-1.1932112318774064,7.963842815823025e-08,0.001000002906140354,0.0017424088204279543,0.08466595411300659,7.458044974009196
2354,-2.1144972634765336,-2.114497218491896,-1.9608457605793792,-3.697174899982956e-08,1.0,0.0010000067358871675,0.002932694542907038,0.21054533120455607,5.240839512843006,-1.4061920411056945,-1.4061920086542765,-1.0918397823969523,-3.32792599995931e-08,0.0010000031907111406,0.0015894976729113194,0.06317143659624788,7.47582449383206
2355,-2.096743291279055,-2.0967432867805913,-1.9223547341688625,-5.060771726212411e-09,1.0,0.0010000097385238645,0.003021876751620955,0.1802452567191619,5.428700676504171,-1.53925361500846,-1.5392534845405155,-1.276113118396865,-1.2566645940144857e-07,0.0010000026784837246,0.0016403610093726052,0.0672677142959502,7.17188245985243
2356,-2.1006179935527296,-2.1006179778081067,-1.9472293561359622,-1.054327442960919e-09,1.0,0.0010000111442937884,0.00337035619029951,0.21932842577192582,5.471319149125297,-1.5734858380423649,-1.5734863334231906,-1.359634092119005,4.933940039740669e-07,0.0010000054853864843,0.002032217116922968,0.10036592856049538,7.235977183447943
2357,-2.102649556016022,-2.102650417471832,-1.940979390774133,8.574493651120168e-07,1.0,0.001000006338317861,0.003085859767864195,0.1943018393555902,5.414238039052711,-1.5361329131656225,-1.5361329078674317,-1.2776625520653195,-4.13921144273546e-10,0.0010000024094349808,0.0017233990779560472,0.0875837573574649,7.162139013078478
2358,-2.100518321091274,-2.100518192885057,-1.9209250706546712,-1.0965005406793558e-07,1.0,0.0010000077309086919,0.0033131162921529052,0.2318586956639335,5.792532430504853,-1.5085535645484922,-1.508553183078766,-1.2543447328938377,-3.8743019104003906e-07,0.0010000020084488723,0.0017852778986303343,0.0895135800457663,7.30790678660075
2359,-2.0822925500149996,-2.0822923993164637,-1.9215889336927883,-1.5561873058103166e-07,1.0,0.0010000063317283144,0.0036984540144297876,0.21409086243442768,5.504585769941222,-1.517687451839447,-1.5176873564720155,-1.2405715849664476,-9.89271534813775e-08,0.0010000021171031727,0.0018234337291990717,0.08961663258572419,7.406112331814238
2360,-2.10933274143147,-2.1093326469637312,-1.9609989625103068,-9.26402379881661e-08,1.0,0.0010000080801546574,0.0032242129464581048,0.1747509916928017,5.355267776633209,-1.4883413394292193,-1.488341334131029,-1.2138920962810515,-7.864501741197374e-09,0.0010000049421149822,0.0017934936616155837,0.08809571560058328,7.381497107611763
2361,-2.130145970380531,-2.1301459591343717,-1.9667222792247556,-1.3987410743281526e-08,1.0,0.0010000078605031067,0.0032968704966511928,0.2071779127285447,5.2870245339735495,-1.530641708109114,-1.5306414975060356,-1.2587286273638407,-2.1697746382819283e-07,0.0010000021455602514,0.0019476523079598944,0.11531337015330792,7.530881044599746
2362,-2.111009701242987,-2.1110096697537406,-1.945412721274034,-3.451165163292075e-08,1.0,0.0010000035531361991,0.003377149786518992,0.2089893825633346,5.522702262086688,-1.5358908838695948,-1.5358905911445617,-1.2765531871053908,-2.9471185472276477e-07,0.0010000016385068495,0.0017231601135184367,0.09369681432015366,7.259913868374295
2363,-2.097977546026122,-2.0979773525921805,-1.9288873919900857,-2.0489096641540527e-07,1.0,0.0010000051851472202,0.003219372360035777,0.20939209305171697,5.563233699438707,-1.4422595143318178,-1.4422590408060285,-1.1458011572507933,-4.837082491980658e-07,0.0010000019748177794,0.0017063606168246932,0.07585087940096855,7.509143967098661
2364,-2.098806527425658,-2.0988062417732096,-1.9327993572882887,-2.907835087686215e-07,1.0,0.0010000080494034403,0.003458665929875284,0.23082772536941296,5.671496953604357,-1.4563575446605683,-1.4563570943143633,-1.1576681130462223,-4.544026321834988e-07,0.001000002259388566,0.0018041127904628715,0.08576040247248279,7.620596896277534
2365,-2.1161398955111235,-2.116139573870965,-1.9446329395726043,-3.2044525416392203e-07,1.0,0.0010000057430621589,0.0034563344736355094,0.21704138704698603,5.625343939043441,-1.5074649148517183,-1.5074645545747545,-1.2240991757975683,-3.6110480626424155e-07,0.0010000019230776364,0.001675211519209875,0.07931739959037966,7.312734667460123
2366,-2.1236393384213716,-2.123639025778141,-1.946434682270266,-3.2234304356125164e-07,1.0,0.0010000044624936188,0.0031754004259435635,0.19746981125395252,5.671971555026072,-1.4570223970545664,-1.4570221457216475,-1.1594277229573993,-2.546442879570855e-07,0.0010000011909546123,0.001665233864655925,0.06851118037270175,7.388212214575875
2367,-2.1289498401138016,-2.1289495432151937,-1.9250456207203415,-3.1622794439207834e-07,1.0,0.0010000071049017726,0.00304941928128378,0.1856635740764861,5.840969922407618,-1.5663117726643883,-1.5663113845719232,-1.3004425870047676,-3.818836477067735e-07,0.0010000021274512013,0.0017794213387080364,0.0843349891818232,7.229331398010254
2368,-2.114209993830267,-2.114209696931659,-1.959554080693227,-3.113077496582607e-07,1.0,0.0010000071114913192,0.0032339259094716806,0.21893628588262595,5.190035739034976,-1.4384459879663256,-1.4384456250402662,-1.117192351983653,-3.534886572096083e-07,0.0010000016359198425,0.0016330532910716203,0.06849517710506917,7.498029772440592
2369,-2.092997762392152,-2.092997427256602,-1.8880882735522289,-3.381579552056654e-07,1.0,0.0010000073487149938,0.003974693730684384,0.22623027478046012,6.345699445256647,-1.3853127068943445,-1.3853124499320983,-1.0491855273644128,-2.5530656178792317e-07,0.001000001472938392,0.0016227300589283307,0.06687647079428037,7.629212103949653
2370,-2.118898924791588,-2.1188985986529656,-1.949264773782694,-3.2522487190534485e-07,1.0,0.001000005457515143,0.0031848765694413262,0.19826494649333773,5.462450814696978,-1.451512306266361,-1.4515120334095426,-1.1607974545823203,-2.7757551934983993e-07,0.00100000091155784,0.0015988522855978874,0.07015511927505334,7.2522835307651095
2371,-2.1222389689031638,-2.12223866525686,-1.9281377814850718,-3.087070752989571e-07,1.0,0.0010000046448044057,0.0030919014616816675,0.18520045566882165,5.674948800284907,-1.5160722494125367,-1.5160721368259853,-1.2593981365362803,-1.214444637298584e-07,0.0010000016669639282,0.0018951601219466992,0.09719021924667888,7.314810170067682
2372,-2.112950509449221,-2.1129502103013813,-1.9379144389674348,-3.025216876335864e-07,1.0,0.0010000049391374836,0.0032364973108688334,0.22808353530840492,5.397135833524308,-1.363421576552921,-1.363421399725808,-1.0250483218994406,-1.7392966482374404e-07,0.0010000024948062169,0.0015528254185078873,0.06019534036103222,7.659468597835964
2373,-2.1007024747020795,-2.1007021912988626,-1.9166674299060174,-2.870582184701596e-07,1.0,0.0010000085633880688,0.0028609210177201706,0.17497956844152146,5.661618151754703,-1.531613975101047,-1.5316137062178719,-1.250611016485426,-2.6904874377780493e-07,0.0010000018092493216,0.0017665036695284975,0.08288118855820761,7.370790852440729
2374,-2.1100207117368592,-2.1100204305828743,-1.9540976398396042,-3.0336514958795514e-07,1.0,0.0010000059341590077,0.003221676878209384,0.19653791261239434,5.444008048975243,-1.4235702262984382,-1.4235699309243097,-1.1303817517227597,-3.0125180880228676e-07,0.00100000213779923,0.001739467370013396,0.06963611172719134,7.487937492794461
2375,-2.0969242982144625,-2.0969240035650865,-1.944051225230379,-2.903617777914371e-07,1.0,0.0010000062175095081,0.0038010749574926383,0.2509256903574152,5.647798407752559,-1.481863635116153,-1.4818635132577684,-1.181688663860162,-1.1540121502346463e-07,0.0010000017005950212,0.0015709501380721728,0.06541001486281554,7.236764240264892
2376,-2.0991587953747444,-2.099158507473064,-1.9415590110814795,-2.855118715538169e-07,1.0,0.0010000039858497538,0.003603141478104693,0.19158689277070873,5.604227250477053,-1.5240974850124784,-1.5240973148081038,-1.2456546136074595,-1.62836578157213e-07,0.0010000029604675042,0.0017350684877278076,0.07040816578600141,7.382873090108235
2377,-2.111018477745776,-2.111018185345632,-1.9402009293718159,-2.9528197252525475e-07,1.0,0.0010000055519653098,0.0031290439304561828,0.21423555685664122,5.621466123832847,-1.4764173547426862,-1.476417198446062,-1.170519467194875,-1.492599646250407e-07,0.0010000029811635613,0.0017370526652990116,0.08046661290443606,7.6200531217787
2378,-2.129215065038429,-2.1292147816352123,-1.9594527168093987,-2.7602292456716863e-07,1.0,0.0010000048490803478,0.0031443419163378903,0.1939350541083599,5.322364636187284,-1.5284674300087822,-1.528467333316803,-1.2579228911134932,-1.0248687532213e-07,0.0010000023188897304,0.0017192681475232045,0.07168940413329336,7.353544531928169
2379,-2.079219267053424,-2.0792191365979753,-1.9158947467803955,-1.2743304360587642e-07,1.0,0.0010000051609855498,0.003714040398404424,0.23380847946512248,5.748812864411552,-1.5819144950972661,-1.581914292441474,-1.32349473701583,-2.0828511979844835e-07,0.0010000023395857877,0.0019037822002751959,0.08130264998310142,7.564132287767198
2380,-2.1086608643801705,-2.1086607924047507,-1.9435970603295092,-5.2716372148045954e-08,1.0,0.0010000034520964859,0.0035139115347157953,0.23122362634342797,5.734472882072881,-1.4302694876988729,-1.4302695413430533,-1.1096321182118523,5.1160653432210283e-08,0.0010000014755253992,0.0018381950781784125,0.08398707417978181,7.79279726876153
2381,-2.105329936405398,-2.1053298509345866,-1.9106891852504801,-8.764975475815107e-08,1.0,0.0010000065667554736,0.003561648770832931,0.2085861423105564,5.901520238732392,-1.5750027073754205,-1.5750026133325365,-1.3183181881904602,-9.288390477498372e-08,0.0010000016410938567,0.0017698353208187554,0.08240712636874782,7.057705900404189
2382,-2.0778441766522966,-2.077844106926108,-1.9154643540112477,-7.092109266317115e-08,1.0,0.0010000091300890693,0.0036445870569397536,0.2560418135714981,5.7433791430491326,-1.6049146082666186,-1.604914665222168,-1.3423541486263275,5.4389238357543944e-08,0.0010000038400499356,0.0017945013034881816,0.0754919271916151,7.180068980322942
2383,-2.1276005843900285,-2.127600946516361,-1.9579825873644847,3.596662350420682e-07,1.0,0.0010000082492863513,0.003053692375959934,0.17772305946586267,5.3662680814851,-1.5135932432280645,-1.5135931584570144,-1.205333648622036,-7.798274358113607e-08,0.001000002088646094,0.0019793436707307896,0.07819696809682582,7.7696844630771205
2384,-2.1357704198585368,-2.135770278156928,-1.980908654770761,-1.3150977638532532e-07,1.0,0.001000004741451088,0.002940208156909442,0.17215841875042556,5.196680487326856,-1.5550957904921638,-1.555095660686493,-1.2899367411931355,-1.3800130950080024e-07,0.00100000213779923,0.0018297144832710424,0.08188346595399909,7.404869037204319
2385,-2.0999034913081043,-2.0999032641356847,-1.90757403283749,-2.3349838436774487e-07,1.0,0.001000006538200772,0.0034551383874748113,0.21187743430359746,5.86802746664803,-1.4986181921429103,-1.4986179298824733,-1.2244109703434838,-2.586179309421115e-07,0.001000002686244746,0.0017006076380817426,0.06268780134204362,7.497191037072076
2386,-2.093067173687917,-2.093066930770874,-1.8999737433667452,-2.424953118810114e-07,1.0,0.0010000079966870682,0.0034933405300110296,0.21559862799520763,5.982003688812256,-1.442345960934957,-1.442345847023858,-1.1371080577373505,-1.134143935309516e-07,0.0010000026060475243,0.001662901711339752,0.05638968004948563,7.530561033884685
2387,-2.1366559424490297,-2.1366557467658565,-1.9735306838773332,-1.9645634687171793e-07,1.0,0.001000004372436483,0.0029350627578338083,0.17778610225485744,5.32242360654867,-1.496479443709056,-1.4964791973431906,-1.2177804215086832,-2.495116657680935e-07,0.0010000020757110584,0.0017922832190783488,0.07458344331632058,7.476469643910727
2388,-2.1141605219751036,-2.1141602565657416,-1.9040173584560178,-2.7391426968124676e-07,1.0,0.0010000108960875362,0.0033276505803443352,0.2245969852467753,5.840188611228511,-1.48733106719123,-1.4873306539323594,-1.2155425283643935,-4.11934322781033e-07,0.0010000025180892812,0.0015947453108512693,0.06025071371760633,7.237597105238171
2389,-2.117587280723284,-2.117587037806241,-1.9474695493590157,-2.552175296927398e-07,1.0,0.001000005327920728,0.0029441192218998694,0.18364593720520442,5.399944701284732,-1.4696128560437096,-1.469612459341685,-1.175335051284896,-3.9877163039313425e-07,0.00100000215590828,0.0015872728648698993,0.06045164277570115,7.177019903394911
2390,-2.0967210891111843,-2.096720873184924,-1.932191477631623,-2.200029930978451e-07,1.0,0.0010000053828336157,0.003524110793083344,0.22538780102963155,5.594733080773984,-1.3871244483523897,-1.3871241794692146,-1.05267494958308,-2.671447065141466e-07,0.0010000015997017424,0.0015804620175105001,0.053328714333474636,7.93567754957411
2391,-2.100644586221227,-2.1006443770426624,-1.931333602599378,-2.1684001076896236e-07,1.0,0.0010000087698605264,0.00362654787242272,0.24716947473726184,5.696509739138046,-1.4436825739012824,-1.443682274553511,-1.152762011024687,-2.980232238769531e-07,0.0010000033407575554,0.0016824044726995958,0.06785650505787796,7.5484599325392
2392,-2.1320810677870266,-2.1320808068761288,-1.958607534192643,-2.533900287916076e-07,1.0,0.001000005435549988,0.0029853382872698725,0.1767884075184757,5.347114999339266,-1.5402071303791471,-1.5402067396375867,-1.257827600505617,-3.8320819536844887e-07,0.0010000017161170642,0.0017083327518776059,0.07569199585252338,7.323368687099881
2393,-2.1062155242236154,-2.106215234072703,-1.9674454432613444,-3.0034274425146714e-07,1.0,0.0010000106325056756,0.0027554699544847573,0.16129802996819875,5.188269480219427,-1.1914979010820388,-1.191497634847959,-0.8232450607750151,-2.740985817379422e-07,0.0010000024482400881,0.0016813267720863223,0.08254582906762759,8.057644271850585
2394,-2.1080770762461536,-2.1080767973414005,-1.9368715196285609,-2.8769081493593614e-07,1.0,0.001000008945581767,0.003227788829771837,0.2229864291565598,5.610052725054183,-1.4962586906221176,-1.496258458826277,-1.210242311966916,-2.3949477407667373e-07,0.0010000024016739593,0.0017862832070224815,0.0833626868410243,7.478309313456217
2395,-2.135476643184446,-2.1354763597812294,-1.9842568973325334,-2.822786007287367e-07,1.0,0.0010000052400601079,0.0029071122869181463,0.1737052323120945,5.171831976692632,-1.4296756969557867,-1.429675567150116,-1.1202304408782058,-1.3601448800828722e-07,0.0010000017782052359,0.0016990232488347423,0.07812252533104684,7.60672141181098
2396,-2.147703582385801,-2.1477033124779754,-1.9969336311772186,-2.6674484306911255e-07,1.0,0.0010000074936850172,0.0026369759272608273,0.16477823651061868,4.961014423730238,-1.4773518496089513,-1.4773516635100046,-1.205811838971244,-1.8113189273410372e-07,0.0010000026241565744,0.0016000187386655145,0.07012762241065502,7.283539348178439
2397,-2.0854351430569054,-2.0854348776475438,-1.9087311209372755,-2.5704503059387207e-07,1.0,0.0010000058441018722,0.0032894204300388977,0.19546145256960168,5.722652201382619,-1.4676959461636019,-1.4676959104008145,-1.1730742908186382,-4.884269502427843e-08,0.0010000019489477079,0.0016486200607485242,0.07698262470463911,7.431712182362874
2398,-2.0841368031951615,-2.0841366569950894,-1.899140420949684,-1.5540786509243948e-07,1.0,0.0010000043482748123,0.0032887554547380445,0.2104254627143437,5.77276962208298,-1.6256421618991428,-1.6256421645482382,-1.4056963112619187,2.483526865641276e-09,0.0010000021533212728,0.00212781583217697,0.11218742467463017,7.206786070929635
2399,-2.1082723658039884,-2.108272278083945,-1.9656901179619555,-8.21672520547543e-08,1.0,0.0010000032368379663,0.0030172386597666257,0.18406190986762633,5.231768383170074,-1.474888088968065,-1.4748880426088968,-1.1876902275201346,-5.289912223815918e-08,0.0010000026086345315,0.001883949528241323,0.0925083125837975,7.722238583034939
2400,-2.1129764948251113,-2.112976260904996,-1.9035634297244954,-2.384185791015625e-07,1.0,0.0010000045152099909,0.003007943847409959,0.1897847071149439,5.760584435372983,-1.459338230556912,-1.4593379868401422,-1.1688391596078873,-2.3461050457424586e-07,0.0010000033924976984,0.001958062903334697,0.11000560683508714,7.586879751417372
2401,-2.110948488397418,-2.1109483714373605,-1.9296280280599054,-1.1421880632076624e-07,1.0,0.0010000064745018223,0.003408301845720073,0.2142268934480424,5.757846557869102,-1.4316839906904433,-1.4316840132077535,-1.1333485225836435,1.9454293780856663e-08,0.0010000028673352466,0.0017816687132128411,0.07398436259892252,7.7478581004672575
2402,-2.097401297317361,-2.097401310812752,-1.939743865211055,1.0332408941017007e-08,1.0,0.0010000055783234959,0.0035992328358708686,0.22358975046367016,5.689728336514167,-1.4930294222301908,-1.4930294765366448,-1.191979731950495,6.12603293524848e-08,0.001000002158495287,0.001938453766827782,0.09274234846234322,7.755765024820962
2403,-2.100933983640851,-2.10093473713353,-1.9403896444248703,7.426682508216714e-07,1.0,0.001000005310348604,0.0030827393144685425,0.18702604955519145,5.401646353163809,-1.4648125264379712,-1.464812488026089,-1.1555805110269122,-3.4355454974704316e-08,0.0010000028259431323,0.0017776512385656437,0.09264022422333558,7.525453535715739
2404,-2.0923439804113135,-2.0923440546359657,-1.9436016532610048,8.547081137603183e-08,1.0,0.0010000053718510382,0.0035133842875267256,0.2235365728759822,5.555533971426622,-1.537633766068353,-1.537633811102973,-1.274142815007104,4.271666208902995e-08,0.0010000024844581882,0.0019287297217589286,0.08806563201877805,7.568400510152181
2405,-2.085284278077899,-2.0852844737610727,-1.9332338166686724,1.835232635713973e-07,1.0,0.0010000064591262137,0.003541571512062735,0.21315496077515045,5.633985123544369,-1.562216766675313,-1.5622167494561938,-1.2967054747872881,-1.1093086666531033e-08,0.0010000031389709976,0.0018822906538844108,0.09085472801493275,7.410632610321046
2406,-2.1133575057083704,-2.1133574899637475,-1.958821787024444,-1.9329336454283518e-08,1.0,0.001000005314741635,0.0031638329756393468,0.20272047244855818,5.4253996723103075,-1.465141815609402,-1.4651414818233914,-1.1701221509112252,-3.372629483540853e-07,0.0010000023835649093,0.0016759886535712414,0.0755775086581707,7.537792163425021
2407,-2.0750570072318024,-2.075056865530194,-1.8874794424704786,-1.4437257118944852e-07,1.0,0.0010000070346132765,0.0031297000076727205,0.19839314578698491,5.7891133956189424,-1.223202288792365,-1.223202248228093,-0.8359123582227362,-2.9388401243421768e-08,0.001000002290432652,0.007223564078513947,0.40527071033914885,15.660201019710964
2408,-2.0345678261990816,-2.0345777947947665,-1.871524673587871,9.9657138563552e-06,1.0,0.001000004789774429,0.005490513935790591,0.33392958111076987,6.642274150308573,-1.5192512724134655,-1.5192513399653964,-1.2510445220602884,7.318125830756294e-08,0.0010000013875671558,0.0017815341940149664,0.07251609919799698,7.208311059739854
2409,-2.113915978737597,-2.113916909919595,-1.937593954914021,9.267538223626479e-07,1.0,0.0010000049083862665,0.00341741995719033,0.25575913917624726,5.528474483849867,-1.5178359217113917,-1.517835878001319,-1.2428862651189168,-4.130933019849989e-08,0.00100000211969018,0.0016397748530531922,0.06760516117016474,7.1364996592203775
2410,-2.07970363913842,-2.0797038505662164,-1.8875223105808474,2.0784308325569585e-07,1.0,0.0010000073662871178,0.0038233151997632856,0.23461935261510453,6.27919135453566,-1.534373266167111,-1.5343734158409967,-1.2705006923940447,1.5240576532151964e-07,0.0010000025724164314,0.0017734744353219867,0.07808258618331618,7.339910581376817
2411,-2.0729309455403744,-2.0729311839589535,-1.903392715274163,2.2485289933546535e-07,1.0,0.001000005569537434,0.004113884216596214,0.2641187682044956,6.059466951298264,-1.484157082769606,-1.4841571200225088,-1.201045521431499,4.197160402933757e-08,0.0010000032941914266,0.0021025058968613545,0.10339531335565778,7.8751295407613116
2412,-2.1118408509020536,-2.1118408306589664,-1.936626189159897,-1.1386736383977927e-08,1.0,0.0010000072344961875,0.0033000928068638974,0.22676043627115916,5.745016583856547,-1.4548665238751306,-1.4548665463924408,-1.1591601060496437,3.2451417711046004e-08,0.0010000018118363288,0.0018308778474521307,0.08602157938811514,7.4816716088189015
2413,-2.104573294801532,-2.1045732700599813,-1.9521392831262552,-2.460097366908811e-08,1.0,0.0010000025383460353,0.0034156197721560326,0.2076408823706069,5.433343001131742,-1.5245454827944438,-1.524545462926229,-1.268310417731603,-1.7136335372924803e-08,0.0010000029216623968,0.0017173137696873811,0.06917915166252189,7.299670622083876
2414,-2.0918077162976534,-2.091807725294581,-1.9436779629509404,1.3214237285110186e-08,1.0,0.00100000524884617,0.003696850334065703,0.23222765554937552,5.415825596395528,-1.4254443844159443,-1.4254443877273135,-1.1232704295052423,5.960464477539063e-09,0.0010000014832864206,0.0015139660772143138,0.059928882142735854,7.345284875233969
2415,-2.1258503828408584,-2.125850387339322,-1.942695601931158,7.310003604529039e-09,1.0,0.001000003673944552,0.002966699287084476,0.19534911587834358,5.462467872871543,-1.5317084683312312,-1.531708574295044,-1.2544927179813385,1.1175870895385742e-07,0.0010000014289592704,0.001719525153748691,0.08244574055489566,7.230063682132298
2416,-2.095915031882952,-2.09591499364601,-1.9314839952396896,-4.477377207774036e-08,1.0,0.0010000058726565737,0.003406488892341138,0.2215323713871668,5.579825536260065,-1.5963324679268736,-1.5963324652777777,-1.3315078364478217,4.304779900444878e-09,0.0010000019256646434,0.0017623142442769475,0.08463816576533847,7.150048775143094
2417,-2.093383087302154,-2.093383069308299,-1.944522740705958,-1.0121543452424823e-08,1.0,0.001000004007814909,0.0034702227863852146,0.21060234030603237,5.210015656813136,-1.5342576649453905,-1.5342575854725309,-1.2474015408092074,-7.169114218817817e-08,0.0010000013953281772,0.0016798561102607185,0.0756378654597534,7.216027779049344
2418,-2.1157475484991974,-2.115747577739212,-1.9482835868619524,5.623079695791569e-09,1.0,0.0010000067534592916,0.0034068311050639683,0.2123376594961814,5.465842193027712,-1.3909378422631158,-1.3909378541840447,-1.056008294514484,1.3742181989881728e-08,0.0010000033381705484,0.001985708727604813,0.09807516146037314,8.112681918674046
2419,-2.0809753278516374,-2.080975255876217,-1.9549307823181152,-6.368137755483951e-08,1.0,0.0010000062877980043,0.0037297086201537894,0.21822455571085778,5.507546078484014,-1.4176869107617274,-1.4176869832807117,-1.1154604650206037,7.425745328267415e-08,0.0010000019256646434,0.0017141138979544243,0.08647685508347219,7.608477804395887
2420,-2.1024502065946473,-2.1024501076284445,-1.9355301924471586,-9.601408580564103e-08,1.0,0.0010000069072153772,0.003262962449675883,0.2106340465680608,5.504308637583031,-1.50505391491784,-1.5050539294878642,-1.2161492281489903,1.0182460149129232e-08,0.0010000017937272787,0.0017946089074636499,0.0751448857701487,7.539332082536486
2421,-2.124145123193849,-2.1241450467199647,-1.9236506493586414,-6.740666785330143e-08,1.0,0.0010000049039932354,0.003058706254276605,0.198430537861192,5.710960401678985,-1.5458226084709168,-1.5458225965499879,-1.2774026407135857,-1.3990534676445855e-08,0.0010000025051542455,0.0017309218748576111,0.07075895455976328,7.2807217491997624
2422,-2.0978224344973295,-2.097822369269605,-1.9433431512904618,-6.529801296737958e-08,1.0,0.0010000047831848827,0.003184516545174257,0.19917857098691868,5.453266274254277,-1.5990008844269648,-1.5990005479918585,-1.3443071617020501,-3.252592351701525e-07,0.001000002412021988,0.0017398281074646447,0.07760915176735984,7.091018433041043
2423,-2.123741619991806,-2.1237414580471112,-1.9412854639989026,-1.6377219613992943e-07,1.0,0.0010000054289604414,0.003368322829768624,0.19847593874723282,5.729817727826676,-1.4986733767721387,-1.4986730151706271,-1.1986424689077668,-3.6449895964728463e-07,0.0010000021145161655,0.0015414134935579366,0.0674270548340347,7.214308717515734
2424,-2.095018596019385,-2.0950184160808347,-1.9402420250874646,-1.7923566530335625e-07,1.0,0.001000008148246638,0.0037983296206220984,0.23180621377420876,5.669135368095254,-1.4913027604420976,-1.491302423344718,-1.2111016180159317,-3.3891863293117946e-07,0.0010000023990869521,0.0017077027794180646,0.08390070301377112,7.511119842529296
2425,-2.101689340933314,-2.1016891317547493,-1.9432486228223116,-2.0411779295723393e-07,1.0,0.0010000059034077908,0.0030656601302325726,0.17887692174540376,5.383462429046631,-1.415701386663649,-1.415700998571184,-1.1482811517185636,-3.8892030715942385e-07,0.0010000039357692004,0.0017983009262631338,0.07995980444053809,7.682357915242513
2426,-2.0837810511858956,-2.0837808712473453,-1.9123644333965373,-1.786733573337771e-07,1.0,0.0010000080933337504,0.00330371462590641,0.17506175171935334,5.723902868774702,-1.50423211256663,-1.5042318820953369,-1.2527008910973867,-2.2815333472357857e-07,0.0010000035994582705,0.0018445707003896434,0.07914552469220426,7.429160351223416
2427,-2.0784430863722316,-2.0784429514183187,-1.9255901462626908,-1.4676238006015994e-07,1.0,0.0010000079307916029,0.0036646779846259444,0.2057373178595642,5.692400149579318,-1.4745851172341242,-1.4745848390791152,-1.2049043741491106,-2.7931398815578883e-07,0.0010000032657343481,0.0017924134981715017,0.07720336645013756,7.429673989613851
2428,-2.1152346808955356,-2.115234485212362,-1.93819767124248,-1.8563191845731915e-07,1.0,0.0010000049523165766,0.0030162616057391716,0.17583157262712154,5.57355438088471,-1.518732135825687,-1.5187317636277942,-1.2431409878863229,-3.826287057664659e-07,0.0010000024482400881,0.001877104286621842,0.09293546229600906,7.552243995666503
2429,-2.121979789913825,-2.121979571738333,-1.9583326308232434,-2.2232251347235912e-07,1.0,0.0010000053125451196,0.003129367778112866,0.18752332548347284,5.497579651058845,-1.3684404770533243,-1.3684400187598333,-1.0524514983097712,-4.5407149526807996e-07,0.0010000025051542455,0.001635494879964325,0.06848576818075446,7.632837952507867
2430,-2.0816965980349846,-2.081696350619478,-1.9180244724705535,-2.62738398785861e-07,1.0,0.001000007263050889,0.0035828184512145113,0.22053945953694154,5.742710806288809,-1.5176627477010094,-1.5176623556349012,-1.2401683489481607,-3.914866182539198e-07,0.0010000039849223361,0.002049256941407091,0.10834425203502178,7.598107793596055
2431,-2.1107085358421758,-2.1107083536543936,-1.9141945023581666,-1.9694836634509967e-07,1.0,0.0010000062109199615,0.003115853417735055,0.18660070430838838,5.507066974100077,-1.4740303052796258,-1.4740299450026617,-1.1908605316032965,-3.5390257835388184e-07,0.001000002753506932,0.0015990650643491083,0.06453592191553778,7.23935227923923
2432,-2.112901822575983,-2.112901550418926,-1.9506862793328628,-2.682209014892578e-07,1.0,0.0010000058045645929,0.0032929157275917395,0.20082154578336006,5.446134139906685,-1.413792460494571,-1.41379212141037,-1.0953215248054928,-3.351105584038628e-07,0.001000002412021988,0.0017545041576441792,0.07968180696997378,7.677664470672608
2433,-2.124005859752871,-2.124005560605031,-1.9812651040419094,-2.972500504187818e-07,1.0,0.001000007654030649,0.003272556359352509,0.2105919040282661,5.145107089348559,-1.5346112436718409,-1.5346109535959032,-1.2548876769012876,-2.7856893009609644e-07,0.0010000022231704659,0.0015693577834301525,0.07293850576712026,6.996203581492106
2434,-2.115974651192719,-2.1159743700387343,-1.9553263029962216,-2.774989829873139e-07,1.0,0.001000007063167978,0.0031142478857083982,0.21758715659028516,5.451492053157878,-1.5489445368448895,-1.5489443805482652,-1.2855750915076998,-1.4727314313252766e-07,0.0010000021145161655,0.0017684716679569749,0.08345315634376473,7.33522867626614
2435,-2.0863127281081,-2.0863124447048835,-1.9428987210651614,-2.853010060652247e-07,1.0,0.001000009371705775,0.003561661855475801,0.24613023271678752,5.760310672364145,-1.513030013773176,-1.513029901186625,-1.240809080335829,-1.2343128522237142e-07,0.0010000035296090775,0.0017542109488406115,0.07635708366417222,7.394090133243137
2436,-2.1244598941982917,-2.1244596242904663,-1.9399131491499126,-2.6920494043602135e-07,1.0,0.0010000060659499381,0.003001614399078601,0.1961940956424992,5.547542428070644,-1.5234424034754435,-1.5234422206878662,-1.248653531074524,-1.826220088534885e-07,0.001000003162254062,0.0016422984060934847,0.07839723885473278,7.168989700741238
2437,-2.0973157545305647,-2.09731547337658,-1.916127956138467,-2.956334150062417e-07,1.0,0.0010000054201743794,0.003521368546710121,0.23346330042717592,5.7301200740742235,-1.517716224988302,-1.5177161163753934,-1.238901201221678,-1.1846423149108887e-07,0.001000001832532386,0.0020377757803847394,0.09782908869286379,7.6788651254442
2438,-2.069968288799502,-2.069968000897821,-1.8901217163733717,-2.9134581673820064e-07,1.0,0.0010000055300001546,0.003942194175115734,0.2440776499163992,6.0035021395053505,-1.4916654970910812,-1.491665290461646,-1.1877016858922111,-2.0447704527113172e-07,0.0010000032036461765,0.0017572370306071308,0.09169055451121595,7.615353605482314
2439,-2.103926528174922,-2.103926220030155,-1.9328819535813242,-3.178445798046184e-07,1.0,0.001000006173579198,0.003322538434316949,0.1937023439919049,5.616139258978502,-1.4934457434548274,-1.49344552093082,-1.207309523390399,-2.168946795993381e-07,0.001000001936012672,0.0016665404869450463,0.07261985768046644,7.291990820566813
2440,-2.1449190603112274,-2.1449188016495615,-1.977910138526053,-2.7293023073448327e-07,1.0,0.0010000057079179107,0.0029436512301096096,0.1964878759715917,5.297527016333814,-1.4509537869029576,-1.4509536531236438,-1.1463591827286614,-1.351038614908854e-07,0.0010000016592029068,0.0017393477571507295,0.08671223500536548,7.427140363057455
2441,-2.107657623740862,-2.107657344836109,-1.9242146757413756,-2.8733937245494915e-07,1.0,0.001000005470694236,0.0034850297939418903,0.22052898018989922,5.857516405717382,-1.4508996062808566,-1.4508995201852586,-1.1470106479194428,-7.657541169060602e-08,0.0010000030354907115,0.0019644617956752577,0.10044931881129741,8.016035005781387
2442,-2.1094929519689307,-2.1094927360426703,-1.9399060123371628,-2.1149808505796037e-07,1.0,0.0010000053960127087,0.003349943448929995,0.25066019004245976,5.60939629122896,-1.5258404639032153,-1.5258403691980573,-1.2442234347263972,-8.659230338202582e-08,0.0010000023706298736,0.0018270337307411764,0.10298078658266199,7.37734424802992
2443,-2.0917867916934894,-2.091786542028751,-1.94007116443706,-2.6365214923642714e-07,1.0,0.0010000059978579575,0.0034910136535060855,0.23183533443876034,5.6209851165987414,-1.4447559045420753,-1.4447558157973819,-1.1529117041163974,-7.309847407870823e-08,0.001000001695421007,0.0018695298841016161,0.10668572860045565,7.688337983025445
2444,-2.037219571617414,-2.037219360189618,-1.8689085672486503,-2.162777027993832e-07,1.0,0.0010000060176265971,0.004270711953242151,0.25261737631177,6.105087797596769,-1.63114935292138,-1.6311493423249988,-1.4059740397665235,-1.0016891691419814e-08,0.0010000035192610488,0.0032038637643886938,0.1638741912941138,8.01747211880154
2445,-2.10719170885266,-2.107191749338834,-1.9457588893062663,2.150827983640275e-08,1.0,0.0010000047085033555,0.003686683309563207,0.22642646013003476,5.684772077596413,-1.403152534696791,-1.4031524740987353,-1.0868604882102875,-6.473726696438259e-08,0.0010000017549221714,0.0017524670188625653,0.07987998661895593,7.634944407145182
2446,-2.0794955964358346,-2.0794955469527334,-1.8953365964709588,-5.644166244650787e-08,1.0,0.0010000064547331829,0.004102422133140828,0.23840957011957215,6.021289204651454,-1.4561468203862509,-1.4561465130911933,-1.176085364818573,-3.11434268951416e-07,0.0010000046756532457,0.0024364298701079357,0.11494924008018441,8.220377657148573
2447,-2.1095915133098386,-2.109591342368216,-1.9395554830443185,-1.501362278776349e-07,1.0,0.0010000065403972876,0.003392574091810944,0.2071038844450465,5.467015306904631,-1.550164850552877,-1.550164704852634,-1.2724229044384427,-1.3882915178934733e-07,0.001000002634504603,0.002022004254265792,0.11050959237747722,7.5223290867275665
2448,-2.1313712889293455,-2.131371037015375,-1.9635470588252228,-2.4832925706539513e-07,1.0,0.0010000061669896514,0.0029265556444923553,0.1610924828938156,5.348164913789281,-1.5223735796080693,-1.5223732339011298,-1.2451600932412676,-3.400776121351454e-07,0.0010000016022887494,0.001790513103413913,0.0832367977955275,7.350751082102459
2449,-2.0842812241248363,-2.0842810531832137,-1.916037379570727,-1.732611431265777e-07,1.0,0.0010000078297518896,0.00353590476124565,0.19706412701744516,5.75013102675384,-1.4939362817340427,-1.4939362340503268,-1.2108448700772392,-5.2319632636176215e-08,0.0010000035063260132,0.0017187716180665626,0.06859799770431387,7.4665848308139395
2450,-2.1009507336706483,-2.1009505267413155,-1.9466686293763935,-2.1466106738684312e-07,1.0,0.0010000082383037738,0.003448616700106353,0.19861799612079026,5.645752758350012,-1.4455635600619847,-1.445563315682941,-1.146578441063563,-2.534853087531196e-07,0.001000002686244746,0.0018483593464932507,0.07997743114829063,7.8263690736558695
2451,-2.1147906690273643,-2.1147903698795245,-1.9527684045287799,-3.0554409297007437e-07,1.0,0.0010000050401771968,0.00346579524591776,0.22360737815077575,5.343913433686742,-1.413069307141834,-1.4130691203806136,-1.0865308426320552,-1.9073486328125e-07,0.0010000020576020083,0.0019683679048385886,0.10199702477289571,7.887086857689752
2452,-2.1325758200771405,-2.132575516430837,-1.9768234738763772,-3.083556328179701e-07,1.0,0.0010000037332504707,0.002973632188513875,0.18398372980080685,5.104759265791695,-1.481035702758365,-1.4810355689790513,-1.1963023553291956,-1.3361374537150065e-07,0.0010000011599105266,0.001799692950832347,0.08842233427696758,7.375585757361518
2453,-2.1079706785813817,-2.1079703704366146,-1.9768340497646693,-2.988666858313219e-07,1.0,0.0010000047612197275,0.003479337587706604,0.199406762660112,5.172452715207946,-1.4164129654566449,-1.4164129594961803,-1.0933921893437704,-2.806385358174642e-08,0.0010000015686576565,0.0016976700836999548,0.07769312103175455,7.588506762186686
2454,-2.0935336711271755,-2.0935333697301037,-1.9471724753109914,-3.0940996026093107e-07,1.0,0.00100000544433605,0.0038235577280228993,0.22199107305902355,5.494876618655223,-1.5050540116098192,-1.5050539294878642,-1.2189912272824182,-6.705522537231445e-08,0.0010000016410938567,0.001709266472607851,0.07452703795085351,7.3137873543633365
2455,-2.135032743777869,-2.135032485116203,-1.9636597453423266,-2.698375369017979e-07,1.0,0.0010000039638845988,0.0033347814559128207,0.21260167384203874,5.46691395201773,-1.4597240951326156,-1.4597239798969692,-1.1472987107104726,-1.1200706164042155e-07,0.0010000028699222539,0.0016540275239903066,0.06340482969664865,7.3841246922810875
2456,-2.10876689991861,-2.108766625512321,-1.91292142868042,-2.8291119719451327e-07,1.0,0.001000007454147738,0.0035418464674807663,0.2382524663687877,5.903333434518778,-1.3844785372416177,-1.3844784167077806,-1.055411833855841,-1.1200706164042155e-07,0.0010000020446669724,0.0016428803430042333,0.06401961122949919,7.615250470903185
2457,-2.1152244401427933,-2.1152241814811275,-1.9205523414431878,-2.5472551021935805e-07,1.0,0.0010000064898774308,0.003154509549275181,0.2003634694331097,5.662133617221184,-1.4125046491622926,-1.4125045273039076,-1.1021095890137884,-1.215272479587131e-07,0.001000001866163479,0.0019230959574795432,0.09806453879508707,7.958333958519829
2458,-2.1080841320865558,-2.1080839004156724,-1.9112047856708743,-2.500161809741326e-07,1.0,0.0010000091476611934,0.00325034275642192,0.21463786336189172,5.850296465855725,-1.5394866612222464,-1.5394864916801452,-1.269295237461726,-1.7028715875413682e-07,0.0010000026189825601,0.0015853556261087457,0.05731265747712718,7.048682435353596
2459,-2.1365479635742477,-2.136547675672567,-1.984436937098233,-2.8839369989791006e-07,1.0,0.0010000067468697452,0.0024965103575081194,0.16583238731858865,4.82749471124613,-1.3734455280833773,-1.3734451889991761,-1.0586681150727801,-3.279911147223579e-07,0.0010000037805487712,0.0018228035420179366,0.0830346933669514,7.955413087209066
2460,-2.1317713665512374,-2.131771098892644,-1.9863169283237097,-2.759526360709712e-07,1.0,0.0010000071905658773,0.00298585459141869,0.17749107168671094,5.068902658966352,-1.4403153545326657,-1.4403152657879723,-1.1341968461871148,-8.154246542188856e-08,0.001000002003274858,0.0016655401999337805,0.07279263399541377,7.521300919850669
2461,-2.1492244072680204,-2.1492241261140355,-1.966602570605728,-2.879016804245283e-07,1.0,0.0010000050533562899,0.0026744355706779183,0.16035266863709352,5.326036921087301,-1.3814908126990002,-1.3814906703101264,-1.0615837507777743,-1.4313393168979222e-07,0.001000001027973162,0.0016898776301079326,0.06873333224405845,7.689634852939181
2462,-2.095178741329121,-2.095178482667455,-1.934672139725595,-2.593645509683861e-07,1.0,0.0010000057035248796,0.0034834587669773202,0.2157089758031773,5.564829151585417,-1.4920190387301973,-1.492018869188097,-1.2055331288112534,-1.7848279741075304e-07,0.0010000019618827435,0.0017970279480020205,0.07260327434374227,7.513431305355495
2463,-2.122500147459642,-2.1224998955456718,-1.9495768232165642,-2.6034858991514963e-07,1.0,0.0010000057430621589,0.003126974342795054,0.2017640012474555,5.267074270068474,-1.5108699096573726,-1.5108697440889147,-1.2236945350964865,-1.6233987278408474e-07,0.0010000023059546948,0.001704521790250308,0.0725905358998312,7.359230825636121
2464,-2.1264454058881075,-2.126445138229514,-1.9523394602649617,-2.7264907674969365e-07,1.0,0.0010000055585548562,0.0029172572935492083,0.19438802570385752,5.384204207726245,-1.545691314008501,-1.5456911815537346,-1.2693084481689665,-1.3535221417744955e-07,0.0010000018558154503,0.0016638975280026595,0.06567355559931862,7.2112371338738335
2465,-2.1376553031633483,-2.1376550220093637,-1.9662697495154615,-2.727896537420885e-07,1.0,0.0010000048864211113,0.0031472569142626423,0.18969201170048625,5.260396844935867,-1.3864491426282461,-1.3864489803711573,-1.071516467879216,-1.654856734805637e-07,0.0010000018816855218,0.0015751587097636527,0.06410706583410501,7.484065850575764
2466,-2.1213497980585636,-2.121349519153811,-1.9608154071951813,-2.7672580952914255e-07,1.0,0.0010000050006399178,0.002974877770954989,0.17246089513712334,5.3470895065451565,-1.253056396957901,-1.2530562293198373,-0.8694969159654445,-1.6714135805765788e-07,0.001000002378390895,0.0016372606261736817,0.06756184980687167,7.991093042161728
2467,-2.1076290000159785,-2.107628732357385,-1.922419399585364,-2.7004840239039006e-07,1.0,0.0010000089060444876,0.003104128523395871,0.19252897166418578,5.612214299867738,-1.45939226547877,-1.4593920628229777,-1.1652070661385854,-2.0646386676364476e-07,0.0010000017005950212,0.0017588972036416332,0.06950444198316998,7.520895152621799
2468,-2.106271948454515,-2.1062716807959214,-1.9261592626571655,-2.675180165272839e-07,1.0,0.0010000048534733789,0.003294926468405943,0.19982282490522232,5.879688577831916,-1.385720531808005,-1.3857203410731422,-1.0676771711972024,-1.9901328616672093e-07,0.001000001289260884,0.0018146205745223495,0.08318716242081589,7.8747875319586855
2469,-2.0887242060787274,-2.0887239654109164,-1.9016249472240232,-2.4298733135439317e-07,1.0,0.0010000046074636422,0.004024039128057237,0.2446916220041941,6.221240381024918,-1.5407180759641859,-1.5407178865538702,-1.2628838201363881,-1.8866525755988227e-07,0.001000001457416349,0.001774854557071295,0.07369160523845089,7.320849980248345
2470,-2.1044100882872097,-2.104409768896283,-1.9646350190324604,-2.9928841680850624e-07,1.0,0.0010000062109199615,0.0033486043322690814,0.1807006781674781,5.26065656823932,-1.435107107957204,-1.4351067887412177,-1.127447719954782,-3.217822975582547e-07,0.001000001100409362,0.0017720166645530198,0.077588897322615,7.693156909942627
2471,-2.10908397863496,-2.1090837177240624,-1.9541817543641575,-2.633007067554402e-07,1.0,0.0010000046975207778,0.0032195830014797875,0.19879100253840662,5.4261909071004615,-1.5618550631735062,-1.5618547717730205,-1.2959679537349278,-2.968642446729872e-07,0.0010000024171960022,0.0019208197093879182,0.08945838018423981,7.457825120290121
2472,-2.098394956228868,-2.098394708813361,-1.943469891008341,-2.5592041465471374e-07,1.0,0.0010000058111541395,0.0037098277122977205,0.2235963079586344,5.762543907705343,-1.2951138748062978,-1.2951135390334658,-0.9521564394339092,-3.3527612686157227e-07,0.0010000015039824776,0.0020121270143944356,0.07945629449354277,8.52973288430108
2473,-2.1350815521096282,-2.135081322687977,-1.9762371868457433,-2.2337684091532006e-07,1.0,0.0010000034982233115,0.0031462766203748166,0.1897086628343699,5.1442095828506185,-1.4712594389915472,-1.471259269449446,-1.1729721162675155,-1.7666154437594944e-07,0.0010000010176251333,0.0017488274180019895,0.08613063928981622,7.680174054039849
2474,-2.1192299487455837,-2.119230144428757,-1.9387985625356998,1.7818133786039532e-07,1.0,0.0010000051785576736,0.003172282237155398,0.21162361736005209,5.799404819056673,-1.4610177073213788,-1.4610177324877844,-1.1475512012839317,2.1192762586805556e-08,0.0010000017238780857,0.001674576163188451,0.07003862793660826,7.707595263587105
2475,-2.1030658753413074,-2.103065848350525,-1.9216859228206131,-3.394934366334159e-08,1.0,0.0010000061252558568,0.003430131921667676,0.19934551122615923,5.752630328232387,-1.433290554417504,-1.433290598127577,-1.1319954462763335,5.049837960137261e-08,0.00100000130219592,0.0016053341665408678,0.06729910247441795,7.435753080579969
2476,-2.103526277362176,-2.1035261581528863,-1.9388082927128054,-1.0543274429609191e-07,1.0,0.0010000041198371997,0.0032267695982536337,0.1908728234680756,5.642043469087133,-1.535846886369917,-1.5358469022644892,-1.28000404867861,7.2022279103597006e-09,0.0010000011236924265,0.0016942411092006498,0.06710971316529644,7.307531971401639
2477,-2.154898740210623,-2.154898553524377,-1.9691846663097166,-1.8436672552576604e-07,1.0,0.0010000071180808656,0.002603775782088907,0.17270513295354145,5.205051269171373,-1.5061992009480791,-1.5061989572313097,-1.2188087970018386,-2.3874971601698134e-07,0.001000001423785256,0.001620982382963929,0.05962664975474278,7.301419194539387
2478,-2.0973884969387413,-2.097388317000191,-1.93905467807122,-1.980026937880606e-07,1.0,0.0010000051324308482,0.0035751556037521026,0.25950355961356525,5.699352660269107,-1.470499591032664,-1.4704992042647467,-1.1877331212990814,-3.8031074735853407e-07,0.0010000014470683204,0.0017506788536492321,0.07681077979505062,7.5603881412082234
2479,-2.097477280868674,-2.0974770177085444,-1.9250729196476486,-2.5627185713570073e-07,1.0,0.0010000048227221617,0.0038200007259564578,0.23679450071715522,5.756578422942251,-1.4425801694393157,-1.442579898569319,-1.1423644261227714,-2.7053885989718966e-07,0.0010000019748177794,0.001557432415170802,0.051817556098103526,7.404529465569391
2480,-2.091593773859852,-2.091593665896722,-1.9164076335025284,-9.868504866114203e-08,1.0,0.001000004411973762,0.0038789164402328854,0.2525541053487445,5.913598627414343,-1.4433113270335727,-1.443311060137219,-1.1556580167677668,-2.7848614586724177e-07,0.0010000013435880343,0.0017593863834109572,0.09279979521201717,7.480934206644694
2481,-2.0581085299545863,-2.058115788225858,-1.905823655848233,7.253772807571123e-06,1.0,0.0010000059758928025,0.004580913873758378,0.25391520313778015,6.006961206220231,-1.373314252164629,-1.3733142038186392,-1.0392906877600276,-4.3047799004448784e-08,0.0010000022464535302,0.0016798842387894788,0.08782977850900756,7.593809742397734
2482,-2.0916541499911614,-2.091656304755301,-1.9310389667187098,2.1607386616041076e-06,1.0,0.001000005310348604,0.00394316681414702,0.2349042567723202,5.687423215722138,-1.5640943845113116,-1.5640975687238905,-1.305525949266222,3.1893452008565267e-06,0.0010000022464535302,0.0018454658333212138,0.0894270143368178,7.40396745469835
2483,-2.12506732175935,-2.125067564676393,-1.9438643208089865,2.457988712022889e-07,1.0,0.0010000024614679926,0.0030327358256744324,0.19636960802072623,5.500888959416804,-1.531454128689236,-1.5314541366365222,-1.2490333524015216,1.2086497412787543e-08,0.0010000018040753073,0.0016353516451393564,0.06164679458985726,7.300276554955378
2484,-2.112883374376117,-2.112883358631494,-1.9517070572331268,-2.5163281638667268e-08,1.0,0.0010000047963639757,0.0028028619862249435,0.16825704989989973,5.264961656534447,-1.4346657024489509,-1.4346656630436578,-1.1452061540550655,-4.2965014775594075e-08,0.0010000018454674217,0.0017545571498986748,0.07965631110386716,7.6220779630872935
2485,-2.115905948404996,-2.115905928161909,-1.9414515540284931,-2.1016260363020988e-08,1.0,0.0010000057167039726,0.0032025109449366354,0.20698559052258167,5.56042704492245,-1.582184260421329,-1.5821842710177103,-1.3262142406569586,1.564621925354004e-08,0.0010000033924976984,0.0018999276837954918,0.10426869864265124,7.387414783901638
2486,-2.131057968679464,-2.131057910199435,-1.970436894668723,-4.7866465910425726e-08,1.0,0.0010000046623765298,0.003129263896108517,0.2043393484123473,5.307298844715334,-1.4819676604535845,-1.4819676140944162,-1.192443058391412,-5.190571149190267e-08,0.0010000012168246838,0.0016885597310546372,0.08099938864923185,7.47738757663303
2487,-2.1213736466641695,-2.121373621922619,-1.9195306391086218,-3.1559534792630175e-08,1.0,0.0010000051412169101,0.0028421550457594248,0.18739784579232055,5.646411481893288,-1.4135000473923154,-1.4135000705718994,-1.0958618723683886,2.5083621342976888e-08,0.001000001511743499,0.001557396468706429,0.06011730656027794,7.414681445227729
2488,-2.13592514901791,-2.135925126525591,-1.97471454908263,-3.451165163292075e-08,1.0,0.0010000063449074074,0.002845387596127419,0.22962521093915095,5.199954734658295,-1.4710440609190198,-1.4710440860854255,-1.171559966603915,3.021624353196886e-08,0.001000001423785256,0.0016184034421005183,0.07123034824099805,7.278492980533176
2489,-2.124692534500698,-2.1246924647745096,-1.967753920914992,-6.276762710427338e-08,1.0,0.0010000032873578228,0.003170730078259026,0.22555794271658053,5.294160168125944,-1.4231383734279206,-1.4231383124987285,-1.0973581257793639,-5.919072363111708e-08,0.0010000012323467269,0.0018511315445519155,0.09627214955786864,8.046256563398574
2490,-2.1250371100767604,-2.125036993116703,-1.9641464228899974,-1.299634294689826e-07,1.0,0.0010000059517311318,0.0030870206065405654,0.1949464813015371,5.1787517565601275,-1.4695662021636966,-1.4695659703678554,-1.161234126240015,-2.3957755830552845e-07,0.0010000014005021917,0.0016686914618023567,0.07506484354121817,7.684078269534641
2491,-2.103787509900219,-2.1037873884416975,-1.948223017296701,-1.2075563646712393e-07,1.0,0.00100000544433605,0.00335395121112255,0.19256723981420948,5.536628066368823,-1.2483380741543237,-1.248337835404608,-0.9633576372431384,-2.365973260667589e-07,0.0010000020343189438,0.002875468323731588,0.15249803198708428,9.412933964199489
2492,-2.0789866559910326,-2.078986512040192,-1.8952521985431887,-1.279250630792582e-07,1.0,0.0010000043636504208,0.003840313501708772,0.24427995141947045,6.1533765118077115,-1.4752649943033853,-1.4752650313907198,-1.2054289910528395,3.808074527316623e-08,0.0010000012323467269,0.0019101017387583852,0.0920015866143836,7.876476107703315
2493,-2.100591679788985,-2.1005916572966665,-1.9583001001825873,-2.670962855500995e-08,1.0,0.0010000046865382003,0.0030837685686870005,0.1920089871042742,5.202821182754804,-1.5970379855897692,-1.5970379617479113,-1.3497743076748319,-2.3179584079318577e-08,0.0010000021171031727,0.0016469754925411608,0.06742305275466708,7.023107867770725
2494,-2.0840332013256146,-2.08403310011018,-1.9297920555438635,-1.002313955774847e-07,1.0,0.00100000811310239,0.0035387914812297755,0.21498220832139817,5.548330743357821,-1.5510518060790166,-1.5510515345467462,-1.2618733652763896,-2.755886978573269e-07,0.0010000012168246838,0.0016909212469019823,0.0712041492263476,7.327574539184569
2495,-2.1368070413481512,-2.1368068546619057,-1.9607674715653904,-1.8303124409801556e-07,1.0,0.0010000031731390165,0.0028637364322214192,0.18230375057121492,5.247783903805715,-1.5919344994756912,-1.5919342146979438,-1.332895470990075,-2.9015872213575574e-07,0.001000001695421007,0.0016149165574461221,0.07354389700210756,6.878938844468858
2496,-2.1259845720147186,-2.1259843538392267,-1.9604049921035767,-2.1023289212640726e-07,1.0,0.0010000027360324308,0.0029827430053561365,0.19103552299147508,5.330926967117022,-1.5321036272578772,-1.532103259033627,-1.258977817164527,-3.6872095531887477e-07,0.0010000017807922429,0.0019447106273016996,0.08683816345615519,7.536830425262452
2497,-2.0867242115848468,-2.086724002406282,-1.9330480863463204,-1.8816230432042537e-07,1.0,0.0010000070741505555,0.0038631783451287534,0.25542032564023753,5.738021535693474,-1.4753854486677382,-1.4753850089179146,-1.1697950230704413,-4.3594174914889867e-07,0.0010000021248641941,0.0016418680108876691,0.07488339249458578,7.250757969750299
2498,-2.104605400337363,-2.104605125931074,-1.9192003236626678,-2.5753705006725384e-07,1.0,0.0010000077265156608,0.0032120912032693907,0.19789633355191294,5.835787093864297,-1.4223639809423025,-1.4223635950022273,-1.1190474226242966,-3.88589170244005e-07,0.0010000018739245004,0.0018357141641899943,0.08776839526577128,7.6421686278449155
2499,-2.112012006201834,-2.1120117385432406,-1.9298763972408366,-2.528277208220284e-07,1.0,0.0010000055936991044,0.00306597360374652,0.2007617569124361,5.596815896484087,-1.5467661049630907,-1.5467658678690592,-1.278758121861352,-2.3229254616631401e-07,0.0010000014651773705,0.0018468660095499621,0.09500947060684363,7.380562803480359
2500,-2.1022273841893897,-2.1022270490538397,-1.964159704604239,-3.3176170205170255e-07,1.0,0.0010000049347444525,0.003182472713853953,0.1969445194557028,5.359904122802447,-1.5055466347270543,-1.5055463645193312,-1.2493892884916729,-2.725256813897027e-07,0.001000003079469833,0.0018889518816851908,0.08781036958098412,7.646565553877088
2501,-2.071922113310616,-2.0719217691781386,-1.8800108680185281,-3.4715488271893193e-07,1.0,0.0010000056947388177,0.0035433783305738615,0.2540292784501359,6.161227932516134,-1.512464796172248,-1.5124643524487813,-1.2371153877841101,-4.4761432541741264e-07,0.0010000022464535302,0.0020663487802570065,0.09128453806042672,7.898564285702176
2502,-2.0800640290638186,-2.0800637411621383,-1.9113615346404742,-2.741954236660364e-07,1.0,0.001000007840734467,0.0037963594165015616,0.23577148825773653,5.839238387233806,-1.5729222880469425,-1.5729218906826443,-1.3321811729007298,-3.981093565622965e-07,0.0010000025025672383,0.0018698394220943253,0.08261789060715172,7.280830192565918
2503,-2.134758620891931,-2.1347583082487,-1.9479404035604224,-3.0280284161837595e-07,1.0,0.0010000048249186773,0.003242126351907709,0.18574151064638258,5.355927084976772,-1.493682763311598,-1.4936824440956116,-1.2210849934154087,-3.193815549214681e-07,0.0010000022723236019,0.0018343444913625716,0.08598141972389486,7.591607178582085
2504,-2.106525405397955,-2.1065250995024196,-1.943347638508059,-3.046303425195082e-07,1.0,0.0010000055761269803,0.0034711725465109886,0.24106774255984798,5.509238009182912,-1.6128064380751714,-1.6128061201837327,-1.3752719322840372,-3.173947334289551e-07,0.0010000031027528975,0.0016602223402717047,0.06905894827925496,7.017788494957818
2505,-2.110011096270579,-2.110010747639638,-1.9557576606858451,-3.4968526858203815e-07,1.0,0.0010000074212000055,0.0031439192716102553,0.18084973314741873,5.26483823668282,-1.360903467072381,-1.3609031160672507,-1.0519609136713877,-3.5117069880167643e-07,0.001000002290432652,0.0020565888120068444,0.10474434474276172,7.94955072402954
2506,-2.101698526796305,-2.10169820965461,-1.9400929594939609,-3.3084795160113643e-07,1.0,0.001000004893010658,0.0039297705252637274,0.21796420898358776,5.681255273099215,-1.4409630709224277,-1.4409628007147046,-1.1389465987682343,-2.7120113372802733e-07,0.0010000022956066662,0.002120090705446071,0.10755636211898592,8.07737832599216
2507,-2.092393256583304,-2.0923929461893045,-1.916017494111691,-3.2206188957646207e-07,1.0,0.0010000056661841161,0.00360096505851889,0.21343508949679024,5.878520623692927,-1.473177018430498,-1.4731767879592048,-1.1705304304758708,-2.2873282432556152e-07,0.0010000018739245004,0.001934868630228771,0.08584471212493049,7.793960910373263
2508,-2.1476073287568003,-2.1476069936212503,-1.9746856891883995,-3.390014171600342e-07,1.0,0.0010000034477034548,0.00286704221880942,0.20686966644705468,5.108815908432007,-1.4410281115108066,-1.4410277631547717,-1.137169576353497,-3.488527403937446e-07,0.001000001271151834,0.0016045954026695755,0.06406182568106386,7.508461083306206
2509,-2.0987234340523773,-2.0987233395846383,-1.953598843430573,-9.552206633225926e-08,1.0,0.0010000092860416702,0.003602405155587168,0.2151522407624519,5.6988754632338035,-1.5229239546590383,-1.5229235384199353,-1.2444606943262948,-4.076295428805881e-07,0.0010000023137157162,0.0016656026606344514,0.06874067294928762,7.143887138366699
2510,-2.064994881737907,-2.0650355186102525,-1.8588864938268121,4.0639051288928625e-05,1.0,0.0010000064876809153,0.004424366614570454,0.2491946136051754,6.465063562933004,-1.5018975641992356,-1.5018975608878666,-1.2067524631818136,-4.967053731282552e-10,0.0010000019618827435,0.001828493149433699,0.08928126419583957,7.352760558658177
2511,-2.0960346077972987,-2.096034673025023,-1.9372730097680722,7.239715108331644e-08,1.0,0.0010000037398400171,0.003679662619998573,0.28103285240677167,5.483443476119131,-1.4975104610125223,-1.4975104570388793,-1.2219882918728722,-8.609559800889756e-09,0.0010000025103282597,0.0016784689259818858,0.07570254196309381,7.267814307742649
2512,-2.098544676348848,-2.0985446853457757,-1.9502561114869028,-6.466541650160304e-09,1.0,0.0010000094771385193,0.003790520296326645,0.22625492254869556,5.550079534638603,-1.357005396154192,-1.3570053868823582,-1.0209739457195004,-1.7053551144070094e-08,0.0010000018532284431,0.0016486190207716492,0.06613536286685202,7.794006697336832
2513,-2.1262004690350227,-2.126200412804226,-1.9594806545185592,-3.4371074640525965e-08,1.0,0.001000004589891518,0.003009076636583316,0.2033642441877779,5.1950833482562375,-1.5437142107221815,-1.5437141603893705,-1.2628900984923044,-5.803174442715115e-08,0.0010000018920335505,0.00171031741063214,0.07558514794541729,7.224260637495253
2514,-2.1126595825519203,-2.1126595735549927,-1.9654262313302957,-1.8696739988506966e-08,1.0,0.0010000064261784813,0.0034206582316777335,0.21176112836824273,5.164282591837757,-1.5481272617975868,-1.548127253850301,-1.2685225857628717,-6.291601392957899e-09,0.001000002122277187,0.0016320654501517614,0.06695179744727081,7.135224204593235
2515,-2.1292979469839133,-2.129297917743899,-1.9561050230602048,-2.3265492241337615e-08,1.0,0.001000005218094953,0.0031948462633837786,0.21743974138824446,5.407902267743957,-1.5035103625721404,-1.503510390387641,-1.2185446206066344,3.187192810906304e-08,0.0010000016747249497,0.0015478956073315608,0.061212625685665344,7.18996237648858
2516,-2.096957753289421,-2.096957748790957,-1.9519682920204018,-9.559235482845666e-09,1.0,0.0010000062240990547,0.00328599030969067,0.1980425608607958,5.311566852173716,-1.242908728784985,-1.2429088168674045,-0.906096648507648,8.601281378004286e-08,0.0010000024689361454,0.0018421785828347007,0.09260487005942397,8.36720159318712
2517,-2.0840243843366517,-2.084024332604318,-1.9145814157881826,-4.6882426963662204e-08,1.0,0.0010000092596834842,0.003979370386761455,0.21970534651487503,5.955979324736685,-1.4809923198488024,-1.4809923039542303,-1.1761369016435412,-1.3411045074462891e-08,0.0010000026370916102,0.0017723803072132998,0.08064487601319949,7.629958883921305
2518,-2.1220500266776896,-2.1220500266776896,-1.9673669810565013,-5.623079695791569e-09,1.0,0.0010000055102315152,0.002813025742312366,0.1723078227654662,5.326728888277738,-1.556228088008033,-1.5562281012535095,-1.2834755327966478,1.3411045074462891e-08,0.0010000027923120392,0.0018129106611013412,0.08895377347038852,7.227105225457084
2519,-2.0502209978283576,-2.0502210180714444,-1.8857654917914912,3.795578794659309e-09,1.0,0.0010000058023680776,0.004279517017322469,0.2757202968493385,6.013979857822634,-1.3594301011827254,-1.3594301064809164,-1.008800615535842,1.5729003482394748e-09,0.0010000015143305063,0.0016876300408815343,0.06775260782904095,7.696652083926731
2520,-2.130062760047193,-2.130062755548729,-1.9607158651891745,-1.4057699239478922e-09,1.0,0.0010000048095430687,0.002920867383198918,0.16141666988578607,5.262207161705449,-1.5881301244099932,-1.5881301588482326,-1.3238873329427507,3.187192810906304e-08,0.0010000021843653585,0.0017568500065762137,0.08123106201075846,7.159749126434326
2521,-2.1363208698776535,-2.136320858631494,-1.9751821036608714,-9.699812475240455e-09,1.0,0.001000003491633765,0.0029657427221536636,0.17916681800248488,5.289434307026413,-1.4617319146792096,-1.4617318709691365,-1.1555656833781136,-4.13921144273546e-08,0.0010000020162098937,0.00146934669982228,0.05277798504879077,7.026717472076417
2522,-2.1209707754962848,-2.120970755253198,-1.9568726971464336,-2.150827983640275e-08,1.0,0.0010000034279348154,0.0029542481544304567,0.19374131534318878,5.288224152798922,-1.5559032413694593,-1.5559033155441284,-1.2878469248612723,6.945596800910102e-08,0.0010000018221843574,0.0017018705166669357,0.08522885549399588,7.166888883378771
2523,-2.1018551700520067,-2.1018551453104557,-1.9359965436863449,-2.7271936524589107e-08,1.0,0.0010000049742817315,0.00334483673268894,0.18985094748577983,5.49031577920014,-1.4764233363999262,-1.4764233549435934,-1.1887165178855261,5.877680248684353e-09,0.0010000020731240511,0.001648095237194664,0.06722216900024149,7.31751208835178
2524,-2.1344811399027988,-2.134481074675074,-1.9844582103333384,-4.56172340321091e-08,1.0,0.0010000037618051723,0.003018489221708392,0.22731092751447884,5.242869302911578,-1.4554190125730306,-1.4554188940260144,-1.1598312185870276,-1.2177560064527724e-07,0.0010000013099569413,0.00166394318609188,0.06132715667287509,7.4883741060892755
2525,-2.1076413123112805,-2.1076412785728023,-1.9761889273265623,-3.5917421556868644e-08,1.0,0.0010000061318454034,0.002892922759407534,0.15872037512654402,5.006055404555123,-1.4345711112022401,-1.4345710886849297,-1.1423515331414011,-8.940696716308593e-09,0.0010000027302238675,0.0016276161910759078,0.066492718582352,7.419111378987629
2526,-2.1275708630399883,-2.127570827052278,-1.9665129072261307,-3.7744922458000905e-08,1.0,0.0010000074958815327,0.0028870064954115253,0.16786408143223458,5.1810100843321605,-1.3123152408334946,-1.312315230237113,-0.9538925271481276,-8.27842288547092e-09,0.001000001985165808,0.0016084216224650542,0.06612019273969862,7.762320550282795
2527,-2.1428367326844415,-2.142836716939818,-1.9633531345511384,-1.511202668243984e-08,1.0,0.0010000040100114245,0.002676934320128189,0.1764198723336998,5.3469707021173445,-1.3702736907535131,-1.3702736073070103,-1.017025435798698,-7.92245070139567e-08,0.0010000014548293419,0.0015468085443394051,0.06274405709571308,7.509076807234023
2528,-2.086772675784129,-2.086772624051796,-1.892802985209339,-4.660127297887262e-08,1.0,0.001000006320745737,0.0033828640413769294,0.21079960788758295,5.920397218668236,-1.2925443405906358,-1.2925442202223671,-0.9489706756340133,-1.1639462576972113e-07,0.0010000022128224372,0.0017470428823596902,0.08641864082051648,8.02468786239624
2529,-2.101008653640747,-2.101008635646892,-1.9460050767322756,-1.068385142200398e-08,1.0,0.0010000084579553244,0.003388410434126854,0.23822717530266294,5.648097263192231,-1.4258447130521137,-1.4258446640438505,-1.1116570465266704,-5.8776802486843536e-08,0.0010000011650845408,0.0015003682528105047,0.05333297854910294,7.234736336602105
2530,-2.123230385330488,-2.1232303763335607,-1.9632963864308484,-3.0083476372484894e-08,1.0,0.001000003900185649,0.0028037505140879526,0.16263471431327317,5.315489359621732,-1.4630661871698167,-1.4630659500757852,-1.1550324618816377,-2.389152844746908e-07,0.0010000015557226208,0.00183972322071592,0.09020224325358868,7.48967014948527
2531,-2.107412673392386,-2.1074126014169656,-1.945037916021527,-6.789868732668318e-08,1.0,0.0010000072037449704,0.0033897820636102894,0.2115526463625566,5.732915734345058,-1.515122714307573,-1.5151225871509977,-1.2333215173747805,-1.296401023864746e-07,0.001000001985165808,0.0017415264569636847,0.0878772132926517,7.183372031317818
2532,-2.143977959201021,-2.143977884976369,-1.9850416858241242,-6.789868732668318e-08,1.0,0.0010000067534592916,0.0028523587784290596,0.1624853855947841,5.155827936136498,-1.435726637310452,-1.4357266220781537,-1.1317775846769413,-9.189049402872722e-09,0.0010000023913259307,0.001546039579746624,0.06425366424438027,7.218907663557264
2533,-2.1200985323708013,-2.1200984558969176,-1.9367049190233339,-8.118321310799077e-08,1.0,0.0010000050138190108,0.0034107268954855652,0.21782973888418022,5.83290151380143,-1.4876471784379748,-1.487646996974945,-1.1931651641925176,-1.764131916893853e-07,0.001000002939771447,0.0016828467603772878,0.07329976173738638,7.371477317810059
2534,-2.124443425322479,-2.1244433488485948,-1.9479365236354325,-7.633330687037054e-08,1.0,0.0010000060967011552,0.0033789858757957533,0.19031451468549246,5.584661816650966,-1.468387565347883,-1.4683875295850966,-1.1708645496103498,-4.0978193283081055e-08,0.0010000017885532645,0.0018507667429124317,0.08911514973474874,7.5319749514261884
2535,-2.1246426105499268,-2.1246425588175937,-1.9449284931398787,-5.405185357579645e-08,1.0,0.001000006689760342,0.003346050024155598,0.19873181145357074,5.45691856798136,-1.3692743182182312,-1.3692741956975725,-1.032962300048934,-1.286466916402181e-07,0.0010000010512562262,0.001620851881388161,0.0701263063483768,7.490318552652996
2536,-2.1151166029696196,-2.115116486009562,-1.9462873845730189,-1.0880659211356685e-07,1.0,0.0010000055190175772,0.0028153024152589015,0.18147772139395182,5.275206565856934,-1.4744454556041295,-1.4744454754723444,-1.1653070555792915,2.3345152537027995e-08,0.00100000178337925,0.001936607269777192,0.0961937071962489,7.78849147160848
2537,-2.1109881356077373,-2.1109880973707953,-1.9448389039849334,-4.533608004731952e-08,1.0,0.0010000055409827321,0.003076339647929483,0.17170201164652715,5.353718226810671,-1.4150733033816016,-1.415073241127862,-1.101625520322058,-5.919072363111708e-08,0.0010000014470683204,0.001768364446858565,0.07561776642170218,7.758037238650852
2538,-2.1299840976607123,-2.1299839874483504,-1.9492172587592647,-1.0718995670102678e-07,1.0,0.0010000044822622582,0.003177426272194903,0.17841933892582948,5.765566178087918,-1.4159858140680526,-1.4159856683678098,-1.1022399282289876,-1.4942553308275012e-07,0.001000001573831671,0.0017065984843712713,0.071797664442824,7.601749600304498
2539,-2.1216183675909943,-2.1216182326370814,-1.9592679738998413,-1.2820621706404776e-07,1.0,0.0010000053696545227,0.002912916150822673,0.18177803567136233,5.277396489989083,-1.4297724048296607,-1.4297722154193455,-1.1151641636259026,-2.0100010765923394e-07,0.001000001625571814,0.001705516949813399,0.06885053807248671,7.689317342970106
2540,-2.0946006954840892,-2.0946006347548285,-1.954720677069898,-6.325964657765515e-08,1.0,0.0010000050643388673,0.003740469408924428,0.2622337107247901,5.44617124323575,-1.3839245816071826,-1.3839245633946524,-1.0823316461510128,-2.384185791015625e-08,0.0010000009762330187,0.0016731293561557928,0.06934092769192325,7.54682624604967
2541,-2.0905882704932734,-2.090588207514781,-1.924615277434295,-5.60199314693235e-08,1.0,0.0010000066963498885,0.0035495874933230706,0.21418683701809846,5.907547703329122,-1.4665534284379749,-1.4665533787674374,-1.1771277315086788,-5.248520109388563e-08,0.001000002158495287,0.0016330108305232392,0.0676958068791363,7.365386973487006
2542,-2.128205654756078,-2.1282055377960205,-1.9369061802918057,-1.1569486474091153e-07,1.0,0.0010000063141561903,0.0034758874549055997,0.20164185945155486,5.662380191515076,-1.4649016247855293,-1.4649014976289538,-1.147229386286603,-1.3088186581929525e-07,0.001000001899794572,0.0017204404084218872,0.07176041727264722,7.6311881065368645
2543,-2.123404712047217,-2.1234045748440726,-1.9660890439771257,-1.317206418739175e-07,1.0,0.0010000072432822496,0.003632651679305676,0.2289479913998325,5.295693694420581,-1.4395856155289544,-1.4395852665106454,-1.136716416809294,-3.436373339758979e-07,0.0010000010874743263,0.00171335199330416,0.07203638922009203,7.541858577728273
2544,-2.124799186328672,-2.1247990626209186,-1.9629782438278198,-1.3727343307351166e-07,1.0,0.001000002944701404,0.0032430504237846384,0.1967653807885242,5.320752710666296,-1.422376965814167,-1.422376702229182,-1.1336129109064739,-2.642472585042318e-07,0.0010000008003165325,0.0018008831733216841,0.08142691780295637,7.615044032202826
2545,-2.1372329379027746,-2.1372328456842675,-1.9964682381108123,-9.622495129423321e-08,1.0,0.0010000059099973372,0.0028905801734236897,0.1782540528912027,4.975910168773723,-1.465283805794186,-1.4652835223409864,-1.1611171349055238,-2.88089116414388e-07,0.0010000019049685863,0.0016724215898041924,0.08054555977384249,7.360505538516574
2546,-2.1134855994638406,-2.1134854622606962,-1.9682272965053342,-1.331264117978654e-07,1.0,0.0010000035157954356,0.003318170656643386,0.19725936883181897,5.243660670406413,-1.5230549242761395,-1.5230547414885627,-1.252721106343799,-1.817941665649414e-07,0.0010000012763258484,0.0015967461979016662,0.07271487522456381,7.005082935757107
2547,-2.0244329425523864,-2.024432843586184,-1.8205033180848607,-8.807148573533543e-08,1.0,0.0010000069621282648,0.004415926095186117,0.23766329547144333,6.593547074299939,-1.473771818478902,-1.4737718284130097,-1.193318392833074,3.725290298461914e-09,0.0010000025853514672,0.0026878238164095413,0.13619748130440712,8.209470876057944
2548,-2.0732969720408603,-2.0732969832870194,-1.8763838129223518,7.028849619739461e-10,1.0,0.0010000072257101255,0.0034195754330007817,0.22853047485059164,6.321705075929749,-1.6668137815263537,-1.666813728544447,-1.438667490084966,-6.415777736239963e-08,0.001000001969643765,0.002186690177768469,0.10574706867337227,7.130334409077963
2549,-2.11814912984956,-2.118149073618763,-1.9339067126220126,-4.962367831536059e-08,1.0,0.0010000042362525215,0.003628106750460025,0.20065997463633428,5.770242398639895,-1.5561461435423956,-1.5561458786328635,-1.2957455701298184,-2.6168094740973577e-07,0.001000001796314286,0.002172336719619731,0.11036823660963112,7.715849431355794
2550,-2.1218773463986955,-2.121877206946319,-1.9527939040705842,-1.420530508149345e-07,1.0,0.0010000057474551897,0.0032471522056269197,0.22092474269557674,5.481072835202487,-1.5228171759181555,-1.5228170871734619,-1.2444284462266497,-9.61952739291721e-08,0.0010000024534141023,0.001919495316946672,0.08512045794890986,7.553034432729087
2551,-2.136124790839429,-2.136124667131676,-1.97076752500714,-1.1696005767246462e-07,1.0,0.001000005657398054,0.002989248633999729,0.1861068198000485,5.402637409714033,-1.499644966257943,-1.4996448324786291,-1.2257846981287002,-1.2161003218756782e-07,0.0010000016229848067,0.0021037098667066956,0.09814350567758083,7.7167164166768405
2552,-2.1165887634709195,-2.1165886037754564,-1.9394426165886645,-1.5161228629778015e-07,1.0,0.001000003887006556,0.0030900609639982852,0.2017006864946968,5.632179836057267,-1.4068055177728338,-1.4068052536911435,-1.0857259624534183,-2.5878349939982097e-07,0.001000002070537044,0.002079370509212216,0.10546588040888309,7.981040626102024
2553,-2.1246770125515058,-2.1246769000899115,-1.988767738612193,-1.1674919218387243e-07,1.0,0.0010000042186803974,0.0034127478149526243,0.2367450490699343,5.191087776759885,-1.5736199458440145,-1.57361958026886,-1.318047829469045,-3.6938322914971244e-07,0.0010000014186112417,0.0018947110951153768,0.0942518544693788,7.274874846140545
2554,-2.1342167292001113,-2.1342165605077206,-1.958465724621179,-1.6707575546120697e-07,1.0,0.0010000053257242126,0.003191612882732923,0.1978194280088229,5.499080657958984,-1.3737679693433973,-1.3737675216462877,-1.066794473098384,-4.520018895467122e-07,0.0010000014755253992,0.0017267286777496338,0.08376487789468633,7.699601067437067
2555,-2.124672340896894,-2.1246721519614167,-1.957633083721377,-1.8422614853337125e-07,1.0,0.0010000053806371004,0.002935846399884882,0.1916404556272165,5.386220887022199,-1.399488930569755,-1.3994885706239277,-1.128252427197165,-3.550615575578478e-07,0.0010000018118363288,0.0019395666455643045,0.08702052252160178,7.855299398634169
2556,-2.076202293611922,-2.0762021294179953,-1.9272866811392442,-1.56391904039203e-07,1.0,0.001000005270811325,0.00392289781714526,0.204556058916562,5.796032622175397,-1.3158876174026064,-1.3158872816297742,-1.0069246341370874,-3.505912091996935e-07,0.001000002158495287,0.0019517759818376767,0.08754864767607716,8.09272272321913
2557,-2.0951844611257875,-2.0951842969318606,-1.9420866224001039,-1.563216155430056e-07,1.0,0.0010000066260613923,0.003868156949602911,0.22938557872372978,5.522615068363693,-1.4634956810209485,-1.4634955909517076,-1.1861046724849278,-9.180770979987251e-08,0.0010000015660706493,0.0018706930309741034,0.07349617056962517,7.748030461205376
2558,-2.0522029804733566,-2.0522028072825016,-1.876385769754086,-1.7164450771403762e-07,1.0,0.0010000080779581418,0.0043245414447671965,0.28274375038608063,6.336075395907995,-1.4543836024072436,-1.4543835255834792,-1.1538312090767755,-8.427434497409397e-08,0.001000002704353796,0.002210022979933355,0.13212442451881037,8.227247513665093
2559,-2.065306501568488,-2.065308300953991,-1.901094470383986,1.7967848282939983e-06,1.0,0.0010000083371469715,0.004365239995268156,0.2688480896418387,5.893267793475457,-1.409238150384691,-1.4092383888032702,-1.0935333095904853,2.347760730319553e-07,0.0010000031234489548,0.001832568526474966,0.07263856254931954,7.815398428175184
2560,-2.0955716956336543,-2.095599203739526,-1.9124844276680137,2.7502342215124167e-05,1.0,0.0010000111025599938,0.003450750410644654,0.24015249550904869,5.854680866565344,-1.50169841448466,-1.5016995191574096,-1.2176528910795847,1.1043416129218208e-06,0.0010000020653630297,0.00246356969130122,0.126708528958261,8.224655214945477
2561,-2.104350843519535,-2.1043512731228233,-1.9484364154203884,4.229258816197233e-07,1.0,0.001000008660034751,0.0029124673521849064,0.17413829699299246,5.295254091046891,-1.5106240299012925,-1.5106240219540066,-1.246439728471968,-7.2022279103597006e-09,0.0010000017342261143,0.001824495398129026,0.08177289530220959,7.410135078430176
2562,-2.113189935684204,-2.1131899469303637,-1.9254360311436203,7.450580596923828e-09,1.0,0.0010000053169381506,0.0030241385146202344,0.1892329679345185,5.6079447314424336,-1.5651992188559636,-1.5651993181970385,-1.3285161044862535,9.702311621771918e-08,0.001000002018796901,0.0019354055609761014,0.0844202096056607,7.206732898288303
2563,-2.14179989976703,-2.1417998682777837,-1.9813278486143868,-2.150827983640275e-08,1.0,0.0010000055805200114,0.002852351211433141,0.1890644224466018,5.1939874505097015,-1.4519211411476136,-1.4519212166468303,-1.1430886485510403,7.889337009853787e-08,0.0010000012349337339,0.001735803552178873,0.08035487532615662,7.565503798590767
2564,-2.1076667758653747,-2.10766675787152,-1.9304872503820456,-7.520869093121224e-09,1.0,0.0010000046206427352,0.0035105905811882243,0.23170039918765706,5.626052334623517,-1.379398126072354,-1.3793981313705443,-1.0560497949520746,3.6425060696072047e-09,0.001000001149562498,0.0016659994661394092,0.06870041611707872,7.822509585486518
2565,-2.103370729482399,-2.1033707362300946,-1.9331997655472666,-1.553375765962421e-08,1.0,0.0010000040627277966,0.002727034310634547,0.186725336812296,5.39623967206703,-1.5253061572710676,-1.5253061413764955,-1.2500689233342805,-1.1589792039659288e-08,0.001000001372045113,0.0018722174999614557,0.09036877144955927,7.472246922387018
2566,-2.097820907268884,-2.0978208780288696,-1.9257756134249129,-3.7463768473211324e-08,1.0,0.0010000047919709446,0.00335388138828764,0.19251349448876562,5.615018235062653,-1.4803268995549943,-1.4803268776999579,-1.2040951194034681,-2.7236011293199326e-08,0.0010000009063838257,0.0016295118826544948,0.065021995951732,7.2589104122585715
2567,-2.089061629097417,-2.089061638094344,-1.8917192985426705,1.4971449690045052e-08,1.0,0.0010000062702258802,0.003705035783086886,0.21307980304337898,6.218411643550081,-1.4089552958806353,-1.408955294556088,-1.1116162088182238,1.655684577094184e-10,0.001000001423785256,0.0017374185276114278,0.0679517780120174,7.8359780523512095
2568,-2.1055642681301765,-2.1055642298932344,-1.915765478925885,-3.999415433631753e-08,1.0,0.0010000027492115238,0.003435322125266605,0.22332404582005627,5.824668043064621,-1.3449748102161618,-1.3449748045868344,-0.9993606871200933,-7.698933283487957e-09,0.0010000009581239686,0.0016038146258021393,0.06061993477245172,7.748106002807617
2569,-2.1408597050972706,-2.140859642118778,-1.999612810476771,-5.47547385377704e-08,1.0,0.0010000039529020214,0.002922559949955991,0.1749249253035435,4.884535605052732,-1.42178994152281,-1.421789958079656,-1.1234248076876006,2.5331974029541015e-08,0.0010000014988084634,0.002050509081325597,0.10693083008130391,7.975386492411295
2570,-2.1296513642904893,-2.1296512923150694,-1.9280002814418864,-6.607118642555092e-08,1.0,0.001000004737058057,0.0031839863963882033,0.1858983773316415,5.729756071882428,-1.4188794838057626,-1.4188795208930969,-1.101655806766616,3.394153383043077e-08,0.0010000010616042548,0.0016386641913817988,0.0681317040282819,7.5706403414408365
2571,-2.123023939582537,-2.1230238833517396,-1.9479963891911056,-4.210280922223937e-08,1.0,0.0010000024790401167,0.003176539787091315,0.20964136210112078,5.525200101564515,-1.510003662109375,-1.5100036991967096,-1.2358074367046357,3.849466641743978e-08,0.0010000016980080142,0.0018894755281507968,0.0848071518043677,7.527211030324301
2572,-2.098044516905299,-2.0980445034099073,-1.924928921573567,-1.9680778935270488e-08,1.0,0.0010000042933619247,0.003760639804345116,0.22285204957116325,5.879498787646024,-1.2232057326369812,-1.2232056862778133,-0.886903990805149,-5.198849572075738e-08,0.001000001253042784,0.0016251829556292957,0.06797524667862388,7.7581741227044
2573,-2.1258178049663328,-2.1258177712278545,-1.9617957529032006,-3.3316747197565044e-08,1.0,0.0010000034389173928,0.0030328978230860434,0.172781045003882,5.365731572205165,-1.5217265155580308,-1.5217265897327,-1.259353992011812,8.121132850646973e-08,0.0010000008158385753,0.0017360237194225191,0.07710847291681501,7.421229712168375
2574,-2.1558598167491407,-2.1558597312783294,-1.987144506202554,-6.733637935710403e-08,1.0,0.0010000042296629751,0.0031325644044697567,0.18393616439809776,5.265147659013856,-1.4015735490454568,-1.4015734805001152,-1.0903196593953504,-6.871090994940863e-08,0.00100000096588499,0.0015946078528132704,0.0654849149286747,7.550998253292507
2575,-2.1051857493958384,-2.105185722405056,-1.9364483311491192,-3.310588170897286e-08,1.0,0.0010000028195000202,0.003296170671435319,0.202131515193098,5.5178256664636,-1.4488534490267435,-1.448853365580241,-1.1650883151425255,-8.584724532233344e-08,0.0010000016488548782,0.0017301705070874758,0.06429174509313372,7.4398449473910855
2576,-2.1282810445101754,-2.1282810467594073,-1.9760572820339564,-1.2722217811728423e-08,1.0,0.00100000297105959,0.0035151615826729335,0.22302316278570666,5.456322557521316,-1.3725118186738756,-1.3725117617183262,-1.0257602931724654,-5.3644180297851564e-08,0.001000000704597268,0.001600770072804557,0.051509817358520296,7.729824839697944
2577,-2.1384760253834276,-2.138475971401862,-1.9419535128575451,-5.2927237636638137e-08,1.0,0.0010000042318594905,0.0032976400041249843,0.19848991926970347,5.657793197991713,-1.4765493522087731,-1.4765492939286762,-1.204671839148634,-5.869401825798883e-08,0.0010000010176251333,0.0019222023819262782,0.07914079232141376,7.814076010386148
2578,-2.112710718838674,-2.1127106423647897,-1.973452187934012,-7.02182077011972e-08,1.0,0.0010000035597257457,0.0033400337418260156,0.24570367778739277,5.304003382628819,-1.49034100373586,-1.4903408421410456,-1.2047370811303457,-1.6780363188849555e-07,0.001000001594527728,0.0018159399119516213,0.08106282295452225,7.634443579779729
2579,-2.1240364785464303,-2.124036388577155,-1.9448274486469772,-8.174552107756992e-08,1.0,0.0010000043416852659,0.003322643915384586,0.20688499517317088,5.76763020371491,-1.4983229597409564,-1.4983228117227554,-1.2342740429772272,-1.366767618391249e-07,0.0010000008546436827,0.0019170798206080994,0.08713434829066197,7.539268355899386
2580,-2.132371720278038,-2.132371580825662,-1.9662650688639227,-1.276439090944686e-07,1.0,0.0010000030523306639,0.0031569936589496035,0.22367559605330792,5.309660286273596,-1.4922682669427658,-1.4922681742244297,-1.2028153497415284,-9.644362661573622e-08,0.0010000010900613335,0.001735890260897577,0.07307428773492575,7.512190967135958
2581,-2.0845146066737623,-2.084514525701415,-1.9338742269659943,-8.483821491025529e-08,1.0,0.001000003865041401,0.003694491902418997,0.19647095946349064,5.740357812845482,-1.5722448772854278,-1.5722446031040616,-1.3124851220183902,-2.7931398815578883e-07,0.0010000011392144693,0.0019269444772766697,0.07466260122342241,7.453441090053982
2582,-2.1177378443052186,-2.117737722846697,-1.9283431790909678,-1.2300486834544056e-07,1.0,0.0010000043219166263,0.003114042100760172,0.21392461618865435,5.476692618064161,-1.333365635946393,-1.3333657225386963,-1.02239248752594,8.791685104370118e-08,0.0010000006839012106,0.001792311135472523,0.07512910388824012,7.870809099409315
2583,-2.099311981561049,-2.099311871348687,-1.9518832643077058,-1.1555428774851673e-07,1.0,0.0010000055497687943,0.0031552020425222953,0.19924722464298303,5.417454953463572,-1.518207253350152,-1.5182071738772922,-1.2430147778656748,-8.09629758199056e-08,0.001000002290432652,0.001996783190406859,0.08742433962308699,7.714115333557128
2584,-2.0905090885342292,-2.090508964826476,-1.9055192020704161,-1.1688976917626723e-07,1.0,0.0010000068215512722,0.003406240543315433,0.2032000165221826,5.806873951318129,-1.3498317887385687,-1.3498318314552307,-1.0160197289453612,4.9422184626261396e-08,0.0010000012038896481,0.0019447199327664243,0.09446898529099093,8.268202718098959
2585,-2.1171706914901733,-2.117170621763985,-1.9478372492880192,-6.564945544836656e-08,1.0,0.0010000048139360996,0.003156393430336326,0.1986729954632948,5.335244709590696,-1.3380752801895144,-1.3380750801828172,-1.01954681679296,-2.0315249760945637e-07,0.0010000012401077483,0.0017268556661696897,0.07062832758658462,7.97372555202908
2586,-2.1245976056692735,-2.1245975336938536,-1.9766047315777473,-8.34324449863074e-08,1.0,0.001000007383859242,0.002744984307835968,0.17316485336928997,5.161860803388199,-1.437708577182558,-1.4377085480425094,-1.13898802647988,-2.3096799850463868e-08,0.0010000016074627638,0.0015441201316813628,0.05315083973109722,7.247929922739664
2587,-2.1220340256421073,-2.122033949168223,-1.9685603335218609,-8.533023438363705e-08,1.0,0.0010000072564613426,0.0027746708694634573,0.16394750791478832,5.24120880522818,-1.4665192319287192,-1.4665190319220225,-1.189832521147198,-2.0116567611694336e-07,0.001000001491047442,0.0016979761783861452,0.06797077848265569,7.403930727640788
2588,-2.094853030060822,-2.094852915349996,-1.9267558939052079,-1.1485140278654278e-07,1.0,0.0010000057979750465,0.003766561849569937,0.18890745786703983,5.553571948465311,-1.47473724020852,-1.474737126297421,-1.1981526017189026,-1.1656019422743055e-07,0.0010000010719522835,0.001735136106920739,0.07666073675370878,7.429726643032498
2589,-2.1175460320598676,-2.117545908352114,-1.951989936378767,-1.2251284887205878e-07,1.0,0.0010000057342760967,0.0029361663531195722,0.17946225311607122,5.344487932493102,-1.558651069800059,-1.55865105787913,-1.3064783520168728,-1.5232298109266492e-08,0.0010000020782980653,0.001792781973361141,0.07861830385194885,7.3121265199449335
2590,-2.103091793240241,-2.103091644790937,-1.9431013228758327,-1.4500516765522508e-07,1.0,0.0010000072388892185,0.003295594492470318,0.20194164013384647,5.373419554728382,-1.4524987432691787,-1.4524988055229187,-1.1555794561902681,5.93562920888265e-08,0.001000001082300312,0.0015915755053154297,0.06245986014190647,7.455435668097602
2591,-2.1253441909574113,-2.125344062751194,-1.9916215617701691,-1.2701131262869204e-07,1.0,0.0010000054135848328,0.003046631659293231,0.18379506633950854,5.176304056959332,-1.4714678963025414,-1.4714674393335978,-1.1785699983437856,-4.616048600938585e-07,0.0010000009762330187,0.001568375882278714,0.059500597272482185,7.272878392537435
2592,-2.082016445555777,-2.082016310601864,-1.9166936896881968,-1.4662180306776515e-07,1.0,0.0010000062768154268,0.003776059872558657,0.23310230329703047,5.860824076634533,-1.427565199799008,-1.4275650845633612,-1.1154183722204631,-1.1854701571994358e-07,0.0010000012737388412,0.0016252129493902127,0.0685543391853571,7.564482529958089
2593,-2.1240687752669714,-2.124068561589943,-1.9577691667484787,-2.1332558595909262e-07,1.0,0.0010000070939191951,0.0031100082747146205,0.2007216696609866,5.357665538787842,-1.4098857429292468,-1.4098856038517422,-1.0998071289724773,-1.4007091522216797e-07,0.0010000024689361454,0.0018522507433469096,0.07812881266905201,7.949916701846653
2594,-2.11213233560886,-2.1121321444241508,-1.953579938636636,-1.9301221055804558e-07,1.0,0.0010000050116224953,0.0034874249798825608,0.23235066948493696,5.710310436644644,-1.4571308963828615,-1.4571306222014957,-1.168145981265439,-2.765821086035834e-07,0.001000001511743499,0.0018079834938463238,0.07338878872493902,7.818855094909669
2595,-2.1410354735716335,-2.141035214909967,-1.962744674592648,-2.6175435983909753e-07,1.0,0.0010000040539417346,0.0029900410379511567,0.16470181913870685,5.4001121206103635,-1.405055671268039,-1.4050553209251828,-1.0895135634475284,-3.4943222999572753e-07,0.0010000016928339997,0.0016071872578726876,0.064665150994228,7.597872818840874
2596,-2.1428609389179156,-2.1428607004993365,-2.0002527079492247,-2.292810745959012e-07,1.0,0.001000003322502071,0.0029008290774347086,0.17522882146514812,4.841779744850014,-1.3748591125011442,-1.374858684009976,-1.0575400961769952,-4.3536225954691567e-07,0.0010000013927411702,0.0018269933346245024,0.07796961021506124,8.013694190979004
2597,-2.12392155629284,-2.1239212661419273,-1.962422101002819,-2.905023547838319e-07,1.0,0.0010000063756586245,0.0029651481803190313,0.19116552859404176,5.424941958121534,-1.4321697394053141,-1.4321693029668596,-1.1208736798829502,-4.3859084447224935e-07,0.0010000020938201082,0.001861606333922181,0.08389336650984155,7.908969434102375
2598,-2.0748438407789984,-2.074843561874246,-1.8644384550598432,-2.76093213063366e-07,1.0,0.0010000092970242477,0.003287199104890087,0.21350965877327155,6.161408334408167,-1.5006104416317414,-1.5006100601620145,-1.218852570321825,-3.813041581047906e-07,0.0010000013642840915,0.002152316455936266,0.09364306918448873,8.2494124200609
2599,-2.101551705936216,-2.1015514787637963,-1.946441834827639,-2.2836732414533508e-07,1.0,0.0010000079307916029,0.003390976115797629,0.1932914090114382,5.51721269229673,-1.4445127169291179,-1.4445125619570414,-1.1756553987661997,-1.548065079583062e-07,0.0010000014625903633,0.0019431294511175817,0.08453366502912509,7.789411618974474
2600,-2.1262058671915307,-2.1262056400191107,-1.9802910651800767,-2.1529366385261968e-07,1.0,0.0010000069599317492,0.003119181914096874,0.21416265127372067,5.207840672079122,-1.489477899339464,-1.4894777483410306,-1.2124256584379407,-1.501705911424425e-07,0.0010000012840868698,0.0017274915292445157,0.07225293767535024,7.417502731747097
2601,-2.1220321295396336,-2.122031866379504,-1.9461858542460315,-2.643550341984011e-07,1.0,0.0010000040231905175,0.0030667925591773863,0.19499737372235307,5.4721989271775735,-1.4324127174086043,-1.4324125081300736,-1.1436441996031337,-2.0886460940043133e-07,0.0010000021947133872,0.0017740234370446867,0.06974006166888608,7.684292199876572
2602,-2.1301815284872956,-2.1301812540810063,-1.9768541489007339,-2.6245724480107145e-07,1.0,0.0010000031379947686,0.0031615599379259743,0.19552471566031565,5.1990475249740316,-1.3677905983395047,-1.3677902721696429,-1.056500241988235,-3.2020939721001517e-07,0.0010000017782052359,0.0017426992481988338,0.06663667226417197,7.858721733093263
2603,-2.066572326534199,-2.066572031884823,-1.9101425634240203,-3.039274575575343e-07,1.0,0.0010000063493004385,0.0040980279247961795,0.28158815010046623,5.902543661729345,-1.5239178127712676,-1.5239175001780192,-1.2682665175861783,-3.1441450119018557e-07,0.0010000047610244818,0.002783722914237943,0.13644350100722577,8.568623701731363
2604,-2.0584320414741084,-2.058431789560138,-1.853942149090317,-2.5985657044176786e-07,1.0,0.0010000031511738616,0.004395884966899482,0.26177693221647785,6.407713944057249,-1.4043098979526099,-1.40430968536271,-1.0952941626310349,-2.0530488755967883e-07,0.0010000012633908126,0.0016833153010035555,0.05913909495704704,7.7373507181803385
2605,-2.118477999039416,-2.118477744876214,-1.9350915360000898,-2.709621528409562e-07,1.0,0.0010000023889829809,0.0031830908440686058,0.20647744511095983,5.4906950716702445,-1.3165965206093257,-1.316596276892556,-0.9841362867090437,-2.376735210418701e-07,0.0010000013435880343,0.001991062606167462,0.08148105887489186,8.322341675228541
2606,-2.1263833383344255,-2.126383075174296,-1.9600622878884368,-2.4593944819468375e-07,1.0,0.0010000037178748622,0.0033685693754550985,0.22015583246313739,5.432249690001866,-1.4731052239735922,-1.4731050690015157,-1.1755318800608316,-1.5811787711249457e-07,0.0010000008831007614,0.0018221717664144105,0.07889405491037502,7.7750421841939295
2607,-2.1440097430966936,-2.14400954741352,-1.9717519350771635,-1.8570220695351654e-07,1.0,0.0010000027360324308,0.003108654726946832,0.20606336862129984,5.2393814482778875,-1.3807392206456925,-1.3807390024264654,-1.070301015757852,-2.1441115273369684e-07,0.001000001097822355,0.001780112819849617,0.06459264037095838,7.8869157155354825
2608,-2.1198460178555183,-2.1198458131754174,-1.9109299137907207,-2.085459682176698e-07,1.0,0.0010000040495487035,0.002917856494193229,0.17661168696885965,5.938514615004918,-1.496910532315572,-1.4969103667471144,-1.2126576181915072,-1.7144613795810277e-07,0.0010000019437736935,0.0017341712386243872,0.06873652136160267,7.351830821567112
2609,-2.1048874855041504,-2.10488719760247,-1.9315755569709923,-3.099722682305102e-07,1.0,0.0010000056288433524,0.0039426359602794895,0.2495809573469297,5.852322205057684,-1.4633132722642688,-1.4633129159609477,-1.1617180210434728,-3.5862127939860026e-07,0.001000001136627462,0.0016186654102057219,0.06277382264120711,7.5181956185234915
2610,-2.1062323867150075,-2.1062320988133267,-1.9640716449269708,-2.893074503484762e-07,1.0,0.0010000060022509886,0.0033866834216136135,0.21197592909887153,5.44524562133933,-1.4305252724223665,-1.4305249995655485,-1.1055168324046665,-2.6689635382758247e-07,0.0010000013047829271,0.0016353340819478036,0.06341853259752193,7.469195387098524
2611,-2.1078487477212584,-2.1078484440749548,-1.9391250115520549,-3.011862062058359e-07,1.0,0.001000004034173095,0.0031896418527225558,0.1758024176969281,5.488432816739352,-1.3603545188903812,-1.3603542115953233,-1.0337916374206544,-3.10026937060886e-07,0.0010000012116506696,0.001429588738311496,0.04521491974592209,7.376651477813722
2612,-2.1438606685062624,-2.1438603198753214,-1.9712381925223008,-3.44483919863431e-07,1.0,0.0010000025405425509,0.002734144104047204,0.17170598830606015,5.241631732796723,-1.402568952904807,-1.4025686310397254,-1.1051000393099255,-3.2608707745869954e-07,0.0010000012633908126,0.0017463339699639213,0.0726997837010357,7.813572184244792
2613,-2.1485048127624222,-2.1485044798761046,-1.9766333260626163,-3.269820843102797e-07,1.0,0.0010000024922192097,0.0025329902737383854,0.14423642486755578,5.18437583041641,-1.4376807345284355,-1.4376802961031596,-1.1391494860251745,-4.4372346666124133e-07,0.0010000015143305063,0.001661056445704566,0.07460504836506314,7.660182656182183
2614,-2.140594329474107,-2.140594001086253,-1.9525489784636587,-3.256466028825292e-07,1.0,0.0010000039045786801,0.0029984611604925034,0.19050324462213605,5.330309570960279,-1.5004796425501505,-1.5004792531331381,-1.2244599216514163,-3.822975688510471e-07,0.001000001612636778,0.0016298201297306352,0.05705374665558338,7.263261752658421
2615,-2.0782344881093726,-2.0782341484753593,-1.9311178630253054,-3.293718931809911e-07,1.0,0.001000005110465693,0.0034457932046245573,0.20538599479873226,5.567672702501405,-1.4238993644714357,-1.4238991538683574,-1.1317347877555424,-2.1093421512179904e-07,0.0010000016695509355,0.0017861223650268382,0.07270935817311207,7.736330689324272
2616,-2.07519424636409,-2.0751939134777717,-1.9261812174095299,-3.506693075288017e-07,1.0,0.0010000047787918516,0.003957454409485437,0.2631463037346894,5.737105162638538,-1.3727087259292603,-1.3727084865172705,-1.0908338863816527,-2.375907368130154e-07,0.0010000019049685863,0.0019128935618533027,0.09626371450722218,7.907348442077637
2617,-2.046393594651852,-2.0463932685132296,-1.8776281037420597,-3.259980453635162e-07,1.0,0.0010000069335735632,0.003790923690792384,0.2347935416366694,6.020419296228661,-1.4764346313145427,-1.4764343702130847,-1.2067859898010889,-2.6068753666347926e-07,0.0010000017730312214,0.0019269363980533348,0.10582464854750369,7.529862456851537
2618,-2.0988069975151205,-2.0988066533826433,-1.9368203810925753,-3.4321872693187786e-07,1.0,0.0010000057101144262,0.0035857495847421714,0.22868114780142623,5.477860455243093,-1.4648802426126266,-1.4648799114757114,-1.18266538547145,-3.303918573591444e-07,0.0010000019230776364,0.0018523369450122117,0.08955092850244707,7.479165257347955
2619,-2.1027244869268165,-2.1027241742835856,-1.9396616535366706,-3.241002559661865e-07,1.0,0.0010000030852783963,0.0028842648113462724,0.1814143458767882,5.614439042109363,-1.5530893392033045,-1.5530889325671726,-1.3036263475815455,-4.111064804924859e-07,0.0010000010409081975,0.0018580846876526873,0.10496588119616111,7.15968665017022
2620,-2.0955974043540233,-2.095597098458488,-1.9188105475227788,-3.0512236199288997e-07,1.0,0.0010000046008740956,0.003265031472832527,0.18990603152592228,5.747524324453102,-1.4549502952231301,-1.454950142900149,-1.2035468737077382,-1.4106432596842448e-07,0.001000001679898964,0.0022169349482282995,0.12398027893569734,7.737390285068089
2621,-2.1356215319543517,-2.135621185572642,-1.9769308971908857,-3.3801737821327064e-07,1.0,0.001000005323527697,0.0029806139404481313,0.18497074550052858,5.1801557360955,-1.4294116475515894,-1.4294113316469723,-1.13074572649267,-3.0994415283203126e-07,0.0010000013746321202,0.0018083707610559133,0.0921704499464896,7.566561815473768
2622,-2.145129338750299,-2.1451290238578364,-1.9862541084019643,-3.2346765950040997e-07,1.0,0.0010000035707083232,0.0030801893993860708,0.21791478903647862,5.040080718274386,-1.5170280641979639,-1.51702778339386,-1.2296240866184234,-2.805557515886095e-07,0.0010000010357341833,0.0016198717756196856,0.0736117398366332,7.1658584912618
2623,-2.0892636629770385,-2.0892633177199453,-1.9451034552646134,-3.3330804896804523e-07,1.0,0.0010000045239960528,0.003529995273499978,0.22168781418564185,5.544120037330772,-1.5421370532777572,-1.5421368479728699,-1.2856476760572857,-1.9818544387817384e-07,0.0010000024766971668,0.0017145424046450192,0.09152947024752696,7.189236407809787
2624,-2.0682883465065145,-2.068288011370965,-1.9076365412406202,-3.411803605421534e-07,1.0,0.0010000122842853362,0.003432114384541253,0.19536836181749712,5.5719516997067435,-1.5303394622272917,-1.5303392423523796,-1.2460343468520376,-2.2384855482313368e-07,0.0010000032243422336,0.0016603829132186042,0.06968157086521387,7.377071295844185
2625,-2.1195701563133382,-2.119569848168571,-1.951192005625311,-3.1693082935405226e-07,1.0,0.001000006645830032,0.0031367806840758277,0.17763514173621275,5.388562013518135,-1.502209609084659,-1.502209374639723,-1.2186882444553906,-2.3709403143988716e-07,0.0010000028802702825,0.0017253972641709779,0.08268477322740687,7.356975862714979
2626,-2.1209060381043634,-2.1209057074672772,-1.9369564866119962,-3.31129105585926e-07,1.0,0.0010000071466355672,0.003050361164704949,0.19754424269469278,5.569386684669639,-1.4424917923079597,-1.4424913505713144,-1.1466049081749385,-4.401637448204888e-07,0.0010000018713374932,0.0018409364830909503,0.09755044745074379,7.732602564493815
2627,-2.1403282071059606,-2.1403278719704106,-1.983273112548972,-3.23116217019423e-07,1.0,0.001000004906189751,0.0028737080788661567,0.1821656495613872,5.178348766182953,-1.3750455015235477,-1.3750451081328923,-1.064843303958575,-3.9430128203497994e-07,0.0010000020524279939,0.0017301669421916207,0.08883247371349069,7.868062411414254
2628,-2.116319460688897,-2.1163191660395206,-1.9181473705003846,-3.1693082935405226e-07,1.0,0.0010000061845617755,0.0029961152358050896,0.18454405331527288,5.726763360905197,-1.4960541884104408,-1.4960538758171928,-1.2139044920603435,-3.141661485036214e-07,0.0010000027276368605,0.0017835242932455408,0.08202068451792002,7.376581276787651
2629,-2.1102044582366943,-2.1102041613380864,-1.9544417970585373,-3.0245139913738896e-07,1.0,0.0010000041461953857,0.0032169677005237283,0.20460734990829565,5.3761987731141865,-1.5614354438251918,-1.561435247792138,-1.3082494060198466,-1.8792019950018988e-07,0.0010000025724164314,0.0016771426372643975,0.06754705792085992,7.128209071689182
2630,-2.1208818116278016,-2.1208815124799623,-1.9348997080101158,-3.1974236920194805e-07,1.0,0.0010000053608684608,0.0035407476474197124,0.2392972109241868,5.681817464108737,-1.3204271316528322,-1.3204269184006585,-0.9845695895453294,-2.0638108253479003e-07,0.0010000011133443978,0.0016408333244423072,0.07147150617092848,7.707943386501737
2631,-2.0831653869376994,-2.0831650518021494,-1.9210623975070018,-3.282472772418328e-07,1.0,0.0010000055453757632,0.003576110442221727,0.21673141932993564,5.845494157863113,-1.5260508563783435,-1.5260506391525268,-1.2488023807605109,-2.060499456193712e-07,0.0010000020808850726,0.0017369675268936488,0.07104316734605365,7.4471061494615345
2632,-2.1364843665428883,-2.1364840471519613,-1.9751044714225914,-3.1376784702516954e-07,1.0,0.001000005044570228,0.0033547416052622896,0.19246328651975347,5.392579528520692,-1.4972852269808452,-1.4972851528061761,-1.2117238932185703,-6.986988915337457e-08,0.0010000013332400056,0.0015302346657133765,0.059646327276196745,7.059869670867921
2633,-2.1471355928564972,-2.1471353049548165,-1.9705204783745531,-3.0013187876287494e-07,1.0,0.001000003682730614,0.002908942935425999,0.18164432790341242,5.238923869043027,-1.5520747873518206,-1.5520745462841459,-1.2760406096776327,-2.321269777086046e-07,0.0010000006787271964,0.0016770554499493705,0.06983534627490573,7.096894476148818
2634,-2.124147264462597,-2.1241469923055396,-1.939898137776357,-2.7574177058237906e-07,1.0,0.0010000047172894174,0.003025199576579737,0.21291427490002704,5.684633277497202,-1.5635942379633585,-1.563594036632114,-1.3070064120822482,-1.9586748547024196e-07,0.0010000015557226208,0.0018397835005695621,0.08677913838376601,7.155775345696344
2635,-2.12685863251956,-2.1268583446178795,-1.9493249879693084,-2.967580309454e-07,1.0,0.0010000047524336656,0.0029377221472491073,0.21680656156309372,5.4451997145166935,-1.5991023725933502,-1.5991021858321295,-1.3525196313858032,-1.8518831994798447e-07,0.001000001097822355,0.0018520974786952137,0.08817410390410159,7.2742092556423605
2636,-2.0974653824320377,-2.097465060791879,-1.9516494139185492,-3.12783808078406e-07,1.0,0.0010000038716309475,0.0037714504232665277,0.24965851620401977,5.467939142910939,-1.5360496309068472,-1.5360493977864584,-1.2861305031511518,-2.3096799850463867e-07,0.0010000019204906292,0.00182846760791209,0.0826443684183889,7.3926592402988005
2637,-2.1424544172466926,-2.1424541180988528,-1.9915223863889586,-3.073715938712066e-07,1.0,0.0010000039221508042,0.002746686334985326,0.1767821421073574,4.9427004895120294,-1.5075133760770163,-1.5075132714377508,-1.213730980290307,-9.950664308336046e-08,0.00100000174716115,0.0015596229039753476,0.0772360392121805,7.132920445336236
2638,-2.0797375957920865,-2.079737310139638,-1.9143216654939472,-2.6505791916037504e-07,1.0,0.0010000034938302804,0.003537836207850081,0.1988214826176189,5.857763227426781,-1.4844736205206976,-1.4844734576013354,-1.2056127609478102,-1.6242265701293946e-07,0.0010000017161170642,0.0017346311619298325,0.08042749404493306,7.450787342919243
2639,-2.121827339226345,-2.121827042327737,-1.9518590063418981,-2.8747994944734394e-07,1.0,0.00100000401220794,0.0030306320163017175,0.2268087122202763,5.464392549586746,-1.5232551111115349,-1.5232550819714865,-1.2572725852330526,-3.841188218858507e-08,0.0010000021610822943,0.0016547799369113314,0.06938322848743862,7.1710350566440155
2640,-2.101296933192127,-2.101296847721316,-1.9541458813649304,-7.886369273347675e-08,1.0,0.0010000033862010208,0.00329103434177221,0.22404510612195394,5.360457982657091,-1.5503158344162837,-1.5503158463372124,-1.29087116850747,1.4818376964992947e-08,0.001000001695421007,0.0017277153079501457,0.08382245658172502,7.184660932752821
2641,-2.135691118690203,-2.1356911029455796,-1.9525244595869533,-3.289501622038068e-08,1.0,0.0010000036058525712,0.0028082722191751564,0.18361330984757757,5.318727160399815,-1.4745208938916525,-1.4745208144187927,-1.1872116542938682,-7.425745328267415e-08,0.0010000012944348985,0.0016568040940910579,0.07559006996452808,7.4379676924811475
2642,-2.1186187807119117,-2.118618947155071,-1.9896132563644986,1.7375316259995946e-07,1.0,0.0010000038892030716,0.0030020634041888253,0.1886160234867964,5.11468484266749,-1.508737427658505,-1.5087373084492153,-1.2316881524191963,-1.241763432820638e-07,0.001000000978820026,0.0016519199823960661,0.0727774655032489,7.232655546400282
2643,-2.1047891513356625,-2.1047894977173716,-1.940705049712703,3.5896335008009423e-07,1.0,0.0010000048095430687,0.003223372783670026,0.21900688653003494,5.617901748081423,-1.4300076643625899,-1.4300081193447114,-1.1367788180915845,4.587901963127984e-07,0.0010000027328108748,0.001731320385200282,0.08190497704264191,7.6554229418436694
2644,-2.147409848447116,-2.1474098754378983,-1.9944382658544577,2.9240014418116156e-08,1.0,0.001000004086889467,0.0027907210740454073,0.1850956495640413,5.063228980550226,-1.447732286983066,-1.4477322565184698,-1.1496355740560427,-3.0795733133951826e-08,0.0010000013358270128,0.0016410266695958044,0.06415762247310744,7.472211159600151
2645,-2.0849163779672586,-2.084916368970331,-1.9446692894089896,-5.271637214804595e-09,1.0,0.0010000049611026385,0.0035602158080470167,0.22066025509727452,5.39607979666512,-1.4741321206092837,-1.4741320702764722,-1.176973126994239,-5.0995084974500866e-08,0.001000001100409362,0.0017389709983641902,0.0738397278305557,7.629370286729601
2646,-2.1234828143749596,-2.1234827986303366,-1.9651404866632425,-1.6728662094979917e-08,1.0,0.0010000036629619746,0.003078737847489428,0.2043278321342648,5.260188507583906,-1.4781798137558833,-1.4781797806421915,-1.1941887909339535,-3.625949223836263e-08,0.0010000013591100773,0.0016618503050671684,0.07888147878564067,7.401530117458767
2647,-2.069394534488894,-2.069394476008865,-1.8887616071217466,-6.38922430434317e-08,1.0,0.0010000038101285133,0.003720646179369036,0.2528562225260825,5.822479841844091,-1.3566470957464645,-1.3566470825009875,-1.0323366438349089,-1.4321671591864692e-08,0.0010000019023815791,0.001745328058799108,0.06527704277800189,7.943429618411593
2648,-2.0999145305381632,-2.099914532787395,-1.933284341164355,-1.5463469163426814e-09,1.0,0.0010000046272322816,0.003399173302997677,0.2094034105539322,5.545338603685487,-1.3180085165633093,-1.3180084218581518,-0.97126834028297,-1.0016891691419814e-07,0.0010000009167318543,0.0014643560137806667,0.04801522127042214,7.524107837677003
2649,-2.073861104137493,-2.0738612885745065,-1.9017198715569839,1.8591307244210874e-07,1.0,0.001000004381222545,0.003598984814125974,0.2424429128965679,5.754524640317233,-1.5175096008512707,-1.5175095743603177,-1.2471249050564237,-3.592835532294379e-08,0.0010000028776832753,0.0017418451736577684,0.07054854184389114,7.366332213083903
2650,-2.089118485180837,-2.0891350125366785,-1.942907673008037,1.6520959588716614e-05,1.0,0.001000005982482349,0.003897873120259423,0.24439447791368332,5.451834228803527,-1.3898287521468267,-1.3898287382390764,-1.0733529465066063,-1.771582497490777e-08,0.001000001353936063,0.0015260092319092818,0.0496190060964889,7.347661982642279
2651,-2.1218655334328704,-2.121865562672885,-1.976327896118164,3.036463035727447e-08,1.0,0.0010000028326791132,0.003005054555306176,0.21361592988360603,5.309796378297626,-1.4328087594774035,-1.4328087488810222,-1.1098621646563211,-4.387564129299588e-09,0.0010000009736460117,0.0016255542817008165,0.061679292221864065,7.49575990041097
2652,-2.1329862801533825,-2.132986268907223,-1.9537615303723317,-2.3476357729929798e-08,1.0,0.001000004181339634,0.002656023622103879,0.17540730391892623,5.305238080474566,-1.4474748075008395,-1.4474748171038099,-1.1344339167285296,1.1755360497368706e-08,0.0010000007485763895,0.0016063811904233362,0.05745638275725974,7.561399841308594
2653,-2.1430744135154867,-2.1430743055523567,-2.0083055631169735,-1.1752236564204377e-07,1.0,0.0010000033993801138,0.0027658110923783957,0.15575331727148228,4.952349739254646,-1.2840739961506593,-1.2840737380294336,-0.9193825151357385,-2.582867940266927e-07,0.001000001027973162,0.0014747478662886554,0.0476067033285896,7.71283400853475
2654,-2.1245184079656063,-2.124518248270143,-1.93978159157735,-1.7417489357714384e-07,1.0,0.0010000034894372494,0.0030875521698826044,0.1954438249176403,5.632304830371209,-1.4569220423698424,-1.456921594672733,-1.1595708428985543,-4.4960114690992565e-07,0.0010000007640984323,0.001519523338518209,0.059714566212561396,7.253309143914117
2655,-2.1136236393226766,-2.113623416648721,-1.9609697967205408,-2.2787530467195331e-07,1.0,0.0010000039529020214,0.0033957208814275153,0.23228637389135812,5.220340935689099,-1.483027871118651,-1.4830275686250793,-1.2065562599235111,-3.149112065633138e-07,0.0010000012763258484,0.0015453205314568347,0.05434228504697482,7.239829858144124
2656,-2.1379244912345454,-2.1379241583482274,-1.9575188159942627,-3.165090983768679e-07,1.0,0.0010000060637534228,0.003068272290171458,0.1991167755200053,5.500652560647929,-1.4158219907018876,-1.4158215840657553,-1.0995177205807218,-3.938873608907064e-07,0.00100000174716115,0.0016250550695177581,0.05617296263161633,7.463737403021919
2657,-2.153069446671684,-2.153069127280757,-1.9972189979733161,-3.191097727361715e-07,1.0,0.0010000043504713278,0.002713643728298539,0.17646757485169284,4.947628907437594,-1.358380981286367,-1.3583806501494513,-1.0193772541152106,-3.348622057172987e-07,0.0010000012323467269,0.001590670730608205,0.05778422210779455,7.725110011630587
2658,-2.1481782107982994,-2.1481778554196627,-2.005878603683328,-3.4125064903835083e-07,1.0,0.001000005653005023,0.0024481343856643674,0.1366323500977091,4.856469622198141,-1.446197552813424,-1.4461972852547964,-1.1335587571478551,-2.6731027497185603e-07,0.0010000011728455622,0.0016420779309959876,0.07357271226743857,7.743715900844998
2659,-2.1159562344820992,-2.115955906094245,-1.9735825286721282,-3.295827586695833e-07,1.0,0.001000005483873329,0.0028141984399759545,0.19287197905118172,5.17945611251975,-1.473257329728868,-1.473257064819336,-1.1515616117252243,-2.654890219370524e-07,0.001000001560896635,0.001707613178425365,0.06914100777357816,7.5739497608608675
2660,-2.139722320268739,-2.1397219941301167,-1.9325208281571011,-3.1882861875138193e-07,1.0,0.001000003487240734,0.003093639509488811,0.2085264522652581,5.733048929358429,-1.3985925714174907,-1.3985924204190572,-1.0411367221011056,-1.447896162668864e-07,0.001000000743402375,0.0015418551939850053,0.058281477789084116,7.561966408623589
2661,-2.1300735945971505,-2.130073293200079,-1.9519899251326076,-3.1714169484264447e-07,1.0,0.0010000046645730453,0.003191108633061203,0.21678817627143185,5.4936059241024955,-1.347559752729204,-1.3475596027241812,-1.0042361894208525,-1.4354785283406575e-07,0.0010000009762330187,0.0015625429106876255,0.0563217310855786,7.6881150033738885
2662,-2.1016275005520515,-2.101627181161125,-1.9449276271856055,-3.152439054453148e-07,1.0,0.0010000051697716117,0.003093017759416604,0.20286292572207046,5.4607348756970095,-1.3760921491516958,-1.3760919716623095,-1.0608296822342607,-1.772410339779324e-07,0.0010000010874743263,0.0018133156700059772,0.08504952974617482,8.041673893398709
2663,-2.1177943495084657,-2.1177940346160025,-1.9115355869509139,-3.152439054453148e-07,1.0,0.0010000043504713278,0.0035071561095427794,0.195484491978895,6.110801147964765,-1.4697758038838704,-1.4697756873236762,-1.1578776309473646,-1.1399388313293458e-07,0.001000001576418678,0.00170869131365584,0.07422915467371544,7.616125954522025
2664,-2.148731955942118,-2.1487316545450463,-1.9872146035140414,-3.021702451525994e-07,1.0,0.001000005218094953,0.003011861398710676,0.21050780983466022,5.329704923449822,-1.4953417076004876,-1.495341596338484,-1.2010078171888987,-1.0331471761067709e-07,0.0010000012633908126,0.0015839579954950345,0.06421068201048506,7.380456415812175
2665,-2.1246048189559072,-2.1246044838203573,-1.9387755214043383,-3.361898773121384e-07,1.0,0.001000002979845652,0.003639582805950546,0.21297161267051157,5.751743037745638,-1.4907963467968834,-1.4907963282532162,-1.2107369129028585,-4.329615169101291e-08,0.0010000011262794337,0.001611970502158834,0.0634697140711877,7.2961360083686
2666,-2.1162201076183678,-2.116219797224369,-1.9648519102132544,-3.1573592491869657e-07,1.0,0.0010000050994831155,0.003335141570237026,0.22266352626512637,5.420690698443718,-1.5032481564415827,-1.5032480425304837,-1.2200118501981099,-1.1117921935187446e-07,0.00100000091155784,0.0016433919935176769,0.06066537263492743,7.482974910736084
2667,-2.1400105863247276,-2.1400102939245835,-1.974973347951781,-2.9401677959370164e-07,1.0,0.0010000052400601079,0.0028615191903949345,0.186371935812651,5.0843528486647696,-1.395344446765052,-1.3953444441159566,-1.0610473718908098,-1.970264646742079e-08,0.00100000091155784,0.0017580053381000956,0.07348213379995691,7.808766057756213
2668,-2.121464823776821,-2.1214645201305173,-1.9672319731622372,-3.0477091951190303e-07,1.0,0.0010000046294287971,0.0033397455502055446,0.23231570301401727,5.4923734305039895,-1.4486887349022761,-1.448688668012619,-1.1432509273290634,-5.8776802486843536e-08,0.0010000017005950212,0.001806758489045832,0.07066209995084338,7.790973059336344
2669,-2.0806111457212917,-2.080610857819611,-1.9078258523401224,-2.876205264397387e-07,1.0,0.001000004007814909,0.003429238122167452,0.20949172924430864,5.811878339299616,-1.4439666575855676,-1.443966641690996,-1.1578798950546318,-3.0961301591661244e-08,0.0010000030303166972,0.0017456859634775255,0.07056177055670156,7.601943736606175
2670,-2.0843696324330456,-2.084369331035974,-1.9153023755775307,-2.9879639733512446e-07,1.0,0.0010000067951930862,0.0034844101305594143,0.21990327635463677,5.717205798850869,-1.4609581556585098,-1.4609580556551616,-1.1740105383925967,-8.81652037302653e-08,0.001000002515502274,0.0016790527772779266,0.05923693273216486,7.531763140360515
2671,-2.1335749131328656,-2.133574645474272,-1.985459881008796,-2.6161378284670274e-07,1.0,0.0010000058858356667,0.003261528329326297,0.2075111567622648,5.135700221331614,-1.4839077923032973,-1.4839077366722955,-1.197680601146486,-5.6293275621202255e-08,0.001000002171430323,0.001568558258521888,0.0533264708187845,7.249483807881673
2672,-2.111206871158672,-2.1112065810077594,-1.9622484737972044,-2.969688964339922e-07,1.0,0.001000005661791085,0.0032519887241025296,0.21077220458185897,5.223949931702524,-1.4895735005537667,-1.4895734012126922,-1.2039427070568005,-9.180770979987251e-08,0.001000001625571814,0.0016491568026443322,0.07292249682876799,7.61853609085083
2673,-2.1043136569688903,-2.104313371316442,-1.9447778260932778,-2.9345447162412245e-07,1.0,0.0010000061098802482,0.0032669380417023348,0.20981535062475024,5.353788114943594,-1.456088477373123,-1.4560884277025858,-1.1679899457428191,-5.604492293463813e-08,0.0010000020317319366,0.0018394233322598869,0.08153769868529505,7.814306343926324
2674,-2.105658283773458,-2.1056579846256183,-1.9679427979127415,-2.968986079377948e-07,1.0,0.0010000042406455526,0.003357447602540114,0.22023802802388398,5.186708049954109,-1.4723331809043885,-1.4723331186506483,-1.1855787817802694,-6.051527129279242e-08,0.0010000014936344492,0.0015925675371868742,0.063318104772932,7.292269325256348
2675,-2.1219851093472175,-2.121984798953218,-1.9587952415898162,-3.129946735669982e-07,1.0,0.001000003994635816,0.0030423438940900115,0.18233202872270682,5.277016630712545,-1.434746225674947,-1.4347461468643612,-1.1155241936445237,-7.591313785976833e-08,0.0010000013616970843,0.0016425187544276316,0.05973189442108075,7.605149258507623
2676,-2.100588949221485,-2.1005886478244133,-1.9278396547965284,-2.997101477856906e-07,1.0,0.0010000059121938528,0.0034891296977634136,0.22398706455275696,5.739169197262458,-1.5122266378667617,-1.5122265736262004,-1.2412502736681037,-6.092919243706597e-08,0.0010000010745392905,0.0015670223394408822,0.059324415545496674,7.0066952599419485
2677,-2.127033238141042,-2.127032943491666,-1.9798414347306736,-2.9626601147201824e-07,1.0,0.0010000057540447364,0.0028433721350013927,0.18222384773335368,5.0000177509379835,-1.5472114814652336,-1.547211480140686,-1.2792818731731839,-1.4321671591864692e-08,0.0010000011547365122,0.001577781024388969,0.05100798921452628,7.126456673940023
2678,-2.1450085954846076,-2.145008296336768,-1.9768545065286025,-3.1074544168868155e-07,1.0,0.001000005461908174,0.002603748516741929,0.14631463812207277,5.023346374619682,-1.4442605217297872,-1.444260515107049,-1.1274011906650332,-3.41898865169949e-08,0.0010000012038896481,0.0014960972462884255,0.04822432270480527,7.240369817945692
2679,-2.123502600867793,-2.123502310716881,-1.9808661555344205,-2.904320662876345e-07,1.0,0.0010000049940503712,0.003227520345288487,0.20829128881670395,5.109115056271823,-1.4558107574780779,-1.4558107561535305,-1.152853767739402,-2.0447704527113173e-08,0.001000000639922089,0.0014856023972647059,0.050628426981468994,7.2181809107462565
2680,-2.0984387352781475,-2.098438454124163,-1.937957984096599,-3.061766894358509e-07,1.0,0.001000006160400105,0.0033725415892407015,0.21284726610020646,5.687260798688205,-1.519341476758321,-1.5193413959609137,-1.231351547025972,-9.329782591925727e-08,0.0010000009839940401,0.0017470100558259422,0.05967379342764616,7.532739543914795
2681,-2.124632185360171,-2.1246319177015773,-1.9435757780974765,-2.6885349795503437e-07,1.0,0.0010000049303514214,0.0030871617238757746,0.17210421586444355,5.470028260968766,-1.4450482447942101,-1.4450482428073883,-1.1384831411143144,-2.707044283548991e-08,0.0010000012116506696,0.001499979994777176,0.048119527163604896,7.256875165303547
2682,-2.1500438136874505,-2.1500435167888425,-1.9957108587588903,-2.9113495124960843e-07,1.0,0.0010000025229704268,0.0025954026386212064,0.18602481350865005,4.860324072387983,-1.4190195019046465,-1.4190193985899289,-1.1125223783983125,-9.387731552124023e-08,0.001000001421198249,0.0014777981469200718,0.04670766533041994,7.208939361572265
2683,-2.1007848438226953,-2.10078457391487,-1.931028759704446,-2.6421445720600633e-07,1.0,0.0010000058836391512,0.0034685012168373984,0.2016023110668614,5.710326046313879,-1.433653879827923,-1.433653813931677,-1.1498046189546585,-6.424056159125434e-08,0.0010000012789128554,0.0016787496188448536,0.05420434839195675,7.630518892076282
2684,-2.0398890769706584,-2.0398887980659053,-1.8658040132162705,-2.94789953051873e-07,1.0,0.0010000075376153273,0.004411652345948343,0.2513250856888744,6.207583530893865,-1.4803973595301307,-1.480397311846415,-1.2001605048775672,-5.712111790974935e-08,0.0010000021119291583,0.0019016944777427449,0.08954998000214497,7.865097543928359
2685,-2.073420121984662,-2.0734198183383583,-1.9036103059660714,-3.0723101687881184e-07,1.0,0.0010000064832878844,0.0032342219119012917,0.19428763844353972,5.700438216047467,-1.3871223509311674,-1.3871222734451294,-1.1013918356762993,-7.243620024787055e-08,0.0010000020394929582,0.0016547934669587348,0.05992622222337458,7.602749199337429
2686,-2.1272748776201933,-2.127274605463136,-1.9409391925020039,-2.7637436704815556e-07,1.0,0.0010000065667554736,0.0030163139992235403,0.17626043684991463,5.570966239245433,-1.250447664658228,-1.250447651743889,-0.8774484226480126,-2.8146637810601128e-08,0.001000001987752815,0.0016317611560225486,0.06679260546548499,8.047945255703395
2687,-2.1332735453011855,-2.1332732596487367,-1.9776327182661813,-2.91767547715385e-07,1.0,0.0010000071642076913,0.0030927738429591903,0.1996873806951181,5.216470817349991,-1.5092057281070288,-1.5092056539323595,-1.2239411162005531,-7.2022279103597e-08,0.0010000017782052359,0.0016502220442311632,0.06583244583259026,7.262740993499755
2688,-2.1255081419674857,-2.125508078988993,-1.9410064265413105,-6.89530147696441e-08,1.0,0.001000005323527697,0.00290436329724232,0.19683466449309633,5.513073372391035,-1.4915872004297042,-1.4915871540705363,-1.208666608068678,-4.354450437757704e-08,0.0010000014289592704,0.0017303582384354539,0.07293635925485029,7.517533376481797
2689,-2.114070138841305,-2.114069994890465,-1.9516224681206469,-1.5414267216088637e-07,1.0,0.0010000060813255467,0.0031602276568213163,0.20131852043757462,5.2457425279437375,-1.3602323425312837,-1.3602322093314594,-1.020851622025172,-1.4719035890367297e-07,0.0010000023732168806,0.0015450433931416935,0.05926295015960932,7.592200141482882
2690,-2.144066000884434,-2.144065706235058,-1.9647200804836344,-2.9717976192258437e-07,1.0,0.0010000057167039726,0.0027973086349138954,0.18237009437157298,5.296258651985313,-1.2991682019498612,-1.2991680794292026,-0.9449032156003846,-1.1838144726223416e-07,0.0010000018377064003,0.0015967609722995096,0.05974071195556058,7.866578822665745
2691,-2.0852564370857096,-2.0852561401871017,-1.9190788831350938,-3.1468159747573566e-07,1.0,0.0010000071114913192,0.0034872861161722606,0.22255012301622695,5.691749208378342,-1.440959690676795,-1.4409595476256476,-1.1135131378968557,-1.3286868731180826e-07,0.001000001646267871,0.0016959932348173527,0.06692957141333156,7.61395304997762
2692,-2.1127089374470263,-2.1127086405484183,-1.965956744158043,-2.931733176393329e-07,1.0,0.0010000037903598739,0.0033014365340108577,0.23628574827650808,5.316985512679478,-1.5427746587329443,-1.5427745713127985,-1.268512139055464,-9.288390477498372e-08,0.0010000017445741427,0.001634670325761868,0.06008899178769853,7.180024252997504
2693,-2.1459168195724487,-2.1459164979322902,-1.9792381907409091,-3.152439054453148e-07,1.0,0.0010000046272322816,0.0028505385348151597,0.1828037781886897,5.14417223660451,-1.4979949593544004,-1.4979948944515653,-1.201461195283466,-7.491972711351183e-08,0.0010000014936344492,0.0016274336570252974,0.05884825605899095,7.279524294535319
2694,-2.0946707658047945,-2.094670480152346,-1.9328618342021726,-2.7932648388844614e-07,1.0,0.0010000037683947187,0.0036408637698634332,0.259328638467024,5.557358669784834,-1.5064578957027857,-1.5064578043089973,-1.2186107431848845,-9.371174706353081e-08,0.0010000024378920595,0.0016694553894922137,0.05950404724313153,7.350310389200846
2695,-2.121481621040488,-2.1214813151449525,-1.954520859808292,-3.0041303274766456e-07,1.0,0.0010000044734761963,0.0029801022555714226,0.17372376953234087,5.293995933712654,-1.2186636147399743,-1.2186634636587568,-0.8169809723065959,-1.4917718039618598e-07,0.001000002380977902,0.0017699931075589525,0.06434886234088076,8.526000944773356
2696,-2.1279978122351304,-2.1279979471890433,-1.9691398391183816,1.4296680126550063e-07,1.0,0.0010000068061756639,0.0030172288786830767,0.20575737559570456,5.419569951183391,-1.4975068039364283,-1.49750689930386,-1.215367596844832,9.396009975009494e-08,0.0010000016488548782,0.0016397357400920656,0.059410003138085206,7.24329563776652
2697,-2.114591171156685,-2.1145911531628303,-1.937933645158444,-6.958561123542066e-09,1.0,0.0010000064613227293,0.003185952870825411,0.19645233216853636,5.6545170208193225,-1.5253696110513475,-1.5253695752885608,-1.2391044699483447,-2.168946795993381e-08,0.0010000022568015588,0.0016503517205516498,0.06446088210990032,7.173504776424832
2698,-2.120735278669393,-2.1207352179401324,-1.9688098295679632,-5.967493327158802e-08,1.0,0.0010000064151959036,0.0035764430210275472,0.2382066658047854,5.405435598121499,-1.3821920884980095,-1.3821917023923662,-1.043030485841963,-3.870162698957655e-07,0.0010000012840868698,0.0015962825467189152,0.049855370157294805,7.719016742706299
2699,-2.1324594628136113,-2.1324592581335104,-1.9518156299051248,-1.916064406340977e-07,1.0,0.0010000035816909007,0.0033481123259747926,0.20266598364654578,5.435734667867984,-1.339181794391738,-1.3391814165645175,-0.9948418159658711,-3.754264778561062e-07,0.0010000011262794337,0.001584264550668498,0.05052725053909752,7.698667992485896
2700,-2.1616412288737745,-2.161641204132224,-2.002825332137774,-2.748280201318129e-08,1.0,0.0010000036388003038,0.002520493284430144,0.16444373310034005,4.894983557035339,-1.467065547572242,-1.4670655051867167,-1.1731537716256248,-4.2302740944756404e-08,0.0010000006942492393,0.0015843792740876477,0.05334030008978314,7.426462533738879
2701,-2.13447261531398,-2.1344726580493854,-1.9853142319985155,2.916972592191876e-08,1.0,0.0010000043350957193,0.0030431753235324373,0.18268527809249344,5.304942670858131,-1.214882484740681,-1.2148824840784074,-0.8062121469941405,-5.380974875556098e-09,0.0010000008675787183,0.0015624609698231021,0.04630763149923749,8.0109468460083
2702,-2.1318816081532894,-2.131881590159434,-1.9744716612797863,-1.2230198338346662e-08,1.0,0.0010000051126622085,0.0032306789873027294,0.1806182992240449,5.416423509705742,-1.4735565662384034,-1.4735565503438315,-1.1715599563386705,-1.5811787711249458e-08,0.0010000016695509355,0.0015999243749926487,0.05187269099470642,7.343612130482993
2703,-2.1334206450660274,-2.1334204763736366,-1.9425589543468547,-1.6426421561331118e-07,1.0,0.0010000073333393852,0.0031343318526369504,0.2039052194933284,5.608600085636355,-1.4503825743993122,-1.4503822637928856,-1.1421639440788163,-3.130071692996555e-07,0.001000001848054429,0.001538161066774693,0.04930727182784014,7.275737857818603
2704,-2.11461277952734,-2.114612487127196,-1.9658209175433752,-2.8080254230859145e-07,1.0,0.0010000065931136596,0.003043651451216132,0.2135544148677925,5.292654964159119,-1.4241780353917015,-1.4241775453090668,-1.1169670916265912,-4.841221703423394e-07,0.00100000221023543,0.0016403788183298375,0.06583542579578029,7.466951507992215
2705,-2.154183916325839,-2.1541836441687816,-1.9627468271075554,-2.7686638652153733e-07,1.0,0.0010000054948559067,0.0027919975856213635,0.1835684033005305,5.2965070886432,-1.4570874657895831,-1.4570872055159674,-1.1456830283006032,-2.618465158674452e-07,0.0010000018118363288,0.0015348226763308049,0.045270921538273494,7.279518604278565
2706,-2.1265416730124995,-2.126541400855442,-1.9585086557100404,-2.6920494043602135e-07,1.0,0.0010000030545271792,0.0029831047407087854,0.18706991351297442,5.4416498688032044,-1.4234085016780427,-1.4234085135989718,-1.1000073404775725,8.857912487453885e-09,0.0010000007020102607,0.0017983309381331006,0.07010729677147336,7.842017650604248
2707,-2.119750632430023,-2.1197506009407765,-1.9533014814808685,-3.3387035693762436e-08,1.0,0.0010000047546301811,0.0034677707172824806,0.22665929708208116,5.458774472182652,-1.6015097512139216,-1.601509658495585,-1.3389132234785293,-9.768539004855685e-08,0.0010000020110358795,0.001702323061827984,0.07595547270029783,7.046906990475124
2708,-2.120054352958247,-2.120054211256639,-1.942201888786172,-1.4268564728071106e-07,1.0,0.001000005947338101,0.003096865191352817,0.21584421023726463,5.4818309612993925,-1.3724267361892595,-1.3724267919858297,-1.024813012778759,6.101197666592068e-08,0.001000000996929076,0.001649190371649133,0.06680795138494836,7.651336542765299
2709,-2.114365384263812,-2.1143828180601014,-1.9464084877158112,1.7435483212740917e-05,1.0,0.0010000045042274134,0.0031793662896028385,0.2224846042622373,5.39611794813624,-1.1306028591261967,-1.1306075049771203,-0.7425364553928375,4.644029670291477e-06,0.001000002277497616,0.0018565087605060802,0.06958468866844972,8.847410043080648
2710,-2.104916617555438,-2.1049427716237195,-1.9063874415631563,2.6162573189105627e-05,1.0,0.0010000081680152776,0.003491041628327572,0.22226382268346706,5.923380874237925,-1.3862325668334963,-1.3862325972980922,-1.0362187827212943,2.6656521691216364e-08,0.0010000013306529986,0.001679061397185756,0.057701959585150085,7.750002490149603
2711,-2.1578335784516245,-2.157833600943943,-2.0040906757678627,2.797482148656305e-08,1.0,0.0010000057167039726,0.0029036980561630904,0.1897853071326917,4.8505566929871184,-1.356677940156725,-1.356677985853619,-1.017613422539499,3.2865338855319555e-08,0.0010000015815926923,0.0015382814945446121,0.04801662943015496,7.704678058624268
2712,-2.146878478662023,-2.1468784629174,-1.9738173214894421,-2.6147320585430794e-08,1.0,0.0010000048095430687,0.0026787637276047805,0.17081672223812006,5.272278772210175,-1.4885609832074909,-1.488561044798957,-1.1872313304079904,6.548232502407498e-08,0.0010000011754325694,0.0014822685728884406,0.04663518320562111,7.120118692186143
2713,-2.101446511610499,-2.1014465206074266,-1.9339802242674917,1.785327803413823e-08,1.0,0.0010000045964810645,0.0038536796917400832,0.2204106676058387,5.626691040003075,-1.2821756455633375,-1.2821756614579094,-0.9231310499211153,1.6970766915215386e-08,0.001000001250455777,0.0015996162676148945,0.053379097560213674,7.904681173960367
2714,-2.130675246130745,-2.1306752078938036,-1.9348431105883617,-3.022405336487968e-08,1.0,0.0010000038145215444,0.0028253262269503946,0.1584839124302819,5.636613270021835,-1.5729051854875353,-1.5729051113128663,-1.291839000251558,-8.402599228752985e-08,0.00100000087533974,0.0017210024848787321,0.060338766955667075,7.298809475368924
2715,-2.1139030591496883,-2.1139030748943113,-1.9568518917515594,6.677407138752488e-09,1.0,0.0010000044888518048,0.003313837285188712,0.19784131955425693,5.52961876707257,-1.3971878117985195,-1.3971878356403775,-1.0766986827055613,2.6822090148925782e-08,0.0010000003553513024,0.0018408371394293176,0.06615103435599141,8.227641391754151
2716,-2.138961765001405,-2.138961726764463,-1.972607509145197,-3.1840688777419756e-08,1.0,0.0010000028129104736,0.0027542715597862625,0.15660296677488764,5.148951458481123,-1.396355744202932,-1.3963557958602906,-1.0625151289833916,4.569689432779948e-08,0.0010000009529499544,0.0015978234483756952,0.05137901976704597,7.805335553487142
2717,-2.1243962566807584,-2.1243962409361354,-1.9557003749991364,-3.936155787054098e-09,1.0,0.001000004086889467,0.0029925276626358334,0.1829144369178223,5.549085949951747,-1.4565940896670022,-1.4565940936406454,-1.160310572385788,4.13921144273546e-09,0.0010000012245857054,0.0015284610136101643,0.05302634631387061,7.300854386223687
2718,-2.1208072473418036,-2.12080720685563,-1.9377471118603113,-3.4300786144328566e-08,1.0,0.001000003873827463,0.0029232205190467386,0.17841888268320066,5.388895781535022,-1.4663667281468706,-1.4663668447070652,-1.1625863787200716,1.11593140496148e-07,0.0010000005933559603,0.001814768802271121,0.06502305894262261,7.95585718154907
2719,-2.04356450404761,-2.043564459062972,-1.8730380737556602,-5.166204470508503e-08,1.0,0.0010000061845617755,0.004224698090012062,0.27308205785756967,6.346805032694115,-1.4559771802690296,-1.4559771630499099,-1.1632942807343272,-7.781717512342665e-09,0.0010000015039824776,0.0017765109246182774,0.07478446331289079,7.510430791642931
2720,-2.131062928235756,-2.131062925986524,-1.9628954226115964,-9.278081498056087e-09,1.0,0.0010000068237477878,0.002781261371466208,0.16298622861153111,5.303624117149497,-1.4616314583354528,-1.4616313722398546,-1.1690795690649085,-8.940696716308594e-08,0.0010000017445741427,0.0017072354650331867,0.07292776927351952,7.486551698048909
2721,-2.128590502828922,-2.1285904331027337,-1.9579377376808311,-5.384098808720427e-08,1.0,0.0010000048271151928,0.0028444302140928383,0.16909022400823404,5.398030425017735,-1.4536000238524545,-1.4536000159051683,-1.1416809135013157,-1.1672576268513997e-08,0.0010000015971147352,0.0016270930050975747,0.0743179471956359,7.372109402550592
2722,-2.131225680405239,-2.131225624174442,-1.9594776427970741,-3.549569057968428e-08,1.0,0.001000002367017826,0.0029896878624194353,0.1707472480341511,5.258555596729495,-1.4984328044785393,-1.4984329104423524,-1.2203558027744292,1.11593140496148e-07,0.0010000020782980653,0.001731986130794717,0.08123290174537234,7.345380115509034
2723,-2.1305829848883286,-2.130582924159068,-1.9614964993494861,-7.450580596923828e-08,1.0,0.001000004225269944,0.002866203723176611,0.18688883280979013,5.423145905980524,-1.4933071772257487,-1.4933070209291246,-1.1993658039304944,-1.5273690223693848e-07,0.001000001149562498,0.001648375681704945,0.06692000112185875,7.426583841111925
2724,-2.116390381219252,-2.116390257511499,-1.959505724457075,-1.0079370354706387e-07,1.0,0.001000006364676047,0.0030556528934470887,0.1850752395068137,5.43041035364259,-1.553793797228071,-1.5537937217288547,-1.2849268801510334,-8.650951915317111e-08,0.0010000024171960022,0.0017801725667797857,0.08034353003733688,7.421610535515679
2725,-2.0991889575742326,-2.0991888743526532,-1.943914049076584,-7.338119003007997e-08,1.0,0.0010000065052530394,0.0032275618726106464,0.2042657530532693,5.432985319281524,-1.3743826389312743,-1.3743825589617094,-1.0470059212711122,-8.64267349243164e-08,0.0010000018377064003,0.0018772470221544305,0.0822986360018452,8.160269440544976
2726,-2.107049789068834,-2.1070496608626166,-1.9381918547288426,-1.1625717271049068e-07,1.0,0.001000006911608408,0.0031881354933710033,0.20465063036612743,5.447231949500318,-1.4428336275948417,-1.4428335256046718,-1.1302714871035682,-9.917550616794163e-08,0.0010000020291449296,0.001539620239701536,0.05783115186625057,7.190764776865641
2727,-2.07823339498268,-2.078233296016477,-1.9006866104197953,-9.432716189690356e-08,1.0,0.001000007979114944,0.0035692955046575867,0.20202574207675908,6.017472294141662,-1.4386946678161618,-1.4386944479412502,-1.1509157604641385,-2.203716172112359e-07,0.0010000033045394552,0.0019458241113978955,0.10352783066531022,7.867407978905572
2728,-2.064026852823653,-2.06402676510361,-1.889550709499503,-9.531120084366709e-08,1.0,0.001000008890668879,0.003923469234064643,0.24955511311033987,5.964484543170569,-1.5648892985449898,-1.564889301194085,-1.3114970498614842,3.394153383043077e-09,0.001000003573588199,0.002478030396418439,0.11352773871686724,7.823921669854058
2729,-2.0708670346242077,-2.0708669671472513,-1.8897046548015666,-6.951532273922327e-08,1.0,0.0010000063668725626,0.003943971492227097,0.2368999515783112,6.198921266591774,-1.4617221474647522,-1.4617221196492514,-1.1697049740287992,-2.7567148208618165e-08,0.0010000016850729783,0.0016259295167401432,0.05705291839937369,7.529346985287137
2730,-2.10367584678362,-2.1036757073312438,-1.9417062930341036,-1.4149074284535534e-07,1.0,0.0010000056705771472,0.003402092614878883,0.23438388678543973,5.752500727491559,-1.4611538203226195,-1.4611534921659364,-1.1551013592216703,-3.2981236775716145e-07,0.0010000015065694849,0.0018790165997213787,0.07684112915562259,7.788721879323324
2731,-2.0847049524199286,-2.08470492992761,-1.9152091786546528,-8.926639017069115e-09,1.0,0.0010000029688630745,0.003974136760247484,0.2459403638429237,6.038451833545037,-1.4657156878047521,-1.4657153248786927,-1.1649303765760528,-3.6325719621446396e-07,0.0010000020653630297,0.001718765693820185,0.06942039355635643,7.478230592939587
2732,-2.131231850048281,-2.1312317128451364,-1.9647300603254787,-1.3523506668378723e-07,1.0,0.0010000077594633935,0.002917530610366672,0.17360722424708447,5.060751141242261,-1.474289695421855,-1.474289177523719,-1.1790732072459327,-5.147523350185818e-07,0.0010000020757110584,0.0016063927828023831,0.06944863655500942,7.307261149088542
2733,-2.109849880326469,-2.109849655403281,-1.9374842486291561,-2.2126818602939822e-07,1.0,0.0010000052071123752,0.0034274490053747904,0.2147754652179637,5.39920194194002,-1.5026289330588445,-1.5026286681493124,-1.2235368410746257,-2.684692541758219e-07,0.001000002515502274,0.0018150532437074516,0.07369788367715147,7.503714116414388
2734,-2.1224635974416195,-2.1224633680199676,-1.9397997158878255,-2.254854958012419e-07,1.0,0.001000005092893569,0.0035614414549133967,0.22835055919680394,5.731273457689105,-1.5064743982421025,-1.5064741320080228,-1.2386478702227275,-2.625915739271376e-07,0.00100000221023543,0.0016980041516944766,0.07496846200277409,7.212009567684598
2735,-2.1315991856017202,-2.131598899949272,-1.9709990182012882,-3.025216876335864e-07,1.0,0.0010000049259583906,0.0030638426674073037,0.20169457104408517,5.190620858714266,-1.3721198035611046,-1.3721190922790103,-1.030570774856541,-7.127722104390463e-07,0.0010000016048757566,0.0015667643372176423,0.061397424661036995,7.5403534995185
2736,-2.1363529484227017,-2.136352581797906,-1.9764567950986467,-3.518642119641574e-07,1.0,0.0010000065799345666,0.003140722976927206,0.21616539903828558,5.231397642279571,-1.461376439200507,-1.4613758815659417,-1.1711845146285162,-5.63926166958279e-07,0.001000001118518412,0.0016029065138556892,0.05471456597248713,7.342178705003527
2737,-2.095080114760489,-2.095079817861881,-1.9292336679854483,-3.099019797343128e-07,1.0,0.0010000052510426853,0.0031674775286173484,0.21793699928752655,5.5145024263633875,-1.54491474893358,-1.5449144297175936,-1.289129638671875,-3.220306502448188e-07,0.0010000032062331835,0.0019775208447956375,0.0876957462893592,7.470076666937934
2738,-2.112956056055033,-2.1129557546579614,-1.9272936605057627,-3.0758245935979877e-07,1.0,0.0010000038386832149,0.002894538210898216,0.17346663583280905,5.524460689076838,-1.4127032657464347,-1.4127028743426004,-1.1042810743157234,-3.988544146219889e-07,0.0010000016773119569,0.001760073660665916,0.07574577801343467,7.812361579471164
2739,-2.1229977157880677,-2.1229974053940683,-1.9794050432601065,-3.268415073178849e-07,1.0,0.0010000043153270799,0.0028429604640652266,0.18900886360766753,5.095178383701253,-1.5519708408249748,-1.5519701851738823,-1.2784062928623623,-6.54492113325331e-07,0.0010000024611751237,0.0016195328880308402,0.06523949559777975,7.129581843482123
2740,-2.13746066813199,-2.1374603667349183,-1.9985776352432538,-3.1988294619434284e-07,1.0,0.0010000049347444525,0.0030212356700157783,0.19821878051701583,4.925043299513043,-1.4527776820792093,-1.4527773247824776,-1.1485146198007796,-3.5398536258273656e-07,0.0010000024094349808,0.001719783122340838,0.07099333819415835,7.554688591427273
2741,-2.1198313528636716,-2.1198309884881072,-1.9279264549039445,-3.4982584557443293e-07,1.0,0.001000004893010658,0.00345921407910591,0.2225991611210805,5.839214234981897,-1.382568123605516,-1.3825677325328192,-1.065416478117307,-3.922316763136122e-07,0.0010000018532284431,0.001611821707855496,0.05900266230520275,7.642323515150283
2742,-2.1388275938213996,-2.1388272451904586,-1.9765929748427193,-3.5657354120938284e-07,1.0,0.0010000041110511378,0.0028291716995947768,0.1750075441416142,5.18936853588752,-1.5188938326305814,-1.5188935650719537,-1.2583884881602394,-2.779894404941135e-07,0.0010000015479615992,0.0017250203837951025,0.06926931389090088,7.361492697397867
2743,-2.133336033461229,-2.133335660088737,-1.9756442353410542,-3.725993183423888e-07,1.0,0.0010000041176406842,0.0031233068713742607,0.18702455128560652,5.237566583561447,-1.4690406825807358,-1.4690402507781983,-1.186557345257865,-4.409088028801812e-07,0.0010000008908617828,0.0015748656510065,0.0575288166395492,7.31300237443712
2744,-2.135536144364555,-2.1355357912351502,-1.9871345083668548,-3.516533464755652e-07,1.0,0.0010000023472491863,0.002979058765735969,0.18012087651581135,5.093306046611858,-1.3175669430030716,-1.3175665724608634,-0.9751128238108423,-3.6325719621446396e-07,0.0010000015402005778,0.0015520956625954972,0.05453917139934169,7.774113580915663
2745,-2.1054369076242985,-2.105436572488749,-1.9343729513996053,-3.371036277627045e-07,1.0,0.0010000052949729955,0.003371324675719974,0.2184107110589602,5.691066193130781,-1.340579958425628,-1.3405796700053745,-1.0071898468666607,-2.920627593994141e-07,0.001000001201302641,0.001675848595591055,0.05894061581542095,8.056629519992406
2746,-2.0741084836563974,-2.0741081687639342,-1.9099791229895826,-3.305667976163468e-07,1.0,0.0010000053542789141,0.003885675794972142,0.26923583665827533,5.800129485580157,-1.483379822307163,-1.4833795017666287,-1.1942435565094154,-3.2517645094129775e-07,0.0010000014134372273,0.0017112276232283976,0.05979060089836518,7.594136079152425
2747,-2.129411670396913,-2.1294113240152037,-1.9827138252978056,-3.44132477382444e-07,1.0,0.001000002766783648,0.003175555012311857,0.21049328809076884,5.35765559718294,-1.4906176646550493,-1.4906175136566162,-1.195806578795115,-1.6076697243584528e-07,0.0010000022956066662,0.0015995756671246554,0.05503280303544468,7.265792793697781
2748,-2.1019139312348276,-2.1019135668592632,-1.9681498082178943,-3.4701430572653714e-07,1.0,0.0010000051653785806,0.0032641877670649367,0.1987937420325459,5.32510576608046,-1.5560697939660815,-1.5560696588622198,-1.2915198319488101,-1.3146135542127822e-07,0.001000001591940721,0.0018003857772176464,0.07310578717539708,7.339963150024414
2749,-2.115030990456635,-2.1150306688164764,-1.9358590323970002,-3.3084795160113643e-07,1.0,0.0010000033686288967,0.0033875775286260077,0.2486439513148002,5.678675332159366,-1.4827912635273406,-1.4827911602126227,-1.1938137471675874,-9.801652696397569e-08,0.0010000012426947555,0.0016101520689618257,0.055567559351523715,7.360999859703911
2750,-2.1348341815876513,-2.1348338576982604,-1.9900400885995828,-3.3822824370186284e-07,1.0,0.0010000032478205438,0.0028687676322593724,0.1855599127077269,5.060662449530835,-1.4713652716742622,-1.4713650319311353,-1.1768335142069393,-2.3974312676323784e-07,0.0010000012608038056,0.0015636590956192877,0.05779866149855985,7.274791908264161
2751,-2.1180318346563376,-2.1180314815269328,-1.9899091855534967,-3.4863094113907724e-07,1.0,0.0010000038672379166,0.0028387344516989477,0.15572358994692,4.96529787891316,-1.385822300778495,-1.385822155740526,-1.072056825293435,-1.4959110154045954e-07,0.001000002412021988,0.0017666274371246496,0.08742409418854448,7.6164087931315105
2752,-2.114717483520508,-2.1147171551326536,-1.9640460014343262,-3.436404579090622e-07,1.0,0.0010000044910483204,0.0031203390472515856,0.20213171375809974,5.2671741449608,-1.4917122708426584,-1.4917120695114137,-1.2040136713120673,-2.067950036790636e-07,0.0010000018765115076,0.0016659263806003664,0.06793890926573011,7.430133194393582
2753,-2.1215877330528117,-2.1215874091634213,-1.9592275664491474,-3.2768496927225365e-07,1.0,0.001000008464544871,0.0033795433360556105,0.21488359059154424,5.584340594849497,-1.4558775875303482,-1.45587733719084,-1.1467374877797232,-2.5249189800686304e-07,0.0010000017652702,0.0016403695387351843,0.05739743543995751,7.537621000077991
2754,-2.115310140375821,-2.115309823234126,-1.953943632683664,-3.2114813912589595e-07,1.0,0.0010000058111541395,0.003103618589142021,0.18021200838024323,5.3519716217832745,-1.1913537674480017,-1.1913535700903999,-0.8356720813446574,-1.9934442308213976e-07,0.0010000029423584541,0.0022221788401818937,0.10096307293408446,9.398551877339681
2755,-2.060666743314491,-2.0606664419174194,-1.8817202077721649,-3.025216876335864e-07,1.0,0.0010000080142591923,0.004071163716462423,0.2570987236949633,6.092421144809363,-1.5446024126476712,-1.5446021265453762,-1.2716312534279293,-2.8949644830491807e-07,0.001000002106755144,0.0016495860621540083,0.0549501819950011,7.075714959038629
2756,-2.1121737169769577,-2.112173618010755,-1.9490600172078834,-1.0114514602805084e-07,1.0,0.0010000028480547218,0.003795835833100356,0.24011812591046658,5.620315299843842,-1.4953836335076227,-1.4953837354977926,-1.2029966771602632,1.0132789611816406e-07,0.0010000014263722632,0.0016374078682727285,0.05398100655939844,7.356933148701986
2757,-2.1127123315379306,-2.1127123000486843,-1.957370328453352,-2.621760908162819e-08,1.0,0.0010000040890859826,0.003009989275597036,0.16419427870017178,5.251886669194923,-1.3989798506100972,-1.3989800208144718,-1.0849730528063244,1.6151203049553765e-07,0.0010000013306529986,0.0017350476856033007,0.0650354864489701,7.825691117180718
2758,-2.119608705898501,-2.119611821084652,-1.9677705427385725,3.102042202679616e-06,1.0,0.0010000058045645929,0.0030191616541793884,0.19779509573050266,5.2819824623611735,-1.4858367244402568,-1.4858366900020175,-1.1876622001330057,-3.112687004937066e-08,0.0010000026293305888,0.0021516862713421383,0.10551098895569642,7.946174854702419
2759,-2.1350914239883423,-2.1350914037452555,-1.9773959663679015,-2.8747994944734394e-08,1.0,0.0010000037530191101,0.0027588601421810826,0.18284438427467392,5.0234540723404795,-1.5073538051711186,-1.5073537879519991,-1.2465446280108559,-1.6308493084377714e-08,0.001000001253042784,0.0016027993005183008,0.07381005260265536,7.0791442447238495
2760,-2.113166921543625,-2.1131668990513064,-1.9758644306434776,-4.2524540199423734e-08,1.0,0.0010000029776491366,0.003223999983297204,0.23114233899791287,5.225466170400943,-1.5214585211541916,-1.521458579434289,-1.2450078619851006,5.314747492472331e-08,0.0010000012478687697,0.0016813377435836527,0.0824224977236655,7.13483264711168
2761,-2.096060224299161,-2.0960601118375672,-1.9053381366549798,-1.1696005767246462e-07,1.0,0.0010000055343931857,0.0032681188796523887,0.1963307243894856,5.722355788608767,-1.5879171358214488,-1.587917102707757,-1.337890652153227,-2.7153227064344618e-08,0.0010000018066623146,0.001823924380975465,0.09773403935962253,7.067995855543347
2762,-2.112532118581376,-2.1125320151167095,-1.956488109984488,-9.608437430183843e-08,1.0,0.0010000055980921355,0.0035362846420128953,0.22996196474106806,5.656594942200859,-1.5493761857350665,-1.5493758810891045,-1.287132031387753,-2.9313895437452526e-07,0.0010000012582167983,0.0017332229944359925,0.0797279624061452,7.174195437961155
2763,-2.1418872509362563,-2.1418871362254306,-1.9817837881592084,-1.251135232313624e-07,1.0,0.0010000046184462197,0.0028974231912420605,0.1597088638622806,5.237491198305814,-1.516896277003818,-1.516896136601766,-1.2187363780207103,-1.4611416392856174e-07,0.0010000014781124061,0.0015664089083050688,0.06774373532583317,7.061663987901475
2764,-2.131675897904162,-2.131675794439496,-1.9821264923743482,-1.1253188241202876e-07,1.0,0.0010000033971835983,0.003459022940523079,0.21175303907608087,5.351209010718004,-1.556221071879069,-1.5562210626072355,-1.281344915760888,-1.142422358194987e-08,0.0010000010227991475,0.0016845131292939186,0.07897502535747157,7.030349561903212
2765,-2.117990554503675,-2.1179904240482257,-1.9332111241682521,-1.3713285608111687e-07,1.0,0.0010000055739304648,0.0032696736985290387,0.23632249844102365,5.655297972121328,-1.5403153697649639,-1.5403153114848667,-1.2497886843151516,-6.738636228773329e-08,0.0010000010564302404,0.0016710173312781585,0.06803268630885416,7.204106659359401
2766,-2.144359694336945,-2.1443596088661336,-1.996056563449356,-8.659542731519015e-08,1.0,0.0010000023999655583,0.0029397669582153264,0.2047194372071832,5.085166260881244,-1.4056088725725806,-1.4056087825033399,-1.1017419730623563,-9.35461786058214e-08,0.001000001460003356,0.0016199454328873091,0.06432843001352416,7.536788749694823
2767,-2.1151085394733355,-2.115108411267119,-1.9129180806987691,-1.382574720202752e-07,1.0,0.001000005119251755,0.0027127348035925402,0.16662056167732994,5.54655851957933,-1.516791025797526,-1.5167910589112177,-1.22976542810599,4.255109363132053e-08,0.001000001509156492,0.0019587938234003053,0.09260946102440357,7.540445147620306
2768,-2.129891440553485,-2.1298913235934274,-1.941345603960865,-1.3003371796518003e-07,1.0,0.0010000047304685104,0.0028887101391962956,0.1652697199287842,5.557634834973317,-1.4815943611992732,-1.4815943095419142,-1.1698366704707344,-6.101197666592068e-08,0.0010000012918478913,0.0016028817872413331,0.057713995915320185,7.3065487543741865
2769,-2.1078653110648102,-2.1078651738616654,-1.957445333588798,-1.4858988096129218e-07,1.0,0.0010000039111682265,0.00355895893112317,0.2151253642690069,5.2894756659021915,-1.5941851205295987,-1.594184766875373,-1.407547958029641,-3.572139475080702e-07,0.0010000046575441956,0.0016733852758382757,0.08550043886320459,6.715548865000406
2770,-2.062725496741961,-2.0627253145541786,-1.8781091064777014,-1.7087133425586628e-07,1.0,0.0010000112189753156,0.0038277361550772527,0.23998875223662494,5.993529621160255,-1.5449924058384366,-1.5449921753671434,-1.256422520780729,-2.3014015621609158e-07,0.0010000016695509355,0.0017634638611020313,0.09069263454940583,7.281301805708143
2771,-2.0944470617006408,-2.0944469177498006,-1.9223119785200875,-1.4142045434915795e-07,1.0,0.001000007019237668,0.0038588946061384566,0.21699464201646032,5.703582880631933,-1.5344430711534287,-1.5344428565767076,-1.2480550724185175,-2.106030782063802e-07,0.0010000020394929582,0.0016633102230520713,0.06748892302728361,7.249265978071424
2772,-2.132804216078992,-2.132803977660413,-1.9472499366076488,-2.528980093182258e-07,1.0,0.001000003994635816,0.0030681420170333026,0.21180413238141896,5.332079608485384,-1.4545581976572675,-1.4545578797658285,-1.1569894194602965,-3.2542480362786187e-07,0.0010000017885532645,0.0019625519661025867,0.08603701500429048,7.951265758938259
2773,-2.112340470529952,-2.112340229862141,-1.9355804200442333,-2.511407969132909e-07,1.0,0.0010000052400601079,0.003210597506829731,0.2065548482790308,5.694387813784042,-1.495165300369263,-1.4951650460561117,-1.1984891649749545,-2.4967723422580296e-07,0.0010000008805137542,0.0018171701657896241,0.08296010250018702,7.46545344458686
2774,-2.0716571897830605,-2.071656933370626,-1.9127047039427847,-2.5353060578400236e-07,1.0,0.001000004060531281,0.003968412012634975,0.23344424978460906,5.8979815986921205,-1.4625157793362935,-1.4625154336293538,-1.164815562301212,-3.356072637769911e-07,0.0010000016514418854,0.002326189072078301,0.12680127070181899,8.19245892630683
2775,-2.105462708563175,-2.105462425159958,-1.9310670101417686,-2.7904532990365657e-07,1.0,0.001000005635432899,0.0035121462237581893,0.23673445879007285,5.762239739579974,-1.4959944221708512,-1.495994100305769,-1.223343700170517,-3.1557348039415147e-07,0.0010000017782052359,0.0017733868392598299,0.08305452538447247,7.395937622918023
2776,-2.081936719282618,-2.081936501107126,-1.9311269049374562,-2.2112760903700343e-07,1.0,0.001000005501445453,0.003536189284685226,0.20282439592311968,5.588665291948138,-1.4983361860116324,-1.4983359899785784,-1.2298395093944339,-1.8916196293301053e-07,0.0010000017057690356,0.001850460115302768,0.07938081802179416,7.575668250189887
2777,-2.1209517784838408,-2.1209515198221744,-1.9302475272484545,-2.647064766793881e-07,1.0,0.0010000046667695609,0.0029700799572791132,0.19899508799865562,5.480530617372045,-1.431312617990706,-1.4313122934765286,-1.1196076517510745,-3.2972958352830673e-07,0.0010000014341332846,0.0017009309829316204,0.06760933953854772,7.682576370239259
2778,-2.119001469522152,-2.1190011478819937,-1.9527307883748468,-3.259980453635162e-07,1.0,0.0010000037925563894,0.0029118220378943492,0.17758963921300644,5.326309788901851,-1.4453967359330921,-1.4453965041372512,-1.1355856001377105,-2.3552113109164768e-07,0.0010000009684719973,0.0017559998384159472,0.07607707445406252,7.6442628966437445
2779,-2.1352398148122824,-2.135239490922892,-1.9742787424123511,-3.2093727363730375e-07,1.0,0.001000003487240734,0.003059721248716397,0.17891293296695882,5.24060753156554,-1.5036370151572753,-1.5036367999182807,-1.2105166859096952,-2.1912985377841526e-07,0.0010000010383211903,0.0016393107724272543,0.07155600502673122,7.279052723778619
2780,-2.1409687613541224,-2.140968441963196,-1.9579771982049041,-3.256466028825292e-07,1.0,0.001000003522384982,0.0029096318681214777,0.1922523714953436,5.3952996146004155,-1.40996114148034,-1.4099609229299757,-1.0848732055889236,-2.21199459499783e-07,0.0010000011780195767,0.0016564582189958956,0.07012041538125939,7.6508049964904785
2781,-2.141187011070971,-2.141186684932349,-1.980179786682129,-3.268415073178849e-07,1.0,0.0010000033686288967,0.0031635779382239255,0.17644654729245407,5.359774657015531,-1.512512367301517,-1.5125121831893922,-1.2375886393917932,-1.754197809431288e-07,0.0010000008029035397,0.001885736154185401,0.08759012170549896,7.58302264743381
2782,-2.1153091124768526,-2.1153087840889984,-1.9886751894680958,-3.17774291308421e-07,1.0,0.0010000040846929517,0.0029110214936564553,0.1754391044729723,4.905465359957713,-1.4371222562260095,-1.4371219952901204,-1.116271393497785,-2.48518255021837e-07,0.0010000018428804147,0.0017106961717622147,0.07626074598067337,7.6489633878072105
2783,-2.1269471128031894,-2.1269467956614942,-1.9823581542608872,-3.259980453635162e-07,1.0,0.0010000056859527557,0.002965564435383059,0.19135673653404667,5.245894576018712,-1.4935598426394991,-1.4935596346855164,-1.2015584886074067,-2.0207630263434517e-07,0.0010000014548293419,0.0017570804830433595,0.0741768599798282,7.527822494506836
2784,-2.1461938169767274,-2.1461935290750467,-1.9917702989758186,-2.905023547838319e-07,1.0,0.0010000027162637914,0.0030569771067502924,0.19258877606886737,5.047619527240969,-1.525465480486552,-1.5254653334617614,-1.246096247434616,-1.4445847935146756e-07,0.0010000010046900974,0.0016854019809721245,0.07997263624436325,7.254263401031494
2785,-2.116800103547438,-2.116799790904207,-1.9619792317444424,-3.085664983065623e-07,1.0,0.0010000038913995871,0.0034701728002818405,0.18534499480617497,5.454545772300576,-1.4469435499774086,-1.4469434340794882,-1.1718303129076957,-1.2003713183932834e-07,0.0010000012608038056,0.0017141329641971322,0.07387563675228093,7.482808335622153
2786,-2.137402188103154,-2.1374018889553144,-1.9849368581232034,-3.0069418673245413e-07,1.0,0.0010000038255041218,0.002770258836395476,0.1802663460444167,5.1711929069375095,-1.3655429465903175,-1.3655427628093295,-1.0506669661237134,-1.8493996726142036e-07,0.001000001082300312,0.0015265740014405713,0.05505880086372296,7.593708440992568
2787,-2.1455475496795944,-2.145547277522537,-1.9551512722699147,-2.772178290025243e-07,1.0,0.0010000028656268456,0.0031493974581606825,0.22784982772790036,5.4721599704814405,-1.429406602018409,-1.4294064631064733,-1.1359385018547377,-1.5099843343098958e-07,0.0010000016566158996,0.001668351050466299,0.058853769716289306,7.559768994649251
2788,-2.1034157636030666,-2.1034154712029225,-1.939930056625942,-3.0526293898528475e-07,1.0,0.001000005244453139,0.0036310575713561673,0.21599554523544492,5.713319922393223,-1.3191170851389564,-1.3191168897681766,-1.0079327423849866,-1.8750627835591635e-07,0.0010000014030891989,0.0016339085323529112,0.06033897797266642,7.747566244337294
2789,-2.1051977018140398,-2.1051973936692723,-1.9639937540270247,-3.1693082935405226e-07,1.0,0.0010000056661841161,0.0029831259414764507,0.1611844171190037,5.067195613429232,-1.2560358164107635,-1.256035682383097,-0.8959486612843143,-1.2806720203823514e-07,0.0010000008468826612,0.0018216212254224553,0.08993944745096895,8.279128901163737
2790,-2.101082779326529,-2.101082482427921,-1.9283192315191593,-3.1088601868107633e-07,1.0,0.001000005323527697,0.003440018459926096,0.2119593294513113,5.536390237088473,-1.5408165242936878,-1.5408163719707064,-1.2666916095548206,-1.6606516308254665e-07,0.0010000013875671558,0.0017260061965013544,0.08703753354234828,7.192535548739963
2791,-2.0899101743158304,-2.0899098819156863,-1.9595383720577888,-2.8733937245494915e-07,1.0,0.0010000051697716117,0.0036123565833066714,0.24199491988797234,5.373699395161755,-1.5519993795288936,-1.5519991411103142,-1.2981815000375112,-2.2798776626586915e-07,0.001000002003274858,0.0019677137102310856,0.08741553479598628,7.509339661068387
2792,-2.118986579607118,-2.118986280459278,-1.9299109251994007,-2.8642562200438303e-07,1.0,0.0010000032082832647,0.0036655815674062325,0.24940505834682933,5.803517458573827,-1.4127760026190017,-1.4127756688329909,-1.133301829174161,-3.3006072044372556e-07,0.0010000007175323036,0.0016085433023464348,0.06911704616828097,7.342055320739746
2793,-2.1389886635654376,-2.1389883734145254,-1.9523914804998435,-3.059658239472587e-07,1.0,0.001000002285746752,0.00275301919230875,0.1515967885981191,5.4800560654334305,-1.4821901275051965,-1.4821897917323643,-1.1940684699349933,-3.3593840069240994e-07,0.001000001079713305,0.0016796854660949773,0.07742581750369734,7.3691984282599545
2794,-2.1216077107303546,-2.121607431825602,-1.9454713520014062,-2.83754659148882e-07,1.0,0.0010000029732561055,0.0032422353539897026,0.19637281918581925,5.624697851684858,-1.4514204700787863,-1.4514202329847548,-1.1493311868773566,-2.4239222208658853e-07,0.0010000006813142034,0.0015598390044437515,0.05976880757759015,7.31179469426473
2795,-2.1120492219924927,-2.1120489678292906,-1.9538273406478595,-2.5100021992089614e-07,1.0,0.0010000038496657925,0.00307858816594026,0.1805302749546069,5.496772401737717,-1.545782237582737,-1.5457820547951593,-1.3225489033593072,-1.880029837290446e-07,0.001000000813251568,0.002238974989288383,0.10416548363864422,7.681232855055066
2796,-2.1208131290831655,-2.120812899661514,-1.9755750377223176,-2.2885934361871683e-07,1.0,0.001000004581105456,0.003085708783781332,0.1973097060789477,5.141437768936157,-1.522906239827474,-1.5229058305422465,-1.2546799110041724,-4.1516290770636664e-07,0.0010000012271727124,0.001575165790402227,0.06717970091849565,7.097687424553765
2797,-2.110690717427236,-2.1106904295255555,-1.9668209507780254,-2.7672580952914255e-07,1.0,0.001000005231274046,0.0030546496525617702,0.1720993374386486,5.20827129202069,-1.3847476581732434,-1.384747337632709,-1.0536422489417925,-3.255075878567166e-07,0.0010000010409081975,0.0018368334121381244,0.0933387362294727,8.191614288753934
2798,-2.1055989197964937,-2.1055995518306516,-1.9454568467050228,6.396253153962909e-07,1.0,0.0010000050599458365,0.0039037531417495798,0.27458879759289184,5.670000850029711,-1.5087491267257265,-1.5087491571903229,-1.2229083389457729,2.3510720994737412e-08,0.0010000005855949389,0.0016908348046450151,0.0805193388213714,7.234549395243326
2799,-2.1252430992306404,-2.1252452832347943,-1.9556310851618928,2.18737800166292e-06,1.0,0.0010000050775179604,0.0029970120027977623,0.203715901154111,5.315535576838367,-1.4969184471501245,-1.4969184358914693,-1.2092794064018462,-1.961986223856608e-08,0.0010000015195045207,0.0016266446405400832,0.06842496800753806,7.2484356032477475
2800,-2.120953377687706,-2.120953375438474,-1.9468982984434884,2.670962855500995e-09,1.0,0.0010000023780004034,0.003203939773880367,0.187969681754146,5.520174935178937,-1.4973922106954787,-1.4973923020892672,-1.2210852020316654,8.841355641682943e-08,0.0010000012996089127,0.0017933727888804344,0.11744945844014486,7.349140357971192
2801,-2.132018341208404,-2.1320183389591723,-1.9460067591577206,4.4984637566332545e-09,1.0,0.0010000033774149586,0.003340441234989689,0.20166369796431852,5.567002611340217,-1.415293859773212,-1.4152938511636521,-1.1049358288447062,-9.189049402872722e-09,0.0010000013125439485,0.0016466198282109367,0.0725561315814654,7.423468791113961
2802,-2.10759596329815,-2.1075959183135122,-1.9549497905767188,-6.269733860807598e-08,1.0,0.001000004723878964,0.003228744560026757,0.21659517875116951,5.4565360141250325,-1.4453932987319102,-1.4453934285375807,-1.1605524480342866,1.2839833895365398e-07,0.0010000014108502203,0.0018671854942416152,0.09022010891801781,7.683561091952853
2803,-2.134892166785474,-2.1348920475761846,-1.975829488826248,-1.2708160112488946e-07,1.0,0.0010000034411139084,0.0029086790482496035,0.20636868738692324,5.1571649785311715,-1.4993659337361653,-1.4993660595681932,-1.2085535109043122,1.267426543765598e-07,0.0010000011883676053,0.0016450391435581778,0.07073301907835736,7.312045542399089
2804,-2.1250155961738444,-2.125015508453801,-1.9835610119801648,-9.488946986648272e-08,1.0,0.001000002059505655,0.002883831785886355,0.19659879800143107,4.934083002918172,-1.3654729668878844,-1.3654729018194809,-1.0608388443787893,-7.351239522298177e-08,0.0010000024766971668,0.0019002155090371768,0.0856371079881986,7.943114259507921
