epoch,train_loss,train_nll,train_nll_nonctx,train_kl,beta,train_var_min,train_var_mean,train_var_max,train_mae,val_loss,val_nll,val_nll_nonctx,val_kl,val_var_min,val_var_mean,val_var_max,val_mae_02,val_mae_04,val_mae_06,val_mae,val_mae_fixed_holdout,val_mae_inverse_holdout,val_weighted_score,val_robust_inverse_mean,val_robust_inverse_worst,val_robust_inverse_gap,val_robust_score
1,1.2578137899344821,1.2578137899344821,1.2578137899344821,100.03593365651257,0.0,0.2639133808958643,1.1310484381216876,2.5870924850679793,93.83567817256136,136.06488393147785,0.8580480555693308,0.8580480555693308,135.20683606465658,0.042130674918492636,0.4878098413348198,1.0283402929703394,91.69158223470052,84.41048990885416,77.68299916585286,84.41048990885416,nan,68.91635437011719,68.91635437011719,70.37304922739665,73.5298563639323,3.1568071365356474,69.20769334157308
2,0.6215369892570207,0.6110014791758556,0.6110014791758556,105.35512125267172,0.0001,0.01947131181873803,0.3210120788722668,0.7779831627629837,62.8969583331414,111.86796696980794,0.3907823118070761,0.3907823118070761,111.47718467712403,0.00770888386759907,0.314107371866703,0.7160172700881958,69.81560490926107,62.68613789876302,53.53486302693685,62.68613789876302,nan,47.37810465494792,47.37810465494792,45.805250612894696,48.05841267903646,2.253162066141762,47.06353384653727
3,0.40736391595652643,0.3867343380906672,0.3867343380906672,103.14789451743071,0.0002,0.00675755525710729,0.2765056437478875,0.68976103697183,57.52518045677329,120.14879595438639,0.2103804942268956,0.2103804942268956,119.93841552734375,0.003217526470931868,0.2383972868323326,0.5045822968085607,71.34241587320963,64.24766565958659,50.20453898111979,64.24766565958659,nan,40.170545705159505,40.170545705159505,41.13023541768392,45.29415740966797,4.163921991984047,40.36248364766439
4,0.2656317950700814,0.2379080727292809,0.2379080727292809,92.41240425829618,0.0003,0.0035598470943646048,0.228619599117423,0.566258375374776,56.77214971578346,80.01922346750895,0.38412182197595635,0.38412182197595635,79.63510169982911,0.0019829352774346867,0.28896359403928124,0.6003511647383372,71.27969055175781,66.59130554199218,58.272195434570314,66.59130554199218,nan,47.94214630126953,47.94214630126953,49.35802707672119,50.39982274373372,1.0417956670125292,48.22532245635986
5,0.46378204577936316,0.432989311799899,0.432989311799899,76.98183671483454,0.0004,0.002513631692876653,0.2547194968979314,0.5967105908213921,57.029423659702516,90.27021261850993,-0.03207393271150068,-0.03207393271150068,90.30228621164957,0.0013529476166392366,0.22455446446935337,0.5842813407381375,71.06751912434896,62.82028020222982,50.90372543334961,62.82028020222982,nan,41.42852884928386,41.42852884928386,39.87327032089233,42.63451995849609,2.761249637603761,41.117477143605555
6,0.35986128217487967,0.3218314477224957,0.3218314477224957,76.05965891424215,0.0005,0.0014948900986708842,0.2251051847102507,0.5266743352952993,56.84000159209629,72.34757595062256,0.051063689995013796,0.051063689995013796,72.29651177724203,0.001457003989101698,0.2091779778401057,0.43526200354099276,66.35364990234375,59.71615041097005,49.3624870300293,59.71615041097005,nan,39.67462921142578,39.67462921142578,39.82200056711832,41.81235911051432,1.990358543395999,39.70410348256429
7,0.13003108597729565,0.08945139956260803,0.08945139956260803,67.63280753369601,0.0006,0.0012387014894728672,0.21936411340281647,0.5416959304854555,54.47882339189638,66.41644452412923,0.2170329462426404,0.2170329462426404,66.19941139221191,0.0010840110519590477,0.23770812451839446,0.5184134731690089,68.19180857340494,61.943441772460936,52.90009307861328,61.943441772460936,nan,40.044594065348306,40.044594065348306,41.848245493570964,43.10650863647461,1.258263142903644,40.405324350992835
8,0.18716951695112688,0.14179315697401762,0.14179315697401762,64.82337339869085,0.0007,0.0011681342137239452,0.217038372496389,0.4902517795562744,52.017065660008846,67.92369810740153,-0.17305090554679434,-0.17305090554679434,68.09674886067708,0.001180354457270975,0.20247510323921838,0.4759495039780935,64.31340967814127,56.23087819417318,45.28624928792318,56.23087819417318,nan,32.91527010599772,32.91527010599772,32.778189436594644,34.46450004577637,1.6863106091817244,32.88785397211711
9,0.2323451353553331,0.18323198176990702,0.18323198176990702,61.39144422423165,0.0008,0.0013104620025018757,0.21024540066719055,0.4843937046123001,57.38025219035598,80.864404296875,0.07194600867417951,0.07194600867417951,80.7924580891927,0.0013600289608196666,0.24084516639510792,0.4996259346604347,69.95608698527018,59.84211171468099,47.17321014404297,59.84211171468099,nan,36.777780278523764,36.777780278523764,37.367017364501955,41.675645701090495,4.308628336588541,36.8956276957194
10,0.011549336449155267,-0.04035913602466572,-0.04035913602466572,57.67608009194428,0.0009,0.0011522675587637525,0.1993946447125021,0.434308315223118,54.44718486857864,58.47591857910156,-0.17737760076949297,-0.17737760076949297,58.653296089172365,0.0011691445775795727,0.19819367602467536,0.4040303364396095,67.64400787353516,59.35177815755208,49.3545893351237,59.35177815755208,nan,41.102684020996094,41.102684020996094,40.24981629053752,45.730291748046874,5.480475457509357,40.93211047490438
11,-0.048697796140639286,-0.09456004086389856,-0.09456004086389856,45.86224354438062,0.001,0.0011670026699748804,0.1871431810113619,0.411341057071146,51.17411228395858,46.50050217310588,-0.17219113789421195,-0.17219113789421195,46.672693475087485,0.0011151003922956686,0.19626758793989818,0.3978072871764501,65.27266311645508,57.78672536214193,47.35790735880534,57.78672536214193,nan,35.83741544087728,35.83741544087728,37.819455019632976,42.082942962646484,4.263487943013509,36.23382335662842
12,-0.057513805984888436,-0.10468005917896077,-0.10468005917896077,42.878411886827,0.0011,0.0011343351732236596,0.20771217767922384,0.48683573446183837,53.00400348879256,51.83775469462077,-0.22216812710588177,-0.22216812710588177,52.05992259979248,0.0011101520193430284,0.19936905230085056,0.42110639413197837,67.34988632202149,59.49709498087565,50.25357513427734,59.49709498087565,nan,42.47857767740886,42.47857767740886,43.2301295598348,48.96230646769206,5.732176907857259,42.628888053894045
13,-0.03265676088631153,-0.09011200315512295,-0.09011200315512295,47.87936642484845,0.0012,0.0010600872513539387,0.20876381785239814,0.49532109780131645,55.93534671135669,44.34517348607381,-0.15959477229359134,-0.15959477229359134,44.50476840337117,0.0010857017904830476,0.23190523063143095,0.4737237905462583,64.30027745564779,56.19581298828125,47.633435312906904,56.19581298828125,nan,34.08201001485189,34.08201001485189,35.64486157099406,37.29718780517578,1.6523262341817215,34.39458032608032
14,-0.11960092060408502,-0.1710760654213856,-0.1710760654213856,39.59626546895729,0.0013,0.0010939197557679606,0.20203537198732485,0.4276359210599144,51.032106903364074,44.936442375183105,-0.13451925039601823,-0.13451925039601823,45.070961507161456,0.0010671548487152904,0.16013543754816056,0.31239948024352393,66.50405985514323,58.124873860677084,45.059163411458336,58.124873860677084,nan,38.435935974121094,38.435935974121094,36.57081937789917,43.86179987589518,7.29098049799601,38.062912654876705
15,0.038523175982090666,-0.006743883435122388,-0.006743883435122388,32.33361550097196,0.0014,0.0011093632190681572,0.24595206919706092,0.48596900364138046,54.279902080319964,35.266435305277504,-0.025472487835213543,-0.025472487835213543,35.291908009847006,0.0012063752103131265,0.217391766111056,0.43274779071410496,65.52967274983725,57.73360646565755,46.45237706502279,57.73360646565755,nan,34.78745943705241,34.78745943705241,35.97954250971476,41.654702250162764,5.675159740448002,35.02587605158488
16,-0.02295593724076478,-0.07068287050527222,-0.07068287050527222,31.817955161040683,0.0015,0.0011451761523823974,0.23107841442216118,0.5333092561307943,57.341944028746404,42.77212247848511,0.06889982406282798,0.06889982406282798,42.70322246551514,0.0010366040650599947,0.28175420413414637,0.6104630877574285,84.63067932128907,75.3918217976888,66.32987467447917,75.3918217976888,nan,59.28087310791015,59.28087310791015,57.95428435007731,63.862283579508464,5.907999229431155,59.01555535634358
17,-0.045770212586195964,-0.09363853417881676,-0.09363853417881676,29.917701757179117,0.0016,0.0010325193343648934,0.3006786867132727,0.6361440819389416,60.178639034055315,28.634867064158122,-0.1851560003745059,-0.1851560003745059,28.82002305984497,0.0010122445838836333,0.19329972962538403,0.37225012928247453,66.71445185343424,57.03441797892253,48.33480453491211,57.03441797892253,nan,38.74131825764974,38.74131825764974,39.110830529530844,46.11939417521159,7.008563645680745,38.81522071202596
18,-0.0069034185330822785,-0.053506057410729384,-0.053506057410729384,27.41331622285663,0.0017,0.001030063313730764,0.19687316777571193,0.4144290089607239,55.271019953601765,31.578235785166424,-0.14518220696627396,-0.14518220696627396,31.723418140411376,0.0010215799692862978,0.17754886721571286,0.3726892650127411,68.84223836263021,61.030269114176434,48.424180857340495,61.030269114176434,nan,37.81761474609375,37.81761474609375,39.13536796569824,41.02769889831543,1.8923309326171918,38.08116539001465
19,-0.15508660603806657,-0.2025367058813572,-0.2025367058813572,26.36116690005896,0.0018,0.0010247423405811754,0.21975195548444423,0.48890972812220734,54.38728152580981,30.92776041030884,0.0562396374065429,0.0562396374065429,30.8715207417806,0.001005094952415675,0.16805382197101912,0.3478182673454285,77.4520991007487,70.49453786214193,59.42443110148112,70.49453786214193,nan,53.46847152709961,53.46847152709961,54.28860149383545,63.35366287231445,9.065061378479001,53.632497520446776
20,-0.06849786568925066,-0.11308553871832665,-0.11308553871832665,23.46719583475365,0.0019,0.0010142739058278923,0.2395612305065371,0.560445267074513,56.97198767032263,20.537090222040813,-0.24770445542720457,-0.24770445542720457,20.784794680277507,0.0010130471705148618,0.2504575071235498,0.6372811992963155,67.03856862386068,57.81156641642253,48.15403671264649,57.81156641642253,nan,44.59845555623372,44.59845555623372,44.29761288960774,52.97914199829101,8.681529108683272,44.53828702290853
21,-0.10726597427197222,-0.14726018939026683,-0.14726018939026683,19.997107199902803,0.002,0.0010123397421337805,0.2045082376812989,0.47485096724528186,58.29386858670217,22.009509960810345,-0.10379140854929574,-0.10379140854929574,22.11330130894979,0.0010217266293087353,0.24109487930933635,0.46523910214503605,65.77994206746419,58.42360356648763,52.26738815307617,58.42360356648763,nan,42.43547032674154,42.43547032674154,43.14229729970296,45.526075236002605,2.3837779362996443,42.57683572133382
22,-0.14721877546102372,-0.19197844901289088,-0.19197844901289088,21.31413036922239,0.0021,0.0010182620531369775,0.23739588598035416,0.5284105128837082,54.96181034591963,28.961551062266032,-0.24755354709923266,-0.24755354709923266,29.209104665120442,0.001011252608926346,0.29636283715566,0.6507464090983073,65.08970845540365,57.033617401123045,45.64820378621419,57.033617401123045,nan,38.61357803344727,38.61357803344727,37.6870376586914,45.59354960123698,7.906511942545578,38.428269958496095
23,0.040243063649197795,-0.005756583306411246,-0.005756583306411246,20.908930832484984,0.0022,0.0010128624557148454,0.21799732435424374,0.47493318735428575,55.355067523020615,18.155741119384764,-0.28080999149630465,-0.28080999149630465,18.436551078160605,0.0010160637573183825,0.1848841167986393,0.36404265513022743,65.19754740397136,57.44247614542643,48.600912984212236,57.44247614542643,nan,41.594565836588544,41.594565836588544,41.68336086273193,49.22169876098633,7.538337898254397,41.61232484181722
24,-0.11900688848405513,-0.16777952047029757,-0.16777952047029757,21.20549129989912,0.0023,0.0010188043003304388,0.19586657943590632,0.4321879395898783,53.25000762939453,24.204530398050945,0.37612562539676825,0.37612562539676825,23.828404823939007,0.0010392439803884675,0.27345803479353586,0.5192399606108665,69.14147516886393,60.75140508015951,50.18377863566081,60.75140508015951,nan,44.50526021321615,44.50526021321615,45.5508960088094,52.144398244222,6.5935022354126005,44.7143873723348
25,-0.07163824959886524,-0.11820668593611357,-0.11820668593611357,19.403514574158866,0.0024,0.0010389372012314369,0.22685687412630837,0.46967776541439993,54.597347259521484,14.340943765640258,0.0005931418379380678,0.0005931418379380678,14.340350564320882,0.0010320676451859375,0.231233607729276,0.41682332853476206,71.46738637288412,66.42652893066406,64.36097030639648,66.42652893066406,nan,65.0080780029297,65.0080780029297,62.2352736790975,66.91308898925782,4.677815310160312,64.45351713816325
26,-0.041584689767574366,-0.09246347099542618,-0.09246347099542618,20.35151289094169,0.0025,0.0010276322169580831,0.2403205138332439,0.5023739439136578,57.13275671904942,19.8689111550649,-0.10134421750941934,-0.10134421750941934,19.970255374908447,0.0010147226877355328,0.19859283715486525,0.39669503420591357,69.04412333170573,59.61122182210286,48.725302378336586,59.61122182210286,nan,42.25450541178385,42.25450541178385,42.05444148381551,47.896704864501956,5.842263380686447,42.21449262619018
27,-0.14112058935581512,-0.1845445881755847,-0.1845445881755847,16.70153769007269,0.0026,0.0010171568873426262,0.24004638897922803,0.5211947009248553,57.72299878102429,20.557593218485515,0.3242933075681018,0.3242933075681018,20.233299875259398,0.0010085368393144259,0.23613531962037088,0.4830898195505142,74.00941212972005,62.53663660685221,48.96084314982097,62.53663660685221,nan,39.75298919677734,39.75298919677734,39.0295116742452,44.65409571329753,5.62458403905233,39.60829369227091
28,-0.20691686060349895,-0.25367032657904587,-0.25367032657904587,17.31609817720809,0.0027,0.001008201430042116,0.21645254065405647,0.46573294895999834,53.23173839641067,18.21635494232178,-0.252950896609885,-0.252950896609885,18.469305992126465,0.0010079062485601753,0.21193472171823183,0.41633497923612595,68.48254852294922,59.94166514078776,48.95155436197917,59.94166514078776,nan,45.808641306559245,45.808641306559245,45.841161537170414,54.54609731038411,8.704935773213698,45.815145352681476
29,-0.0961225023668892,-0.13935755375104975,-0.13935755375104975,15.441090637782835,0.0028,0.0010114701570204969,0.2655255822640545,0.5731204017153326,61.034806665384544,16.61848832766215,0.08697796268000578,0.08697796268000578,16.53151036898295,0.0010229842582096657,0.2808721197148164,0.5740954587856929,82.2809829711914,74.2669662475586,68.04264958699544,74.2669662475586,nan,59.430224609375,59.430224609375,60.47767365773519,62.066017150878906,1.588343493143718,59.63971441904704
30,-0.13411503640126507,-0.17891208433879996,-0.17891208433879996,15.44725813955631,0.0029,0.0010147975024081908,0.2582413604799307,0.5642055728525486,57.52175917715397,17.549999777475993,-0.048339292453601954,-0.048339292453601954,17.598339080810547,0.0010023426245121907,0.24451277057329815,0.5430014799038569,69.84169947306314,61.79488016764323,50.5803332010905,61.79488016764323,nan,50.77810821533203,50.77810821533203,48.86669788360596,57.75233535766601,8.885637474060054,50.39582614898682
31,-0.11954464700143293,-0.16781776693192715,-0.16781776693192715,16.09103971157434,0.003,0.0010062609535624397,0.23662033480293346,0.5037033164276267,57.70486734498222,18.575277694066365,-0.13443300435319544,-0.13443300435319544,18.709710566202798,0.0010085269013264528,0.26737156162659326,0.516007158656915,78.42323099772135,68.91054128011068,57.92861506144206,68.91054128011068,nan,52.64536107381185,52.64536107381185,51.35385322570801,59.223514811197916,7.869661585489908,52.387059504191086
32,-0.06248341708110189,-0.11377268583285359,-0.11377268583285359,16.544925113893903,0.0031,0.0010157670882829236,0.22704019439670275,0.48319754004478455,57.52056229789302,15.683271996180217,0.028808072740018058,0.028808072740018058,15.65446392695109,0.0010270242870319634,0.23903050795197486,0.47656626303990685,82.26029612223307,75.34700571695963,71.45179545084635,75.34700571695963,nan,73.7099370320638,73.7099370320638,72.81539052327474,79.94759063720703,7.132200113932285,73.531027730306
33,-0.14315138103545838,-0.19341281154808007,-0.19341281154808007,15.70669731104149,0.0032,0.0010088787190088966,0.238659660490054,0.5255225199573444,57.25302534283332,15.14921588897705,-0.22767410855740308,-0.22767410855740308,15.37688995997111,0.0010095924876319866,0.23929089009761811,0.4995902215441068,68.95454305013021,61.431592305501304,52.67463022867839,61.431592305501304,nan,46.33514989217122,46.33514989217122,48.303816350301105,51.042808787027994,2.738992436726889,46.728883183797194
34,-0.22870876752542998,-0.2733929413810091,-0.2733929413810091,13.540658482965434,0.0033,0.0010062328205918366,0.2078291152445775,0.4798028362247179,50.49034831209003,14.769120534261068,-0.18378437132729838,-0.18378437132729838,14.952904828389485,0.0010084502185539652,0.19222353547811508,0.414658093949159,66.49770863850911,59.09446360270182,49.36244608561198,59.09446360270182,nan,47.08162231445313,47.08162231445313,46.857093048095706,52.16210657755534,5.305013529459636,47.03671646118165
35,-0.23157743044759868,-0.2746726714013109,-0.2746726714013109,12.675070825612769,0.0034,0.0010087313547835878,0.19788954645957588,0.46310869590291437,52.220366100095355,9.279398783047993,-0.2087255737433831,-0.2087255737433831,9.488124346733093,0.00101718744651104,0.21805361186464628,0.42527224173148476,68.46531397501627,63.51056671142578,59.07898050944011,63.51056671142578,nan,54.97280705769857,54.97280705769857,56.25287367502848,62.15778071085612,5.904907035827641,55.228820381164546
36,-0.11378607561565796,-0.16083367952620084,-0.16083367952620084,13.44217185254367,0.0035,0.001008028296296889,0.21678991475195256,0.4938242143055178,57.39970779418945,15.946555233001709,0.015508585640539726,0.015508585640539726,15.931046628952027,0.0010036536550614983,0.24823596477508544,0.5707675809661548,70.16726226806641,62.20155334472656,53.86062901814778,62.20155334472656,nan,51.60088221232096,51.60088221232096,51.442059453328454,59.054649353027344,7.612589899698889,51.569117660522465
37,-0.13577216129117417,-0.1823104154318571,-0.1823104154318571,12.927293039717764,0.0036,0.0010078433716564246,0.27464866806875987,0.5958874979109134,58.37116155084574,15.651819849014283,-0.24537347437192997,-0.24537347437192997,15.897193304697673,0.0010040180563616256,0.24385924289623898,0.5322794119517008,71.19549789428712,63.70343500773112,51.84325256347656,63.70343500773112,nan,44.84696553548177,44.84696553548177,45.288720321655276,50.59869206746419,5.309971745808916,44.935316492716474
38,-0.13489781615306745,-0.17324912495348813,-0.17324912495348813,10.36521867536149,0.0037,0.0010042408885399126,0.22383331858886862,0.4896202767794987,56.493194652053546,13.69989546140035,-0.263118951395154,-0.263118951395154,13.963014475504558,0.0010053517296910286,0.21213774755597115,0.42699930916229883,67.62956873575847,58.97728322347005,49.461324055989586,58.97728322347005,nan,52.69271621704102,52.69271621704102,49.63970775604248,60.77594680786133,11.136239051818848,52.082114524841316
39,-0.23522522005270113,-0.28148494794402484,-0.28148494794402484,12.173612378678232,0.0038,0.0010051414335392557,0.208323209634367,0.45548920755116445,52.68248561643205,16.959794425964354,-0.25355982102143265,-0.25355982102143265,17.213354190190632,0.0010020906784726927,0.1725923538208008,0.39051009515921276,71.27355651855468,63.06081695556641,49.14528834025065,63.06081695556641,nan,41.8611208597819,41.8611208597819,41.21409931182861,47.74815368652344,6.534054374694826,41.731716550191244
40,-0.12074977377394461,-0.16654004117930835,-0.16654004117930835,11.741094517257979,0.0039,0.0010051868377112835,0.2094194048418189,0.47313789264211115,55.236516340723576,11.411633721987407,-0.2309481389199694,-0.2309481389199694,11.642581892013549,0.0010089775741410753,0.20153088743487993,0.4212106764316559,67.97627461751303,59.125709533691406,50.53661905924479,59.125709533691406,nan,49.6554562886556,49.6554562886556,47.45960833231608,56.4505012512207,8.99089291890462,49.216286697387694
41,-0.20954016181376744,-0.2565419393468578,-0.2565419393468578,11.750443242630869,0.004,0.0010084670854134943,0.18795517171328924,0.4116088258770277,51.27633242337209,15.49151579538981,-0.13558555309039852,-0.13558555309039852,15.627101389567057,0.0010099703853484244,0.18610118329524994,0.40569960822661716,69.90037078857422,62.095717366536455,50.56625747680664,62.095717366536455,nan,36.35505485534668,36.35505485534668,36.89224014282226,38.18700459798177,1.294764455159509,36.4624919128418
42,-0.19520615761713037,-0.2419678948617558,-0.2419678948617558,11.405301489919987,0.0041,0.0010120223456431391,0.19941502444024356,0.47347480396054825,51.4122428894043,11.593915923436482,-0.08222173898636052,-0.08222173898636052,11.676137646039328,0.0010125168114124487,0.2257756141324838,0.48173838208119074,79.44524586995443,71.13660380045573,61.81235911051432,71.13660380045573,nan,48.080744934082034,48.080744934082034,50.14022935231527,51.370365651448566,1.2301362991332994,48.49264181772868
43,-0.082935853246248,-0.13892672172273104,-0.13892672172273104,13.33115964565637,0.0042,0.0010074847641418565,0.29092376299624173,0.6399435794578409,63.900290651141475,12.57273432413737,-0.01222972803710339,-0.01222972803710339,12.584964021046956,0.0010010065006402632,0.22518608421087266,0.4953449860215187,84.01396026611329,79.65932668050131,71.85849405924479,79.65932668050131,nan,74.12371470133463,74.12371470133463,72.43398094177246,80.06871236165365,7.6347314198811915,73.7857679494222
44,-0.20194502368147643,-0.24696011289532455,-0.24696011289532455,10.468625059667623,0.0043,0.0010018916427210537,0.20730444479663418,0.485336072040054,54.87157882834381,9.888705809911093,-0.28474148400127886,-0.28474148400127886,10.173447291056315,0.0010038289648946375,0.21974299103021622,0.4837779705723127,66.61694157918295,59.27714538574219,51.761382293701175,59.27714538574219,nan,49.00865147908529,49.00865147908529,48.98385648727417,55.20502446492513,6.221167977650964,49.00369248072307
45,-0.21272676276429645,-0.2594646098408497,-0.2594646098408497,10.62223825814589,0.0044,0.0010040029751593774,0.21373738236022446,0.5236722568296036,52.27653881288924,15.788394943873088,-0.15766005183880527,-0.15766005183880527,15.94605491956075,0.0010078370706954351,0.2862019623319308,0.7311973293622335,72.29782613118489,66.41190745035807,61.19423243204753,66.41190745035807,nan,57.876458485921226,57.876458485921226,58.137699317932125,63.037419128417966,4.899719810485841,57.928706652323406
46,-0.19888236475581267,-0.2513366880527926,-0.2513366880527926,11.656516884857753,0.0045,0.0010054010990128484,0.24037318184690656,0.64136747762842,52.94679612933465,10.552151195208232,-0.2421141923444035,-0.2421141923444035,10.794265325864156,0.001002968434477225,0.17855981588363648,0.435464583337307,68.86537628173828,61.11040242513021,50.455790201822914,61.11040242513021,nan,44.005157470703125,44.005157470703125,43.92954425811767,52.56633021036784,8.636785952250165,43.99003482818603
47,-0.18705542744049486,-0.2293296622217826,-0.2293296622217826,9.190050754906997,0.0046,0.0010060515729183295,0.18520213523001042,0.4550164578095922,53.16177846800606,11.584651986757914,0.005378807900706306,0.005378807900706306,11.579273144404093,0.0010049296038535734,0.19148923829197884,0.4510854358474414,69.94003575642904,65.53708724975586,56.106598663330075,65.53708724975586,nan,43.825087483723955,43.825087483723955,45.1414919535319,48.07981669108073,2.9383247375488324,44.08836837768554
48,-0.17942975907814954,-0.2256238160584614,-0.2256238160584614,9.828522925106984,0.0047,0.0010054144230759088,0.22276127844486596,0.5441615738958683,55.30779309542674,11.375526491800944,-0.15407999866486838,-0.15407999866486838,11.529606453577678,0.0010020705366817614,0.1811811961233616,0.4464042877157529,75.22980550130208,66.16868565877279,55.51455510457357,66.16868565877279,nan,58.61572418212891,58.61572418212891,56.55813191731771,67.69738642374675,11.13925450642904,58.20420572916667
49,-0.16437919585491126,-0.20884399755664593,-0.20884399755664593,9.26349988073673,0.0048,0.0010038295668497118,0.24249532762563453,0.5607979202045584,60.894675812631284,10.787820553779602,-0.29813606962561606,-0.29813606962561606,11.085956605275472,0.0010015798305782178,0.2528564564883709,0.6374729226032892,66.47146987915039,58.5419926961263,48.76441319783529,58.5419926961263,nan,44.82851079305013,44.82851079305013,42.918010012308756,49.82820561726888,6.910195604960123,44.44641063690186
50,-0.20856964897434666,-0.25277853180777354,-0.25277853180777354,9.022221088409424,0.0049,0.0010014386641142784,0.2398611785105939,0.5945148333063666,57.85918786390772,12.670050533612569,-0.24236934460156287,-0.24236934460156287,12.912419891357422,0.001000985326633478,0.2557534858584404,0.5772249122460683,70.93517634073893,63.08181177775065,54.21964162190755,63.08181177775065,nan,40.77934850056966,40.77934850056966,41.84310773213704,45.3615613301595,3.518453598022461,40.992100346883134
51,-0.2710835152077225,-0.32276543412568437,-0.32276543412568437,10.336384089487904,0.005,0.0010015847236093767,0.20413748442002064,0.5201352755978422,50.96555627067134,9.299427398045857,-0.28399802166968585,-0.28399802166968585,9.583425442377726,0.0010017536328329395,0.1997951440513134,0.4760420560836792,65.13901824951172,58.871429697672525,48.26951599121094,58.871429697672525,nan,41.227264658610025,41.227264658610025,40.7218537012736,44.7871587117513,4.065305010477701,41.12618246714274
52,-0.24402432498645107,-0.2893645506580624,-0.2893645506580624,8.890240030468634,0.0051,0.0010017839871030653,0.2047596790318219,0.5197748418124217,53.49078689431244,11.955455589294434,-0.23193121350680787,-0.23193121350680787,12.187386830647787,0.0010005027191558231,0.17548287337025006,0.44528974741697314,71.82866236368815,63.265481313069664,52.93525721232096,63.265481313069664,nan,45.895765431722005,45.895765431722005,45.64205954869588,55.466373443603516,9.824313894907633,45.84502425511678
53,-0.23375544531868314,-0.27449300814912003,-0.27449300814912003,7.834146796532397,0.0052,0.0010014170284365427,0.20469626193901277,0.506106584701898,55.02742540611411,9.383106787999472,-0.328385054692626,-0.328385054692626,9.711491854985555,0.0010018317824384817,0.19774893646438915,0.46266595323880516,66.8345573425293,57.13486302693685,48.43805948893229,57.13486302693685,nan,45.040488688151044,45.040488688151044,43.11368538538614,50.56698888142903,7.453303496042892,44.65512802759806
54,-0.20235000930304797,-0.2483437861895786,-0.2483437861895786,8.678071804766384,0.0053,0.0010017309785943548,0.2218398558643629,0.5585965418590689,56.9934464940485,7.202313542366028,-0.2009454362404843,-0.2009454362404843,7.403258983294169,0.0010042489079448084,0.2643831511338552,0.59810012280941,68.36598281860351,60.83104502360026,54.752445729573566,60.83104502360026,nan,46.395118713378906,46.395118713378906,48.03170820871989,51.52410024007161,3.49239203135172,46.7224366124471
55,-0.22000632547544982,-0.26732968227972964,-0.26732968227972964,8.763584550821557,0.0054,0.0010021222878317788,0.22376486321665207,0.5709706432414505,54.94485631978737,8.947355397542317,-0.25401822502414384,-0.25401822502414384,9.201373624801636,0.0010035830608103424,0.24206747089823086,0.605709404249986,69.24137318929037,61.96347885131836,55.89195709228515,61.96347885131836,nan,56.735852559407554,56.735852559407554,56.814717547098795,64.42879053751628,7.614072990417483,56.751625556945804
56,-0.21604935877587436,-0.2615905427286085,-0.2615905427286085,8.280215362332902,0.0055,0.0010013382613904916,0.22558759068543055,0.5521174449965639,54.192171384703435,8.183211851119996,-0.1824773225079601,-0.1824773225079601,8.365689174334209,0.0010023999435361474,0.21119428177674612,0.4960842455426852,66.99952697753906,59.0799924214681,49.725311787923175,59.0799924214681,nan,45.7362314860026,45.7362314860026,46.79718341827392,53.55281499226888,6.755631573994961,45.94842187245686
57,-0.2826711671110594,-0.33065220084533375,-0.33065220084533375,8.568042125342027,0.0056,0.00100243603810668,0.1859638755613903,0.49097057783378745,50.597489806841004,10.316319314638774,-0.3268689172031979,-0.3268689172031979,10.643188238143921,0.0010008464198714743,0.19058081284165382,0.4821610723932584,65.84290339152018,57.735374959309894,44.78686650594076,57.735374959309894,nan,38.89332707722982,38.89332707722982,39.04408458073934,45.31254501342774,6.2684604326884,38.92347857793172
58,-0.27060087854569814,-0.3233421013321517,-0.3233421013321517,9.252845467261547,0.0057,0.0010009625342340682,0.19357250771432552,0.5163345904845111,51.713179066496075,11.132892290751139,-0.1332489648135379,-0.1332489648135379,11.266141255696615,0.0010001942204932372,0.18351461018125217,0.5531030674775441,74.94803212483724,64.76577936808268,49.72777303059896,64.76577936808268,nan,41.095726521809894,41.095726521809894,40.18693399429321,48.37494710286458,8.188013108571369,40.913968016306555
59,-0.22087580612245597,-0.27049995681165523,-0.27049995681165523,8.555888400887543,0.0058,0.0010008513751738476,0.22214058336784254,0.6176185315510012,54.69415376771171,9.786302614212037,-0.25873244771112996,-0.25873244771112996,10.045035036404927,0.0010006892766493062,0.23360902443528175,0.5878271023432414,67.29462534586588,60.097093454996745,49.419839223225914,60.097093454996745,nan,37.53606325785319,37.53606325785319,38.31247460047404,42.43607737223307,4.123602771759032,37.69134552637736
60,-0.25530336839410495,-0.30443417540979834,-0.30443417540979834,8.327255100574133,0.0059,0.0010012495617013214,0.20923032681897002,0.535291758348357,52.92628032756301,7.451512050628662,-0.2352365421752135,-0.2352365421752135,7.686748615900675,0.0010016107970538238,0.22607421875,0.5546609739462535,67.3691884358724,59.094530487060545,52.26201680501302,59.094530487060545,nan,42.8366081237793,42.8366081237793,44.81497542063394,47.58531595865885,2.770340538024911,43.23228158315023
61,-0.24650944126242735,-0.29239344885045626,-0.29239344885045626,7.647334584650004,0.006,0.0010010164521001982,0.19898858469612193,0.5444415830216318,50.985097309328474,8.297233072916667,-0.32413780155281224,-0.32413780155281224,8.621370887756347,0.0010013571377688398,0.17343439782659212,0.4438677042722702,66.79402770996094,59.33832066853841,48.02718861897787,59.33832066853841,nan,43.93878453572591,43.93878453572591,42.35709711710612,49.58837178548177,7.231274668375647,43.62244705200195
62,-0.27644012636452353,-0.3273740512723068,-0.3273740512723068,8.3498242486198,0.0061,0.0010014941085586852,0.1897198181107359,0.5224136344666751,52.22706280114516,7.1408026377360025,-0.26940388393898806,-0.26940388393898806,7.4102064847946165,0.0010025604744441808,0.23144438862800598,0.553215620915095,70.41470998128256,61.759562428792314,53.95429484049479,61.759562428792314,nan,49.07033818562825,49.07033818562825,48.34162089029948,57.26154352823893,8.91992263793945,48.9245947265625
63,-0.24104962508492875,-0.2846253726912557,-0.2846253726912557,7.028346268635876,0.0062,0.0010014918307721052,0.20978450128492318,0.5439377134700991,54.58954213700205,9.078236746788026,-0.3251798070423926,-0.3251798070423926,9.403416522343953,0.0010005299021334697,0.1986663468182087,0.5117041791478792,66.75858866373697,58.068685150146486,46.88870620727539,58.068685150146486,nan,38.69617805480957,38.69617805480957,38.25665753682455,42.266490427653,4.009832890828449,38.60827395121257
64,-0.22489319291879545,-0.27397618848689886,-0.27397618848689886,7.790951620857671,0.0063,0.0010015738135168576,0.2278294819143583,0.6075299376586698,54.22094949686302,7.772381583849589,-0.3182153694331646,-0.3182153694331646,8.090596954027811,0.0010020840854849666,0.2177489014963309,0.538495201865832,65.91701482137044,58.45822601318359,49.04143778483073,58.45822601318359,nan,47.21646525065104,47.21646525065104,45.41239293416341,53.20761006673177,7.795217132568361,46.85565078735351
65,-0.2931353742573059,-0.340596907231781,-0.340596907231781,7.415865016433428,0.0064,0.0010013710158297195,0.18889235325579373,0.5197563744940847,51.108862391058004,10.520808982849122,-0.2818758722743951,-0.2818758722743951,10.802684847513834,0.001000405652060484,0.17299872636795044,0.48296937147776287,66.11806081136068,56.999612172444664,46.31528116861979,56.999612172444664,nan,37.877381006876625,37.877381006876625,37.513004048665366,42.445916493733726,4.932912445068361,37.804505615234376
66,-0.27147265832941486,-0.3204756862800217,-0.3204756862800217,7.538927105237853,0.0065,0.0010009493287828452,0.1767697015179778,0.5117148998773323,49.42000468272083,7.695460414886474,-0.21752128164516762,-0.21752128164516762,7.912981740633646,0.0010008015863907833,0.1678661527733008,0.4792583256959915,66.37678375244141,59.02512079874675,47.15153045654297,59.02512079874675,nan,37.39845136006673,37.39845136006673,37.28946755727132,44.468204752604166,7.178737195332843,37.37665459950765
67,-0.2629833879335871,-0.3131937696686331,-0.3131937696686331,7.607633410759692,0.0066,0.0010018516924970274,0.1756519374420058,0.49735414475764866,49.03009018808041,9.327989546457927,-0.11802261149665962,-0.11802261149665962,9.446012131373088,0.0010003587095222125,0.15403470533589522,0.43354710439840954,72.0360346476237,65.97224324544271,53.81029383341471,65.97224324544271,nan,38.62707417805989,38.62707417805989,40.54508778254191,44.144395446777345,3.5993076642354325,39.01067689895629
68,-0.25346679163147817,-0.3043001076944594,-0.3043001076944594,7.587062174419187,0.0067,0.001001505077957123,0.20812534751757136,0.5994153860604988,54.38143949688605,8.015492153167724,-0.32112109909454983,-0.32112109909454983,8.336613257726034,0.0010012010655676324,0.22238929495215415,0.5333635533849398,65.61843363444011,57.229906972249346,46.09420522054037,57.229906972249346,nan,34.80409202575684,34.80409202575684,34.255952294667566,37.09044024149577,2.8344879468282045,34.69446407953898
69,-0.3034357502353641,-0.3506914589483783,-0.3506914589483783,6.949369228111123,0.0068,0.0010011896780990767,0.19299628515288514,0.5105513744759109,51.240470202463975,8.336928764979044,-0.3359561076387763,-0.3359561076387763,8.672884893417358,0.0010003245377447456,0.16774067791799704,0.49037787069876987,67.7393783569336,58.88821563720703,47.30851491292318,58.88821563720703,nan,43.657615407307944,43.657615407307944,42.54017419815064,52.650193532307945,10.110019334157307,43.43412716547648
70,-0.29431462428479827,-0.3411044173364369,-0.3411044173364369,6.7811297650607125,0.0069,0.001000990028018659,0.19158817926105462,0.5485532295029119,50.95272136184404,7.747520629564921,-0.2340329863751928,-0.2340329863751928,7.981553586324056,0.0010001514553247641,0.17314444333314896,0.5518347536524136,69.09917933146158,61.953573608398436,50.89887491861979,61.953573608398436,nan,46.660501352945964,46.660501352945964,45.386545499165855,52.4367914835612,7.050245984395346,46.405710182189935
71,-0.29865351171707205,-0.3449866009770699,-0.3449866009770699,6.619012760666181,0.007,0.0010008775905864138,0.2172275629808318,0.6248959066732874,50.17868203936883,7.345495049158732,-0.3162104295566678,-0.3162104295566678,7.661705509821574,0.001000745150183017,0.2006846249103546,0.5062899485230445,70.85410970052084,61.18404006958008,49.68656667073568,61.18404006958008,nan,49.107522837320964,49.107522837320964,47.513709195454915,56.08065439860026,8.566945203145345,48.788760108947756
72,-0.3038491539235385,-0.3492935821413994,-0.3492935821413994,6.400623303539348,0.0071,0.001000852587650407,0.18298283922222425,0.5306053150374934,51.65495185132296,5.975085536638896,-0.2786934195707242,-0.2786934195707242,6.25377893447876,0.00100217712072966,0.22079515382647513,0.6144359101851781,67.8108009338379,61.80023981730143,54.426639811197916,61.80023981730143,nan,51.61262613932292,51.61262613932292,52.64514077504476,59.04652048746745,6.401379712422688,51.81912906646729
73,-0.3072463940337019,-0.35550629818495716,-0.35550629818495716,6.702764713539268,0.0072,0.0010005382311372261,0.18982728669103585,0.5757803495200176,50.85411942679927,8.60093761285146,-0.35092709213495255,-0.35092709213495255,8.951864735285442,0.0010001889837440102,0.1814263718823592,0.5232000802954038,68.31420542399088,59.13130518595378,47.41903254191081,59.13130518595378,nan,47.601942443847655,47.601942443847655,45.28151537577312,55.780602264404294,10.499086888631176,47.13785703023275
74,-0.3205038643670532,-0.37406542173252916,-0.37406542173252916,7.337199539508459,0.0073,0.001000419388665765,0.17987718278507017,0.5166735609747329,50.07558783045355,6.0915565649668375,-0.2809709047588209,-0.2809709047588209,6.3725274483362835,0.0010004870302509517,0.18065253670016926,0.49016663382450737,71.66057993570963,61.89890111287435,52.31802571614583,61.89890111287435,nan,54.07614466349284,54.07614466349284,50.59012972513835,60.339612325032554,9.749482599894208,53.37894167582194
75,-0.3484626103825164,-0.397946704530491,-0.397946704530491,6.687039537249871,0.0074,0.0010003320266545382,0.1658724256843891,0.5000168551813882,47.4348670671571,7.066686964035034,-0.3025580586244663,-0.3025580586244663,7.369245012601216,0.001001194022440662,0.22378772472341854,0.596910427014033,69.562122853597,59.818074544270836,51.4544189453125,59.818074544270836,nan,49.5693598429362,49.5693598429362,49.44428221384683,56.60974400838216,7.165461794535325,49.54434431711833
76,-0.32995489324038885,-0.37702603153181524,-0.37702603153181524,6.27615191801539,0.0075,0.001000515894771044,0.18218367012604228,0.5358801000523117,49.17947895122024,6.8274179379145306,-0.30296700904145835,-0.30296700904145835,7.130384945869446,0.0010004870981598893,0.19508408059676488,0.5284412056207657,67.60987447102865,58.20103251139323,48.851565806070965,58.20103251139323,nan,35.590749994913736,35.590749994913736,36.00548528035482,39.45397237141927,3.4484870910644503,35.673697052001955
77,-0.31301513911699347,-0.35455349565676925,-0.35455349565676925,5.465573085928863,0.0076,0.0010008954087201997,0.17849501630045334,0.5223838135881244,49.24148289662487,6.015567926565806,-0.1960811451698343,-0.1960811451698343,6.21164908806483,0.00100129529600963,0.18109641869862875,0.5089001178741455,64.70449422200521,56.27579167683919,45.64235967000325,56.27579167683919,nan,36.90016555786133,36.90016555786133,36.2771808942159,41.419697825113936,5.142516930898033,36.775568625132244
78,-0.335984820324295,-0.3834057242482163,-0.3834057242482163,6.158559101932454,0.0077,0.0010013279421606435,0.17318529790302492,0.5145751513400167,48.43162047188237,6.909315697352091,-0.3038613421143964,-0.3038613421143964,7.213177069028219,0.0010003410648399343,0.16978814117610455,0.4997559150060018,64.18060531616212,58.483663431803386,47.446807861328125,58.483663431803386,nan,35.27131729125976,35.27131729125976,36.31544354756673,38.47809359232585,2.1626500447591184,35.48014254252116
79,-0.2898735010399009,-0.33160749506556764,-0.33160749506556764,5.350512383119115,0.0078,0.001000420847152061,0.18834318923500348,0.5447339213119363,51.26749625295963,6.463391880194346,-0.345626430089275,-0.345626430089275,6.809018329779307,0.0010003130805368225,0.19602527072032291,0.59070000598828,64.89380772908528,56.20069224039714,46.19853210449219,56.20069224039714,nan,44.6928830464681,44.6928830464681,42.484825770060226,52.5468999226888,10.062074152628576,44.25127159118652
80,-0.28267021779462975,-0.32183400323649625,-0.32183400323649625,4.957441401931475,0.0079,0.0010006916247975995,0.19811222196187614,0.5858458606701977,52.13518675318304,5.7090901136398315,-0.24876999588062365,-0.24876999588062365,5.957860088348388,0.0010009628856399407,0.21861829981207848,0.5946984350681305,66.69962895711264,58.904154205322264,50.601226043701175,58.904154205322264,nan,47.792293294270834,47.792293294270834,47.21660378774007,58.05983428955078,10.843230501810709,47.67715539296468
81,-0.32396532552984525,-0.3636121145396862,-0.3636121145396862,4.955848567890671,0.008,0.0010012958093353038,0.18886241977507212,0.5523390196404367,48.969438049028504,5.745986417929331,-0.34889993295073507,-0.34889993295073507,6.094886338710785,0.0010007529480693242,0.1640097126364708,0.48785024334987004,61.98438618977865,56.316029103597,44.9385383605957,56.316029103597,nan,34.66307284037272,34.66307284037272,36.28836504618327,42.26621068318685,5.9778456370035755,34.988131281534834
82,-0.30613279398882165,-0.34778781305506545,-0.34778781305506545,5.142594850288247,0.0081,0.0010007874983064128,0.1909756307613175,0.5968650455744762,51.28601686009821,5.3586385210355125,-0.3170284263789654,-0.3170284263789654,5.675666948159535,0.0010009074467234313,0.17889368087053298,0.5183958619832992,65.31011479695638,57.07427037556966,48.34152501424153,57.07427037556966,nan,51.3564811706543,51.3564811706543,47.83533579508463,59.64612375895182,11.810787963867192,50.65225209554036
83,-0.28282638618125105,-0.32590166872964715,-0.32590166872964715,5.253083296541898,0.0082,0.0010008288279421769,0.2056552530178484,0.6283209751237113,51.43410873413086,6.062563117345174,-0.2691563276263575,-0.2691563276263575,6.331719470024109,0.001000483650326108,0.1966994787255923,0.6515210131804149,63.35464680989583,56.97197774251302,47.07482681274414,56.97197774251302,nan,41.563185628255205,41.563185628255205,42.27984056472778,51.94527587890625,9.665435314178474,41.706516615549724
84,-0.3077035789500992,-0.35110408468347676,-0.35110408468347676,5.228976780513547,0.0083,0.0010007410178417867,0.1913874309580281,0.5683090079505488,48.85203213961619,5.519945752620697,-0.312524301931262,-0.312524301931262,5.832470047473907,0.0010004256444517523,0.17614488080143928,0.5266648401816686,63.337101745605466,55.101077779134116,45.614489237467446,55.101077779134116,nan,46.24903564453125,46.24903564453125,45.2153733253479,56.753760528564456,11.538387203216558,46.042303180694574
85,-0.2986975655240833,-0.3437151494172384,-0.3437151494172384,5.3592363033654555,0.0084,0.0010005425341111029,0.18792795291486777,0.5821474903034713,50.643367767333984,5.8675530552864075,-0.3383406492571036,-0.3383406492571036,6.205893687407175,0.0010003104999971887,0.19926482290029526,0.6014399409294129,64.73455123901367,57.770311228434245,48.83963572184245,57.770311228434245,nan,49.77717005411784,49.77717005411784,48.86120052337647,57.881011454264325,9.019810930887857,49.59397614796956
86,-0.35130070037436933,-0.39654975496935396,-0.39654975496935396,5.323417807525059,0.0085,0.0010004346368764087,0.16646094198496836,0.5174307182150067,47.643135718579565,6.102773896853129,-0.38646256749828656,-0.38646256749828656,6.48923647403717,0.0010002035356592386,0.17105972779293854,0.502810363471508,62.07704086303711,55.57239710489909,45.22191619873047,55.57239710489909,nan,41.68070704142253,41.68070704142253,40.63451538085937,49.46181030273438,8.827294921875009,41.471468709309896
87,-0.26432361678694777,-0.31054363708244637,-0.31054363708244637,5.37442103421913,0.0086,0.0010009044913118178,0.19280179210428922,0.5507900270650972,52.098668800210056,7.006506156921387,0.040638448158279064,0.040638448158279064,6.965867702166239,0.001000220658412824,0.23061814631024996,0.6647876054048538,66.67504170735677,60.593230946858725,52.95694529215495,60.593230946858725,nan,49.862545013427734,49.862545013427734,50.37347621917725,56.31901550292969,5.945539283752439,49.96473125457764
88,-0.3181289237625194,-0.3696608172975621,-0.3696608172975621,5.923206113419443,0.0087,0.0010003295028582215,0.19123198429368576,0.5493109394919198,46.37389273013709,5.851978898048401,-0.309929054727157,-0.309929054727157,6.161907931168874,0.0010001085485176495,0.138099704682827,0.4248994785050551,63.96790593465169,57.526702117919925,47.32411524454753,57.526702117919925,nan,46.40874303181966,46.40874303181966,45.18256953557332,54.62896194458008,9.446392409006755,46.16350833257039
89,-0.3205594176531963,-0.36213031579863353,-0.36213031579863353,4.723965991218135,0.0088,0.0010004912630461578,0.17070378939498146,0.49975514861772646,48.72475843609504,4.838129870096842,-0.40326484814286234,-0.40326484814286234,5.241394706567129,0.0010004979616496713,0.1556266458084186,0.4430890028675397,60.490421295166016,52.236106872558594,43.08849182128906,52.236106872558594,nan,39.399681091308594,39.399681091308594,37.19848445256551,44.196484375,6.997999922434488,38.95944176355997
90,-0.3334176427913162,-0.3779607974344267,-0.3779607974344267,5.004849011043333,0.0089,0.001000338045107025,0.16636949876007043,0.5534241047670256,47.39975259888847,4.788731666405996,-0.3611452500025431,-0.3611452500025431,5.149876880645752,0.001000121571511651,0.15290626970430216,0.5638683661818504,58.79465891520182,53.024514261881514,44.60551935831706,53.024514261881514,nan,43.635990905761716,43.635990905761716,42.08029340108236,49.75525614420573,7.674962743123373,43.32485140482585
91,-0.3453082390270143,-0.385775237572643,-0.385775237572643,4.496333351675069,0.009,0.0010003583958231896,0.1634448641594851,0.5403733821410053,47.66977713243017,5.628561925888062,-0.36780687123537065,-0.36780687123537065,5.996368789672852,0.0010001823926965396,0.1833415317038695,0.5728699952363968,61.25707321166992,53.477604420979816,45.69342829386393,53.477604420979816,nan,54.85445505777995,54.85445505777995,53.53151718775432,66.27973861694336,12.748221429189044,54.589867483774825
92,-0.3401486510938069,-0.38331546592262555,-0.38331546592262555,4.7436060050748425,0.0091,0.001000253698911588,0.17694346423981325,0.60280471871484,48.7605449388612,5.308486974239349,-0.44520640671253203,-0.44520640671253203,5.753693437576294,0.0010002555597263079,0.16092697866261005,0.5609917744994164,56.298362477620444,50.618997446695964,41.93737767537435,50.618997446695964,nan,40.33313573201497,40.33313573201497,38.918149820963535,46.59986139933268,7.681711578369146,40.050138549804686
93,-0.37708596561877233,-0.42340954365033023,-0.42340954365033023,5.035171576266019,0.0092,0.001000187350964209,0.16490417437733346,0.5784392238787885,46.615746012273824,4.692495616277059,-0.3968240797519684,-0.3968240797519684,5.089319701989492,0.0010001306557872642,0.18499804064631462,0.620841309428215,59.21889419555664,53.0326296488444,44.36691411336263,53.0326296488444,nan,46.43074289957682,46.43074289957682,45.85134531656901,56.044263203938804,10.192917887369795,46.31486338297526
94,-0.4104861689485469,-0.4517239160695166,-0.4517239160695166,4.434166503402422,0.0093,0.001000083321793321,0.15686394260177072,0.5440506704573361,44.389520789092444,5.095183221499125,-0.32571875347445406,-0.32571875347445406,5.420901970068614,0.0010000251194772622,0.12244679518043995,0.4814847658077876,57.444132741292314,54.18939463297526,44.563620503743486,54.18939463297526,nan,31.973102696736653,31.973102696736653,33.47288157145182,34.94479942321777,1.4719178517659515,32.27305847167969
95,-0.37149338143051797,-0.4162606567425548,-0.4162606567425548,4.762476016890328,0.0094,0.0010001068354918148,0.16516004052926908,0.5734245046129767,47.18265817750175,4.984603953361511,-0.38286303815742334,-0.38286303815742334,5.367466986179352,0.001000107448392858,0.1807506438344717,0.610002088546753,56.61779251098633,51.71720682779948,44.273216247558594,51.71720682779948,nan,46.27936579386393,46.27936579386393,46.207933235168454,53.244181315104164,7.03624807993571,46.26507928212483
96,-0.3790567290951621,-0.42302358635472803,-0.42302358635472803,4.628090390619242,0.0095,0.001000093236864316,0.15337645585806864,0.5656972707442518,46.12263240454332,5.756703782081604,-0.2774199927225709,-0.2774199927225709,6.034123786290487,0.001000054363006105,0.17688277599712213,0.6353597849607467,58.549747975667316,55.22984186808268,49.64008382161458,55.22984186808268,nan,48.646314748128255,48.646314748128255,48.05592180887858,52.81614583333333,4.76022402445475,48.52823616027832
97,-0.3908542824803658,-0.4332744451063984,-0.4332744451063984,4.418766835950455,0.0096,0.0010000864562209485,0.1615496830276723,0.6140078711059859,44.970941759505365,4.212568728129069,-0.3731824738283952,-0.3731824738283952,4.585751195748647,0.0010000879682290056,0.1718200190613667,0.5859557017683983,57.77469711303711,51.182699839274086,44.622511545817055,51.182699839274086,nan,48.37954508463542,48.37954508463542,46.52428143819173,54.557777150472006,8.033495712280278,48.00849235534668
98,-0.42368150685193406,-0.4677210489533982,-0.4677210489533982,4.540158710389767,0.0097,0.0010000564056923086,0.1411828488673804,0.5526259226619072,42.73954233133568,4.8865265925725305,-0.4048463580509027,-0.4048463580509027,5.291372962792715,0.0010000391281209885,0.10789536119749149,0.45983065739274026,50.58184331258138,47.924807739257815,41.94555435180664,47.924807739257815,nan,38.14300244649251,38.14300244649251,37.51052748362223,39.48606859842936,1.975541114807129,38.01650745391846
99,-0.46739498905415805,-0.5132275420539784,-0.5132275420539784,4.6767910516486975,0.0098,0.0010000469123522908,0.13033590100283893,0.5378154015766,41.68999013360941,4.631875312328338,-0.48648182600736617,-0.48648182600736617,5.118357129891714,0.0010000411479268224,0.1496812260399262,0.5939995085199674,49.7888905843099,45.837395731608076,38.918130747477214,45.837395731608076,nan,42.34673055013021,42.34673055013021,40.48483448028564,46.884324645996095,6.3994901657104535,41.9743513361613
100,-0.5097841752587624,-0.5553586904732686,-0.5553586904732686,4.6034862455332055,0.0099,0.0010000309942044176,0.11999096433227917,0.5685386157260751,38.30609134458146,4.658621803919474,-0.5077494358023008,-0.5077494358023008,5.16637122631073,0.0010000333636223028,0.13396707077821096,0.6004209443926811,50.33604024251302,43.373147583007814,34.866128540039064,43.373147583007814,nan,44.4789421081543,44.4789421081543,44.1074629465739,51.546566263834634,7.439103317260738,44.40464627583822
101,-0.4704038489539668,-0.5190776420651741,-0.5190776420651741,4.867379530420843,0.01,0.0010000377990094559,0.1212573120335363,0.5314431578483222,39.70616945230736,4.1960545937220255,-0.4719103274246057,-0.4719103274246057,4.66796491543452,0.00100004774867557,0.1153964159389337,0.5017576197783152,48.657772572835285,43.670937093098956,36.87849032084147,43.670937093098956,nan,34.65398228963216,34.65398228963216,33.559194501241045,37.80550015767415,4.246305656433108,34.43502473195394
102,-0.4914675495534573,-0.5355363717337824,-0.5355363717337824,4.363250179110833,0.0101,0.0010000460469251815,0.11061072068394355,0.5069499741185386,38.373097941560566,4.203639419873555,-0.5111873492598533,-0.5111873492598533,4.714826770623525,0.0010000849685942133,0.14652820179859796,0.5622002671162287,48.31609268188477,44.73657989501953,37.306748708089195,44.73657989501953,nan,35.178317642211915,35.178317642211915,34.25296901067098,40.27446670532227,6.021497694651288,34.99324791590373
103,-0.5092842590134099,-0.5553277365441592,-0.5553277365441592,4.514066273311399,0.0102,0.0010000492362656965,0.11612489482141891,0.5068627820824677,37.8338737487793,6.536168710390727,-0.452053775403571,-0.452053775403571,6.988222495714823,0.0010000421393973132,0.09156262818723918,0.4256555159886678,50.366414133707686,46.155713399251304,39.0351759592692,46.155713399251304,nan,27.83494478861491,27.83494478861491,28.189812342325844,29.79484265645345,1.6050303141276068,27.905918299357097
104,-0.500346008336769,-0.5482937797622861,-0.5482937797622861,4.655123364250615,0.0103,0.0010000575368977942,0.10944291766522066,0.5171525939455572,37.9291004324859,4.454054772853851,-0.48018550748626393,-0.48018550748626393,4.934240281581879,0.0010001114686019718,0.10167584282656511,0.49860005353887876,48.64386189778646,43.60847422281901,38.48077964782715,43.60847422281901,nan,34.1549986521403,34.1549986521403,34.346524143219,36.70753936767578,2.3610152244567786,34.19330375035604
105,-0.5454353611424284,-0.5898964365698257,-0.5898964365698257,4.275103569030762,0.0104,0.001000081854520963,0.10243804492759255,0.47391400415942353,35.99859892647221,5.208342516422272,-0.6145660236477852,-0.6145660236477852,5.822908548514048,0.0010000403388403356,0.09028564201047024,0.45537878995140396,43.09932047526042,37.92230758666992,32.40132090250651,37.92230758666992,nan,30.960697428385416,30.960697428385416,30.42758715947469,35.516819636027016,5.089232476552326,30.85407537460327
106,-0.5418554999918308,-0.5887695376603108,-0.5887695376603108,4.468003628388891,0.0105,0.001000050189553426,0.10307498423839515,0.5123749712728104,36.5702366019195,5.361124273141225,-0.5557240689794223,-0.5557240689794223,5.916848345597585,0.0010000414273235946,0.09503912503520648,0.46136847510933876,41.767859649658206,38.88263219197591,32.98523635864258,38.88263219197591,nan,31.864820098876955,31.864820098876955,31.310417683919272,35.04542668660482,3.7350090026855476,31.75393961588542
107,-0.5818685276328392,-0.6308228592827635,-0.6308228592827635,4.618332905589409,0.0106,0.0010000525683797193,0.09275206881311704,0.49647813922954054,34.50704977647314,5.198861845334371,-0.6515120734771093,-0.6515120734771093,5.850373903910319,0.0010000374381585668,0.07505017376194398,0.41860319723685585,40.109517669677736,35.93469365437826,30.626997248331705,35.93469365437826,nan,26.54271977742513,26.54271977742513,26.675204467773437,29.468025080362956,2.7928206125895194,26.569216715494793
108,-0.5725448986269394,-0.6179679826183139,-0.6179679826183139,4.245147961490559,0.0107,0.001000046196288236,0.0919233408738982,0.48576328270840197,34.644956948622216,4.487265642484029,-0.6101586942871412,-0.6101586942871412,5.097424300511678,0.0010000335828711589,0.08439124996463458,0.4182151434322198,39.53964869181315,37.262321599324544,33.053351465861006,37.262321599324544,nan,29.380872344970705,29.380872344970705,28.73664820988973,31.572446060180663,2.835797850290934,29.25202751795451
109,-0.6372669237964558,-0.6880794369949484,-0.6880794369949484,4.704862063785769,0.0108,0.00100004567132103,0.07982704528378991,0.41786333834225275,31.231352752109743,4.338682075341542,-0.6921432773272197,-0.6921432773272197,5.030825340747834,0.001000047541068246,0.07693950136502584,0.38803747817873957,37.85643030802409,33.13360087076823,28.04025739034017,33.13360087076823,nan,27.320544052124024,27.320544052124024,26.21167984008789,30.453960927327476,4.242281087239586,27.098771209716798
110,-0.617396001545888,-0.665092868906147,-0.665092868906147,4.375859112109778,0.0109,0.0010000463258826508,0.07826936490974336,0.408545972041364,32.273256049965916,4.108710304896037,-0.576179409523805,-0.576179409523805,4.684889729817709,0.0010000797512475402,0.08723369954774778,0.4095215323070685,41.85453618367513,39.20215390523275,35.09063402811686,39.20215390523275,nan,40.385005442301434,40.385005442301434,38.596406396230066,42.25606053670247,3.659654140472405,40.02728563308716
111,-0.6072744097349778,-0.6544982093685078,-0.6544982093685078,4.293072651017387,0.011,0.001000063559743312,0.08728855904543174,0.4470782184375907,32.79564616365253,4.109510203202565,-0.6517801403999328,-0.6517801403999328,4.761290347576141,0.0010000645997934043,0.08122641295194626,0.40332823370893794,40.06675745646159,35.765584564208986,30.833540852864584,35.765584564208986,nan,29.555402755737305,29.555402755737305,29.6157320022583,32.249459457397464,2.6337274551391623,29.567468605041505
112,-0.6359800482695958,-0.6862940383407304,-0.6862940383407304,4.532791929424934,0.0111,0.0010000604999972121,0.07497899171035245,0.39406238552534356,31.071443341812998,4.742212629318237,-0.5265669642481953,-0.5265669642481953,5.26877957979838,0.0010001417986738185,0.08954718845585982,0.4644207462668419,46.17891896565755,43.63918889363607,36.90970675150553,43.63918889363607,nan,26.870940272013346,26.870940272013346,27.45121199289958,28.98379503885905,1.5325830459594698,26.986994616190593
113,-0.6742891939181201,-0.7232783234344339,-0.7232783234344339,4.374029780333897,0.0112,0.0010000723040715423,0.0714412048318476,0.3770536589172651,29.93523532939407,4.683719309171041,-0.6855363597472509,-0.6855363597472509,5.369255681832631,0.0010000941421215734,0.07455903372416893,0.384197498857975,35.738528442382815,35.14050140380859,29.2693603515625,35.14050140380859,nan,26.98987070719401,26.98987070719401,26.009739303588866,28.200161616007488,2.1904223124186224,26.793844426472983
114,-0.695315532386303,-0.742271121661618,-0.742271121661618,4.155361508423427,0.0113,0.0010000587625534467,0.06545891907979857,0.3732843517132525,28.810972861523897,4.005797104040782,-0.6361448114116987,-0.6361448114116987,4.641941924889882,0.0010000667554171136,0.07679936097313961,0.383280706157287,37.081339263916014,36.03881518046061,31.718455505371093,36.03881518046061,nan,35.223144912719725,35.223144912719725,33.6228417078654,37.48966484069824,3.8668231328328417,34.90308427174886
115,-0.6654681332831113,-0.7144583373699548,-0.7144583373699548,4.297386333627521,0.0114,0.0010000665865416796,0.07103933485330276,0.3978422750841896,29.460488553317088,4.2038630445798235,-0.6141011814276377,-0.6141011814276377,4.817964220046997,0.0010001323729132612,0.07392753002544245,0.3999052835007509,36.8334228515625,34.626203028361004,30.68398234049479,34.626203028361004,nan,32.521855163574216,32.521855163574216,32.77168528238932,37.43925768534343,4.667572402954107,32.571821187337235
116,-0.6751133816422157,-0.722347304506122,-0.722347304506122,4.107297496975593,0.0115,0.001000080765049272,0.07102976212242865,0.3963071616753092,29.63949361837135,4.992832974592845,-0.7233868628740311,-0.7233868628740311,5.716219830513,0.001000119122909382,0.08673307032634815,0.4331768217186133,33.78098653157552,31.631275812784832,28.366862996419272,31.631275812784832,nan,26.638125864664712,26.638125864664712,26.930728054046632,28.82935117085775,1.898623116811116,26.696646302541097
117,-0.7003659887133904,-0.7506616509185647,-0.7506616509185647,4.3358330974039045,0.0116,0.0010000708807294941,0.0623494481913886,0.3623090531184988,28.522391751127422,4.353503068288167,-0.7407539824644724,-0.7407539824644724,5.094257048765818,0.0010000750325464955,0.06246155456950267,0.3619885310530663,34.450120798746745,31.188835271199544,27.060004170735677,31.188835271199544,nan,23.86124267578125,23.86124267578125,23.82687889734904,25.432710774739583,1.6058318773905427,23.854369920094808
118,-0.683109959341445,-0.7341922667791259,-0.7341922667791259,4.366009230883616,0.0117,0.001000072020721042,0.0677624506489286,0.3862178030441392,29.192554329926114,3.8597515801588695,-0.770090522368749,-0.770090522368749,4.629842094580332,0.001000094091674934,0.06343160135050614,0.33740063359340033,31.722974650065105,29.250540669759115,25.327790451049804,29.250540669759115,nan,26.311472829182943,26.311472829182943,26.63983351389567,31.69937578837077,5.059542274475099,26.37714496612549
119,-0.7015991244675979,-0.7508861490015714,-0.7508861490015714,4.176866666325983,0.0118,0.0010000713683559366,0.06402702074287073,0.37126742472063823,28.053129574037946,3.9784322480360665,-0.7464652786652247,-0.7464652786652247,4.724897547562917,0.0010001392297757168,0.06907763412843147,0.39504781489570934,33.21397908528646,30.242019017537434,26.24740308125814,30.242019017537434,nan,26.453546651204427,26.453546651204427,26.030691210428873,28.151970545450848,2.121279335021974,26.368975563049318
120,-0.7338697033108406,-0.7822775154743554,-0.7822775154743554,4.0678833250729545,0.0119,0.0010000944317687514,0.060267756007752325,0.37432976320104777,27.282811254825234,3.850966332356135,-0.7226012989878654,-0.7226012989878654,4.573567608992259,0.001000114963001882,0.06109241762508948,0.32062448710203173,32.916792678833005,30.380364481608073,28.07601089477539,30.380364481608073,nan,30.474785741170248,30.474785741170248,30.095064036051433,33.99052429199219,3.8954602559407547,30.398841400146484
121,-0.7235930843173333,-0.773057166697844,-0.773057166697844,4.122006672733235,0.012,0.0010000946931540966,0.05894723155026166,0.36268643107054366,27.2160232831847,3.5960824688275657,-0.7645684758822123,-0.7645684758822123,4.3606509606043495,0.00100008383160457,0.05808861888945103,0.30841022059321405,31.466680653889973,30.147572453816732,27.187145487467447,30.147572453816732,nan,26.380803680419923,26.380803680419923,26.4807559967041,29.135579681396486,2.654823684692385,26.40079414367676
122,-0.7250979632701514,-0.7707652708269516,-0.7707652708269516,3.7741577130443646,0.0121,0.001000109956740349,0.059776282746274514,0.37749859100242833,27.399172710922528,4.051719609896342,-0.7544922093550365,-0.7544922093550365,4.8062118212381995,0.0010000774947305521,0.06339866543809573,0.3800767888625463,32.57361679077148,30.096885045369465,26.45647430419922,30.096885045369465,nan,23.67466023763021,23.67466023763021,23.665298636754354,25.92361501057943,2.2583163738250747,23.67278791745504
123,-0.7454078000671459,-0.794641744415715,-0.794641744415715,4.035569262954424,0.0122,0.0010001229030027422,0.055156911600310846,0.3178508747017609,26.79128245587619,3.678585277001063,-0.6816665604710579,-0.6816665604710579,4.360251839955648,0.0010001727457468709,0.06320195502291123,0.4115883770088355,33.70431683858236,31.216402943929037,29.936453119913736,31.216402943929037,nan,38.97484906514486,38.97484906514486,38.36704025268555,46.1433469136556,7.77630666097005,38.853287302652994
124,-0.7408345757790331,-0.7882757760443777,-0.7882757760443777,3.8570083334760845,0.0123,0.001000149698295402,0.05749803050509039,0.3896376499027576,26.770095015471835,3.1302574117978414,-0.7715593387683233,-0.7715593387683233,3.9018167475859324,0.001000136179694285,0.05732656208177408,0.3300513707101345,31.319371541341145,29.490382766723634,26.712467193603516,29.490382766723634,nan,24.234337107340494,24.234337107340494,24.84841289520264,29.108566029866537,4.2601531346638986,24.357152264912923
125,-0.748948372197601,-0.79960816142694,-0.79960816142694,4.085467010174158,0.0124,0.0010001317351915925,0.05215517006252172,0.33294103505476463,26.17113277147401,4.090578424930572,-0.7999437858661016,-0.7999437858661016,4.890522225697835,0.001000143508038794,0.06368486074109872,0.37472137014071144,30.54410514831543,27.92187779744466,25.473277155558268,27.92187779744466,nan,24.289977645874025,24.289977645874025,24.216706180572512,26.89523760477702,2.6785314242045075,24.27532335281372
126,-0.7621276929693402,-0.8121826952358462,-0.8121826952358462,4.0044002757882176,0.0125,0.0010001104904936169,0.04715188736763765,0.2961986303891776,25.62103379447505,3.755563859144847,-0.705816991130511,-0.705816991130511,4.461380847295126,0.0010001528755916903,0.06188969028492768,0.37690027157465616,34.73478736877441,30.111325454711913,27.511141967773437,30.111325454711913,nan,29.45400276184082,29.45400276184082,28.263349914550783,33.109706497192384,4.846356582641601,29.21587219238281
127,-0.803023209549346,-0.8505988233494308,-0.8505988233494308,3.775842545167455,0.0126,0.0010001344654603668,0.04963894325466651,0.30110948982666125,24.538131605904056,3.600691395998001,-0.8199252595504125,-0.8199252595504125,4.420616674423218,0.0010001815137608598,0.0509963221848011,0.3014609068632126,29.74028625488281,26.039009221394856,23.685326131184897,26.039009221394856,nan,27.34929593404134,27.34929593404134,25.513312307993573,28.75207888285319,3.2387665748596177,26.982099208831784
128,-0.8147072207252934,-0.8639010944456424,-0.8639010944456424,3.8735335390522794,0.0127,0.0010001556464593927,0.04568153749799953,0.26152583998891543,23.845676404125285,3.8478096961975097,-0.801600769162178,-0.801600769162178,4.649410466353099,0.0010002203343901783,0.055510996468365194,0.3271158960958322,31.07846870422363,28.231024805704752,25.287391408284506,28.231024805704752,nan,20.702900950113932,20.702900950113932,21.27374137242635,22.202748998006186,0.9290076255798354,20.817069034576416
129,-0.8002275014823338,-0.8468453338686025,-0.8468453338686025,3.6420182214592987,0.0128,0.0010001513456820317,0.0474052414790077,0.32193011973264085,24.291342555351978,3.0318646093209582,-0.8580125272274017,-0.8580125272274017,3.889877140522003,0.0010001428134273737,0.0470006818883121,0.2946781266480684,27.522011057535806,25.486450703938804,23.127789815266926,25.486450703938804,nan,22.048163604736327,22.048163604736327,22.208947547276814,23.708975791931152,1.500028244654338,22.080320393244424
130,-0.8340211510658264,-0.8789760020543944,-0.8789760020543944,3.4848721994543976,0.0129,0.0010001497861560223,0.04650303369985437,0.31052121688734813,23.392151220789497,3.8547964890797934,-0.7740253021319707,-0.7740253021319707,4.628821794191996,0.0010001122097795208,0.04979847986251116,0.348325964063406,29.531947326660156,27.753973515828452,26.49391441345215,27.753973515828452,nan,31.48315684000651,31.48315684000651,31.451154168446855,36.82884877522786,5.377694606781006,31.47675630569458
131,-0.7876794090810811,-0.8356639754097417,-0.8356639754097417,3.69112004199118,0.013,0.0010001473765785121,0.04926184923300203,0.3431871010447448,25.07288238237489,3.8790779689947765,-0.7846305886904399,-0.7846305886904399,4.663708547751109,0.0010001514630857856,0.05531531466792027,0.32246856316924094,29.44206123352051,27.489779790242512,26.057681528727212,27.489779790242512,nan,25.866879908243813,25.866879908243813,25.85967699686686,28.747246678670248,2.887569681803388,25.865439325968424
132,-0.8011213529784724,-0.8451811525056947,-0.8451811525056947,3.3633433805321746,0.0131,0.0010001660777115315,0.04673719012512351,0.3037342207049424,24.277246007379496,3.3491384188334146,-0.8502924392620722,-0.8502924392620722,4.199430867036184,0.001000105847682183,0.05406193571786086,0.335478675365448,27.472032165527345,25.745432408650718,22.681642659505208,25.745432408650718,nan,20.337835629781086,20.337835629781086,21.668134657541913,23.297281901041668,1.6291472434997551,20.60389543533325
133,-0.8509173067110889,-0.9008359447965082,-0.9008359447965082,3.78171539756487,0.0132,0.0010001286139430584,0.04241915078798555,0.29297659967867834,22.712129358975393,3.6969579418500262,-0.8780385315418243,-0.8780385315418243,4.574996463457743,0.0010001996629095326,0.049198629893362524,0.30215031703313194,26.96913948059082,24.312634404500326,22.43821169535319,24.312634404500326,nan,25.23137118021647,25.23137118021647,24.115509080886838,28.17339350382487,4.057884422938031,25.008198760350545
134,-0.8398881599588214,-0.8901735656666305,-0.8901735656666305,3.78085794763745,0.0133,0.0010001327060514464,0.042559989569884424,0.29473058190548196,23.196906125770425,3.740820715824763,-0.8569383502006531,-0.8569383502006531,4.597759060064951,0.0010001451126299798,0.04537877403199673,0.27285299710929395,26.866468938191733,25.225478235880534,23.028057098388672,25.225478235880534,nan,25.12713966369629,25.12713966369629,24.306738964716594,27.972139485677083,3.665400520960489,24.963059523900352
135,-0.8381133203236562,-0.8878220443455678,-0.8878220443455678,3.709606148161978,0.0134,0.0010001110440155244,0.04345097308451275,0.3085909131562935,22.767542569142467,3.1880515456199645,-0.8848223477602005,-0.8848223477602005,4.072873896360397,0.0010000760667026043,0.039017486727486055,0.2570875755200783,27.667697270711262,24.234733454386394,21.820369084676106,24.234733454386394,nan,21.478070386250813,21.478070386250813,21.396584447224935,25.052213795979817,3.655629348754882,21.461773198445638
136,-0.8272389038553778,-0.8767903705812851,-0.8767903705812851,3.6704790209824183,0.0135,0.0010001709407968622,0.04387544341525942,0.2948186741966122,23.520442818695646,3.172840826710065,-0.833587587873141,-0.833587587873141,4.006428430477778,0.0010002080467529594,0.04418690462286274,0.2650948975235224,26.971702321370444,24.71101099650065,22.75945930480957,24.71101099650065,nan,26.35459632873535,26.35459632873535,25.607606140772504,28.36853396097819,2.760927820205687,26.205198291142782
137,-0.8805506083200563,-0.9298892909625791,-0.9298892909625791,3.6278445383287825,0.0136,0.0010001417095685061,0.03902489583025563,0.27062924768564833,21.404312547647727,3.2517553865909576,-0.8841434940695763,-0.8841434940695763,4.135898872216543,0.0010001137639240672,0.034036669538666804,0.23785014686485131,24.384176762898765,22.05898119608561,21.05800437927246,22.05898119608561,nan,23.72699114481608,23.72699114481608,22.704977893829344,26.30169792175293,3.5967200279235847,23.52258849461873
138,-0.8747250797613612,-0.9240873051139543,-0.9240873051139543,3.603082537651062,0.0137,0.001000225526403706,0.03952676760700514,0.26135824283338943,21.74695049141938,3.212656440337499,-0.6975607492029667,-0.6975607492029667,3.9102171818415323,0.0010001386981457472,0.03439301050578555,0.19205645322799683,29.530576960245767,28.02886047363281,26.092819849650066,28.02886047363281,nan,19.51382319132487,19.51382319132487,20.79791072209676,23.164007568359374,2.3660968462626144,19.770640697479248
139,-0.8736250670451038,-0.9230705668341439,-0.9230705668341439,3.583007533595247,0.0138,0.0010001944566918712,0.03678666396101691,0.24178787166217589,21.711694951327342,2.667577847838402,-0.8769226998090744,-0.8769226998090744,3.544500541687012,0.0010001084747879455,0.03193103099862735,0.2000325419008732,23.18803736368815,21.67361094156901,20.566103108723958,21.67361094156901,nan,27.00361773173014,27.00361773173014,26.209809621175133,29.68455390930176,3.474744288126626,26.84485610961914
140,-0.9066344791988157,-0.9536767556982221,-0.9536767556982221,3.3843363613452553,0.0139,0.0010001614650289685,0.034805022180080414,0.26361206258242986,20.92222449464618,2.9902413964271544,-0.926514995098114,-0.926514995098114,3.9167563756306967,0.0010002239587871978,0.04024683494741718,0.2721961555381616,23.949909718831382,22.23885637919108,21.475090344746906,22.23885637919108,nan,20.375655682881675,20.375655682881675,21.607260036468507,23.550130462646486,1.9428704261779792,20.62197655359904
141,-0.8752220677879622,-0.9226801940854991,-0.9226801940854991,3.3898660326903722,0.014,0.0010001735810085007,0.03702742349848433,0.2699415056772952,21.80801031724462,3.5870973130067187,-0.8132396111885707,-0.8132396111885707,4.400336917241415,0.0010002542209501069,0.04282579155017932,0.2786076786617438,28.801232401529948,27.257505416870117,25.118578084309895,27.257505416870117,nan,23.171244939168293,23.171244939168293,23.63718132972717,24.72297045389811,1.0857891241709403,23.264432217280067
142,-0.8758744979804417,-0.9268342222807542,-0.9268342222807542,3.6141648135095275,0.0141,0.0010002282347073251,0.04082803670668377,0.3033906533470694,22.044487809235196,3.224114751815796,-0.9066032071908315,-0.9066032071908315,4.130717972914378,0.0010002309223636984,0.04427225465575854,0.2995557603736719,25.423533630371093,22.254941813151042,20.783325576782225,22.254941813151042,nan,22.673491287231446,22.673491287231446,22.815028540293376,25.86852086385091,3.053492323557535,22.701798737843834
143,-0.881969080218729,-0.9341255651330048,-0.9341255651330048,3.6729917166368016,0.0142,0.0010001610015641968,0.03840390684188537,0.2702057631510609,21.69249507616151,3.085949111978213,-0.9292587478955586,-0.9292587478955586,4.015207878748575,0.001000112273807948,0.034291436709463594,0.22928304858505727,23.145397059122722,22.774203872680665,21.07712828318278,22.774203872680665,nan,19.761771647135415,19.761771647135415,20.066081126530964,21.268017578125,1.2019364515940367,19.822633543014526
144,-0.8903890583875045,-0.9394912972765149,-0.9394912972765149,3.433723031349902,0.0143,0.0010001571686446386,0.03468139300931175,0.24731938583108615,20.865738994670362,2.441765879591306,-0.8046908547480901,-0.8046908547480901,3.246456742286682,0.0010002435262625416,0.037319943960756066,0.25089752562344075,27.03844871520996,24.66161740620931,24.105863189697267,24.66161740620931,nan,30.58650347391764,30.58650347391764,29.416823132832842,33.74959055582682,4.332767422993978,30.352567405700682
145,-0.8139627578685869,-0.8605147926312573,-0.8605147926312573,3.2327800944166363,0.0144,0.0010003288746547867,0.04258417130781794,0.28702731514876745,23.287681579589844,2.493788945674896,-0.9181340972582499,-0.9181340972582499,3.411923046906789,0.0010004306735936553,0.05093067673345407,0.3599830781420072,24.41283073425293,22.15679537455241,19.853992716471353,22.15679537455241,nan,21.95494842529297,21.95494842529297,21.177623399098714,24.192625172932942,3.0150017738342285,21.799483420054116
146,-0.9197125716029473,-0.9672325163517358,-0.9672325163517358,3.277237682972314,0.0145,0.0010001833576990186,0.035753630488267484,0.26354730410395927,20.55103366779831,2.8867132484912874,-0.9514357477426529,-0.9514357477426529,3.8381490031878154,0.0010001669599053761,0.03494091272975008,0.22455359473824502,23.814690017700194,22.185849126180013,19.55465488433838,22.185849126180013,nan,22.14243354797363,22.14243354797363,22.402447128295897,25.5832394917806,3.180792363484702,22.194436264038085
147,-0.933919370174408,-0.9839114917899078,-0.9839114917899078,3.4241181387091584,0.0146,0.0010001752745219558,0.033617066395170286,0.26141662459890797,20.474556059207558,3.2045054475466412,-0.9457246293624242,-0.9457246293624242,4.150230097770691,0.0010001270818368842,0.030929853425671658,0.24556816443800927,22.46639213562012,21.31614259084066,19.837838490804035,21.31614259084066,nan,21.064924303690592,21.064924303690592,21.405457655588783,22.808304087320963,1.4028464317321792,21.13303097407023
148,-0.9186123868204513,-0.9695088615957296,-0.9695088615957296,3.4623451412848705,0.0147,0.0010001763442250074,0.032958528764967646,0.259533018154918,20.55984632024225,3.003899425268173,-0.9193701734145482,-0.9193701734145482,3.923269589742025,0.00100015018057699,0.03675686564917366,0.24274714415272078,24.864222971598306,22.487304814656575,21.159417470296223,22.487304814656575,nan,23.085861206054688,23.085861206054688,22.396108277638753,24.698459752400716,2.302351474761963,22.9479106203715
149,-0.9305733847168257,-0.9768478904130324,-0.9768478904130324,3.1266555718655855,0.0148,0.0010001994383890393,0.03335217720354503,0.24676681197476838,20.24875606680816,3.5287154257297515,-0.9740385115146637,-0.9740385115146637,4.502753937244416,0.00100012145897684,0.0270848055370152,0.2083597564448913,21.749648793538412,20.27502899169922,19.395987701416015,20.27502899169922,nan,20.15828603108724,20.15828603108724,19.827044757207233,22.137653096516928,2.3106083393096952,20.09203777631124
150,-0.9560946979612674,-1.0079590666968867,-1.0079590666968867,3.4808299968827447,0.0149,0.001000204110377521,0.02900351271173864,0.21906661832669996,19.267854960459584,2.8145072062810264,-0.9211357523997624,-0.9211357523997624,3.7356429656346637,0.0010002381265318643,0.035986406231919926,0.22246618730326492,24.905766932169595,22.209955724080405,20.39392344156901,22.209955724080405,nan,25.49366175333659,25.49366175333659,24.356511052449545,29.520063145955405,5.16355209350586,25.26623161315918
151,-0.9352661056338616,-0.9816033244132996,-0.9816033244132996,3.0891479073830372,0.015,0.0010002704890761172,0.031440734441550273,0.22505890479627647,20.107830425478376,3.0555943747361503,-0.8816775292158127,-0.8816775292158127,3.9372718850771586,0.0010002042807172983,0.026577491064866385,0.17549160445729892,23.754126485188802,22.30570017496745,20.821687444051108,22.30570017496745,nan,24.321912384033205,24.321912384033205,23.754243914286295,28.253790664672852,4.499546750386557,24.208378690083823
152,-0.9048331897213774,-0.9555981912702884,-0.9555981912702884,3.361920561430589,0.0151,0.0010002660762764655,0.03367515312472604,0.2487282003715353,20.797338917570293,2.952880052725474,-0.9394291311502456,-0.9394291311502456,3.8923091808954875,0.0010001850915917507,0.03234121191004912,0.22449418207009633,22.90557607014974,21.338206481933593,20.58506139119466,21.338206481933593,nan,22.771999994913738,22.771999994913738,22.662804953257243,26.379371134440103,3.716566181182859,22.75016098658244
153,-0.9426782558549125,-0.9941133384434682,-0.9941133384434682,3.383886402507998,0.0152,0.001000208376010634,0.03194432034385654,0.23525941329744626,19.51126140018679,2.7920481810967126,-0.8609592507282893,-0.8609592507282893,3.6530074179172516,0.0010002372572974613,0.03256238251924515,0.22880536504089832,26.52181205749512,23.80839424133301,22.60002873738607,23.80839424133301,nan,22.640966161092123,22.640966161092123,22.34850511550903,25.13755226135254,2.789047145843508,22.582473951975505
154,-0.9382660591377402,-0.9852060900544221,-0.9852060900544221,3.0679757010261968,0.0153,0.001000267229447106,0.03121104042203921,0.22321283747002763,19.78318991751041,2.8717072755098343,-0.9352126081784566,-0.9352126081784566,3.80691988269488,0.001000348903471604,0.03769115783895056,0.26356745660305025,23.76730359395345,21.612433369954427,20.537392743428548,21.612433369954427,nan,23.334318923950196,23.334318923950196,22.58840595881144,26.85592575073242,4.267519791920982,23.185136330922443
155,-0.9116989062079843,-0.9602447377060944,-0.9602447377060944,3.1523264354130007,0.0154,0.0010002809928132679,0.033555412735297996,0.25649806407262693,20.44984364059736,2.8598609546820324,-0.9746065626541773,-0.9746065626541773,3.8344675143559774,0.0010002078663092107,0.028941540513187647,0.18303078723450503,21.81570027669271,20.81317418416341,20.016792678833006,20.81317418416341,nan,19.6083776473999,19.6083776473999,19.998163986206052,22.977913411458335,2.979749425252283,19.68633491516113
156,-0.9591545248931309,-1.0103256151361286,-1.0103256151361286,3.3013609265381434,0.0155,0.0010001727463326083,0.03106512167965466,0.24246761118465998,19.206723717023742,2.699878254532814,-0.8119664927323659,-0.8119664927323659,3.51184473435084,0.0010001231508795171,0.026328505016863346,0.17495928381880124,24.688457616170247,23.96553789774577,23.129389317830405,23.96553789774577,nan,19.962456703186035,19.962456703186035,20.832205247879028,21.37774378458659,0.5455385367075607,20.136406412124632
157,-0.9419258675485287,-0.9940521345948273,-0.9940521345948273,3.341427488147088,0.0156,0.0010001823714635564,0.030455193148469024,0.23530430459188964,19.83921313735674,1.9647481709718704,-0.9996723522742589,-0.9996723522742589,2.9644205192724864,0.0010001806697497765,0.036221006078024705,0.278886533776919,21.962802950541178,20.267057927449546,19.023226165771483,20.267057927449546,nan,21.40738042195638,21.40738042195638,21.928532377878824,26.278175099690756,4.349642721811932,21.511610813140866
158,-0.9557512942350136,-1.0034285468875237,-1.0034285468875237,3.0367680180747554,0.0157,0.0010001997393116635,0.031412402870801256,0.24309033394422172,19.291983802363557,2.6256726662317913,-0.9222269763549169,-0.9222269763549169,3.5478996356328327,0.0010001752661385884,0.026474007684737445,0.16895314877231915,22.337486521402994,20.339324951171875,19.34779256184896,20.339324951171875,nan,22.441711807250975,22.441711807250975,21.89541557629903,24.95823885599772,3.0628232796986907,22.332452561060585
159,-0.9243171608672952,-0.97508131670502,-0.97508131670502,3.2129218173476883,0.0158,0.0010002602181696104,0.03200103258186916,0.2161272755068428,20.088659106560474,2.4476713369290035,-0.8946241647005081,-0.8946241647005081,3.34229549964269,0.0010001801051354657,0.028949027756849925,0.21287787792583307,24.602514775594077,22.057968012491862,20.58593660990397,22.057968012491862,nan,24.775648880004884,24.775648880004884,23.40154331525167,26.035783131917317,2.634239816665648,24.50082776705424
160,-0.9756378745133022,-1.0254018025578193,-1.0254018025578193,3.129807022382628,0.0159,0.0010002491147837267,0.028874077219164598,0.20360931740054544,18.538875435883146,1.9651089310646057,-1.0887827763954798,-1.0887827763954798,3.053891710440318,0.00100019423601528,0.024289233206460873,0.170091750100255,18.407375844319663,17.415754763285317,16.331946563720702,17.415754763285317,nan,18.944331487019856,18.944331487019856,19.196809736887616,23.50031369527181,4.303503958384194,18.994827136993408
161,-0.9271420330371497,-0.9773183926096503,-0.9773183926096503,3.1360223810627774,0.016,0.0010003608119902464,0.03402951735792295,0.2625254987264579,20.372545152340294,2.0875426193078357,-0.9318899542093277,-0.9318899542093277,3.0194325764973957,0.0010002019233070313,0.031168110792835553,0.2171322515855233,22.060453160603842,21.580573527018228,20.70513979593913,21.580573527018228,nan,23.719323857625326,23.719323857625326,22.91705255508423,27.387910588582358,4.4708580334981285,23.558869597117106
162,-0.9607543731635472,-1.0100017111256439,-1.0100017111256439,3.058841053045021,0.0161,0.0010002507248295929,0.028930211193719,0.2101235176032444,18.872043951502388,2.503324164946874,-0.8855652605493863,-0.8855652605493863,3.3888894081115724,0.0010002503055147826,0.029371068906039,0.20645506257812182,22.67961006164551,22.533197021484376,21.879440180460612,22.533197021484376,nan,19.82429656982422,19.82429656982422,19.96163172721863,20.98553524017334,1.0239035129547105,19.8517636013031
163,-0.9573224445558944,-1.0061918800731875,-1.0061918800731875,3.016632208284342,0.0162,0.0010002779967661173,0.029201221564468346,0.21223078710290622,19.331616365684653,2.6004906137784323,-0.8828879863023757,-0.8828879863023757,3.4833786050478617,0.001000244574000438,0.03132313151533405,0.23025272277494271,24.236383819580077,23.032520929972332,22.987224324544272,23.032520929972332,nan,20.035208702087402,20.035208702087402,20.050443156560263,21.17224095662435,1.121797800064087,20.038255592981972
164,-0.9465618246006515,-0.9957130427630443,-0.9957130427630443,3.015411817802573,0.0163,0.0010003324176342983,0.03045438360071407,0.23010832001015824,19.342732681418365,2.25125922759374,-1.0001475741465886,-1.0001475741465886,3.251406800746918,0.001000422144231076,0.034387610076616205,0.24750893811384836,21.473180135091145,19.28070640563965,17.906012789408365,19.28070640563965,nan,23.45836613972982,23.45836613972982,23.383425283432008,28.69192746480306,5.308502181371054,23.44337796847026
165,-0.9885514491009262,-1.0354377638618901,-1.0354377638618901,2.858921302939361,0.0164,0.0010002763405934257,0.02745166912956058,0.21177732649276843,18.125108664890504,2.6141532639662426,-0.9279817521572113,-0.9279817521572113,3.542135012149811,0.0010004132598017653,0.029398420515159767,0.21854572171966236,22.189350509643553,20.368260192871094,20.046798706054688,20.368260192871094,nan,25.34114824930827,25.34114824930827,25.31291233698527,30.175774765014648,4.862862428029377,25.33550106684367
166,-0.9693994713279436,-1.0189975050260436,-1.0189975050260436,3.0059416564005725,0.0165,0.0010003443666786519,0.02938509391585611,0.22046296129811485,19.163427604819244,3.4135365724563598,-0.9542539914449056,-0.9542539914449056,4.367790555953979,0.0010002249813017745,0.024230203436066706,0.16647788857420284,22.794451904296874,20.081447728474934,19.572787284851074,20.081447728474934,nan,19.499575424194337,19.499575424194337,19.586057345072426,21.101981989542644,1.5159246444702177,19.516871808369956
167,-0.9634892918028921,-1.014898326037065,-1.014898326037065,3.0969296491371012,0.0166,0.0010002418970337735,0.028497835094074032,0.2203419453130578,18.775100815970944,2.2554033398628235,-0.943071166674296,-0.943071166674296,3.1984744985898335,0.0010002748730281988,0.029876901023089885,0.209920979787906,23.12219174702962,21.758042526245116,20.794644927978517,21.758042526245116,nan,18.864490699768066,18.864490699768066,19.718281284968057,20.961160786946614,1.2428795019785568,19.035248816808064
168,-0.974445325023723,-1.0229867078223318,-1.0229867078223318,2.9066697831423776,0.0167,0.001000323798507452,0.027905417535946053,0.1952553724624076,18.550967342448683,2.386114706595739,-1.0222782721122106,-1.0222782721122106,3.4083929777145388,0.0010002707732686153,0.02475062891220053,0.17885427437722684,21.359893798828125,19.952002207438152,17.857867368062337,19.952002207438152,nan,18.72489643096924,18.72489643096924,18.40730767250061,19.9812624613444,1.573954788843789,18.661378679275515
169,-0.9983920308778871,-1.0481720712949645,-1.0481720712949645,2.963098055911514,0.0168,0.0010002982354599913,0.027005175550310116,0.21433011695461454,18.11966642343773,2.0754548331101734,-1.0051704088846842,-1.0051704088846842,3.080625234047572,0.0010005931234142432,0.03085388047620654,0.2435194682329893,20.681396357218425,19.545778846740724,18.591379928588868,19.545778846740724,nan,22.746200052897134,22.746200052897134,21.64785795211792,24.21516367594401,2.567305723826088,22.526531632741293
170,-0.9912898315573638,-1.0434206870366942,-1.0434206870366942,3.084666168914651,0.0169,0.0010003641638729088,0.028137197067855665,0.2345976563838293,18.325825655235434,2.3097804804642994,-1.0193946282068889,-1.0193946282068889,3.3291751106580096,0.001000383614640062,0.031861193012446165,0.22377047861615817,21.071557490030923,19.887864939371745,17.82510560353597,19.887864939371745,nan,18.98698310852051,18.98698310852051,18.416615311304728,21.580275026957192,3.1636597156524644,18.872909549077352
171,-0.993242361635532,-1.0442691400366009,-1.0442691400366009,3.0015747434688063,0.017,0.0010003710785037223,0.0281544380452273,0.23656866390187786,18.43986941283604,2.3338260769844057,-1.0006477346022924,-1.0006477346022924,3.3344738225142163,0.001000359858153388,0.03112446339800954,0.2282584668447574,21.2898432413737,20.190194193522135,19.04212900797526,20.190194193522135,nan,21.64008051554362,21.64008051554362,21.65869468053182,24.32748031616211,2.6687856356302895,21.643803348541258
172,-0.9500178211140182,-1.001735877315953,-1.001735877315953,3.024447391617973,0.0171,0.0010003308866629904,0.02988666981318087,0.24439411989922794,19.254808263958626,2.1865207036336263,-0.98466843465964,-0.98466843465964,3.1711891412734987,0.0010003331738213698,0.03288553124293685,0.2317285968611638,21.639645767211913,20.077809143066407,18.45586878458659,20.077809143066407,nan,23.939349110921224,23.939349110921224,23.349834998448692,26.852652740478515,3.5028177420298228,23.821446288426717
173,-0.9741867004700426,-1.0250630356230825,-1.0250630356230825,2.9579264082998598,0.0172,0.0010003252416181396,0.02806244382880769,0.20337041537716705,18.649386729834216,1.9729683955510458,-1.0080103933811189,-1.0080103933811189,2.980978786945343,0.001000243848344932,0.028411888641615708,0.21104451107482117,20.692394383748372,19.419741694132487,18.51279493967692,19.419741694132487,nan,20.21518217722575,20.21518217722575,20.46641542116801,24.50872294108073,4.042307519912722,20.2654288260142
174,-1.0123849443669588,-1.0613803987233144,-1.0613803987233144,2.8321074157390953,0.0173,0.001000340331679667,0.02761707012102289,0.22487428967120512,18.012097682593005,1.8092912783225377,-1.0422317326068877,-1.0422317326068877,2.851523001988729,0.0010002944036386907,0.02468642673144738,0.19606796925266584,20.508799743652343,18.109768867492676,16.4514954884847,18.109768867492676,nan,19.58315944671631,19.58315944671631,19.349126116434732,23.854281616210937,4.505155499776205,19.536352780659993
175,-1.0116607664891009,-1.05780798084331,-1.05780798084331,2.652138462606466,0.0174,0.0010002626541053068,0.025572079567695565,0.2242698776272108,17.613816081352955,2.209256942073504,-1.0048614700635274,-1.0048614700635274,3.2141184051831564,0.0010001877070559809,0.022388783314575753,0.17626153640449047,21.238682301839194,18.84954744974772,17.470972061157227,18.84954744974772,nan,18.22368901570638,18.22368901570638,18.533947579065956,20.973852411905924,2.439904832839968,18.285740728378297
176,-1.0214042517374147,-1.0663924745793611,-1.0663924745793611,2.5707557066431583,0.0175,0.0010003274908500178,0.02392484317972975,0.18023364780084142,17.509277937547218,2.1870071331659955,-0.9802751998106639,-0.9802751998106639,3.1672823270161947,0.0010003633913584053,0.0260973338658611,0.208098123408854,20.63180383046468,19.46527245839437,18.527646827697755,19.46527245839437,nan,23.372291056315103,23.372291056315103,22.3957079410553,26.36626294453939,3.9705550034840904,23.17697443326314
177,-0.9927948713302612,-1.0434348639452233,-1.0434348639452233,2.8772723449850983,0.0176,0.001000382572869366,0.028847336031074793,0.23151006366846696,18.468429745368237,2.1947697430849074,-0.9627021869023641,-0.9627021869023641,3.157471934954325,0.001000262463154892,0.02118018187272052,0.15862024494757254,20.753335444132485,20.24848486582438,18.589121627807618,20.24848486582438,nan,19.474285380045572,19.474285380045572,18.828597752253213,21.40551821390788,2.576920461654666,19.3451478544871
178,-0.990987443699027,-1.0383205661233865,-1.0383205661233865,2.6741877479373284,0.0177,0.0010003212373703718,0.02684730359897861,0.22710834387338386,18.147383276021706,2.222309112548828,-1.00123999218146,-1.00123999218146,3.223549105723699,0.0010002592403907328,0.023501153321315846,0.16829171913365523,21.24117914835612,20.17415657043457,17.829406929016113,20.17415657043457,nan,17.728653271993,17.728653271993,18.779645331700642,21.19090881347656,2.4112634817759186,17.938851683934526
179,-0.9991471778671697,-1.0477678157248587,-1.0477678157248587,2.7314965455037243,0.0178,0.001000374731309009,0.027737609479787213,0.22049564706548205,18.22949103589328,2.3319690406322477,-1.014919701218605,-1.014919701218605,3.3468887329101564,0.0010002815649689486,0.024092795172085364,0.18540474449594815,21.081197865804036,18.95243937174479,17.494548034667968,18.95243937174479,nan,22.855087661743163,22.855087661743163,22.341332149505615,27.47765744527181,5.136325295766195,22.752336559295653
180,-1.0118673702455916,-1.0608295427178436,-1.0608295427178436,2.7353172752092467,0.0179,0.001000348039252578,0.02634152248150335,0.21322830653977845,17.873149871826172,2.094835474093755,-1.0153380711873372,-1.0153380711873372,3.110173541307449,0.0010004141503789773,0.03013024212171634,0.21243421485026678,21.236751302083334,19.399084345499674,17.834763781229654,19.399084345499674,nan,16.39034786224365,16.39034786224365,16.64299505551656,17.58247318267822,0.9394781271616601,16.440877300898233
181,-1.030416779922989,-1.0796033413905017,-1.0796033413905017,2.7325869483767815,0.018,0.0010003342077944358,0.024270216143637332,0.20702129321278268,17.366834802447624,2.393231670061747,-0.9316077609856923,-0.9316077609856923,3.3248394231001535,0.0010003675629074375,0.025425755667189756,0.18844187185168265,23.607451248168946,21.370762252807616,20.560416666666665,21.370762252807616,nan,18.47117830912272,18.47117830912272,18.93547213872274,20.761744181315105,1.8262720425923646,18.564037075042727
182,-0.9800708215191679,-1.0310229692818984,-1.0310229692818984,2.815035842499643,0.0181,0.0010004734668775269,0.027739601367908828,0.22326745851984564,18.32772503259047,2.2761857827504475,-1.018121962249279,-1.018121962249279,3.2943077464898427,0.0010001609839188556,0.018790309379498164,0.1441709363212188,20.425669987996418,18.48279635111491,17.113965479532876,18.48279635111491,nan,18.33319460550944,18.33319460550944,18.17989524205526,21.073544311523438,2.8936490694681787,18.302534732818604
183,-1.0019129076093998,-1.0520938544903162,-1.0520938544903162,2.7571944650614038,0.0182,0.0010002945519034874,0.0241819635244473,0.190715695046029,17.907408012534088,2.2111432711283365,-0.9015713642040889,-0.9015713642040889,3.1127146343390146,0.0010002859480058154,0.027083129125336804,0.2039917038132747,22.869557253519694,21.155959701538087,20.281486384073894,21.155959701538087,nan,16.662056922912598,16.662056922912598,18.370933898289998,18.604631868998208,0.23369797070821008,17.003832317988078
184,-0.9962522106350593,-1.0451864926320202,-1.0451864926320202,2.674004118397551,0.0183,0.001000477989502954,0.02813017874393823,0.20918528693464566,18.046725165169192,1.8278335650761923,-0.9398430456717809,-0.9398430456717809,2.7676766137282054,0.001000606765349706,0.02999894709015886,0.2168488096445799,23.673552576700846,21.468614959716795,20.86314163208008,21.468614959716795,nan,24.879848353068034,24.879848353068034,24.545136388142907,27.86564572652181,3.3205093383789013,24.81290596008301
185,-1.0176669887776644,-1.0668749123249415,-1.0668749123249415,2.6743435499803074,0.0184,0.0010003607746494828,0.02586851659107883,0.21100304029741376,17.854951588612682,2.1622610330581664,-0.9942251056432724,-0.9942251056432724,3.156486145655314,0.0010002772498410196,0.02613270717362563,0.20719818361103534,22.481140645345054,19.721706771850585,18.762196095784507,19.721706771850585,nan,19.518246142069497,19.518246142069497,20.030807224909466,23.48905804951986,3.458250824610392,19.62075835863749
186,-1.0008819125733286,-1.0512133240699768,-1.0512133240699768,2.7206168849513217,0.0185,0.0010003242663652549,0.02688385785188315,0.2171311250553941,18.292160717946178,2.008446385463079,-1.0244855890671412,-1.0244855890671412,3.032931975523631,0.0010002663572474073,0.02358768368139863,0.1700460075090329,21.436334482828777,18.90635560353597,17.536469968159995,18.90635560353597,nan,17.75234661102295,17.75234661102295,17.57635013262431,21.25089302062988,3.674542888005572,17.717147315343222
187,-0.9842397424409974,-1.0334363905888684,-1.0334363905888684,2.6449810761325763,0.0186,0.0010003481974016945,0.02656030335094569,0.19566339957264234,18.24904634367745,1.7753292212883631,-0.8520299846927325,-0.8520299846927325,2.627359203497569,0.0010003931859197716,0.02921501761302352,0.21171580826242764,23.553958129882812,23.196811548868816,22.617139434814455,23.196811548868816,nan,19.316762669881186,19.316762669881186,19.257495578130086,19.95801372528076,0.7005181471506745,19.304909251530965
188,-0.9883529363938097,-1.0406476225493089,-1.0406476225493089,2.7965072033540257,0.0187,0.0010004669783707217,0.0265261464629252,0.20199480751213036,17.908620510461194,1.8745629241069157,-1.034557744860649,-1.034557744860649,2.909120674928029,0.001000491570448503,0.02313514955652257,0.15745042401055495,19.79246425628662,19.096296056111655,18.114508183797202,19.096296056111655,nan,20.222379048665363,20.222379048665363,19.477703030904134,21.36104653676351,1.8833435058593757,20.07344384511312
189,-0.9834899598697446,-1.0322372632206611,-1.0322372632206611,2.5929416665491067,0.0188,0.0010004225230933923,0.027746966372261633,0.18908101186718582,18.24171661880781,2.0524931490421294,-0.9694232622782389,-0.9694232622782389,3.02191641330719,0.001000178576214239,0.022748335963115096,0.15502305620660384,21.326973470052085,19.480912907918295,17.534249687194823,19.480912907918295,nan,20.644874636332194,20.644874636332194,19.98340023358663,23.347538566589357,3.364138333002728,20.51257975578308
190,-0.9890914087025624,-1.039858029698426,-1.039858029698426,2.686064767387678,0.0189,0.0010003238907611033,0.0261798634387131,0.1861732559946348,18.23123485637161,1.8748114287853241,-0.966389000415802,-0.966389000415802,2.8412004172801972,0.0010005488235037773,0.033107516014327605,0.21935703717172145,21.652051544189455,20.25316766103109,20.16952756245931,20.25316766103109,nan,25.8329034169515,25.8329034169515,24.63135601679484,28.916130956013998,4.284774939219158,25.592593936920167
191,-1.0175113520532284,-1.0649237801443856,-1.0649237801443856,2.495391074216591,0.019,0.0010003706479866832,0.026426163431749028,0.2006818694326113,17.797778309516186,1.9978716472784679,-1.0204390128453573,-1.0204390128453573,3.0183106501897177,0.0010003586047484228,0.023715911308924358,0.17605186787744362,20.372491963704427,19.030711936950684,18.48676764170329,19.030711936950684,nan,20.651579666137696,20.651579666137696,19.2987486521403,22.457664489746094,3.158915837605793,20.381013463338217
192,-1.0434630558175861,-1.0910385993291747,-1.0910385993291747,2.4908663079423725,0.0191,0.001000327170158754,0.02199666535938686,0.1736048273039314,16.726469957603598,1.9140446484088898,-0.9512324591477712,-0.9512324591477712,2.8652771075566608,0.0010004803130868821,0.027470072048405805,0.2033135797828436,20.51464983622233,20.535487620035806,20.01038017272949,20.535487620035806,nan,18.884396934509276,18.884396934509276,19.2060537815094,20.814553387959798,1.6084996064503976,18.948728303909302
193,-1.0280529305620014,-1.0757254463321757,-1.0757254463321757,2.482943489866437,0.0192,0.0010004629170135507,0.025324316695332527,0.20508012414540885,17.461532178914773,1.730331406990687,-1.023171290755272,-1.023171290755272,2.753502694765727,0.0010004961707939704,0.022896294357875983,0.15760967085758845,20.679009882609048,18.888082695007324,18.53061644236247,18.888082695007324,nan,18.09132652282715,18.09132652282715,18.30394620895386,20.35244305928548,2.0484968503316203,18.13385046005249
194,-1.0328095251659177,-1.0806206172367312,-1.0806206172367312,2.477258599029397,0.0193,0.0010004188329473418,0.024934235151927425,0.19094739685643394,17.4833239789279,1.861382536093394,-1.0747779707113903,-1.0747779707113903,2.93616051475207,0.0010003300480699788,0.022563622612506152,0.1678241138656934,19.013400332132974,17.428461456298827,16.699427795410156,17.428461456298827,nan,19.665551058451335,19.665551058451335,18.873233064015707,23.28409309387207,4.410860029856362,19.50708745956421
195,-1.0273704123946856,-1.0770196341118723,-1.0770196341118723,2.5592381931700796,0.0194,0.0010003667733333302,0.02426484040915966,0.197136262466885,17.4090504556332,2.167631122469902,-0.9955696831146876,-0.9955696831146876,3.1632008135318754,0.001000263961032033,0.02182040095018844,0.16788649894297122,20.541955947875977,18.877964719136557,17.902618853251138,18.877964719136557,nan,18.421648470560708,18.421648470560708,18.483149369557697,21.03372033437093,2.5505709648132324,18.433948650360108
196,-0.992394154926516,-1.0466032534275416,-1.0466032534275416,2.779953524751483,0.0195,0.0010003562300589005,0.026040465026250424,0.20350030964275576,18.288206946175052,1.896121511856715,-1.041338849067688,-1.041338849067688,2.937460358937581,0.0010003677705147614,0.02800820485378305,0.22477039657533168,20.563827260335287,18.526317469278972,17.191844367980956,18.526317469278972,nan,19.011991246541342,19.011991246541342,18.544455099105836,20.383875783284505,1.8394206841786698,18.91848401705424
197,-1.0044480134856026,-1.0562495971625705,-1.0562495971625705,2.642938125808284,0.0196,0.001000367623384831,0.026958547514986317,0.21033609763912434,17.867130027627045,1.7458726565043132,-0.991546489795049,-0.991546489795049,2.73741913040479,0.0010004029201809317,0.024687410114953914,0.16413736219207445,20.39500503540039,19.490038426717124,18.628948911031088,19.490038426717124,nan,18.593627611796062,18.593627611796062,18.269484837849937,18.983029174804688,0.713544336954751,18.52879905700684
198,-1.0354681037506968,-1.0849664593642612,-1.0849664593642612,2.5126070009087615,0.0197,0.001000389324958032,0.02374220732599497,0.18336183254448873,17.086521706491148,1.3260970920324326,-1.0949958612521489,-1.0949958612521489,2.4210929453372954,0.0010003933333791793,0.024922619666904212,0.1804425437003374,19.384788449605306,17.49445406595866,15.985014406840007,17.49445406595866,nan,16.48213659922282,16.48213659922282,16.94316976865133,19.6700740814209,2.7269043127695696,16.57434323310852
199,-1.0664469262339034,-1.1127538276168536,-1.1127538276168536,2.338732361793518,0.0198,0.0010004168582799019,0.02276428019241342,0.18625105355145796,16.326657817048847,1.3987529089053472,-1.0894922027985254,-1.0894922027985254,2.4882451156775156,0.001000376969265441,0.021232382937644918,0.15393846916655698,19.282782745361327,17.73455874125163,15.824057960510254,17.73455874125163,nan,17.30194721221924,17.30194721221924,17.408770688374837,19.7028169631958,2.294046274820964,17.323311907450357
200,-1.0508171038807563,-1.101248617442149,-1.101248617442149,2.534247198194828,0.0199,0.0010003898609078155,0.021763265923649636,0.17292409558903496,16.584598145394956,2.2016783177852632,-0.9738300313552221,-0.9738300313552221,3.175508350133896,0.0010003884827407697,0.024555990876009067,0.16795133762061595,22.330582046508788,20.669132423400878,19.067728678385418,20.669132423400878,nan,16.864601198832194,16.864601198832194,17.328801965713502,18.37131735483805,1.0425153891245493,16.957441352208455
201,-1.0512260839624226,-1.1009038023228914,-1.1009038023228914,2.4838855806386695,0.02,0.0010003647745042196,0.023313771019566734,0.1770129344373379,16.766093182113934,1.7146328727404276,-1.0696475903193157,-1.0696475903193157,2.7842804630597433,0.0010005133595162381,0.026316882421573002,0.19025693982839584,20.48440106709798,17.75609016418457,16.114534123738608,17.75609016418457,nan,17.837338956197105,17.837338956197105,18.040223582585654,21.270364379882814,3.2301407972971603,17.877915881474816
202,-1.0458067644317195,-1.0933614305730135,-1.0933614305730135,2.3659035934592194,0.0201,0.0010004370969737757,0.022369437042694045,0.17386578023433685,16.89389777633379,1.5309561024109521,-1.0409207979838053,-1.0409207979838053,2.571876901388168,0.001000454309784497,0.023923945830514035,0.1847616655131181,20.287737083435058,18.607795906066894,17.007308959960938,18.607795906066894,nan,18.394194984436034,18.394194984436034,17.898758586247762,19.24694366455078,1.3481850783030183,18.29510770479838
203,-1.0861780609724656,-1.1322626156627007,-1.1322626156627007,2.2814137035945676,0.0202,0.0010004073297956361,0.020187260354605486,0.14822489599574287,15.936201941292241,1.4120367884635925,-1.0411737392346063,-1.0411737392346063,2.4532105306784313,0.0010007067738721767,0.02090154504403472,0.16054920355478922,19.411312166849772,17.830359141031902,17.1714937210083,17.830359141031902,nan,19.819445355733237,19.819445355733237,20.463053369522093,24.891948954264322,4.428895584742229,19.948166958491008
204,-1.0584749253291004,-1.106790136616185,-1.106790136616185,2.380059496411737,0.0203,0.001000588186489383,0.022043847496498306,0.17760815977487923,16.553342837207722,1.5729228854179382,-1.095048545797666,-1.095048545797666,2.6679714282353717,0.0010005219451462229,0.02211232438373069,0.16162397010872762,18.622725423177084,16.54776210784912,16.162397321065267,16.54776210784912,nan,20.846572875976562,20.846572875976562,19.626657183965047,23.06410992940267,3.4374527454376214,20.60258973757426
205,-1.0448384105034594,-1.095600868171116,-1.095600868171116,2.488355704073636,0.0204,0.0010005727867191693,0.02235033704003073,0.1817590816403335,16.816796752641785,1.837268946568171,-1.10774807035923,-1.10774807035923,2.945017009973526,0.0010005246032960713,0.02590870897596081,0.18816610909998416,18.647589937845865,17.08741709391276,16.150242869059245,17.08741709391276,nan,16.616131528218588,16.616131528218588,16.92403465906779,18.318345896402995,1.3943112373352058,16.67771215438843
206,-1.041511814549284,-1.094784044994498,-1.094784044994498,2.598645610629388,0.0205,0.0010004073912980704,0.024297336907178727,0.21022698543262933,17.138039498958946,1.7073486546675365,-1.0093538324038187,-1.0093538324038187,2.7167024970054627,0.0010003785660956054,0.022409845578173795,0.17916049224634964,20.232950973510743,19.38115056355794,17.980809529622395,19.38115056355794,nan,17.942229906717937,17.942229906717937,18.412489573160805,19.270362091064452,0.8578725179036475,18.036281840006513
207,-1.0486150271487686,-1.1008838021530296,-1.1008838021530296,2.5373192530757978,0.0206,0.0010003593600934968,0.023121615994791938,0.19252896421360519,16.719905637345224,1.8681408325831095,-0.9747733294963836,-0.9747733294963836,2.8429141561190288,0.0010003931626367073,0.023087019426748158,0.17648084051907062,21.30439542134603,19.561519622802734,18.44470348358154,19.561519622802734,nan,20.060412979125978,20.060412979125978,19.900338888168335,22.972067896525065,3.07172900835673,20.02839816093445
208,-1.0016739064792417,-1.0516735697692294,-1.0516735697692294,2.4154424329973616,0.0207,0.0010005098916941657,0.025997231134547376,0.1938742586183098,18.086917877197266,1.4044292718172073,-1.086968697110812,-1.086968697110812,2.4913979689280192,0.0010004088301987697,0.024183104544257126,0.1843519494558374,18.739488156636558,17.488890902201334,16.890668423970542,17.488890902201334,nan,15.640257008870442,15.640257008870442,15.511016829808554,16.402694129943846,0.8916773001352922,15.614408973058065
209,-1.0404116949945126,-1.0896380678662714,-1.0896380678662714,2.3666525674316117,0.0208,0.0010003626307050855,0.023270241512020805,0.1717379095981706,16.94235209698947,1.830283087491989,-1.0606877823670706,-1.0606877823670706,2.8909708698590597,0.0010005086214126399,0.023485048425694308,0.16107717466851076,19.148505210876465,17.93651517232259,17.694483693440755,17.93651517232259,nan,17.862013053894042,17.862013053894042,17.741741768519084,19.62838675181071,1.8866449832916246,17.837958796819052
210,-1.0645641313408905,-1.1139284923391521,-1.1139284923391521,2.361931191300446,0.0209,0.001000395200637011,0.02209603517615008,0.18397461974395896,16.42404592262124,1.620506356159846,-1.0489933202664057,-1.0489933202664057,2.669499675432841,0.0010006354462044934,0.02513992345581452,0.1619212158024311,19.598174158732096,18.350404612223308,17.84723866780599,18.350404612223308,nan,19.410580190022788,19.410580190022788,19.564255412419634,21.245298639933267,1.6810432275136336,19.441315234502156
211,-1.062160607778801,-1.1103828943000649,-1.1103828943000649,2.296299340589991,0.021,0.0010003818502157646,0.022561817605681014,0.17158978762772847,16.610461828843604,1.7671387811501822,-1.0606535782416662,-1.0606535782416662,2.827792368332545,0.0010003790686217448,0.01938298807169,0.13374052128444117,19.34312286376953,17.87354996999105,16.664298629760744,17.87354996999105,nan,18.08390121459961,18.08390121459961,18.322984393437704,21.39613285064697,3.0731484572092675,18.13171785036723
212,-1.0794313381303031,-1.1319826998800602,-1.1319826998800602,2.4905857657486536,0.0211,0.001000389364495311,0.02119491447887893,0.17201043700553337,16.254056966529703,1.4901146044333775,-1.0859735747178396,-1.0859735747178396,2.5760881702105203,0.0010005134720510493,0.021643040779357154,0.16019710650046667,19.5293940226237,18.111519940694173,16.534917449951173,18.111519940694173,nan,17.92164312998454,17.92164312998454,17.8446751276652,20.001476097106934,2.1568009694417327,17.90624952952067
213,-1.0458599520179461,-1.0929361694263962,-1.0929361694263962,2.2205762750697584,0.0212,0.0010004846054076585,0.02421468288971568,0.20232306540293513,17.020355836400444,1.5302021622657775,-1.071683970093727,-1.071683970093727,2.601886131366094,0.0010004067638268073,0.024641645637651286,0.19282558547953765,19.560602315266927,18.004751841227215,16.266596221923827,18.004751841227215,nan,16.24024600982666,16.24024600982666,16.4293816725413,18.51095225016276,2.0815705776214593,16.278073142369585
214,-1.0790848113455862,-1.1315307842110687,-1.1315307842110687,2.4622523717160494,0.0213,0.0010003872778055803,0.022046237481090258,0.1934483100501996,16.12497666197003,1.4639062225818633,-1.1326043317715326,-1.1326043317715326,2.596510563294093,0.0010002962119566897,0.01969750029966235,0.16102327772726616,18.45271002451579,16.51913547515869,14.95129820505778,16.51913547515869,nan,17.639010938008628,17.639010938008628,17.066496260960896,19.724123255411783,2.6576269944508866,17.52450800259908
215,-1.0816481911911155,-1.1359668756431003,-1.1359668756431003,2.5382562043531887,0.0214,0.0010004025084441,0.02040441585528963,0.18181957993304954,15.87942191789735,1.6837473352750143,-0.9668665518363316,-0.9668665518363316,2.6506138861179354,0.0010004279824594657,0.01999302115291357,0.17478044101347526,18.964389419555665,18.010005633036297,17.3834529876709,18.010005633036297,nan,23.443141746520997,23.443141746520997,22.465934975941973,26.712613677978517,4.246678702036544,23.247700392405193
216,-1.0781525463428137,-1.1285042965187218,-1.1285042965187218,2.3419416468098477,0.0215,0.0010004771965608564,0.021750245014873316,0.1946466049214579,16.120722518776947,1.8042095561822256,-1.0615045537551244,-1.0615045537551244,2.8657141109307607,0.001000485138501972,0.021794351873298486,0.1798738032579422,19.120459111531577,17.201418940226237,16.562651507059734,17.201418940226237,nan,18.199718793233234,18.199718793233234,17.590563233693437,20.037282053629557,2.4467188199361196,18.077887681325276
217,-1.0916794178620823,-1.140718862695514,-1.140718862695514,2.2703446059856773,0.0216,0.0010005814849205737,0.020851829335234075,0.18368796301337909,15.861079629862084,1.6889384935299556,-1.0663291881481807,-1.0663291881481807,2.755267691612244,0.001000667765038088,0.024878637058039506,0.1913649696856737,19.191948572794598,17.078414090474446,16.68556639353434,17.078414090474446,nan,20.72811075846354,20.72811075846354,20.186025937398277,23.321668752034505,3.1356428146362276,20.619693794250487
218,-1.068259412387632,-1.1186758133600343,-1.1186758133600343,2.323335957977007,0.0217,0.0010005245578282003,0.021926568206048238,0.18699051425704416,16.351834567088,1.3832868397235871,-1.0849798291921615,-1.0849798291921615,2.468266671895981,0.0010009025553396592,0.027151339780539276,0.22772925744454067,18.842775789896645,17.268679046630858,16.205901209513346,17.268679046630858,nan,20.008791224161783,20.008791224161783,19.554562520980834,22.420572344462077,2.8660098234812423,19.917945483525592
219,-1.066964473364488,-1.1177311494665325,-1.1177311494665325,2.3287463210663706,0.0218,0.001000472122610037,0.02232570034223345,0.20171045793114967,16.320640240075452,1.339975193142891,-1.0306780656178793,-1.0306780656178793,2.3706532577673594,0.0010006062065561613,0.022309526288881897,0.17155648587892453,19.41268539428711,18.341367149353026,16.946199671427408,18.341367149353026,nan,19.325292587280273,19.325292587280273,19.229792340596514,21.340779749552407,2.110987408955893,19.30619253794352
220,-1.0349982189682294,-1.0861265321947493,-1.0861265321947493,2.3346262427995788,0.0219,0.0010004494721421375,0.023419404332086724,0.20334818291495432,17.202625040738088,2.011999774972598,-1.0486621936162313,-1.0486621936162313,3.0606619477272035,0.00100039277652589,0.024888186855241655,0.1957220739374558,20.13719024658203,18.77065372467041,17.704369608561198,18.77065372467041,nan,15.153024864196777,15.153024864196777,15.756403748194376,16.51773878733317,0.7613350391387925,15.273700640996296
221,-1.0369967638321642,-1.0908653533683632,-1.0908653533683632,2.448572206047346,0.022,0.0010004190482058614,0.025118439124440246,0.21466135894352534,17.246634699263662,1.5839632501204808,-1.0242277761300405,-1.0242277761300405,2.6081910133361816,0.0010004195636914423,0.02192877889610827,0.179976923763752,19.545810254414878,18.76286652882894,18.628128178914388,18.76286652882894,nan,21.784416961669923,21.784416961669923,21.37041719754537,24.262052726745605,2.8916355292002365,21.701617008845012
222,-1.0800885816790022,-1.1307960647457052,-1.1307960647457052,2.2944560253395223,0.0221,0.0010003459767245178,0.020261516776990215,0.17303434703147635,16.042071378455972,2.007516817251841,-1.0806677828232447,-1.0806677828232447,3.088184583187103,0.0010003868606872856,0.02015091322051982,0.13753423144419988,19.34059041341146,17.391917101542155,15.968277994791666,17.391917101542155,nan,16.311585680643717,16.311585680643717,16.783350721995035,18.690906715393066,1.9075559933980308,16.40593868891398
223,-1.0735675715050608,-1.126026857574031,-1.126026857574031,2.363030919488871,0.0222,0.0010004595453622488,0.02231554453313913,0.1802907389289928,16.15562232035511,1.3329507986704507,-1.0288851271073023,-1.0288851271073023,2.3618359168370566,0.0010003339984298995,0.01725088747528692,0.13404294463495414,18.63336353302002,17.27545846303304,16.77097657521566,17.27545846303304,nan,19.736315218607583,19.736315218607583,19.99949812889099,23.032224909464517,3.032726780573526,19.788951800664265
224,-1.0695447010814019,-1.1179282822698917,-1.1179282822698917,2.1696671922251864,0.0223,0.0010004087948714787,0.021134175518351905,0.1751312012520601,16.158629381431723,1.6045432726542155,-1.041490446527799,-1.041490446527799,2.646033710241318,0.0010004809863554934,0.023847372721259794,0.1796021580696106,19.52186336517334,18.380082511901854,17.818266741434734,18.380082511901854,nan,19.762629063924155,19.762629063924155,19.42852988243103,22.44870948791504,3.02017960548401,19.695809227625528
225,-1.1032766272436898,-1.1498078310264732,-1.1498078310264732,2.0772857666015625,0.0224,0.0010003978320625873,0.020574923587154667,0.16335226426709373,15.799015890877202,1.3899671216805776,-1.078380467494329,-1.078380467494329,2.468347591161728,0.0010003357213766624,0.019314578315243126,0.15824719158311684,18.01610711415609,16.306865819295247,15.836597633361816,16.306865819295247,nan,20.853976885477703,20.853976885477703,20.17904041608175,24.927967707316082,4.748927291234331,20.71898959159851
226,-1.0690362464706853,-1.1197750298482068,-1.1197750298482068,2.255057397878395,0.0225,0.0010005037260751397,0.022066992830555392,0.18268985385602377,16.500913224130308,1.439826105038325,-1.1164508680502574,-1.1164508680502574,2.556276975075404,0.001000512905496483,0.023307980860893925,0.1833435593172908,17.598413276672364,16.261670875549317,15.509085337320963,16.261670875549317,nan,18.47634836832682,18.47634836832682,17.802791007359822,21.1147585550944,3.3119675477345787,18.341636896133423
227,-1.1094593315754298,-1.1604658556434344,-1.1604658556434344,2.2569258527935676,0.0226,0.0010003616488626543,0.020345632355871064,0.18611883350981856,15.430984820959702,1.4408907771110535,-0.983537774781386,-0.983537774781386,2.4244285484155017,0.0010003493691328913,0.018651509890332818,0.15985332479079564,19.02134583791097,17.437436676025392,16.777973238627116,17.437436676025392,nan,23.921202850341796,23.921202850341796,22.592646058400472,26.15050837198893,3.5578623135884584,23.65549149195353
228,-1.0713340988698996,-1.1230151979428418,-1.1230151979428418,2.276700235762686,0.0227,0.0010004401698989688,0.02148754014370014,0.20907530638406863,16.38006147348656,1.119849716623624,-1.121133068203926,-1.121133068203926,2.240982780853907,0.001000396926732113,0.025525234965607525,0.19682989505430062,18.142817052205405,16.578837458292643,15.689162254333496,16.578837458292643,nan,18.647810173034667,18.647810173034667,18.791336679458617,22.263200124104817,3.4718634446462,18.67651547431946
229,-1.0605913074511402,-1.1132267297438856,-1.1132267297438856,2.3085711294749998,0.0228,0.001000362905269524,0.022224792595601308,0.20174627427784902,16.436869009485786,1.3903109947840373,-1.0998978366454442,-1.0998978366454442,2.4902088244756064,0.001000601580987374,0.027942645829170942,0.22534156093994775,18.897920989990233,16.889634323120116,15.506745847066243,16.889634323120116,nan,16.975278282165526,16.975278282165526,16.777251958847046,18.874633598327637,2.0973816394805915,16.93567301750183
230,-1.0455010162209564,-1.096844882335303,-1.096844882335303,2.2420903534259438,0.0229,0.0010004221826334888,0.024006904805746843,0.20066959474165486,16.797153149011,1.5430205444494882,-1.0453146209319433,-1.0453146209319433,2.588335164388021,0.0010003603238146752,0.020719630426416794,0.160969413133959,18.67512181599935,17.284155718485515,16.65399742126465,17.284155718485515,nan,20.776212692260742,20.776212692260742,20.81406906445821,24.85650380452474,4.042434740066529,20.783783966700238
231,-1.0928927626249925,-1.1430901232755408,-1.1430901232755408,2.1824938733622714,0.023,0.001000385450304679,0.02025316205789458,0.15642958443682148,15.887922700845971,1.108387710650762,-1.0449781854947409,-1.0449781854947409,2.153365900119146,0.0010003542896204938,0.017248527038221557,0.11771689609934886,18.74943593343099,16.752517382303875,16.4354549407959,16.752517382303875,nan,20.7936456044515,20.7936456044515,19.971788994471233,23.24067522684733,3.268886232376097,20.629274282455444
232,-1.1096795381240125,-1.1614469447225895,-1.1614469447225895,2.2410132952456205,0.0231,0.0010004304788725556,0.019374491471164632,0.16427310141471196,15.353958021919683,1.4194624861081442,-1.120535495877266,-1.120535495877266,2.539997986952464,0.001000445221628373,0.021199930164342125,0.16619309640179078,18.186905733744304,16.758906428019205,15.69835605621338,16.758906428019205,nan,18.161947123209636,18.161947123209636,18.72496800422668,22.437314987182617,3.7123469829559355,18.274551299413044
233,-1.1110080716744908,-1.162713868438073,-1.162713868438073,2.2286982165192657,0.0232,0.0010003597378941639,0.019479456814533135,0.16929143575846023,15.783359455612471,1.5468257109324137,-1.1226697792609532,-1.1226697792609532,2.6694954852263133,0.0010004970613711824,0.020725848634416857,0.19143398888409138,18.45555241902669,16.890964317321778,15.640730730692546,16.890964317321778,nan,16.434864044189453,16.434864044189453,16.497045930226644,18.458414777119955,1.9613688468933113,16.447300421396893
234,-1.1213349340096959,-1.1726314447960764,-1.1726314447960764,2.20156684911476,0.0233,0.0010004664665826087,0.019166858163925837,0.16759775754696918,15.21996068054775,1.8233086665471394,-1.0765312304099401,-1.0765312304099401,2.8998398979504905,0.0010003961545104782,0.020168859278783202,0.18599249341835578,18.508169174194336,17.65354849497477,16.323140335083007,17.65354849497477,nan,18.736812337239584,18.736812337239584,18.663877455393475,20.9419953028361,2.2781178474426262,18.72222536087036
235,-1.0934264884804779,-1.1440201525418263,-1.1440201525418263,2.162122706197343,0.0234,0.0010004785935447183,0.020802506122667836,0.16402268803344583,15.695366607522065,1.4784234543641408,-1.1209992200136185,-1.1209992200136185,2.599422671397527,0.0010003558301832527,0.020382023043930532,0.15565612309922774,17.920725758870443,16.55258108774821,15.331816991170248,16.55258108774821,nan,15.872689565022787,15.872689565022787,16.631385596593223,18.326821899414064,1.6954363028208412,16.024428771336876
236,-1.1207907852136865,-1.1727405955206673,-1.1727405955206673,2.210630347143929,0.0235,0.0010005277910990255,0.018768265140506456,0.15360345368115408,14.967055662622991,1.3284079343080522,-1.0523974418640136,-1.0523974418640136,2.3808053811391194,0.001000401662895456,0.016699756775051356,0.1473688614865144,18.19941012064616,16.830124537150066,15.784426180521647,16.830124537150066,nan,17.303402201334634,17.303402201334634,17.19514667193095,19.606117884318035,2.4109712123870857,17.281751095453895
237,-1.1345650778626495,-1.1848758279152636,-1.1848758279152636,2.1318115243371927,0.0236,0.0010004581593609644,0.01762998313203735,0.15733820256197228,14.908127892692134,1.541742777824402,-1.0414030015468598,-1.0414030015468598,2.5831457793712618,0.001000509133640056,0.020536348083987833,0.1664270800848802,19.159657414754232,17.58823439280192,16.41322250366211,17.58823439280192,nan,19.29639040629069,19.29639040629069,18.653197542826334,21.132376289367677,2.4791787465413435,19.16775183359782
238,-1.105850319817381,-1.1588762751165427,-1.1588762751165427,2.2373820723227733,0.0237,0.00100054508206909,0.01988734097553874,0.1697102281141956,15.459213706682313,1.5450939198335012,-1.0699973950783412,-1.0699973950783412,2.615091323852539,0.0010007329226937145,0.02442765481149157,0.18956075174113116,18.22064952850342,17.134822781880697,17.524532636006672,17.134822781880697,nan,17.280484835306805,17.280484835306805,17.31081878344218,18.021672503153482,0.7108537197113023,17.28655162493388
239,-1.100416861615091,-1.1535002611718088,-1.1535002611718088,2.2303948582343334,0.0238,0.001000571431469102,0.021156662776363345,0.18897142148805116,15.576211227560943,1.5244610150655111,-1.0655162145694097,-1.0655162145694097,2.58997722864151,0.001000445520427699,0.022067823928470412,0.1869586077829202,18.594107246398927,17.06945343017578,16.313954544067382,17.06945343017578,nan,20.159465154012043,20.159465154012043,19.583620516459145,22.853093528747557,3.2694730122884117,20.044296226501462
240,-1.0970057788884864,-1.155502105658909,-1.155502105658909,2.4475449526085042,0.0239,0.0010004735042182904,0.019808469691647672,0.16180522641483344,15.682871008819005,1.2177231391270955,-1.1773472706476846,-1.1773472706476846,2.395070407787959,0.0010006098794595648,0.022147009087105592,0.16236224186917145,16.498989741007488,14.900736745198568,14.335770416259766,14.900736745198568,nan,16.400730641682944,16.400730641682944,16.653952566782632,19.51553789774577,2.8615853309631376,16.451375026702884
241,-1.1093013871390864,-1.1640677384610445,-1.1640677384610445,2.2819311483851017,0.024,0.001000454469214914,0.02077530763762177,0.18537078530720943,15.445906261228165,1.1018352409203847,-1.1591040293375652,-1.1591040293375652,2.2609392682711285,0.0010003477684222162,0.01612346086961528,0.13706757929176092,16.828772226969402,15.19239158630371,14.120037206013997,15.19239158630371,nan,17.684497515360516,17.684497515360516,16.969950183232626,19.468603388468424,2.4986532052357973,17.541588048934937
242,-1.1390641230457235,-1.1858492549860253,-1.1858492549860253,1.9412913997218293,0.0241,0.0010004500937560257,0.01890598411478524,0.16417958446831074,14.91374368487664,1.3775447328885397,-1.0996386051177978,-1.0996386051177978,2.4771833419799805,0.0010004700704788168,0.01942994532485803,0.17223533056676388,17.465953826904297,16.272328058878582,16.96728146870931,16.272328058878582,nan,16.690049680074058,16.690049680074058,16.36281139055888,17.620819727579754,1.2580083370208754,16.624602022171022
243,-1.0926275995542418,-1.144332934100673,-1.144332934100673,2.1365840052658656,0.0242,0.0010005276043952075,0.02139192420708121,0.1952545595759491,16.15869101038519,1.3565287351608277,-1.1282368312279383,-1.1282368312279383,2.4847655673821767,0.001000331852507467,0.02002562563866377,0.1677623897790909,17.848811531066893,16.173114522298178,15.228107770284018,16.173114522298178,nan,16.65105088551839,16.65105088551839,16.660992304484047,18.821974563598634,2.1609822591145864,16.653039169311523
244,-1.1028012475877438,-1.154546612838529,-1.154546612838529,2.1294388298718436,0.0243,0.001000425420297345,0.02098221808039355,0.1953214998796301,15.663045667252451,1.1319751660029094,-1.132820698618889,-1.132820698618889,2.264795861641566,0.0010006573885524026,0.02173542152158916,0.177340717241168,17.822376887003582,16.055879020690917,14.900877634684244,16.055879020690917,nan,17.797229639689128,17.797229639689128,18.070434347788492,20.77099151611328,2.7005571683247886,17.851870581309
245,-1.1138478764947854,-1.1687984241629548,-1.1687984241629548,2.2520715785476395,0.0244,0.001000359208533927,0.019563951230836363,0.18955331478478774,15.438919571210754,1.289041425784429,-1.0902004639307659,-1.0902004639307659,2.3792418857415516,0.0010004934136910984,0.021131317984933656,0.1830690357213219,17.662378374735514,17.06906992594401,16.6791379292806,17.06906992594401,nan,19.82283789316813,19.82283789316813,19.57987157503764,23.151012293497722,3.5711407184600823,19.774244629542032
246,-1.1519532822213083,-1.2051449361837134,-1.2051449361837134,2.171088025255023,0.0245,0.001000407125519694,0.01870815584190049,0.18590036589863165,14.855918542394098,1.018431802590688,-1.1137746393680572,-1.1137746393680572,2.132206441958745,0.0010003970431474347,0.01771176769398153,0.18526324865718682,17.020777448018393,15.68101437886556,15.83467337290446,15.68101437886556,nan,21.516383679707847,21.516383679707847,20.63066438039144,25.68455390930176,5.053889528910318,21.339239819844565
247,-1.141958866479262,-1.1929440925706107,-1.1929440925706107,2.0725703329410194,0.0246,0.001000444718882582,0.019051899852336577,0.182314387399633,14.93783592727949,1.101955579717954,-1.0816764871279398,-1.0816764871279398,2.183632069826126,0.0010004010749980808,0.01838850202038884,0.16973880200336378,17.985185368855795,16.620282936096192,16.20356165568034,16.620282936096192,nan,20.369620196024577,20.369620196024577,19.26879032452901,21.96123364766439,2.692443323135379,20.149454221725463
248,-1.1144041576475467,-1.165893406238196,-1.165893406238196,2.084584784957598,0.0247,0.0010004700820471317,0.019250506183729983,0.17293364118854954,15.334511433007583,1.140749709804853,-1.1517294108867646,-1.1517294108867646,2.292479125658671,0.0010004010129099092,0.019971250758195915,0.18318840786814689,16.89241994222005,15.470414733886718,14.519904073079427,15.470414733886718,nan,16.188064829508463,16.188064829508463,16.77520513534546,18.424686177571616,1.6494810422261565,16.30549289067586
249,-1.1061338658602733,-1.1553412091057256,-1.1553412091057256,1.9841669348050963,0.0248,0.001000507884078993,0.020165430065595878,0.17506050564489276,15.559898718348089,1.3589881966511408,-1.0530898322661717,-1.0530898322661717,2.412078022956848,0.0010005509306211025,0.0198661621970435,0.16456415075808764,18.14958356221517,16.878359667460124,16.34924736022949,16.878359667460124,nan,20.149607213338218,20.149607213338218,19.799473508199057,22.12717399597168,2.327700487772624,20.079580472310386
250,-1.1193387654592406,-1.1717097601800595,-1.1717097601800595,2.1032530699136123,0.0249,0.0010005132501663746,0.018477206979438943,0.16559525333204358,15.096516393265635,1.133669106165568,-1.1468146274487176,-1.1468146274487176,2.280483740568161,0.0010010404279455543,0.023744853384171923,0.19069866507003705,17.039447657267253,15.680874633789063,14.564339637756348,15.680874633789063,nan,14.984718449910481,14.984718449910481,15.550002892812094,17.115961201985677,1.565958309173583,15.097775338490802
251,-1.0864731242071908,-1.1382861159882456,-1.1382861159882456,2.072519583522149,0.025,0.0010006646186394511,0.022717714327264507,0.20705082576792194,16.038887545747578,1.187173753976822,-1.0650774449110032,-1.0650774449110032,2.2522511959075926,0.001000511539556707,0.020882553560659288,0.1824268139898777,19.105765787760415,18.10216801961263,17.189104970296224,18.10216801961263,nan,18.960576057434082,18.960576057434082,18.78389654159546,20.877022361755373,2.093125820159912,18.92524015426636
252,-1.0723419391883995,-1.1270308843198813,-1.1270308843198813,2.17884236011865,0.0251,0.001000566467344058,0.021328390523229004,0.19187933670462304,16.06384259349895,1.4483760138352713,-1.0850553472836812,-1.0850553472836812,2.5334313690662382,0.0010004885029047728,0.020812327802802125,0.18617549097786348,18.290164502461753,17.23605308532715,15.820988909403484,17.23605308532715,nan,15.326227569580078,15.326227569580078,15.426288350423178,15.978537686665852,0.5522493362426744,15.346239725748699
253,-1.1593961614482808,-1.2100883272458922,-1.2100883272458922,2.011593667966015,0.0252,0.0010004055484215606,0.01731799764312663,0.15156163788347873,14.344677655202037,1.062045732140541,-1.0590242276589075,-1.0590242276589075,2.1210699498653414,0.001000386292192464,0.013388598578361173,0.10635638671616714,16.641578737894694,15.944469579060872,15.173652203877767,15.944469579060872,nan,23.31673723856608,23.31673723856608,22.651620960235597,28.000538380940757,5.34891742070516,23.183713982899985
254,-1.1105113614280269,-1.1608255303130959,-1.1608255303130959,1.9887023264507078,0.0253,0.001000558291913344,0.01951811148099742,0.15533966634352253,15.519857100720676,0.9896526763836543,-0.9726121564706166,-0.9726121564706166,1.9622648338476816,0.0010009747658235332,0.0255149585660547,0.21506707444787027,19.293459065755208,18.741950480143228,18.327784156799318,18.741950480143228,nan,18.546484502156577,18.546484502156577,18.68888463973999,20.013478406270345,1.3245937665303558,18.57496452967326
255,-1.1190079900453676,-1.1709823788336988,-1.1709823788336988,2.046236074195718,0.0254,0.0010005844172687743,0.020041813283174666,0.18714705770308115,15.474746038328927,0.9270706047614415,-1.1727808127800623,-1.1727808127800623,2.0998514175415037,0.001000399769206221,0.016476574136565128,0.14302330973247687,15.969064140319825,15.573282877604166,14.313972345987956,15.573282877604166,nan,16.969256846110024,16.969256846110024,17.324229208628335,19.169549051920573,1.8453198432922377,17.040251318613688
256,-1.141989290714264,-1.1942327461152706,-1.1942327461152706,2.0487627184615946,0.0255,0.0010004460763291649,0.018100401597484102,0.16728030749649372,14.737305659168172,1.0791560530662536,-1.0815963685512542,-1.0815963685512542,2.1607524236043294,0.0010006278423437228,0.020543631833667555,0.18881219625473022,18.507209269205728,17.438196818033855,17.03924617767334,17.438196818033855,nan,19.41267064412435,19.41267064412435,18.737718693415324,21.065738677978516,2.3280199845631913,19.277680253982545
257,-1.1205377185119774,-1.1715093614920131,-1.1715093614920131,1.9910801941493772,0.0256,0.0010005845095224257,0.020199918820751162,0.18557527492631157,15.518048358413408,1.1258262147506077,-1.1049635668595632,-1.1049635668595632,2.230789776643117,0.0010005939130981764,0.01932367399955789,0.14924078844487668,17.377167065938313,17.04625441233317,16.067226854960122,17.04625441233317,nan,17.73602803548177,17.73602803548177,17.076666053136194,19.489676094055177,2.4130100409189836,17.604155639012653
258,-1.170725016099102,-1.2233014522858385,-1.2233014522858385,2.045775532722473,0.0257,0.001000420109122851,0.017239909373083204,0.1813255857043671,14.277381591077122,1.1958547681570053,-1.0890826165676117,-1.0890826165676117,2.2849373777707416,0.001000449878241246,0.017165149996678033,0.14846175635854403,18.866310691833498,17.7888645807902,16.106782086690266,17.7888645807902,nan,15.612531153361003,15.612531153361003,15.685315450032553,17.041943295796713,1.3566278457641605,15.627088012695314
259,-1.1234841605402388,-1.1758737968948652,-1.1758737968948652,2.0306058874670065,0.0258,0.0010004917089388055,0.01929254077796666,0.19531064100985257,15.229067154650417,1.1829371591409048,-1.1200859189033507,-1.1200859189033507,2.303023076057434,0.0010006728814914822,0.023264756503825385,0.20831655897200108,17.02903461456299,16.035119565327964,15.612954266866048,16.035119565327964,nan,20.476248041788736,20.476248041788736,20.81885175704956,24.524587122599282,3.705735365549721,20.5447687848409
260,-1.126372366581323,-1.1770034038795616,-1.1770034038795616,1.95486622036628,0.0259,0.0010005673415572295,0.019474556036996393,0.18737586271369233,15.138835924976277,1.3097776919603348,-1.111705588301023,-1.111705588301023,2.42148327032725,0.0010007136578982076,0.020228443729380766,0.17807105860362452,18.6697940826416,16.752071825663247,15.0930632909139,16.752071825663247,nan,18.283765474955242,18.283765474955242,18.569552739461262,21.7530091603597,3.1834564208984375,18.340922927856447
261,-1.1348460575319685,-1.1863694134748206,-1.1863694134748206,1.9816676344511643,0.026,0.0010005404034910618,0.018841017758087168,0.16969208805909697,14.934598580846247,1.1790241847435634,-1.0497806340456008,-1.0497806340456008,2.228804814815521,0.0010007826941243062,0.022930158643672864,0.1931057379891475,18.629490407307944,17.836362457275392,18.143477567036946,17.836362457275392,nan,22.998426564534505,22.998426564534505,23.579724820454917,25.782695770263672,2.202970949808755,23.11468621571859
262,-1.1340400137991276,-1.1882590988896928,-1.1882590988896928,2.07735949192407,0.0261,0.0010005180539457866,0.01924963536197847,0.17098032725307177,15.130880517779657,1.264863490064939,-1.0369932601849239,-1.0369932601849239,2.3018567502498626,0.0010002559147930393,0.01231942737940699,0.11087004110837977,17.74129606882731,15.933899561564127,16.252321624755858,15.933899561564127,nan,22.247553571065268,22.247553571065268,20.818931563695273,23.914976755777996,3.096045192082723,21.96182916959127
263,-1.1070000169412144,-1.1608516416459713,-1.1608516416459713,2.055405598766399,0.0262,0.0010006047943431251,0.02169770681527707,0.21525708339967817,15.878713733745071,1.2368243972460429,-1.115816021958987,-1.115816021958987,2.352640422185262,0.0010002691609164078,0.014452611810217302,0.1188779117539525,16.82924836476644,15.877207628885905,15.797894859313965,15.877207628885905,nan,18.124371147155763,18.124371147155763,18.496427949269613,21.250605010986327,2.754177061716714,18.198782507578535
264,-1.1606312450372949,-1.2133264710318368,-1.2133264710318368,2.003620496336019,0.0263,0.0010004157666116953,0.016626417759876205,0.1579542914229744,14.139930779079222,0.907398005326589,-1.0414260745048523,-1.0414260745048523,1.9488240778446198,0.0010006210495096942,0.018631543125957252,0.16408352951208752,18.870869382222494,17.094421195983887,17.104056739807127,17.094421195983887,nan,23.608464431762695,23.608464431762695,21.840231641133627,25.5862548828125,3.7460232416788735,23.25481787363688
265,-1.1247463889841764,-1.1760496283477206,-1.1760496283477206,1.9433045308544952,0.0264,0.0010006859731632022,0.018228332195782435,0.1555099884434691,15.023499614787552,1.0192397087812424,-1.0875209043423335,-1.0875209043423335,2.106760613123576,0.0010007755268209924,0.018917564768344164,0.14466465276976426,18.294777615865073,17.060072008768717,16.657990900675454,17.060072008768717,nan,18.99176616668701,18.99176616668701,18.600093428293864,19.926994196573894,1.32690076828003,18.91343161900838
266,-1.172237365875604,-1.2234734341783344,-1.2234734341783344,1.9334365849225026,0.0265,0.0010005703661590815,0.01662638293192634,0.15179070050142845,14.211584882916144,1.2528297742207846,-1.1868350346883139,-1.1868350346883139,2.439664814869563,0.0010007488715928047,0.01773181641474366,0.1626847641542554,17.22717965443929,14.937420209248861,14.392268053690593,14.937420209248861,nan,16.167171541849772,16.167171541849772,16.248689270019533,17.75447832743327,1.505789057413736,16.183475087483725
267,-1.1517279091871009,-1.2052721122525774,-1.2052721122525774,2.0129398489898107,0.0266,0.0010006666284511393,0.018272367429058505,0.197011087089777,14.771805655281499,1.0078363160292307,-1.1447640389204026,-1.1447640389204026,2.1526003499825794,0.001000767967586095,0.020865082399298747,0.19037643522024156,17.737725575764973,16.049372990926106,15.546570014953613,16.049372990926106,nan,18.57933521270752,18.57933521270752,19.148190863927205,22.771124267578124,3.6229334036509186,18.693106342951456
268,-1.127451072323997,-1.1805520215124454,-1.1805520215124454,1.9887997463064373,0.0267,0.0010005794575367614,0.02032558164858031,0.19957032483422532,15.284682381827876,1.2387872209151587,-1.1443447430928548,-1.1443447430928548,2.38313197294871,0.0010004380388030161,0.018399575973550478,0.18233072999864816,16.88747221628825,15.773051770528157,15.307438405354818,15.773051770528157,nan,16.72153263092041,16.72153263092041,16.902750571568806,18.637332598368328,1.7345820267995222,16.75777621905009
269,-1.1329638395669326,-1.1835926917364012,-1.1835926917364012,1.8891362086781915,0.0268,0.001000618054707236,0.018509508743179293,0.16190123515871335,14.944204834272277,0.8626563350359598,-1.1624786188205083,-1.1624786188205083,2.025134954849879,0.0010005821202260753,0.019788506456340352,0.1817069800570607,17.114041964213055,15.55396728515625,13.983447456359864,15.55396728515625,nan,17.594722557067872,17.594722557067872,16.998968331019082,20.211866188049317,3.212897857030235,17.475571711858112
270,-1.1171960740719202,-1.1728704279323794,-1.1728704279323794,2.0696786439643717,0.0269,0.001000519457519195,0.01931660661016995,0.204638864071864,15.193415137956727,0.9322633663813273,-1.2003512988487879,-1.2003512988487879,2.132614666223526,0.0010006575204897672,0.021539230598136783,0.2066154466321071,16.44745610555013,14.906887499491374,13.255722173055013,14.906887499491374,nan,15.477022870381672,15.477022870381672,15.560329421361288,17.846043395996094,2.285713974634806,15.493684180577596
271,-1.12104284538413,-1.1766121016358428,-1.1766121016358428,2.0581206308220916,0.027,0.001000593306567028,0.01842322335842083,0.170800332261144,14.941505774012152,1.0691898345947266,-1.2271958937247593,-1.2271958937247593,2.2963857273260753,0.0010005492639417449,0.0164980110557129,0.1418651072308421,15.463865025838215,14.118784014383952,13.13798459370931,14.118784014383952,nan,13.967339261372883,13.967339261372883,13.890102052688597,15.624009386698406,1.7339073340098086,13.951891819636026
272,-1.15830789197166,-1.2104892404574268,-1.2104892404574268,1.925510822602038,0.0271,0.0010005232684735983,0.017607949340259128,0.16923112260564319,14.40637217827563,1.1940612862507503,-0.9584728216131528,-0.9584728216131528,2.1525341113408407,0.0010005267220549285,0.017471081546197333,0.1562987965842088,18.262495613098146,17.932246017456055,16.872123845418294,17.932246017456055,nan,20.442525545756023,20.442525545756023,20.368823798497516,23.37261047363281,3.003786675135295,20.42778519630432
273,-1.1219601035118103,-1.1757799521932062,-1.1757799521932062,1.978670963701212,0.0272,0.0010006960859205926,0.019404934771921276,0.18496613478604354,15.205396994104925,0.9687688728173574,-1.2057858675718307,-1.2057858675718307,2.1745547393957776,0.001000604243017733,0.017930903068433205,0.16991682201623917,15.55717887878418,15.040831756591796,13.612395985921223,15.040831756591796,nan,14.404584503173828,14.404584503173828,14.34189208348592,16.345399157206217,2.0035070737202965,14.392046019236247
274,-1.1549186717789128,-1.204134462014684,-1.204134462014684,1.8027762759406611,0.0273,0.0010006626944918677,0.018239133464137337,0.15641937447044085,14.740935289634848,0.943207053343455,-1.1965068608522416,-1.1965068608522416,2.1397139191627503,0.001000588556053117,0.01762687782756984,0.14479731743534405,16.47846647898356,15.257037607828776,13.749051094055176,15.257037607828776,nan,16.51252581278483,16.51252581278483,16.289349015553793,19.03171755472819,2.7423685391743966,16.467890453338622
275,-1.141768290186828,-1.1954681344752043,-1.1954681344752043,1.9598484534137655,0.0274,0.0010005850608478177,0.018293085332327295,0.1737141339284069,14.780386942737508,1.2775535017251969,-1.039339248339335,-1.039339248339335,2.3168927431106567,0.0010006062628235668,0.020086213992908598,0.1700973603874445,18.06119505564372,17.396928596496583,17.559284909566244,17.396928596496583,nan,18.853114891052247,18.853114891052247,19.17553497950236,21.01070499420166,1.835170014699301,18.91759890874227
276,-1.1188517201621577,-1.1701888025931593,-1.1701888025931593,1.8668029443273004,0.0275,0.001000574460463985,0.018828440070995746,0.1596562480026821,15.300258348572928,1.2030106912056604,-1.0787917892138164,-1.0787917892138164,2.2818024873733522,0.0010004886018577964,0.02020043086570998,0.16898014955222607,17.647711308797202,16.867948277791342,16.769106356302895,16.867948277791342,nan,17.333530998229982,17.333530998229982,17.233813683191936,19.28321844736735,2.0494047641754136,17.31358753522237
277,-1.1621191242955766,-1.2133915964162574,-1.2133915964162574,1.8576980548084907,0.0276,0.0010005294648438412,0.017483069350556383,0.1532367042634847,14.364375798207409,1.0111424754063287,-1.1460988581180573,-1.1460988581180573,2.1572413315375645,0.0010005674538357803,0.017620253174876175,0.13696944676339626,16.870822270711262,15.4626220703125,15.004572041829427,15.4626220703125,nan,18.787016423543296,18.787016423543296,18.026342137654623,20.79016507466634,2.7638229370117173,18.63488156636556
278,-1.11756882914957,-1.1762967761957421,-1.1762967761957421,2.120142882724978,0.0277,0.0010005718070732535,0.019671653537958297,0.18377936828248906,15.199391131131154,0.9921538005272548,-1.1565041174491246,-1.1565041174491246,2.1486579179763794,0.0010005094149770836,0.018142726241300502,0.16808534283190965,16.98708070119222,15.79733829498291,15.515289115905762,15.79733829498291,nan,18.216732851664226,18.216732851664226,18.456310033798218,22.782816251118977,4.326506217320759,18.264648288091024
279,-1.1420652866363525,-1.1946344712995134,-1.1946344712995134,1.890978048432548,0.0278,0.0010005055997028666,0.01794413440280928,0.16314477227487653,14.722060419478506,1.0743139247099558,-1.0654915302991868,-1.0654915302991868,2.139805457989375,0.0010007555305492134,0.019245304089660447,0.1546402222166459,18.27268435160319,18.28561846415202,16.53773415883382,18.28561846415202,nan,15.41319637298584,15.41319637298584,15.750861565272015,16.464379501342773,0.7135179360707582,15.480729411443075
280,-1.1595677800898283,-1.2098324220135528,-1.2098324220135528,1.8016001345976345,0.0279,0.0010006098441322738,0.01752849958204436,0.15078809344262448,14.309002840294028,1.2552372048298517,-1.1217050423224768,-1.1217050423224768,2.3769422471523285,0.0010005366542221357,0.01787099417609473,0.16408397685736417,17.870866203308104,16.973986625671387,15.42164815266927,16.973986625671387,nan,15.888723754882813,15.888723754882813,15.904531574249269,17.038602193196613,1.1340706189473444,15.891885318756104
281,-1.1466230367714505,-1.1985670766740475,-1.1985670766740475,1.855144296052321,0.028,0.001000638359296575,0.017360216814954327,0.1542419321694464,14.491111575432544,1.061595861117045,-1.1379956583182016,-1.1379956583182016,2.1995915174484253,0.0010006135931083311,0.018064813036471606,0.14767521396279334,16.977223205566407,16.405527051289877,15.19192549387614,16.405527051289877,nan,16.905202293395995,16.905202293395995,16.65697654088338,19.350676091512046,2.693699550628665,16.85555714289347
282,-1.1258811585183413,-1.1814650724518974,-1.1814650724518974,1.9780750769489217,0.0281,0.0010005172610036887,0.018650571798097412,0.16913004760753433,14.81665404337757,1.0542978723843892,-1.0673868060112,-1.0673868060112,2.121684678395589,0.0010005695725946377,0.020036455523222686,0.15688281760861475,17.826197624206543,17.789997355143228,17.98032423655192,17.789997355143228,nan,21.34250119527181,21.34250119527181,21.23054552078247,24.113801574707033,2.883256053924562,21.320110060373942
283,-1.1207702047419998,-1.1723188206834614,-1.1723188206834614,1.827965203321205,0.0282,0.001000613767108968,0.017967522601192852,0.15056962941615087,15.150561692579737,0.7490817368030548,-1.1862761080265045,-1.1862761080265045,1.9353578428427378,0.0010007778822910041,0.020132980138684312,0.14602456763386726,16.005360984802245,14.843362681070964,14.004493776957194,14.843362681070964,nan,19.738780784606934,19.738780784606934,18.184719689687093,21.204934565226235,3.0202148755391427,19.427968565622965
284,-1.1608092942327823,-1.2147722210524217,-1.2147722210524217,1.9068171078304075,0.0283,0.001000642321810548,0.017632244277815772,0.1524884469525994,14.273551329126898,0.6904540578524272,-1.15423231224219,-1.15423231224219,1.8446863691012065,0.0010008434920261303,0.0233820833110561,0.18473836506406466,17.245746739705403,16.18366552988688,15.216946093241374,16.18366552988688,nan,17.475538571675617,17.475538571675617,17.480561510721845,19.059177907307944,1.5786163965860993,17.476543159484862
285,-1.1674157650965564,-1.2195529319205374,-1.2195529319205374,1.8358157310845717,0.0284,0.0010005928848360508,0.01696289068896253,0.14610495601060255,14.49086541949578,0.9360916336377462,-1.0758005638917287,-1.0758005638917287,2.011892197529475,0.0010005499954180172,0.01716227827904125,0.1447735379760464,17.864519055684408,16.512271308898924,16.206778717041015,16.512271308898924,nan,18.18837502797445,18.18837502797445,18.446828746795653,19.422864786783855,0.9760360399882018,18.24006577173869
286,-1.1441786716569144,-1.1971764137160104,-1.1971764137160104,1.8595701636008497,0.0285,0.001000525346377267,0.018632474812274834,0.17627880145918648,14.746036781454986,0.8597189267476399,-1.2082357247670492,-1.2082357247670492,2.067954651514689,0.0010008881392423064,0.018265645237018666,0.16006052891413372,16.557244364420573,14.578738403320312,13.978922398885091,14.578738403320312,nan,14.095492362976074,14.095492362976074,14.40642015139262,15.22273006439209,0.8163099129994702,14.157677920659383
287,-1.1816854195774726,-1.2358371154317316,-1.2358371154317316,1.8934160111085423,0.0286,0.0010006230935138071,0.016275832570105227,0.15717967283332124,13.811131639300653,0.9113912721474965,-1.2241059025128682,-1.2241059025128682,2.1354971726735434,0.0010006287115781258,0.01392925859739383,0.1251521143441399,15.657649103800455,13.976113637288412,13.22073974609375,13.976113637288412,nan,14.043578910827637,14.043578910827637,14.654852533340454,16.263494300842286,1.6086417675018314,14.165833635330202
288,-1.1900157242451075,-1.241326633489357,-1.241326633489357,1.7878365786570423,0.0287,0.0010007204211158853,0.016176651179228188,0.150040384311721,13.84836153714162,0.9822589665651321,-1.1757410536209743,-1.1757410536209743,2.1580000181992847,0.0010007835478366663,0.016595127200707792,0.144172640517354,16.254855473836262,15.385941950480143,14.507542355855305,15.385941950480143,nan,17.119428825378417,17.119428825378417,17.106870524088542,18.8088862101237,1.702015686035157,17.11691716512044
289,-1.1946142417079997,-1.245584397945764,-1.245584397945764,1.769797295894263,0.0288,0.0010006594963652908,0.01621402060296738,0.1468188742984016,13.662102420375032,0.8085513552029927,-1.1559642712275187,-1.1559642712275187,1.9645156264305115,0.001000777827963854,0.017134175806616744,0.15852191038429736,16.3742582321167,15.365436681111653,14.708707491556803,15.365436681111653,nan,21.87368704477946,21.87368704477946,20.74953672091166,25.90551389058431,5.155977169672649,21.6488569800059
290,-1.171106552178005,-1.2236186940714997,-1.2236186940714997,1.8170288160162151,0.0289,0.0010008363905450646,0.016308225392592402,0.14031191057754014,13.949753599346808,0.9226396809021632,-1.1881007740894953,-1.1881007740894953,2.1107404569784802,0.001000790443504229,0.014389486921330293,0.12574585918337106,15.378857103983561,14.593405532836915,13.806309445699055,14.593405532836915,nan,17.316851488749187,17.316851488749187,17.290229670206706,20.21580581665039,2.925576146443685,17.31152712504069
291,-1.1483204769638349,-1.199906974468591,-1.199906974468591,1.7788449300909943,0.029,0.0010007566174949115,0.017202064640960604,0.15018222305291104,14.576692761115307,0.9246197551488876,-1.040531540910403,-1.040531540910403,1.965151298046112,0.001000592935209473,0.015226031575972835,0.1374031748001774,17.649653434753418,16.904724566141763,16.562558046976726,16.904724566141763,nan,19.605353101094565,19.605353101094565,20.444612328211466,24.572916412353514,4.128304084142048,19.773204946517943
292,-1.170690433034357,-1.2220342226748198,-1.2220342226748198,1.7643910781392511,0.0291,0.0010006485950588336,0.016381251924442796,0.16300035661683893,13.826642594247494,1.0691534598668417,-1.1441383461157482,-1.1441383461157482,2.213291803995768,0.0010006327376080057,0.016961300497253737,0.15354663866261642,16.24366029103597,15.964476585388184,15.212760416666667,15.964476585388184,nan,13.14887809753418,13.14887809753418,13.41292371749878,13.947351900736491,0.5344281832377114,13.201687221527099
293,-1.1687715818297189,-1.2235781179284149,-1.2235781179284149,1.8769361477977824,0.0292,0.0010006810419858907,0.017429278829609447,0.170764454060568,14.205257991574845,0.9154207269350688,-1.160154116153717,-1.160154116153717,2.075574843088786,0.0010006606540021797,0.018031879297147193,0.17434637664506833,16.63658250172933,15.16327527364095,14.814894866943359,15.16327527364095,nan,17.374111620585122,17.374111620585122,16.768990087509156,18.800474802652996,2.03148471514384,17.253087313969928
294,-1.1748104837705504,-1.230676366473144,-1.230676366473144,1.9066853905623813,0.0293,0.0010005331242386743,0.01646783838997472,0.15605023707140167,13.91893102537911,0.9721129228671391,-1.1464319825172424,-1.1464319825172424,2.1185449063777924,0.0010005551545570295,0.017221004065747062,0.15562390610575677,17.30037670135498,16.5191863377889,14.451227951049805,16.5191863377889,nan,13.71600710550944,13.71600710550944,14.263937600453694,15.324068641662597,1.0601310412089031,13.825593204498292
295,-1.161611188132808,-1.216135616572398,-1.216135616572398,1.8545725165673022,0.0294,0.0010005304620618809,0.01827387039040057,0.18885342355044382,14.503487497005823,0.856598961353302,-1.1836788475513458,-1.1836788475513458,2.040277810891469,0.0010003704810515046,0.015902204439044,0.16016956698149443,15.952136675516764,14.993079439798992,13.626861635843913,14.993079439798992,nan,15.383592287699381,15.383592287699381,15.238536643981934,17.679370816548666,2.4408341725667313,15.354581158955892
296,-1.177847274069516,-1.228868621700215,-1.228868621700215,1.7295372103745084,0.0295,0.001000606342886557,0.01704273086462943,0.15137850879779402,14.031462939280384,0.9754440853993098,-1.1876696447531383,-1.1876696447531383,2.1631137311458586,0.0010007748147472738,0.019090079671392837,0.16373438369482757,16.359326553344726,14.647662607828776,15.217007446289063,14.647662607828776,nan,15.703076680501303,15.703076680501303,16.180852699279786,18.370282681783042,2.189429982503256,15.798631884257
297,-1.1774176752792214,-1.2337100865705959,-1.2337100865705959,1.9017704185449853,0.0296,0.0010006395344323708,0.016906614837078553,0.15664421190630715,14.037167675090286,0.833766562740008,-1.1543310582637787,-1.1543310582637787,1.9880976180235546,0.0010006701146873336,0.01582026535955568,0.12707516752804318,16.566153907775877,16.157791964213054,15.557419840494791,16.157791964213054,nan,15.123111661275228,15.123111661275228,15.48965760866801,17.037935511271158,1.5482779026031483,15.196420850753784
298,-1.1514833873172976,-1.2048221590383998,-1.2048221590383998,1.7959180553004426,0.0297,0.0010007379976329656,0.018056592851314904,0.15940870105657937,14.493201201816774,0.6144494672616323,-1.1342342207829157,-1.1342342207829157,1.7486836860577266,0.0010006058728322387,0.01628294539016982,0.14197447517265877,16.084070205688477,15.340664418538411,15.129344431559245,15.340664418538411,nan,20.07662887573242,20.07662887573242,19.50049131711324,22.738958168029786,3.238466850916545,19.961401364008587
299,-1.145803562875064,-1.1992666653867037,-1.1992666653867037,1.7940640382046968,0.0298,0.0010007538103480947,0.0178770941840309,0.15675796441874415,14.64848149497554,0.8055479665597279,-1.1460452755292256,-1.1460452755292256,1.951593244075775,0.001000784783779333,0.017924123319486777,0.1289761360734701,17.142578633626304,16.293262990315757,15.257750765482585,16.293262990315757,nan,14.824405988057455,14.824405988057455,14.909363746643066,16.76535447438558,1.8559907277425118,14.841397539774578
300,-1.1374270792277354,-1.1917332590750929,-1.1917332590750929,1.816260184881822,0.0299,0.001000637860687555,0.017648731551642687,0.16118052278487188,14.483156042278937,0.723915159702301,-1.2316901077826818,-1.2316901077826818,1.955605266491572,0.001000525945952783,0.013413153386985262,0.11887075441579024,15.149712880452475,13.838314056396484,13.090418942769368,13.838314056396484,nan,14.118592961629231,14.118592961629231,14.670477549235025,16.98367404937744,2.313196500142416,14.228969879150391
301,-1.1679887636652533,-1.2227638959884644,-1.2227638959884644,1.8258379202968669,0.03,0.0010006862169764234,0.01724945086072076,0.16695100863306028,14.275157640565116,0.8502688149611155,-1.190675182143847,-1.190675182143847,2.040943996111552,0.00100061798778673,0.01581043906820317,0.14001565923293433,16.154629389444988,14.81422061920166,13.867128817240397,14.81422061920166,nan,15.833424377441407,15.833424377441407,14.625280396143596,16.465684509277345,1.840404113133749,15.591795581181845
302,-1.2092038325543673,-1.2622940776483067,-1.2622940776483067,1.763795663725655,0.0301,0.001000559644966896,0.015345278793489034,0.14422008430339256,13.391707312385991,0.8607634425163269,-1.2071713527043662,-1.2071713527043662,2.0679347932338716,0.0010005701585517575,0.013702505726056795,0.13229324836283923,14.829824701944988,13.75534331003825,13.769249725341798,13.75534331003825,nan,17.744136873881022,17.744136873881022,17.070693476994833,19.80791924794515,2.7372257709503174,17.609448194503784
303,-1.180770219496961,-1.2324815280032608,-1.2324815280032608,1.7122948698277742,0.0302,0.0010006691236927542,0.0158759872165491,0.14369156429508947,14.087178851073643,0.6933786670366923,-1.1970592796802522,-1.1970592796802522,1.8904379467169443,0.0010009043791797013,0.02010265182082852,0.1666987196231882,16.020360056559245,14.716530672709148,13.544768206278484,14.716530672709148,nan,15.7810759862264,15.7810759862264,15.01049394607544,17.025507736206055,2.015013790130615,15.626959578196207
304,-1.1742211512799532,-1.2276263675599728,-1.2276263675599728,1.762548416290643,0.0303,0.001000680543376871,0.016743819352309657,0.14561551992061003,14.121191006786418,0.7959341704845428,-1.220048013329506,-1.220048013329506,2.015982182820638,0.0010007916988494495,0.018219614401459694,0.16502181260536114,15.893775494893392,14.542213439941406,13.687477620442708,14.542213439941406,nan,18.421252250671387,18.421252250671387,17.883011118570963,21.968644841512045,4.085633722941083,18.3136040242513
305,-1.1423745998796426,-1.1949863096453108,-1.1949863096453108,1.7306483534147155,0.0304,0.001000774563026597,0.01850953028660338,0.16661511080444985,14.649211217772287,0.9333116114139557,-1.1547804117202758,-1.1547804117202758,2.0880920191605887,0.0010005607172691574,0.014715674845501781,0.12045661949863036,17.046819305419923,15.884313774108886,14.887272771199545,15.884313774108886,nan,13.39734369913737,13.39734369913737,13.522868776321411,14.55351734161377,1.030648565292358,13.422448714574177
306,-1.1669087983527273,-1.2210830382581026,-1.2210830382581026,1.7762047569706756,0.0305,0.001000620277580928,0.016622192858946772,0.14288199721079953,14.277529086706773,0.809378112355868,-1.214200605948766,-1.214200605948766,2.023578721284866,0.0010009565817502637,0.021652418980374934,0.17561055024464925,15.709324709574382,14.21221892038981,13.804929161071778,14.21221892038981,nan,15.477673848470053,15.477673848470053,15.458390736579897,17.727580070495605,2.2691893339157083,15.47381722609202
307,-1.1626914739608765,-1.2179324480722535,-1.2179324480722535,1.8052603366240016,0.0306,0.0010007230679170702,0.016837873847557687,0.15839768545526378,14.214926485745412,0.8216288268566132,-1.1805285483598709,-1.1805285483598709,2.0021573762098948,0.0010005604320516188,0.016853827952096858,0.12865521057198445,15.992575772603352,14.734508005777995,14.05749454498291,14.734508005777995,nan,15.33257687886556,15.33257687886556,14.293019930521647,16.315607325236,2.022587394714355,15.124665489196778
308,-1.1472356915473938,-1.201256369644741,-1.201256369644741,1.7596311726660099,0.0307,0.0010006487729765897,0.01818563813730231,0.17087687467629054,14.53293883125737,0.7630932211875916,-1.1977670292059581,-1.1977670292059581,1.9608602503935495,0.0010005940760796268,0.015934519423171877,0.14028301543245714,15.438410886128743,14.561836687723796,14.227716954549154,14.561836687723796,nan,14.318892542521159,14.318892542521159,14.497893142700196,16.096192423502604,1.598299280802408,14.354692662556968
309,-1.172532060236301,-1.2263180928410224,-1.2263180928410224,1.746299850490858,0.0308,0.001000578045177291,0.01605081965900817,0.1541484422138277,13.912033800808889,0.8268660893042882,-1.127948788801829,-1.127948788801829,1.954814879099528,0.0010008425277192145,0.01821641743493577,0.13724200620005528,17.186361503601074,15.76936575571696,15.01555544535319,15.76936575571696,nan,18.193767801920572,18.193767801920572,18.388076639175416,20.326503054300943,1.9384264151255266,18.23262956937154
310,-1.1936683857216026,-1.2441630487172108,-1.2441630487172108,1.6341314923088506,0.0309,0.001000810910965193,0.015699204707623652,0.1435856690524884,13.78577007437652,1.0279472808043162,-1.0560572395722072,-1.0560572395722072,2.084004521369934,0.0010008248694551487,0.015973946747059622,0.1458751264338692,16.762866338094074,16.739730453491212,16.54089838663737,16.739730453491212,nan,21.434617233276366,21.434617233276366,20.99864975611369,25.043237431844076,4.044587675730387,21.34742373784383
311,-1.1564686568278186,-1.2114135679209008,-1.2114135679209008,1.7724163037426066,0.031,0.0010008005851457984,0.016723331907447778,0.15393202020874563,14.23552063276183,0.7339867452780405,-1.1553052961826324,-1.1553052961826324,1.8892920394738515,0.0010004720767028629,0.012789026570195953,0.11149079874157905,15.409273846944172,14.49320011138916,13.803780364990235,14.49320011138916,nan,18.885280799865722,18.885280799865722,17.50209600130717,20.941214688618977,3.439118687311808,18.60864384015401
312,-1.161107895509252,-1.2127958412440318,-1.2127958412440318,1.6619915422403588,0.0311,0.001000746873752126,0.017054337516145886,0.14617032775620245,14.39854947575983,0.8557339986165364,-1.1825531552235284,-1.1825531552235284,2.038287154833476,0.0010005120246205478,0.012760721954206626,0.10865051628400882,15.449458567301432,14.548537317911784,14.155684979756673,14.548537317911784,nan,17.850896962483723,17.850896962483723,16.772978115081788,19.171820704142252,2.3988425890604645,17.635313193003338
313,-1.1666217401342571,-1.2198206332494628,-1.2198206332494628,1.7050926966487236,0.0312,0.0010005874506566884,0.016739261477201613,0.16298252273842972,14.13484011955981,0.8586236387491226,-1.1053479899962744,-1.1053479899962744,1.9639716307322184,0.0010006941117656728,0.01770071399708589,0.16337416830162207,17.96626707712809,16.374624824523927,15.402314949035645,16.374624824523927,nan,18.28576463063558,18.28576463063558,17.61765292485555,19.06576245625814,1.44810953140259,18.152142289479574
314,-1.191988726831832,-1.2463240038673833,-1.2463240038673833,1.735951248204933,0.0313,0.0010005984508063433,0.016933550812163443,0.16396205935556935,14.006125953962218,0.74589517613252,-1.1364681412776312,-1.1364681412776312,1.8823633193969727,0.0010005397819137821,0.01650762523834904,0.16282707502444585,17.214565785725913,16.260115814208984,15.157845052083333,16.260115814208984,nan,16.289706738789878,16.289706738789878,16.359999418258667,17.885520680745444,1.5255212624867767,16.303765274683638
315,-1.1687206311045952,-1.222446953350643,-1.222446953350643,1.7110297128839314,0.0314,0.0010006811627942436,0.01645483245264809,0.16283181464334703,14.266041485768444,0.6905008971691131,-1.1912974834442138,-1.1912974834442138,1.881798380613327,0.0010006507703413565,0.016215973890696962,0.13927975725382566,15.090915807088216,14.440446853637695,15.041531181335449,14.440446853637695,nan,18.829332542419433,18.829332542419433,17.96618248621623,20.836825879414878,2.870643393198648,18.656702531178794
316,-1.209378089544908,-1.26127982252049,-1.26127982252049,1.6476740117342967,0.0315,0.0010006759109256684,0.01564300248293944,0.14673132308811512,13.408877750612655,0.9532572428385416,-1.1927597175041835,-1.1927597175041835,2.146016961336136,0.0010009531630203127,0.01901802799353997,0.17215168625116348,17.05575091044108,15.398146375020344,15.234552319844564,15.398146375020344,nan,16.74959150950114,16.74959150950114,16.759236685434978,18.434773699442545,1.675537014007567,16.751520544687907
317,-1.2000120911958083,-1.2541284381218676,-1.2541284381218676,1.7125424641483236,0.0316,0.0010006496801374938,0.01471317524336419,0.1452109209912003,13.369348921865788,0.8792574167251587,-1.0718545784552893,-1.0718545784552893,1.9511119941870372,0.0010008585018416245,0.02009040185560783,0.170514635865887,18.942412503560384,17.076139195760092,16.396665636698405,17.076139195760092,nan,21.538800303141276,21.538800303141276,21.673052660624183,24.21902542114258,2.5459727605183957,21.565650774637856
318,-1.1886331697679915,-1.2456271940807127,-1.2456271940807127,1.7979188550193355,0.0317,0.0010008163912713808,0.016408336752990506,0.1354197585638964,13.526281446780798,0.8672868947188059,-1.1263180181384087,-1.1263180181384087,1.9936049083868663,0.0010006441230264802,0.01675048526376486,0.14275474598010382,16.484469350179037,15.1891263961792,15.650090535481771,15.1891263961792,nan,20.303368441263835,20.303368441263835,19.359295066197713,23.296575419108073,3.93728035291036,20.11455376625061
319,-1.160537859178939,-1.2189516391394273,-1.2189516391394273,1.8369113859140649,0.0318,0.00100063354233807,0.016905780231474706,0.16205645057390322,14.247587797776708,0.7147027134895325,-1.2092947622140249,-1.2092947622140249,1.9239974757035574,0.0010007254934559266,0.01741337388133009,0.13963407066961128,16.507342910766603,15.418632698059081,13.67787634531657,15.418632698059081,nan,16.233059438069663,16.233059438069663,15.089085372289022,17.951137479146322,2.8620521068573,16.004264624913535
320,-1.1977698814194158,-1.254805510898806,-1.254805510898806,1.7879504775101285,0.0319,0.001000580874289263,0.015648084393930884,0.15094734025451373,13.671331189713388,0.7721090575059255,-1.0768771717945735,-1.0768771717945735,1.8489862302939097,0.0010006104848192384,0.018210625012094774,0.1600655900935332,17.273883819580078,16.698397000630695,16.82331116994222,16.698397000630695,nan,21.80383930206299,21.80383930206299,20.687326780954997,24.115201314290363,3.427874533335366,21.58053679784139
321,-1.1910481824065156,-1.2471745194129225,-1.2471745194129225,1.7539479552574877,0.032,0.0010006039904184498,0.016406860923007974,0.1581828034711334,13.639581248445332,0.8452497273683548,-1.0865297218163807,-1.0865297218163807,1.9317794481913249,0.0010011373145971448,0.022646957154696185,0.19727332902451356,17.86975294748942,17.412585576375324,16.17275727589925,17.412585576375324,nan,20.953106435139976,20.953106435139976,20.722281169891357,22.3979190826416,1.6756379127502434,20.906941382090253
322,-1.1736758238864395,-1.225894109258112,-1.225894109258112,1.6267380984324329,0.0321,0.0010008342072086514,0.017197735203465202,0.15513460844192864,14.008567396199927,0.7198340594768524,-1.1717044204473495,-1.1717044204473495,1.8915384789307912,0.0010008095065131783,0.01901821067246298,0.15315998829901217,16.601474062601724,15.68605302174886,15.165383338928223,15.68605302174886,nan,16.67412338256836,16.67412338256836,16.927166986465455,18.902485911051432,1.9753189245859772,16.72473210334778
323,-1.2387730265563388,-1.291171449535298,-1.291171449535298,1.6272800407319699,0.0322,0.0010006049766539122,0.013444819733641058,0.12314429548832606,12.570350907883554,0.6373474558194479,-1.2056008676687877,-1.2056008676687877,1.842948321501414,0.0010010407442071787,0.01453525695639352,0.12683743213613827,15.559521230061849,14.166258303324382,13.896824137369792,14.166258303324382,nan,16.08448905944824,16.08448905944824,15.594065793355306,17.185617637634277,1.5915518442789711,15.986404406229653
324,-1.1772686569195874,-1.2397884265431818,-1.2397884265431818,1.9355965807752789,0.0323,0.0010009518943129565,0.016698641210513294,0.15597573421754926,13.842773995309505,0.649472517768542,-1.2065486977497737,-1.2065486977497737,1.8560212155183156,0.0010005172885333498,0.014329052103372911,0.13616943017890057,15.776008224487304,14.248670641581217,13.433694394429525,14.248670641581217,nan,16.265606625874838,16.265606625874838,15.825666824976604,18.39173304239909,2.5660662174224846,16.177618665695192
325,-1.1689416991089874,-1.2253446129133116,-1.2253446129133116,1.7408305024201016,0.0324,0.0010007705455997362,0.016772257972438382,0.15439577562347898,14.200095158702922,1.0154911230007808,-1.1750212798515955,-1.1750212798515955,2.1905124028523764,0.0010007161065004766,0.017139866513510547,0.15306716368844112,16.339870516459147,14.745738220214843,13.753351402282714,14.745738220214843,nan,16.828757095336915,16.828757095336915,16.18977967898051,18.391150156656902,2.2013704776763916,16.700961612065633
326,-1.158230353076503,-1.2159773235051137,-1.2159773235051137,1.7768299827035867,0.0325,0.0010006454803998459,0.017118438164580543,0.16495006552563524,14.222488241375617,0.7342523475488026,-1.136959304412206,-1.136959304412206,1.8712116519610087,0.0010010023038679113,0.017524534929543735,0.15406597120066484,16.30053005218506,15.46114927927653,15.183560689290365,15.46114927927653,nan,16.900863393147787,16.900863393147787,17.04135996500651,19.402941195170083,2.361581230163573,16.92896270751953
327,-1.1775159183538184,-1.2305074469098505,-1.2305074469098505,1.6255068486591555,0.0326,0.0010007249085970645,0.016731775840217213,0.14886926444915105,13.984140702013699,0.7029584467411041,-1.1785390317440032,-1.1785390317440032,1.8814974784851075,0.0010007803599971037,0.015583505062386394,0.15657415079573792,15.929351043701171,14.899278322855631,13.989571952819825,14.899278322855631,nan,18.29435640970866,18.29435640970866,16.681053924560544,19.76204973856608,3.0809958140055365,17.971695912679035
328,-1.1914890565962162,-1.2477536100261617,-1.2477536100261617,1.7206284999847412,0.0327,0.0010007484925840541,0.015416007471393864,0.1442675675564217,13.749089744855773,0.665042245388031,-1.1141770134369533,-1.1141770134369533,1.7792192578315735,0.0010013364139012993,0.0215562512477239,0.18030816577374936,17.65932960510254,16.383721605936685,16.305272102355957,16.383721605936685,nan,18.933725547790527,18.933725547790527,19.00593007405599,21.564267857869467,2.558337783813478,18.94816645304362
329,-1.220218319937868,-1.2774552939073094,-1.2774552939073094,1.745029721619948,0.0328,0.001000663715871578,0.015135059256176904,0.14510805328499596,13.184416824916624,0.558433457215627,-1.2049090206623077,-1.2049090206623077,1.7633424778779347,0.001000709478588154,0.013732496191126604,0.12740687889357408,15.148985226949057,14.697439384460449,13.84525661468506,14.697439384460449,nan,14.723985163370768,14.723985163370768,14.255686569213866,16.480700556437174,2.225013987223308,14.630325444539388
330,-1.1897481623685584,-1.2425294181085982,-1.2425294181085982,1.6042933554019567,0.0329,0.0010007464542176644,0.016523279276026308,0.15108732035699882,13.918417660695201,0.5891708066066106,-1.2063901742299399,-1.2063901742299399,1.7955609818299612,0.0010007236967794597,0.013985536457039417,0.11489585010955732,15.9962984085083,14.651078859965006,13.278066507975261,14.651078859965006,nan,18.17538204193115,18.17538204193115,17.266469113032024,22.38481248219808,5.118343369166055,17.993599456151326
331,-1.1945208648465715,-1.2516199170418505,-1.2516199170418505,1.730274371381076,0.033,0.001000822844633938,0.015270313529192277,0.1459898179713285,13.582323308260936,0.8152175148328146,-1.0893020401398341,-1.0893020401398341,1.9045195549726486,0.0010011055526168396,0.017787775319690505,0.15520016091565292,17.987386830647786,16.88494478861491,16.18993180592855,16.88494478861491,nan,20.296107037862143,20.296107037862143,18.207312424977623,20.98397699991862,2.776664574940998,19.87834811528524
332,-1.2408905265466221,-1.2939730477782916,-1.2939730477782916,1.6037016094855543,0.0331,0.0010006492847647026,0.014506889788328477,0.13875574766183799,12.921772327063218,0.5951896369457245,-1.1968741337458293,-1.1968741337458293,1.7920637706915536,0.0010007850786981484,0.016043710988014936,0.15684548125912745,15.43133773803711,14.600394439697265,14.018952306111654,14.600394439697265,nan,18.698040008544922,18.698040008544922,18.058681376775105,21.49325803120931,3.4345766544342062,18.57016828219096
333,-1.2030531606584225,-1.2574252508721262,-1.2574252508721262,1.6377132141365196,0.0332,0.0010008379544641048,0.015378890488788767,0.14933834144107574,13.491616653946211,0.6658048917849858,-1.2098989854256312,-1.2098989854256312,1.8757038772106172,0.0010009568669678023,0.01580723773998519,0.15935095828026533,15.54093074798584,14.413423983256022,13.315984153747559,14.413423983256022,nan,18.305399576822918,18.305399576822918,17.67658766110738,20.036112149556477,2.3595244884490967,18.17963719367981
334,-1.185359166478211,-1.241011972697276,-1.241011972697276,1.671255348988299,0.0333,0.0010006485115912444,0.01622295653763807,0.16890599065512982,13.790950658186427,0.5947877685228984,-1.248055668671926,-1.248055668671926,1.8428434371948241,0.001000718520178149,0.017388119781389832,0.18338952201108139,15.01757100423177,13.85707492828369,12.457774353027343,13.85707492828369,nan,13.664306831359863,13.664306831359863,14.060631577173867,16.67075392405192,2.610122346878052,13.743571780522663
335,-1.1501251065506126,-1.2069551135009189,-1.2069551135009189,1.7014972398865897,0.0334,0.0010007673826174072,0.017748412201708218,0.18493972437561684,14.339849544021318,0.6101099332173665,-1.210040920972824,-1.210040920972824,1.8201508541901907,0.0010007743452054758,0.016752583642179766,0.13770523288597664,15.798312950134278,14.32190138498942,13.844648551940917,14.32190138498942,nan,15.714805094401042,15.714805094401042,16.284179496765137,19.39679012298584,3.112610626220704,15.828679974873861
336,-1.2065014760449249,-1.2598641143654876,-1.2598641143654876,1.592914324886394,0.0335,0.0010005709548252372,0.015363076455750555,0.14128391079182895,13.47750913871909,0.7058431367079417,-1.2445618708928425,-1.2445618708928425,1.9504050076007844,0.001000634035638844,0.015891608223319052,0.14312060102820395,15.371664110819498,13.642922846476237,12.352446937561036,13.642922846476237,nan,15.427510070800782,15.427510070800782,15.24496768315633,18.3504238764445,3.105456193288168,15.391001593271891
337,-1.1961126844837981,-1.252853515013209,-1.252853515013209,1.6887152082515213,0.0336,0.0010006103559203868,0.01584453911538113,0.1530202491525209,13.677569497306392,0.434651380777359,-1.1643280218044916,-1.1643280218044916,1.5989794025818507,0.0010009058751165867,0.018273043973992268,0.19923551386843125,17.638182004292805,15.565887387593587,15.013174629211425,15.565887387593587,nan,18.429135831197105,18.429135831197105,17.355414088567098,19.53596986134847,2.1805557727813714,18.214391482671104
338,-1.1481037454785041,-1.2068074143157814,-1.2068074143157814,1.7419488182607687,0.0337,0.001000780278359944,0.017364819850421178,0.19077871058065937,14.312788081618974,1.1567404180765153,-1.0027949954072635,-1.0027949954072635,2.1595354080200195,0.001000529647960017,0.0134604790325587,0.11425376869738102,18.296209081014,17.545548248291016,17.48009141286214,17.545548248291016,nan,16.040339215596518,16.040339215596518,16.62152419090271,17.172886721293132,0.5513625303904206,16.156576210657757
339,-1.2052014593808156,-1.2622737682090615,-1.2622737682090615,1.6885298625478204,0.0338,0.0010006283563649598,0.015410407007021724,0.14873848665716513,13.611354737911585,0.5683731188376745,-1.1755223035812379,-1.1755223035812379,1.743895423412323,0.00100075068573157,0.01641886861373981,0.1550952153901259,14.981128438313801,15.350719197591145,14.787245305379232,15.350719197591145,nan,15.540904299418132,15.540904299418132,15.32665130297343,16.347947057088216,1.021295754114787,15.49805370012919
340,-1.2117644053585124,-1.2716795161085308,-1.2716795161085308,1.7674074487866096,0.0339,0.0010006547321231578,0.015371926814177126,0.15985595315413656,13.184303661562362,0.6791836460431416,-1.152836952606837,-1.152836952606837,1.8320206006368,0.0010005862374479573,0.01215669932619979,0.09845855385065079,15.098769251505534,14.019692675272625,14.565353711446127,14.019692675272625,nan,19.68656234741211,19.68656234741211,18.929537057876587,21.156524658203125,2.226987600326538,19.535157289505005
341,-1.12270121866802,-1.1789672149802155,-1.1789672149802155,1.6548821723686074,0.034,0.001000769919592817,0.016760726336319493,0.16159285808790405,14.828409374884838,0.9511220127344131,-1.0500793170183897,-1.0500793170183897,2.0012013296286266,0.0010007457089765619,0.01933325088272492,0.17342873805512984,16.89202251434326,16.075062815348307,15.78433526357015,16.075062815348307,nan,23.782954279581705,23.782954279581705,23.85142092704773,28.343931833902996,4.492510906855266,23.79664760907491
342,-1.1914348973418183,-1.2501633774559453,-1.2501633774559453,1.7222428749192435,0.0341,0.0010007301692517017,0.016166265105020325,0.15023234753676182,13.65758640361282,0.6464931905269623,-1.2205761114756266,-1.2205761114756266,1.8670693020025888,0.0010007178857146452,0.016359653603285552,0.15262052547186614,15.731326357523601,14.288757514953613,13.731893603006998,14.288757514953613,nan,15.55050220489502,15.55050220489502,15.608292531967162,17.94727109273275,2.338978560765586,15.562060270309448
343,-1.2112996319554887,-1.2648626610917866,-1.2648626610917866,1.5661702246036169,0.0342,0.0010006185379406473,0.015360328166763176,0.15712041400794713,13.224688673919102,0.5494244118531545,-1.223337326447169,-1.223337326447169,1.7727617383003236,0.0010006643986950317,0.014855240269874533,0.139346848304073,15.456544113159179,14.317229588826498,13.536816469828288,14.317229588826498,nan,14.40028419494629,14.40028419494629,15.50301604270935,17.999842834472656,2.496826791763306,14.620830564498903
344,-1.22407573349071,-1.2797618632046681,-1.2797618632046681,1.623502233118381,0.0343,0.0010006970479943841,0.014433136701865017,0.13536307032940523,13.12160225634305,0.532725382844607,-1.1714858621358872,-1.1714858621358872,1.704211245973905,0.0010006460031339278,0.014495596010237932,0.11863787981371085,16.00146115620931,14.764313125610352,13.4879851659139,14.764313125610352,nan,16.130185317993163,16.130185317993163,15.494700002670289,18.0387664159139,2.5440664132436126,16.00308825492859
345,-1.1946778882224605,-1.2522562910925668,-1.2522562910925668,1.6737908192400663,0.0344,0.0010006625758800303,0.015355186326042661,0.15463733701211102,13.575839546491515,0.8394608457883199,-1.1787972142299017,-1.1787972142299017,2.0182580590248107,0.0010007572806595515,0.01619166585927208,0.14024146571755408,16.770173454284667,14.880124600728353,13.95934632619222,14.880124600728353,nan,14.728265635172527,14.728265635172527,15.285629669825237,16.664140637715658,1.3785109678904206,14.83973844210307
346,-1.2366681874922987,-1.2931135341806232,-1.2931135341806232,1.6360971916396663,0.0345,0.0010007022954699285,0.014925752186550284,0.15519136851126292,12.986753067880306,0.5840632905562718,-1.1905767738819122,-1.1905767738819122,1.7746400654315948,0.001000798507205521,0.016558883246034384,0.16923907032857338,16.35920639038086,15.057938766479491,14.546274503072103,15.057938766479491,nan,18.400726509094238,18.400726509094238,17.898409557342532,21.311571057637533,3.4131615002950006,18.300263118743896
347,-1.2522078864979294,-1.3073122298942421,-1.3073122298942421,1.5926109811045088,0.0346,0.0010006741185690153,0.013114047851764931,0.13347462961836806,12.695422208534097,0.720258762439092,-1.251799601316452,-1.251799601316452,1.972058363755544,0.0010008778054422388,0.014501481456682086,0.13851994052529334,14.613809458414714,13.2183469136556,12.915713882446289,13.2183469136556,nan,14.798574129740397,14.798574129740397,15.21723486582438,17.22627156575521,2.009036699930828,14.882306276957195
348,-1.1935102039912961,-1.249430795885482,-1.249430795885482,1.6115442109557818,0.0347,0.0010010033542782349,0.01615383182564434,0.1508948253291958,13.586708176810786,0.9011228114366532,-1.0245286564032237,-1.0245286564032237,1.9256514628728232,0.0010010423138737679,0.015932189859449865,0.14207396221657595,18.031826210021972,17.522390683492024,17.634297180175782,17.522390683492024,nan,17.26492951711019,17.26492951711019,17.561018578211467,18.289204343159994,0.7281857649485275,17.324147329330444
349,-1.1836971854263882,-1.2416044181247927,-1.2416044181247927,1.6640010307419975,0.0348,0.0010007672508264768,0.016144428296752694,0.15352506092134513,13.897437653451595,0.6096826603015264,-1.1688377171754838,-1.1688377171754838,1.7785203774770102,0.001000884813644613,0.01854069953163465,0.15890263337641955,16.802638626098634,15.353276125590007,14.89778601328532,15.353276125590007,nan,17.91627089182536,17.91627089182536,17.148440821965536,19.985105832417805,2.8366650104522684,17.762704877853395
350,-1.2519134879112244,-1.3054101129747786,-1.3054101129747786,1.5328546908666503,0.0349,0.0010006421329102145,0.0138416902496005,0.1289590611913294,12.67459763221021,0.5197640120983124,-1.2139859090248744,-1.2139859090248744,1.733749920129776,0.0010005637052624176,0.012335188935200374,0.1140238414828976,15.356171607971191,13.878790537516275,12.851428413391114,13.878790537516275,nan,14.98229726155599,14.98229726155599,14.643139219284057,17.247449111938476,2.6043098926544186,14.914465653101603
351,-1.1640086511396013,-1.2225917465281937,-1.2225917465281937,1.6738025129966017,0.035,0.0010008142562583089,0.01737099539769708,0.17639849229522472,14.402633127176538,0.5409643054008484,-1.2077963411808015,-1.2077963411808015,1.7487606465816499,0.0010011971734153727,0.021578107044721642,0.20584083491315444,16.20084393819173,14.58479601542155,13.842241668701172,14.58479601542155,nan,17.668249956766765,17.668249956766765,16.748408842086793,19.15488204956055,2.4064732074737556,17.48428173383077
352,-1.185340383142795,-1.2446742440169711,-1.2446742440169711,1.6904233401676394,0.0351,0.0010006170530961651,0.015761490480728307,0.15671727511118044,13.614981903220123,0.7004035453001658,-1.095510545372963,-1.095510545372963,1.795914089679718,0.0010008158123431107,0.01793192996022602,0.1681909967213869,17.53851750691732,16.897523562113445,16.00677356719971,16.897523562113445,nan,18.748742612202964,18.748742612202964,18.824533430735272,21.634095827738445,2.809562397003173,18.763900775909427
353,-1.2094499423818768,-1.2666252761516932,-1.2666252761516932,1.6242990831159196,0.0352,0.0010008034581880806,0.015068235297529202,0.13994356069081235,13.101678488389501,0.4943161825338999,-1.24304256439209,-1.24304256439209,1.7373587469259897,0.0010007240402046592,0.01231683986261487,0.11962494701147079,14.646482721964519,13.365703455607097,12.409952799479166,13.365703455607097,nan,14.869650840759277,14.869650840759277,15.04547452131907,17.886641883850096,2.841167362531026,14.904815576871236
354,-1.2261398592085209,-1.2844389778263163,-1.2844389778263163,1.6515328501755338,0.0353,0.0010008156137048918,0.013646762818098068,0.13849350848709638,12.763655698524332,0.5868342489004135,-1.2114042649666468,-1.2114042649666468,1.7982385138670602,0.0010005522946206233,0.012304233379351597,0.12385709422330062,15.51085770924886,13.400138982137044,13.001145871480306,13.400138982137044,nan,15.008426411946614,15.008426411946614,14.842351563771565,16.954041798909504,2.1116902351379387,14.975211442311604
355,-1.1850183066332116,-1.2445145957874801,-1.2445145957874801,1.680686278163262,0.0354,0.0010008232246311206,0.015233943572724765,0.14185608621194679,13.555222412325302,0.5101076205571492,-1.1715996901194254,-1.1715996901194254,1.6817073106765748,0.001000732082563142,0.0195033954611669,0.18325712320705254,17.308129755655923,15.825953229268391,14.658030954996745,15.825953229268391,nan,14.881569226582846,14.881569226582846,15.01579475402832,16.553299776713054,1.5375050226847335,14.908414332071942
356,-1.2120895610665374,-1.2675947805620589,-1.2675947805620589,1.5635272208249793,0.0355,0.0010006881103727897,0.014663939241249606,0.13920633122324944,13.22512801188343,0.7833322525024414,-1.2233691275119782,-1.2233691275119782,2.0067013800144196,0.001001148814490686,0.018061219652493795,0.166740199799339,16.04812749226888,14.43720728556315,13.580950609842937,14.43720728556315,nan,16.78093916575114,16.78093916575114,16.20049223899841,18.45826810201009,2.2577758630116804,16.664849780400594
357,-1.2339705015128513,-1.2903855611693185,-1.2903855611693185,1.584692527663033,0.0356,0.0010007543594769712,0.014529692870125456,0.153417437917219,12.551375730982366,0.7071275055408478,-1.2274085094531377,-1.2274085094531377,1.9345360159873963,0.001000522868707776,0.01602964298799634,0.17584517318755388,15.197951253255209,13.6256560643514,13.265875307718913,13.6256560643514,nan,16.69692783355713,16.69692783355713,16.584828837712607,19.28020731608073,2.6953784783681236,16.674508034388225
358,-1.1918901025124315,-1.2536998087505125,-1.2536998087505125,1.731364425623192,0.0357,0.0010005797672454479,0.01515139453113079,0.1523517500960602,13.475148866761405,0.6912381927172343,-1.1360263248284659,-1.1360263248284659,1.8272645155588785,0.0010005024339382847,0.012839052127674222,0.10871987057228884,14.839267794291178,14.57334664662679,14.055815060933432,14.57334664662679,nan,16.540086046854654,16.540086046854654,16.241769138971964,17.744447644551595,1.502678505579631,16.480422665278116
359,-1.1777410788356133,-1.2377072055384797,-1.2377072055384797,1.6750315315318558,0.0358,0.0010007627238080186,0.015971839058933394,0.15763551130328537,13.689751337159354,0.7262437462806701,-1.232928893963496,-1.232928893963496,1.959172640244166,0.0010007669567130505,0.0167924287263304,0.17360877705117067,15.324567413330078,13.457610003153484,12.771045684814453,13.457610003153484,nan,17.152442359924315,17.152442359924315,16.95924226442973,20.94199956258138,3.9827572981516504,17.113802340825398
360,-1.2010247673628465,-1.2599347020095248,-1.2599347020095248,1.6409454401933923,0.0359,0.0010006883673651038,0.014719800540369074,0.13214077547473727,13.30667227619099,0.6017151971658071,-1.2068379729986192,-1.2068379729986192,1.8085531711578369,0.0010007361881434918,0.016306694534917673,0.17045180530597767,14.778408241271972,13.502652422587078,13.930348841349284,13.502652422587078,nan,17.52152182261149,17.52152182261149,16.746107403437296,19.84017874399821,3.0940713405609124,17.36643893877665
361,-1.173925835006642,-1.2310865004107636,-1.2310865004107636,1.5877961988719005,0.036,0.0010009403428379094,0.016596529334080668,0.177451028998168,14.131490896332938,0.6709016541639964,-1.1782809376716614,-1.1782809376716614,1.8491825918356577,0.0010009264049585908,0.018766445744161805,0.16868231389671565,15.28644510904948,14.901697031656902,14.633056831359863,14.901697031656902,nan,15.936957550048827,15.936957550048827,16.055458084742227,18.183218256632486,2.127760171890259,15.960657656987507
362,-1.2481560842046198,-1.3073589711819056,-1.3073589711819056,1.6399690025257614,0.0361,0.001000513261148952,0.014106257590201666,0.14772367097859113,12.427353697003058,0.4669547249873479,-1.1976900339126586,-1.1976900339126586,1.664644757906596,0.0010004922728209446,0.01209963623744746,0.11989089126388232,15.487012672424317,14.499034118652343,13.971617571512859,14.499034118652343,nan,13.78984915415446,13.78984915415446,14.20325665473938,15.830806922912597,1.6275502681732164,13.872530654271443
363,-1.2271555617170513,-1.2838164635424345,-1.2838164635424345,1.5652181708587791,0.0362,0.0010005594055467056,0.014543976406303217,0.15790100458939121,13.158231123438421,0.5754248370726903,-1.2086202174425125,-1.2086202174425125,1.784045053521792,0.0010010166850406676,0.018686934436360995,0.1875112804894646,14.80131581624349,13.908457628885905,13.530749575297039,13.908457628885905,nan,19.485349527994792,19.485349527994792,18.446040566762285,24.11699504852295,5.670954481760663,19.27748773574829
364,-1.2036674191366952,-1.261625348397021,-1.261625348397021,1.5966371646467246,0.0363,0.0010006484171410776,0.015798337775159557,0.1771692507812437,13.245718722073537,0.46239469945430756,-1.1911389738321305,-1.1911389738321305,1.653533673286438,0.0010007079651889702,0.016140715653697648,0.14569726443539063,15.443991978963217,15.244277064005534,14.013598251342774,15.244277064005534,nan,15.722208277384441,15.722208277384441,15.644416332244873,18.099578221638996,2.455161889394123,15.706649888356527
365,-1.2444441869573772,-1.3000850227643859,-1.3000850227643859,1.5285941902196631,0.0364,0.0010006200908771101,0.013319648898927108,0.13936645664134115,12.63548158249765,0.6356099168459575,-1.218413417538007,-1.218413417538007,1.8540233353773752,0.001001248328248039,0.019048057481025657,0.17789785837133726,15.943683942159018,14.24715487162272,14.180395126342773,14.24715487162272,nan,15.193666140238443,15.193666140238443,14.800451962153117,16.121365292867026,1.3209133307139087,15.115023304621378
366,-1.2338908933243662,-1.2949735488531724,-1.2949735488531724,1.6734974879138875,0.0365,0.001000745692026784,0.013658449115266777,0.13605075399830657,12.753051379941544,0.5010560154914856,-1.2433728297551474,-1.2433728297551474,1.744428845246633,0.0010011419285243998,0.016749868014206488,0.16543017781029146,15.58164710998535,14.00110969543457,13.258387565612793,14.00110969543457,nan,13.907421429951986,13.907421429951986,13.799973185857136,14.827748425801595,1.027775239944459,13.885931781133017
367,-1.2190678322090294,-1.2781899324003256,-1.2781899324003256,1.6153578240916413,0.0366,0.0010006802007204519,0.0155105613839795,0.1492401290474073,13.447327865744537,0.7805809030930201,-1.17520865102609,-1.17520865102609,1.9557895561059315,0.0010008231193448106,0.016046370767677825,0.1404139632359147,15.968708928426107,15.20225035349528,15.027581723531087,15.20225035349528,nan,13.961592102050782,13.961592102050782,13.712260818481447,13.965665944417317,0.2534051259358705,13.911725845336914
368,-1.2204911720077947,-1.2809291099602322,-1.2809291099602322,1.646810179611422,0.0367,0.0010006798646535794,0.014517065928370322,0.13883329963065544,12.84782600402832,0.48265722692012786,-1.1600823899110158,-1.1600823899110158,1.642739615837733,0.0010009628934009621,0.017639031726866962,0.16532796677201986,16.36761582692464,15.414206377665202,15.073690795898438,15.414206377665202,nan,18.814258321126303,18.814258321126303,17.740648110707603,19.84655901590983,2.105910905202226,18.599536279042564
369,-1.1762738149121124,-1.2343985449593022,-1.2343985449593022,1.579476535320282,0.0368,0.0010007223782112014,0.01612274428688974,0.16173337069603633,14.177965865944916,0.4707069545984268,-1.1950671563545863,-1.1950671563545863,1.665774110953013,0.0010006402910221369,0.013553589178870121,0.1261490014071266,15.579966672261556,14.220748774210612,13.842870966593425,14.220748774210612,nan,18.43847745259603,18.43847745259603,18.377566560109454,21.102559153238932,2.7249925931294783,18.426295274098713
370,-1.1849238760066483,-1.247887187408951,-1.247887187408951,1.7063226486152072,0.0369,0.0010009101121949981,0.016697179192220264,0.16954225154136712,13.780734781949025,0.6247316231330236,-1.226148291428884,-1.226148291428884,1.8508799155553182,0.001000551697021971,0.013352435571141541,0.14717894215136768,14.645101420084636,14.045300801595053,13.136627705891927,14.045300801595053,nan,14.696469942728678,14.696469942728678,15.207790422439576,16.36101468404134,1.153224261601764,14.798734038670858
371,-1.2525950152918977,-1.3097922622032885,-1.3097922622032885,1.5458714377205327,0.037,0.0010006589274677746,0.013288180335020681,0.1291543201033799,12.486576188285396,0.6365908364454905,-1.1907134195168814,-1.1907134195168814,1.8273042559623718,0.0010007403014848629,0.01378283864663293,0.13587882003436486,15.467814763387045,14.642449887593587,13.62618808746338,14.642449887593587,nan,15.646444384256998,15.646444384256998,15.357704734802246,18.04494743347168,2.6872426986694347,15.588696454366048
372,-1.2244016067037042,-1.2835291736530807,-1.2835291736530807,1.5937351280788206,0.0371,0.001000688450832693,0.015049433836467424,0.17322867138768142,13.004779221876612,0.5619560688734054,-1.215507643421491,-1.215507643421491,1.7774637122948964,0.0010006367228925228,0.01249283222326388,0.13626748624568183,14.539364878336588,13.836216735839844,13.6178529103597,13.836216735839844,nan,17.074917157491047,17.074917157491047,16.874323002497356,18.943187459309897,2.068864456812541,17.034798326492307
373,-1.2347422545810915,-1.293628990650177,-1.293628990650177,1.5829766201523114,0.0372,0.0010007063348619442,0.014902931875285675,0.1679552860276879,12.955023171766749,0.49643043875694276,-1.2677176078160604,-1.2677176078160604,1.764148046573003,0.001000715559348464,0.013741659155736366,0.13562349416315556,14.424741999308269,13.249404207865398,12.133104515075683,13.249404207865398,nan,14.577657572428386,14.577657572428386,13.841287438074747,16.40836499532064,2.5670775572458915,14.430383545557659
374,-1.208010803978398,-1.268051804236646,-1.268051804236646,1.609678270681849,0.0373,0.0010007168056513623,0.015243686067889322,0.15877534449100494,13.365536752736793,0.6804833739995957,-1.1168091317017874,-1.1168091317017874,1.7972925066947938,0.0010006247515169282,0.013881448741691808,0.13604211223622162,15.412407366434733,15.429944038391113,14.401583925882976,15.429944038391113,nan,17.44118315378825,17.44118315378825,17.839574257532753,20.368822479248045,2.5292482217152923,17.520861374537148
375,-1.2310718815281707,-1.2921810105161846,-1.2921810105161846,1.633933665617457,0.0374,0.0010007194238978456,0.014610612360795713,0.14518994423297216,12.962912856407886,0.693200628956159,-1.2025382041931152,-1.2025382041931152,1.8957388321558635,0.0010005487187299878,0.013381920545361936,0.12289602669576803,15.932469940185547,14.01482276916504,13.086289087931315,14.01482276916504,nan,16.562893422444663,16.562893422444663,15.604658929506938,19.062768427530923,3.458109498023985,16.371246523857117
376,-1.2319970085935772,-1.2926905200166523,-1.2926905200166523,1.6184933140592754,0.0375,0.0010006559841369963,0.013471291400492191,0.13988052512396057,12.839384996666098,0.6248024026552836,-1.1899022966623307,-1.1899022966623307,1.814704700311025,0.0010007660835981368,0.01494551634726425,0.14053029095133146,15.653605397542318,14.115030288696289,13.076681200663248,14.115030288696289,nan,17.578334108988443,17.578334108988443,17.330391867955523,20.86058832804362,3.5301964600880957,17.52874566078186
377,-1.2117397335340392,-1.276523711546412,-1.276523711546412,1.7229782050510623,0.0376,0.0010007337693406163,0.015246118137718371,0.1700345499195018,13.212430396169987,0.6497748553752899,-1.2820597896973291,-1.2820597896973291,1.9318346460660298,0.001000753464177251,0.015515805035829545,0.16247040623178086,13.641957155863444,12.905206298828125,12.55173994700114,12.905206298828125,nan,14.61166852315267,14.61166852315267,14.240871818860372,15.794680786132812,1.55380896727244,14.53750918229421
378,-1.2087616346917063,-1.2707799043295518,-1.2707799043295518,1.6450471630636252,0.0377,0.0010007963282987475,0.015440376949900726,0.15838422260756763,13.174545405045995,0.6172280460596085,-1.1670171270767848,-1.1670171270767848,1.7842451731363933,0.0010011328461890419,0.018258136107275884,0.17522008505960304,16.151443417867025,15.32205187479655,14.87707691192627,15.32205187479655,nan,19.796457735697427,19.796457735697427,19.15804408391317,20.92150986989339,1.7634657859802232,19.668775005340574
379,-1.2264466319444045,-1.2929576646606877,-1.2929576646606877,1.759551077518823,0.0378,0.0010006603024864816,0.014797004818354012,0.16486045640875707,12.752240055012253,0.6339182545741399,-1.1714729865392048,-1.1714729865392048,1.8053912401199341,0.0010005195896762113,0.01363117277311782,0.12960000690072776,15.338996187845867,14.493070220947265,14.033878644307455,14.493070220947265,nan,14.471171633402507,14.471171633402507,14.730125490824383,14.912704531351725,0.18257904052734197,14.522962404886883
380,-1.2367095261249903,-1.296928586824885,-1.296928586824885,1.5888935709899326,0.0379,0.001000638528428269,0.014170813057923093,0.14256881275829278,12.736018072884038,0.4154556671778361,-1.2463301877180735,-1.2463301877180735,1.6617858548959097,0.0010008392254045853,0.013804685107121866,0.12902053700139124,14.630392074584961,13.025911204020183,13.323016993204753,13.025911204020183,nan,16.409896341959634,16.409896341959634,16.369272645314535,18.52720069885254,2.1579280535380043,16.401771602630614
381,-1.2508958870509885,-1.3080917439370785,-1.3080917439370785,1.505154493844734,0.038,0.0010007964007837592,0.013053069462261672,0.128854031832713,12.554587526141473,0.6717792967955272,-1.2261376837889353,-1.2261376837889353,1.8979169805844625,0.0010010051327602318,0.01413944149389863,0.12259654973944029,15.05265204111735,14.024631945292155,13.239428647359212,14.024631945292155,nan,16.061003748575846,16.061003748575846,16.26548350652059,18.42798480987549,2.162501303354901,16.101899700164793
382,-1.208879731736093,-1.2713293551274065,-1.2713293551274065,1.6390977209469058,0.0381,0.001000717464606014,0.01497735439817298,0.162677813602506,13.317802213272959,0.4652774671713511,-1.1751387973626455,-1.1751387973626455,1.6404162645339966,0.0010007311104952047,0.01381083477754146,0.13926556352525948,15.748232714335124,14.675301297505696,14.634367752075196,14.675301297505696,nan,17.47042401631673,17.47042401631673,16.962401199340817,19.801386706034343,2.8389855066935255,17.36881945292155
383,-1.211080788441424,-1.2727176400850404,-1.2727176400850404,1.6135302793304875,0.0382,0.0010008682004826249,0.01603439467836101,0.1776438515703633,13.502002734058308,0.6337660014629364,-1.2261700928211212,-1.2261700928211212,1.8599360942840577,0.0010008519515395165,0.013325293951978286,0.12596627355863652,14.744169616699219,13.895365397135416,13.61542428334554,13.895365397135416,nan,16.361955960591633,16.361955960591633,16.31576286951701,18.756324195861815,2.440561326344806,16.352717342376707
384,-1.259643888698434,-1.3182610633238308,-1.3182610633238308,1.5304744176144869,0.0383,0.001000675027926435,0.012973589128551056,0.11906730847538642,12.34934092467686,0.44771725634733833,-1.1988413025935492,-1.1988413025935492,1.6465585589408875,0.0010008775299259773,0.013931796847221753,0.14180892383058866,16.612366422017416,14.747021865844726,13.739372189839681,14.747021865844726,nan,14.334725697835287,14.334725697835287,14.172337198257447,15.404592323303223,1.2322551250457767,14.30224799791972
385,-1.1877309500046496,-1.2531490089758388,-1.2531490089758388,1.7035950894625682,0.0384,0.0010010018804163304,0.016245622205424984,0.17245526724266555,13.650169516509434,0.4315176635980606,-1.2404758681853612,-1.2404758681853612,1.6719935317834218,0.001000822828306506,0.014659381890669464,0.1444453793267409,14.35890007019043,13.520476659138998,12.912306276957194,13.520476659138998,nan,14.505121612548828,14.505121612548828,15.219075266520184,17.2457275390625,2.026652272542316,14.647912343343101
386,-1.2000449693427895,-1.256429541785762,-1.256429541785762,1.4645345312244487,0.0385,0.0010008301897817906,0.015107295388039553,0.1305934432542549,13.297828206476176,0.463903812567393,-1.2348964671293894,-1.2348964671293894,1.6988002796967825,0.0010010310739744454,0.01689445422962308,0.1558297161012888,15.584162521362305,14.317103131612141,13.589568583170573,14.317103131612141,nan,17.380241203308106,17.380241203308106,16.619042587280273,19.630776977539064,3.011734390258791,17.228001480102538
387,-1.2289365721198748,-1.2914940816051554,-1.2914940816051554,1.6206608718296267,0.0386,0.0010005847028157903,0.015252245361653139,0.18075061603537146,13.110096985439085,0.578625625371933,-1.291849527756373,-1.291849527756373,1.8704751531283061,0.001000420128305753,0.013501962545948725,0.1493235595524311,14.335116895039876,12.996738370259603,12.027664057413737,12.996738370259603,nan,12.64386043548584,12.64386043548584,12.416147486368816,13.670054244995118,1.253906758626302,12.598317845662436
388,-1.250581849296138,-1.3118309502331715,-1.3118309502331715,1.582663989292001,0.0387,0.0010005513377452516,0.013554086609971974,0.1500045197471133,12.485951630574352,0.38811304569244387,-1.2178626577059428,-1.2178626577059428,1.6059757033983866,0.0010010008952425172,0.01549506695009768,0.16127640393873055,14.830548159281413,13.942677561442057,13.673414738972982,13.942677561442057,nan,16.39673417409261,16.39673417409261,16.550708087285358,18.55551554361979,2.004807456334433,16.42752895673116
389,-1.2307587209737525,-1.291919026734694,-1.291919026734694,1.576296347492146,0.0388,0.0010005909035790642,0.015091800939221427,0.1717270629585914,12.995630174312952,0.42497750620047253,-1.1966946333646775,-1.1966946333646775,1.6216721395651499,0.0010006190510466694,0.013760122649061183,0.1451322665438056,15.950979232788086,13.683347511291505,13.521585083007812,13.683347511291505,nan,16.1435759862264,16.1435759862264,16.036605087916055,17.97262585957845,1.9360207716623954,16.12218180656433
390,-1.2462414514343694,-1.3075928755526274,-1.3075928755526274,1.5771576199891433,0.0389,0.0010008465318571565,0.013454135147116656,0.1439945304168845,12.545953804591917,0.5692931860685349,-1.244155110915502,-1.244155110915502,1.8134482979774476,0.0010007474144610267,0.012970284062127272,0.12027408840755621,14.282708676656087,13.414113108317057,13.309269841512045,13.414113108317057,nan,15.049087079366048,15.049087079366048,14.603617254892985,16.97445805867513,2.3708408037821442,14.959993114471434
391,-1.2375366069235891,-1.3021740452298578,-1.3021740452298578,1.6573702096939087,0.039,0.0010007084105690977,0.013751142596790814,0.16117484495043755,12.72641886405225,0.4941021283467611,-1.2574989716211955,-1.2574989716211955,1.7516010999679565,0.001000820992824932,0.01653357266137997,0.15591849219053983,14.613127009073894,13.285330963134765,13.097944895426432,13.285330963134765,nan,16.906535466512043,16.906535466512043,16.30661695798238,18.704256693522137,2.397639735539755,16.786551764806113
392,-1.2505632391515769,-1.311581184279244,-1.311581184279244,1.5605611486254998,0.0391,0.0010007286141187233,0.013950256507773444,0.1417308214981601,12.45498655427177,0.5445633053779602,-1.1394743671019871,-1.1394743671019871,1.6840376694997152,0.0010007127731417617,0.012606838291200498,0.14103768871476252,15.744256083170573,14.20923703511556,14.179653676350911,14.20923703511556,nan,19.692483520507814,19.692483520507814,18.509872913360596,22.89262924194336,4.382756328582765,19.45596139907837
393,-1.2744231538952522,-1.3318357917497743,-1.3318357917497743,1.4646079247852541,0.0392,0.0010007286931932816,0.012104006044847786,0.1131448656461149,12.003747652161795,0.46156396667162575,-1.251966768503189,-1.251966768503189,1.7135307351748148,0.0010009416844695806,0.013285341470812758,0.1256171370546023,14.937376976013184,13.587713877360025,12.492061551411947,13.587713877360025,nan,13.04317331314087,13.04317331314087,13.698965247472128,14.544645818074544,0.8456805706024166,13.174331700007121
394,-1.255650592300127,-1.3170367996647674,-1.3170367996647674,1.5619898764592297,0.0393,0.0010007759885651605,0.013709536279147526,0.15217520029477352,12.547135551020784,0.3074279268582662,-1.2379642228285472,-1.2379642228285472,1.5453921496868133,0.001000955846393481,0.01399337671076258,0.12449160292744636,15.406035995483398,14.089073880513508,13.598967425028484,14.089073880513508,nan,16.408687337239584,16.408687337239584,15.779911565780639,19.24706312815348,3.467151562372843,16.282932182947796
395,-1.2366221153511192,-1.3006522441810031,-1.3006522441810031,1.6251301349333998,0.0394,0.0010008501473216798,0.014387767920094842,0.15711017993261228,12.717389700547704,0.5854329099257787,-1.26786763270696,-1.26786763270696,1.853300541639328,0.0010004027824228009,0.009689459235717852,0.11416646360109249,13.759771347045898,12.798619333902995,11.981684557596843,12.798619333902995,nan,14.008271090189616,14.008271090189616,13.992572609583537,16.21485989888509,2.222287289301555,14.0051313940684
396,-1.1889889768834383,-1.252196711189342,-1.252196711189342,1.6001956192952282,0.0395,0.0010008145681635109,0.016366813472419414,0.1736786222120501,13.607641346049759,0.4243278443813324,-1.2769609411557516,-1.2769609411557516,1.701288785537084,0.0010005805059336125,0.013338470513311525,0.13961727131778995,14.784758504231771,13.088604736328126,12.709996604919434,13.088604736328126,nan,13.697647666931152,13.697647666931152,13.8393266359965,15.138180923461913,1.2988542874654136,13.72598346074422
397,-1.2736681497321938,-1.3345086900693066,-1.3345086900693066,1.5363773152513325,0.0396,0.0010006652358603085,0.012050664034795086,0.13052921264239079,12.069692944580654,0.5167463759581248,-1.1723258952299753,-1.1723258952299753,1.6890722692012787,0.0010008632651685426,0.014129501503581802,0.13125493408491215,15.418922932942708,14.813783073425293,13.920652071634928,14.813783073425293,nan,14.615216827392578,14.615216827392578,14.997190173467,16.16330712636312,1.1661169528961182,14.691611496607463
398,-1.256877935157632,-1.3172664597349346,-1.3172664597349346,1.5211213377286803,0.0397,0.0010008059380540871,0.012861268779368332,0.12431485740081319,12.501232336152274,0.40688714186350505,-1.1912108023961385,-1.1912108023961385,1.5980979442596435,0.001001144282054156,0.015647603695591292,0.163528860732913,15.992951075236002,14.016527875264485,13.800531578063964,14.016527875264485,nan,16.268109194437663,16.268109194437663,18.01303415298462,21.516372299194337,3.5033381462097175,16.617094186147053
399,-1.2345938952463977,-1.2930039785942942,-1.2930039785942942,1.4675901048588302,0.0398,0.0010009956752600254,0.01368607534095645,0.1263446534439078,12.740418883989442,0.5620328734318415,-1.2011404057343802,-1.2011404057343802,1.7631732781728109,0.0010011782598060867,0.014607390800180534,0.12971383361145855,14.846638170878093,13.970957565307618,13.7607666015625,13.970957565307618,nan,16.542122840881348,16.542122840881348,17.10751132965088,19.643158276875813,2.535646947224933,16.655200538635253
400,-1.2486810279342364,-1.3098275054175899,-1.3098275054175899,1.5324930818575733,0.0399,0.0010008807623548047,0.01429742307595487,0.16035604828371192,12.615985276564112,0.4272186756134033,-1.1755587110916774,-1.1755587110916774,1.6027773857116698,0.0010007220805467417,0.014741637806097666,0.1492317215849956,16.150257110595703,15.007160313924153,14.29380760192871,15.007160313924153,nan,14.148431142171225,14.148431142171225,14.594144503275553,15.856100082397461,1.2619555791219081,14.23757381439209
401,-1.2491135675952119,-1.311910222161491,-1.311910222161491,1.5699162471969172,0.04,0.0010007848097714333,0.013754751814423868,0.14499357630902865,12.526824771233326,0.5281015704075496,-1.1549638837575913,-1.1549638837575913,1.6830654541651409,0.0010011390899308027,0.01673097036158045,0.18194798976182938,15.446982955932617,14.29414513905843,14.015262540181478,14.29414513905843,nan,18.742570304870604,18.742570304870604,18.430347108840945,23.01625010172526,4.585902992884314,18.680125665664672
402,-1.2170683977738865,-1.2826156346303113,-1.2826156346303113,1.6345943369955387,0.0401,0.0010006769169297702,0.014189131997244538,0.1595706245246923,13.009052618494573,0.5738812347253164,-1.1548305789629618,-1.1548305789629618,1.7287118136882782,0.0010008838105325898,0.015371923272808393,0.14911660763124626,15.663180987040201,14.922174326578777,14.504440689086914,14.922174326578777,nan,16.922100067138672,16.922100067138672,17.10502233505249,18.711492856343586,1.6064705212910972,16.958684520721434
403,-1.243042894129483,-1.3054417427980676,-1.3054417427980676,1.5522102623615626,0.0402,0.0010007983534860443,0.013237175935844206,0.1218169871366249,12.389429983103051,0.6875261733929316,-1.1525983492533365,-1.1525983492533365,1.8401245216528574,0.0010010372750305881,0.013339291187003255,0.1250626103952527,15.673990122477214,14.261827278137208,14.143953959147135,14.261827278137208,nan,19.211028607686362,19.211028607686362,18.92118401527405,21.23438638051351,2.3132023652394587,19.1530596892039
404,-1.2155070158670533,-1.2812593680507731,-1.2812593680507731,1.6315719361575145,0.0403,0.0010009201480743457,0.01376396436068528,0.14243668205333207,12.811050900873148,0.4002752194801966,-1.2244389524062476,-1.2244389524062476,1.6247141718864442,0.0010010874461537848,0.012765503504003088,0.11600138526409864,15.528487459818523,13.753017234802247,12.94410572052002,13.753017234802247,nan,14.299607594807943,14.299607594807943,14.346710554758708,15.825654474894206,1.4789439201354977,14.309028186798097
405,-1.234571413049158,-1.2935450751826447,-1.2935450751826447,1.4597440215776551,0.0404,0.0010008214762047777,0.013666513006923333,0.1290569539480614,12.689833641052246,0.45991062819957734,-1.1824684570233026,-1.1824684570233026,1.6423790852228801,0.0010011670975169787,0.014951651574422915,0.1493586607898275,15.572603988647462,15.003543154398601,14.06852544148763,15.003543154398601,nan,14.015436808268229,14.015436808268229,14.708064142862957,15.132043711344402,0.42397956848144425,14.153962275187174
406,-1.2338074929309342,-1.2963521795452766,-1.2963521795452766,1.5443132339783434,0.0405,0.0010009636632430385,0.01414652398945588,0.14890927413724503,12.697953242175984,0.37077834606170657,-1.268653694788615,-1.268653694788615,1.6394320408503213,0.0010014757591610155,0.016515959147363903,0.1493255626410246,14.04637508392334,13.272268803914388,13.178214200337727,13.272268803914388,nan,14.784796524047852,14.784796524047852,14.249152135849,15.349813906351725,1.1006617705027253,14.677667646408082
407,-1.2371734616891392,-1.2981006424382049,-1.2981006424382049,1.5006693983977695,0.0406,0.0010007426784075094,0.013530151347436433,0.13275616819847305,12.676401120311809,0.327668426434199,-1.2399731536706289,-1.2399731536706289,1.5676415801048278,0.001000669051427394,0.012625142078225812,0.11782438127944866,14.696553866068522,13.470381736755371,13.130311012268066,13.470381736755371,nan,14.273630460103353,14.273630460103353,14.75785009066264,15.516238149007162,0.7583880583445222,14.37047438621521
408,-1.2573996219994887,-1.3187765422857032,-1.3187765422857032,1.5080325873392932,0.0407,0.0010005482714096048,0.0142117925866876,0.16624077992900363,12.590728948701102,0.488667490084966,-1.2908518095811208,-1.2908518095811208,1.779519299666087,0.0010006090703730782,0.013355656550265849,0.1461208438500762,14.220224889119466,12.874059104919434,11.967912991841635,12.874059104919434,nan,14.008961868286132,14.008961868286132,13.795261573791505,15.047294489542644,1.2520329157511387,13.966221809387207
409,-1.2442590504322413,-1.3064371414904326,-1.3064371414904326,1.523972749710083,0.0408,0.0010006035708839882,0.014146103506099503,0.1720334232415793,12.707650634477723,0.49881954689820607,-1.2511487046877543,-1.2511487046877543,1.7499682505925496,0.0010005481832195072,0.012885383687292536,0.13870520343383153,14.934210268656413,13.554687881469727,12.615187072753907,13.554687881469727,nan,14.570079294840495,14.570079294840495,14.52568507194519,16.97337760925293,2.447692537307738,14.561200450261435
410,-1.2738151584031447,-1.3371470671779704,-1.3371470671779704,1.5484575573003516,0.0409,0.0010006225575640234,0.013018325981596168,0.14049531533470694,12.028173131762811,0.5334102362394333,-1.1956249366203944,-1.1956249366203944,1.7290351728598277,0.0010005687945522368,0.011666423167722921,0.12598124220967294,15.144330406188965,13.688406817118327,13.611047871907552,13.688406817118327,nan,14.159340286254883,14.159340286254883,14.46674187978109,15.454219627380372,0.9874777475992822,14.220820604960124
411,-1.2535471623798586,-1.314583365647298,-1.314583365647298,1.4886877874158464,0.041,0.0010007229690738725,0.01337890608130761,0.15140734605912892,12.622071086235767,0.5521715432405472,-1.1621941258509954,-1.1621941258509954,1.7143656690915425,0.001001076000587394,0.017684662668034434,0.19304588002463183,16.241070810953776,15.317964108784993,15.001608149210613,15.317964108784993,nan,15.479939460754395,15.479939460754395,16.145925108591715,17.167353630065918,1.0214285214742027,15.613136590321858
412,-1.2288442748897481,-1.2880203611445877,-1.2880203611445877,1.4398078322410583,0.0411,0.0010009000807086814,0.015026115337913891,0.14394221595435772,12.992325170984808,0.4957955280939738,-1.230902573466301,-1.230902573466301,1.7266981025536856,0.0010009456930371622,0.014054448110982776,0.15875647077336907,15.11097412109375,14.007402165730793,13.25479170481364,14.007402165730793,nan,16.732751337687173,16.732751337687173,16.17799622217814,19.182925605773924,3.0049293835957833,16.621800314585364
413,-1.2416310265379131,-1.308752732456855,-1.308752732456855,1.6291673273410436,0.0412,0.0010009532363839306,0.014121079351752996,0.15387583453700227,12.52557821093865,0.38392959237098695,-1.157757169008255,-1.157757169008255,1.5416867603858313,0.0010008560765224197,0.012786678023015459,0.13503960743546486,14.990614255269369,14.210600217183432,13.56919740041097,14.210600217183432,nan,21.177081044514974,21.177081044514974,20.041797415415445,24.83782679239909,4.796029376983643,20.950024318695068
414,-1.247037095843621,-1.308544654891176,-1.308544654891176,1.4892872999299247,0.0413,0.001000812863667478,0.013750715172445437,0.14111118215434956,12.49756170668692,0.48311488529046376,-1.158360093832016,-1.158360093832016,1.641474978129069,0.0010006681589099268,0.010734830028377473,0.10983045883476734,15.455585352579753,13.816936175028482,13.975390243530274,13.816936175028482,nan,18.326435343424478,18.326435343424478,18.15662746429443,21.83179613749186,3.6751686731974296,18.29247376759847
415,-1.2529863265325438,-1.3167570143375757,-1.3167570143375757,1.540354681464861,0.0414,0.001000654776053468,0.013688635573072254,0.15055714227821468,12.334183548981288,0.3294365713993708,-1.180323538184166,-1.180323538184166,1.5097601095835367,0.0010007463628426195,0.013500502488265434,0.14091374178727467,15.133868408203124,14.9644900004069,14.277828534444174,14.9644900004069,nan,14.899735832214356,14.899735832214356,14.93335460027059,16.236611111958823,1.3032565116882324,14.906459585825601
416,-1.250651039042563,-1.3135691060210175,-1.3135691060210175,1.5160980100901622,0.0415,0.0010007271358637878,0.012932098918717425,0.13774441857382935,12.54723799003745,0.5651878068844477,-1.1847127904494603,-1.1847127904494603,1.7499005973339081,0.0010006974334828556,0.013545676592426996,0.14110453880081575,16.35418612162272,14.47919807434082,13.237526257832846,14.47919807434082,nan,15.950968805948893,15.950968805948893,16.964672215779622,18.734306971232098,1.7696347554524756,16.153709487915037
417,-1.243933252568515,-1.3045620018581174,-1.3045620018581174,1.4574219741911258,0.0416,0.001000906180432242,0.013826738612480322,0.12686605393043104,12.632267106254146,0.48659360806147256,-1.1851555516322454,-1.1851555516322454,1.6717491606871286,0.001000775268767029,0.012037331005558372,0.1103321831052502,15.20178394317627,14.272970263163248,13.327729797363281,14.272970263163248,nan,14.835850524902344,14.835850524902344,15.167219495773317,16.252760632832846,1.0855411370595291,14.902124319076538
418,-1.278904453763422,-1.3426903666190382,-1.3426903666190382,1.5296381734452158,0.0417,0.0010008550389617118,0.01272689811182472,0.13393841346479812,11.881290453784871,0.30320267875989276,-1.176683858036995,-1.176683858036995,1.4798865377902986,0.0010010656997716675,0.013848392913738886,0.12291794108847777,16.131064542134602,14.115203094482421,13.773044522603353,14.115203094482421,nan,15.620208358764648,15.620208358764648,15.785208368301392,18.4441780090332,2.6589696407318097,15.653208360671997
419,-1.2602874288019144,-1.325764278195939,-1.325764278195939,1.5664320801788907,0.0418,0.0010008097885457693,0.01288435578275964,0.14114091102525872,12.40512705748936,0.2905250608921051,-1.2458876540263495,-1.2458876540263495,1.5364127139250436,0.0010009511723183095,0.016880491903672617,0.16272914813210568,14.2046662012736,13.94333724975586,12.787682278951008,13.94333724975586,nan,16.4998659769694,16.4998659769694,16.029302422205607,18.68650048573812,2.657198063532512,16.405753266016642
420,-1.2232089717433137,-1.2930394422333196,-1.2930394422333196,1.6665982277888172,0.0419,0.001000663111829814,0.013849372720732441,0.14205367160293292,12.85895039900294,0.4936953475077947,-1.2354701469341913,-1.2354701469341913,1.729165494441986,0.0010007149442875136,0.015636433831726512,0.14811659908543032,15.518181292215983,13.965016873677571,14.188171005249023,13.965016873677571,nan,16.280315907796226,16.280315907796226,16.480184237162273,20.231190872192382,3.751006635030109,16.320289573669434
421,-1.2077445522794183,-1.2726865287096996,-1.2726865287096996,1.5462374484763954,0.042,0.0010008795366991522,0.015477538284546923,0.1435555525405227,13.017371879433686,0.4036962648232778,-1.2556582470734914,-1.2556582470734914,1.6593545118967692,0.0010007711845294884,0.013686917520438631,0.14606164103994768,14.630450185139974,13.680084228515625,12.681521288553874,13.680084228515625,nan,16.34130916595459,16.34130916595459,16.149357541402182,18.941014289855957,2.791656748453775,16.30291884104411
422,-1.2475769710990618,-1.3080367704607405,-1.3080367704607405,1.4360999746142693,0.0421,0.0010007360998435684,0.013457517860070715,0.130001952836536,12.588409639754385,0.4237435827652613,-1.2010289897521338,-1.2010289897521338,1.624772572517395,0.0010010727681219577,0.014046707578624288,0.142106336231033,15.841231600443523,14.86565507253011,13.952942276000977,14.86565507253011,nan,15.837228457132975,15.837228457132975,15.037403233846028,15.896874046325683,0.8594708124796551,15.677263412475584
423,-1.2798968845943235,-1.3416778636428546,-1.3416778636428546,1.4640043119214616,0.0422,0.0010008690637132189,0.012374622589152938,0.12648396250211968,12.128420442905066,0.367523318529129,-1.2884067972501119,-1.2884067972501119,1.655930115779241,0.0010008095705416054,0.012859999497110645,0.12201939517011245,14.41758524576823,13.433409818013509,12.54016507466634,13.433409818013509,nan,13.512151336669922,13.512151336669922,13.96106010278066,15.21469071706136,1.2536306142807003,13.60193308989207
424,-1.2622592696603738,-1.3255279041686148,-1.3255279041686148,1.4957123904857996,0.0423,0.0010007824199625625,0.012653279610259353,0.12822638494226168,12.223032033668375,0.37737990021705625,-1.259491248925527,-1.259491248925527,1.6368711481491725,0.0010006891893378149,0.014362340156609813,0.16060192013780275,14.52438284556071,13.808164087931315,12.854628435770671,13.808164087931315,nan,17.38464069366455,17.38464069366455,16.111324262619018,19.20699405670166,3.0956697940826423,17.129977407455446
425,-1.2910939724940174,-1.3544111049400185,-1.3544111049400185,1.4933286567903914,0.0424,0.0010007304460126554,0.011923725189605975,0.123040701139648,11.717668164451167,0.33422219355901084,-1.2566961526870728,-1.2566961526870728,1.5909183462460836,0.001000987565688168,0.013290651965265472,0.1303246700204909,14.083275858561198,13.425304094950357,12.81183319091797,13.425304094950357,nan,14.555357678731282,14.555357678731282,14.726045433680218,17.170190366109214,2.444144932428996,14.589495229721068
426,-1.2685115067464001,-1.3337519438761585,-1.3337519438761585,1.535069100137027,0.0425,0.0010006573964964668,0.012705373946788176,0.14760345663383323,12.214525267762959,0.3544350872437159,-1.2693123499552408,-1.2693123499552408,1.6237474371989569,0.0010005355987232178,0.012440936422596376,0.1291474457209309,13.63814697265625,12.561187489827473,12.8712872505188,12.561187489827473,nan,15.034058634440104,15.034058634440104,14.429867871602376,16.21965446472168,1.7897865931193024,14.913220481872557
427,-1.2347058856262352,-1.2998214813898195,-1.2998214813898195,1.5285351816213355,0.0426,0.0010007403413150107,0.0141628362361412,0.14508157455415097,12.747096619516048,0.4272710353136063,-1.2090781221787135,-1.2090781221787135,1.6363491574923197,0.0010010953604554136,0.016933090037976703,0.14633571691811084,16.000112533569336,14.934380149841308,13.788788096110027,14.934380149841308,nan,16.60453961690267,16.60453961690267,15.916811577479045,18.056282234191894,2.1394706567128488,16.466994009017945
428,-1.2235011919489447,-1.2869920978006326,-1.2869920978006326,1.486906594825241,0.0427,0.0010009370239029796,0.014321965754102424,0.13897666166413505,12.821753213990409,0.3859495947758357,-1.221029848853747,-1.221029848853747,1.6069794436295828,0.0010012194514274597,0.018832698666180172,0.16328221211830776,16.567239824930827,15.024014155069986,13.917444610595703,15.024014155069986,nan,14.735243924458821,14.735243924458821,14.21510443687439,15.834463119506836,1.6193586826324466,14.631216026941935
429,-1.273320607419284,-1.3349479897966925,-1.3349479897966925,1.4398918984071263,0.0428,0.0010006840731772893,0.012836737936046326,0.1277350272350716,11.585949564879796,0.39935398201147715,-1.17349763015906,-1.17349763015906,1.5728516121705374,0.0010006776079535483,0.009436547515603404,0.0870794969300429,15.127556482950846,14.035731442769368,13.073786862691243,14.035731442769368,nan,14.34806334177653,14.34806334177653,14.53975149790446,16.01603635152181,1.476284853617349,14.386400973002116
430,-1.2744382732319381,-1.3333058008607828,-1.3333058008607828,1.3722035345041528,0.0429,0.0010007356605404672,0.012082011096249774,0.11230604259191819,12.137547564956376,0.21585040390491486,-1.242061879237493,-1.242061879237493,1.4579122831424078,0.0010008665907662363,0.013361023956288893,0.12677890670796235,14.12408898671468,13.30771287282308,12.564282544453938,13.30771287282308,nan,15.520176124572753,15.520176124572753,15.17168018023173,16.972297859191894,1.8006176789601636,15.450476935704547
431,-1.246788298184017,-1.312238281627871,-1.312238281627871,1.522092560552201,0.043,0.0010008110405596079,0.01340807872420212,0.14874972100808936,12.51918483230303,0.43516679207483927,-1.2108284175395965,-1.2108284175395965,1.645995209614436,0.0010010149174680312,0.016554945909107725,0.1722432757417361,15.86375420888265,14.68357359568278,13.409272893269856,14.68357359568278,nan,14.688351885477703,14.688351885477703,14.94812968571981,17.716891034444174,2.7687613487243645,14.740307445526124
432,-1.234686959464595,-1.2989781487662837,-1.2989781487662837,1.491674907927243,0.0431,0.001000731324618858,0.014437083436070749,0.1541969256370135,12.892143807321224,0.4346539914608002,-1.2213016867637634,-1.2213016867637634,1.6559556782245637,0.0010008278438666215,0.014538685410904388,0.15177911433080832,15.225722885131836,13.905874888102213,13.460301208496094,13.905874888102213,nan,14.658872159322103,14.658872159322103,15.01120440165202,16.80166524251302,1.7904608408610017,14.729338607788085
433,-1.2608136051106003,-1.3243436026123334,-1.3243436026123334,1.47060186683007,0.0432,0.0010006200315711914,0.014062582172523692,0.1537288081533504,12.363744429822239,0.3087389081716537,-1.2579278995593388,-1.2579278995593388,1.5666668077309926,0.0010007485301078607,0.012767667517376442,0.11478204385687908,14.04777577718099,13.205492973327637,12.228425025939941,13.205492973327637,nan,14.857332928975422,14.857332928975422,14.25124373435974,16.276399485270183,2.025155750910443,14.736115090052287
434,-1.3042609792835307,-1.364788071164545,-1.364788071164545,1.3978544023801696,0.0433,0.0010006742591460078,0.011562718254215312,0.12090796710185285,11.586008458767298,0.2732284923394521,-1.270858508348465,-1.270858508348465,1.544087000687917,0.0010009764305626352,0.013872464265053472,0.13097221534699202,13.615160624186197,13.090954653422038,12.495431582132975,13.090954653422038,nan,12.601510874430339,12.601510874430339,12.59850636323293,12.928097407023111,0.329591043790181,12.600909972190857
435,-1.2593819791415952,-1.3236890716372796,-1.3236890716372796,1.481730097869657,0.0434,0.0010007744444147596,0.013598020952897813,0.14499470436910414,12.389342523970694,0.29405776659647626,-1.2181354661782582,-1.2181354661782582,1.5121932327747345,0.0010010084098515412,0.015138432111901542,0.14756725089003642,16.05893719991048,14.799599075317383,14.512003580729166,14.799599075317383,nan,15.848527526855468,15.848527526855468,15.629953209559122,17.99642251332601,2.3664693037668876,15.804812663396199
436,-1.2896039643377628,-1.3558665086638253,-1.3558665086638253,1.5232769666977648,0.0435,0.0010008233893697835,0.012692573084935264,0.14089392403246098,11.648582368526819,0.4843577206134796,-1.3004166920979818,-1.3004166920979818,1.7847744127114613,0.001000774921461319,0.012090908875688911,0.11109572897354762,13.353741073608399,12.573439725240071,11.579040400187175,12.573439725240071,nan,12.261717732747396,12.261717732747396,12.143434643745422,13.030950482686361,0.8875158389409386,12.238061114947001
437,-1.2916477704947849,-1.3566887356200308,-1.3566887356200308,1.4917651932194549,0.0436,0.0010006767917283862,0.012501429467690442,0.13246648428293895,11.838457521402612,0.3531433820724487,-1.1717304766178132,-1.1717304766178132,1.524873858690262,0.0010009190688530605,0.015378248055155079,0.1694471255565683,15.863935152689615,14.290031814575196,14.595851071675618,14.290031814575196,nan,18.774562454223634,18.774562454223634,18.08921504020691,21.023857625325522,2.9346425851186133,18.63749297142029
438,-1.259888028198818,-1.3203044634944987,-1.3203044634944987,1.3825272906501338,0.0437,0.0010007391244454204,0.012860931297939903,0.1439747173549994,12.414121537838342,0.19726667900880177,-1.1806432078282039,-1.1806432078282039,1.3779098868370057,0.0010010822676122188,0.01695511705862979,0.19856288122634094,16.33844216664632,15.439666175842286,15.661196645100912,15.439666175842286,nan,17.384867668151855,17.384867668151855,17.234169801076256,19.75567429860433,2.521504497528074,17.354728094736735
439,-1.2647995768852953,-1.3290755602548707,-1.3290755602548707,1.4674881325577789,0.0438,0.0010009599423457711,0.013047806795616195,0.13291758847124172,12.081330533297557,0.354690945148468,-1.2308435181776682,-1.2308435181776682,1.5855344633261363,0.0010008415517707666,0.013034301235650976,0.1299029180780053,14.48714993794759,13.564382362365723,13.44003168741862,13.564382362365723,nan,15.471039072672527,15.471039072672527,15.41962194442749,17.07514870961507,1.655526765187581,15.46075564702352
440,-1.2523752282250602,-1.3184336851227958,-1.3184336851227958,1.5047483849075605,0.0439,0.0010007820245897714,0.01284876676662913,0.13147778331108814,12.28819784128441,0.2712112724781036,-1.2523001243670782,-1.2523001243670782,1.5235113968451819,0.0010010929312556983,0.01582007120984296,0.1537531478330493,14.753447469075521,14.366409301757812,13.445982106526692,14.366409301757812,nan,13.594021288553874,13.594021288553874,13.250862089792887,14.019097518920898,0.7682354291280102,13.525389448801677
441,-1.2552154019193829,-1.3182154252844036,-1.3182154252844036,1.431818760790915,0.044,0.0010007866131106638,0.013810400341479283,0.15113602297486,12.468693913153881,0.38054834107557933,-1.1643680135409038,-1.1643680135409038,1.5449163556098937,0.001000789636357998,0.011919239885173738,0.10385715231920283,14.301664861043294,14.292775726318359,13.176030158996582,14.292775726318359,nan,13.236779276529948,13.236779276529948,13.55849461555481,13.985100936889648,0.42660632133483745,13.301122344334921
442,-1.2493393556127008,-1.312447320740178,-1.312447320740178,1.4310192499520644,0.0441,0.0010007387730029394,0.013747455552220345,0.15356394894561678,12.57029780801737,0.33219432830810547,-1.2069103181362153,-1.2069103181362153,1.5391046484311421,0.0010006850313705703,0.01427659154869616,0.14789310606817405,14.980187161763508,14.49610538482666,13.3776304880778,14.49610538482666,nan,13.854209327697754,13.854209327697754,14.026081943511963,15.00264670054118,0.976564757029216,13.888583850860597
443,-1.286061889720413,-1.348464291050749,-1.348464291050749,1.41181905989377,0.0442,0.0010006597599471515,0.012730712194066003,0.13940191901517365,11.835914917711941,0.300717889269193,-1.1951932311058044,-1.1951932311058044,1.4959111203749975,0.0010005818447098136,0.012712535440611343,0.12327733902881542,15.60172061920166,15.265498161315918,13.48826847076416,15.265498161315918,nan,14.144722112019856,14.144722112019856,14.526373179753623,15.994307454427084,1.4679342746734605,14.221052325566609
444,-1.2837165751547184,-1.349573219722172,-1.349573219722172,1.486605757812284,0.0443,0.0010006194978179235,0.012165615299962601,0.12720224050418386,11.92634345000645,0.3569296290477117,-1.23069076637427,-1.23069076637427,1.5876203954219819,0.0010005681484472006,0.009816056676208973,0.09796050575872263,14.027392578125,13.155201085408528,12.924536959330242,13.155201085408528,nan,14.767291259765624,14.767291259765624,13.891423082351682,15.02941468556722,1.1379916032155375,14.592117624282835
445,-1.2750267307713348,-1.3400890309855622,-1.3400890309855622,1.4653673059535477,0.0444,0.001000666514232333,0.012796972210536588,0.15860585123300552,12.153416381691986,0.19620270629723865,-1.2167649606863657,-1.2167649606863657,1.4129676669836044,0.0010008280204298595,0.013261289149522782,0.12117507942020893,15.3130064646403,14.173399543762207,13.9163449605306,14.173399543762207,nan,14.655308850606282,14.655308850606282,14.886774031321206,17.131709480285643,2.244935448964437,14.701601886749268
446,-1.2774692301480275,-1.3371720730133776,-1.3371720730133776,1.3416368444010895,0.0445,0.0010007687115092885,0.012015504323227226,0.1285496989511094,12.017697361280334,0.24739338556925455,-1.1904633740584056,-1.1904633740584056,1.4378567596276601,0.0010011512824955086,0.013138595308798054,0.14200144149363042,15.906208356221518,14.550756200154622,13.542754872639973,14.550756200154622,nan,16.080662536621094,16.080662536621094,16.04813838005066,18.48683287302653,2.43869449297587,16.07415770530701
447,-1.3045615767532925,-1.3675213332446117,-1.3675213332446117,1.4116537379768659,0.0446,0.0010008234662478262,0.011858502192036161,0.1259080025385011,11.612993519261199,0.256594642996788,-1.1914742400248846,-1.1914742400248846,1.4480688830216726,0.0010008899048746874,0.01453588199801743,0.16587760373950006,14.854652786254883,13.894510205586752,13.502168718973795,13.894510205586752,nan,18.902270698547362,18.902270698547362,17.558030939102174,19.872405370076496,2.314374430974322,18.633422746658326
448,-1.2844052944543227,-1.3475279965490665,-1.3475279965490665,1.4121410779233248,0.0447,0.0010007019879577576,0.012195848692911413,0.1380040449494461,11.827517176574132,0.3091253767410914,-1.2604472150405248,-1.2604472150405248,1.5695725917816161,0.0010008990434774508,0.012690873444080352,0.13393491897732018,14.249398803710937,12.747727839152018,12.327156766255696,12.747727839152018,nan,15.959011586507161,15.959011586507161,15.327654910087587,17.74367332458496,2.4160184144973744,15.832740251223246
449,-1.2894566441481967,-1.351719372677353,-1.351719372677353,1.3897931114682611,0.0448,0.001000828004248862,0.012644198187187596,0.160788616200663,11.889840422936206,0.3633814473946889,-1.2805309822161992,-1.2805309822161992,1.6439124296108882,0.001000713452231139,0.011676693397263686,0.13643882256001233,14.073847643534343,13.174705251057942,12.340357462565104,13.174705251057942,nan,16.293921852111815,16.293921852111815,16.071241331100463,18.604188855489095,2.532947524388632,16.249385747909546
450,-1.253671182776397,-1.322422001721724,-1.322422001721724,1.5311985893069573,0.0449,0.001000724056349048,0.013220382353536925,0.15080140629466973,12.447669344128302,0.3390770236651103,-1.2322044889132182,-1.2322044889132182,1.5712815125783284,0.001000570806597049,0.011221468945344289,0.1158078114502132,14.793499755859376,13.703782145182291,12.363807360331217,13.703782145182291,nan,12.10456714630127,12.10456714630127,12.254341324170431,12.64330997467041,0.3889686504999794,12.134521981875102
451,-1.2991755413559247,-1.362122580690204,-1.362122580690204,1.3988231319301534,0.045,0.0010006598016809461,0.01270572464245389,0.1446493692204075,11.829515727061146,0.1994090994199117,-1.2885818670193354,-1.2885818670193354,1.4879909654458363,0.0010007875758068015,0.01308797593228519,0.1395507950335741,14.385512669881185,13.30310115814209,11.923097546895345,13.30310115814209,nan,14.011584917704264,14.011584917704264,14.257150665918987,16.78910032908122,2.531949663162232,14.060698067347209
452,-1.2662369192771192,-1.333054926035539,-1.333054926035539,1.4815522780958212,0.0451,0.0010007541617905757,0.013367281128423955,0.15778141549595123,12.265854025786778,0.17637868920962016,-1.3199967602888742,-1.3199967602888742,1.4963754494984944,0.0010007757441295932,0.011871193877110879,0.11842925399541855,13.343541781107584,11.656815083821614,11.649641863505046,11.656815083821614,nan,13.227014032999675,13.227014032999675,13.184472044308981,14.84341417948405,1.658942135175069,13.218505635261536
453,-1.238608625699889,-1.3039650365991413,-1.3039650365991413,1.445938193573142,0.0452,0.0010008745725741083,0.013546044156306758,0.1416878026892554,12.663829137694162,0.23633894721666973,-1.266978923479716,-1.266978923479716,1.5033178706963857,0.0010007422766648232,0.01519219436061879,0.15779572979857523,15.376521110534668,14.168591626485188,13.082394282023111,14.168591626485188,nan,15.321180979410807,15.321180979410807,14.825359280904133,17.292756462097167,2.467397181193034,15.222016639709471
454,-1.2657096037324869,-1.3292481786799881,-1.3292481786799881,1.4026174376595695,0.0453,0.001000808775952121,0.0131525241875283,0.1511524017408209,12.235493623985434,0.33834267656008404,-1.2742523769537608,-1.2742523769537608,1.612595053513845,0.0010010114948575696,0.012750249596623082,0.1179989766329527,14.428044191996257,13.156011962890625,12.381967353820801,13.156011962890625,nan,15.222565460205079,15.222565460205079,15.717854785919188,19.18654861450195,3.4686938285827633,15.3216233253479
455,-1.2582542896270752,-1.325619897752438,-1.325619897752438,1.4838240427790947,0.0454,0.001000818214379251,0.013162269643595759,0.14622727605812955,12.176702148509476,0.3285338779290517,-1.2462330798308054,-1.2462330798308054,1.574766957759857,0.001000879140337929,0.013026896817609667,0.13219267434130114,14.726186434427897,13.291943232218424,12.87943884531657,13.291943232218424,nan,15.093462880452474,15.093462880452474,15.081436395645142,17.247809346516927,2.1663729508717857,15.091057583491008
456,-1.2601228018976607,-1.3260092026782486,-1.3260092026782486,1.4480526379819185,0.0455,0.0010006930437466166,0.012570694888467496,0.14197127296114867,11.973969684456879,0.2808092693487803,-1.2769178370634715,-1.2769178370634715,1.5577271064122518,0.0010006383527070284,0.01259932490841796,0.1366270654524366,13.363542747497558,12.751567840576172,12.57525405883789,12.751567840576172,nan,12.423367182413736,12.423367182413736,13.367018858591715,14.529986000061035,1.16296714146932,12.612097517649334
457,-1.276964228108244,-1.3419004633741558,-1.3419004633741558,1.4240400161383286,0.0456,0.0010007365083954526,0.013128752714761023,0.16295112683525625,12.173977491990575,0.25562527279059094,-1.2146462460358938,-1.2146462460358938,1.4702715188264848,0.00100086637151738,0.01382493000322332,0.12822260515143474,14.898795318603515,13.64371166229248,13.108357493082682,13.64371166229248,nan,15.923197174072266,15.923197174072266,15.934933106104534,19.31793320973714,3.3830001036326074,15.925544360478721
458,-1.2357250125903003,-1.300014874845181,-1.300014874845181,1.4067803553815157,0.0457,0.0010008363180600529,0.013730562617123689,0.14266259897992295,12.61400929936823,0.14244123796621957,-1.3012725909550984,-1.3012725909550984,1.443713828921318,0.0010008247549800823,0.01565716400121649,0.1443541707471013,14.071182123819987,13.145548375447591,11.696422576904297,13.145548375447591,nan,14.566969680786134,14.566969680786134,14.054022328058878,16.267442576090495,2.2134202480316176,14.464380210240684
459,-1.236392135890025,-1.3027105871236548,-1.3027105871236548,1.4480010810888038,0.0458,0.0010007694165907659,0.01427556648147556,0.16500782678430936,12.849999922626424,0.3893038839101791,-1.2315739581982295,-1.2315739581982295,1.6208778421084087,0.0010006753359145175,0.014298193932821354,0.17313123090813556,16.050712966918944,14.000172869364421,12.976663398742676,14.000172869364421,nan,15.764935557047526,15.764935557047526,15.517873414357505,18.157618395487468,2.6397449811299634,15.71552312850952
460,-1.2423270457195785,-1.311689190144809,-1.311689190144809,1.5111579074049897,0.0459,0.0010006920597076697,0.013870490899414948,0.157225777166632,12.389669688242787,0.19405200680096943,-1.1925496061642964,-1.1925496061642964,1.3866016129652659,0.0010013709194026887,0.01739005573714773,0.1568170187373956,16.16085007985433,14.839712206522623,14.54239018758138,14.839712206522623,nan,19.548571968078612,19.548571968078612,18.814294290542602,21.786962699890136,2.972668409347534,19.40171643257141
461,-1.2745217377284788,-1.3414344022858817,-1.3414344022858817,1.454623206606451,0.046,0.0010006929229382636,0.01302359942873975,0.14445848889508336,12.065259213717479,0.20849716265996296,-1.3053942422072093,-1.3053942422072093,1.5138914048671723,0.001000909119223555,0.015746775114287934,0.1639645231887698,14.018298721313476,12.899970118204752,12.117462221781413,12.899970118204752,nan,12.715414047241211,12.715414047241211,13.424684460957845,14.325305684407551,0.900621223449706,12.857268129984538
462,-1.2928795544606335,-1.3555155925030977,-1.3555155925030977,1.3586993431145291,0.0461,0.0010008972867409575,0.012592218482410008,0.12679229177675158,11.735887266554922,0.15028850734233856,-1.2621348728736241,-1.2621348728736241,1.4124233802159627,0.0010010005731601267,0.01252441261895001,0.11128456036870678,15.118496640523274,13.810198783874512,13.134163602193196,13.810198783874512,nan,14.499863243103027,14.499863243103027,15.023645385106406,17.559041023254395,2.535395638147989,14.604619671503702
463,-1.2710064345935606,-1.339511658785478,-1.339511658785478,1.4827969557834122,0.0462,0.0010008922127901383,0.01282089233468726,0.13736784869348104,12.015362550627511,0.2771456668774287,-1.2143392910559971,-1.2143392910559971,1.4914849569400153,0.0010009996787024042,0.013900372471349934,0.13967466602722803,14.349477640787761,13.18979714711507,13.564138603210449,13.18979714711507,nan,17.970156796773274,17.970156796773274,17.324833361307782,20.301255734761558,2.976422373453776,17.841092109680176
464,-1.2794142196763236,-1.346111868912319,-1.346111868912319,1.4405539159504872,0.0463,0.001000706558906526,0.011634605848845446,0.12957993655834557,11.519859745817364,0.29762417674064634,-1.244543612996737,-1.244543612996737,1.5421677907307942,0.0010006117964318642,0.012161610034915308,0.12160694946845373,14.706285858154297,13.109250831604005,12.68316879272461,13.109250831604005,nan,16.178172556559243,16.178172556559243,15.528151830037437,18.486326026916505,2.9581741968790674,16.04816841125488
465,-1.3059425219049994,-1.3696632272792313,-1.3696632272792313,1.3732909571449712,0.0464,0.0010007501004334048,0.011980295497572646,0.13556299365635188,11.631552552277187,0.38697344561417896,-1.0947640796502431,-1.0947640796502431,1.4817375272512436,0.0010008519825836022,0.012027524271979928,0.12041067853569984,16.550522549947104,14.829357210795084,15.158845710754395,14.829357210795084,nan,19.931804402669272,19.931804402669272,19.82257137298584,22.7867680867513,2.9641967137654603,19.909957796732584
466,-1.2631405468256969,-1.3284962627122987,-1.3284962627122987,1.4054993481006262,0.0465,0.0010009915853481529,0.01294157804288673,0.14331131857239976,12.126187432487056,0.24231920341650645,-1.3052522867918015,-1.3052522867918015,1.547571490208308,0.0010007831209804864,0.012185912858694792,0.14216572381556034,13.85210469563802,12.856420008341471,12.021642812093098,12.856420008341471,nan,13.379278882344563,13.379278882344563,13.192894458770752,15.57588596343994,2.3829915046691887,13.3420019976298
467,-1.2623214541741137,-1.3275458565298117,-1.3275458565298117,1.3996653264423586,0.0466,0.0010008819594557554,0.012533010168106488,0.1291098677605953,12.034952640533447,0.18916709423065187,-1.2430125961701075,-1.2430125961701075,1.4321796904007593,0.0010010124766267835,0.015307456674054264,0.17516588835666577,14.446800422668456,13.52838560740153,12.902446428934732,13.52838560740153,nan,20.176664733886717,20.176664733886717,19.1523864587148,23.221377563476562,4.068991104761761,19.971809078852335
468,-1.2759868468878404,-1.3424161267730426,-1.3424161267730426,1.4224686667604267,0.0467,0.0010007766255546572,0.012494852757608553,0.14267642774953032,11.852447077913105,0.39934224088986714,-1.148807629942894,-1.148807629942894,1.5481498698393503,0.0010009540361352264,0.015328278361509243,0.15892258727302153,15.689916102091471,14.995058377583822,14.377757008870443,14.995058377583822,nan,17.874317169189453,17.874317169189453,17.44567348162333,20.542476717631022,3.096803236007691,17.788588431676228
469,-1.268359288854419,-1.335823822696254,-1.335823822696254,1.4415498623308145,0.0468,0.0010008465867700441,0.012806854456803709,0.1279624871698753,12.01464312031584,0.17774929702281952,-1.2568418711423874,-1.2568418711423874,1.4345911681652068,0.001001043024007231,0.013616955086278418,0.13579657326141995,14.84766222635905,13.309039115905762,12.99853458404541,13.309039115905762,nan,17.41500981648763,17.41500981648763,16.94425024986267,20.627704048156737,3.6834537982940674,17.320857903162636
470,-1.2959533232562948,-1.3652054273857261,-1.3652054273857261,1.4765908414462827,0.0469,0.0010009334347966426,0.012259397242780565,0.1196299543920553,11.61266792945142,0.2776584933201472,-1.2878238012393315,-1.2878238012393315,1.5654822945594788,0.001001104691143458,0.013942266069352626,0.13208039061476787,13.989610036214193,12.70263474782308,12.098301124572753,12.70263474782308,nan,16.775306860605877,16.775306860605877,15.994683567682904,19.93681265513102,3.9421290874481176,16.619182202021282
471,-1.2513671866003073,-1.3171352800333276,-1.3171352800333276,1.399321288432715,0.047,0.001000793773751214,0.012908059462272334,0.14325545109667867,12.834293374475443,0.3281349569559097,-1.2017139772574106,-1.2017139772574106,1.5298489352067313,0.001001027705691134,0.014196684025228024,0.14746906130264203,15.256512196858724,14.109060160319011,14.145088322957356,14.109060160319011,nan,16.81610590616862,16.81610590616862,16.828307549158733,19.359529368082683,2.5312218189239495,16.818546234766643
472,-1.2778900007032,-1.3435116713901736,-1.3435116713901736,1.3932414853347923,0.0471,0.0010007319638048703,0.013508657134085332,0.16384542192209442,11.925901673874765,0.22986611127853393,-1.3156184116999308,-1.3156184116999308,1.5454845229784648,0.0010006021456016847,0.01097469818778336,0.1331302733781437,12.81442699432373,12.106606419881185,11.684281285603841,12.106606419881185,nan,15.332876586914063,15.332876586914063,14.838778495788574,17.521006202697755,2.682227706909181,15.234056968688964
473,-1.2854932411661688,-1.3484439175083953,-1.3484439175083953,1.3337007850970861,0.0472,0.0010006893975308762,0.012375742609981658,0.1411237830893611,11.683669198234126,0.2921033720175425,-1.2635271986325582,-1.2635271986325582,1.5556305706501008,0.00100101109710522,0.01449240253617366,0.1522279802088936,15.248214530944825,14.297994550069173,12.710862795511881,14.297994550069173,nan,13.519150606791179,13.519150606791179,13.566334692637124,14.53862247467041,0.9722877820332858,13.528587423960367
474,-1.2636352620034847,-1.3276142534219995,-1.3276142534219995,1.3526213573959638,0.0473,0.001000826420561182,0.013601479384134401,0.1621180517634131,12.402857123680835,0.15624492466449738,-1.2922574232021968,-1.2922574232021968,1.448502347866694,0.0010008516973660639,0.014068279306714733,0.16404939740896224,13.930887413024902,12.646217219034831,11.787623914082845,12.646217219034831,nan,13.87941665649414,13.87941665649414,13.472959995269775,16.11826203664144,2.6453020413716644,13.798125324249268
475,-1.3007601836942277,-1.3644317017411285,-1.3644317017411285,1.3432808810809873,0.0474,0.0010007464981479745,0.012199439213804479,0.1406419337639269,11.542645292462042,0.17164201339085897,-1.2544386625289916,-1.2544386625289916,1.4260806759198508,0.0010008697883070758,0.013267596942993502,0.12183448063830535,15.569494692484538,14.085792032877604,12.536795616149902,14.085792032877604,nan,13.019594319661458,13.019594319661458,12.964059654871622,14.70497194925944,1.740912294387817,13.008487386703491
476,-1.258762261777554,-1.3265638666332893,-1.3265638666332893,1.4274020869776887,0.0475,0.0010009488587285269,0.0122468591281125,0.11465760172819192,12.058059332505712,0.24164190391699472,-1.2140276849269866,-1.2140276849269866,1.4556695888439815,0.0010005614002390453,0.010693763669890662,0.1136237198797365,14.10087547302246,12.894351387023926,12.208504168192546,12.894351387023926,nan,15.636280504862468,15.636280504862468,15.020568211873373,17.341994857788087,2.3214266459147144,15.513138046264647
477,-1.2769330053959254,-1.339568092013305,-1.339568092013305,1.3158629806536548,0.0476,0.0010008145110541075,0.013016388303477247,0.15630843750429604,12.075467046701684,0.3581019540627797,-1.0747882425785065,-1.0747882425785065,1.4328901966412861,0.0010008859001876165,0.013588430468613903,0.13428598530590535,16.427966944376628,15.546588198343914,14.600319735209148,15.546588198343914,nan,20.044141896565755,20.044141896565755,18.62511510848999,21.45285135904948,2.8277362505594894,19.7603365389506
478,-1.2704037562856134,-1.3346469694713377,-1.3346469694713377,1.3468180355036035,0.0477,0.0010009482744554022,0.013259451722128774,0.1407637637600584,11.988921183460164,0.2733132719993591,-1.262030557791392,-1.262030557791392,1.5353438297907511,0.0010009626372872542,0.014834888543312748,0.15050328578799962,14.248768870035807,12.868685531616212,11.966926193237304,12.868685531616212,nan,15.90573844909668,15.90573844909668,16.00935722986857,18.39465675354004,2.3852995236714705,15.926462205251058
479,-1.251226231736957,-1.314639706656618,-1.314639706656618,1.3266417541593876,0.0478,0.0010010744071618286,0.013531699583356111,0.14786316791795334,12.208539063075804,0.11153080960114797,-1.278129623333613,-1.278129623333613,1.389660432934761,0.0010012967512011528,0.01230963422761609,0.10778025637070338,13.495414225260417,12.7716796875,12.34233118693034,12.7716796875,nan,13.97351106007894,13.97351106007894,13.752813975016275,15.32728354136149,1.5744695663452148,13.929371643066407
480,-1.2639857496855393,-1.3294083869682167,-1.3294083869682167,1.365817200462773,0.0479,0.001001040444639072,0.013565116315939516,0.14430833825806402,12.583277657346905,0.256970202922821,-1.2133330225944519,-1.2133330225944519,1.470303225517273,0.0010006302307980755,0.013195690528179208,0.143352772295475,14.906466992696126,14.107873916625977,13.47987314860026,14.107873916625977,nan,15.146804110209148,15.146804110209148,14.695788431167603,15.842348416646322,1.146559985478719,15.056600974400839
481,-1.2629279550516381,-1.3280821768742688,-1.3280821768742688,1.3573797435130712,0.048,0.001000703356386918,0.01335917992236198,0.15386688139922214,12.21729539475351,0.24654689133167268,-1.2416237413883209,-1.2416237413883209,1.4881706337134044,0.001000840471048529,0.015696299355477096,0.15178402401506902,14.422593116760254,13.630361938476563,13.901829592386882,13.630361938476563,nan,18.78252010345459,18.78252010345459,18.381496890385947,21.71088562011719,3.3293887297312423,18.70231546084086
482,-1.3092458709230963,-1.3739827983784225,-1.3739827983784225,1.3458820277789854,0.0481,0.0010007905910002454,0.011572433082070554,0.1267192079773489,11.334535067936159,0.40700018405914307,-1.238624041279157,-1.238624041279157,1.6456242243448893,0.0010009632251846293,0.012087607298356791,0.11408190460254748,14.635630098978679,12.969052441914876,12.823983764648437,12.969052441914876,nan,13.841535504659017,13.841535504659017,14.587976137797039,15.09446570078532,0.5064895629882802,13.99082363128662
483,-1.2678650145260792,-1.3351212447544314,-1.3351212447544314,1.3953575660597604,0.0482,0.0010007871183092302,0.012816147175881098,0.13126154489955813,12.160533437189066,0.14638513525327046,-1.206792919834455,-1.206792919834455,1.3531780550877253,0.0010011656811305632,0.016365526678661504,0.17133864505837362,16.25346024831136,14.410289891560872,14.266192372639974,14.410289891560872,nan,17.53667672475179,17.53667672475179,17.12780432701111,20.152370262145997,3.0245659351348877,17.45490224520365
484,-1.2665663395287856,-1.3374359742650446,-1.3374359742650446,1.4672803102799181,0.0483,0.0010008402651984175,0.01251024158917508,0.12926612717081915,11.847068102854603,0.24246961375077566,-1.1893002460400264,-1.1893002460400264,1.4317698607842126,0.0010009737549504887,0.013509983755648136,0.12912318216015894,15.299814160664877,13.881285794576009,13.697418975830079,13.881285794576009,nan,16.958541425069175,16.958541425069175,17.687598530451456,20.479246012369792,2.7916474819183357,17.10435284614563
485,-1.2826439828242895,-1.3506826229815214,-1.3506826229815214,1.4057570347246133,0.0484,0.001000746946237138,0.01176483321161765,0.12574099882874848,11.787849669186574,0.26974348922570546,-1.2157177299261093,-1.2157177299261093,1.4854612191518148,0.0010009939355465273,0.011882957008977731,0.13101464478919903,14.535271326700846,13.84780610402425,13.942327245076497,13.84780610402425,nan,15.403936386108398,15.403936386108398,15.363215255737304,16.511716270446776,1.1485010147094723,15.39579216003418
486,-1.2653995707349956,-1.3307455609429557,-1.3307455609429557,1.3473400349886913,0.0485,0.0010009698683993433,0.013026905694168131,0.1540559728471738,12.205930583881882,0.2905932585398356,-1.253557601571083,-1.253557601571083,1.5441508611043295,0.001000953180482611,0.012176121755813559,0.12305823061615229,14.60739345550537,13.47129675547282,12.58258794148763,13.47129675547282,nan,11.271495946248372,11.271495946248372,12.103560074170431,12.395730336507162,0.2921702623367306,11.437908771832785
487,-1.2848816783923023,-1.3529207155389606,-1.3529207155389606,1.3999802031606998,0.0486,0.0010008445791548715,0.012525363113590569,0.15415664066402418,11.92487017613537,0.42554957369963325,-1.2102426260709762,-1.2102426260709762,1.6357921997706095,0.0010008463286794722,0.011846948671154678,0.12053963163246711,14.665347544352214,13.87186902364095,13.737727483113607,13.87186902364095,nan,15.216412226359049,15.216412226359049,14.797768847147623,16.04387550354004,1.246106656392417,15.132683550516765
488,-1.2623629007699355,-1.3292039407874054,-1.3292039407874054,1.3725057874085769,0.0487,0.0010009735563488783,0.013996807014885938,0.1457384315864095,12.366459108748526,0.230376602212588,-1.2135372012853622,-1.2135372012853622,1.4439138034979502,0.0010007214674260466,0.011031370571193596,0.1184574625765284,14.968172899882,14.360054206848144,12.742549578348795,14.360054206848144,nan,12.701485443115235,12.701485443115235,12.965667279561362,13.875122515360514,0.9094552357991521,12.754321810404461
489,-1.3010847096173268,-1.3635622555354856,-1.3635622555354856,1.2802777481528949,0.0488,0.0010008104496969368,0.011406908136845197,0.12021381703187835,11.494750931577862,0.08543146252632142,-1.2706827759742736,-1.2706827759742736,1.356114238500595,0.001000701387723287,0.01194661615882069,0.13340994312117496,15.057836659749348,12.888744417826334,12.839579900105795,12.888744417826334,nan,14.999499638875326,14.999499638875326,14.67618923187256,17.605643717447915,2.9294544855753557,14.934837557474772
490,-1.3123598233708795,-1.3781697682614595,-1.3781697682614595,1.3458067358664747,0.0489,0.001000818890906027,0.012121224503542454,0.1371475059609368,11.431294666146332,0.29126183688640594,-1.156570201118787,-1.156570201118787,1.447832038005193,0.0010009390107976893,0.01268744672027727,0.13026858909676473,15.012536938985189,14.123827934265137,13.695813306172688,14.123827934265137,nan,16.547286542256675,16.547286542256675,15.466638278961183,17.7598627726237,2.2932244936625157,16.331156889597576
491,-1.2649024590006415,-1.3295800483451699,-1.3295800483451699,1.3199508538785971,0.049,0.001000984286327126,0.013062879592531695,0.1431508646961653,12.154415445507697,0.3074117789665858,-1.1796723306179047,-1.1796723306179047,1.4870841095844904,0.0010012205418509742,0.01639270889572799,0.16204799202581247,16.157765769958495,15.429057629903157,14.778545379638672,15.429057629903157,nan,15.636519877115886,15.636519877115886,15.704414224624635,16.100195185343424,0.3957809607187883,15.650098746617635
492,-1.2785792879338533,-1.3430380078981508,-1.3430380078981508,1.3128048563903232,0.0491,0.001001046840892226,0.012474793018246035,0.13094490316678892,11.997437486108744,0.17424806753794353,-1.236314090092977,-1.236314090092977,1.4105621566375097,0.0010009801131673156,0.012864036850320797,0.12292896167685588,13.742354583740234,13.290683555603028,12.622262064615885,13.290683555603028,nan,15.191381072998047,15.191381072998047,14.606411210695903,16.753499921162923,2.1470887104670204,15.074387100537617
493,-1.306870661816507,-1.3731787440911778,-1.3731787440911778,1.3477254779833667,0.0492,0.001000860060196159,0.011703258424224157,0.13226658949312173,11.531802843201834,0.3249800086021423,-1.3184827824433645,-1.3184827824433645,1.6434627910455069,0.0010009468610708912,0.013299324875697493,0.13231623998532693,13.285721079508464,12.465090942382812,11.898530642191568,12.465090942382812,nan,15.269797325134277,15.269797325134277,13.633628511428833,15.213268089294434,1.579639577865601,14.942563562393188
494,-1.3039203736017335,-1.36955504597358,-1.36955504597358,1.3313319930490457,0.0493,0.0010009821381349608,0.012126532471123731,0.13576856937329723,11.529735871081082,0.24025845825672149,-1.3135428071022033,-1.3135428071022033,1.5538012663523355,0.001000812971809258,0.009514922369271516,0.08981036065767209,12.979779243469238,12.255823961893718,11.159787559509278,12.255823961893718,nan,12.020165252685548,12.020165252685548,12.065699195861818,13.689151255289714,1.6234520594278958,12.029272041320802
495,-1.2519474175741088,-1.3224762981792666,-1.3224762981792666,1.4277101867603805,0.0494,0.001000899766606964,0.012731946864218082,0.1460016061956028,12.333819389343262,0.34526074727376305,-1.2366923540830612,-1.2366923540830612,1.581953102350235,0.0010007915960159152,0.01118750087916851,0.10763672565420469,13.768037668863933,13.076100603739421,12.858664830525717,13.076100603739421,nan,14.448256301879884,14.448256301879884,13.89279333750407,14.757499631245931,0.864706293741861,14.337163709004722
496,-1.277276950062446,-1.3461602139023114,-1.3461602139023114,1.3915810315114148,0.0495,0.0010007852117337708,0.012108616970198334,0.13191290024035382,11.805208116207483,0.18051509360472362,-1.3017955134312311,-1.3017955134312311,1.4823106070359549,0.0010006799168574313,0.01093811315173904,0.11626108142857751,13.281691042582194,12.273828887939453,11.695405642191568,12.273828887939453,nan,13.364211273193359,13.364211273193359,13.491048590342203,14.740671412150066,1.249622821807863,13.389578736623129
497,-1.281926856850678,-1.3525830057432067,-1.3525830057432067,1.4245192228623156,0.0496,0.001000781394189821,0.012990407267901695,0.14241325489754947,11.81641902563707,0.11012313961982727,-1.3049758623043697,-1.3049758623043697,1.4150990009307862,0.0010006109873453776,0.010971213753024737,0.10301875794927279,12.6041472752889,12.306851641337078,10.770609029134114,12.306851641337078,nan,13.626167360941569,13.626167360941569,13.958369143803914,16.581158129374185,2.6227889855702706,13.692607717514038
498,-1.3214103320859514,-1.3851602909699925,-1.3851602909699925,1.2826954654927523,0.0497,0.0010007393550795485,0.011725742668616321,0.13860027288209717,11.40911159875258,0.2236641933520635,-1.2678345451752344,-1.2678345451752344,1.491498738527298,0.0010009189407962063,0.012751739704981446,0.1325465397288402,13.993332036336263,13.13131643931071,11.975817171732585,13.13131643931071,nan,13.292769304911296,13.292769304911296,13.180972488721212,15.027565066019694,1.8465925772984821,13.270409941673279
499,-1.3087601920343794,-1.3720749965253867,-1.3720749965253867,1.2713816413339578,0.0498,0.0010008681631418614,0.011249396053828159,0.13045154743880596,11.571967223905167,0.20980998078982036,-1.2648950388034186,-1.2648950388034186,1.4747050205866497,0.0010009187584122021,0.011184293450787664,0.1351233856131633,13.726629002888997,12.905918057759603,12.324956321716309,12.905918057759603,nan,15.603001403808594,15.603001403808594,15.621204137802124,18.879951667785644,3.25874752998352,15.606641950607301
500,-1.2749531831381455,-1.3414539424878247,-1.3414539424878247,1.3326804626662776,0.0499,0.0010010030884998588,0.013149511482004286,0.1527546855076304,12.005404436363364,0.06570615470409394,-1.286314598719279,-1.286314598719279,1.3520207534233728,0.0010010095953475683,0.013440254439289371,0.13877622230599324,14.222007878621419,12.735723431905111,12.164109929402668,12.735723431905111,nan,15.924309221903483,15.924309221903483,15.451984723409018,18.29363384246826,2.841649119059243,15.82984432220459
501,-1.2671501625258967,-1.3305124561741668,-1.3305124561741668,1.2672457526314933,0.05,0.0010009105646771924,0.012923048554374924,0.1333572517658742,12.316578361223328,0.30919674038887024,-1.0785926441351572,-1.0785926441351572,1.3877893845240274,0.0010009279591031372,0.017024844714129964,0.19463113906482857,16.703800137837728,15.833519808451335,15.742525100708008,15.833519808451335,nan,17.360622469584147,17.360622469584147,17.22994187672933,18.92465902964274,1.6947171529134089,17.334486351013183
502,-1.253616136200023,-1.3192529565883133,-1.3192529565883133,1.3101160143906216,0.0501,0.001001054074017788,0.01346583452673172,0.15478080012044818,12.283037914420074,0.42078337172667185,-1.1193659236033757,-1.1193659236033757,1.5401492953300475,0.0010007463725438962,0.012440728621246915,0.13848460502922535,15.639107131958008,14.658019892374675,13.514824676513673,14.658019892374675,nan,14.707294209798176,14.707294209798176,14.684969027837116,16.26932258605957,1.5843535582224533,14.702829173405963
503,-1.2703085867863781,-1.3382552907151997,-1.3382552907151997,1.3535199277805832,0.0502,0.00100089925042582,0.013680571725346008,0.17174051456012815,12.042455709205484,0.22557724515597025,-1.1879870941241581,-1.1879870941241581,1.4135643382867178,0.0010007701464928686,0.0140441522312661,0.1434586527136465,15.969141642252604,14.459948857625326,14.20084451039632,14.459948857625326,nan,17.91626319885254,17.91626319885254,16.791748523712158,19.04314416249593,2.251395638783773,17.691360263824464
504,-1.312877875454021,-1.3789812191477362,-1.3789812191477362,1.3141817236846347,0.0503,0.0010006929119556862,0.011872087420790264,0.13325321164755327,11.543069785495973,0.06380913257598878,-1.3247387528419494,-1.3247387528419494,1.3885478854179383,0.001000694534741342,0.011579270001190405,0.11952009880915285,13.321821276346842,12.425572141011555,11.716089344024658,12.425572141011555,nan,12.412996069590251,12.412996069590251,12.365361007054647,13.698562749226888,1.3332017421722409,12.40346905708313
505,-1.286060777475249,-1.3527190302902798,-1.3527190302902798,1.3225844311264325,0.0504,0.0010006902893161718,0.012585201608192808,0.1518809178949527,11.758284928663722,0.24001692831516266,-1.1588281522194543,-1.1588281522194543,1.398845080534617,0.0010004968518236032,0.011605125238808493,0.1392448379347722,16.527114741007487,15.397256024678548,14.046870676676432,15.397256024678548,nan,13.277933247884114,13.277933247884114,13.456618499755859,14.256553077697754,0.7999345779418956,13.313670298258463
506,-1.283899578283418,-1.349505773130453,-1.349505773130453,1.2991324741885346,0.0505,0.0010008904621672799,0.012442213852169379,0.1366142323416359,12.097188067886064,0.32109156747659046,-1.1005262662967046,-1.1005262662967046,1.421617833773295,0.001000794960418716,0.012837964249774814,0.12424260495851437,15.474976666768391,14.87231896718343,15.233458455403646,14.87231896718343,nan,19.53683745066325,19.53683745066325,19.029910723368324,22.054135131835938,3.0242244084676138,19.435452105204263
507,-1.2930111322762832,-1.3612070465987582,-1.3612070465987582,1.347745252105425,0.0506,0.0010008184647820188,0.013758011109564663,0.17914987763143936,11.883586262756923,0.05728392899036407,-1.3134568045536676,-1.3134568045536676,1.3707407325506211,0.0010006281818884114,0.011266288099189599,0.127918600756675,13.689672660827636,12.569926452636718,11.53918530146281,12.569926452636718,nan,13.247076606750488,13.247076606750488,12.763012385368345,15.516423606872559,2.753411221504214,13.15026376247406
508,-1.2888532989429977,-1.3544293619551748,-1.3544293619551748,1.293413445634662,0.0507,0.0010007204057402767,0.012592116203861978,0.1394679992688152,11.952932762649825,0.17933519085248312,-1.227545620997747,-1.227545620997747,1.4068808118502298,0.0010010016344798108,0.014567808923311531,0.16292543429881334,14.331963793436687,13.266021347045898,13.064846102396647,13.266021347045898,nan,16.716136105855306,16.716136105855306,15.933308966954549,18.015457979838054,2.082149012883505,16.559570678075154
509,-1.26426015709931,-1.330842526453846,-1.330842526453846,1.310676522974698,0.0508,0.001000923980993904,0.013863858266048273,0.15663281286943634,12.385588232076392,0.02901961902777354,-1.2617001632849376,-1.2617001632849376,1.290719782312711,0.0010008971905335784,0.013130180211737752,0.14678086234877508,14.28171869913737,13.06280345916748,12.841973876953125,13.06280345916748,nan,13.97952995300293,13.97952995300293,14.433527755737305,16.773273976643882,2.3397462209065765,14.070329513549805
510,-1.2810041679526276,-1.3451542033339448,-1.3451542033339448,1.2603149177893154,0.0509,0.001000900864864717,0.012304009114093375,0.14930214142461992,11.834475166392776,0.15066486299037934,-1.2953326185544332,-1.2953326185544332,1.4459974825382234,0.0010006613486136,0.010024595291664202,0.09535565407325824,13.667942555745443,12.4831148147583,11.591191800435384,12.4831148147583,nan,13.790599250793457,13.790599250793457,13.905950212478638,16.16742401123047,2.2614737987518314,13.813669443130493
511,-1.3018951033646207,-1.3664435766777903,-1.3664435766777903,1.2656564116477966,0.051,0.0010007936705149852,0.011844522539385647,0.13410056108292542,11.57954686542727,0.26661029358704885,-1.157032764951388,-1.157032764951388,1.423643058538437,0.0010010580124799162,0.013491438360263903,0.1418658663208286,16.068392690022787,15.533290799458822,14.262251091003417,15.533290799458822,nan,16.59306945800781,16.59306945800781,16.08619505564372,17.354244041442872,1.268048985799151,16.491694577534993
512,-1.2723969715946126,-1.3386125227190413,-1.3386125227190413,1.2958033770885107,0.0511,0.0010009815033419796,0.013386364797797968,0.15199223540301593,12.174352393960053,0.1142149160305659,-1.20101364950339,-1.20101364950339,1.315228565533956,0.001000682507098342,0.010059155120203892,0.1016267725887398,15.017283693949382,14.447345542907716,12.667825444539387,14.447345542907716,nan,12.359875615437826,12.359875615437826,12.562857500712076,13.490796089172363,0.9279385884602878,12.400471992492676
513,-1.276416522152019,-1.3431978641815905,-1.3431978641815905,1.3043229467463944,0.0512,0.0010008685189773733,0.012301866483505605,0.14357230003993465,12.00490817483866,0.23784454862276713,-1.2760733743508657,-1.2760733743508657,1.5139179229736328,0.0010007150781651338,0.010782187579510112,0.13812787973632415,14.259897359212239,12.942298571268717,11.606692377726237,12.942298571268717,nan,12.050025240580242,12.050025240580242,12.533677665392556,13.311305522918701,0.777627857526145,12.146755725542704
514,-1.2799417623933755,-1.3466314594700652,-1.3466314594700652,1.2999940390856761,0.0513,0.0010008396655496843,0.012505022764979105,0.15604613348841667,11.928075808399129,0.15762705504894256,-1.2578991423050563,-1.2578991423050563,1.4155261973539988,0.0010007186074896405,0.011019726827119788,0.11931285513564945,13.647941398620606,12.765182622273763,12.341032632191975,12.765182622273763,nan,15.266912587483723,15.266912587483723,14.881692282358806,17.096751340230306,2.2150590578714997,15.18986852645874
515,-1.3103743499180056,-1.3777880691132456,-1.3777880691132456,1.3115509770951181,0.0514,0.0010007473525925066,0.011521098783837174,0.13870837152847704,11.411227154281905,0.21541051864624022,-1.2295742601156234,-1.2295742601156234,1.4449847787618637,0.0010007542790845037,0.010385833564214408,0.12055807871123154,14.432270685831705,12.834215863545735,12.270968627929687,12.834215863545735,nan,13.041300201416016,13.041300201416016,13.31838870048523,13.94566281636556,0.627274115880331,13.096717901229859
516,-1.2598982025992196,-1.3280928888410892,-1.3280928888410892,1.3241685505183238,0.0515,0.0010009810003399286,0.013014973756277337,0.16478392523976992,12.109683792546111,0.12561454872290292,-1.273681120077769,-1.273681120077769,1.399295668800672,0.0010010205151047558,0.014424442329133551,0.14991139595707256,14.364711507161458,12.712755966186524,12.917417017618815,12.712755966186524,nan,16.190130360921223,16.190130360921223,15.796515464782717,17.02017504374186,1.2236595789591451,16.11140738169352
517,-1.2571860596818745,-1.3268540524086863,-1.3268540524086863,1.350154918319774,0.0516,0.0010009037642651852,0.012831886448317542,0.1439097195441993,12.079709961729229,0.20424291590849558,-1.1394734859466553,-1.1394734859466553,1.3437164018551508,0.0010010615204616138,0.01420369326757888,0.14576816248397031,16.503516260782877,14.91666768391927,14.92895933787028,14.91666768391927,nan,17.369151814778647,17.369151814778647,16.5438249429067,18.769772148132326,2.2259472052256264,17.204086440404257
518,-1.2924792654109452,-1.3586251803164213,-1.3586251803164213,1.2794178668058143,0.0517,0.0010009823248387788,0.011810037237152739,0.1287883811120717,11.718969749954512,0.09432828028996786,-1.182886677980423,-1.182886677980423,1.27721495727698,0.0010007918424283465,0.009842387307435274,0.11291420677055915,14.570912551879882,13.13584836324056,12.744478543599447,13.13584836324056,nan,15.201514498392742,15.201514498392742,15.35935829480489,17.011697642008464,1.652339347203574,15.233083257675172
519,-1.2648373032515903,-1.334503028752669,-1.334503028752669,1.344898189013859,0.0518,0.0010008816563366156,0.012550248755669256,0.15097634301011292,12.043571841041997,0.07680711150169373,-1.2896847565968832,-1.2896847565968832,1.366491868098577,0.0010008581778189788,0.011048917068789403,0.10928486535946529,13.967724291483561,12.898438580830891,12.67773469289144,12.898438580830891,nan,12.501291211446127,12.501291211446127,12.963182576497395,13.879677391052246,0.9164948145548504,12.593669484456381
520,-1.3153406179176186,-1.3808797058069482,-1.3808797058069482,1.2627956181202296,0.0519,0.0010007939714376094,0.011475263655466854,0.134535486194885,11.418605426572404,0.12120701670646668,-1.255463218688965,-1.255463218688965,1.3766702353954314,0.0010010167471288392,0.011320802809981009,0.1052973506351312,14.037370300292968,13.04635238647461,12.538219197591145,13.04635238647461,nan,16.90808213551839,16.90808213551839,16.849846108754477,20.240656725565593,3.390810616811116,16.896434930165608
521,-1.280871626341118,-1.346026602781044,-1.346026602781044,1.252980279472639,0.052,0.0010009456012960312,0.012437891118439301,0.12697163663523378,11.7913478275515,0.15864876210689544,-1.242684151728948,-1.242684151728948,1.4013329138358435,0.00100099232319432,0.011389027388455967,0.11750657192120949,14.3516295115153,13.1462677637736,12.68315773010254,13.1462677637736,nan,16.459193483988443,16.459193483988443,15.923541673024497,18.216648292541503,2.2931066195170065,16.352063121795652
522,-1.314761703869082,-1.380607600482005,-1.380607600482005,1.2638366739704925,0.0521,0.0010009826367439808,0.010964915402374178,0.11547671300622653,11.239321060900417,0.19425574839115142,-1.225592816869418,-1.225592816869418,1.4198485652605692,0.0010010656726080925,0.011495690800560017,0.10923983808606863,14.47335090637207,13.675059382120768,13.300532976786295,13.675059382120768,nan,14.676054763793946,14.676054763793946,14.968889474868774,17.3816780090332,2.4127885341644273,14.734621706008912
523,-1.2768954061112314,-1.3461847052259266,-1.3461847052259266,1.3273812037593913,0.0522,0.0010009762997967454,0.012528866810618707,0.1451614004963974,12.06704413216069,0.13306267062822977,-1.1954394678274791,-1.1954394678274791,1.3285021384557087,0.001001024841874217,0.012677371447595457,0.1387569135054946,15.262504959106446,14.343955739339192,13.87459405263265,14.343955739339192,nan,15.335073089599609,15.335073089599609,15.474558671315512,16.597028795878092,1.1224701245625806,15.362970205942789
524,-1.2659477996376325,-1.3316721241429168,-1.3316721241429168,1.2566791660380814,0.0523,0.0010009970810299492,0.013303749992529739,0.15701235739408798,12.33103717947906,0.4662527680397034,-1.1844601372877757,-1.1844601372877757,1.650712905327479,0.0010006505472119898,0.010375126971242328,0.1058558643485109,14.350197919209798,13.681095695495605,13.255391565958659,13.681095695495605,nan,14.334426816304525,14.334426816304525,14.689075628916422,16.289386749267578,1.6003111203511562,14.405356578826904
525,-1.269315411459725,-1.3376041515818182,-1.3376041515818182,1.3032202045872527,0.0524,0.0010008077238211936,0.012385448353048766,0.12253538540230607,12.021052972325739,0.20985767543315886,-1.1932334492603938,-1.1932334492603938,1.4030911256869634,0.0010009057781038184,0.011626592099977037,0.11750352568924427,14.59813232421875,14.171592521667481,13.573591868082682,14.171592521667481,nan,13.146023368835449,13.146023368835449,13.502626037597656,14.329716936747234,0.827090899149578,13.21734390258789
526,-1.2916601491424273,-1.3607308009885393,-1.3607308009885393,1.3156315223226007,0.0525,0.0010009405734720377,0.012232586776591697,0.1381102365283471,11.591275754964576,0.13444014489650727,-1.2990812381108603,-1.2990812381108603,1.4335213830073674,0.0010014854041704288,0.014466792802947263,0.15318235556284587,13.54497578938802,12.024118359883627,12.22985184987386,12.024118359883627,nan,14.264262580871582,14.264262580871582,14.215395259857178,15.745581499735515,1.5301862398783364,14.2544891166687
527,-1.3216367172745038,-1.3885075708605208,-1.3885075708605208,1.2713089911442883,0.0526,0.0010008928893169141,0.01124758739903007,0.13142913017632826,11.244755888884923,-0.002032920718193054,-1.3309892515341442,-1.3309892515341442,1.328956330815951,0.0010007093815753857,0.012558797840029001,0.15045252411315838,13.572964859008788,12.291614087422689,11.384576924641927,12.291614087422689,nan,12.560966618855794,12.560966618855794,12.575957123438519,14.668534215291341,2.0925770918528226,12.56396471977234
528,-1.2838892846737269,-1.350879451013961,-1.350879451013961,1.2711606115665075,0.0527,0.0010008267654141164,0.01196165499716716,0.13954324816476624,11.67536807510088,0.1316320240497589,-1.3295618385076522,-1.3295618385076522,1.4611938615640006,0.0010010396285603444,0.012569325774287184,0.13413247192899386,13.474529139200847,12.373623275756836,11.504584312438965,12.373623275756836,nan,15.10036563873291,15.10036563873291,14.905969619750977,17.601787694295247,2.6958180745442704,15.061486434936523
529,-1.2645078728783805,-1.3358922285853692,-1.3358922285853692,1.3519765003672186,0.0528,0.0010010059615421407,0.013216949111940164,0.14326048361242943,12.165418957764247,0.05839851597944896,-1.302623407046,-1.302623407046,1.3610219230254492,0.0010008658010823032,0.014058073547979196,0.16380915114035208,14.436652946472169,13.162712860107423,12.087464141845704,13.162712860107423,nan,15.085452397664389,15.085452397664389,13.919524176915488,16.024710845947265,2.1051866690317773,14.85226675351461
530,-1.320975661277771,-1.3878400235805872,-1.3878400235805872,1.2639765649471644,0.0529,0.0010008165318483734,0.010706987381332888,0.12199800651309625,11.333619846487945,0.12995346188545226,-1.259450234969457,-1.259450234969457,1.3894036968549093,0.0010014350351411848,0.01628765563170115,0.17515014602492254,14.18485622406006,12.93220755259196,12.57139186859131,12.93220755259196,nan,17.43351605733236,17.43351605733236,16.639529848098753,19.149554824829103,2.5100249767303495,17.274718815485638
531,-1.2794111539732735,-1.346104401462483,-1.346104401462483,1.2583630591068629,0.053,0.0010009725723099316,0.012480506998539533,0.1345989910780259,11.852191862070336,0.1705262412627538,-1.1117411849399408,-1.1117411849399408,1.2822674264510472,0.0010010853390364598,0.014429856417700648,0.14820176685849826,15.673403803507487,14.4866548538208,15.143812942504884,14.4866548538208,nan,17.77973969777425,17.77973969777425,18.351738675435385,20.99855105082194,2.6468123753865562,17.894139493306476
532,-1.2724495856267102,-1.3386074529503875,-1.3386074529503875,1.2459109178129233,0.0531,0.0010009705229609641,0.01257020948489882,0.13659401125503037,11.938576761281714,0.07325299282868704,-1.2750814318656922,-1.2750814318656922,1.3483344246943791,0.001000987486137698,0.013608723343349994,0.13858669418841602,14.83051160176595,13.460329755147297,12.318415387471516,13.460329755147297,nan,14.573759460449219,14.573759460449219,14.906646537780762,17.05324192047119,2.1465953826904283,14.640336875915528
533,-1.3051361925197098,-1.371005026799328,-1.371005026799328,1.2381360519607112,0.0532,0.0010009628527288168,0.011940446559269473,0.12508929162374083,11.516511494258665,-0.048361778259277344,-1.3240649243195852,-1.3240649243195852,1.2757031460603079,0.0010007636349958677,0.009881542258275052,0.09980194345116615,12.904175885518391,12.281922849019368,11.6941863377889,12.281922849019368,nan,13.403837140401205,13.403837140401205,13.964544677734377,16.713337580362957,2.74879290262858,13.515978647867838
534,-1.3028316452818096,-1.3711764812469482,-1.3711764812469482,1.2822670329291865,0.0533,0.0010007803793996572,0.011706760864845425,0.13211341504499596,11.628367900848389,0.11546768546104431,-1.2005613406499227,-1.2005613406499227,1.3160290271043777,0.0010010402630238483,0.013933698437176645,0.15986257797727982,15.00665906270345,13.96820068359375,13.732644653320312,13.96820068359375,nan,15.396560605367025,15.396560605367025,15.459127839406333,17.000797907511394,1.541670068105061,15.409074052174887
535,-1.3027515760007895,-1.3680758318811093,-1.3680758318811093,1.2233007538993403,0.0534,0.001000893387925934,0.012679641310758185,0.16721399859437402,11.836620114884287,0.06848882039388021,-1.3089874337116878,-1.3089874337116878,1.3774762541055678,0.0010010094207245856,0.011687808111310006,0.129756509916236,13.32564582824707,12.533887736002605,11.648649215698242,12.533887736002605,nan,13.654394340515136,13.654394340515136,13.243902810414633,14.128140258789063,0.8842374483744297,13.572296034495036
536,-1.3153886772551626,-1.380840022608919,-1.380840022608919,1.2233898257309537,0.0535,0.0010008496509091754,0.011840075781604028,0.14702167811821093,11.482265526393675,0.017040743430455526,-1.2960042476654052,-1.2960042476654052,1.3130449910958608,0.0010007090478514633,0.011542321338007847,0.13933779603491228,13.892263666788738,12.869834709167481,11.991878700256347,12.869834709167481,nan,13.603307088216146,13.603307088216146,13.410991644859315,14.769947369893393,1.3589557250340771,13.564843999544781
537,-1.3388051997940495,-1.4035216479931238,-1.4035216479931238,1.2073965623693645,0.0536,0.0010009276337991908,0.010934434558774502,0.12558913125463253,11.05174913046495,0.0651760866244634,-1.1984494547049205,-1.1984494547049205,1.2636255413293838,0.0010010922599273423,0.01165361371046553,0.1230430989836653,15.074516169230144,13.777899678548177,13.682728322347005,13.777899678548177,nan,18.629766019185386,18.629766019185386,17.959514061609905,21.23115978240967,3.2716457207997642,18.49571562767029
538,-1.2910029910645395,-1.359023040195681,-1.359023040195681,1.266667683169527,0.0537,0.0010010259015099058,0.011928149419924561,0.14633047313622707,11.621251367173105,0.20375253359476725,-1.3254921118418375,-1.3254921118418375,1.5292446454366049,0.0010011678406347832,0.013728094582135478,0.13493585077424844,12.97336254119873,12.188636970520019,11.646744759877523,12.188636970520019,nan,13.93063850402832,13.93063850402832,13.447636651992799,15.304401715596518,1.856765063603719,13.834038133621217
539,-1.317197581507125,-1.3842798718866312,-1.3842798718866312,1.2468827670475222,0.0538,0.0010008960676748517,0.011699303369617687,0.13895688044293872,11.407032210871858,0.28452308773994445,-1.1043004641930263,-1.1043004641930263,1.3888235519329706,0.00100101840410692,0.014074993909647067,0.144098869835337,17.95381393432617,16.011984825134277,14.278953488667806,16.011984825134277,nan,14.69014377593994,14.69014377593994,15.158890263239543,16.485024706522623,1.3261344432830793,14.783893073399861
540,-1.3066153098952096,-1.3776165876748427,-1.3776165876748427,1.3172778341005433,0.0539,0.001000823378387206,0.012206408590570374,0.14056464453350823,11.43411654346394,0.2350108116865158,-1.1126400848229727,-1.1126400848229727,1.3476508965094884,0.0010007400958177944,0.013444057945162059,0.1422031259785096,16.429395167032876,15.313856379191082,14.850294812520344,15.313856379191082,nan,19.151482009887694,19.151482009887694,19.572143348058066,21.644424756368,2.0722814083099337,19.23561427752177
541,-1.29872798019985,-1.3649845100798697,-1.3649845100798697,1.2269725957006778,0.054,0.0010007522574116319,0.012909269109719767,0.1462879127488946,11.531123539186874,0.03694946269194285,-1.254001040259997,-1.254001040259997,1.29095050295194,0.0010007888971207042,0.012027429672889412,0.1356684034690261,14.629680569966634,13.418952496846517,13.014716148376465,13.418952496846517,nan,15.513812700907389,15.513812700907389,15.999904696146645,18.35654182434082,2.3566371281941745,15.611031099955241
542,-1.3536177243826524,-1.419612297471964,-1.419612297471964,1.219862772608703,0.0541,0.0010009267002801007,0.010577610175494315,0.11873204278636654,10.614170065465963,0.07942670186360677,-1.2891265829404195,-1.2891265829404195,1.3685532848040263,0.0010011264627488952,0.011253674964730937,0.13019109616676966,14.37113291422526,12.270209821065267,12.2051513671875,12.270209821065267,nan,14.113037109375,14.113037109375,13.620707321166991,14.829932657877604,1.2092253367106132,14.0145711517334
543,-1.3250443665486462,-1.3903789790171497,-1.3903789790171497,1.2054357359994132,0.0542,0.0010010812207529285,0.011086984607830362,0.13648743273795777,11.23373378897613,0.13463333249092102,-1.347695787747701,-1.347695787747701,1.482329120238622,0.0010008980888718119,0.010034236420566837,0.11034638453274966,12.97849775950114,11.711845525105794,11.398616600036622,11.711845525105794,nan,14.417214012145996,14.417214012145996,13.513504433631898,15.166105779012044,1.6526013453801465,14.236472096443176
544,-1.336161973341456,-1.406593214790776,-1.406593214790776,1.2970763658577542,0.0543,0.0010008431953501026,0.01111162975781931,0.14740206947866477,11.032514581140482,0.034639404217402144,-1.2562239746252695,-1.2562239746252695,1.2908633788426718,0.0010008650521437328,0.010420829484549662,0.12116271934161583,13.928395462036132,12.496844482421874,12.085696856180826,12.496844482421874,nan,16.28757972717285,16.28757972717285,15.686125206947326,18.60236473083496,2.9162395238876346,16.167288823127745
545,-1.3244231399500146,-1.393500804901123,-1.393500804901123,1.2698100366682377,0.0544,0.0010008483966988213,0.011952789017122309,0.16356975704712687,11.464009177010015,0.09927700459957123,-1.3246116618315378,-1.3246116618315378,1.423888666431109,0.0010008205368649214,0.012660438652771215,0.14484859320024648,13.069528770446777,12.361374028523763,11.144941647847494,12.361374028523763,nan,14.188660748799641,14.188660748799641,13.732007424036663,15.361236254374186,1.6292288303375226,14.097330083847046
546,-1.2915008135561674,-1.3605156889501608,-1.3605156889501608,1.2663279884266403,0.0545,0.0010009304123913061,0.012444475375748467,0.15490375993386754,11.680844180988815,0.32464842597643534,-1.2540258646011353,-1.2540258646011353,1.5786742905775706,0.0010012186927876126,0.017103520998110373,0.21149273322274287,15.327247810363769,13.969230842590331,13.502797698974609,13.969230842590331,nan,15.042359415690104,15.042359415690104,15.09530658721924,16.85912952423096,1.763822937011719,15.052948849995932
547,-1.3438274702935848,-1.4141641135485667,-1.4141641135485667,1.2882169282661293,0.0546,0.0010009025386095328,0.010939143800159108,0.14393669999433015,10.710946802823049,0.04430631597836812,-1.3383126199245452,-1.3383126199245452,1.3826189359029135,0.0010010230626600483,0.011333655503888925,0.1316330701733629,13.063588460286459,11.895153109232584,11.131131807963053,11.895153109232584,nan,13.55079911549886,13.55079911549886,13.251307439804076,14.946436500549316,1.6951290607452396,13.490900780359905
548,-1.3023117195885137,-1.373370107614769,-1.373370107614769,1.2990563826740913,0.0547,0.001000812378237551,0.011700576294283822,0.14777180773891369,11.521599148804286,0.03405506710211436,-1.2599577337503434,-1.2599577337503434,1.2940128008524576,0.0010008927570500721,0.013911640892426172,0.1677710372954607,14.323096656799317,13.698395347595214,12.537985547383625,13.698395347595214,nan,15.522305679321288,15.522305679321288,15.104338081677753,17.22047913869222,2.1161410570144668,15.43871215979258
549,-1.2602676940414141,-1.327341522810594,-1.327341522810594,1.223974790213243,0.0548,0.0010010464433229194,0.01415189354733195,0.15996982016653385,12.268698836272618,0.14227883716424305,-1.2553530027469,-1.2553530027469,1.397631839911143,0.001001473762638246,0.01544349609563748,0.14910336943964164,13.596234639485678,12.901227315266928,13.192792256673178,12.901227315266928,nan,16.844575055440266,16.844575055440266,16.560053539276122,19.625769488016765,3.0657159487406425,16.787670752207436
550,-1.3517428366643078,-1.4196253295214671,-1.4196253295214671,1.236475355220291,0.0549,0.0010009708765999607,0.010315804338117815,0.11855354356878209,10.681181484798216,0.09195655286312103,-1.2659449835618337,-1.2659449835618337,1.3579015364249547,0.0010010117238077024,0.011650332257462044,0.11938530933111906,13.974817403157552,13.408421579996745,12.253525225321452,13.408421579996745,nan,14.472112019856771,14.472112019856771,15.532517846425375,18.212624804178873,2.680106957753498,14.684193185170493
551,-1.3199258491678059,-1.3941336420347106,-1.3941336420347106,1.349232573554201,0.055,0.0010009418650231553,0.010917199213268622,0.13001447564588403,11.00195692170341,0.06646720965703329,-1.3159025738636652,-1.3159025738636652,1.3823697835206985,0.0010009551576028268,0.009931775035026173,0.1120666499560078,13.693276087443033,12.362675539652507,11.959720547993978,12.362675539652507,nan,12.74096393585205,12.74096393585205,12.918567117055257,14.690498288472494,1.7719311714172363,12.776484572092693
552,-1.3095475637687828,-1.378076805258697,-1.378076805258697,1.2437248274965107,0.0551,0.001000987554742199,0.011098700206515924,0.13619443394665448,11.386395526382158,0.22224172254403432,-1.2230761220057806,-1.2230761220057806,1.445317844549815,0.001000777567969635,0.011618871490160625,0.14318544374157985,14.616975911458333,14.010731061299643,12.921090189615885,14.010731061299643,nan,13.488209851582845,13.488209851582845,13.268181586265564,15.135585721333822,1.8674041350682575,13.44420419851939
553,-1.332367352719577,-1.4024968282231745,-1.4024968282231745,1.270461400724807,0.0552,0.001000842428766191,0.010908254589182589,0.1301860306060539,11.227186958744841,0.23623310923576354,-1.2993533511956532,-1.2993533511956532,1.5355864604314169,0.0010010372924928864,0.013172473936962584,0.1265683786943555,13.854785092671712,12.75950133005778,11.572868156433106,12.75950133005778,nan,13.518489933013916,13.518489933013916,13.2853191614151,14.390839131673177,1.1055199702580776,13.471855778694152
554,-1.3069914264499016,-1.3739630028886616,-1.3739630028886616,1.2110592329277183,0.0553,0.001001033519025681,0.012286092593984783,0.1455862984623549,11.478740359252354,-0.034335705637931827,-1.3511671066284179,-1.3511671066284179,1.3168314009904862,0.001001107646152377,0.01069827440660447,0.11073106518015266,12.826790364583333,12.129076766967774,11.029872067769368,12.129076766967774,nan,11.972597694396972,11.972597694396972,11.969554487864176,13.575547027587891,1.6059925397237151,11.971989053090415
555,-1.3379878075617664,-1.4053964749822077,-1.4053964749822077,1.2167628778601594,0.0554,0.0010009419177395274,0.010636346098387017,0.12552219133753822,11.072718944189683,0.25889983276526135,-1.239258020122846,-1.239258020122846,1.4981578528881072,0.0010009844321757556,0.010574618975321451,0.12113498753557603,14.094225883483887,12.2447785059611,12.365180015563965,12.2447785059611,nan,16.770388476053874,16.770388476053874,15.71905058224996,17.695738792419434,1.976688210169474,16.56012089729309
556,-1.3107868995306626,-1.383659839630127,-1.383659839630127,1.3130259806255125,0.0555,0.001001155441011882,0.012068656879424487,0.13392048111220575,11.22411183591159,0.10841459035873413,-1.2673065662384033,-1.2673065662384033,1.3757211565971375,0.001000963238766417,0.011303603656900425,0.11769778054828445,14.36936149597168,13.195402654012044,12.280969111124675,13.195402654012044,nan,14.451164054870606,14.451164054870606,13.644065848986308,14.735085995992025,1.0910201470057164,14.289744413693747
557,-1.3192185332190316,-1.3879032697317735,-1.3879032697317735,1.2353370032220516,0.0556,0.0010008341369201553,0.011260036431815265,0.14203851761401826,11.320918110181701,0.06160206397374471,-1.3403244614601135,-1.3403244614601135,1.4019265254338582,0.001000820193439722,0.00969519536010921,0.10398177457973361,12.798267237345378,11.664660199483235,11.053702926635742,11.664660199483235,nan,13.906812731424967,13.906812731424967,13.320804595947266,14.593102327982585,1.2722977320353195,13.789611104329428
558,-1.3328237218676873,-1.397601768655597,-1.397601768655597,1.1629811547837168,0.0557,0.0010010193493041508,0.010757461409875244,0.12833259050857346,11.055118200913915,-0.04705878595511118,-1.2800608356793721,-1.2800608356793721,1.2330020497242609,0.0010015581792686135,0.014871378250730535,0.16489482584098974,13.91920674641927,13.299411201477051,12.484420204162598,13.299411201477051,nan,15.223309389750163,15.223309389750163,15.131561009089154,18.196025975545247,3.064464966456093,15.20495971361796
559,-1.2787964535209368,-1.3504841777513612,-1.3504841777513612,1.2847264622742276,0.0558,0.001001117665338207,0.012969300019080346,0.14867550450957046,11.783814547196874,0.06974704762299856,-1.2662282625834147,-1.2662282625834147,1.3359753102064134,0.001000980124808848,0.012051615095697344,0.13201209201167027,14.107152557373047,12.851852544148763,12.627886327107747,12.851852544148763,nan,15.210157012939453,15.210157012939453,14.819910478591918,16.508215141296386,1.6883046627044678,15.132107706069945
560,-1.2880328162661139,-1.359870379825808,-1.359870379825808,1.2851085527887884,0.0559,0.0010010176975244903,0.01174025453697398,0.14566841651246232,11.644487704870835,0.05078741709391276,-1.2720311115185419,-1.2720311115185419,1.3228185286124547,0.001001068022257338,0.014588921198931832,0.17329238497962554,14.132874806722006,12.783691024780273,12.971353975931804,12.783691024780273,nan,15.326777140299479,15.326777140299479,15.543969519933066,17.073082478841147,1.5291129589080814,15.370215616226195
561,-1.3444843517159515,-1.4135070117014759,-1.4135070117014759,1.2325474496157665,0.056,0.0010008792094183417,0.010971194739400779,0.12226977413695939,10.977777562051449,0.14950270652770997,-1.2712675342957178,-1.2712675342957178,1.4207702408234277,0.0010009562519068518,0.010701930848881602,0.11980673509339491,13.160814221700033,12.445328776041666,11.916058413187663,12.445328776041666,nan,12.832777150472005,12.832777150472005,13.077357959747314,13.872197977701823,0.7948400179545096,12.881693312327066
562,-1.3016311492560044,-1.3729111113638248,-1.3729111113638248,1.270587463423891,0.0561,0.0010009198273830818,0.011626554767267322,0.13538656896858844,11.558450806815669,0.03126509785652161,-1.248592448234558,-1.248592448234558,1.2798575460910797,0.0010007453888344268,0.010324089198062818,0.10637329695746303,13.568004163106282,12.677142842610676,12.129292170206705,12.677142842610676,nan,13.501002184549968,13.501002184549968,13.05530021985372,14.229346656799317,1.1740464369455967,13.411861791610718
563,-1.3237529048379861,-1.3910383795792203,-1.3910383795792203,1.1972504201925025,0.0562,0.001000972067111365,0.011257275947773794,0.1412273027213677,11.072918136164827,0.24383471111456553,-1.203390238682429,-1.203390238682429,1.4472249488035838,0.0010010461672209203,0.013056963666652639,0.1436198075612386,14.984889602661132,13.715726979573567,13.056367047627766,13.715726979573567,nan,12.781763776143391,12.781763776143391,12.600002225240072,13.441013717651368,0.8410114924112957,12.745411465962727
564,-1.2996656028729565,-1.3699646468432445,-1.3699646468432445,1.2486507510239224,0.0563,0.001000972956700145,0.011585107740928541,0.13902454492899607,11.474033526654514,0.18326748311519622,-1.2594239562749863,-1.2594239562749863,1.4426914393901824,0.0010009334849504132,0.011676441474507252,0.11999716106802225,15.240322049458822,13.382364590962728,12.339363543192546,13.382364590962728,nan,14.300691477457683,14.300691477457683,14.755149443944296,16.667575772603353,1.9124263286590573,14.391583070755004
565,-1.3130252799897824,-1.3836877098623312,-1.3836877098623312,1.2528801740340467,0.0564,0.0010009104921921807,0.011130886495043084,0.1218391405945679,11.354884075668624,0.21428925096988677,-1.2484428306420645,-1.2484428306420645,1.4627320816119511,0.001000974205089733,0.011074086596878866,0.11492179886748394,13.442974917093913,12.35081049601237,11.954480870564778,12.35081049601237,nan,14.319106356302898,14.319106356302898,14.384162918726602,15.989786720275879,1.6056238015492763,14.332117668787639
566,-1.3176088411852998,-1.3863650267978884,-1.3863650267978884,1.216923676571756,0.0565,0.001000948382084662,0.011718034261029284,0.14400419150039834,11.387160957984204,0.15921584665775299,-1.134705439209938,-1.134705439209938,1.293921285867691,0.0010011239113130916,0.01546478949021548,0.16837770746399958,16.13461004892985,15.666749318440756,14.518996493021648,15.666749318440756,nan,21.512440745035807,21.512440745035807,20.500993331273396,24.336622556050617,3.8356292247772217,21.310151262283323
567,-1.3243595744079013,-1.391697402270335,-1.391697402270335,1.189714123617928,0.0566,0.0010007209087423278,0.012514357551721469,0.15340187548185294,11.59912420668692,-0.05796142319838206,-1.2878132949272791,-1.2878132949272791,1.229851871728897,0.0010010253560418885,0.012809953310837348,0.13768599399675926,14.443839645385742,13.31083017985026,12.364289728800456,13.31083017985026,nan,14.65488109588623,14.65488109588623,14.872703711191814,16.227261098225913,1.3545573870340988,14.698445618947348
568,-1.2499188106015044,-1.321029304333453,-1.321029304333453,1.2541533697326228,0.0567,0.001000975612287392,0.0131481269831365,0.14712580560513264,12.480120901791555,0.10446784098943075,-1.1775180498758953,-1.1775180498758953,1.2819858908653259,0.0010008405680612972,0.008915426357028385,0.07963111214339733,13.40486634572347,13.03251609802246,12.482334899902344,13.03251609802246,nan,14.851162974039713,14.851162974039713,15.708886178334554,17.811813100179037,2.1029269218444835,15.022707614898682
569,-1.3136137341553311,-1.3777308599004205,-1.3777308599004205,1.128822720275735,0.0568,0.0010009601290495891,0.010962521604631306,0.12727265197010534,11.247912478896806,0.11852629880110423,-1.225304721792539,-1.225304721792539,1.3438310205936432,0.0010010472848080098,0.01178232931997627,0.12138500194996596,14.273273468017578,13.44642448425293,13.007150522867839,13.44642448425293,nan,14.07343406677246,14.07343406677246,14.1625350634257,15.635274314880371,1.472739251454671,14.091254266103109
570,-1.3177427570774871,-1.3867383565542832,-1.3867383565542832,1.212576541135896,0.0569,0.0010009361321176842,0.011312222160961269,0.14153164280754216,11.100480772414297,0.12812034885088602,-1.1949948102235795,-1.1949948102235795,1.3231151590744654,0.0010009856234925488,0.011170781496912242,0.13053325284272432,13.924046389261882,13.115840848286947,13.022148895263673,13.115840848286947,nan,15.079771741231282,15.079771741231282,14.70627139409383,16.669615999857584,1.9633446057637531,15.005071671803792
571,-1.343367134625057,-1.4117170516050086,-1.4117170516050086,1.1991212188072924,0.057,0.001001049973123338,0.010370434428793643,0.12354275911062393,10.688445855986398,-0.008630309502283733,-1.2852947572867075,-1.2852947572867075,1.2766644477844238,0.0010013847320806235,0.01157057205370317,0.12130734783907732,13.785455004374187,13.00285078684489,12.226524225870769,13.00285078684489,nan,13.327224286397298,13.327224286397298,12.915611441930135,13.988906288146973,1.0732948462168377,13.244901717503865
572,-1.322615183749289,-1.391374577891152,-1.391374577891152,1.2041925720448763,0.0571,0.0010009607660390859,0.011180988521719316,0.12074481773207772,11.12073292822208,0.06762673954168956,-1.3206000606218973,-1.3206000606218973,1.388226800163587,0.0010007785497388492,0.009890687325969339,0.10507459870229165,12.913950792948405,11.991457494099935,11.201296552022297,11.991457494099935,nan,13.448862711588541,13.448862711588541,13.544920110702515,15.430544662475587,1.8856245517730716,13.468074191411336
573,-1.2918623505898241,-1.3659598804869741,-1.3659598804869741,1.2954114765491125,0.0572,0.0010008664762179524,0.011953408777151467,0.1368947341546135,11.695315343029094,0.1181145707766215,-1.1854625542958577,-1.1854625542958577,1.3035771250724792,0.001000604551518336,0.010250345904690523,0.10714108739048242,14.813609059651693,14.024159622192382,13.325868542989095,14.024159622192382,nan,15.290505282084148,15.290505282084148,14.65922638575236,16.65500005086263,1.9957736651102689,15.164249502817789
574,-1.3162455536284536,-1.3869197818468202,-1.3869197818468202,1.2334070790488765,0.0573,0.0010007762235923197,0.010982426885023431,0.13730052935908427,11.282038436745697,-0.0399414598941803,-1.3408355087041854,-1.3408355087041854,1.3008940488100051,0.0010009844108329466,0.012516919686459006,0.1485719562197725,12.547098731994629,11.707732391357421,11.810703913370768,11.707732391357421,nan,15.091160837809245,15.091160837809245,15.380306100845338,18.418251037597656,3.037944936752318,15.148989890416463
575,-1.3098526675746125,-1.380707806011416,-1.380707806011416,1.2344102297189101,0.0574,0.0010009050580128184,0.012084233926011706,0.16304799689436858,11.692386150360107,0.043340991934140524,-1.2273001412550608,-1.2273001412550608,1.2706411331892014,0.0010014018858782946,0.018495895061641933,0.22722647401193777,14.853296534220378,12.906893221537272,13.33660068511963,12.906893221537272,nan,19.670733324686687,19.670733324686687,19.167761246363323,23.34721984863281,4.179458602269488,19.570138909022013
576,-1.256911650018872,-1.3234463165391166,-1.3234463165391166,1.1571248038759772,0.0575,0.0010010956233051027,0.0134995361649484,0.15297515240480314,12.233058911449504,0.06023991306622823,-1.2880836258331934,-1.2880836258331934,1.3483235388994217,0.0010010417298569033,0.01396381265949458,0.15730238848676284,14.429559771219889,13.540017318725585,12.858843676249187,13.540017318725585,nan,13.000821526845296,13.000821526845296,13.211420845985412,14.473353576660156,1.2619327306747437,13.042941390673318
577,-1.3077259783474904,-1.3774881137991852,-1.3774881137991852,1.2111482271608316,0.0576,0.0010010408663700492,0.012477832327965857,0.16647864895749767,11.471396392246461,0.05460004806518555,-1.309915167093277,-1.309915167093277,1.3645152151584625,0.001001305387277777,0.015967518230900167,0.2014039957274993,13.990157572428386,12.44794937769572,11.999255307515462,12.44794937769572,nan,17.093980407714845,17.093980407714845,15.806834840774535,19.56861203511556,3.7617771943410254,16.83655129432678
578,-1.320317857670334,-1.39238389483038,-1.39238389483038,1.2489780997330289,0.0577,0.0010009485709849956,0.012352404896310478,0.15427435136769177,11.405903312395203,0.05003848870595296,-1.2275712460279464,-1.2275712460279464,1.2776097347338995,0.0010007061995565892,0.013034845151317616,0.15030249990522862,14.699098777770995,13.974365743001302,13.737327067057292,13.974365743001302,nan,15.773657862345377,15.773657862345377,16.55738321940104,18.4423983891805,1.8850151697794608,15.93040293375651
579,-1.2974882958070286,-1.3661615218756333,-1.3661615218756333,1.1881180450601398,0.0578,0.001001005133455795,0.012338405562881028,0.14453020523179252,11.52999691693288,0.0034829715887705484,-1.2149704505999883,-1.2149704505999883,1.2184534221887589,0.0010012070182710887,0.014673102398713429,0.17559963079790275,15.646358235677083,14.50973981221517,13.576609992980957,14.50973981221517,nan,16.565838432312013,16.565838432312013,14.986484670639038,16.656628545125326,1.6701438744862873,16.24996767997742
580,-1.2947105045588512,-1.3626224297397542,-1.3626224297397542,1.1729175943248678,0.0579,0.0010009170443979355,0.012430768547895944,0.15131811312628243,11.915457347653946,-0.021325848499933877,-1.209638570745786,-1.209638570745786,1.188312722245852,0.0010009290437058857,0.010993075526009003,0.14511159729833403,14.34597822825114,13.503875414530436,13.80967508951823,13.503875414530436,nan,14.827305030822753,14.827305030822753,15.15927823384603,16.42596327463786,1.2666850407918293,14.89369967142741
581,-1.3292867485082374,-1.4002978959173527,-1.4002978959173527,1.224330169974633,0.058,0.0010009122054742755,0.01200395199593227,0.16309391208133608,11.05673953722108,-0.004627880454063415,-1.2334993352492651,-1.2334993352492651,1.2288714547952015,0.0010012134191735337,0.01423008923108379,0.15815291876594226,15.382476043701171,13.290953890482585,12.940088780721029,13.290953890482585,nan,15.50857613881429,15.50857613881429,14.878266239166262,18.604297637939453,3.7260313987731912,15.382514158884684
582,-1.3471432406947297,-1.4148245262649823,-1.4148245262649823,1.1649101916349158,0.0581,0.001000884986254123,0.01058629174927636,0.14545119325366784,11.005478175181263,-0.11920770903428396,-1.297250826160113,-1.297250826160113,1.178043117125829,0.0010011147474870085,0.009361104372267922,0.10689934665958087,12.832697486877441,11.463846015930176,12.559250513712565,11.463846015930176,nan,16.323599751790365,16.323599751790365,15.074652417500813,17.55390084584554,2.479248428344727,16.073810284932453
583,-1.2922465058992494,-1.361992651561521,-1.361992651561521,1.1983874159039192,0.0582,0.0010011738873491028,0.012127751871100012,0.14073262602653144,11.43853470064559,-0.10336953699588776,-1.2731528123219809,-1.2731528123219809,1.169783275326093,0.0010010360468489428,0.013026803623264034,0.15072511894007523,14.609588114420573,12.949608612060548,12.776490147908529,12.949608612060548,nan,14.64306672414144,14.64306672414144,13.821542119979858,15.975498580932618,2.1539564609527595,14.478761803309123
584,-1.3075569125841249,-1.3765681318517,-1.3765681318517,1.183725971095967,0.0583,0.0010009077663164375,0.012464269398237174,0.15853727946303925,11.545404092320856,0.09131917258103689,-1.2852422267198562,-1.2852422267198562,1.3765613993008932,0.0010008332416570436,0.012016911789154013,0.13046061989540855,13.574077733357747,12.300072606404623,12.081833680470785,12.300072606404623,nan,15.509200096130371,15.509200096130371,14.738239256540934,17.964615249633788,3.2263759930928533,15.355007928212483
585,-1.3169235227242955,-1.387507773795218,-1.387507773795218,1.2086344563736107,0.0584,0.001000913778179378,0.011497444165694827,0.13775485754013062,11.192327571365068,-0.09518120288848878,-1.319796285033226,-1.319796285033226,1.2246150821447372,0.0010009958292357623,0.010737114531608919,0.1192396933833758,13.09749501546224,11.95048573811849,11.327242660522462,11.95048573811849,nan,15.711079629262288,15.711079629262288,15.461111903190613,19.58806635538737,4.126954452196756,15.661086084047954
586,-1.3636701736810073,-1.427368530687296,-1.427368530687296,1.0888607603199076,0.0585,0.0010009315611689158,0.010421393623681,0.1278035193681717,10.74094208231512,0.1381820191939672,-1.1952313929796219,-1.1952313929796219,1.333413412173589,0.0010014367386853944,0.014459668045553068,0.16698338439067203,14.99760290781657,14.254363695780436,14.347126324971518,14.254363695780436,nan,16.943290201822915,16.943290201822915,16.40212237040202,17.96941998799642,1.5672976175944022,16.835056635538734
587,-1.290814536922383,-1.3609993007947814,-1.3609993007947814,1.1976921232241504,0.0586,0.0010013027481277877,0.013473907722827961,0.16106485006100726,11.879403924042323,-0.0076005945603052774,-1.3010942697525025,-1.3010942697525025,1.2934936751921973,0.0010009577905293553,0.01077237284431855,0.13707067364205916,13.71247838338216,12.175801340738932,12.05473124186198,12.175801340738932,nan,13.267096455891927,13.267096455891927,12.874797693888347,14.97130044301351,2.096502749125163,13.188636703491213
588,-1.3053986441414311,-1.3759954065646764,-1.3759954065646764,1.2026705944313194,0.0587,0.0010009910801495865,0.010784975305761932,0.11533348079559938,11.360273793058575,0.09238048195838929,-1.2740569790204366,-1.2740569790204366,1.366437460978826,0.0010011831667119016,0.015928004294012983,0.1926465112095078,14.831524276733399,13.22537275950114,12.334711011250814,13.22537275950114,nan,15.372675577799479,15.372675577799479,14.57025761604309,16.078894996643065,1.5086373805999749,15.2121919854482
589,-1.2976111589737658,-1.3703443126858406,-1.3703443126858406,1.2369584834800575,0.0588,0.001001031006211942,0.011969423281766896,0.13794465138102477,11.512019076437321,-0.09289002915223439,-1.282740554213524,-1.282740554213524,1.1898505250612894,0.0010007388792776814,0.011999690416269004,0.15377418231219053,14.163156000773112,12.448226038614909,12.300127760569255,12.448226038614909,nan,15.736458079020183,15.736458079020183,15.054003286361695,17.862656847635904,2.808653561274209,15.599967120488486
590,-1.333894800465062,-1.4012362372200444,-1.4012362372200444,1.1433181504033647,0.0589,0.0010009466600165052,0.010714154725648323,0.13022258582542529,10.93183541747759,0.13891315559546152,-1.2372174193461736,-1.2372174193461736,1.376130574941635,0.0010008489654865116,0.009741761535406113,0.1050892660394311,13.634974034627279,12.831940078735352,12.342921384175618,12.831940078735352,nan,13.29298661549886,13.29298661549886,13.24462545712789,14.140467898050945,0.8958424409230545,13.283314383824667
591,-1.3115175658801816,-1.3783862725743707,-1.3783862725743707,1.1333679950462197,0.059,0.0010010894510965303,0.01136829033669717,0.13594223256662208,11.210707664489746,-0.09199488759040833,-1.326412026087443,-1.326412026087443,1.2344171384970346,0.0010014773327081154,0.013166725216433407,0.15090587635835012,13.9653444925944,12.441554959615072,11.275152905782063,12.441554959615072,nan,12.661190096537272,12.661190096537272,12.688559675216673,15.249266052246094,2.5607063770294207,12.666664012273152
592,-1.317033459555428,-1.383387493637373,-1.383387493637373,1.1227417858141773,0.0591,0.001001153323570934,0.011422425974160433,0.12086131325307882,11.278646577079341,0.09558412830034892,-1.2086150546868641,-1.2086150546868641,1.304199182987213,0.0010011275648139418,0.011880658000397186,0.12669038977473973,14.759335009256999,13.669911321004232,13.433996136983236,13.669911321004232,nan,17.752960141499837,17.752960141499837,16.75587142308553,19.476558621724447,2.7206871986389167,17.553542397816976
593,-1.3078445960890572,-1.376345895371347,-1.376345895371347,1.1571164929641868,0.0592,0.0010011604600498136,0.012317037315301175,0.13483597665041122,11.492080094679347,0.07752202351888021,-1.213243775566419,-1.213243775566419,1.2907657990852992,0.0010009166765181968,0.010477419453673064,0.10049257433662812,15.583601570129394,13.755080858866373,12.725814628601075,13.755080858866373,nan,13.222878646850585,13.222878646850585,13.437606652577717,15.462367312113445,2.024760659535728,13.265824247996012
594,-1.3297593289951108,-1.3964915433019962,-1.3964915433019962,1.1253323453777242,0.0593,0.001000959114259425,0.011034621716529693,0.12389297101576373,11.097776305000737,-0.08736431698004404,-1.3121833761533102,-1.3121833761533102,1.2248190591732662,0.0010010818485170602,0.010398239789841076,0.10052862633019685,13.806451733907064,11.948578898111979,11.537139701843262,11.948578898111979,nan,13.314964612325033,13.314964612325033,13.687830567359924,16.029617055257162,2.341786487897238,13.389537803332011
595,-1.3093935779805452,-1.3786868340564224,-1.3786868340564224,1.1665532071635407,0.0594,0.0010009158912272949,0.010842318989266202,0.12928817231418951,11.356523126926062,-0.1664188712835312,-1.3427726070086161,-1.3427726070086161,1.1763537357250848,0.0010007545080346367,0.010192143800668418,0.12367149523148933,13.524285570780437,12.43123582204183,11.199041906992594,12.43123582204183,nan,13.95432866414388,13.95432866414388,13.153910319010416,15.426418177286784,2.2725078582763683,13.794244995117186
596,-1.3224685304569748,-1.390147588163052,-1.390147588163052,1.1374631816486143,0.0595,0.001000991563382998,0.011226300123797835,0.12874671605960378,11.149659858559662,0.08802332778771718,-1.2342991630236309,-1.2342991630236309,1.322322490811348,0.0010009954450652004,0.011144456872716545,0.11380165399362643,14.688167381286622,13.851639111836752,12.689283625284832,13.851639111836752,nan,12.407648595174154,12.407648595174154,12.560365645090739,13.250140698750814,0.6897750536600746,12.438192005157472
597,-1.3013468373496577,-1.3738340566743095,-1.3738340566743095,1.216228481733574,0.0596,0.0010009748149522632,0.012238314217132217,0.14899293273546785,11.579263291268978,-0.027296313643455507,-1.3072831322749456,-1.3072831322749456,1.27998681863149,0.0010007153478606293,0.011167199552680055,0.13873724915708105,13.822370274861653,12.145506032307942,11.44499848683675,12.145506032307942,nan,14.412559954325358,14.412559954325358,14.489096514383952,16.688554509480795,2.199457995096843,14.427867266337078
598,-1.3550217106657207,-1.4214267280866515,-1.4214267280866515,1.1123117557111777,0.0597,0.0010008593639007435,0.01050915563795364,0.12454053288641966,10.692399825689927,-0.10667729179064432,-1.2820031811793646,-1.2820031811793646,1.1753258893887202,0.0010008654712388913,0.01094436040148139,0.12059740231682857,13.644386482238769,12.491140556335449,12.621312141418457,12.491140556335449,nan,13.922369384765625,13.922369384765625,13.666351048151652,14.560288047790527,0.8939369996388749,13.871165717442832
599,-1.3284734341333497,-1.3941679315746955,-1.3941679315746955,1.0985700375628922,0.0598,0.001001031504820962,0.010312422169899603,0.11202741737635631,11.020252263770914,0.031122490763664246,-1.2208961635828017,-1.2208961635828017,1.2520186553398769,0.00100126449445573,0.013112693714598814,0.14947089115157725,15.186868476867676,13.901330439249675,13.212553405761719,13.901330439249675,nan,14.91541264851888,14.91541264851888,15.116658512751261,17.480503590901694,2.363845078150433,14.955661821365355
600,-1.2881997463838109,-1.3549531765703886,-1.3549531765703886,1.1144145760896071,0.0599,0.001001222360053293,0.012756230195386792,0.14812445619477416,11.944584585585684,-0.12839834690093993,-1.2592476079861323,-1.2592476079861323,1.1308492610851923,0.0010012126236688345,0.012391032356147965,0.11895567054549853,13.881284141540528,13.175537618001302,12.489453760782878,13.175537618001302,nan,14.321428807576497,14.321428807576497,14.673965803782144,15.999657694498698,1.3256918907165538,14.391936206817626
601,-1.2966647001932252,-1.3621406667637375,-1.3621406667637375,1.0912661147567462,0.06,0.0010011190952698016,0.01154141792289491,0.12663776185012088,11.459770067682806,0.010955293973286947,-1.2499533822139104,-1.2499533822139104,1.2609086761871973,0.0010009345132857561,0.01046147442733248,0.11271374225616455,14.325675264994304,13.207025782267253,12.445854250590006,13.207025782267253,nan,12.885300890604656,12.885300890604656,13.201049566268921,14.12471612294515,0.9236665566762294,12.94845062573751
602,-1.3125177936733894,-1.378952995786127,-1.378952995786127,1.105411117931582,0.0601,0.0010010228944801777,0.011413006138337671,0.1292692947219003,11.415376384303254,-0.10101356407006581,-1.338435850540797,-1.338435850540797,1.2374222864707312,0.0010013437732898942,0.012948044661122064,0.13882418237626554,13.757608668009441,12.463881429036459,11.289989153544107,12.463881429036459,nan,14.289077949523925,14.289077949523925,13.756143935521443,16.76000035603841,3.0038564205169678,14.182491146723429
603,-1.2802709678433977,-1.350865068300715,-1.350865068300715,1.1726596377930552,0.0602,0.0010009232583403024,0.012313858368697594,0.14818580086641717,11.889171276452407,0.06448855698108673,-1.2972018818060558,-1.2972018818060558,1.3616904387871425,0.00100114206240202,0.014722099558760722,0.17882845252752305,13.14720090230306,12.70214246114095,12.552118364969889,12.70214246114095,nan,14.88299109141032,14.88299109141032,14.965175215403239,17.45566349029541,2.490488274892172,14.899427916208904
604,-1.2892082209857005,-1.3597305507030126,-1.3597305507030126,1.1695245403163839,0.0603,0.0010008666761008637,0.012891637714896,0.16922149076214377,11.884365648593542,0.13951702415943146,-1.2989961117506028,-1.2989961117506028,1.4385131359100343,0.0010007981036324054,0.010762803861871362,0.12111638914793729,13.447547721862794,12.315045356750488,12.022054735819498,12.315045356750488,nan,16.08515033721924,16.08515033721924,15.035597801208498,17.728990745544433,2.693392944335935,15.87523983001709
605,-1.327414793788262,-1.3971198932179865,-1.3971198932179865,1.154057672563589,0.0604,0.0010007849832961583,0.012278250396638265,0.1717774508134374,11.304192498045147,-0.17560790379842123,-1.3695542832215628,-1.3695542832215628,1.1939463794231415,0.0010006746413030972,0.011324929329566658,0.1665538459395369,12.369513893127442,11.520907147725422,10.957736523946126,11.520907147725422,nan,13.991785875956218,13.991785875956218,13.16324561436971,15.332008361816406,2.1687627474466957,13.826077823638917
606,-1.32077575404689,-1.3870522514829096,-1.3870522514829096,1.095479299437325,0.0605,0.0010008460156760127,0.011513293808642423,0.1320755474691121,11.147548414626211,-0.07717535595099131,-1.3076541582743326,-1.3076541582743326,1.2304788023233413,0.0010010538467516501,0.013014246593229473,0.16478956484546264,12.87272497812907,12.146962928771973,11.870440737406414,12.146962928771973,nan,15.56290054321289,15.56290054321289,15.52977965672811,17.457246335347495,1.9274666786193855,15.556276365915934
607,-1.3596467758124728,-1.427128110291823,-1.427128110291823,1.1135534014341966,0.0606,0.001000905495119404,0.010231870665865124,0.12469546602300878,10.665610853231177,-0.11412183245023091,-1.3459556579589844,-1.3459556579589844,1.2318338255087535,0.00100138447402666,0.013166754708314935,0.16230246629565953,12.986970074971516,11.61433703104655,11.206509780883788,11.61433703104655,nan,14.167452303568522,14.167452303568522,14.039947064717609,16.10883757273356,2.0688905080159508,14.14195125579834
608,-1.3557368561906635,-1.4242222916405156,-1.4242222916405156,1.1282609712402776,0.0607,0.0010008760112917648,0.010823118201685402,0.13729612789345239,10.762476291296617,0.015249816576639812,-1.2015880743662517,-1.2015880743662517,1.2168378909428914,0.0010008887484824905,0.010141304632027944,0.1452383656054735,14.275569661458333,12.594686635335286,12.381001281738282,12.594686635335286,nan,15.650968805948894,15.650968805948894,15.566385157903035,18.15133253733317,2.5849473794301367,15.634052076339723
609,-1.3370683463114612,-1.4066483333425701,-1.4066483333425701,1.144407719936011,0.0608,0.0010009816856527665,0.010863000887252812,0.12935663745650705,10.978091392876967,0.03373767336209615,-1.2936880479256312,-1.2936880479256312,1.3274257212877274,0.0010008369378435116,0.011129222655047974,0.1272233217023313,13.950085194905599,12.277216657002766,11.691647466023763,12.277216657002766,nan,12.502304108937581,12.502304108937581,12.535771878560384,13.776486237843832,1.240714359283448,12.508997662862143
610,-1.2680345323850524,-1.3371541297660683,-1.3371541297660683,1.1349687643770903,0.0609,0.0010011127034096786,0.012949354340375032,0.16008260754762954,11.987660578961643,-0.07973844607671102,-1.3127879569927852,-1.3127879569927852,1.2330495109160742,0.0010009469580836595,0.011466012809736033,0.12411449768890938,13.506259536743164,12.13497625986735,11.505028343200683,12.13497625986735,nan,13.627330334981282,13.627330334981282,13.288224856058756,14.56453234354655,1.2763074874877933,13.559509239196776
611,-1.3402524624230727,-1.4105314466188539,-1.4105314466188539,1.1521145307792808,0.061,0.001000825669352879,0.010726866857060846,0.13666464613293702,11.03760659019902,-0.041032181183497114,-1.1762551029523214,-1.1762551029523214,1.1352229217688243,0.0010008473123889416,0.012344596224526565,0.14741183711836736,15.307382520039877,13.784748713175455,13.917644500732422,13.784748713175455,nan,16.3022180557251,16.3022180557251,16.75419464111328,18.97827040354411,2.2240757624308287,16.392613372802735
612,-1.3449443016412124,-1.41399806400515,-1.41399806400515,1.130176141576947,0.0611,0.0010008418049557873,0.010775716140655414,0.1353066659901502,10.930123095242482,0.014167112112045289,-1.2888906965653102,-1.2888906965653102,1.3030578086773554,0.0010008372987310092,0.008806578814983368,0.0888535948159794,12.790683555603028,11.599290720621745,11.300632985432943,11.599290720621745,nan,13.501756223042806,13.501756223042806,13.63188680013021,14.88915138244629,1.257264582316079,13.527782338460288
613,-1.333747317206185,-1.4047399511877097,-1.4047399511877097,1.1600101972525974,0.0612,0.0010009322157305367,0.010413905842897465,0.12538555398021103,10.777310740272954,-0.04985978404680888,-1.2603940228621164,-1.2603940228621164,1.2105342388153075,0.0010011598584242164,0.013449549193804462,0.17610851327578228,14.421449788411458,12.930408223470051,12.692241859436034,12.930408223470051,nan,17.1622106552124,17.1622106552124,16.337810881932576,19.21769930521647,2.8798884232838944,16.997330700556436
614,-1.3386077082382057,-1.4096462726593018,-1.4096462726593018,1.158867377155232,0.0613,0.0010010003582310845,0.011200674124202638,0.15155970108396602,11.091406741232243,-0.12773814002672831,-1.3407630602518716,-1.3407630602518716,1.2130249202251435,0.0010010944543561587,0.012162324941406647,0.1404206845909357,13.351685841878256,12.254646746317546,11.297296333312989,12.254646746317546,nan,13.058712514241536,13.058712514241536,13.208418575922648,13.820545768737793,0.6121271928151444,13.088653726577759
615,-1.3394890506312531,-1.4111620525144182,-1.4111620525144182,1.1673127300334427,0.0614,0.0010009274492918882,0.011240631025635972,0.1558123525442942,10.960190341157734,0.11968995928764344,-1.1389690240224202,-1.1389690240224202,1.2586589833100637,0.001000908356703197,0.012273748389755685,0.14625246543437243,15.943824831644694,15.34609514872233,13.835677591959636,15.34609514872233,nan,13.647476641337077,13.647476641337077,14.132435512542724,14.366789372762044,0.23435386021932025,13.744468415578206
616,-1.306283659530136,-1.3758936119529437,-1.3758936119529437,1.131869226131799,0.0615,0.0010011505823195824,0.011866159297807037,0.15378797296786084,11.232363179044903,-0.047117156783739726,-1.3556657681862514,-1.3556657681862514,1.3085486104091009,0.0010011389133675645,0.012604095693677663,0.1475959511473775,13.731131871541342,11.460957908630371,11.195595932006835,11.460957908630371,nan,13.602066294352214,13.602066294352214,13.316251182556153,15.58796869913737,2.2717175165812176,13.544903271993002
617,-1.3642728328704834,-1.4327269803802922,-1.4327269803802922,1.1112685799598694,0.0616,0.0010009313305347877,0.010562468891225333,0.13630498545068614,10.605807547299367,0.018479339281717935,-1.2498502065738042,-1.2498502065738042,1.2683295458555222,0.001001087628537789,0.008742816117592155,0.08946151168396076,13.207844543457032,12.54742603302002,12.437308756510417,12.54742603302002,nan,14.956542460123698,14.956542460123698,14.568932469685873,17.25681324005127,2.687880770365396,14.879020462036133
618,-1.3096574432445023,-1.3802009438568692,-1.3802009438568692,1.14333040084479,0.0617,0.0010012068746189744,0.011409738566726446,0.11906775449103904,11.430686851717391,-0.11342026789983113,-1.3327551662921906,-1.3327551662921906,1.2193348983923593,0.0010010587129121026,0.010007534672816594,0.11975291523461541,12.634577751159668,11.922852389017741,11.051081943511964,11.922852389017741,nan,13.45826498667399,13.45826498667399,13.448683698972067,15.116758918762207,1.6680752197901398,13.456348729133605
619,-1.3254098880965755,-1.395519735678187,-1.395519735678187,1.1344636892372708,0.0618,0.0010010990235111061,0.01067051736919104,0.1300268405872696,11.158455848693848,-0.04249188899993896,-1.3050236880779267,-1.3050236880779267,1.2625317990779876,0.0010009507008362562,0.010881021774063507,0.12113511258115371,13.34677251180013,12.508788108825684,11.851788393656413,12.508788108825684,nan,16.642873128255207,16.642873128255207,15.335543409983316,17.091389656066895,1.7558462460835784,16.38140718460083
620,-1.2955358714427587,-1.3678351258331876,-1.3678351258331876,1.1680009263866353,0.0619,0.0010010090125021787,0.012629153690177877,0.15941428519644826,11.574592923218349,-0.1522783120473226,-1.235663108030955,-1.235663108030955,1.0833847959836325,0.0010010358353611081,0.01101092662041386,0.1196435362411042,13.504800796508789,13.402267456054688,13.206073379516601,13.402267456054688,nan,15.129944992065429,15.129944992065429,15.322140820821126,16.748835945129393,1.4266951243082673,15.168384157816568
621,-1.3698166282671802,-1.4377155888755366,-1.4377155888755366,1.0951444630352956,0.062,0.001000943374029308,0.009985570830978313,0.11735138639737412,10.369264755608901,-0.0651099443435669,-1.3119135330120721,-1.3119135330120721,1.2468035886685054,0.0010012313102682432,0.010263398429378867,0.10749974399805069,12.769461504618327,12.277523549397786,12.000920804341634,12.277523549397786,nan,13.017511494954427,13.017511494954427,12.527033185958862,13.124870936075846,0.5978377501169838,12.919415833155314
622,-1.31765468053098,-1.3863092323519148,-1.3863092323519148,1.1055482839638333,0.0621,0.0010012081639735766,0.01121118065532086,0.12725765490025845,11.258092718304328,-0.030693599581718446,-1.1798929701248804,-1.1798929701248804,1.149199370543162,0.001001254591392353,0.010674809470462303,0.12778318524360657,14.488536898295084,13.628906313578288,14.065905570983887,13.628906313578288,nan,14.586494445800781,14.586494445800781,14.128771034876507,14.883059438069662,0.7542884031931543,14.494949763615926
623,-1.3198317885398865,-1.3889822937407583,-1.3889822937407583,1.1117445444161038,0.0622,0.001001100793902604,0.011455955475849926,0.12473573180723865,11.22806164003768,-0.05650852719942729,-1.1687639345725378,-1.1687639345725378,1.1122554073731103,0.0010009203416605791,0.011043381217556695,0.11463636849075556,14.43730837504069,14.42276045481364,13.589230092366536,14.42276045481364,nan,14.721288935343425,14.721288935343425,14.211509752273559,16.3913849512736,2.1798751990000422,14.619333098729452
624,-1.320106470359946,-1.3887480587329504,-1.3887480587329504,1.1017910332049963,0.0623,0.0010009566343934188,0.011744341549445998,0.15150072488863514,11.270775669025925,-0.014178374409675598,-1.160664310057958,-1.160664310057958,1.1464859356482824,0.001000659433581556,0.009662424741933743,0.12269228544707099,14.326391665140788,13.410954475402832,12.856681823730469,13.410954475402832,nan,13.527164141337076,13.527164141337076,13.931764618555704,14.88594544728597,0.9541808287302658,13.608084236780803
625,-1.3247130996776078,-1.3982422801683534,-1.3982422801683534,1.1783523390877921,0.0624,0.0010009788521477636,0.011272109702299788,0.1400199609123311,11.227128199811252,0.005582773685455322,-1.2890079299608865,-1.2890079299608865,1.294590703646342,0.001000985565284888,0.012301418953575194,0.1312918707728386,13.714683723449706,12.711423619588215,12.3844118754069,12.711423619588215,nan,15.34328098297119,15.34328098297119,14.740080451965332,17.709750684102378,2.9696702321370463,15.22264087677002
626,-1.3713384034498683,-1.4402365369616814,-1.4402365369616814,1.1023701811736484,0.0625,0.0010009241325534739,0.010120547587438574,0.12729176875414713,10.517314371073022,-0.10779713690280915,-1.2678706715504329,-1.2678706715504329,1.1600735346476236,0.0010007830297884843,0.009031609639835854,0.10767499664798379,13.647819328308106,12.016651662190755,11.693980852762857,12.016651662190755,nan,14.544240379333496,14.544240379333496,14.10686944325765,16.712729326883952,2.6058598836263016,14.456766192118327
627,-1.2883741641944308,-1.3604904806838845,-1.3604904806838845,1.1520178396746796,0.0626,0.0010009031843850916,0.01294792481293937,0.16464910796790752,12.015970562988857,0.006251896421114604,-1.183732283115387,-1.183732283115387,1.1899841795365016,0.0010011158185079694,0.01588100752948473,0.17813003386060397,15.806410662333171,14.354541714986166,14.597149340311686,14.354541714986166,nan,17.18909174601237,17.18909174601237,17.84985647201538,20.43505973815918,2.5852032661438002,17.32124469121297
628,-1.3314325314647746,-1.4013230553213156,-1.4013230553213156,1.1146811989118468,0.0627,0.001000934981143559,0.012153806068214043,0.1652321066215353,11.125922886830455,-0.04120291968186696,-1.2879681646823884,-1.2879681646823884,1.2467652450005213,0.0010009948009004196,0.012173927878029645,0.14827547663201887,13.921710141499837,12.995221138000488,12.256411870320639,12.995221138000488,nan,16.046790822347006,16.046790822347006,15.040793895721437,17.104836972554526,2.064043076833089,15.845591437021893
629,-1.3636959307598617,-1.4310587093515217,-1.4310587093515217,1.0726557149077363,0.0628,0.0010009819118938638,0.01057728386993678,0.1294597051334831,10.679276259440297,0.017677019039789837,-1.306522935628891,-1.306522935628891,1.324199954668681,0.0010013519960921258,0.010396948511091372,0.13265367907782397,14.295165316263835,12.517613283793132,11.64064712524414,12.517613283793132,nan,13.815368588765462,13.815368588765462,13.082110834121703,14.727801450093587,1.6456906159718834,13.66871703783671
630,-1.3505428984480083,-1.4178604359896678,-1.4178604359896678,1.070231094675244,0.0629,0.0010010535841948301,0.011446799995061362,0.14719503583773128,10.926757182715074,0.0371446818113327,-1.1452326416969298,-1.1452326416969298,1.1823773235082626,0.001000706882526477,0.009617215030205746,0.1106558299312989,14.744402186075847,13.862476348876953,13.295121828715006,13.862476348876953,nan,14.078523222605387,14.078523222605387,14.34208229382833,15.25612932840983,0.9140470345815004,14.131235036849976
631,-1.2958726961657685,-1.3656482426625378,-1.3656482426625378,1.107548419034706,0.063,0.001001177880614293,0.011430593699497997,0.1269774261229443,11.457166122940352,-0.16178044776121775,-1.2900976230700811,-1.2900976230700811,1.1283171753088632,0.0010013294852493952,0.011704761604778468,0.1255698235705495,14.028980382283528,12.544019889831542,12.174285697937012,12.544019889831542,nan,15.845230674743652,15.845230674743652,15.859976387023927,18.80972340901693,2.9497470219930015,15.848179817199707
632,-1.370574766734861,-1.4352193193615608,-1.4352193193615608,1.0244778226006706,0.0631,0.0010010481148712196,0.009882261387933538,0.10992411629490133,10.502415845978934,-0.08309046030044556,-1.2376513640085856,-1.2376513640085856,1.1545609037081401,0.0010010984299393991,0.012385737864921491,0.16186268820116917,14.926650238037109,13.508146540323894,12.085803476969401,13.508146540323894,nan,14.821453094482422,14.821453094482422,14.497789271672566,17.175424257914226,2.67763498624166,14.75672032992045
633,-1.3111557555648516,-1.3798422610984657,-1.3798422610984657,1.0868117393187757,0.0632,0.0010012152323604754,0.011459458390918543,0.14297182696326724,11.23188055686231,-0.2095361570517222,-1.3342280020316442,-1.3342280020316442,1.124691844979922,0.0010012078215368091,0.010767834059273203,0.13685573115944863,12.664119148254395,11.451785532633464,11.213751983642577,11.451785532633464,nan,13.876513036092122,13.876513036092122,13.321938411394754,15.14428997039795,1.8223515590031951,13.765598111152649
634,-1.341325136850465,-1.4088353548409804,-1.4088353548409804,1.0665121247183602,0.0633,0.0010011139927642806,0.010947220062590995,0.13983946040553866,10.91897617196137,-0.16273769239584604,-1.2670316825310388,-1.2670316825310388,1.104293990135193,0.0010013288915312539,0.013857782228539388,0.15115342314044636,14.220485242207845,13.32524751027425,12.409999338785807,13.32524751027425,nan,14.12954330444336,14.12954330444336,14.684880018234253,16.81518529256185,2.130305274327597,14.240610647201537
635,-1.3283949258192531,-1.3982114949316349,-1.3982114949316349,1.1012077168473657,0.0634,0.0010010300046008713,0.011129841621402861,0.13925616450186046,10.880071118192852,-0.1410870999097824,-1.321368364493052,-1.321368364493052,1.1802812645832697,0.001001016504596919,0.012673277004311482,0.1458120849604408,13.173018519083659,12.402540651957194,11.954073905944824,12.402540651957194,nan,13.141725540161133,13.141725540161133,13.575373331705729,15.856394513448079,2.28102118174235,13.228455098470052
636,-1.3093987017307642,-1.3756915342133,-1.3756915342133,1.0439816657102332,0.0635,0.0010009682297987758,0.012618487094581689,0.15062014147076966,11.771052288559249,-0.19831419984499613,-1.2871668706337611,-1.2871668706337611,1.088852670788765,0.0010012278934785476,0.01332959346473217,0.150773540387551,13.601161130269368,12.737968063354492,12.153550020853679,12.737968063354492,nan,14.500218137105305,14.500218137105305,13.619100371996563,14.81996955871582,1.2008691867192578,14.323994584083556
637,-1.3292345640794285,-1.3972349031916205,-1.3972349031916205,1.0691875972837772,0.0636,0.0010011795873068414,0.011058938285371042,0.13848380653082198,11.004992862917343,0.08888315657774608,-1.1263213455677032,-1.1263213455677032,1.2152045021454494,0.0010013229524095852,0.011496739143816133,0.12417920293907324,15.773126665751139,14.603578821818035,14.495490837097169,14.603578821818035,nan,16.769273312886558,16.769273312886558,16.013452974955243,17.581709098815917,1.5682561238606745,16.618109245300296
638,-1.3063150194455992,-1.3750813884555169,-1.3750813884555169,1.0795349489967778,0.0637,0.0010012918709830013,0.011377035271165506,0.1358239528424335,11.332918904862314,-0.07997272809346517,-1.2538552502791087,-1.2538552502791087,1.1738825221856435,0.0010013816819991917,0.009789531165733934,0.10488537916292746,13.248409716288249,12.823104921976725,12.03476448059082,12.823104921976725,nan,14.031553490956624,14.031553490956624,14.40528008143107,16.715438334147134,2.3101582527160645,14.106298809051513
639,-1.3124426828240447,-1.3813261670886345,-1.3813261670886345,1.0796784927260201,0.0638,0.0010012507346406016,0.012783554918572025,0.16557073080033627,11.647980231159138,-0.12137821118036905,-1.268159846464793,-1.268159846464793,1.1467816352844238,0.0010008341807406396,0.011412820840875307,0.1446865870927771,14.602215194702149,12.890551630655924,12.22738920847575,12.890551630655924,nan,14.213478279113769,14.213478279113769,13.80377853711446,15.815024248758952,2.0112457116444915,14.131538330713907
640,-1.3369626672762744,-1.4027400005538508,-1.4027400005538508,1.0293792283759926,0.0639,0.001000932303591157,0.010634892119340739,0.1226795972939932,11.075714579168356,-0.07846825122833252,-1.223725563287735,-1.223725563287735,1.1452573120594025,0.001001482780945177,0.015341619045163195,0.17696586779008308,15.374068196614584,14.069130452473958,13.512775039672851,14.069130452473958,nan,14.461819712320963,14.461819712320963,14.295395453770954,15.664353497823079,1.3689580440521247,14.428534860610963
641,-1.317998761276029,-1.380757471300521,-1.380757471300521,0.9806047318116674,0.064,0.0010012126316861162,0.011572479964497517,0.13770267086208993,11.020030489507711,-0.08764549891153971,-1.2780909270048142,-1.2780909270048142,1.1904454280932744,0.0010013057753288498,0.011407210708906252,0.11472560279071331,13.542498779296874,12.278518358866373,11.395388793945312,12.278518358866373,nan,12.563539632161458,12.563539632161458,12.807720279693603,14.764329846700033,1.9566095670064296,12.612375761667886
642,-1.2942169151216183,-1.3651681519904226,-1.3651681519904226,1.1068835652099465,0.0641,0.0010012133543397177,0.011945239496680925,0.14192003869223144,11.650684572615713,-0.005521356066068014,-1.2634222159783046,-1.2634222159783046,1.2579008599122365,0.00100103579267549,0.010655363004965087,0.12995147462934256,13.593877728780111,12.599248504638672,11.742538833618164,12.599248504638672,nan,13.477533531188964,13.477533531188964,13.32703177134196,14.62579205830892,1.2987602869669583,13.447433179219564
643,-1.3759132499964732,-1.4385904568546224,-1.4385904568546224,0.9762803990885897,0.0642,0.0010010720700693299,0.010660013658398727,0.13041358757412658,10.534089556280172,-0.27245689133803047,-1.3689629316329956,-1.3689629316329956,1.0965060402949651,0.001001304929377511,0.011155905753063659,0.13256384780009586,12.52722028096517,11.579568672180176,11.08346831003825,11.579568672180176,nan,12.550010808308919,12.550010808308919,12.363276386260985,13.824336115519205,1.4610597292582206,12.512663923899332
644,-1.3334687532119032,-1.400658127271904,-1.400658127271904,1.0449357482622255,0.0643,0.0010010898486658368,0.011860942046316165,0.1429639092453246,11.281256999609605,-0.19565301438172658,-1.371161448955536,-1.371161448955536,1.1755084345738094,0.0010009006674711904,0.008820507031244536,0.11076348330825567,11.995709164937336,10.907043329874675,10.335003916422526,10.907043329874675,nan,12.042014503479004,12.042014503479004,11.550890731811524,13.987524795532227,2.436634063720703,11.943789749145509
645,-1.31214565600989,-1.3816938962576524,-1.3816938962576524,1.079941544892653,0.0644,0.0010009687349973422,0.011026697593547826,0.14284973131176434,11.168811393233964,-0.13549831012884775,-1.3070732553799946,-1.3070732553799946,1.171574945251147,0.0010012744363242139,0.01595259999545912,0.17240687732895216,13.525350570678711,13.051338450113933,11.44974168141683,13.051338450113933,nan,15.0963072458903,15.0963072458903,15.04230898221334,16.917568270365397,1.8752592881520567,15.085507593154908
646,-1.3140623918119467,-1.3811135595699526,-1.3811135595699526,1.0395530248587985,0.0645,0.0010010632268979021,0.011191205200651344,0.12067133075786086,11.410938406890294,-0.12078051269054413,-1.2527803192536036,-1.2527803192536036,1.1319998065630594,0.0010016393459712466,0.01962773073464632,0.19497753673543533,15.970115534464519,14.1500638961792,13.567403793334961,14.1500638961792,nan,17.589469528198244,17.589469528198244,17.354990275700885,21.498874727884928,4.143884452184043,17.542573677698773
647,-1.3137478693476263,-1.383811761748116,-1.383811761748116,1.0845803056123122,0.0646,0.0010009292218799018,0.012311705880148231,0.1452469365354979,11.272956587233633,-0.14331158300240834,-1.3197641571362813,-1.3197641571362813,1.176452574133873,0.0010010909851795684,0.012939248497908314,0.1529715158045292,13.248143068949382,12.657539304097494,11.692896842956543,12.657539304097494,nan,12.968327649434407,12.968327649434407,13.073770999908447,14.820316569010417,1.7465455691019702,12.989416319529216
648,-1.3041358039064228,-1.3715694198068582,-1.3715694198068582,1.0422506006258838,0.0647,0.001001008241525236,0.012180647004466012,0.14288879663876766,11.639961296657347,-0.12285182078679403,-1.277365909020106,-1.277365909020106,1.154514088233312,0.001001147646456957,0.014141586717839043,0.1661319701001048,14.135684076944987,12.927111943562826,12.034927558898925,12.927111943562826,nan,14.353649012247722,14.353649012247722,14.60791958173116,16.830254999796548,2.222335418065388,14.404503126144409
649,-1.3779972521763928,-1.4433406928800188,-1.4433406928800188,1.0083864275014625,0.0648,0.001000892944229802,0.010213128827020244,0.13586521296287482,10.233390412240658,-0.10582261780897777,-1.2785750816265742,-1.2785750816265742,1.1727524638175963,0.0010011673633319635,0.01093007893456767,0.13945004573712746,13.08377908070882,11.921316083272298,12.296671358744304,11.921316083272298,nan,13.914159647623698,13.914159647623698,14.008046865463257,16.316536712646485,2.3084898471832282,13.93293709119161
650,-1.3389544914353568,-1.4105099214697785,-1.4105099214697785,1.1025489759895037,0.0649,0.0010009736529955605,0.0108890658297207,0.1332596278977844,10.939846902523401,-0.003785175085067749,-1.235369743903478,-1.235369743903478,1.2315845688184102,0.0010011334515487155,0.010953913419507444,0.1301580172032118,13.69016768137614,13.289396985371907,11.812192471822103,13.289396985371907,nan,14.986974906921386,14.986974906921386,15.034886026382445,17.404350090026856,2.3694640636444113,14.996557130813597
651,-1.3697148628954618,-1.4415459048073247,-1.4415459048073247,1.1050930889147632,0.065,0.0010009808356012658,0.009770482910340125,0.12137689929947539,10.311978861970722,-0.1472903569539388,-1.2712395628293356,-1.2712395628293356,1.1239492058753968,0.0010012256194992613,0.01251184882906576,0.1309020501251022,14.060958162943523,12.587664604187012,12.50034688313802,12.587664604187012,nan,15.264742851257324,15.264742851257324,15.577290487289428,17.295308748881023,1.7180182615915953,15.327252378463744
652,-1.2945247911057383,-1.3638681533201686,-1.3638681533201686,1.0651821595317912,0.0651,0.0010012698025917107,0.01232161602216228,0.13660997609203718,11.710879181915859,0.03343778451283773,-1.1114825434982776,-1.1114825434982776,1.1449203272660573,0.0010015424030522504,0.015575997826332847,0.14751340753088396,16.583757909139,15.62571283976237,15.566973368326822,15.62571283976237,nan,17.66914882659912,17.66914882659912,18.38567156791687,20.78672955830892,2.401057990392051,17.81245337486267
653,-1.2979923081847857,-1.3667097878905963,-1.3667097878905963,1.0539491750159353,0.0652,0.0010011856474931228,0.01187482545644326,0.14109585532602273,11.611064029189775,-0.14625129501024883,-1.3057786107063294,-1.3057786107063294,1.1595273156960806,0.0010011009930167348,0.012780335429124535,0.14472515837599834,13.915991592407227,12.702835083007812,11.837360763549805,12.702835083007812,nan,13.083733940124512,13.083733940124512,13.668956152598064,15.738753509521484,2.06979735692342,13.200778382619223
654,-1.3307500706528717,-1.4020967978351522,-1.4020967978351522,1.0925991197801985,0.0653,0.0010010136317742883,0.011584411823313753,0.14099368119155462,11.062772957783825,-0.06406975984573364,-1.3174261113007864,-1.3174261113007864,1.2533563514550528,0.0010010522712642948,0.010794962818423907,0.12233795976887146,12.7565128326416,11.76962070465088,11.323145802815755,11.76962070465088,nan,13.520046679178874,13.520046679178874,13.16033255259196,14.12422784169515,0.9638952891031902,13.448103853861491
655,-1.3557995715231266,-1.4265942686008957,-1.4265942686008957,1.0824877777189579,0.0654,0.0010007899562072642,0.010018360678036258,0.121201545667817,10.574869884634918,0.003981653849283854,-1.2191074758768081,-1.2191074758768081,1.223089129726092,0.0010007731732912361,0.008126033827041586,0.08314683772623539,13.559977022806804,12.688483174641927,12.18950252532959,12.688483174641927,nan,13.369503847757976,13.369503847757976,13.358940148353575,14.562311299641927,1.2033711512883514,13.367391107877097
656,-1.3675476897437617,-1.439324194530271,-1.439324194530271,1.09582449467677,0.0655,0.0010009649086673304,0.010149032641905096,0.12486630059638114,10.451076822460822,-0.08572462598482768,-1.189652532339096,-1.189652532339096,1.1039279063542684,0.001001154565407584,0.010200716376615068,0.1130565627788504,14.394801139831543,13.840224202473959,12.6207732518514,13.840224202473959,nan,16.739219411214194,16.739219411214194,16.857512871424355,19.9201052347819,3.0625923633575454,16.762878103256227
657,-1.3256796688403722,-1.3976174795402672,-1.3976174795402672,1.0966129876532644,0.0656,0.0010010483740600495,0.011602201340895778,0.14805832652831977,11.254878862848821,-0.0962589571873347,-1.2911291082700094,-1.2911291082700094,1.1948701510826747,0.0010009970826407274,0.010755353180381158,0.10661203016837438,13.944517898559571,13.043450609842937,11.902823352813721,13.043450609842937,nan,15.628923606872558,15.628923606872558,15.064568026860554,17.91052843729655,2.8459604104359943,15.516052490870155
658,-1.3104410081539515,-1.3810037475711894,-1.3810037475711894,1.0740144185300142,0.0657,0.0010008815245456852,0.011691108600781212,0.14232488349080086,11.494174012598002,-0.19024937947591145,-1.2785145928462347,-1.2785145928462347,1.0882652133703232,0.0010012234832781056,0.01315799873167028,0.15611340471853813,14.226012674967448,13.11157881418864,12.871782557169597,13.11157881418864,nan,15.081925201416016,15.081925201416016,15.092491547266642,17.38654842376709,2.2940568765004468,15.084038470586142
659,-1.3389631329842333,-1.4080343561352424,-1.4080343561352424,1.0497146316294401,0.0658,0.0010010391574809855,0.011500785645659803,0.1368957888686432,10.943790399803305,-0.1342124382654826,-1.309231593211492,-1.309231593211492,1.1750191549460094,0.0010011340840719641,0.011376595171168447,0.12754839180658262,13.540438969930014,12.818143781026205,11.391452534993489,12.818143781026205,nan,12.60607032775879,12.60607032775879,12.736334252357484,13.868847719828288,1.1325134674708046,12.63212311267853
660,-1.3388944211995826,-1.4077769630360153,-1.4077769630360153,1.0452587075953215,0.0659,0.0010009955764168276,0.011902378801748438,0.17125682736623962,11.29978446240695,-0.17397067844867706,-1.3462100724379222,-1.3462100724379222,1.172239393989245,0.0010009378156003853,0.011490176990628242,0.14910454812149207,12.659136136372885,11.027460289001464,10.791754659016927,11.027460289001464,nan,12.810743967692057,12.810743967692057,12.910203576087952,13.930967903137207,1.020764327049255,12.830635889371235
661,-1.3780354801213965,-1.4484461950805951,-1.4484461950805951,1.0668289605176673,0.066,0.0010009238997228302,0.010155380931946466,0.1332800955564346,10.411990075741175,-0.2694540500640869,-1.325999027490616,-1.325999027490616,1.056544977426529,0.0010009702353272587,0.011333555805807312,0.1338646372159322,13.853944524129231,12.318377113342285,11.4795103708903,12.318377113342285,nan,15.101374181111654,15.101374181111654,14.63149182796478,17.516880226135253,2.8853883981704733,15.00739771048228
662,-1.3317090542811267,-1.4006904566063072,-1.4006904566063072,1.043591484708606,0.0661,0.0010010129135137177,0.011147944959548284,0.13814860842419122,11.0918040365543,-0.08774780531724294,-1.2285933395226796,-1.2285933395226796,1.1408455342054367,0.0010009092938465377,0.011118510970845819,0.1397914661715428,14.988945070902506,13.390060488382975,12.425892003377278,13.390060488382975,nan,13.869407399495442,13.869407399495442,13.776898272832236,15.537145868937175,1.7602475961049393,13.850905574162802
663,-1.3284658890850138,-1.3968498931740814,-1.3968498931740814,1.0329910764154397,0.0662,0.0010011349563082716,0.010839404081398586,0.12740908914579535,10.937810268042222,-0.1892351120710373,-1.3531143645445505,-1.3531143645445505,1.1638792524735133,0.0010012666520196945,0.010941164653437833,0.12090285494923592,12.108667500813802,11.758508682250977,10.72832638422648,11.758508682250977,nan,12.097034168243407,12.097034168243407,12.094806758562724,13.635060119628907,1.540253361066183,12.096588686307271
664,-1.3711792882883325,-1.4438413190391828,-1.4438413190391828,1.095958226131943,0.0663,0.0010009644605781672,0.009451040611514505,0.11424175755314107,10.22646257112611,-0.12612199385960896,-1.2661006937424342,-1.2661006937424342,1.1399786998828252,0.0010012317875710626,0.010124533848526577,0.11284704208374023,12.85756721496582,12.403443272908529,12.613569831848144,12.403443272908529,nan,13.184548060099283,13.184548060099283,13.614280525843302,14.108095359802245,0.4938148339589432,13.270494553248087
665,-1.3416208557362825,-1.4143652443615895,-1.4143652443615895,1.0955479763588816,0.0664,0.0010008277494530633,0.011182139258620874,0.13950761175661716,10.959180588992137,-0.12918591996033987,-1.2816919306914012,-1.2816919306914012,1.1525060107310614,0.0010009323809451113,0.010475490832080443,0.1079539350544413,12.926210403442383,12.91475118001302,12.656402778625488,12.91475118001302,nan,13.01332810719808,13.01332810719808,13.370463387171426,13.941337140401204,0.5708737532297778,13.08475516319275
666,-1.3787064214922347,-1.4457539544915252,-1.4457539544915252,1.0082335786999397,0.0665,0.0010010714264902865,0.009695508482180676,0.11123590132678454,10.104600681448883,-0.13433136641979218,-1.2754661391178768,-1.2754661391178768,1.1411347726980845,0.0010010763362515718,0.010647002421319485,0.12487146283189456,13.754931449890137,11.931527709960937,12.289434432983398,11.931527709960937,nan,16.183284695943197,16.183284695943197,16.147102626164756,18.714010810852052,2.5669081846872963,16.17604828198751
667,-1.353950394774383,-1.420131746328102,-1.420131746328102,0.9937138613664879,0.0666,0.0010013870042660889,0.009819902549937086,0.1042920181281724,10.680808247260327,-0.0997266928354899,-1.214957665403684,-1.214957665403684,1.1152309725681941,0.0010021133697591723,0.01434848775776724,0.15318654502431553,14.626085535685222,13.50347843170166,13.375971857706705,13.50347843170166,nan,19.687130228678384,19.687130228678384,18.63547708193461,21.910251426696778,3.274774344762168,19.476799599329627
668,-1.338200292497311,-1.410513089512879,-1.410513089512879,1.0841499150923963,0.0667,0.001001281294760839,0.010096397400253787,0.12561449802146768,10.532711712819225,-0.1405106912056605,-1.2998812208573023,-1.2998812208573023,1.159370529651642,0.0010012698515007893,0.01178023846199115,0.12917016570766768,13.340070788065592,12.08685671488444,11.855054410298665,12.08685671488444,nan,16.218807474772134,16.218807474772134,15.741785462697347,18.654999669392904,2.9132142066955566,16.123403072357178
669,-1.3519381599606208,-1.4215610297221057,-1.4215610297221057,1.0422584864328492,0.0668,0.0010008566006842368,0.010692568539799947,0.1340082435394233,10.688599541502178,-0.12323908706506094,-1.1560604353745778,-1.1560604353745778,1.0328213493029277,0.0010010327872199316,0.011468194471672178,0.14763719144587714,14.398257954915364,13.92074457804362,13.448757362365722,13.92074457804362,nan,16.670368957519532,16.670368957519532,15.652159118652342,17.468578338623047,1.8164192199707045,16.466726989746093
670,-1.338873363890738,-1.4081228161757846,-1.4081228161757846,1.03511879916461,0.0669,0.001001091190736811,0.011050162388820131,0.13020896166563034,10.783346922892445,-0.08070204059282939,-1.1781886557737986,-1.1781886557737986,1.0974866151809692,0.0010012923992083719,0.013171741769959529,0.14941095629086096,14.896347173055013,13.941699854532878,13.284300422668457,13.941699854532878,nan,14.495076179504395,14.495076179504395,15.197633632024129,17.012761243184407,1.8151276111602783,14.635587670008341
671,-1.321946288617152,-1.3942484450790118,-1.3942484450790118,1.079136646018838,0.067,0.0010012859535702275,0.011176010672846492,0.12282176797260654,11.073708165366694,-0.2083522488673528,-1.257538291811943,-1.257538291811943,1.0491860429445903,0.0010009573229278128,0.011594433065814277,0.12561600158611932,13.491993713378907,12.881562868754068,12.263947677612304,12.881562868754068,nan,13.024571164449055,13.024571164449055,13.346868069966636,15.446477254231771,2.0996091842651357,13.089030545552571
672,-1.3446123330098279,-1.4134989931898296,-1.4134989931898296,1.0266267769741562,0.0671,0.0010010612763921326,0.01061828414259373,0.1298101893714014,10.79254907032229,-0.047711539268493655,-1.20848854581515,-1.20848854581515,1.1607770065466563,0.001001363086591785,0.012387146117786567,0.1247634667903185,14.103066635131835,13.128295071919759,13.041974449157715,13.128295071919759,nan,17.434661801656087,17.434661801656087,17.13440346717835,19.87659765879313,2.7421941916147823,17.37461013476054
673,-1.3549221585381706,-1.4208158569515876,-1.4208158569515876,0.980561060725518,0.0672,0.0010010203157709736,0.009849504664329425,0.10578260932750297,10.679766277097306,-0.17826587259769439,-1.3079512943824132,-1.3079512943824132,1.1296854217847188,0.001001422543777153,0.014442196829865377,0.16741392413775127,13.710572369893391,13.33400338490804,12.07192440032959,13.33400338490804,nan,16.705411529541017,16.705411529541017,15.563095871607462,18.422083473205568,2.8589876015981055,16.476948397954306
674,-1.3455722804339427,-1.4129451187151782,-1.4129451187151782,1.0010822606536578,0.0673,0.0010010056737986095,0.010894608692670206,0.128028014428773,10.845310445101756,-0.25625864664713544,-1.324018927415212,-1.324018927415212,1.0677602807680766,0.0010008750366978347,0.009507393084156017,0.11835445445030927,13.05556583404541,12.198049863179525,11.444016488393148,12.198049863179525,nan,13.152587731679281,13.152587731679281,12.82461501757304,13.877950477600098,1.0533354600270588,13.086993188858033
675,-1.3009602123836301,-1.3710414441126697,-1.3710414441126697,1.0397808281880505,0.0674,0.0010011738609909168,0.011831246659089372,0.14706939989525192,11.500786781311035,-0.1378464251756668,-1.3016704241434733,-1.3016704241434733,1.1638239989678065,0.0010011288764265676,0.013389730577667553,0.15302081337819498,13.753068351745606,12.574419848124187,11.95081017812093,12.574419848124187,nan,12.794517262776692,12.794517262776692,12.869570191701253,14.084810384114583,1.2152401924133294,12.809527848561604
676,-1.2982960826945755,-1.3695513077501982,-1.3695513077501982,1.0556328960184782,0.0675,0.0010009531265581554,0.012348547683290715,0.16046851156455166,11.672764175343064,-0.16419748862584432,-1.284668231010437,-1.284668231010437,1.1204707423845928,0.001001587900100276,0.013769867131486535,0.1511064298140506,14.478656323750814,13.312659168243409,12.403701051076252,13.312659168243409,nan,14.145038477579753,14.145038477579753,14.29610668818156,16.117808850606284,1.8217021624247245,14.175252119700115
677,-1.3337346427845505,-1.4055221395672493,-1.4055221395672493,1.0619453731572852,0.0676,0.0010009509454182578,0.012131369382775616,0.17758505099084018,11.367914874598664,-0.2064945250749588,-1.3029294947783152,-1.3029294947783152,1.0964349697033564,0.0010008064467304696,0.011552238883450628,0.14990642089396716,13.284516398111979,12.121120643615722,11.082347997029622,12.121120643615722,nan,14.75662015279134,14.75662015279134,14.493102065722148,16.71283156077067,2.2197294950485222,14.703916535377502
678,-1.2999756100042812,-1.3678847708792057,-1.3678847708792057,1.0030895415342078,0.0677,0.001001018360872173,0.013602308841105902,0.17355742481238437,11.724268364456465,-0.1629868432879448,-1.187308561305205,-1.187308561305205,1.0243217180172601,0.0010007437105135372,0.009186469321139156,0.10056542834887902,13.761959966023763,12.57592118581136,12.84251200358073,12.57592118581136,nan,14.407076327006022,14.407076327006022,14.866927274068196,16.002715746561687,1.1357884724934912,14.499046516418456
679,-1.3084171740513928,-1.383948416080115,-1.383948416080115,1.1140302324070122,0.0678,0.0010010049379659148,0.01203991347080413,0.15472175405835206,11.290000483674824,-0.12857065598169962,-1.2456579034527142,-1.2456579034527142,1.11708724796772,0.001000953329882274,0.012499948979044955,0.151608074332277,13.767832056681316,12.771721903483073,12.559039878845216,12.771721903483073,nan,14.357286071777343,14.357286071777343,14.62291185061137,15.806781895955403,1.1838700453440332,14.410411227544149
680,-1.3463726943393923,-1.4116701225064836,-1.4116701225064836,0.9616705033014405,0.0679,0.001000968695460063,0.009975151396092941,0.110173651069965,10.713339400741289,-0.16533030370871227,-1.2967437903086345,-1.2967437903086345,1.1314134865999221,0.0010015030934785803,0.014572647501093645,0.16486308978249628,13.546895599365234,12.61286449432373,12.115591684977213,12.61286449432373,nan,13.54680913289388,13.54680913289388,14.025770076115927,15.420540936787923,1.3947708606719953,13.64260132153829
681,-1.318218004028752,-1.3864628818799865,-1.3864628818799865,1.0036010359818082,0.068,0.0010013646876685463,0.012603629371678492,0.15566103722689287,11.214263277233771,-0.16283342242240906,-1.284782459338506,-1.284782459338506,1.121949036916097,0.0010011528172375014,0.011070854612626135,0.1422565151626865,13.778074709574382,12.830871963500977,11.575509961446127,12.830871963500977,nan,14.600337600708007,14.600337600708007,14.904697211583454,16.712479718526204,1.8077825069427504,14.661209522883098
682,-1.3663790473398172,-1.4344399470203328,-1.4344399470203328,0.9994258509491974,0.0681,0.0010008205492752342,0.010889205053659543,0.13721125404227455,10.763341597790989,-0.18642350137233735,-1.3031426350275674,-1.3031426350275674,1.1167191336552302,0.001000809126223127,0.010946193446094791,0.13149322203050057,13.186025937398275,12.444140434265137,11.569695218404133,12.444140434265137,nan,14.016412417093912,14.016412417093912,13.574203205108642,15.649555015563966,2.0753518104553237,13.927970574696857
683,-1.3511672717220378,-1.4191763446016132,-1.4191763446016132,0.9972004856703416,0.0682,0.0010008854914526895,0.01111677900519011,0.14461228827822883,10.717318687798842,-0.2595418393611908,-1.356636068224907,-1.356636068224907,1.0970942288637162,0.0010009459510911256,0.010403697045209508,0.1179136911407113,12.37557767232259,11.490741093953451,10.840649096171061,11.490741093953451,nan,14.6373929977417,14.6373929977417,13.803739937146503,16.855727450052896,3.0519875129063934,14.47066238562266
684,-1.3870518432473236,-1.4532385569698405,-1.4532385569698405,0.9690588397799798,0.0683,0.0010009632766563093,0.009963103165885187,0.1276987279361149,10.347437336759747,-0.2422439972559611,-1.3391267875830333,-1.3391267875830333,1.0968827903270721,0.0010010677215177566,0.01005151766197135,0.13117759115993977,12.64427604675293,11.99922326405843,10.992389742533366,11.99922326405843,nan,11.781641260782878,11.781641260782878,12.049643953641255,12.70016663869222,0.6505226850509658,11.835241799354552
685,-1.3257290124893188,-1.3932988756107834,-1.3932988756107834,0.9878635305278706,0.0684,0.0010010087203656166,0.012059655971825123,0.1570926652694086,11.444629057398382,-0.17863818009694418,-1.2737611293792725,-1.2737611293792725,1.0951229492823282,0.001001517284506311,0.014396314625628293,0.14569318536669015,14.292400614420574,12.85872573852539,12.238955942789714,12.85872573852539,nan,13.959736315409343,13.959736315409343,14.371817541122436,16.442396863301596,2.07057932217916,14.042152560551962
686,-1.28775639916366,-1.3607706472558796,-1.3607706472558796,1.0659014481418538,0.0685,0.001001166623472324,0.013240234469467739,0.1506096376281864,11.932057974473485,-0.16648296813170116,-1.2694239497184754,-1.2694239497184754,1.1029409815867741,0.0010009283083491026,0.011607301925929884,0.12400692089771231,13.58995107014974,13.120211346944172,12.565161196390788,13.120211346944172,nan,13.061117680867513,13.061117680867513,13.628914674123129,15.41199868520101,1.7830840110778805,13.174677079518636
687,-1.3296065251782256,-1.3999012956079446,-1.3999012956079446,1.0247051378466048,0.0686,0.001000922041470712,0.011217016902453494,0.12788911747201434,11.22174401553172,-0.24691285987695058,-1.2566404471794763,-1.2566404471794763,1.0097275873025258,0.00100155880015033,0.0156448549280564,0.16878723402818044,14.308943049112957,13.254908148447672,12.693570391337078,13.254908148447672,nan,18.05125420888265,18.05125420888265,17.387217696507772,20.539782015482583,3.152564318974811,17.918446906407674
688,-1.3750672565316253,-1.4434904872246508,-1.4434904872246508,0.9959713445519501,0.0687,0.0010009233198427366,0.00941843650180776,0.10288413631606777,10.266538557016625,-0.27705002824465436,-1.2732687811056773,-1.2732687811056773,0.9962187528610229,0.0010008771787397563,0.00958031676709652,0.10273955554390947,12.872753016153972,11.862802505493164,12.40142879486084,11.862802505493164,nan,17.89228916168213,17.89228916168213,17.13104519844055,20.720263671875,3.5892184734344497,17.740040369033814
689,-1.3382900660892703,-1.4058388021757018,-1.4058388021757018,0.9818130169274673,0.0688,0.001001060371427744,0.011187133212345388,0.13952563597627407,11.02332049495769,-0.3043515165646871,-1.353737054268519,-1.353737054268519,1.049385537703832,0.0010011178848799319,0.01161067169935753,0.1395820869753758,13.408650906880696,11.919901212056478,10.78250732421875,11.919901212056478,nan,12.754587237040202,12.754587237040202,12.54283758799235,14.6264773050944,2.0836397171020504,12.712237307230632
690,-1.3603814131808731,-1.4292037576999304,-1.4292037576999304,0.998872976258116,0.0689,0.0010010492438801899,0.010206220952688524,0.12977772209582464,10.715004237192982,-0.2773049344619115,-1.2975108484427134,-1.2975108484427134,1.020205913980802,0.0010008005852190156,0.011809006046193341,0.15640878894676766,13.291807428995769,12.35927791595459,12.146078618367513,12.35927791595459,nan,15.49012762705485,15.49012762705485,14.34193172454834,15.953121185302734,1.6111894607543942,15.260488446553548
691,-1.3769106999883112,-1.4448569293292064,-1.4448569293292064,0.9847279730832802,0.069,0.001000995339193153,0.010127870647131273,0.13477512276819292,10.45794106429478,-0.15006026029586791,-1.259682873884837,-1.259682873884837,1.1096226125955582,0.0010007409825144957,0.009861241079246004,0.1303249315669139,12.985674095153808,12.426055653889973,12.077970441182455,12.426055653889973,nan,15.373070462544758,15.373070462544758,15.139610958099365,17.993725204467772,2.8541142463684075,15.32637856165568
692,-1.321281985291895,-1.3934715603882413,-1.3934715603882413,1.0447117146456018,0.0691,0.0010009338147938251,0.01242263644125383,0.15991035128398887,11.459158411565816,-0.19860570927460988,-1.2590385884046555,-1.2590385884046555,1.0604328791300455,0.0010008867810635516,0.011031468422152102,0.12378859228144089,13.537497520446777,12.0833953221639,11.737713050842284,12.0833953221639,nan,15.972453180948893,15.972453180948893,15.390630944569907,18.04543946584066,2.654808521270752,15.856088733673095
693,-1.3458889677839458,-1.4122940841710792,-1.4122940841710792,0.9596114810907616,0.0692,0.0010009732180854903,0.011435496805341176,0.1465579927811083,10.735575208124125,-0.18464791774749756,-1.30498086810112,-1.30498086810112,1.1203329503536223,0.0010009515681304038,0.009087330242618919,0.09652929957956076,12.738016573588054,11.270659255981446,10.990023708343506,11.270659255981446,nan,13.676372845967611,13.676372845967611,13.1970596631368,15.835286903381348,2.6382272402445484,13.58051020940145
694,-1.4010746816419206,-1.4676153479882006,-1.4676153479882006,0.9601827095139701,0.0693,0.001000985801922825,0.009487081354237953,0.12515677757701785,10.078867822323206,-0.3053847670555115,-1.3784685631593068,-1.3784685631593068,1.0730837961037953,0.0010009984699233124,0.00891326687609156,0.1045186017950376,12.539205042521159,11.240443261464437,10.492693487803141,11.240443261464437,nan,12.256414222717286,12.256414222717286,12.188614416122437,13.946885808308918,1.7582713921864812,12.242854261398316
695,-1.3479578562502592,-1.420039955175148,-1.420039955175148,1.0386469948966548,0.0694,0.0010010282254233113,0.010846284059983379,0.14583667128715874,10.768575812285802,-0.12263683478037517,-1.250615406036377,-1.250615406036377,1.1279785712560018,0.0010011437737072507,0.014934725438555082,0.16336637989928324,14.9536465326945,13.843300755818685,13.019534715016682,13.843300755818685,nan,16.464437993367515,16.464437993367515,16.06024351119995,18.57450071970622,2.514257208506269,16.383599096934002
696,-1.3444832439692516,-1.4178012114650798,-1.4178012114650798,1.0549347434403762,0.0695,0.0010010849658118666,0.011023556506085509,0.1419042393846332,10.714435595386433,-0.20289458831151327,-1.2818536192178727,-1.2818536192178727,1.0789590309063593,0.001000837884688129,0.010386734556717177,0.13709993474185467,13.087716674804687,12.252140935262045,11.769216092427571,12.252140935262045,nan,13.225013415018717,13.225013415018717,13.085694360733031,14.67332820892334,1.5876338481903094,13.19714960416158
697,-1.2994598060284022,-1.3746058288610206,-1.3746058288610206,1.0796842901211865,0.0696,0.0010010597695824953,0.011148661840707064,0.1373005009625318,11.137440654466737,-0.19627767503261567,-1.3026972020665804,-1.3026972020665804,1.10641952753067,0.0010010665631853045,0.011207694537006319,0.1286003839535018,13.221004486083984,12.495798301696777,11.508196767171224,12.495798301696777,nan,14.371813774108887,14.371813774108887,14.611397965749104,17.111782391866047,2.500384426116943,14.41973061243693
698,-1.348618265592827,-1.415390968322754,-1.415390968322754,0.958001510152277,0.0697,0.0010011113218014252,0.010377924019505954,0.1301716011158138,10.640557972890026,-0.18272960583368938,-1.2589781035979588,-1.2589781035979588,1.0762484977642695,0.0010010118402230242,0.009641942327531676,0.10353052920351426,13.104711087544759,12.01604766845703,12.035671297709147,12.01604766845703,nan,15.182073020935059,15.182073020935059,15.275113693873086,17.545366923014324,2.270253229141238,15.200681155522666
699,-1.300185741118665,-1.3696395462414004,-1.3696395462414004,0.9950403323713338,0.0698,0.0010011373505101732,0.012849282938987017,0.16648729187699984,11.649996001765413,-0.3177434782187144,-1.3411429087320963,-1.3411429087320963,1.023399430513382,0.0010011090974633892,0.011928361522344251,0.12309845903267463,11.970603307088217,10.996608289082845,11.12501080830892,10.996608289082845,nan,15.03021697998047,15.03021697998047,14.413877121607463,17.40850060780843,2.994623486200968,14.906949008305869
700,-1.3563000672268417,-1.4255061981812962,-1.4255061981812962,0.9900734537052658,0.0699,0.0010009546904771957,0.011755454415490604,0.1513876330177739,10.878075806599742,-0.180339049299558,-1.2965566953023275,-1.2965566953023275,1.1162176460027695,0.0010010555619373918,0.011299326860656341,0.14548935883988937,13.654612731933593,12.535657819112142,11.78236509958903,12.535657819112142,nan,13.03278039296468,13.03278039296468,13.687918519973755,15.060068893432618,1.3721503734588634,13.163808018366495
701,-1.3529841742425595,-1.4240175845488063,-1.4240175845488063,1.0147629031595193,0.07,0.0010008081719103568,0.011631252182612442,0.1718480663620076,10.83936939599379,-0.27676978210608166,-1.3430300682783127,-1.3430300682783127,1.066260286172231,0.001000865368405357,0.013483572021747629,0.1814170757929484,12.786066182454427,12.104504330952961,11.464817492167155,12.104504330952961,nan,14.28946787516276,14.28946787516276,14.161173899968466,16.16184113820394,2.000667238235474,14.2638090801239
702,-1.3854905884220916,-1.4562275544652399,-1.4562275544652399,1.0090864795558858,0.0701,0.0010008969924078796,0.01002694893066051,0.1313598335913892,10.21712813287411,-0.2307447483142217,-1.3040803700685502,-1.3040803700685502,1.0733356217543284,0.001000799504496778,0.008305036346428096,0.10611515461156766,12.857634035746257,11.96468734741211,11.1001345316569,11.96468734741211,nan,13.13629805246989,13.13629805246989,13.67836740811666,15.389661661783855,1.7112942536671945,13.244711923599244
703,-1.3241206407546997,-1.3887182654074903,-1.3887182654074903,0.9201940461149756,0.0702,0.0010009992599733315,0.011770105384782239,0.14637501910328865,11.521957721350327,-0.30714302460352577,-1.3201904813448588,-1.3201904813448588,1.013047456741333,0.0010015621296285341,0.015095999247084062,0.17391155691196522,13.274197324117024,11.847779782613118,11.499485111236572,11.847779782613118,nan,15.439249547322591,15.439249547322591,16.014285135269166,18.279691569010417,2.2654064337412514,15.554256664911906
704,-1.3392668208985958,-1.4077966010795449,-1.4077966010795449,0.974819151860363,0.0703,0.0010009353172104314,0.011474898454012736,0.1453271635439036,10.787306056832367,-0.2711262732744217,-1.3292599360148112,-1.3292599360148112,1.0581336627403894,0.0010010835365392267,0.011446579755283893,0.1209562098607421,12.524405097961425,12.177503140767415,11.680584971110026,12.177503140767415,nan,14.459052658081054,14.459052658081054,14.051512734095255,15.527682240804037,1.476169506708782,14.377544673283895
705,-1.3459164837621294,-1.4130104993874173,-1.4130104993874173,0.9530399869073112,0.0704,0.0010011407660917853,0.011052835495474766,0.13548453700429988,10.9859860798098,-0.27042890787124635,-1.3048373560110729,-1.3048373560110729,1.0344084481398264,0.0010012303362600505,0.013130062523608406,0.16085083571573097,13.272059440612793,11.856551933288575,11.431531715393067,11.856551933288575,nan,14.01354325612386,14.01354325612386,13.319801902770996,14.25913028717041,0.9393283843994151,13.874794985453288
706,-1.300468844062877,-1.3720113702540129,-1.3720113702540129,1.0147874355316162,0.0705,0.0010012346122167863,0.01235644579952899,0.1580437886405666,11.186511903438928,-0.06293279627958934,-1.1690833056966463,-1.1690833056966463,1.1061505089203516,0.0010012957306268315,0.013578200029830139,0.13908550416429838,15.510465558369955,14.148924001057942,14.312383270263672,14.148924001057942,nan,19.763157590230307,19.763157590230307,19.48588873545329,22.343397649129233,2.857508913675943,19.707703819274904
707,-1.336590269826493,-1.398562953157245,-1.398562953157245,0.8777999180667805,0.0706,0.0010011514169954746,0.010869850105834458,0.11985717889554096,10.965756011459062,-0.026247909665107726,-1.1329275161027907,-1.1329275161027907,1.1066796064376831,0.001001227986610805,0.010771125151465336,0.1137375962610046,15.138448778788248,13.86518383026123,13.429893302917481,13.86518383026123,nan,16.363042004903157,16.363042004903157,16.79063131014506,19.597757657368977,2.8071263472239174,16.448559865951538
708,-1.3287845456375267,-1.394372115719993,-1.394372115719993,0.9276884614296679,0.0707,0.0010012963650537269,0.010476374629674092,0.11461400602645469,10.723418649637475,-0.19197492400805155,-1.2442534516255062,-1.2442534516255062,1.0522785266240438,0.0010015721956733615,0.01170678782897691,0.12393553480505944,14.223160362243652,12.72773946126302,12.128478558858236,12.72773946126302,nan,16.097561264038085,16.097561264038085,14.884008169174194,17.608941396077473,2.7249332269032784,15.854850645065307
709,-1.3670695007971998,-1.4332779038627192,-1.4332779038627192,0.9351470740336292,0.0708,0.001001020860506819,0.009887425554037656,0.11658518578646318,10.505400117838159,-0.22381603320439655,-1.2930314620335897,-1.2930314620335897,1.069215428829193,0.0010013414081186055,0.011473805022736391,0.12567201734830935,13.465476989746094,12.700715255737304,11.90621239344279,12.700715255737304,nan,15.040296300252278,15.040296300252278,14.950880281130473,17.167425219217936,2.2165449380874627,15.022413096427917
710,-1.3364580239889756,-1.4066757053699133,-1.4066757053699133,0.9903762959084421,0.0709,0.001001241023845549,0.011249526904649892,0.1333753801179382,11.069082017214793,-0.0793802430232366,-1.1862331529458363,-1.1862331529458363,1.1068529099225999,0.0010011281837554028,0.0124481494538486,0.14953506961464882,14.621405919392904,14.030010541280111,13.777464675903321,14.030010541280111,nan,17.707482210795085,17.707482210795085,16.395847177505495,18.942456754048667,2.5466095765431724,17.44515520413717
711,-1.3202545654098943,-1.3858410907241534,-1.3858410907241534,0.9237539436457292,0.071,0.001001163078296297,0.010982058476656675,0.12543892340277726,11.09987572903903,-0.2381926606098811,-1.33053107659022,-1.33053107659022,1.092338415980339,0.001002144196536392,0.01572372584293286,0.16457858917613824,13.6166441599528,12.2175568262736,11.466824277242024,12.2175568262736,nan,12.886444091796875,12.886444091796875,12.523626987139384,13.560290209452312,1.036663222312928,12.813880670865377
712,-1.3129366771230158,-1.376076509367745,-1.376076509367745,0.8880426934305227,0.0711,0.0010013233514432356,0.010895448306329408,0.12236408365644375,11.305812736727157,-0.23738132615884144,-1.2374432921409606,-1.2374432921409606,1.0000619659821193,0.001001859070189918,0.014926324870126942,0.15701032609989246,14.81226978302002,14.16938050587972,12.831160672505696,14.16938050587972,nan,12.295215638478597,12.295215638478597,12.705814941724142,13.904050254821778,1.1982353130976353,12.377335499127707
713,-1.3383289091991928,-1.4062830367178287,-1.4062830367178287,0.954411859782237,0.0712,0.0010012901005915032,0.011653653126350551,0.1434540608722084,11.25588343278417,-0.23854473531246184,-1.2890836169322333,-1.2890836169322333,1.0505388816197714,0.0010011065634898842,0.01140000921053191,0.14621918462216854,13.346225865681966,12.248593966166178,12.023329416910807,12.248593966166178,nan,15.458320871988933,15.458320871988933,14.972527742385864,17.464014752705893,2.4914870103200286,15.361162246068318
714,-1.332338252157535,-1.3998237420927804,-1.3998237420927804,0.9465004790504024,0.0713,0.0010012221228296184,0.011402801540240927,0.136240161586342,11.058073277743357,-0.29125879406929017,-1.2611963937679926,-1.2611963937679926,0.9699375996987025,0.0010012969374656676,0.012145285106574496,0.1386899022385478,13.45548318227132,12.637466557820638,12.74118111928304,12.637466557820638,nan,18.01014626820882,18.01014626820882,16.625075737635292,19.592299207051596,2.9672234694163038,17.733132162094115
715,-1.2884133818014614,-1.3570811557319928,-1.3570811557319928,0.9617335706386926,0.0714,0.0010012091567985855,0.012661149672601582,0.15739571710802475,11.929564242093068,-0.20800475378831226,-1.3324331333239874,-1.3324331333239874,1.124428379535675,0.0010011719268125793,0.014865119615569711,0.19254860958705347,12.88968728383382,12.157243792215983,11.110033861796062,12.157243792215983,nan,14.056382052103679,14.056382052103679,13.735772864023845,15.986738840738932,2.2509659767150865,13.992260214487713
716,-1.3533746881305047,-1.4242530183972053,-1.4242530183972053,0.9913052376711143,0.0715,0.0010009948032433694,0.010343359792077879,0.12690146028433205,10.678493265835744,-0.2047460049390793,-1.3413882027069728,-1.3413882027069728,1.1366421977678935,0.0010010123737932493,0.010187608608976006,0.1194504580150048,12.47624994913737,11.708992703755696,11.444597053527833,11.708992703755696,nan,14.537125396728516,14.537125396728516,14.45853967666626,17.535203615824383,3.076663939158122,14.521408252716064
717,-1.3163338314812139,-1.385402671571048,-1.385402671571048,0.9646485582837518,0.0716,0.0010009874998293115,0.011372022726133748,0.14674529022062724,11.230396873546097,-0.2283825824658076,-1.2845208297173183,-1.2845208297173183,1.0561382472515106,0.0010012470340977112,0.010928006935864687,0.12017224114388228,13.098318163553873,12.040758641560872,11.282032712300618,12.040758641560872,nan,14.541073417663574,14.541073417663574,15.08811060587565,16.71550070444743,1.6273900985717784,14.65048085530599
718,-1.2876303836984455,-1.3557548657903131,-1.3557548657903131,0.9501322699042986,0.0717,0.0010013392168747367,0.013574011263630862,0.17225835957335975,11.968329042758581,-0.3864625801642736,-1.3496734450260799,-1.3496734450260799,0.9632108648618062,0.0010013406029126296,0.011616139393299817,0.13361221725742023,12.920496114095052,11.88370230992635,10.954690742492676,11.88370230992635,nan,13.464810466766357,13.464810466766357,13.550373268127442,16.747044181823732,3.1966709136962894,13.481923027038574
719,-1.3569454629466218,-1.4223637074794409,-1.4223637074794409,0.9111175649570968,0.0718,0.001001210443956672,0.010278012173004308,0.1159904540498864,10.570651414259425,-0.36635426779588065,-1.31956696609656,-1.31956696609656,0.9532126983006796,0.001000973287348946,0.01074649445557346,0.12934067342430353,12.819928741455078,11.943809636433919,11.604420471191407,11.943809636433919,nan,16.05028616587321,16.05028616587321,15.81520201365153,19.403762181599934,3.588560167948403,16.003269335428875
720,-1.3539459244260248,-1.4183070547175858,-1.4183070547175858,0.8951477363424482,0.0719,0.0010011183308824053,0.011638375789911117,0.1534644103134578,10.952743467294946,-0.28494667311509453,-1.2284393906593323,-1.2284393906593323,0.9434927175442378,0.001001246131878967,0.011855118915749092,0.1444234979028503,15.169526481628418,13.901060167948405,12.830308087666829,13.901060167948405,nan,15.829671351114909,15.829671351114909,15.78873159090678,17.158889643351237,1.3701580524444577,15.821483399073283
721,-1.3293125876840555,-1.397610124552025,-1.397610124552025,0.9485770070327902,0.072,0.0010010049423589459,0.012053716470891575,0.15460821982684,11.270407181865764,-0.30766902764638265,-1.2745703607797623,-1.2745703607797623,0.9669013331333797,0.0010015907309328517,0.0113669023461019,0.12084772111847997,13.904959360758463,12.409480476379395,11.778863461812337,12.409480476379395,nan,12.958110046386718,12.958110046386718,13.13679011662801,14.679346720377604,1.5425566037495937,12.993846060434977
722,-1.3419140880962588,-1.41132183344859,-1.41132183344859,0.9626595265460465,0.0721,0.0010011408407733125,0.011749054516120901,0.15148394976584417,11.019322989121923,-0.359420844912529,-1.3557776947816214,-1.3557776947816214,0.9963568498690923,0.0010010829389405747,0.010629852457592884,0.132619739168634,13.03305238087972,11.717679659525553,11.162405967712402,11.717679659525553,nan,13.555656782786052,13.555656782786052,13.616338340441386,16.225362650553386,2.609024310112,13.567793094317118
723,-1.311760275993707,-1.3857750296592712,-1.3857750296592712,1.0251351752371158,0.0722,0.001001077078124684,0.011562223308983276,0.15154262895713438,11.2026265162342,-0.10546888808409373,-1.260358519355456,-1.260358519355456,1.1548896312713623,0.0010013433289714157,0.013053425292794903,0.14597569797188042,13.636373074849446,12.768232663472494,13.070188776652019,12.768232663472494,nan,14.058113479614258,14.058113479614258,13.570385169982911,14.918786303202312,1.3484011332194008,13.960567817687988
724,-1.3733772714183015,-1.441165417995093,-1.441165417995093,0.9375953955470391,0.0723,0.00100107888366043,0.009902418845877895,0.1151863174899569,10.276918024387,-0.11674197713534037,-1.0885201732317606,-1.0885201732317606,0.9717781960964202,0.0010010218422394246,0.010524587488422792,0.119536074064672,15.329394086201985,14.392861493428548,14.28039124806722,14.392861493428548,nan,18.9212766011556,18.9212766011556,17.63627616564433,20.941181437174478,3.3049052715301492,18.664276514053345
725,-1.327091932296753,-1.3958325138631857,-1.3958325138631857,0.9494554929013522,0.0724,0.0010011949717014465,0.011579341026690771,0.14707996847354016,11.197411375225714,-0.17204547822475433,-1.2110400557518006,-1.2110400557518006,1.0389945775270462,0.0010010933561716228,0.010727308061905205,0.13018236228575308,14.522224617004394,13.418874613444011,13.450075721740722,13.418874613444011,nan,17.461479886372885,17.461479886372885,16.764467000961304,19.350923093159995,2.5864560921986914,17.32207730929057
726,-1.3635459553520635,-1.429589033126831,-1.429589033126831,0.9109390175567483,0.0725,0.0010010476140656843,0.009814570315252498,0.10916446458618596,10.582672901873318,-0.019552848736445107,-1.2253052651882173,-1.2253052651882173,1.2057524164517721,0.001001415611244738,0.010699106147512794,0.12101179212331772,13.425382041931153,12.603906758626302,13.42717628479004,12.603906758626302,nan,16.969621721903483,16.969621721903483,16.777247603734335,19.798686091105143,3.0214384873708084,16.931146898269652
727,-1.3641368589311276,-1.4319653038708668,-1.4319653038708668,0.9342761320887871,0.0726,0.001001216137324864,0.010168169370307675,0.11223592907893208,10.473713011111853,-0.18224574526151022,-1.1793004026015599,-1.1793004026015599,0.9970546573400497,0.0010011070078083625,0.009017075411975384,0.09583142182479303,12.918207232157389,12.897156461079915,13.185093434651693,12.897156461079915,nan,14.283549626668295,14.283549626668295,14.455371109644574,15.238851483662923,0.7834803740183496,14.31791392326355
728,-1.36369829357795,-1.4273653750149708,-1.4273653750149708,0.8757507542394242,0.0727,0.0010013434737217875,0.010307349036184122,0.12433878733020909,10.741786183051342,-0.25467996795972186,-1.2793648342291515,-1.2793648342291515,1.0246848662694295,0.0010019753225302944,0.012415526046728095,0.1415769724175334,14.087951215108236,12.879725329081218,12.631663513183593,12.879725329081218,nan,14.832992108662923,14.832992108662923,14.20659713745117,16.407776260375975,2.2011791229248043,14.707713114420573
729,-1.3539995382416923,-1.420434463698909,-1.420434463698909,0.9125676076367216,0.0728,0.0010013187211885485,0.010578213365010495,0.131448442151524,10.752388423343874,-0.20413246055444081,-1.277298198143641,-1.277298198143641,1.0731657375892003,0.0010014660132583232,0.014145247762401898,0.1701401696850856,15.22866948445638,13.286732927958171,12.216419410705566,13.286732927958171,nan,14.250261243184408,14.250261243184408,14.518621492385865,16.102859878540038,1.5842383861541727,14.303933293024699
730,-1.3688671543913067,-1.4350700963218257,-1.4350700963218257,0.908133660847286,0.0729,0.00100105160952739,0.011171325452555463,0.14219088146006162,10.554537782129252,-0.143142835299174,-1.1378219981988271,-1.1378219981988271,0.9946791628996531,0.0010008729858479151,0.008893316060615082,0.09635513958831628,15.217197227478028,13.48993059794108,12.958461316426595,13.48993059794108,nan,13.341161251068115,13.341161251068115,13.119594605763755,14.201846440633139,1.0822518348693837,13.296847922007244
731,-1.3379533009709053,-1.403468128645195,-1.403468128645195,0.8974633385550301,0.073,0.001001067336578414,0.010443077238171169,0.12820399911055025,10.684128140503505,-0.19381700456142426,-1.2458516200383505,-1.2458516200383505,1.0520346154769262,0.0010009331357044478,0.009235259184303382,0.09914591576283177,12.908646074930827,12.428617636362711,12.421882883707683,12.428617636362711,nan,14.739275169372558,14.739275169372558,14.042325115203859,15.790059471130371,1.7477343559265126,14.599885158538818
732,-1.36993053161873,-1.4415243954028722,-1.4415243954028722,0.9793961149341656,0.0731,0.0010011357272852143,0.01056776392572331,0.13230815368159762,10.730046578173367,-0.3305785665909449,-1.366643669207891,-1.366643669207891,1.0360651026169458,0.0010011136163181314,0.010102493486677607,0.12963111257801455,12.82021484375,11.95200055440267,10.4194855372111,11.95200055440267,nan,11.346590042114258,11.346590042114258,11.348218647638957,12.392694727579753,1.0444760799407966,11.346915763219197
733,-1.3108922591749228,-1.3806580777438182,-1.3806580777438182,0.95308492656024,0.0732,0.0010012844094198267,0.011908731010373472,0.13814616364971646,11.360523889649588,-0.16359130144119263,-1.1998758494853974,-1.1998758494853974,1.0362845480442047,0.0010010774907035132,0.010791606021424134,0.13168384209275247,14.379982821146648,12.736485608418782,12.152783902486165,12.736485608418782,nan,15.438091913859049,15.438091913859049,15.397891489664714,18.011520703633625,2.6136292139689115,15.430051829020181
734,-1.3173293808721147,-1.383648765536974,-1.383648765536974,0.9047664752546346,0.0733,0.001001254233689803,0.010603923060632538,0.11918894458070116,11.10779166671465,-0.31269004940986633,-1.3135054647922515,-1.3135054647922515,1.0008154153823852,0.001001374462308983,0.011882746894843876,0.13649789706493418,13.731531206766764,12.53047129313151,11.275328254699707,12.53047129313151,nan,12.284528477986653,12.284528477986653,12.707724316914877,14.26255105336507,1.5548267364501935,12.369167645772297
735,-1.3392987048850868,-1.4071606172705597,-1.4071606172705597,0.924549143269377,0.0734,0.001001035219128683,0.011470286553409302,0.14607213103686864,11.262013039498958,-0.42284530301888784,-1.337260369459788,-1.337260369459788,0.9144150669376055,0.001001198603383576,0.010385353188030421,0.11189250362416109,12.232752418518066,11.093594678243,11.022527885437011,11.093594678243,nan,15.2793670018514,15.2793670018514,15.075506591796875,16.74484666188558,1.6693400700887029,15.238594919840494
736,-1.3737725446809013,-1.440062037054098,-1.440062037054098,0.9018979736094205,0.0735,0.0010009710742863564,0.010073404847029245,0.13279067464875724,10.634636249182359,-0.3135621756315231,-1.3078266044457754,-1.3078266044457754,0.9942644288142523,0.0010014441698634375,0.013324403033281366,0.1689137295509378,13.597694079081217,12.477127774556477,11.982610575358073,12.477127774556477,nan,16.738445854187013,16.738445854187013,15.712947543462118,19.330793444315592,3.6178459008534745,16.533346192042035
